poll_id,question_id,race_id,cycle,location,type_simple,race,pollster,pollster_rating_id,aapor_roper,inactive,methodology,transparency_score,partisan,polldate,electiondate,time_to_election,samplesize,cand1_name,cand1_id,cand1_party,cand1_pct,cand1_actual,cand2_name,cand2_id,cand2_party,cand2_pct,cand2_actual,margin_poll,margin_actual,days_to_election,margin_error,absolute_margin_error,winner_correct
27174,24357,37,2012,US,Pres-G,2012_Pres-G_US,Ipsos,154,True,False,,6.0,,2012-09-09,2012-11-06,58,873.0,Barack Obama,16,DEM,48.0,50.90918536886269,Mitt Romney,9,REP,45.0,46.97447054330086,3.0,3.9347148255618336,58,-0.9347148255618336,0.9347148255618336,True
19108,24428,37,2012,US,Pres-G,2012_Pres-G_US,Ipsos,154,True,False,Online Panel,4.0,,2012-09-11,2012-11-06,56,990.0,Barack Obama,16,DEM,48.0,50.90918536886269,Mitt Romney,9,REP,41.0,46.97447054330086,7.0,3.9347148255618336,56,3.0652851744381664,3.0652851744381664,True
29391,34907,37,2012,US,Pres-G,2012_Pres-G_US,YouGov,391,False,False,Online Panel,7.0,,2012-09-16,2012-11-06,51,943.0,Barack Obama,16,DEM,49.0,50.90918536886269,Mitt Romney,9,REP,44.0,46.97447054330086,5.0,3.9347148255618336,51,1.0652851744381664,1.0652851744381664,True
29517,35131,37,2012,US,Pres-G,2012_Pres-G_US,Ipsos,154,True,False,Online Panel,5.0,,2012-09-19,2012-11-06,48,1616.0,Barack Obama,16,DEM,48.0,50.90918536886269,Mitt Romney,9,REP,42.0,46.97447054330086,6.0,3.9347148255618336,48,2.0652851744381664,2.0652851744381664,True
29598,35689,37,2012,US,Pres-G,2012_Pres-G_US,YouGov,391,False,False,Online Panel,8.0,,2012-09-23,2012-11-06,44,896.0,Barack Obama,16,DEM,48.0,50.90918536886269,Mitt Romney,9,REP,43.0,46.97447054330086,5.0,3.9347148255618336,44,1.0652851744381664,1.0652851744381664,True
29646,35332,37,2012,US,Pres-G,2012_Pres-G_US,Ipsos,154,True,False,Online Panel,5.0,,2012-09-26,2012-11-06,41,855.0,Barack Obama,16,DEM,47.0,50.90918536886269,Mitt Romney,9,REP,42.0,46.97447054330086,5.0,3.9347148255618336,41,1.0652851744381664,1.0652851744381664,True
29765,35509,37,2012,US,Pres-G,2012_Pres-G_US,YouGov,391,False,False,Online Panel,8.0,,2012-09-30,2012-11-06,37,785.0,Barack Obama,16,DEM,49.0,50.90918536886269,Mitt Romney,9,REP,44.0,46.97447054330086,5.0,3.9347148255618336,37,1.0652851744381664,1.0652851744381664,True
29780,35530,37,2012,US,Pres-G,2012_Pres-G_US,Ipsos,154,True,False,Online Panel,5.0,,2012-10-03,2012-11-06,34,1434.0,Barack Obama,16,DEM,46.0,50.90918536886269,Mitt Romney,9,REP,44.0,46.97447054330086,2.0,3.9347148255618336,34,-1.9347148255618336,1.9347148255618336,True
29781,35532,37,2012,US,Pres-G,2012_Pres-G_US,Ipsos,154,True,False,Online Panel,5.0,,2012-10-03,2012-11-06,34,1728.0,Barack Obama,16,DEM,45.0,50.90918536886269,Mitt Romney,9,REP,41.0,46.97447054330086,4.0,3.9347148255618336,34,0.0652851744381664,0.0652851744381664,True
29891,35683,37,2012,US,Pres-G,2012_Pres-G_US,YouGov,391,False,False,Online Panel,6.0,,2012-10-07,2012-11-06,30,763.0,Barack Obama,16,DEM,49.0,50.90918536886269,Mitt Romney,9,REP,46.0,46.97447054330086,3.0,3.9347148255618336,30,-0.9347148255618336,0.9347148255618336,True
29875,35665,37,2012,US,Pres-G,2012_Pres-G_US,Ipsos,154,True,False,Online Panel,6.0,,2012-10-08,2012-11-06,29,1027.0,Barack Obama,16,DEM,44.0,50.90918536886269,Mitt Romney,9,REP,45.0,46.97447054330086,-1.0,3.9347148255618336,29,-4.934714825561834,4.934714825561834,False
30010,35882,37,2012,US,Pres-G,2012_Pres-G_US,Ipsos,154,True,False,Online Panel,5.0,,2012-10-13,2012-11-06,24,1864.0,Barack Obama,16,DEM,47.0,50.90918536886269,Mitt Romney,9,REP,45.0,46.97447054330086,2.0,3.9347148255618336,24,-1.9347148255618336,1.9347148255618336,True
30011,35883,37,2012,US,Pres-G,2012_Pres-G_US,Ipsos,154,True,False,Online Panel,5.0,,2012-10-13,2012-11-06,24,2106.0,Barack Obama,16,DEM,46.0,50.90918536886269,Mitt Romney,9,REP,42.0,46.97447054330086,4.0,3.9347148255618336,24,0.0652851744381664,0.0652851744381664,True
30080,36003,37,2012,US,Pres-G,2012_Pres-G_US,YouGov,391,False,False,Online Panel,8.0,,2012-10-14,2012-11-06,23,826.0,Barack Obama,16,DEM,47.0,50.90918536886269,Mitt Romney,9,REP,46.0,46.97447054330086,1.0,3.9347148255618336,23,-2.9347148255618336,2.9347148255618336,True
30168,36128,37,2012,US,Pres-G,2012_Pres-G_US,Ipsos,154,True,False,Online Panel,6.0,,2012-10-18,2012-11-06,19,1368.0,Barack Obama,16,DEM,46.0,50.90918536886269,Mitt Romney,9,REP,45.0,46.97447054330086,1.0,3.9347148255618336,19,-2.9347148255618336,2.9347148255618336,True
30242,36245,37,2012,US,Pres-G,2012_Pres-G_US,YouGov,391,False,False,Online Panel,8.0,,2012-10-21,2012-11-06,16,803.0,Barack Obama,16,DEM,48.0,50.90918536886269,Mitt Romney,9,REP,46.0,46.97447054330086,2.0,3.9347148255618336,16,-1.9347148255618336,1.9347148255618336,True
30339,36378,37,2012,US,Pres-G,2012_Pres-G_US,Ipsos,154,True,False,Online Panel,5.0,,2012-10-24,2012-11-06,13,1237.0,Barack Obama,16,DEM,47.0,50.90918536886269,Mitt Romney,9,REP,46.0,46.97447054330086,1.0,3.9347148255618336,13,-2.9347148255618336,2.9347148255618336,True
30340,36379,37,2012,US,Pres-G,2012_Pres-G_US,Ipsos,154,True,False,Online Panel,5.0,,2012-10-24,2012-11-06,13,1610.0,Barack Obama,16,DEM,46.0,50.90918536886269,Mitt Romney,9,REP,42.0,46.97447054330086,4.0,3.9347148255618336,13,0.0652851744381664,0.0652851744381664,True
30471,36588,37,2012,US,Pres-G,2012_Pres-G_US,YouGov,391,False,False,Online Panel,8.0,,2012-10-28,2012-11-06,9,688.0,Barack Obama,16,DEM,48.0,50.90918536886269,Mitt Romney,9,REP,47.0,46.97447054330086,1.0,3.9347148255618336,9,-2.9347148255618336,2.9347148255618336,True
30502,36635,37,2012,US,Pres-G,2012_Pres-G_US,Ipsos,154,True,False,Online Panel,7.0,,2012-10-29,2012-11-06,8,4085.0,Barack Obama,16,DEM,47.0,50.90918536886269,Mitt Romney,9,REP,46.0,46.97447054330086,1.0,3.9347148255618336,8,-2.9347148255618336,2.9347148255618336,True
30725,37027,37,2012,US,Pres-G,2012_Pres-G_US,YouGov,391,False,False,Online Panel,9.0,,2012-11-02,2012-11-06,4,36472.0,Barack Obama,16,DEM,48.5,50.90918536886269,Mitt Romney,9,REP,46.5,46.97447054330086,2.0,3.9347148255618336,4,-1.9347148255618336,1.9347148255618336,True
30770,37112,37,2012,US,Pres-G,2012_Pres-G_US,Ipsos,154,True,False,Online Panel,5.0,,2012-11-03,2012-11-06,3,4725.0,Barack Obama,16,DEM,48.0,50.90918536886269,Mitt Romney,9,REP,46.0,46.97447054330086,2.0,3.9347148255618336,3,-1.9347148255618336,1.9347148255618336,True
42239,159407,37,2012,US,Pres-G,2012_Pres-G_US,YouGov,391,False,False,Online Panel,8.0,,2012-11-04,2012-11-06,2,740.0,Barack Obama,16,DEM,49.0,50.90918536886269,Mitt Romney,9,REP,47.0,46.97447054330086,2.0,3.9347148255618336,2,-1.9347148255618336,1.9347148255618336,True
45725,71403,94,2016,US,Pres-G,2016_Pres-G_US,Ipsos,154,True,False,Online Panel,4.0,,2016-09-10,2016-11-08,59,1125.0,Hillary Rodham Clinton,9207,DEM,39.3,47.99672181721133,Donald Trump,9849,REP,38.8,45.81540269576777,0.5,2.1813191214435577,59,-1.6813191214435577,1.6813191214435577,True
45740,71423,94,2016,US,Pres-G,2016_Pres-G_US,YouGov,391,False,False,Online Panel,8.0,,2016-09-12,2016-11-08,57,1087.0,Hillary Rodham Clinton,9207,DEM,42.0,47.99672181721133,Donald Trump,9849,REP,40.0,45.81540269576777,2.0,2.1813191214435577,57,-0.18131912144355766,0.18131912144355766,True
45904,71729,94,2016,US,Pres-G,2016_Pres-G_US,Ipsos,154,True,False,Online Panel,4.0,,2016-09-15,2016-11-08,54,1137.0,Hillary Rodham Clinton,9207,DEM,40.4,47.99672181721133,Donald Trump,9849,REP,38.4,45.81540269576777,2.0,2.1813191214435577,54,-0.18131912144355766,0.18131912144355766,True
45910,71740,94,2016,US,Pres-G,2016_Pres-G_US,YouGov,391,False,False,Online Panel,8.0,,2016-09-18,2016-11-08,51,1065.0,Hillary Rodham Clinton,9207,DEM,40.0,47.99672181721133,Donald Trump,9849,REP,38.0,45.81540269576777,2.0,2.1813191214435577,51,-0.18131912144355766,0.18131912144355766,True
46006,71909,94,2016,US,Pres-G,2016_Pres-G_US,Marist,183,True,False,Live Phone,9.0,,2016-09-17,2016-11-08,52,758.0,Hillary Rodham Clinton,9207,DEM,45.0,47.99672181721133,Donald Trump,9849,REP,39.0,45.81540269576777,6.0,2.1813191214435577,52,3.8186808785564423,3.8186808785564423,True
46007,71942,94,2016,US,Pres-G,2016_Pres-G_US,Ipsos,154,True,False,Online Panel,4.0,,2016-09-20,2016-11-08,49,1098.0,Hillary Rodham Clinton,9207,DEM,41.0,47.99672181721133,Donald Trump,9849,REP,35.9,45.81540269576777,5.100000000000001,2.1813191214435577,49,2.9186808785564438,2.9186808785564438,True
46448,71991,94,2016,US,Pres-G,2016_Pres-G_US,YouGov,391,False,False,Online Panel,8.0,,2016-09-23,2016-11-08,46,1115.0,Hillary Rodham Clinton,9207,DEM,44.0,47.99672181721133,Donald Trump,9849,REP,41.0,45.81540269576777,3.0,2.1813191214435577,46,0.8186808785564423,0.8186808785564423,True
46308,72408,94,2016,US,Pres-G,2016_Pres-G_US,Ipsos,154,True,False,Online Panel,4.0,,2016-09-25,2016-11-08,44,1888.0,Hillary Rodham Clinton,9207,DEM,40.9,47.99672181721133,Donald Trump,9849,REP,37.9,45.81540269576777,3.0,2.1813191214435577,44,0.8186808785564423,0.8186808785564423,True
46453,72639,94,2016,US,Pres-G,2016_Pres-G_US,Ipsos,154,True,False,Online Panel,4.0,,2016-09-30,2016-11-08,39,1433.0,Hillary Rodham Clinton,9207,DEM,42.5,47.99672181721133,Donald Trump,9849,REP,36.7,45.81540269576777,5.799999999999997,2.1813191214435577,39,3.6186808785564395,3.6186808785564395,True
46438,72575,94,2016,US,Pres-G,2016_Pres-G_US,YouGov,391,False,False,Online Panel,8.0,,2016-10-02,2016-11-08,37,911.0,Hillary Rodham Clinton,9207,DEM,43.0,47.99672181721133,Donald Trump,9849,REP,40.0,45.81540269576777,3.0,2.1813191214435577,37,0.8186808785564423,0.8186808785564423,True
46750,73080,94,2016,US,Pres-G,2016_Pres-G_US,Ipsos,154,True,False,Online Panel,4.0,,2016-10-05,2016-11-08,34,1103.0,Hillary Rodham Clinton,9207,DEM,43.2,47.99672181721133,Donald Trump,9849,REP,37.3,45.81540269576777,5.900000000000006,2.1813191214435577,34,3.718680878556448,3.718680878556448,True
46572,72856,94,2016,US,Pres-G,2016_Pres-G_US,YouGov,391,False,False,Online Panel,8.0,,2016-10-07,2016-11-08,32,971.0,Hillary Rodham Clinton,9207,DEM,44.0,47.99672181721133,Donald Trump,9849,REP,38.0,45.81540269576777,6.0,2.1813191214435577,32,3.8186808785564423,3.8186808785564423,True
46808,73245,94,2016,US,Pres-G,2016_Pres-G_US,Ipsos,154,True,False,Online Panel,4.0,,2016-10-10,2016-11-08,29,2415.0,Hillary Rodham Clinton,9207,DEM,43.9,47.99672181721133,Donald Trump,9849,REP,37.7,45.81540269576777,6.199999999999996,2.1813191214435577,29,4.018680878556438,4.018680878556438,True
47049,73617,94,2016,US,Pres-G,2016_Pres-G_US,Ipsos,154,True,False,Online Panel,4.0,,2016-10-15,2016-11-08,24,1187.0,Hillary Rodham Clinton,9207,DEM,42.5,47.99672181721133,Donald Trump,9849,REP,37.6,45.81540269576777,4.899999999999999,2.1813191214435577,24,2.718680878556441,2.718680878556441,True
47077,73667,94,2016,US,Pres-G,2016_Pres-G_US,YouGov,391,False,False,Online Panel,8.0,,2016-10-17,2016-11-08,22,1032.0,Hillary Rodham Clinton,9207,DEM,42.0,47.99672181721133,Donald Trump,9849,REP,38.0,45.81540269576777,4.0,2.1813191214435577,22,1.8186808785564423,1.8186808785564423,True
47349,74135,94,2016,US,Pres-G,2016_Pres-G_US,Ipsos,154,True,False,Online Panel,4.0,,2016-10-20,2016-11-08,19,1153.0,Hillary Rodham Clinton,9207,DEM,44.1,47.99672181721133,Donald Trump,9849,REP,35.6,45.81540269576777,8.5,2.1813191214435577,19,6.318680878556442,6.318680878556442,True
47608,74499,94,2016,US,Pres-G,2016_Pres-G_US,YouGov,391,False,False,Online Panel,8.0,,2016-10-24,2016-11-08,15,1209.0,Hillary Rodham Clinton,9207,DEM,46.0,47.99672181721133,Donald Trump,9849,REP,41.0,45.81540269576777,5.0,2.1813191214435577,15,2.8186808785564423,2.8186808785564423,True
47643,74599,94,2016,US,Pres-G,2016_Pres-G_US,Ipsos,154,True,False,Online Panel,4.0,,2016-10-25,2016-11-08,14,1158.0,Hillary Rodham Clinton,9207,DEM,41.7,47.99672181721133,Donald Trump,9849,REP,36.4,45.81540269576777,5.300000000000004,2.1813191214435577,14,3.1186808785564466,3.1186808785564466,True
48114,75376,94,2016,US,Pres-G,2016_Pres-G_US,Ipsos,154,True,False,Online Panel,4.0,,2016-10-30,2016-11-08,9,1772.0,Hillary Rodham Clinton,9207,DEM,44.7,47.99672181721133,Donald Trump,9849,REP,37.4,45.81540269576777,7.300000000000004,2.1813191214435577,9,5.118680878556447,5.118680878556447,True
48082,75219,94,2016,US,Pres-G,2016_Pres-G_US,YouGov,391,False,False,Online Panel,8.0,,2016-10-31,2016-11-08,8,1233.0,Hillary Rodham Clinton,9207,DEM,46.0,47.99672181721133,Donald Trump,9849,REP,43.0,45.81540269576777,3.0,2.1813191214435577,8,0.8186808785564423,0.8186808785564423,True
48362,75818,94,2016,US,Pres-G,2016_Pres-G_US,Marist,183,True,False,Live Phone,9.0,,2016-11-02,2016-11-08,6,940.0,Hillary Rodham Clinton,9207,DEM,44.0,47.99672181721133,Donald Trump,9849,REP,43.0,45.81540269576777,1.0,2.1813191214435577,6,-1.1813191214435577,1.1813191214435577,True
48922,76636,94,2016,US,Pres-G,2016_Pres-G_US,Ipsos,154,True,False,Online Panel,4.0,,2016-11-04,2016-11-08,4,2195.0,Hillary Rodham Clinton,9207,DEM,42.0,47.99672181721133,Donald Trump,9849,REP,39.0,45.81540269576777,3.0,2.1813191214435577,4,0.8186808785564423,0.8186808785564423,True
48718,76299,94,2016,US,Pres-G,2016_Pres-G_US,YouGov,391,False,False,Online Panel,10.0,,2016-10-20,2016-11-08,19,84292.0,Hillary Rodham Clinton,9207,DEM,42.9,47.99672181721133,Donald Trump,9849,REP,39.0,45.81540269576777,3.899999999999999,2.1813191214435577,19,1.7186808785564414,1.7186808785564414,True
48687,76262,94,2016,US,Pres-G,2016_Pres-G_US,YouGov,391,False,False,Online Panel,8.0,,2016-11-06,2016-11-08,2,3677.0,Hillary Rodham Clinton,9207,DEM,45.0,47.99672181721133,Donald Trump,9849,REP,41.0,45.81540269576777,4.0,2.1813191214435577,2,1.8186808785564423,1.8186808785564423,True
48720,76301,602,2016,AK,Pres-G,2016_Pres-G_AK,YouGov,391,False,False,Online Panel,10.0,,2016-10-20,2016-11-08,19,201.0,Hillary Rodham Clinton,9207,DEM,37.4,36.55087129011199,Donald Trump,9849,REP,37.7,51.281512077537286,-0.3000000000000042,-14.7306407874253,19,14.430640787425295,14.430640787425295,True
46337,72465,603,2016,AL,Pres-G,2016_Pres-G_AL,Ipsos,154,True,False,Online Panel,4.0,,2016-09-22,2016-11-08,47,312.0,Hillary Rodham Clinton,9207,DEM,37.02,34.35794575797364,Donald Trump,9849,REP,55.52,62.08309236440906,-18.5,-27.725146606435423,47,9.225146606435423,9.225146606435423,True
47185,73862,603,2016,AL,Pres-G,2016_Pres-G_AL,Ipsos,154,True,False,Online Panel,4.0,,2016-10-10,2016-11-08,29,482.0,Hillary Rodham Clinton,9207,DEM,38.4,34.35794575797364,Donald Trump,9849,REP,52.39,62.08309236440906,-13.990000000000002,-27.725146606435423,29,13.735146606435421,13.735146606435421,True
48688,76268,603,2016,AL,Pres-G,2016_Pres-G_AL,Ipsos,154,True,False,Online Panel,4.0,,2016-10-30,2016-11-08,9,328.0,Hillary Rodham Clinton,9207,DEM,38.06,34.35794575797364,Donald Trump,9849,REP,54.15,62.08309236440906,-16.089999999999996,-27.725146606435423,9,11.635146606435427,11.635146606435427,True
48719,76300,603,2016,AL,Pres-G,2016_Pres-G_AL,YouGov,391,False,False,Online Panel,10.0,,2016-10-20,2016-11-08,19,1388.0,Hillary Rodham Clinton,9207,DEM,31.6,34.35794575797364,Donald Trump,9849,REP,52.6,62.08309236440906,-21.0,-27.725146606435423,19,6.725146606435423,6.725146606435423,True
46058,72050,604,2016,AR,Pres-G,2016_Pres-G_AR,Ipsos,154,True,False,Online Panel,4.0,,2016-09-12,2016-11-08,57,280.0,Hillary Rodham Clinton,9207,DEM,41.08,33.65312412936093,Donald Trump,9849,REP,49.15,60.57410216382829,-8.07,-26.92097803446736,57,18.85097803446736,18.85097803446736,True
46819,73265,604,2016,AR,Pres-G,2016_Pres-G_AR,Ipsos,154,True,False,Online Panel,4.0,,2016-10-03,2016-11-08,36,314.0,Hillary Rodham Clinton,9207,DEM,35.6,33.65312412936093,Donald Trump,9849,REP,52.44,60.57410216382829,-16.839999999999996,-26.92097803446736,36,10.080978034467364,10.080978034467364,True
48779,76364,604,2016,AR,Pres-G,2016_Pres-G_AR,Ipsos,154,True,False,Online Panel,4.0,,2016-10-27,2016-11-08,12,331.0,Hillary Rodham Clinton,9207,DEM,38.14,33.65312412936093,Donald Trump,9849,REP,53.35,60.57410216382829,-15.21,-26.92097803446736,12,11.71097803446736,11.71097803446736,True
48722,76303,604,2016,AR,Pres-G,2016_Pres-G_AR,YouGov,391,False,False,Online Panel,10.0,,2016-10-20,2016-11-08,19,736.0,Hillary Rodham Clinton,9207,DEM,30.5,33.65312412936093,Donald Trump,9849,REP,48.0,60.57410216382829,-17.5,-26.92097803446736,19,9.42097803446736,9.42097803446736,True
46057,72049,605,2016,AZ,Pres-G,2016_Pres-G_AZ,Ipsos,154,True,False,Online Panel,4.0,,2016-09-15,2016-11-08,54,428.0,Hillary Rodham Clinton,9207,DEM,41.65,45.12491703028259,Donald Trump,9849,REP,47.86,48.67042485158719,-6.210000000000001,-3.545507821304604,54,-2.664492178695397,2.664492178695397,True
46634,72928,605,2016,AZ,Pres-G,2016_Pres-G_AZ,Ipsos,154,True,False,Online Panel,4.0,,2016-09-29,2016-11-08,40,617.0,Hillary Rodham Clinton,9207,DEM,42.22,45.12491703028259,Donald Trump,9849,REP,49.06,48.67042485158719,-6.840000000000003,-3.545507821304604,40,-3.2944921786953993,3.2944921786953993,True
46818,73264,605,2016,AZ,Pres-G,2016_Pres-G_AZ,Ipsos,154,True,False,Online Panel,4.0,,2016-10-10,2016-11-08,29,883.0,Hillary Rodham Clinton,9207,DEM,38.92,45.12491703028259,Donald Trump,9849,REP,44.56,48.67042485158719,-5.640000000000001,-3.545507821304604,29,-2.0944921786953965,2.0944921786953965,True
47186,73863,605,2016,AZ,Pres-G,2016_Pres-G_AZ,Ipsos,154,True,False,Online Panel,4.0,,2016-10-17,2016-11-08,22,300.0,Hillary Rodham Clinton,9207,DEM,42.59,45.12491703028259,Donald Trump,9849,REP,44.59,48.67042485158719,-2.0,-3.545507821304604,22,1.545507821304604,1.545507821304604,True
47778,74788,605,2016,AZ,Pres-G,2016_Pres-G_AZ,YouGov,391,False,False,Live Phone/Online Panel,9.0,,2016-10-27,2016-11-08,12,994.0,Hillary Rodham Clinton,9207,DEM,42.0,45.12491703028259,Donald Trump,9849,REP,44.0,48.67042485158719,-2.0,-3.545507821304604,12,1.545507821304604,1.545507821304604,True
48211,75509,605,2016,AZ,Pres-G,2016_Pres-G_AZ,Marist,183,True,False,Live Phone,9.0,,2016-10-31,2016-11-08,8,719.0,Hillary Rodham Clinton,9207,DEM,40.0,45.12491703028259,Donald Trump,9849,REP,45.0,48.67042485158719,-5.0,-3.545507821304604,8,-1.454492178695396,1.454492178695396,True
48778,76363,605,2016,AZ,Pres-G,2016_Pres-G_AZ,Ipsos,154,True,False,Online Panel,4.0,,2016-10-30,2016-11-08,9,593.0,Hillary Rodham Clinton,9207,DEM,42.38,45.12491703028259,Donald Trump,9849,REP,47.1,48.67042485158719,-4.719999999999999,-3.545507821304604,9,-1.1744921786953948,1.1744921786953948,True
48721,76302,605,2016,AZ,Pres-G,2016_Pres-G_AZ,YouGov,391,False,False,Online Panel,10.0,,2016-10-20,2016-11-08,19,1567.0,Hillary Rodham Clinton,9207,DEM,37.8,45.12491703028259,Donald Trump,9849,REP,46.3,48.67042485158719,-8.5,-3.545507821304604,19,-4.954492178695396,4.954492178695396,True
45893,71692,606,2016,CA,Pres-G,2016_Pres-G_CA,YouGov,391,False,False,Online Panel,6.0,,2016-09-10,2016-11-08,59,1426.0,Hillary Rodham Clinton,9207,DEM,50.0,61.72638863699762,Donald Trump,9849,REP,33.0,31.61711467898836,17.0,30.109273958009258,59,-13.109273958009258,13.109273958009258,True
45835,71599,606,2016,CA,Pres-G,2016_Pres-G_CA,Ipsos,154,True,False,Online Panel,4.0,,2016-09-12,2016-11-08,57,577.0,Hillary Rodham Clinton,9207,DEM,62.5,61.72638863699762,Donald Trump,9849,REP,24.22,31.61711467898836,38.28,30.109273958009258,57,8.170726041990743,8.170726041990743,True
46059,72051,606,2016,CA,Pres-G,2016_Pres-G_CA,Ipsos,154,True,False,Online Panel,4.0,,2016-09-19,2016-11-08,50,705.0,Hillary Rodham Clinton,9207,DEM,60.01,61.72638863699762,Donald Trump,9849,REP,28.38,31.61711467898836,31.63,30.109273958009258,50,1.5207260419907414,1.5207260419907414,True
46340,72468,606,2016,CA,Pres-G,2016_Pres-G_CA,Ipsos,154,True,False,Online Panel,4.0,,2016-09-26,2016-11-08,43,787.0,Hillary Rodham Clinton,9207,DEM,63.67,61.72638863699762,Donald Trump,9849,REP,23.74,31.61711467898836,39.93000000000001,30.109273958009258,43,9.82072604199075,9.82072604199075,True
46636,72930,606,2016,CA,Pres-G,2016_Pres-G_CA,Ipsos,154,True,False,Online Panel,4.0,,2016-10-03,2016-11-08,36,974.0,Hillary Rodham Clinton,9207,DEM,61.26,61.72638863699762,Donald Trump,9849,REP,27.86,31.61711467898836,33.4,30.109273958009258,36,3.290726041990741,3.290726041990741,True
46820,73266,606,2016,CA,Pres-G,2016_Pres-G_CA,Ipsos,154,True,False,Online Panel,4.0,,2016-10-10,2016-11-08,29,553.0,Hillary Rodham Clinton,9207,DEM,65.89,61.72638863699762,Donald Trump,9849,REP,22.37,31.61711467898836,43.52,30.109273958009258,29,13.410726041990745,13.410726041990745,True
48016,75106,606,2016,CA,Pres-G,2016_Pres-G_CA,YouGov,391,False,False,Online Panel,9.0,,2016-10-09,2016-11-08,30,1250.0,Hillary Rodham Clinton,9207,DEM,54.0,61.72638863699762,Donald Trump,9849,REP,30.0,31.61711467898836,24.0,30.109273958009258,30,-6.109273958009258,6.109273958009258,True
47188,73865,606,2016,CA,Pres-G,2016_Pres-G_CA,Ipsos,154,True,False,Online Panel,4.0,,2016-10-17,2016-11-08,22,503.0,Hillary Rodham Clinton,9207,DEM,63.82,61.72638863699762,Donald Trump,9849,REP,25.62,31.61711467898836,38.2,30.109273958009258,22,8.090726041990745,8.090726041990745,True
47716,74699,606,2016,CA,Pres-G,2016_Pres-G_CA,Ipsos,154,True,False,Online Panel,4.0,,2016-10-24,2016-11-08,15,712.0,Hillary Rodham Clinton,9207,DEM,65.14,61.72638863699762,Donald Trump,9849,REP,26.16,31.61711467898836,38.98,30.109273958009258,15,8.87072604199074,8.87072604199074,True
48125,75391,606,2016,CA,Pres-G,2016_Pres-G_CA,YouGov,391,False,False,Online Panel,6.0,,2016-10-28,2016-11-08,11,1498.0,Hillary Rodham Clinton,9207,DEM,53.0,61.72638863699762,Donald Trump,9849,REP,33.0,31.61711467898836,20.0,30.109273958009258,11,-10.109273958009258,10.109273958009258,True
48690,76271,606,2016,CA,Pres-G,2016_Pres-G_CA,Ipsos,154,True,False,Online Panel,4.0,,2016-11-03,2016-11-08,5,726.0,Hillary Rodham Clinton,9207,DEM,58.85,61.72638863699762,Donald Trump,9849,REP,31.74,31.61711467898836,27.110000000000003,30.109273958009258,5,-2.9992739580092547,2.9992739580092547,True
48723,76304,606,2016,CA,Pres-G,2016_Pres-G_CA,YouGov,391,False,False,Online Panel,10.0,,2016-10-20,2016-11-08,19,8746.0,Hillary Rodham Clinton,9207,DEM,51.8,61.72638863699762,Donald Trump,9849,REP,30.4,31.61711467898836,21.4,30.109273958009258,19,-8.709273958009259,8.709273958009259,True
46060,72052,607,2016,CO,Pres-G,2016_Pres-G_CO,Ipsos,154,True,False,Online Panel,4.0,,2016-09-15,2016-11-08,54,391.0,Hillary Rodham Clinton,9207,DEM,42.05,48.1569803828474,Donald Trump,9849,REP,43.82,43.25139737143104,-1.7700000000000031,4.905583011416361,54,-6.675583011416364,6.675583011416364,False
46027,71983,607,2016,CO,Pres-G,2016_Pres-G_CO,YouGov,391,False,False,Live Phone/Online Panel,9.0,,2016-09-22,2016-11-08,47,991.0,Hillary Rodham Clinton,9207,DEM,40.0,48.1569803828474,Donald Trump,9849,REP,39.0,43.25139737143104,1.0,4.905583011416361,47,-3.905583011416361,3.905583011416361,True
46637,72931,607,2016,CO,Pres-G,2016_Pres-G_CO,Ipsos,154,True,False,Online Panel,4.0,,2016-09-29,2016-11-08,40,552.0,Hillary Rodham Clinton,9207,DEM,44.77,48.1569803828474,Donald Trump,9849,REP,44.86,43.25139737143104,-0.0899999999999963,4.905583011416361,40,-4.9955830114163575,4.9955830114163575,False
47189,73866,607,2016,CO,Pres-G,2016_Pres-G_CO,Ipsos,154,True,False,Online Panel,4.0,,2016-10-13,2016-11-08,26,445.0,Hillary Rodham Clinton,9207,DEM,45.01,48.1569803828474,Donald Trump,9849,REP,41.24,43.25139737143104,3.769999999999996,4.905583011416361,26,-1.1355830114163652,1.1355830114163652,True
47780,74790,607,2016,CO,Pres-G,2016_Pres-G_CO,YouGov,391,False,False,Live Phone/Online Panel,9.0,,2016-10-27,2016-11-08,12,997.0,Hillary Rodham Clinton,9207,DEM,42.0,48.1569803828474,Donald Trump,9849,REP,39.0,43.25139737143104,3.0,4.905583011416361,12,-1.9055830114163612,1.9055830114163612,True
48704,76285,607,2016,CO,Pres-G,2016_Pres-G_CO,Ipsos,154,True,False,Online Panel,4.0,,2016-10-30,2016-11-08,9,536.0,Hillary Rodham Clinton,9207,DEM,47.71,48.1569803828474,Donald Trump,9849,REP,42.33,43.25139737143104,5.380000000000003,4.905583011416361,9,0.47441698858364134,0.47441698858364134,True
48724,76305,607,2016,CO,Pres-G,2016_Pres-G_CO,YouGov,391,False,False,Online Panel,10.0,,2016-10-20,2016-11-08,19,1556.0,Hillary Rodham Clinton,9207,DEM,42.1,48.1569803828474,Donald Trump,9849,REP,36.9,43.25139737143104,5.200000000000003,4.905583011416361,19,0.2944169885836416,0.2944169885836416,True
46342,72470,608,2016,CT,Pres-G,2016_Pres-G_CT,Ipsos,154,True,False,Online Panel,4.0,,2016-09-19,2016-11-08,50,455.0,Hillary Rodham Clinton,9207,DEM,52.01,54.56630109670987,Donald Trump,9849,REP,34.09,40.92691437881478,17.919999999999995,13.639386717895093,50,4.280613282104902,4.280613282104902,True
47190,73867,608,2016,CT,Pres-G,2016_Pres-G_CT,Ipsos,154,True,False,Online Panel,4.0,,2016-10-10,2016-11-08,29,437.0,Hillary Rodham Clinton,9207,DEM,52.56,54.56630109670987,Donald Trump,9849,REP,34.83,40.92691437881478,17.730000000000004,13.639386717895093,29,4.090613282104911,4.090613282104911,True
48705,76286,608,2016,CT,Pres-G,2016_Pres-G_CT,Ipsos,154,True,False,Online Panel,4.0,,2016-10-30,2016-11-08,9,351.0,Hillary Rodham Clinton,9207,DEM,49.76,54.56630109670987,Donald Trump,9849,REP,39.7,40.92691437881478,10.059999999999995,13.639386717895093,9,-3.5793867178950975,3.5793867178950975,True
48725,76306,608,2016,CT,Pres-G,2016_Pres-G_CT,YouGov,391,False,False,Online Panel,10.0,,2016-10-20,2016-11-08,19,955.0,Hillary Rodham Clinton,9207,DEM,46.6,54.56630109670987,Donald Trump,9849,REP,35.8,40.92691437881478,10.800000000000004,13.639386717895093,19,-2.8393867178950885,2.8393867178950885,True
48727,76308,609,2016,DC,Pres-G,2016_Pres-G_DC,YouGov,391,False,False,Online Panel,10.0,,2016-10-20,2016-11-08,19,190.0,Hillary Rodham Clinton,9207,DEM,79.8,90.86382152999988,Donald Trump,9849,REP,6.8,4.087474459308377,73.0,86.7763470706915,19,-13.7763470706915,13.7763470706915,True
46343,72471,610,2016,DE,Pres-G,2016_Pres-G_DE,Ipsos,154,True,False,Online Panel,4.0,,2016-09-19,2016-11-08,50,124.0,Hillary Rodham Clinton,9207,DEM,43.16,53.08597745902562,Donald Trump,9849,REP,35.28,41.71274452811313,7.8799999999999955,11.373232930912494,50,-3.493232930912498,3.493232930912498,True
47191,73868,610,2016,DE,Pres-G,2016_Pres-G_DE,Ipsos,154,True,False,Online Panel,4.0,,2016-10-10,2016-11-08,29,121.0,Hillary Rodham Clinton,9207,DEM,47.83,53.08597745902562,Donald Trump,9849,REP,33.89,41.71274452811313,13.939999999999998,11.373232930912494,29,2.566767069087504,2.566767069087504,True
48780,76365,610,2016,DE,Pres-G,2016_Pres-G_DE,Ipsos,154,True,False,Online Panel,4.0,,2016-10-30,2016-11-08,9,138.0,Hillary Rodham Clinton,9207,DEM,52.03,53.08597745902562,Donald Trump,9849,REP,36.42,41.71274452811313,15.61,11.373232930912494,9,4.236767069087506,4.236767069087506,True
48726,76307,610,2016,DE,Pres-G,2016_Pres-G_DE,YouGov,391,False,False,Online Panel,10.0,,2016-10-20,2016-11-08,19,260.0,Hillary Rodham Clinton,9207,DEM,50.7,53.08597745902562,Donald Trump,9849,REP,31.6,41.71274452811313,19.1,11.373232930912494,19,7.726767069087508,7.726767069087508,True
45839,71603,611,2016,FL,Pres-G,2016_Pres-G_FL,Ipsos,154,True,False,Online Panel,4.0,,2016-09-12,2016-11-08,57,722.0,Hillary Rodham Clinton,9207,DEM,46.33,47.82331580580505,Donald Trump,9849,REP,49.84,49.021941416590735,-3.510000000000005,-1.1986256107856832,57,-2.311374389214322,2.311374389214322,True
46063,72055,611,2016,FL,Pres-G,2016_Pres-G_FL,Ipsos,154,True,False,Online Panel,4.0,,2016-09-19,2016-11-08,50,811.0,Hillary Rodham Clinton,9207,DEM,49.08,47.82331580580505,Donald Trump,9849,REP,45.16,49.021941416590735,3.9200000000000017,-1.1986256107856832,50,5.118625610785685,5.118625610785685,False
46344,72472,611,2016,FL,Pres-G,2016_Pres-G_FL,Ipsos,154,True,False,Online Panel,4.0,,2016-09-26,2016-11-08,43,701.0,Hillary Rodham Clinton,9207,DEM,47.55,47.82331580580505,Donald Trump,9849,REP,46.4,49.021941416590735,1.1499999999999986,-1.1986256107856832,43,2.3486256107856818,2.3486256107856818,False
46568,72840,611,2016,FL,Pres-G,2016_Pres-G_FL,Marist,183,True,False,Live Phone,9.0,,2016-10-04,2016-11-08,35,700.0,Hillary Rodham Clinton,9207,DEM,45.0,47.82331580580505,Donald Trump,9849,REP,42.0,49.021941416590735,3.0,-1.1986256107856832,35,4.198625610785683,4.198625610785683,False
46640,72934,611,2016,FL,Pres-G,2016_Pres-G_FL,Ipsos,154,True,False,Online Panel,4.0,,2016-10-03,2016-11-08,36,979.0,Hillary Rodham Clinton,9207,DEM,48.55,47.82331580580505,Donald Trump,9849,REP,43.74,49.021941416590735,4.809999999999995,-1.1986256107856832,36,6.008625610785678,6.008625610785678,False
46824,73270,611,2016,FL,Pres-G,2016_Pres-G_FL,Ipsos,154,True,False,Online Panel,4.0,,2016-10-10,2016-11-08,29,1019.0,Hillary Rodham Clinton,9207,DEM,47.57,47.82331580580505,Donald Trump,9849,REP,41.81,49.021941416590735,5.759999999999998,-1.1986256107856832,29,6.958625610785681,6.958625610785681,False
47192,73869,611,2016,FL,Pres-G,2016_Pres-G_FL,Ipsos,154,True,False,Online Panel,4.0,,2016-10-17,2016-11-08,22,631.0,Hillary Rodham Clinton,9207,DEM,48.01,47.82331580580505,Donald Trump,9849,REP,44.38,49.021941416590735,3.629999999999996,-1.1986256107856832,22,4.828625610785679,4.828625610785679,False
47236,73919,611,2016,FL,Pres-G,2016_Pres-G_FL,YouGov,391,False,False,Live Phone/Online Panel,9.0,,2016-10-20,2016-11-08,19,1042.0,Hillary Rodham Clinton,9207,DEM,46.0,47.82331580580505,Donald Trump,9849,REP,43.0,49.021941416590735,3.0,-1.1986256107856832,19,4.198625610785683,4.198625610785683,False
47776,74770,611,2016,FL,Pres-G,2016_Pres-G_FL,Marist,183,True,False,Live Phone,9.0,,2016-10-25,2016-11-08,14,779.0,Hillary Rodham Clinton,9207,DEM,45.0,47.82331580580505,Donald Trump,9849,REP,44.0,49.021941416590735,1.0,-1.1986256107856832,14,2.198625610785683,2.198625610785683,False
47720,74703,611,2016,FL,Pres-G,2016_Pres-G_FL,Ipsos,154,True,False,Online Panel,4.0,,2016-10-24,2016-11-08,15,804.0,Hillary Rodham Clinton,9207,DEM,48.51,47.82331580580505,Donald Trump,9849,REP,44.61,49.021941416590735,3.899999999999999,-1.1986256107856832,15,5.098625610785682,5.098625610785682,False
48482,75978,611,2016,FL,Pres-G,2016_Pres-G_FL,YouGov,391,False,False,Live Phone/Online Panel,9.0,,2016-11-03,2016-11-08,5,1188.0,Hillary Rodham Clinton,9207,DEM,45.0,47.82331580580505,Donald Trump,9849,REP,45.0,49.021941416590735,0.0,-1.1986256107856832,5,1.1986256107856832,1.1986256107856832,False
48691,76272,611,2016,FL,Pres-G,2016_Pres-G_FL,Ipsos,154,True,False,Online Panel,4.0,,2016-11-03,2016-11-08,5,888.0,Hillary Rodham Clinton,9207,DEM,47.66,47.82331580580505,Donald Trump,9849,REP,46.77,49.021941416590735,0.8899999999999935,-1.1986256107856832,5,2.0886256107856767,2.0886256107856767,False
48728,76309,611,2016,FL,Pres-G,2016_Pres-G_FL,YouGov,391,False,False,Online Panel,10.0,,2016-10-20,2016-11-08,19,5371.0,Hillary Rodham Clinton,9207,DEM,44.0,47.82331580580505,Donald Trump,9849,REP,42.9,49.021941416590735,1.1000000000000014,-1.1986256107856832,19,2.2986256107856846,2.2986256107856846,False
46064,72056,612,2016,GA,Pres-G,2016_Pres-G_GA,Ipsos,154,True,False,Online Panel,4.0,,2016-09-15,2016-11-08,54,613.0,Hillary Rodham Clinton,9207,DEM,42.71,45.63998335736082,Donald Trump,9849,REP,46.04,50.771326054771,-3.3299999999999983,-5.131342697410183,54,1.8013426974101847,1.8013426974101847,True
46345,72473,612,2016,GA,Pres-G,2016_Pres-G_GA,Ipsos,154,True,False,Online Panel,4.0,,2016-09-26,2016-11-08,43,317.0,Hillary Rodham Clinton,9207,DEM,38.11,45.63998335736082,Donald Trump,9849,REP,50.98,50.771326054771,-12.869999999999996,-5.131342697410183,43,-7.738657302589813,7.738657302589813,True
46825,73271,612,2016,GA,Pres-G,2016_Pres-G_GA,Ipsos,154,True,False,Online Panel,4.0,,2016-10-06,2016-11-08,33,645.0,Hillary Rodham Clinton,9207,DEM,41.51,45.63998335736082,Donald Trump,9849,REP,50.04,50.771326054771,-8.530000000000001,-5.131342697410183,33,-3.398657302589818,3.398657302589818,True
47721,74704,612,2016,GA,Pres-G,2016_Pres-G_GA,Ipsos,154,True,False,Online Panel,4.0,,2016-10-20,2016-11-08,19,583.0,Hillary Rodham Clinton,9207,DEM,43.11,45.63998335736082,Donald Trump,9849,REP,47.84,50.771326054771,-4.730000000000004,-5.131342697410183,19,0.40134269741017903,0.40134269741017903,True
48209,75507,612,2016,GA,Pres-G,2016_Pres-G_GA,Marist,183,True,False,Live Phone,9.0,,2016-10-31,2016-11-08,8,707.0,Hillary Rodham Clinton,9207,DEM,44.0,45.63998335736082,Donald Trump,9849,REP,45.0,50.771326054771,-1.0,-5.131342697410183,8,4.131342697410183,4.131342697410183,True
48682,76245,612,2016,GA,Pres-G,2016_Pres-G_GA,YouGov,391,False,False,Online Panel,6.0,,2016-11-04,2016-11-08,4,995.0,Hillary Rodham Clinton,9207,DEM,43.0,45.63998335736082,Donald Trump,9849,REP,49.0,50.771326054771,-6.0,-5.131342697410183,4,-0.868657302589817,0.868657302589817,True
48692,76273,612,2016,GA,Pres-G,2016_Pres-G_GA,Ipsos,154,True,False,Online Panel,4.0,,2016-11-03,2016-11-08,5,416.0,Hillary Rodham Clinton,9207,DEM,42.38,45.63998335736082,Donald Trump,9849,REP,47.79,50.771326054771,-5.409999999999997,-5.131342697410183,5,-0.2786573025898136,0.2786573025898136,True
48729,76310,612,2016,GA,Pres-G,2016_Pres-G_GA,YouGov,391,False,False,Online Panel,10.0,,2016-10-20,2016-11-08,19,2663.0,Hillary Rodham Clinton,9207,DEM,40.5,45.63998335736082,Donald Trump,9849,REP,45.4,50.771326054771,-4.899999999999999,-5.131342697410183,19,0.23134269741018443,0.23134269741018443,True
48781,76366,613,2016,HI,Pres-G,2016_Pres-G_HI,Ipsos,154,True,False,Online Panel,4.0,,2016-10-30,2016-11-08,9,102.0,Hillary Rodham Clinton,9207,DEM,47.31,62.22149173421738,Donald Trump,9849,REP,28.75,30.038677008511737,18.56,32.18281472570564,9,-13.622814725705641,13.622814725705641,True
48730,76311,613,2016,HI,Pres-G,2016_Pres-G_HI,YouGov,391,False,False,Online Panel,10.0,,2016-10-20,2016-11-08,19,289.0,Hillary Rodham Clinton,9207,DEM,50.3,62.22149173421738,Donald Trump,9849,REP,27.9,30.038677008511737,22.4,32.18281472570564,19,-9.782814725705641,9.782814725705641,True
46068,72060,614,2016,IA,Pres-G,2016_Pres-G_IA,Ipsos,154,True,False,Online Panel,4.0,,2016-09-12,2016-11-08,57,344.0,Hillary Rodham Clinton,9207,DEM,40.51,41.75251344549624,Donald Trump,9849,REP,50.74,51.16206134467737,-10.230000000000004,-9.409547899181137,57,-0.8204521008188674,0.8204521008188674,True
46829,73275,614,2016,IA,Pres-G,2016_Pres-G_IA,Ipsos,154,True,False,Online Panel,4.0,,2016-10-03,2016-11-08,36,382.0,Hillary Rodham Clinton,9207,DEM,44.74,41.75251344549624,Donald Trump,9849,REP,44.49,51.16206134467737,0.25,-9.409547899181137,36,9.659547899181137,9.659547899181137,False
48783,76368,614,2016,IA,Pres-G,2016_Pres-G_IA,Ipsos,154,True,False,Online Panel,4.0,,2016-10-27,2016-11-08,12,416.0,Hillary Rodham Clinton,9207,DEM,44.07,41.75251344549624,Donald Trump,9849,REP,43.87,51.16206134467737,0.2000000000000028,-9.409547899181137,12,9.60954789918114,9.60954789918114,False
48734,76315,614,2016,IA,Pres-G,2016_Pres-G_IA,YouGov,391,False,False,Online Panel,10.0,,2016-10-20,2016-11-08,19,972.0,Hillary Rodham Clinton,9207,DEM,40.4,41.75251344549624,Donald Trump,9849,REP,37.3,51.16206134467737,3.1000000000000014,-9.409547899181137,19,12.509547899181138,12.509547899181138,False
46346,72474,615,2016,ID,Pres-G,2016_Pres-G_ID,Ipsos,154,True,False,Online Panel,4.0,,2016-09-19,2016-11-08,50,175.0,Hillary Rodham Clinton,9207,DEM,27.39,27.492013820979206,Donald Trump,9849,REP,59.62,59.26143236919689,-32.23,-31.769418548217683,50,-0.46058145178231413,0.46058145178231413,True
47194,73871,615,2016,ID,Pres-G,2016_Pres-G_ID,Ipsos,154,True,False,Online Panel,4.0,,2016-10-10,2016-11-08,29,171.0,Hillary Rodham Clinton,9207,DEM,35.13,27.492013820979206,Donald Trump,9849,REP,50.7,59.26143236919689,-15.57,-31.769418548217683,29,16.199418548217682,16.199418548217682,True
48782,76367,615,2016,ID,Pres-G,2016_Pres-G_ID,Ipsos,154,True,False,Online Panel,4.0,,2016-10-30,2016-11-08,9,205.0,Hillary Rodham Clinton,9207,DEM,30.06,27.492013820979206,Donald Trump,9849,REP,53.26,59.26143236919689,-23.2,-31.769418548217683,9,8.569418548217683,8.569418548217683,True
48731,76312,615,2016,ID,Pres-G,2016_Pres-G_ID,YouGov,391,False,False,Online Panel,10.0,,2016-10-20,2016-11-08,19,416.0,Hillary Rodham Clinton,9207,DEM,25.3,27.492013820979206,Donald Trump,9849,REP,44.8,59.26143236919689,-19.5,-31.769418548217683,19,12.269418548217683,12.269418548217683,True
45842,71606,616,2016,IL,Pres-G,2016_Pres-G_IL,Ipsos,154,True,False,Online Panel,4.0,,2016-09-12,2016-11-08,57,432.0,Hillary Rodham Clinton,9207,DEM,51.5,55.8253666987933,Donald Trump,9849,REP,36.18,38.76175307382528,15.32,17.063613624968028,57,-1.7436136249680274,1.7436136249680274,True
46066,72058,616,2016,IL,Pres-G,2016_Pres-G_IL,Ipsos,154,True,False,Online Panel,4.0,,2016-09-19,2016-11-08,50,426.0,Hillary Rodham Clinton,9207,DEM,53.43,55.8253666987933,Donald Trump,9849,REP,30.81,38.76175307382528,22.62,17.063613624968028,50,5.556386375031973,5.556386375031973,True
46347,72475,616,2016,IL,Pres-G,2016_Pres-G_IL,Ipsos,154,True,False,Online Panel,4.0,,2016-09-26,2016-11-08,43,422.0,Hillary Rodham Clinton,9207,DEM,52.71,55.8253666987933,Donald Trump,9849,REP,33.37,38.76175307382528,19.340000000000003,17.063613624968028,43,2.2763863750319757,2.2763863750319757,True
46643,72937,616,2016,IL,Pres-G,2016_Pres-G_IL,Ipsos,154,True,False,Online Panel,4.0,,2016-10-03,2016-11-08,36,601.0,Hillary Rodham Clinton,9207,DEM,57.49,55.8253666987933,Donald Trump,9849,REP,31.29,38.76175307382528,26.200000000000003,17.063613624968028,36,9.136386375031975,9.136386375031975,True
46827,73273,616,2016,IL,Pres-G,2016_Pres-G_IL,Ipsos,154,True,False,Online Panel,4.0,,2016-10-10,2016-11-08,29,409.0,Hillary Rodham Clinton,9207,DEM,60.31,55.8253666987933,Donald Trump,9849,REP,27.44,38.76175307382528,32.870000000000005,17.063613624968028,29,15.806386375031977,15.806386375031977,True
47195,73872,616,2016,IL,Pres-G,2016_Pres-G_IL,Ipsos,154,True,False,Online Panel,4.0,,2016-10-17,2016-11-08,22,371.0,Hillary Rodham Clinton,9207,DEM,57.33,55.8253666987933,Donald Trump,9849,REP,27.64,38.76175307382528,29.69,17.063613624968028,22,12.626386375031974,12.626386375031974,True
47723,74706,616,2016,IL,Pres-G,2016_Pres-G_IL,Ipsos,154,True,False,Online Panel,4.0,,2016-10-24,2016-11-08,15,475.0,Hillary Rodham Clinton,9207,DEM,55.55,55.8253666987933,Donald Trump,9849,REP,34.57,38.76175307382528,20.98,17.063613624968028,15,3.9163863750319727,3.9163863750319727,True
48693,76274,616,2016,IL,Pres-G,2016_Pres-G_IL,Ipsos,154,True,False,Online Panel,4.0,,2016-11-03,2016-11-08,5,482.0,Hillary Rodham Clinton,9207,DEM,51.3,55.8253666987933,Donald Trump,9849,REP,39.08,38.76175307382528,12.22,17.063613624968028,5,-4.843613624968027,4.843613624968027,True
48732,76313,616,2016,IL,Pres-G,2016_Pres-G_IL,YouGov,391,False,False,Online Panel,10.0,,2016-10-20,2016-11-08,19,3448.0,Hillary Rodham Clinton,9207,DEM,48.3,55.8253666987933,Donald Trump,9849,REP,33.1,38.76175307382528,15.199999999999996,17.063613624968028,19,-1.863613624968032,1.863613624968032,True
45843,71607,617,2016,IN,Pres-G,2016_Pres-G_IN,Ipsos,154,True,False,Online Panel,4.0,,2016-09-08,2016-11-08,61,372.0,Hillary Rodham Clinton,9207,DEM,33.33,37.774839686752046,Donald Trump,9849,REP,53.13,56.94003344841128,-19.800000000000004,-19.165193761659232,61,-0.6348062383407722,0.6348062383407722,True
46348,72476,617,2016,IN,Pres-G,2016_Pres-G_IN,Ipsos,154,True,False,Online Panel,4.0,,2016-09-22,2016-11-08,47,340.0,Hillary Rodham Clinton,9207,DEM,35.88,37.774839686752046,Donald Trump,9849,REP,53.16,56.94003344841128,-17.279999999999994,-19.165193761659232,47,1.885193761659238,1.885193761659238,True
46828,73274,617,2016,IN,Pres-G,2016_Pres-G_IN,Ipsos,154,True,False,Online Panel,4.0,,2016-10-06,2016-11-08,33,434.0,Hillary Rodham Clinton,9207,DEM,38.27,37.774839686752046,Donald Trump,9849,REP,47.14,56.94003344841128,-8.869999999999997,-19.165193761659232,33,10.295193761659235,10.295193761659235,True
47724,74707,617,2016,IN,Pres-G,2016_Pres-G_IN,Ipsos,154,True,False,Online Panel,4.0,,2016-10-20,2016-11-08,19,368.0,Hillary Rodham Clinton,9207,DEM,38.9,37.774839686752046,Donald Trump,9849,REP,53.54,56.94003344841128,-14.64,-19.165193761659232,19,4.5251937616592315,4.5251937616592315,True
48694,76275,617,2016,IN,Pres-G,2016_Pres-G_IN,Ipsos,154,True,False,Online Panel,4.0,,2016-11-03,2016-11-08,5,303.0,Hillary Rodham Clinton,9207,DEM,37.79,37.774839686752046,Donald Trump,9849,REP,53.68,56.94003344841128,-15.89,-19.165193761659232,5,3.2751937616592315,3.2751937616592315,True
48733,76314,617,2016,IN,Pres-G,2016_Pres-G_IN,YouGov,391,False,False,Online Panel,10.0,,2016-10-20,2016-11-08,19,1742.0,Hillary Rodham Clinton,9207,DEM,36.6,37.774839686752046,Donald Trump,9849,REP,43.8,56.94003344841128,-7.199999999999996,-19.165193761659232,19,11.965193761659236,11.965193761659236,True
46069,72061,618,2016,KS,Pres-G,2016_Pres-G_KS,Ipsos,154,True,False,Online Panel,4.0,,2016-09-12,2016-11-08,57,314.0,Hillary Rodham Clinton,9207,DEM,35.91,36.05237073223449,Donald Trump,9849,REP,50.8,56.65458180583958,-14.89,-20.602211073605083,57,5.712211073605083,5.712211073605083,True
46830,73276,618,2016,KS,Pres-G,2016_Pres-G_KS,Ipsos,154,True,False,Online Panel,4.0,,2016-10-03,2016-11-08,36,382.0,Hillary Rodham Clinton,9207,DEM,37.9,36.05237073223449,Donald Trump,9849,REP,50.27,56.65458180583958,-12.370000000000005,-20.602211073605083,36,8.232211073605079,8.232211073605079,True
48784,76369,618,2016,KS,Pres-G,2016_Pres-G_KS,Ipsos,154,True,False,Online Panel,4.0,,2016-10-27,2016-11-08,12,361.0,Hillary Rodham Clinton,9207,DEM,38.22,36.05237073223449,Donald Trump,9849,REP,54.45,56.65458180583958,-16.230000000000004,-20.602211073605083,12,4.372211073605079,4.372211073605079,True
48735,76316,618,2016,KS,Pres-G,2016_Pres-G_KS,YouGov,391,False,False,Online Panel,10.0,,2016-10-20,2016-11-08,19,776.0,Hillary Rodham Clinton,9207,DEM,31.6,36.05237073223449,Donald Trump,9849,REP,47.5,56.65458180583958,-15.9,-20.602211073605083,19,4.702211073605083,4.702211073605083,True
46351,72479,619,2016,KY,Pres-G,2016_Pres-G_KY,Ipsos,154,True,False,Online Panel,4.0,,2016-09-22,2016-11-08,47,361.0,Hillary Rodham Clinton,9207,DEM,37.76,32.68218833364776,Donald Trump,9849,REP,56.38,62.519638551900094,-18.620000000000005,-29.837450218252336,47,11.217450218252331,11.217450218252331,True
47199,73876,619,2016,KY,Pres-G,2016_Pres-G_KY,Ipsos,154,True,False,Online Panel,4.0,,2016-10-10,2016-11-08,29,458.0,Hillary Rodham Clinton,9207,DEM,41.04,32.68218833364776,Donald Trump,9849,REP,51.6,62.519638551900094,-10.560000000000002,-29.837450218252336,29,19.277450218252334,19.277450218252334,True
48706,76287,619,2016,KY,Pres-G,2016_Pres-G_KY,Ipsos,154,True,False,Online Panel,4.0,,2016-10-30,2016-11-08,9,391.0,Hillary Rodham Clinton,9207,DEM,37.64,32.68218833364776,Donald Trump,9849,REP,58.29,62.519638551900094,-20.65,-29.837450218252336,9,9.187450218252337,9.187450218252337,True
48736,76317,619,2016,KY,Pres-G,2016_Pres-G_KY,YouGov,391,False,False,Online Panel,10.0,,2016-10-20,2016-11-08,19,1229.0,Hillary Rodham Clinton,9207,DEM,32.2,32.68218833364776,Donald Trump,9849,REP,52.2,62.519638551900094,-20.0,-29.837450218252336,19,9.837450218252336,9.837450218252336,True
46071,72063,620,2016,LA,Pres-G,2016_Pres-G_LA,Ipsos,154,True,False,Online Panel,4.0,,2016-09-12,2016-11-08,57,369.0,Hillary Rodham Clinton,9207,DEM,35.79,38.44956609851397,Donald Trump,9849,REP,51.87,58.0886846535688,-16.08,-19.63911855505483,57,3.5591185550548303,3.5591185550548303,True
46832,73278,620,2016,LA,Pres-G,2016_Pres-G_LA,Ipsos,154,True,False,Online Panel,4.0,,2016-10-03,2016-11-08,36,473.0,Hillary Rodham Clinton,9207,DEM,35.98,38.44956609851397,Donald Trump,9849,REP,49.16,58.0886846535688,-13.18,-19.63911855505483,36,6.459118555054829,6.459118555054829,True
48785,76370,620,2016,LA,Pres-G,2016_Pres-G_LA,Ipsos,154,True,False,Online Panel,4.0,,2016-10-27,2016-11-08,12,461.0,Hillary Rodham Clinton,9207,DEM,36.12,38.44956609851397,Donald Trump,9849,REP,51.56,58.0886846535688,-15.440000000000005,-19.63911855505483,12,4.199118555054824,4.199118555054824,True
48737,76318,620,2016,LA,Pres-G,2016_Pres-G_LA,YouGov,391,False,False,Online Panel,10.0,,2016-10-20,2016-11-08,19,1355.0,Hillary Rodham Clinton,9207,DEM,35.9,38.44956609851397,Donald Trump,9849,REP,47.3,58.0886846535688,-11.4,-19.63911855505483,19,8.239118555054828,8.239118555054828,True
45850,71614,621,2016,MA,Pres-G,2016_Pres-G_MA,Ipsos,154,True,False,Online Panel,4.0,,2016-09-08,2016-11-08,61,488.0,Hillary Rodham Clinton,9207,DEM,53.07,60.00506459158761,Donald Trump,9849,REP,31.09,32.808358140007684,21.98,27.196706451579928,61,-5.2167064515799275,5.2167064515799275,True
46158,72166,621,2016,MA,Pres-G,2016_Pres-G_MA,YouGov,391,False,False,Online Panel,6.5,,2016-09-17,2016-11-08,52,700.0,Hillary Rodham Clinton,9207,DEM,47.0,60.00506459158761,Donald Trump,9849,REP,34.0,32.808358140007684,13.0,27.196706451579928,52,-14.196706451579928,14.196706451579928,True
46355,72483,621,2016,MA,Pres-G,2016_Pres-G_MA,Ipsos,154,True,False,Online Panel,4.0,,2016-09-22,2016-11-08,47,588.0,Hillary Rodham Clinton,9207,DEM,50.12,60.00506459158761,Donald Trump,9849,REP,28.38,32.808358140007684,21.74,27.196706451579928,47,-5.4567064515799295,5.4567064515799295,True
46835,73281,621,2016,MA,Pres-G,2016_Pres-G_MA,Ipsos,154,True,False,Online Panel,4.0,,2016-10-06,2016-11-08,33,598.0,Hillary Rodham Clinton,9207,DEM,54.07,60.00506459158761,Donald Trump,9849,REP,28.57,32.808358140007684,25.5,27.196706451579928,33,-1.696706451579928,1.696706451579928,True
47731,74714,621,2016,MA,Pres-G,2016_Pres-G_MA,Ipsos,154,True,False,Online Panel,4.0,,2016-10-20,2016-11-08,19,494.0,Hillary Rodham Clinton,9207,DEM,56.14,60.00506459158761,Donald Trump,9849,REP,26.81,32.808358140007684,29.33,27.196706451579928,19,2.1332935484200704,2.1332935484200704,True
48695,76276,621,2016,MA,Pres-G,2016_Pres-G_MA,Ipsos,154,True,False,Online Panel,4.0,,2016-11-03,2016-11-08,5,365.0,Hillary Rodham Clinton,9207,DEM,53.14,60.00506459158761,Donald Trump,9849,REP,35.79,32.808358140007684,17.35,27.196706451579928,5,-9.846706451579927,9.846706451579927,True
48740,76321,621,2016,MA,Pres-G,2016_Pres-G_MA,YouGov,391,False,False,Online Panel,10.0,,2016-10-20,2016-11-08,19,1963.0,Hillary Rodham Clinton,9207,DEM,51.3,60.00506459158761,Donald Trump,9849,REP,28.6,32.808358140007684,22.7,27.196706451579928,19,-4.496706451579929,4.496706451579929,True
46073,72065,622,2016,MD,Pres-G,2016_Pres-G_MD,Ipsos,154,True,False,Online Panel,4.0,,2016-09-15,2016-11-08,54,435.0,Hillary Rodham Clinton,9207,DEM,50.27,60.32574423519277,Donald Trump,9849,REP,33.88,33.90930472854767,16.39,26.416439506645105,54,-10.026439506645104,10.026439506645104,True
46650,72944,622,2016,MD,Pres-G,2016_Pres-G_MD,Ipsos,154,True,False,Online Panel,4.0,,2016-09-29,2016-11-08,40,508.0,Hillary Rodham Clinton,9207,DEM,53.07,60.32574423519277,Donald Trump,9849,REP,31.74,33.90930472854767,21.33,26.416439506645105,40,-5.086439506645107,5.086439506645107,True
47202,73879,622,2016,MD,Pres-G,2016_Pres-G_MD,Ipsos,154,True,False,Online Panel,4.0,,2016-10-13,2016-11-08,26,369.0,Hillary Rodham Clinton,9207,DEM,53.03,60.32574423519277,Donald Trump,9849,REP,28.62,33.90930472854767,24.41,26.416439506645105,26,-2.006439506645105,2.006439506645105,True
48707,76288,622,2016,MD,Pres-G,2016_Pres-G_MD,Ipsos,154,True,False,Online Panel,4.0,,2016-10-30,2016-11-08,9,472.0,Hillary Rodham Clinton,9207,DEM,55.69,60.32574423519277,Donald Trump,9849,REP,33.6,33.90930472854767,22.09,26.416439506645105,9,-4.326439506645105,4.326439506645105,True
48739,76320,622,2016,MD,Pres-G,2016_Pres-G_MD,YouGov,391,False,False,Online Panel,10.0,,2016-10-20,2016-11-08,19,1652.0,Hillary Rodham Clinton,9207,DEM,55.0,60.32574423519277,Donald Trump,9849,REP,29.2,33.90930472854767,25.8,26.416439506645105,19,-0.6164395066451043,0.6164395066451043,True
46353,72481,623,2016,ME,Pres-G,2016_Pres-G_ME,Ipsos,154,True,False,Online Panel,4.0,,2016-09-19,2016-11-08,50,276.0,Hillary Rodham Clinton,9207,DEM,45.01,47.830202680208096,Donald Trump,9849,REP,33.56,44.86975333154171,11.449999999999996,2.960449348666387,50,8.489550651333609,8.489550651333609,True
47201,73878,623,2016,ME,Pres-G,2016_Pres-G_ME,Ipsos,154,True,False,Online Panel,4.0,,2016-10-10,2016-11-08,29,202.0,Hillary Rodham Clinton,9207,DEM,47.76,47.830202680208096,Donald Trump,9849,REP,38.69,44.86975333154171,9.07,2.960449348666387,29,6.109550651333613,6.109550651333613,True
48786,76371,623,2016,ME,Pres-G,2016_Pres-G_ME,Ipsos,154,True,False,Online Panel,4.0,,2016-10-30,2016-11-08,9,245.0,Hillary Rodham Clinton,9207,DEM,42.33,47.830202680208096,Donald Trump,9849,REP,35.08,44.86975333154171,7.25,2.960449348666387,9,4.289550651333613,4.289550651333613,True
48738,76319,623,2016,ME,Pres-G,2016_Pres-G_ME,YouGov,391,False,False,Online Panel,10.0,,2016-10-20,2016-11-08,19,437.0,Hillary Rodham Clinton,9207,DEM,38.7,47.830202680208096,Donald Trump,9849,REP,34.0,44.86975333154171,4.700000000000003,2.960449348666387,19,1.7395506513336159,1.7395506513336159,True
46075,72067,624,2016,MI,Pres-G,2016_Pres-G_MI,Ipsos,154,True,False,Online Panel,4.0,,2016-09-15,2016-11-08,54,632.0,Hillary Rodham Clinton,9207,DEM,42.97,47.21581719335427,Donald Trump,9849,REP,41.67,47.43857346087157,1.2999999999999972,-0.2227562675172976,54,1.5227562675172948,1.5227562675172948,False
46356,72484,624,2016,MI,Pres-G,2016_Pres-G_MI,Ipsos,154,True,False,Online Panel,4.0,,2016-09-26,2016-11-08,43,375.0,Hillary Rodham Clinton,9207,DEM,39.35,47.21581719335427,Donald Trump,9849,REP,39.05,47.43857346087157,0.3000000000000042,-0.2227562675172976,43,0.5227562675173019,0.5227562675173019,False
46652,72946,624,2016,MI,Pres-G,2016_Pres-G_MI,Ipsos,154,True,False,Online Panel,4.0,,2016-10-03,2016-11-08,36,418.0,Hillary Rodham Clinton,9207,DEM,44.75,47.21581719335427,Donald Trump,9849,REP,38.18,47.43857346087157,6.57,-0.2227562675172976,36,6.792756267517298,6.792756267517298,False
46836,73282,624,2016,MI,Pres-G,2016_Pres-G_MI,Ipsos,154,True,False,Online Panel,4.0,,2016-10-10,2016-11-08,29,1168.0,Hillary Rodham Clinton,9207,DEM,43.78,47.21581719335427,Donald Trump,9849,REP,37.33,47.43857346087157,6.450000000000003,-0.2227562675172976,29,6.6727562675173,6.6727562675173,False
47204,73881,624,2016,MI,Pres-G,2016_Pres-G_MI,Ipsos,154,True,False,Online Panel,4.0,,2016-10-17,2016-11-08,22,441.0,Hillary Rodham Clinton,9207,DEM,45.18,47.21581719335427,Donald Trump,9849,REP,40.82,47.43857346087157,4.359999999999999,-0.2227562675172976,22,4.582756267517297,4.582756267517297,False
47732,74715,624,2016,MI,Pres-G,2016_Pres-G_MI,Ipsos,154,True,False,Online Panel,4.0,,2016-10-24,2016-11-08,15,335.0,Hillary Rodham Clinton,9207,DEM,41.34,47.21581719335427,Donald Trump,9849,REP,37.11,47.43857346087157,4.230000000000004,-0.2227562675172976,15,4.452756267517302,4.452756267517302,False
48696,76277,624,2016,MI,Pres-G,2016_Pres-G_MI,Ipsos,154,True,False,Online Panel,4.0,,2016-11-03,2016-11-08,5,342.0,Hillary Rodham Clinton,9207,DEM,45.95,47.21581719335427,Donald Trump,9849,REP,44.53,47.43857346087157,1.4200000000000017,-0.2227562675172976,5,1.6427562675172993,1.6427562675172993,False
48741,76322,624,2016,MI,Pres-G,2016_Pres-G_MI,YouGov,391,False,False,Online Panel,10.0,,2016-10-20,2016-11-08,19,3014.0,Hillary Rodham Clinton,9207,DEM,42.0,47.21581719335427,Donald Trump,9849,REP,36.0,47.43857346087157,6.0,-0.2227562675172976,19,6.222756267517298,6.222756267517298,False
46076,72068,625,2016,MN,Pres-G,2016_Pres-G_MN,Ipsos,154,True,False,Online Panel,4.0,,2016-09-15,2016-11-08,54,510.0,Hillary Rodham Clinton,9207,DEM,42.86,46.44503396176695,Donald Trump,9849,REP,35.94,44.92519310427733,6.920000000000002,1.5198408574896265,54,5.400159142510375,5.400159142510375,True
46653,72947,625,2016,MN,Pres-G,2016_Pres-G_MN,Ipsos,154,True,False,Online Panel,4.0,,2016-09-29,2016-11-08,40,645.0,Hillary Rodham Clinton,9207,DEM,42.03,46.44503396176695,Donald Trump,9849,REP,37.57,44.92519310427733,4.460000000000001,1.5198408574896265,40,2.9401591425103746,2.9401591425103746,True
47205,73882,625,2016,MN,Pres-G,2016_Pres-G_MN,Ipsos,154,True,False,Online Panel,4.0,,2016-10-13,2016-11-08,26,499.0,Hillary Rodham Clinton,9207,DEM,44.14,46.44503396176695,Donald Trump,9849,REP,32.36,44.92519310427733,11.78,1.5198408574896265,26,10.260159142510373,10.260159142510373,True
48708,76289,625,2016,MN,Pres-G,2016_Pres-G_MN,Ipsos,154,True,False,Online Panel,4.0,,2016-10-30,2016-11-08,9,647.0,Hillary Rodham Clinton,9207,DEM,43.9,46.44503396176695,Donald Trump,9849,REP,36.0,44.92519310427733,7.899999999999999,1.5198408574896265,9,6.380159142510372,6.380159142510372,True
48742,76323,625,2016,MN,Pres-G,2016_Pres-G_MN,YouGov,391,False,False,Online Panel,10.0,,2016-10-20,2016-11-08,19,1736.0,Hillary Rodham Clinton,9207,DEM,42.3,46.44503396176695,Donald Trump,9849,REP,35.9,44.92519310427733,6.399999999999999,1.5198408574896265,19,4.880159142510372,4.880159142510372,True
46078,72070,626,2016,MO,Pres-G,2016_Pres-G_MO,Ipsos,154,True,False,Online Panel,4.0,,2016-09-15,2016-11-08,54,356.0,Hillary Rodham Clinton,9207,DEM,35.23,38.13527156927183,Donald Trump,9849,REP,50.79,56.77240847937871,-15.560000000000002,-18.63713691010688,54,3.0771369101068764,3.0771369101068764,True
46028,71984,626,2016,MO,Pres-G,2016_Pres-G_MO,YouGov,391,False,False,Live Phone/Online Panel,9.0,,2016-09-22,2016-11-08,47,1087.0,Hillary Rodham Clinton,9207,DEM,37.0,38.13527156927183,Donald Trump,9849,REP,46.0,56.77240847937871,-9.0,-18.63713691010688,47,9.637136910106879,9.637136910106879,True
46655,72949,626,2016,MO,Pres-G,2016_Pres-G_MO,Ipsos,154,True,False,Online Panel,4.0,,2016-09-29,2016-11-08,40,478.0,Hillary Rodham Clinton,9207,DEM,37.05,38.13527156927183,Donald Trump,9849,REP,48.7,56.77240847937871,-11.650000000000006,-18.63713691010688,40,6.987136910106873,6.987136910106873,True
47207,73884,626,2016,MO,Pres-G,2016_Pres-G_MO,Ipsos,154,True,False,Online Panel,4.0,,2016-10-13,2016-11-08,26,321.0,Hillary Rodham Clinton,9207,DEM,37.03,38.13527156927183,Donald Trump,9849,REP,48.14,56.77240847937871,-11.11,-18.63713691010688,26,7.527136910106879,7.527136910106879,True
48710,76291,626,2016,MO,Pres-G,2016_Pres-G_MO,Ipsos,154,True,False,Online Panel,4.0,,2016-10-30,2016-11-08,9,401.0,Hillary Rodham Clinton,9207,DEM,39.73,38.13527156927183,Donald Trump,9849,REP,48.01,56.77240847937871,-8.280000000000001,-18.63713691010688,9,10.357136910106878,10.357136910106878,True
48744,76325,626,2016,MO,Pres-G,2016_Pres-G_MO,YouGov,391,False,False,Online Panel,10.0,,2016-10-20,2016-11-08,19,1814.0,Hillary Rodham Clinton,9207,DEM,35.8,38.13527156927183,Donald Trump,9849,REP,43.3,56.77240847937871,-7.5,-18.63713691010688,19,11.137136910106879,11.137136910106879,True
46358,72486,627,2016,MS,Pres-G,2016_Pres-G_MS,Ipsos,154,True,False,Online Panel,4.0,,2016-09-19,2016-11-08,50,202.0,Hillary Rodham Clinton,9207,DEM,38.2,40.11478827178409,Donald Trump,9849,REP,49.22,57.94103808883564,-11.019999999999996,-17.826249817051547,50,6.806249817051551,6.806249817051551,True
47206,73883,627,2016,MS,Pres-G,2016_Pres-G_MS,Ipsos,154,True,False,Online Panel,4.0,,2016-10-10,2016-11-08,29,171.0,Hillary Rodham Clinton,9207,DEM,37.3,40.11478827178409,Donald Trump,9849,REP,52.08,57.94103808883564,-14.78,-17.826249817051547,29,3.0462498170515477,3.0462498170515477,True
48709,76290,627,2016,MS,Pres-G,2016_Pres-G_MS,Ipsos,154,True,False,Online Panel,4.0,,2016-10-30,2016-11-08,9,184.0,Hillary Rodham Clinton,9207,DEM,35.93,40.11478827178409,Donald Trump,9849,REP,53.09,57.94103808883564,-17.160000000000004,-17.826249817051547,9,0.6662498170515434,0.6662498170515434,True
48743,76324,627,2016,MS,Pres-G,2016_Pres-G_MS,YouGov,391,False,False,Online Panel,10.0,,2016-10-20,2016-11-08,19,861.0,Hillary Rodham Clinton,9207,DEM,39.5,40.11478827178409,Donald Trump,9849,REP,45.5,57.94103808883564,-6.0,-17.826249817051547,19,11.826249817051547,11.826249817051547,True
46360,72488,628,2016,MT,Pres-G,2016_Pres-G_MT,Ipsos,154,True,False,Online Panel,4.0,,2016-09-19,2016-11-08,50,144.0,Hillary Rodham Clinton,9207,DEM,39.76,35.745765337013,Donald Trump,9849,REP,53.47,56.16849744642932,-13.71,-20.422732109416323,50,6.712732109416322,6.712732109416322,True
47208,73885,628,2016,MT,Pres-G,2016_Pres-G_MT,Ipsos,154,True,False,Online Panel,4.0,,2016-10-10,2016-11-08,29,109.0,Hillary Rodham Clinton,9207,DEM,31.74,35.745765337013,Donald Trump,9849,REP,50.8,56.16849744642932,-19.06,-20.422732109416323,29,1.3627321094163243,1.3627321094163243,True
48787,76372,628,2016,MT,Pres-G,2016_Pres-G_MT,Ipsos,154,True,False,Online Panel,4.0,,2016-10-30,2016-11-08,9,115.0,Hillary Rodham Clinton,9207,DEM,34.75,35.745765337013,Donald Trump,9849,REP,53.66,56.16849744642932,-18.91,-20.422732109416323,9,1.5127321094163229,1.5127321094163229,True
48745,76326,628,2016,MT,Pres-G,2016_Pres-G_MT,YouGov,391,False,False,Online Panel,10.0,,2016-10-20,2016-11-08,19,307.0,Hillary Rodham Clinton,9207,DEM,31.7,35.745765337013,Donald Trump,9849,REP,44.1,56.16849744642932,-12.400000000000002,-20.422732109416323,19,8.02273210941632,8.02273210941632,True
45862,71626,629,2016,NC,Pres-G,2016_Pres-G_NC,Ipsos,154,True,False,Online Panel,4.0,,2016-09-08,2016-11-08,61,502.0,Hillary Rodham Clinton,9207,DEM,46.37,46.172866168209474,Donald Trump,9849,REP,43.72,49.828094696180415,2.6499999999999986,-3.655228527970941,61,6.3052285279709395,6.3052285279709395,False
46367,72495,629,2016,NC,Pres-G,2016_Pres-G_NC,Ipsos,154,True,False,Online Panel,4.0,,2016-09-22,2016-11-08,47,520.0,Hillary Rodham Clinton,9207,DEM,48.07,46.172866168209474,Donald Trump,9849,REP,43.58,49.828094696180415,4.490000000000002,-3.655228527970941,47,8.145228527970943,8.145228527970943,False
46663,72957,629,2016,NC,Pres-G,2016_Pres-G_NC,Ipsos,154,True,False,Online Panel,4.0,,2016-10-03,2016-11-08,36,326.0,Hillary Rodham Clinton,9207,DEM,44.16,46.172866168209474,Donald Trump,9849,REP,43.09,49.828094696180415,1.0699999999999932,-3.655228527970941,36,4.725228527970934,4.725228527970934,False
46788,73166,629,2016,NC,Pres-G,2016_Pres-G_NC,Marist,183,True,False,Live Phone,9.0,,2016-10-11,2016-11-08,28,743.0,Hillary Rodham Clinton,9207,DEM,45.0,46.172866168209474,Donald Trump,9849,REP,41.0,49.828094696180415,4.0,-3.655228527970941,28,7.655228527970941,7.655228527970941,False
46847,73293,629,2016,NC,Pres-G,2016_Pres-G_NC,Ipsos,154,True,False,Online Panel,4.0,,2016-10-10,2016-11-08,29,1056.0,Hillary Rodham Clinton,9207,DEM,46.33,46.172866168209474,Donald Trump,9849,REP,42.42,49.828094696180415,3.9099999999999966,-3.655228527970941,29,7.5652285279709375,7.5652285279709375,False
47775,74766,629,2016,NC,Pres-G,2016_Pres-G_NC,Marist,183,True,False,Live Phone,9.0,,2016-10-25,2016-11-08,14,780.0,Hillary Rodham Clinton,9207,DEM,47.0,46.172866168209474,Donald Trump,9849,REP,41.0,49.828094696180415,6.0,-3.655228527970941,14,9.655228527970941,9.655228527970941,False
47743,74726,629,2016,NC,Pres-G,2016_Pres-G_NC,Ipsos,154,True,False,Online Panel,4.0,,2016-10-20,2016-11-08,19,644.0,Hillary Rodham Clinton,9207,DEM,47.99,46.172866168209474,Donald Trump,9849,REP,43.77,49.828094696180415,4.219999999999999,-3.655228527970941,19,7.87522852797094,7.87522852797094,False
47779,74789,629,2016,NC,Pres-G,2016_Pres-G_NC,YouGov,391,False,False,Live Phone/Online Panel,9.0,,2016-10-27,2016-11-08,12,992.0,Hillary Rodham Clinton,9207,DEM,48.0,46.172866168209474,Donald Trump,9849,REP,45.0,49.828094696180415,3.0,-3.655228527970941,12,6.655228527970941,6.655228527970941,False
48699,76280,629,2016,NC,Pres-G,2016_Pres-G_NC,Ipsos,154,True,False,Online Panel,4.0,,2016-11-03,2016-11-08,5,371.0,Hillary Rodham Clinton,9207,DEM,46.0,46.172866168209474,Donald Trump,9849,REP,46.9,49.828094696180415,-0.8999999999999986,-3.655228527970941,5,2.7552285279709423,2.7552285279709423,True
48752,76333,629,2016,NC,Pres-G,2016_Pres-G_NC,YouGov,391,False,False,Online Panel,10.0,,2016-10-20,2016-11-08,19,2916.0,Hillary Rodham Clinton,9207,DEM,43.5,46.172866168209474,Donald Trump,9849,REP,41.3,49.828094696180415,2.200000000000003,-3.655228527970941,19,5.855228527970944,5.855228527970944,False
46848,73294,630,2016,ND,Pres-G,2016_Pres-G_ND,Ipsos,154,True,False,Online Panel,4.0,,2016-10-03,2016-11-08,36,105.0,Hillary Rodham Clinton,9207,DEM,34.67,27.226739458706007,Donald Trump,9849,REP,44.9,62.9556278313393,-10.229999999999997,-35.72888837263329,36,25.498888372633296,25.498888372633296,True
48245,75546,630,2016,ND,Pres-G,2016_Pres-G_ND,Ipsos,154,True,False,Online Panel,4.0,,2016-10-30,2016-11-08,9,153.0,Hillary Rodham Clinton,9207,DEM,26.18,27.226739458706007,Donald Trump,9849,REP,49.74,62.9556278313393,-23.56,-35.72888837263329,9,12.168888372633294,12.168888372633294,True
48753,76334,630,2016,ND,Pres-G,2016_Pres-G_ND,YouGov,391,False,False,Online Panel,10.0,,2016-10-20,2016-11-08,19,201.0,Hillary Rodham Clinton,9207,DEM,32.3,27.226739458706007,Donald Trump,9849,REP,44.8,62.9556278313393,-12.5,-35.72888837263329,19,23.228888372633293,23.228888372633293,True
46361,72489,631,2016,NE,Pres-G,2016_Pres-G_NE,Ipsos,154,True,False,Online Panel,4.0,,2016-09-19,2016-11-08,50,197.0,Hillary Rodham Clinton,9207,DEM,32.71,33.69875637713554,Donald Trump,9849,REP,51.19,58.74735112712576,-18.48,-25.048594749990222,50,6.568594749990222,6.568594749990222,True
47209,73886,631,2016,NE,Pres-G,2016_Pres-G_NE,Ipsos,154,True,False,Online Panel,4.0,,2016-10-10,2016-11-08,29,207.0,Hillary Rodham Clinton,9207,DEM,34.73,33.69875637713554,Donald Trump,9849,REP,46.81,58.74735112712576,-12.080000000000004,-25.048594749990222,29,12.968594749990219,12.968594749990219,True
48711,76292,631,2016,NE,Pres-G,2016_Pres-G_NE,Ipsos,154,True,False,Online Panel,4.0,,2016-10-30,2016-11-08,9,216.0,Hillary Rodham Clinton,9207,DEM,31.62,33.69875637713554,Donald Trump,9849,REP,53.27,58.74735112712576,-21.65,-25.048594749990222,9,3.398594749990224,3.398594749990224,True
48746,76327,631,2016,NE,Pres-G,2016_Pres-G_NE,YouGov,391,False,False,Online Panel,10.0,,2016-10-20,2016-11-08,19,506.0,Hillary Rodham Clinton,9207,DEM,32.3,33.69875637713554,Donald Trump,9849,REP,44.9,58.74735112712576,-12.6,-25.048594749990222,19,12.448594749990223,12.448594749990223,True
46363,72491,632,2016,NH,Pres-G,2016_Pres-G_NH,Ipsos,154,True,False,Online Panel,4.0,,2016-09-19,2016-11-08,50,170.0,Hillary Rodham Clinton,9207,DEM,47.21,46.82626266969056,Donald Trump,9849,REP,41.25,46.45866698195341,5.960000000000001,0.3675956877371433,50,5.5924043122628575,5.5924043122628575,True
47211,73888,632,2016,NH,Pres-G,2016_Pres-G_NH,Ipsos,154,True,False,Online Panel,4.0,,2016-10-10,2016-11-08,29,179.0,Hillary Rodham Clinton,9207,DEM,45.11,46.82626266969056,Donald Trump,9849,REP,39.21,46.45866698195341,5.899999999999999,0.3675956877371433,29,5.532404312262855,5.532404312262855,True
47326,74384,632,2016,NH,Pres-G,2016_Pres-G_NH,YouGov,391,False,False,Online Panel,6.5,,2016-10-19,2016-11-08,20,772.0,Hillary Rodham Clinton,9207,DEM,43.0,46.82626266969056,Donald Trump,9849,REP,38.0,46.45866698195341,5.0,0.3675956877371433,20,4.632404312262857,4.632404312262857,True
47539,74346,632,2016,NH,Pres-G,2016_Pres-G_NH,Marist,183,True,False,Live Phone,9.0,,2016-10-22,2016-11-08,17,768.0,Hillary Rodham Clinton,9207,DEM,45.0,46.82626266969056,Donald Trump,9849,REP,36.0,46.45866698195341,9.0,0.3675956877371433,17,8.632404312262857,8.632404312262857,True
48658,76374,632,2016,NH,Pres-G,2016_Pres-G_NH,Ipsos,154,True,False,Online Panel,4.0,,2016-10-30,2016-11-08,9,196.0,Hillary Rodham Clinton,9207,DEM,44.42,46.82626266969056,Donald Trump,9849,REP,41.81,46.45866698195341,2.6099999999999994,0.3675956877371433,9,2.242404312262856,2.242404312262856,True
48748,76329,632,2016,NH,Pres-G,2016_Pres-G_NH,YouGov,391,False,False,Online Panel,10.0,,2016-10-20,2016-11-08,19,430.0,Hillary Rodham Clinton,9207,DEM,43.0,46.82626266969056,Donald Trump,9849,REP,34.4,46.45866698195341,8.600000000000001,0.3675956877371433,19,8.232404312262858,8.232404312262858,True
46083,72075,633,2016,NJ,Pres-G,2016_Pres-G_NJ,Ipsos,154,True,False,Online Panel,4.0,,2016-09-15,2016-11-08,54,853.0,Hillary Rodham Clinton,9207,DEM,50.49,55.4530844496942,Donald Trump,9849,REP,32.22,41.35038665002945,18.270000000000003,14.102697799664751,54,4.167302200335252,4.167302200335252,True
46364,72492,633,2016,NJ,Pres-G,2016_Pres-G_NJ,Ipsos,154,True,False,Online Panel,4.0,,2016-09-26,2016-11-08,43,545.0,Hillary Rodham Clinton,9207,DEM,46.68,55.4530844496942,Donald Trump,9849,REP,34.18,41.35038665002945,12.5,14.102697799664751,43,-1.6026977996647513,1.6026977996647513,True
46844,73290,633,2016,NJ,Pres-G,2016_Pres-G_NJ,Ipsos,154,True,False,Online Panel,4.0,,2016-10-06,2016-11-08,33,953.0,Hillary Rodham Clinton,9207,DEM,49.93,55.4530844496942,Donald Trump,9849,REP,32.23,41.35038665002945,17.700000000000003,14.102697799664751,33,3.5973022003352515,3.5973022003352515,True
47740,74723,633,2016,NJ,Pres-G,2016_Pres-G_NJ,Ipsos,154,True,False,Online Panel,4.0,,2016-10-20,2016-11-08,19,800.0,Hillary Rodham Clinton,9207,DEM,50.95,55.4530844496942,Donald Trump,9849,REP,34.25,41.35038665002945,16.700000000000003,14.102697799664751,19,2.5973022003352515,2.5973022003352515,True
48697,76278,633,2016,NJ,Pres-G,2016_Pres-G_NJ,Ipsos,154,True,False,Online Panel,4.0,,2016-11-03,2016-11-08,5,551.0,Hillary Rodham Clinton,9207,DEM,47.78,55.4530844496942,Donald Trump,9849,REP,37.86,41.35038665002945,9.920000000000002,14.102697799664751,5,-4.18269779966475,4.18269779966475,True
48749,76330,633,2016,NJ,Pres-G,2016_Pres-G_NJ,YouGov,391,False,False,Online Panel,10.0,,2016-10-20,2016-11-08,19,2377.0,Hillary Rodham Clinton,9207,DEM,47.7,55.4530844496942,Donald Trump,9849,REP,35.7,41.35038665002945,12.0,14.102697799664751,19,-2.1026977996647513,2.1026977996647513,True
46365,72493,634,2016,NM,Pres-G,2016_Pres-G_NM,Ipsos,154,True,False,Online Panel,4.0,,2016-09-19,2016-11-08,50,145.0,Hillary Rodham Clinton,9207,DEM,48.94,48.255647178634106,Donald Trump,9849,REP,39.69,40.04251433324272,9.25,8.213132845391385,50,1.0368671546086148,1.0368671546086148,True
47213,73890,634,2016,NM,Pres-G,2016_Pres-G_NM,Ipsos,154,True,False,Online Panel,4.0,,2016-10-10,2016-11-08,29,150.0,Hillary Rodham Clinton,9207,DEM,51.28,48.255647178634106,Donald Trump,9849,REP,35.11,40.04251433324272,16.17,8.213132845391385,29,7.9568671546086165,7.9568671546086165,True
48789,76375,634,2016,NM,Pres-G,2016_Pres-G_NM,Ipsos,154,True,False,Online Panel,4.0,,2016-10-30,2016-11-08,9,158.0,Hillary Rodham Clinton,9207,DEM,40.94,48.255647178634106,Donald Trump,9849,REP,38.34,40.04251433324272,2.5999999999999943,8.213132845391385,9,-5.613132845391391,5.613132845391391,True
48750,76331,634,2016,NM,Pres-G,2016_Pres-G_NM,YouGov,391,False,False,Online Panel,10.0,,2016-10-20,2016-11-08,19,508.0,Hillary Rodham Clinton,9207,DEM,41.7,48.255647178634106,Donald Trump,9849,REP,34.6,40.04251433324272,7.100000000000001,8.213132845391385,19,-1.1131328453913838,1.1131328453913838,True
46081,72073,635,2016,NV,Pres-G,2016_Pres-G_NV,Ipsos,154,True,False,Online Panel,4.0,,2016-09-12,2016-11-08,57,294.0,Hillary Rodham Clinton,9207,DEM,45.03,47.91782367811904,Donald Trump,9849,REP,45.02,45.50069531760242,0.009999999999998,2.417128360516621,57,-2.407128360516623,2.407128360516623,True
46842,73288,635,2016,NV,Pres-G,2016_Pres-G_NV,Ipsos,154,True,False,Online Panel,4.0,,2016-10-03,2016-11-08,36,347.0,Hillary Rodham Clinton,9207,DEM,40.77,47.91782367811904,Donald Trump,9849,REP,38.73,45.50069531760242,2.0400000000000063,2.417128360516621,36,-0.3771283605166147,0.3771283605166147,True
46867,73320,635,2016,NV,Pres-G,2016_Pres-G_NV,YouGov,391,False,False,Live Phone/Online Panel,9.0,,2016-10-13,2016-11-08,26,996.0,Hillary Rodham Clinton,9207,DEM,46.0,47.91782367811904,Donald Trump,9849,REP,40.0,45.50069531760242,6.0,2.417128360516621,26,3.582871639483379,3.582871639483379,True
47540,74347,635,2016,NV,Pres-G,2016_Pres-G_NV,Marist,183,True,False,Live Phone,9.0,,2016-10-22,2016-11-08,17,707.0,Hillary Rodham Clinton,9207,DEM,43.0,47.91782367811904,Donald Trump,9849,REP,43.0,45.50069531760242,0.0,2.417128360516621,17,-2.417128360516621,2.417128360516621,False
48788,76373,635,2016,NV,Pres-G,2016_Pres-G_NV,Ipsos,154,True,False,Online Panel,4.0,,2016-10-27,2016-11-08,12,339.0,Hillary Rodham Clinton,9207,DEM,45.39,47.91782367811904,Donald Trump,9849,REP,42.15,45.50069531760242,3.240000000000002,2.417128360516621,12,0.822871639483381,0.822871639483381,True
48747,76328,635,2016,NV,Pres-G,2016_Pres-G_NV,YouGov,391,False,False,Online Panel,10.0,,2016-10-20,2016-11-08,19,656.0,Hillary Rodham Clinton,9207,DEM,42.5,47.91782367811904,Donald Trump,9849,REP,40.9,45.50069531760242,1.6000000000000014,2.417128360516621,19,-0.8171283605166195,0.8171283605166195,True
45861,71625,636,2016,NY,Pres-G,2016_Pres-G_NY,Ipsos,154,True,False,Online Panel,4.0,,2016-09-12,2016-11-08,57,544.0,Hillary Rodham Clinton,9207,DEM,53.44,56.722342284541526,Donald Trump,9849,REP,29.97,32.72884002531648,23.47,23.99350225922505,57,-0.5235022592250509,0.5235022592250509,True
46085,72077,636,2016,NY,Pres-G,2016_Pres-G_NY,Ipsos,154,True,False,Online Panel,4.0,,2016-09-19,2016-11-08,50,535.0,Hillary Rodham Clinton,9207,DEM,52.85,56.722342284541526,Donald Trump,9849,REP,34.06,32.72884002531648,18.79,23.99350225922505,50,-5.203502259225051,5.203502259225051,True
46157,72159,636,2016,NY,Pres-G,2016_Pres-G_NY,Marist,183,True,False,Live Phone,9.0,,2016-09-22,2016-11-08,47,676.0,Hillary Rodham Clinton,9207,DEM,52.0,56.722342284541526,Donald Trump,9849,REP,31.0,32.72884002531648,21.0,23.99350225922505,47,-2.9935022592250498,2.9935022592250498,True
46366,72494,636,2016,NY,Pres-G,2016_Pres-G_NY,Ipsos,154,True,False,Online Panel,4.0,,2016-09-26,2016-11-08,43,651.0,Hillary Rodham Clinton,9207,DEM,49.34,56.722342284541526,Donald Trump,9849,REP,29.05,32.72884002531648,20.290000000000003,23.99350225922505,43,-3.703502259225047,3.703502259225047,True
46662,72956,636,2016,NY,Pres-G,2016_Pres-G_NY,Ipsos,154,True,False,Online Panel,4.0,,2016-10-03,2016-11-08,36,714.0,Hillary Rodham Clinton,9207,DEM,54.76,56.722342284541526,Donald Trump,9849,REP,31.07,32.72884002531648,23.69,23.99350225922505,36,-0.3035022592250485,0.3035022592250485,True
46846,73292,636,2016,NY,Pres-G,2016_Pres-G_NY,Ipsos,154,True,False,Online Panel,4.0,,2016-10-10,2016-11-08,29,434.0,Hillary Rodham Clinton,9207,DEM,52.61,56.722342284541526,Donald Trump,9849,REP,26.67,32.72884002531648,25.94,23.99350225922505,29,1.9464977407749515,1.9464977407749515,True
47214,73891,636,2016,NY,Pres-G,2016_Pres-G_NY,Ipsos,154,True,False,Online Panel,4.0,,2016-10-17,2016-11-08,22,346.0,Hillary Rodham Clinton,9207,DEM,53.73,56.722342284541526,Donald Trump,9849,REP,30.1,32.72884002531648,23.629999999999995,23.99350225922505,22,-0.3635022592250543,0.3635022592250543,True
47742,74725,636,2016,NY,Pres-G,2016_Pres-G_NY,Ipsos,154,True,False,Online Panel,4.0,,2016-10-24,2016-11-08,15,498.0,Hillary Rodham Clinton,9207,DEM,51.97,56.722342284541526,Donald Trump,9849,REP,30.28,32.72884002531648,21.69,23.99350225922505,15,-2.3035022592250485,2.3035022592250485,True
48698,76279,636,2016,NY,Pres-G,2016_Pres-G_NY,Ipsos,154,True,False,Online Panel,4.0,,2016-11-03,2016-11-08,5,552.0,Hillary Rodham Clinton,9207,DEM,51.49,56.722342284541526,Donald Trump,9849,REP,33.0,32.72884002531648,18.49,23.99350225922505,5,-5.503502259225051,5.503502259225051,True
48751,76332,636,2016,NY,Pres-G,2016_Pres-G_NY,YouGov,391,False,False,Online Panel,10.0,,2016-10-20,2016-11-08,19,4663.0,Hillary Rodham Clinton,9207,DEM,52.7,56.722342284541526,Donald Trump,9849,REP,31.4,32.72884002531648,21.300000000000004,23.99350225922505,19,-2.6935022592250455,2.6935022592250455,True
45863,71627,637,2016,OH,Pres-G,2016_Pres-G_OH,Ipsos,154,True,False,Online Panel,4.0,,2016-09-12,2016-11-08,57,450.0,Hillary Rodham Clinton,9207,DEM,47.21,43.55807627672002,Donald Trump,9849,REP,43.52,51.68765067578619,3.6899999999999977,-8.129574399066165,57,11.819574399066163,11.819574399066163,False
46087,72079,637,2016,OH,Pres-G,2016_Pres-G_OH,Ipsos,154,True,False,Online Panel,4.0,,2016-09-19,2016-11-08,50,407.0,Hillary Rodham Clinton,9207,DEM,46.34,43.55807627672002,Donald Trump,9849,REP,42.88,51.68765067578619,3.460000000000001,-8.129574399066165,50,11.589574399066166,11.589574399066166,False
46368,72496,637,2016,OH,Pres-G,2016_Pres-G_OH,Ipsos,154,True,False,Online Panel,4.0,,2016-09-26,2016-11-08,43,557.0,Hillary Rodham Clinton,9207,DEM,44.36,43.55807627672002,Donald Trump,9849,REP,42.81,51.68765067578619,1.5499999999999972,-8.129574399066165,43,9.679574399066162,9.679574399066162,False
46665,72959,637,2016,OH,Pres-G,2016_Pres-G_OH,Ipsos,154,True,False,Online Panel,4.0,,2016-10-03,2016-11-08,36,609.0,Hillary Rodham Clinton,9207,DEM,46.21,43.55807627672002,Donald Trump,9849,REP,42.56,51.68765067578619,3.649999999999999,-8.129574399066165,36,11.779574399066163,11.779574399066163,False
46571,72851,637,2016,OH,Pres-G,2016_Pres-G_OH,YouGov,391,False,False,Live Phone/Online Panel,9.0,,2016-10-06,2016-11-08,33,997.0,Hillary Rodham Clinton,9207,DEM,46.0,43.55807627672002,Donald Trump,9849,REP,42.0,51.68765067578619,4.0,-8.129574399066165,33,12.129574399066165,12.129574399066165,False
46789,73167,637,2016,OH,Pres-G,2016_Pres-G_OH,Marist,183,True,False,Live Phone,9.0,,2016-10-11,2016-11-08,28,724.0,Hillary Rodham Clinton,9207,DEM,41.0,43.55807627672002,Donald Trump,9849,REP,42.0,51.68765067578619,-1.0,-8.129574399066165,28,7.129574399066165,7.129574399066165,True
47216,73893,637,2016,OH,Pres-G,2016_Pres-G_OH,Ipsos,154,True,False,Online Panel,4.0,,2016-10-13,2016-11-08,26,1839.0,Hillary Rodham Clinton,9207,DEM,43.41,43.55807627672002,Donald Trump,9849,REP,42.75,51.68765067578619,0.6599999999999966,-8.129574399066165,26,8.789574399066161,8.789574399066161,False
47744,74727,637,2016,OH,Pres-G,2016_Pres-G_OH,Ipsos,154,True,False,Online Panel,4.0,,2016-10-24,2016-11-08,15,508.0,Hillary Rodham Clinton,9207,DEM,44.85,43.55807627672002,Donald Trump,9849,REP,45.17,51.68765067578619,-0.3200000000000003,-8.129574399066165,15,7.809574399066165,7.809574399066165,True
48481,75977,637,2016,OH,Pres-G,2016_Pres-G_OH,YouGov,391,False,False,Live Phone/Online Panel,9.0,,2016-11-03,2016-11-08,5,1189.0,Hillary Rodham Clinton,9207,DEM,45.0,43.55807627672002,Donald Trump,9849,REP,46.0,51.68765067578619,-1.0,-8.129574399066165,5,7.129574399066165,7.129574399066165,True
48700,76281,637,2016,OH,Pres-G,2016_Pres-G_OH,Ipsos,154,True,False,Online Panel,4.0,,2016-11-03,2016-11-08,5,552.0,Hillary Rodham Clinton,9207,DEM,47.04,43.55807627672002,Donald Trump,9849,REP,46.0,51.68765067578619,1.0399999999999991,-8.129574399066165,5,9.169574399066164,9.169574399066164,False
48754,76335,637,2016,OH,Pres-G,2016_Pres-G_OH,YouGov,391,False,False,Online Panel,10.0,,2016-10-20,2016-11-08,19,3455.0,Hillary Rodham Clinton,9207,DEM,43.2,43.55807627672002,Donald Trump,9849,REP,41.5,51.68765067578619,1.7000000000000028,-8.129574399066165,19,9.829574399066168,9.829574399066168,False
46088,72080,638,2016,OK,Pres-G,2016_Pres-G_OK,Ipsos,154,True,False,Online Panel,4.0,,2016-09-12,2016-11-08,57,332.0,Hillary Rodham Clinton,9207,DEM,29.57,28.93168028454389,Donald Trump,9849,REP,54.94,65.32286481962736,-25.37,-36.39118453508346,57,11.02118453508346,11.02118453508346,True
46850,73296,638,2016,OK,Pres-G,2016_Pres-G_OK,Ipsos,154,True,False,Online Panel,4.0,,2016-10-03,2016-11-08,36,432.0,Hillary Rodham Clinton,9207,DEM,36.0,28.93168028454389,Donald Trump,9849,REP,51.26,65.32286481962736,-15.259999999999998,-36.39118453508346,36,21.131184535083463,21.131184535083463,True
48790,76376,638,2016,OK,Pres-G,2016_Pres-G_OK,Ipsos,154,True,False,Online Panel,4.0,,2016-10-27,2016-11-08,12,432.0,Hillary Rodham Clinton,9207,DEM,29.85,28.93168028454389,Donald Trump,9849,REP,60.78,65.32286481962736,-30.93,-36.39118453508346,12,5.461184535083461,5.461184535083461,True
48755,76336,638,2016,OK,Pres-G,2016_Pres-G_OK,YouGov,391,False,False,Online Panel,10.0,,2016-10-20,2016-11-08,19,949.0,Hillary Rodham Clinton,9207,DEM,26.8,28.93168028454389,Donald Trump,9849,REP,53.4,65.32286481962736,-26.6,-36.39118453508346,19,9.79118453508346,9.79118453508346,True
46370,72498,639,2016,OR,Pres-G,2016_Pres-G_OR,Ipsos,154,True,False,Online Panel,4.0,,2016-09-22,2016-11-08,47,436.0,Hillary Rodham Clinton,9207,DEM,48.42,50.07185200286208,Donald Trump,9849,REP,37.65,39.094035184496754,10.770000000000003,10.977816818365326,47,-0.20781681836532329,0.20781681836532329,True
47218,73895,639,2016,OR,Pres-G,2016_Pres-G_OR,Ipsos,154,True,False,Online Panel,4.0,,2016-10-10,2016-11-08,29,644.0,Hillary Rodham Clinton,9207,DEM,46.28,50.07185200286208,Donald Trump,9849,REP,37.24,39.094035184496754,9.04,10.977816818365326,29,-1.9378168183653273,1.9378168183653273,True
48712,76293,639,2016,OR,Pres-G,2016_Pres-G_OR,Ipsos,154,True,False,Online Panel,4.0,,2016-10-30,2016-11-08,9,465.0,Hillary Rodham Clinton,9207,DEM,46.72,50.07185200286208,Donald Trump,9849,REP,37.04,39.094035184496754,9.68,10.977816818365326,9,-1.2978168183653267,1.2978168183653267,True
48756,76337,639,2016,OR,Pres-G,2016_Pres-G_OR,YouGov,391,False,False,Online Panel,10.0,,2016-10-20,2016-11-08,19,1112.0,Hillary Rodham Clinton,9207,DEM,43.8,50.07185200286208,Donald Trump,9849,REP,36.0,39.094035184496754,7.799999999999997,10.977816818365326,19,-3.1778168183653293,3.1778168183653293,True
45866,71630,640,2016,PA,Pres-G,2016_Pres-G_PA,Ipsos,154,True,False,Online Panel,4.0,,2016-09-12,2016-11-08,57,423.0,Hillary Rodham Clinton,9207,DEM,46.11,47.46494918966543,Donald Trump,9849,REP,43.81,48.18333631228592,2.299999999999997,-0.7183871226204914,57,3.0183871226204886,3.0183871226204886,False
46090,72082,640,2016,PA,Pres-G,2016_Pres-G_PA,Ipsos,154,True,False,Online Panel,4.0,,2016-09-19,2016-11-08,50,387.0,Hillary Rodham Clinton,9207,DEM,45.69,47.46494918966543,Donald Trump,9849,REP,46.46,48.18333631228592,-0.7700000000000031,-0.7183871226204914,50,-0.0516128773795117,0.0516128773795117,True
46371,72499,640,2016,PA,Pres-G,2016_Pres-G_PA,Ipsos,154,True,False,Online Panel,4.0,,2016-09-26,2016-11-08,43,500.0,Hillary Rodham Clinton,9207,DEM,45.23,47.46494918966543,Donald Trump,9849,REP,42.35,48.18333631228592,2.8799999999999955,-0.7183871226204914,43,3.598387122620487,3.598387122620487,False
46668,72962,640,2016,PA,Pres-G,2016_Pres-G_PA,Ipsos,154,True,False,Online Panel,4.0,,2016-10-03,2016-11-08,36,468.0,Hillary Rodham Clinton,9207,DEM,49.34,47.46494918966543,Donald Trump,9849,REP,42.79,48.18333631228592,6.550000000000004,-0.7183871226204914,36,7.268387122620496,7.268387122620496,False
46567,72837,640,2016,PA,Pres-G,2016_Pres-G_PA,Marist,183,True,False,Live Phone,9.0,,2016-10-05,2016-11-08,34,709.0,Hillary Rodham Clinton,9207,DEM,49.0,47.46494918966543,Donald Trump,9849,REP,37.0,48.18333631228592,12.0,-0.7183871226204914,34,12.718387122620491,12.718387122620491,False
46570,72853,640,2016,PA,Pres-G,2016_Pres-G_PA,YouGov,391,False,False,Live Phone/Online Panel,9.0,,2016-10-06,2016-11-08,33,997.0,Hillary Rodham Clinton,9207,DEM,48.0,47.46494918966543,Donald Trump,9849,REP,40.0,48.18333631228592,8.0,-0.7183871226204914,33,8.718387122620491,8.718387122620491,False
46852,73298,640,2016,PA,Pres-G,2016_Pres-G_PA,Ipsos,154,True,False,Online Panel,4.0,,2016-10-10,2016-11-08,29,1153.0,Hillary Rodham Clinton,9207,DEM,46.13,47.46494918966543,Donald Trump,9849,REP,41.91,48.18333631228592,4.220000000000006,-0.7183871226204914,29,4.938387122620497,4.938387122620497,False
47219,73896,640,2016,PA,Pres-G,2016_Pres-G_PA,Ipsos,154,True,False,Online Panel,4.0,,2016-10-17,2016-11-08,22,553.0,Hillary Rodham Clinton,9207,DEM,49.13,47.46494918966543,Donald Trump,9849,REP,38.7,48.18333631228592,10.43,-0.7183871226204914,22,11.148387122620491,11.148387122620491,False
47747,74730,640,2016,PA,Pres-G,2016_Pres-G_PA,Ipsos,154,True,False,Online Panel,4.0,,2016-10-24,2016-11-08,15,445.0,Hillary Rodham Clinton,9207,DEM,48.03,47.46494918966543,Donald Trump,9849,REP,45.87,48.18333631228592,2.160000000000004,-0.7183871226204914,15,2.8783871226204956,2.8783871226204956,False
47777,74787,640,2016,PA,Pres-G,2016_Pres-G_PA,YouGov,391,False,False,Live Phone/Online Panel,9.0,,2016-10-27,2016-11-08,12,1091.0,Hillary Rodham Clinton,9207,DEM,48.0,47.46494918966543,Donald Trump,9849,REP,40.0,48.18333631228592,8.0,-0.7183871226204914,12,8.718387122620491,8.718387122620491,False
48683,76246,640,2016,PA,Pres-G,2016_Pres-G_PA,YouGov,391,False,False,Online Panel,6.0,,2016-11-04,2016-11-08,4,931.0,Hillary Rodham Clinton,9207,DEM,45.0,47.46494918966543,Donald Trump,9849,REP,43.0,48.18333631228592,2.0,-0.7183871226204914,4,2.7183871226204914,2.7183871226204914,False
48701,76282,640,2016,PA,Pres-G,2016_Pres-G_PA,Ipsos,154,True,False,Online Panel,4.0,,2016-11-03,2016-11-08,5,498.0,Hillary Rodham Clinton,9207,DEM,48.2,47.46494918966543,Donald Trump,9849,REP,45.19,48.18333631228592,3.010000000000005,-0.7183871226204914,5,3.7283871226204965,3.7283871226204965,False
48757,76338,640,2016,PA,Pres-G,2016_Pres-G_PA,YouGov,391,False,False,Online Panel,10.0,,2016-10-20,2016-11-08,19,3704.0,Hillary Rodham Clinton,9207,DEM,42.7,47.46494918966543,Donald Trump,9849,REP,41.2,48.18333631228592,1.5,-0.7183871226204914,19,2.2183871226204914,2.2183871226204914,False
48758,76339,641,2016,RI,Pres-G,2016_Pres-G_RI,YouGov,391,False,False,Online Panel,10.0,,2016-10-20,2016-11-08,19,287.0,Hillary Rodham Clinton,9207,DEM,47.0,54.41715834795089,Donald Trump,9849,REP,29.2,38.88620720864382,17.8,15.53095113930707,19,2.26904886069293,2.26904886069293,True
46372,72500,642,2016,SC,Pres-G,2016_Pres-G_SC,Ipsos,154,True,False,Online Panel,4.0,,2016-09-22,2016-11-08,47,240.0,Hillary Rodham Clinton,9207,DEM,44.41,40.67341978966509,Donald Trump,9849,REP,49.0,54.93933268569543,-4.590000000000003,-14.265912896030343,47,9.67591289603034,9.67591289603034,True
47220,73897,642,2016,SC,Pres-G,2016_Pres-G_SC,Ipsos,154,True,False,Online Panel,4.0,,2016-10-10,2016-11-08,29,304.0,Hillary Rodham Clinton,9207,DEM,43.67,40.67341978966509,Donald Trump,9849,REP,50.89,54.93933268569543,-7.219999999999999,-14.265912896030343,29,7.0459128960303445,7.0459128960303445,True
48713,76294,642,2016,SC,Pres-G,2016_Pres-G_SC,Ipsos,154,True,False,Online Panel,4.0,,2016-10-30,2016-11-08,9,251.0,Hillary Rodham Clinton,9207,DEM,43.61,40.67341978966509,Donald Trump,9849,REP,49.43,54.93933268569543,-5.82,-14.265912896030343,9,8.445912896030343,8.445912896030343,True
48759,76340,642,2016,SC,Pres-G,2016_Pres-G_SC,YouGov,391,False,False,Online Panel,10.0,,2016-10-20,2016-11-08,19,1298.0,Hillary Rodham Clinton,9207,DEM,35.6,40.67341978966509,Donald Trump,9849,REP,46.6,54.93933268569543,-11.0,-14.265912896030343,19,3.2659128960303434,3.2659128960303434,True
46373,72501,643,2016,SD,Pres-G,2016_Pres-G_SD,Ipsos,154,True,False,Online Panel,4.0,,2016-09-19,2016-11-08,50,105.0,Hillary Rodham Clinton,9207,DEM,31.67,31.737428159948987,Donald Trump,9849,REP,46.8,61.5307503789588,-15.129999999999995,-29.793322219009813,50,14.663322219009817,14.663322219009817,True
47221,73898,643,2016,SD,Pres-G,2016_Pres-G_SD,Ipsos,154,True,False,Online Panel,4.0,,2016-10-10,2016-11-08,29,103.0,Hillary Rodham Clinton,9207,DEM,32.76,31.737428159948987,Donald Trump,9849,REP,49.64,61.5307503789588,-16.880000000000003,-29.793322219009813,29,12.91332221900981,12.91332221900981,True
48791,76377,643,2016,SD,Pres-G,2016_Pres-G_SD,Ipsos,154,True,False,Online Panel,4.0,,2016-10-30,2016-11-08,9,114.0,Hillary Rodham Clinton,9207,DEM,29.45,31.737428159948987,Donald Trump,9849,REP,52.16,61.5307503789588,-22.71,-29.793322219009813,9,7.083322219009812,7.083322219009812,True
48760,76341,643,2016,SD,Pres-G,2016_Pres-G_SD,YouGov,391,False,False,Online Panel,10.0,,2016-10-20,2016-11-08,19,246.0,Hillary Rodham Clinton,9207,DEM,31.3,31.737428159948987,Donald Trump,9849,REP,49.6,61.5307503789588,-18.3,-29.793322219009813,19,11.493322219009812,11.493322219009812,True
46093,72085,644,2016,TN,Pres-G,2016_Pres-G_TN,Ipsos,154,True,False,Online Panel,4.0,,2016-09-15,2016-11-08,54,447.0,Hillary Rodham Clinton,9207,DEM,33.39,34.71633279865009,Donald Trump,9849,REP,47.02,60.722033694214616,-13.630000000000004,-26.005700895564523,54,12.375700895564519,12.375700895564519,True
46671,72965,644,2016,TN,Pres-G,2016_Pres-G_TN,Ipsos,154,True,False,Online Panel,4.0,,2016-09-29,2016-11-08,40,557.0,Hillary Rodham Clinton,9207,DEM,33.86,34.71633279865009,Donald Trump,9849,REP,48.57,60.722033694214616,-14.71,-26.005700895564523,40,11.295700895564522,11.295700895564522,True
47222,73899,644,2016,TN,Pres-G,2016_Pres-G_TN,Ipsos,154,True,False,Online Panel,4.0,,2016-10-13,2016-11-08,26,433.0,Hillary Rodham Clinton,9207,DEM,34.69,34.71633279865009,Donald Trump,9849,REP,44.35,60.722033694214616,-9.660000000000004,-26.005700895564523,26,16.34570089556452,16.34570089556452,True
48714,76295,644,2016,TN,Pres-G,2016_Pres-G_TN,Ipsos,154,True,False,Online Panel,4.0,,2016-10-30,2016-11-08,9,538.0,Hillary Rodham Clinton,9207,DEM,36.33,34.71633279865009,Donald Trump,9849,REP,49.76,60.722033694214616,-13.43,-26.005700895564523,9,12.575700895564523,12.575700895564523,True
48761,76342,644,2016,TN,Pres-G,2016_Pres-G_TN,YouGov,391,False,False,Online Panel,10.0,,2016-10-20,2016-11-08,19,1729.0,Hillary Rodham Clinton,9207,DEM,33.9,34.71633279865009,Donald Trump,9849,REP,48.3,60.722033694214616,-14.4,-26.005700895564523,19,11.605700895564523,11.605700895564523,True
45869,71633,645,2016,TX,Pres-G,2016_Pres-G_TX,Ipsos,154,True,False,Online Panel,4.0,,2016-09-12,2016-11-08,57,462.0,Hillary Rodham Clinton,9207,DEM,28.51,43.23525798101196,Donald Trump,9849,REP,51.13,52.23468557933538,-22.62,-8.999427598323422,57,-13.62057240167658,13.62057240167658,True
46094,72086,645,2016,TX,Pres-G,2016_Pres-G_TX,Ipsos,154,True,False,Online Panel,4.0,,2016-09-19,2016-11-08,50,462.0,Hillary Rodham Clinton,9207,DEM,32.6,43.23525798101196,Donald Trump,9849,REP,48.1,52.23468557933538,-15.5,-8.999427598323422,50,-6.500572401676578,6.500572401676578,True
46375,72503,645,2016,TX,Pres-G,2016_Pres-G_TX,Ipsos,154,True,False,Online Panel,4.0,,2016-09-26,2016-11-08,43,464.0,Hillary Rodham Clinton,9207,DEM,32.9,43.23525798101196,Donald Trump,9849,REP,48.31,52.23468557933538,-15.410000000000004,-8.999427598323422,43,-6.410572401676582,6.410572401676582,True
46672,72966,645,2016,TX,Pres-G,2016_Pres-G_TX,Ipsos,154,True,False,Online Panel,4.0,,2016-10-03,2016-11-08,36,583.0,Hillary Rodham Clinton,9207,DEM,33.59,43.23525798101196,Donald Trump,9849,REP,50.14,52.23468557933538,-16.549999999999997,-8.999427598323422,36,-7.550572401676575,7.550572401676575,True
46856,73302,645,2016,TX,Pres-G,2016_Pres-G_TX,Ipsos,154,True,False,Online Panel,4.0,,2016-10-10,2016-11-08,29,422.0,Hillary Rodham Clinton,9207,DEM,31.57,43.23525798101196,Donald Trump,9849,REP,57.0,52.23468557933538,-25.43,-8.999427598323422,29,-16.430572401676578,16.430572401676578,True
47223,73900,645,2016,TX,Pres-G,2016_Pres-G_TX,Ipsos,154,True,False,Online Panel,4.0,,2016-10-17,2016-11-08,22,405.0,Hillary Rodham Clinton,9207,DEM,39.04,43.23525798101196,Donald Trump,9849,REP,52.23,52.23468557933538,-13.189999999999998,-8.999427598323422,22,-4.190572401676576,4.190572401676576,True
47237,73920,645,2016,TX,Pres-G,2016_Pres-G_TX,YouGov,391,False,False,Live Phone/Online Panel,9.0,,2016-10-21,2016-11-08,18,1031.0,Hillary Rodham Clinton,9207,DEM,43.0,43.23525798101196,Donald Trump,9849,REP,46.0,52.23468557933538,-3.0,-8.999427598323422,18,5.999427598323422,5.999427598323422,True
47544,74373,645,2016,TX,Pres-G,2016_Pres-G_TX,YouGov,391,False,False,Online Panel,8.0,,2016-10-18,2016-11-08,21,959.0,Hillary Rodham Clinton,9207,DEM,42.0,43.23525798101196,Donald Trump,9849,REP,45.0,52.23468557933538,-3.0,-8.999427598323422,21,5.999427598323422,5.999427598323422,True
47750,74733,645,2016,TX,Pres-G,2016_Pres-G_TX,Ipsos,154,True,False,Online Panel,4.0,,2016-10-24,2016-11-08,15,504.0,Hillary Rodham Clinton,9207,DEM,33.95,43.23525798101196,Donald Trump,9849,REP,48.36,52.23468557933538,-14.409999999999997,-8.999427598323422,15,-5.410572401676575,5.410572401676575,True
48210,75508,645,2016,TX,Pres-G,2016_Pres-G_TX,Marist,183,True,False,Live Phone,9.0,,2016-10-31,2016-11-08,8,679.0,Hillary Rodham Clinton,9207,DEM,40.0,43.23525798101196,Donald Trump,9849,REP,49.0,52.23468557933538,-9.0,-8.999427598323422,8,-0.000572401676578238,0.000572401676578238,True
48702,76283,645,2016,TX,Pres-G,2016_Pres-G_TX,Ipsos,154,True,False,Online Panel,4.0,,2016-11-03,2016-11-08,5,646.0,Hillary Rodham Clinton,9207,DEM,39.3,43.23525798101196,Donald Trump,9849,REP,48.75,52.23468557933538,-9.450000000000005,-8.999427598323422,5,-0.45057240167658286,0.45057240167658286,True
48762,76343,645,2016,TX,Pres-G,2016_Pres-G_TX,YouGov,391,False,False,Online Panel,10.0,,2016-10-20,2016-11-08,19,5874.0,Hillary Rodham Clinton,9207,DEM,36.8,43.23525798101196,Donald Trump,9849,REP,44.7,52.23468557933538,-7.900000000000006,-8.999427598323422,19,1.099427598323416,1.099427598323416,True
46095,72087,646,2016,UT,Pres-G,2016_Pres-G_UT,Ipsos,154,True,False,Online Panel,4.0,,2016-09-12,2016-11-08,57,208.0,Hillary Rodham Clinton,9207,DEM,31.24,27.459545266522184,Donald Trump,9849,REP,47.96,45.53795868437707,-16.720000000000002,-18.078413417854883,57,1.3584134178548801,1.3584134178548801,True
46857,73303,646,2016,UT,Pres-G,2016_Pres-G_UT,Ipsos,154,True,False,Online Panel,4.0,,2016-10-03,2016-11-08,36,282.0,Hillary Rodham Clinton,9207,DEM,35.0,27.459545266522184,Donald Trump,9849,REP,41.45,45.53795868437707,-6.450000000000003,-18.078413417854883,36,11.62841341785488,11.62841341785488,True
46866,73319,646,2016,UT,Pres-G,2016_Pres-G_UT,YouGov,391,False,False,Live Phone/Online Panel,9.0,,2016-10-13,2016-11-08,26,951.0,Hillary Rodham Clinton,9207,DEM,20.0,27.459545266522184,Donald Trump,9849,REP,37.0,45.53795868437707,-17.0,-18.078413417854883,26,1.0784134178548825,1.0784134178548825,True
48684,76247,646,2016,UT,Pres-G,2016_Pres-G_UT,YouGov,391,False,False,Online Panel,6.0,,2016-11-04,2016-11-08,4,762.0,Hillary Rodham Clinton,9207,DEM,23.0,27.459545266522184,Donald Trump,9849,REP,40.0,45.53795868437707,-17.0,-18.078413417854883,4,1.0784134178548825,1.0784134178548825,True
48792,76378,646,2016,UT,Pres-G,2016_Pres-G_UT,Ipsos,154,True,False,Online Panel,4.0,,2016-10-27,2016-11-08,12,286.0,Hillary Rodham Clinton,9207,DEM,32.9,27.459545266522184,Donald Trump,9849,REP,39.66,45.53795868437707,-6.759999999999998,-18.078413417854883,12,11.318413417854885,11.318413417854885,True
48763,76344,646,2016,UT,Pres-G,2016_Pres-G_UT,YouGov,391,False,False,Online Panel,10.0,,2016-10-20,2016-11-08,19,676.0,Hillary Rodham Clinton,9207,DEM,23.7,27.459545266522184,Donald Trump,9849,REP,32.8,45.53795868437707,-9.099999999999998,-18.078413417854883,19,8.978413417854885,8.978413417854885,True
45871,71635,647,2016,VA,Pres-G,2016_Pres-G_VA,Ipsos,154,True,False,Online Panel,4.0,,2016-09-12,2016-11-08,57,435.0,Hillary Rodham Clinton,9207,DEM,47.35,49.72789199301014,Donald Trump,9849,REP,37.51,44.40669663012711,9.840000000000003,5.321195362883032,57,4.518804637116971,4.518804637116971,True
46029,71985,647,2016,VA,Pres-G,2016_Pres-G_VA,YouGov,391,False,False,Live Phone/Online Panel,9.0,,2016-09-22,2016-11-08,47,1237.0,Hillary Rodham Clinton,9207,DEM,45.0,49.72789199301014,Donald Trump,9849,REP,37.0,44.40669663012711,8.0,5.321195362883032,47,2.6788046371169676,2.6788046371169676,True
46377,72505,647,2016,VA,Pres-G,2016_Pres-G_VA,Ipsos,154,True,False,Online Panel,4.0,,2016-09-22,2016-11-08,47,849.0,Hillary Rodham Clinton,9207,DEM,48.26,49.72789199301014,Donald Trump,9849,REP,40.35,44.40669663012711,7.909999999999997,5.321195362883032,47,2.588804637116964,2.588804637116964,True
46858,73304,647,2016,VA,Pres-G,2016_Pres-G_VA,Ipsos,154,True,False,Online Panel,4.0,,2016-10-06,2016-11-08,33,884.0,Hillary Rodham Clinton,9207,DEM,49.22,49.72789199301014,Donald Trump,9849,REP,38.8,44.40669663012711,10.420000000000002,5.321195362883032,33,5.098804637116969,5.098804637116969,True
47752,74735,647,2016,VA,Pres-G,2016_Pres-G_VA,Ipsos,154,True,False,Online Panel,4.0,,2016-10-20,2016-11-08,19,697.0,Hillary Rodham Clinton,9207,DEM,48.11,49.72789199301014,Donald Trump,9849,REP,39.3,44.40669663012711,8.810000000000002,5.321195362883032,19,3.48880463711697,3.48880463711697,True
48703,76284,647,2016,VA,Pres-G,2016_Pres-G_VA,Ipsos,154,True,False,Online Panel,4.0,,2016-11-03,2016-11-08,5,534.0,Hillary Rodham Clinton,9207,DEM,45.9,49.72789199301014,Donald Trump,9849,REP,41.11,44.40669663012711,4.789999999999999,5.321195362883032,5,-0.5311953628830333,0.5311953628830333,True
48765,76346,647,2016,VA,Pres-G,2016_Pres-G_VA,YouGov,391,False,False,Online Panel,10.0,,2016-10-20,2016-11-08,19,2460.0,Hillary Rodham Clinton,9207,DEM,46.1,49.72789199301014,Donald Trump,9849,REP,37.0,44.40669663012711,9.1,5.321195362883032,19,3.7788046371169672,3.7788046371169672,True
46674,72968,648,2016,VT,Pres-G,2016_Pres-G_VT,Ipsos,154,True,False,Online Panel,4.0,,2016-09-26,2016-11-08,43,102.0,Hillary Rodham Clinton,9207,DEM,46.34,56.67778599472493,Donald Trump,9849,REP,21.29,30.26943475514732,25.050000000000004,26.408351239577613,43,-1.3583512395776083,1.3583512395776083,True
48255,75556,648,2016,VT,Pres-G,2016_Pres-G_VT,Ipsos,154,True,False,Online Panel,4.0,,2016-10-30,2016-11-08,9,106.0,Hillary Rodham Clinton,9207,DEM,48.27,56.67778599472493,Donald Trump,9849,REP,23.4,30.26943475514732,24.870000000000005,26.408351239577613,9,-1.538351239577608,1.538351239577608,True
48764,76345,648,2016,VT,Pres-G,2016_Pres-G_VT,YouGov,391,False,False,Online Panel,10.0,,2016-10-20,2016-11-08,19,191.0,Hillary Rodham Clinton,9207,DEM,40.5,56.67778599472493,Donald Trump,9849,REP,24.5,30.26943475514732,16.0,26.408351239577613,19,-10.408351239577613,10.408351239577613,True
45872,71636,649,2016,WA,Pres-G,2016_Pres-G_WA,Ipsos,154,True,False,Online Panel,4.0,,2016-09-08,2016-11-08,61,460.0,Hillary Rodham Clinton,9207,DEM,46.81,52.53868006182659,Donald Trump,9849,REP,36.92,36.83268018663746,9.89,15.705999875189129,61,-5.815999875189128,5.815999875189128,True
46378,72506,649,2016,WA,Pres-G,2016_Pres-G_WA,Ipsos,154,True,False,Online Panel,4.0,,2016-09-22,2016-11-08,47,496.0,Hillary Rodham Clinton,9207,DEM,48.94,52.53868006182659,Donald Trump,9849,REP,35.28,36.83268018663746,13.659999999999997,15.705999875189129,47,-2.045999875189132,2.045999875189132,True
46676,72970,649,2016,WA,Pres-G,2016_Pres-G_WA,Ipsos,154,True,False,Online Panel,4.0,,2016-10-03,2016-11-08,36,341.0,Hillary Rodham Clinton,9207,DEM,50.9,52.53868006182659,Donald Trump,9849,REP,33.29,36.83268018663746,17.61,15.705999875189129,36,1.9040001248108709,1.9040001248108709,True
47628,74543,649,2016,WA,Pres-G,2016_Pres-G_WA,YouGov,391,False,False,Online Panel,7.0,,2016-10-10,2016-11-08,29,750.0,Hillary Rodham Clinton,9207,DEM,53.0,52.53868006182659,Donald Trump,9849,REP,39.0,36.83268018663746,14.0,15.705999875189129,29,-1.7059998751891285,1.7059998751891285,True
47226,73903,649,2016,WA,Pres-G,2016_Pres-G_WA,Ipsos,154,True,False,Online Panel,4.0,,2016-10-13,2016-11-08,26,488.0,Hillary Rodham Clinton,9207,DEM,46.14,52.53868006182659,Donald Trump,9849,REP,42.36,36.83268018663746,3.780000000000001,15.705999875189129,26,-11.925999875189127,11.925999875189127,True
48715,76296,649,2016,WA,Pres-G,2016_Pres-G_WA,Ipsos,154,True,False,Online Panel,4.0,,2016-10-30,2016-11-08,9,562.0,Hillary Rodham Clinton,9207,DEM,46.72,52.53868006182659,Donald Trump,9849,REP,38.48,36.83268018663746,8.240000000000002,15.705999875189129,9,-7.4659998751891266,7.4659998751891266,True
48766,76347,649,2016,WA,Pres-G,2016_Pres-G_WA,YouGov,391,False,False,Online Panel,10.0,,2016-10-20,2016-11-08,19,1985.0,Hillary Rodham Clinton,9207,DEM,47.4,52.53868006182659,Donald Trump,9849,REP,31.7,36.83268018663746,15.7,15.705999875189129,19,-0.005999875189129256,0.005999875189129256,True
46099,72091,650,2016,WI,Pres-G,2016_Pres-G_WI,Ipsos,154,True,False,Online Panel,4.0,,2016-09-15,2016-11-08,54,526.0,Hillary Rodham Clinton,9207,DEM,41.12,46.45384137224266,Donald Trump,9849,REP,41.09,47.21818456731012,0.029999999999994,-0.7643431950674611,54,0.7943431950674551,0.7943431950674551,False
46678,72972,650,2016,WI,Pres-G,2016_Pres-G_WI,Ipsos,154,True,False,Online Panel,4.0,,2016-09-29,2016-11-08,40,687.0,Hillary Rodham Clinton,9207,DEM,45.72,46.45384137224266,Donald Trump,9849,REP,42.28,47.21818456731012,3.4399999999999977,-0.7643431950674611,40,4.204343195067459,4.204343195067459,False
46569,72848,650,2016,WI,Pres-G,2016_Pres-G_WI,YouGov,391,False,False,Live Phone/Online Panel,9.0,,2016-10-06,2016-11-08,33,993.0,Hillary Rodham Clinton,9207,DEM,43.0,46.45384137224266,Donald Trump,9849,REP,39.0,47.21818456731012,4.0,-0.7643431950674611,33,4.764343195067461,4.764343195067461,False
47228,73905,650,2016,WI,Pres-G,2016_Pres-G_WI,Ipsos,154,True,False,Online Panel,4.0,,2016-10-13,2016-11-08,26,470.0,Hillary Rodham Clinton,9207,DEM,45.38,46.45384137224266,Donald Trump,9849,REP,41.86,47.21818456731012,3.520000000000003,-0.7643431950674611,26,4.284343195067464,4.284343195067464,False
48717,76298,650,2016,WI,Pres-G,2016_Pres-G_WI,Ipsos,154,True,False,Online Panel,4.0,,2016-10-30,2016-11-08,9,625.0,Hillary Rodham Clinton,9207,DEM,45.92,46.45384137224266,Donald Trump,9849,REP,39.99,47.21818456731012,5.93,-0.7643431950674611,9,6.694343195067461,6.694343195067461,False
48768,76349,650,2016,WI,Pres-G,2016_Pres-G_WI,YouGov,391,False,False,Online Panel,10.0,,2016-10-20,2016-11-08,19,1794.0,Hillary Rodham Clinton,9207,DEM,42.2,46.45384137224266,Donald Trump,9849,REP,37.7,47.21818456731012,4.5,-0.7643431950674611,19,5.264343195067461,5.264343195067461,False
46379,72507,651,2016,WV,Pres-G,2016_Pres-G_WV,Ipsos,154,True,False,Online Panel,4.0,,2016-09-19,2016-11-08,50,173.0,Hillary Rodham Clinton,9207,DEM,33.12,26.426080907249627,Donald Trump,9849,REP,52.74,68.49877453553427,-19.620000000000005,-42.07269362828464,50,22.452693628284635,22.452693628284635,True
47227,73904,651,2016,WV,Pres-G,2016_Pres-G_WV,Ipsos,154,True,False,Online Panel,4.0,,2016-10-10,2016-11-08,29,129.0,Hillary Rodham Clinton,9207,DEM,39.5,26.426080907249627,Donald Trump,9849,REP,55.84,68.49877453553427,-16.340000000000003,-42.07269362828464,29,25.732693628284636,25.732693628284636,True
48716,76297,651,2016,WV,Pres-G,2016_Pres-G_WV,Ipsos,154,True,False,Online Panel,4.0,,2016-10-30,2016-11-08,9,180.0,Hillary Rodham Clinton,9207,DEM,34.22,26.426080907249627,Donald Trump,9849,REP,58.04,68.49877453553427,-23.82,-42.07269362828464,9,18.25269362828464,18.25269362828464,True
48767,76348,651,2016,WV,Pres-G,2016_Pres-G_WV,YouGov,391,False,False,Online Panel,10.0,,2016-10-20,2016-11-08,19,472.0,Hillary Rodham Clinton,9207,DEM,25.7,26.426080907249627,Donald Trump,9849,REP,54.0,68.49877453553427,-28.3,-42.07269362828464,19,13.772693628284639,13.772693628284639,True
48769,76350,652,2016,WY,Pres-G,2016_Pres-G_WY,YouGov,391,False,False,Online Panel,10.0,,2016-10-20,2016-11-08,19,151.0,Hillary Rodham Clinton,9207,DEM,26.2,21.87735734749793,Donald Trump,9849,REP,59.0,68.17263307654125,-32.8,-46.29527572904331,19,13.495275729043314,13.495275729043314,True
29507,35107,656,2012,AZ,Pres-G,2012_Pres-G_AZ,YouGov,391,False,False,Online Panel,8.0,,2012-09-11,2012-11-06,56,628.0,Barack Obama,16,DEM,41.0,44.58976694179938,Mitt Romney,9,REP,51.0,53.65453316597471,-10.0,-9.064766224175322,56,-0.9352337758246776,0.9352337758246776,True
30051,35955,656,2012,AZ,Pres-G,2012_Pres-G_AZ,YouGov,391,False,False,Online Panel,8.0,,2012-10-08,2012-11-06,29,469.0,Barack Obama,16,DEM,43.0,44.58976694179938,Mitt Romney,9,REP,52.0,53.65453316597471,-9.0,-9.064766224175322,29,0.0647662241753224,0.0647662241753224,True
30685,36956,656,2012,AZ,Pres-G,2012_Pres-G_AZ,YouGov,391,False,False,Online Panel,8.0,,2012-11-02,2012-11-06,4,702.0,Barack Obama,16,DEM,44.0,44.58976694179938,Mitt Romney,9,REP,52.0,53.65453316597471,-8.0,-9.064766224175322,4,1.0647662241753224,1.0647662241753224,True
29483,35065,657,2012,CA,Pres-G,2012_Pres-G_CA,YouGov,391,False,False,Online Panel,9.0,,2012-09-11,2012-11-06,56,1361.0,Barack Obama,16,DEM,56.0,60.23895914168964,Mitt Romney,9,REP,39.0,37.1203785207048,17.0,23.118580620984844,56,-6.118580620984844,6.118580620984844,True
30046,35945,657,2012,CA,Pres-G,2012_Pres-G_CA,YouGov,391,False,False,Online Panel,8.0,,2012-10-08,2012-11-06,29,1169.0,Barack Obama,16,DEM,58.0,60.23895914168964,Mitt Romney,9,REP,39.0,37.1203785207048,19.0,23.118580620984844,29,-4.118580620984844,4.118580620984844,True
30703,36991,657,2012,CA,Pres-G,2012_Pres-G_CA,YouGov,391,False,False,Online Panel,8.0,,2012-11-02,2012-11-06,4,1575.0,Barack Obama,16,DEM,55.0,60.23895914168964,Mitt Romney,9,REP,40.0,37.1203785207048,15.0,23.118580620984844,4,-8.118580620984844,8.118580620984844,True
29434,35000,658,2012,CO,Pres-G,2012_Pres-G_CO,YouGov,391,False,False,Online Panel,8.0,,2012-09-11,2012-11-06,56,707.0,Barack Obama,16,DEM,50.0,51.49214523168122,Mitt Romney,9,REP,45.0,46.1269839293067,5.0,5.365161302374524,56,-0.36516130237452415,0.36516130237452415,True
29441,35012,658,2012,CO,Pres-G,2012_Pres-G_CO,Marist,183,True,False,Live Phone,9.0,,2012-09-17,2012-11-06,50,971.0,Barack Obama,16,DEM,50.0,51.49214523168122,Mitt Romney,9,REP,45.0,46.1269839293067,5.0,5.365161302374524,50,-0.36516130237452415,0.36516130237452415,True
30035,35922,658,2012,CO,Pres-G,2012_Pres-G_CO,YouGov,391,False,False,Online Panel,9.0,,2012-10-08,2012-11-06,29,527.0,Barack Obama,16,DEM,48.0,51.49214523168122,Mitt Romney,9,REP,45.0,46.1269839293067,3.0,5.365161302374524,29,-2.365161302374524,2.365161302374524,True
30316,36347,658,2012,CO,Pres-G,2012_Pres-G_CO,Marist,183,True,False,Live Phone,9.0,,2012-10-23,2012-11-06,14,1128.0,Barack Obama,16,DEM,48.0,51.49214523168122,Mitt Romney,9,REP,48.0,46.1269839293067,0.0,5.365161302374524,14,-5.365161302374524,5.365161302374524,False
30603,36803,658,2012,CO,Pres-G,2012_Pres-G_CO,Ipsos,154,True,False,Online Panel,5.0,,2012-11-01,2012-11-06,5,1052.0,Barack Obama,16,DEM,46.0,51.49214523168122,Mitt Romney,9,REP,46.0,46.1269839293067,0.0,5.365161302374524,5,-5.365161302374524,5.365161302374524,False
30604,36804,658,2012,CO,Pres-G,2012_Pres-G_CO,Ipsos,154,True,False,Online Panel,5.0,,2012-11-01,2012-11-06,5,1226.0,Barack Obama,16,DEM,43.0,51.49214523168122,Mitt Romney,9,REP,46.0,46.1269839293067,-3.0,5.365161302374524,5,-8.365161302374524,8.365161302374524,False
30712,37008,658,2012,CO,Pres-G,2012_Pres-G_CO,YouGov,391,False,False,Online Panel,8.0,,2012-11-02,2012-11-06,4,752.0,Barack Obama,16,DEM,48.0,51.49214523168122,Mitt Romney,9,REP,47.0,46.1269839293067,1.0,5.365161302374524,4,-4.365161302374524,4.365161302374524,True
30787,37141,658,2012,CO,Pres-G,2012_Pres-G_CO,Ipsos,154,True,False,Online Panel,7.0,,2012-11-04,2012-11-06,2,774.0,Barack Obama,16,DEM,48.0,51.49214523168122,Mitt Romney,9,REP,47.0,46.1269839293067,1.0,5.365161302374524,2,-4.365161302374524,4.365161302374524,True
29496,35086,659,2012,CT,Pres-G,2012_Pres-G_CT,YouGov,391,False,False,Online Panel,8.0,,2012-09-11,2012-11-06,56,634.0,Barack Obama,16,DEM,53.0,58.05684558936727,Mitt Romney,9,REP,40.0,40.725355365115206,13.0,17.331490224252065,56,-4.3314902242520645,4.3314902242520645,True
30042,35992,659,2012,CT,Pres-G,2012_Pres-G_CT,YouGov,391,False,False,Online Panel,7.0,,2012-10-08,2012-11-06,29,434.0,Barack Obama,16,DEM,53.0,58.05684558936727,Mitt Romney,9,REP,39.0,40.725355365115206,14.0,17.331490224252065,29,-3.3314902242520645,3.3314902242520645,True
30702,36989,659,2012,CT,Pres-G,2012_Pres-G_CT,YouGov,391,False,False,Online Panel,8.0,,2012-11-02,2012-11-06,4,895.0,Barack Obama,16,DEM,54.0,58.05684558936727,Mitt Romney,9,REP,39.0,40.725355365115206,15.0,17.331490224252065,4,-2.3314902242520645,2.3314902242520645,True
19100,24420,662,2012,FL,Pres-G,2012_Pres-G_FL,Marist,183,True,False,Live Phone,9.0,,2012-09-10,2012-11-06,57,980.0,Barack Obama,16,DEM,49.0,50.007865068698685,Mitt Romney,9,REP,44.0,49.13097776197552,5.0,0.8768873067231624,57,4.123112693276838,4.123112693276838,True
29429,34992,662,2012,FL,Pres-G,2012_Pres-G_FL,YouGov,391,False,False,Online Panel,8.0,,2012-09-11,2012-11-06,56,1415.0,Barack Obama,16,DEM,49.0,50.007865068698685,Mitt Romney,9,REP,47.0,49.13097776197552,2.0,0.8768873067231624,56,1.1231126932768376,1.1231126932768376,True
29724,35441,662,2012,FL,Pres-G,2012_Pres-G_FL,Marist,183,True,False,Live Phone,9.0,,2012-09-30,2012-11-06,37,890.0,Barack Obama,16,DEM,47.0,50.007865068698685,Mitt Romney,9,REP,46.0,49.13097776197552,1.0,0.8768873067231624,37,0.1231126932768376,0.1231126932768376,True
29922,35740,662,2012,FL,Pres-G,2012_Pres-G_FL,Marist,183,True,False,Live Phone,8.0,,2012-10-08,2012-11-06,29,988.0,Barack Obama,16,DEM,48.0,50.007865068698685,Mitt Romney,9,REP,47.0,49.13097776197552,1.0,0.8768873067231624,29,0.1231126932768376,0.1231126932768376,True
30036,35931,662,2012,FL,Pres-G,2012_Pres-G_FL,YouGov,391,False,False,Online Panel,8.0,,2012-10-08,2012-11-06,29,1244.0,Barack Obama,16,DEM,48.0,50.007865068698685,Mitt Romney,9,REP,47.0,49.13097776197552,1.0,0.8768873067231624,29,0.1231126932768376,0.1231126932768376,True
30629,36839,662,2012,FL,Pres-G,2012_Pres-G_FL,Marist,183,True,False,Live Phone,9.0,,2012-10-31,2012-11-06,6,1545.0,Barack Obama,16,DEM,49.0,50.007865068698685,Mitt Romney,9,REP,47.0,49.13097776197552,2.0,0.8768873067231624,6,1.1231126932768376,1.1231126932768376,True
30601,36799,662,2012,FL,Pres-G,2012_Pres-G_FL,Ipsos,154,True,False,Online Panel,6.0,,2012-11-01,2012-11-06,5,985.0,Barack Obama,16,DEM,48.0,50.007865068698685,Mitt Romney,9,REP,46.0,49.13097776197552,2.0,0.8768873067231624,5,1.1231126932768376,1.1231126932768376,True
30602,36801,662,2012,FL,Pres-G,2012_Pres-G_FL,Ipsos,154,True,False,Online Panel,6.0,,2012-11-01,2012-11-06,5,1319.0,Barack Obama,16,DEM,46.0,50.007865068698685,Mitt Romney,9,REP,43.0,49.13097776197552,3.0,0.8768873067231624,5,2.1231126932768376,2.1231126932768376,True
30711,37006,662,2012,FL,Pres-G,2012_Pres-G_FL,YouGov,391,False,False,Online Panel,7.0,,2012-11-02,2012-11-06,4,1621.0,Barack Obama,16,DEM,47.0,50.007865068698685,Mitt Romney,9,REP,48.0,49.13097776197552,-1.0,0.8768873067231624,4,-1.8768873067231624,1.8768873067231624,False
30785,37135,662,2012,FL,Pres-G,2012_Pres-G_FL,Ipsos,154,True,False,Online Panel,6.0,,2012-11-04,2012-11-06,2,769.0,Barack Obama,16,DEM,47.0,50.007865068698685,Mitt Romney,9,REP,48.0,49.13097776197552,-1.0,0.8768873067231624,2,-1.8768873067231624,1.8768873067231624,False
29476,35058,663,2012,GA,Pres-G,2012_Pres-G_GA,YouGov,391,False,False,Online Panel,7.0,,2012-09-11,2012-11-06,56,1020.0,Barack Obama,16,DEM,44.0,45.48216048512199,Mitt Romney,9,REP,51.0,53.29900898706427,-7.0,-7.816848501942282,56,0.8168485019422818,0.8168485019422818,True
30052,35957,663,2012,GA,Pres-G,2012_Pres-G_GA,YouGov,391,False,False,Online Panel,7.0,,2012-10-08,2012-11-06,29,777.0,Barack Obama,16,DEM,44.0,45.48216048512199,Mitt Romney,9,REP,52.0,53.29900898706427,-8.0,-7.816848501942282,29,-0.18315149805771824,0.18315149805771824,True
30687,36960,663,2012,GA,Pres-G,2012_Pres-G_GA,YouGov,391,False,False,Online Panel,9.0,,2012-11-02,2012-11-06,4,1070.0,Barack Obama,16,DEM,44.0,45.48216048512199,Mitt Romney,9,REP,52.0,53.29900898706427,-8.0,-7.816848501942282,4,-0.18315149805771824,0.18315149805771824,True
29430,34994,665,2012,IA,Pres-G,2012_Pres-G_IA,YouGov,391,False,False,Online Panel,8.0,,2012-09-11,2012-11-06,56,700.0,Barack Obama,16,DEM,48.0,51.98801653414908,Mitt Romney,9,REP,43.0,46.17786851053609,5.0,5.810148023612989,56,-0.8101480236129888,0.8101480236129888,True
29444,35015,665,2012,IA,Pres-G,2012_Pres-G_IA,Marist,183,True,False,Live Phone,9.0,,2012-09-17,2012-11-06,50,898.0,Barack Obama,16,DEM,50.0,51.98801653414908,Mitt Romney,9,REP,42.0,46.17786851053609,8.0,5.810148023612989,50,2.1898519763870112,2.1898519763870112,True
30037,35924,665,2012,IA,Pres-G,2012_Pres-G_IA,YouGov,391,False,False,Online Panel,8.0,,2012-10-08,2012-11-06,29,545.0,Barack Obama,16,DEM,50.0,51.98801653414908,Mitt Romney,9,REP,46.0,46.17786851053609,4.0,5.810148023612989,29,-1.8101480236129888,1.8101480236129888,True
30112,36047,665,2012,IA,Pres-G,2012_Pres-G_IA,Marist,183,True,False,Live Phone,9.0,,2012-10-16,2012-11-06,21,1137.0,Barack Obama,16,DEM,51.0,51.98801653414908,Mitt Romney,9,REP,43.0,46.17786851053609,8.0,5.810148023612989,21,2.1898519763870112,2.1898519763870112,True
30539,36702,665,2012,IA,Pres-G,2012_Pres-G_IA,Marist,183,True,False,Live Phone,9.0,,2012-10-28,2012-11-06,9,1142.0,Barack Obama,16,DEM,50.0,51.98801653414908,Mitt Romney,9,REP,44.0,46.17786851053609,6.0,5.810148023612989,9,0.18985197638701123,0.18985197638701123,True
30710,37004,665,2012,IA,Pres-G,2012_Pres-G_IA,YouGov,391,False,False,Online Panel,8.0,,2012-11-02,2012-11-06,4,1040.0,Barack Obama,16,DEM,48.0,51.98801653414908,Mitt Romney,9,REP,47.0,46.17786851053609,1.0,5.810148023612989,4,-4.810148023612989,4.810148023612989,True
29504,35102,667,2012,IL,Pres-G,2012_Pres-G_IL,YouGov,391,False,False,Online Panel,8.0,,2012-09-11,2012-11-06,56,1086.0,Barack Obama,16,DEM,59.0,57.60213536247709,Mitt Romney,9,REP,36.0,40.7327412708169,23.0,16.86939409166019,56,6.13060590833981,6.13060590833981,True
30047,35947,667,2012,IL,Pres-G,2012_Pres-G_IL,YouGov,391,False,False,Online Panel,9.0,,2012-10-08,2012-11-06,29,850.0,Barack Obama,16,DEM,58.0,57.60213536247709,Mitt Romney,9,REP,38.0,40.7327412708169,20.0,16.86939409166019,29,3.1306059083398097,3.1306059083398097,True
30701,36987,667,2012,IL,Pres-G,2012_Pres-G_IL,YouGov,391,False,False,Online Panel,8.0,,2012-11-02,2012-11-06,4,1126.0,Barack Obama,16,DEM,57.0,57.60213536247709,Mitt Romney,9,REP,38.0,40.7327412708169,19.0,16.86939409166019,4,2.1306059083398097,2.1306059083398097,True
29478,35060,668,2012,IN,Pres-G,2012_Pres-G_IN,YouGov,391,False,False,Online Panel,8.0,,2012-09-11,2012-11-06,56,658.0,Barack Obama,16,DEM,45.0,43.9273029040584,Mitt Romney,9,REP,50.0,54.12553238022445,-5.0,-10.198229476166055,56,5.1982294761660555,5.1982294761660555,True
30053,35958,668,2012,IN,Pres-G,2012_Pres-G_IN,YouGov,391,False,False,Online Panel,8.0,,2012-10-08,2012-11-06,29,495.0,Barack Obama,16,DEM,41.0,43.9273029040584,Mitt Romney,9,REP,53.0,54.12553238022445,-12.0,-10.198229476166055,29,-1.8017705238339445,1.8017705238339445,True
30688,36961,668,2012,IN,Pres-G,2012_Pres-G_IN,YouGov,391,False,False,Online Panel,8.0,,2012-11-02,2012-11-06,4,768.0,Barack Obama,16,DEM,44.0,43.9273029040584,Mitt Romney,9,REP,51.0,54.12553238022445,-7.0,-10.198229476166055,4,3.1982294761660555,3.1982294761660555,True
29480,35062,672,2012,MA,Pres-G,2012_Pres-G_MA,YouGov,391,False,False,Online Panel,7.0,,2012-09-11,2012-11-06,56,825.0,Barack Obama,16,DEM,55.0,60.33830832021647,Mitt Romney,9,REP,39.0,37.31912231533487,16.0,23.019186004881604,56,-7.019186004881604,7.019186004881604,True
29868,35652,672,2012,MA,Pres-G,2012_Pres-G_MA,YouGov,391,False,False,Online Panel,8.0,,2012-10-05,2012-11-06,32,437.0,Barack Obama,16,DEM,55.0,60.33830832021647,Mitt Romney,9,REP,34.0,37.31912231533487,21.0,23.019186004881604,32,-2.019186004881604,2.019186004881604,True
30049,35950,672,2012,MA,Pres-G,2012_Pres-G_MA,YouGov,391,False,False,Online Panel,8.0,,2012-10-08,2012-11-06,29,669.0,Barack Obama,16,DEM,55.0,60.33830832021647,Mitt Romney,9,REP,36.0,37.31912231533487,19.0,23.019186004881604,29,-4.019186004881604,4.019186004881604,True
30700,36985,672,2012,MA,Pres-G,2012_Pres-G_MA,YouGov,391,False,False,Online Panel,8.0,,2012-11-02,2012-11-06,4,811.0,Barack Obama,16,DEM,57.0,60.33830832021647,Mitt Romney,9,REP,37.0,37.31912231533487,20.0,23.019186004881604,4,-3.019186004881604,3.019186004881604,True
29505,35103,673,2012,MD,Pres-G,2012_Pres-G_MD,YouGov,391,False,False,Online Panel,8.0,,2012-09-11,2012-11-06,56,686.0,Barack Obama,16,DEM,57.0,61.97419077931849,Mitt Romney,9,REP,37.0,35.89773233894539,20.0,26.076458440373106,56,-6.076458440373106,6.076458440373106,True
30048,35948,673,2012,MD,Pres-G,2012_Pres-G_MD,YouGov,391,False,False,Online Panel,8.0,,2012-10-08,2012-11-06,29,498.0,Barack Obama,16,DEM,58.0,61.97419077931849,Mitt Romney,9,REP,37.0,35.89773233894539,21.0,26.076458440373106,29,-5.076458440373106,5.076458440373106,True
30699,36983,673,2012,MD,Pres-G,2012_Pres-G_MD,YouGov,391,False,False,Online Panel,8.0,,2012-11-02,2012-11-06,4,705.0,Barack Obama,16,DEM,59.0,61.97419077931849,Mitt Romney,9,REP,37.0,35.89773233894539,22.0,26.076458440373106,4,-4.076458440373106,4.076458440373106,True
29426,34986,675,2012,MI,Pres-G,2012_Pres-G_MI,YouGov,391,False,False,Online Panel,9.0,,2012-09-11,2012-11-06,56,1114.0,Barack Obama,16,DEM,51.0,54.20820421051875,Mitt Romney,9,REP,42.0,44.71091602742023,9.0,9.497288183098526,56,-0.49728818309852585,0.49728818309852585,True
30060,35973,675,2012,MI,Pres-G,2012_Pres-G_MI,YouGov,391,False,False,Online Panel,8.0,,2012-10-08,2012-11-06,29,895.0,Barack Obama,16,DEM,52.0,54.20820421051875,Mitt Romney,9,REP,42.0,44.71091602742023,10.0,9.497288183098526,29,0.5027118169014742,0.5027118169014742,True
30698,36981,675,2012,MI,Pres-G,2012_Pres-G_MI,YouGov,391,False,False,Online Panel,8.0,,2012-11-02,2012-11-06,4,1091.0,Barack Obama,16,DEM,51.0,54.20820421051875,Mitt Romney,9,REP,44.0,44.71091602742023,7.0,9.497288183098526,4,-2.497288183098526,2.497288183098526,True
29494,35082,676,2012,MN,Pres-G,2012_Pres-G_MN,YouGov,391,False,False,Online Panel,7.0,,2012-09-11,2012-11-06,56,816.0,Barack Obama,16,DEM,50.0,52.65230315324626,Mitt Romney,9,REP,42.0,44.958201106668646,8.0,7.694102046577612,56,0.305897953422388,0.305897953422388,True
30043,35939,676,2012,MN,Pres-G,2012_Pres-G_MN,YouGov,391,False,False,Online Panel,8.0,,2012-10-08,2012-11-06,29,683.0,Barack Obama,16,DEM,52.0,52.65230315324626,Mitt Romney,9,REP,44.0,44.958201106668646,8.0,7.694102046577612,29,0.305897953422388,0.305897953422388,True
30697,36979,676,2012,MN,Pres-G,2012_Pres-G_MN,YouGov,391,False,False,Online Panel,8.0,,2012-11-02,2012-11-06,4,790.0,Barack Obama,16,DEM,50.0,52.65230315324626,Mitt Romney,9,REP,43.0,44.958201106668646,7.0,7.694102046577612,4,-0.694102046577612,0.694102046577612,True
29498,35090,677,2012,MO,Pres-G,2012_Pres-G_MO,YouGov,391,False,False,Online Panel,8.0,,2012-09-11,2012-11-06,56,734.0,Barack Obama,16,DEM,43.0,44.38348354545333,Mitt Romney,9,REP,50.0,53.76374113587708,-7.0,-9.380257590423753,56,2.380257590423753,2.380257590423753,True
30054,35960,677,2012,MO,Pres-G,2012_Pres-G_MO,YouGov,391,False,False,Online Panel,7.0,,2012-10-08,2012-11-06,29,546.0,Barack Obama,16,DEM,42.0,44.38348354545333,Mitt Romney,9,REP,52.0,53.76374113587708,-10.0,-9.380257590423753,29,-0.6197424095762472,0.6197424095762472,True
30689,36963,677,2012,MO,Pres-G,2012_Pres-G_MO,YouGov,391,False,False,Online Panel,8.0,,2012-11-02,2012-11-06,4,779.0,Barack Obama,16,DEM,42.0,44.38348354545333,Mitt Romney,9,REP,53.0,53.76374113587708,-11.0,-9.380257590423753,4,-1.6197424095762472,1.6197424095762472,True
29432,34997,680,2012,NC,Pres-G,2012_Pres-G_NC,YouGov,391,False,False,Online Panel,8.0,,2012-09-11,2012-11-06,56,1060.0,Barack Obama,16,DEM,44.0,48.35096857706756,Mitt Romney,9,REP,45.0,50.39306410214295,-1.0,-2.0420955250753963,56,1.0420955250753963,1.0420955250753963,True
29619,35295,680,2012,NC,Pres-G,2012_Pres-G_NC,Marist,183,True,False,Live Phone,8.0,,2012-09-24,2012-11-06,43,1035.0,Barack Obama,16,DEM,48.0,48.35096857706756,Mitt Romney,9,REP,46.0,50.39306410214295,2.0,-2.0420955250753963,43,4.042095525075396,4.042095525075396,False
30039,35926,680,2012,NC,Pres-G,2012_Pres-G_NC,YouGov,391,False,False,Online Panel,8.0,,2012-10-08,2012-11-06,29,810.0,Barack Obama,16,DEM,48.0,48.35096857706756,Mitt Romney,9,REP,49.0,50.39306410214295,-1.0,-2.0420955250753963,29,1.0420955250753963,1.0420955250753963,True
30709,37003,680,2012,NC,Pres-G,2012_Pres-G_NC,YouGov,391,False,False,Online Panel,9.0,,2012-11-02,2012-11-06,4,1500.0,Barack Obama,16,DEM,47.0,48.35096857706756,Mitt Romney,9,REP,49.0,50.39306410214295,-2.0,-2.0420955250753963,4,0.04209552507539627,0.04209552507539627,True
29433,34999,683,2012,NH,Pres-G,2012_Pres-G_NH,YouGov,391,False,False,Online Panel,8.0,,2012-09-11,2012-11-06,56,340.0,Barack Obama,16,DEM,48.0,51.97968415071198,Mitt Romney,9,REP,42.0,46.40379649268888,6.0,5.575887658023099,56,0.42411234197690106,0.42411234197690106,True
29623,35299,683,2012,NH,Pres-G,2012_Pres-G_NH,Marist,183,True,False,Live Phone,9.0,,2012-09-24,2012-11-06,43,1012.0,Barack Obama,16,DEM,51.0,51.97968415071198,Mitt Romney,9,REP,44.0,46.40379649268888,7.0,5.575887658023099,43,1.424112341976901,1.424112341976901,True
30538,36700,683,2012,NH,Pres-G,2012_Pres-G_NH,Marist,183,True,False,Live Phone,9.0,,2012-10-28,2012-11-06,9,1013.0,Barack Obama,16,DEM,49.0,51.97968415071198,Mitt Romney,9,REP,47.0,46.40379649268888,2.0,5.575887658023099,9,-3.575887658023099,3.575887658023099,True
30707,36999,683,2012,NH,Pres-G,2012_Pres-G_NH,YouGov,391,False,False,Online Panel,9.0,,2012-11-02,2012-11-06,4,690.0,Barack Obama,16,DEM,47.0,51.97968415071198,Mitt Romney,9,REP,43.0,46.40379649268888,4.0,5.575887658023099,4,-1.575887658023099,1.575887658023099,True
29489,35074,684,2012,NJ,Pres-G,2012_Pres-G_NJ,YouGov,391,False,False,Online Panel,8.0,,2012-09-11,2012-11-06,56,1040.0,Barack Obama,16,DEM,52.0,58.3423549106376,Mitt Romney,9,REP,40.0,40.62356482714439,12.0,17.718790083493218,56,-5.718790083493218,5.718790083493218,True
30044,35941,684,2012,NJ,Pres-G,2012_Pres-G_NJ,YouGov,391,False,False,Online Panel,8.0,,2012-10-08,2012-11-06,29,770.0,Barack Obama,16,DEM,54.0,58.3423549106376,Mitt Romney,9,REP,41.0,40.62356482714439,13.0,17.718790083493218,29,-4.718790083493218,4.718790083493218,True
30696,36977,684,2012,NJ,Pres-G,2012_Pres-G_NJ,YouGov,391,False,False,Online Panel,9.0,,2012-11-02,2012-11-06,4,987.0,Barack Obama,16,DEM,53.0,58.3423549106376,Mitt Romney,9,REP,41.0,40.62356482714439,12.0,17.718790083493218,4,-5.718790083493218,5.718790083493218,True
29492,35078,685,2012,NM,Pres-G,2012_Pres-G_NM,YouGov,391,False,False,Online Panel,9.0,,2012-09-11,2012-11-06,56,293.0,Barack Obama,16,DEM,51.0,52.99276052046677,Mitt Romney,9,REP,43.0,42.84332663909013,8.0,10.149433881376645,56,-2.1494338813766447,2.1494338813766447,True
30695,36975,685,2012,NM,Pres-G,2012_Pres-G_NM,YouGov,391,False,False,Online Panel,8.0,,2012-11-02,2012-11-06,4,650.0,Barack Obama,16,DEM,49.0,52.99276052046677,Mitt Romney,9,REP,43.0,42.84332663909013,6.0,10.149433881376645,4,-4.149433881376645,4.149433881376645,True
29431,34995,686,2012,NV,Pres-G,2012_Pres-G_NV,YouGov,391,False,False,Online Panel,7.0,,2012-09-11,2012-11-06,56,541.0,Barack Obama,16,DEM,51.0,52.35624947040056,Mitt Romney,9,REP,44.0,45.67531564126363,7.0,6.680933829136933,56,0.3190661708630671,0.3190661708630671,True
29625,35303,686,2012,NV,Pres-G,2012_Pres-G_NV,Marist,183,True,False,Live Phone,9.0,,2012-09-24,2012-11-06,43,984.0,Barack Obama,16,DEM,49.0,52.35624947040056,Mitt Romney,9,REP,47.0,45.67531564126363,2.0,6.680933829136933,43,-4.680933829136933,4.680933829136933,True
30038,35933,686,2012,NV,Pres-G,2012_Pres-G_NV,YouGov,391,False,False,Online Panel,8.0,,2012-10-08,2012-11-06,29,358.0,Barack Obama,16,DEM,50.0,52.35624947040056,Mitt Romney,9,REP,45.0,45.67531564126363,5.0,6.680933829136933,29,-1.680933829136933,1.680933829136933,True
30314,36343,686,2012,NV,Pres-G,2012_Pres-G_NV,Marist,183,True,False,Live Phone,9.0,,2012-10-23,2012-11-06,14,1042.0,Barack Obama,16,DEM,50.0,52.35624947040056,Mitt Romney,9,REP,47.0,45.67531564126363,3.0,6.680933829136933,14,-3.680933829136933,3.680933829136933,True
30706,36997,686,2012,NV,Pres-G,2012_Pres-G_NV,YouGov,391,False,False,Online Panel,10.0,,2012-11-02,2012-11-06,4,732.0,Barack Obama,16,DEM,49.0,52.35624947040056,Mitt Romney,9,REP,45.0,45.67531564126363,4.0,6.680933829136933,4,-2.680933829136933,2.680933829136933,True
29502,35098,687,2012,NY,Pres-G,2012_Pres-G_NY,YouGov,391,False,False,Online Panel,8.0,,2012-09-11,2012-11-06,56,1403.0,Barack Obama,16,DEM,58.0,60.760932948702994,Mitt Romney,9,REP,36.0,31.241570989167872,22.0,29.51936195953512,56,-7.5193619595351215,7.5193619595351215,True
30050,35953,687,2012,NY,Pres-G,2012_Pres-G_NY,YouGov,391,False,False,Online Panel,8.0,,2012-10-08,2012-11-06,29,1142.0,Barack Obama,16,DEM,59.0,60.760932948702994,Mitt Romney,9,REP,35.0,31.241570989167872,24.0,29.51936195953512,29,-5.5193619595351215,5.5193619595351215,True
30282,36306,687,2012,NY,Pres-G,2012_Pres-G_NY,Marist,183,True,False,Live Phone,8.0,,2012-10-20,2012-11-06,17,565.0,Barack Obama,16,DEM,61.0,60.760932948702994,Mitt Romney,9,REP,35.0,31.241570989167872,26.0,29.51936195953512,17,-3.5193619595351215,3.5193619595351215,True
30694,36973,687,2012,NY,Pres-G,2012_Pres-G_NY,YouGov,391,False,False,Online Panel,9.0,,2012-11-02,2012-11-06,4,1430.0,Barack Obama,16,DEM,59.0,60.760932948702994,Mitt Romney,9,REP,36.0,31.241570989167872,23.0,29.51936195953512,4,-6.5193619595351215,6.5193619595351215,True
19102,24422,688,2012,OH,Pres-G,2012_Pres-G_OH,Marist,183,True,False,Live Phone,8.0,,2012-09-10,2012-11-06,57,979.0,Barack Obama,16,DEM,50.0,50.66674765831986,Mitt Romney,9,REP,43.0,47.68844087842257,7.0,2.978306779897295,57,4.021693220102705,4.021693220102705,True
29425,34983,688,2012,OH,Pres-G,2012_Pres-G_OH,YouGov,391,False,False,Online Panel,8.0,,2012-09-11,2012-11-06,56,1036.0,Barack Obama,16,DEM,47.0,50.66674765831986,Mitt Romney,9,REP,44.0,47.68844087842257,3.0,2.978306779897295,56,0.021693220102704913,0.021693220102704913,True
29728,35449,688,2012,OH,Pres-G,2012_Pres-G_OH,Marist,183,True,False,Live Phone,9.0,,2012-09-30,2012-11-06,37,931.0,Barack Obama,16,DEM,51.0,50.66674765831986,Mitt Romney,9,REP,43.0,47.68844087842257,8.0,2.978306779897295,37,5.021693220102705,5.021693220102705,True
29920,35736,688,2012,OH,Pres-G,2012_Pres-G_OH,Marist,183,True,False,Live Phone,9.0,,2012-10-08,2012-11-06,29,994.0,Barack Obama,16,DEM,51.0,50.66674765831986,Mitt Romney,9,REP,45.0,47.68844087842257,6.0,2.978306779897295,29,3.021693220102705,3.021693220102705,True
30057,35967,688,2012,OH,Pres-G,2012_Pres-G_OH,YouGov,391,False,False,Online Panel,8.0,,2012-10-08,2012-11-06,29,851.0,Barack Obama,16,DEM,50.0,50.66674765831986,Mitt Romney,9,REP,46.0,47.68844087842257,4.0,2.978306779897295,29,1.021693220102705,1.021693220102705,True
30627,36833,688,2012,OH,Pres-G,2012_Pres-G_OH,Marist,183,True,False,Live Phone,9.0,,2012-10-31,2012-11-06,6,971.0,Barack Obama,16,DEM,51.0,50.66674765831986,Mitt Romney,9,REP,45.0,47.68844087842257,6.0,2.978306779897295,6,3.021693220102705,3.021693220102705,True
30599,36795,688,2012,OH,Pres-G,2012_Pres-G_OH,Ipsos,154,True,False,Online Panel,5.0,,2012-11-01,2012-11-06,5,1012.0,Barack Obama,16,DEM,47.0,50.66674765831986,Mitt Romney,9,REP,45.0,47.68844087842257,2.0,2.978306779897295,5,-0.9783067798972951,0.9783067798972951,True
30600,36797,688,2012,OH,Pres-G,2012_Pres-G_OH,Ipsos,154,True,False,Online Panel,6.0,,2012-11-01,2012-11-06,5,1313.0,Barack Obama,16,DEM,48.0,50.66674765831986,Mitt Romney,9,REP,40.0,47.68844087842257,8.0,2.978306779897295,5,5.021693220102705,5.021693220102705,True
30705,36995,688,2012,OH,Pres-G,2012_Pres-G_OH,YouGov,391,False,False,Online Panel,9.0,,2012-11-02,2012-11-06,4,1620.0,Barack Obama,16,DEM,49.0,50.66674765831986,Mitt Romney,9,REP,46.0,47.68844087842257,3.0,2.978306779897295,4,0.021693220102704913,0.021693220102704913,True
30783,37131,688,2012,OH,Pres-G,2012_Pres-G_OH,Ipsos,154,True,False,Online Panel,5.0,,2012-11-04,2012-11-06,2,680.0,Barack Obama,16,DEM,50.0,50.66674765831986,Mitt Romney,9,REP,46.0,47.68844087842257,4.0,2.978306779897295,2,1.021693220102705,1.021693220102705,True
29424,34981,691,2012,PA,Pres-G,2012_Pres-G_PA,YouGov,391,False,False,Online Panel,8.0,,2012-09-11,2012-11-06,56,1139.0,Barack Obama,16,DEM,52.0,51.97159378275084,Mitt Romney,9,REP,43.0,46.586509132432,9.0,5.385084650318838,56,3.614915349681162,3.614915349681162,True
30058,35969,691,2012,PA,Pres-G,2012_Pres-G_PA,YouGov,391,False,False,Online Panel,9.0,,2012-10-08,2012-11-06,29,966.0,Barack Obama,16,DEM,51.0,51.97159378275084,Mitt Romney,9,REP,44.0,46.586509132432,7.0,5.385084650318838,29,1.6149153496811621,1.6149153496811621,True
30693,36971,691,2012,PA,Pres-G,2012_Pres-G_PA,YouGov,391,False,False,Online Panel,8.0,,2012-11-02,2012-11-06,4,1273.0,Barack Obama,16,DEM,52.0,51.97159378275084,Mitt Romney,9,REP,44.0,46.586509132432,8.0,5.385084650318838,4,2.614915349681162,2.614915349681162,True
29500,35094,695,2012,TN,Pres-G,2012_Pres-G_TN,YouGov,391,False,False,Online Panel,9.0,,2012-09-11,2012-11-06,56,694.0,Barack Obama,16,DEM,42.0,39.07581499379519,Mitt Romney,9,REP,50.0,59.47871471993759,-8.0,-20.402899726142397,56,12.402899726142397,12.402899726142397,True
30055,35963,695,2012,TN,Pres-G,2012_Pres-G_TN,YouGov,391,False,False,Online Panel,6.0,,2012-10-08,2012-11-06,29,484.0,Barack Obama,16,DEM,43.0,39.07581499379519,Mitt Romney,9,REP,52.0,59.47871471993759,-9.0,-20.402899726142397,29,11.402899726142397,11.402899726142397,True
30690,36965,695,2012,TN,Pres-G,2012_Pres-G_TN,YouGov,391,False,False,Online Panel,8.0,,2012-11-02,2012-11-06,4,697.0,Barack Obama,16,DEM,42.0,39.07581499379519,Mitt Romney,9,REP,53.0,59.47871471993759,-11.0,-20.402899726142397,4,9.402899726142397,9.402899726142397,True
29510,35113,696,2012,TX,Pres-G,2012_Pres-G_TX,YouGov,391,False,False,Online Panel,8.0,,2012-09-11,2012-11-06,56,1165.0,Barack Obama,16,DEM,41.0,41.383358283760856,Mitt Romney,9,REP,53.0,57.16697746805639,-12.0,-15.783619184295532,56,3.7836191842955316,3.7836191842955316,True
30056,35965,696,2012,TX,Pres-G,2012_Pres-G_TX,YouGov,391,False,False,Online Panel,8.0,,2012-10-08,2012-11-06,29,958.0,Barack Obama,16,DEM,41.0,41.383358283760856,Mitt Romney,9,REP,55.0,57.16697746805639,-14.0,-15.783619184295532,29,1.7836191842955316,1.7836191842955316,True
30462,36567,696,2012,TX,Pres-G,2012_Pres-G_TX,YouGov,391,False,False,Online Panel,8.0,,2012-10-18,2012-11-06,19,540.0,Barack Obama,16,DEM,39.0,41.383358283760856,Mitt Romney,9,REP,55.0,57.16697746805639,-16.0,-15.783619184295532,19,-0.21638081570446843,0.21638081570446843,True
30691,36967,696,2012,TX,Pres-G,2012_Pres-G_TX,YouGov,391,False,False,Online Panel,8.0,,2012-11-02,2012-11-06,4,1563.0,Barack Obama,16,DEM,38.0,41.383358283760856,Mitt Romney,9,REP,57.0,57.16697746805639,-19.0,-15.783619184295532,4,-3.2163808157044684,3.2163808157044684,True
19098,24406,698,2012,VA,Pres-G,2012_Pres-G_VA,Marist,183,True,False,Live Phone,8.0,,2012-09-10,2012-11-06,57,996.0,Barack Obama,16,DEM,49.0,51.15645679621864,Mitt Romney,9,REP,44.0,47.28310289638912,5.0,3.873353899829525,57,1.126646100170475,1.126646100170475,True
29428,34990,698,2012,VA,Pres-G,2012_Pres-G_VA,YouGov,391,False,False,Online Panel,8.0,,2012-09-11,2012-11-06,56,1047.0,Barack Obama,16,DEM,48.0,51.15645679621864,Mitt Romney,9,REP,44.0,47.28310289638912,4.0,3.873353899829525,56,0.12664610017047506,0.12664610017047506,True
29726,35447,698,2012,VA,Pres-G,2012_Pres-G_VA,Marist,183,True,False,Live Phone,8.0,,2012-09-30,2012-11-06,37,969.0,Barack Obama,16,DEM,48.0,51.15645679621864,Mitt Romney,9,REP,46.0,47.28310289638912,2.0,3.873353899829525,37,-1.873353899829525,1.873353899829525,True
29924,35744,698,2012,VA,Pres-G,2012_Pres-G_VA,Marist,183,True,False,Live Phone,9.0,,2012-10-08,2012-11-06,29,981.0,Barack Obama,16,DEM,47.0,51.15645679621864,Mitt Romney,9,REP,48.0,47.28310289638912,-1.0,3.873353899829525,29,-4.8733538998295245,4.8733538998295245,False
30040,35935,698,2012,VA,Pres-G,2012_Pres-G_VA,YouGov,391,False,False,Online Panel,7.0,,2012-10-08,2012-11-06,29,743.0,Barack Obama,16,DEM,46.0,51.15645679621864,Mitt Romney,9,REP,45.0,47.28310289638912,1.0,3.873353899829525,29,-2.873353899829525,2.873353899829525,True
30597,36791,698,2012,VA,Pres-G,2012_Pres-G_VA,Ipsos,154,True,False,Online Panel,6.0,,2012-11-01,2012-11-06,5,1065.0,Barack Obama,16,DEM,48.0,51.15645679621864,Mitt Romney,9,REP,45.0,47.28310289638912,3.0,3.873353899829525,5,-0.8733538998295249,0.8733538998295249,True
30598,36793,698,2012,VA,Pres-G,2012_Pres-G_VA,Ipsos,154,True,False,Online Panel,5.0,,2012-11-01,2012-11-06,5,1197.0,Barack Obama,16,DEM,49.0,51.15645679621864,Mitt Romney,9,REP,40.0,47.28310289638912,9.0,3.873353899829525,5,5.1266461001704755,5.1266461001704755,True
30746,37056,698,2012,VA,Pres-G,2012_Pres-G_VA,Marist,183,True,False,Live Phone,9.0,,2012-11-01,2012-11-06,5,1165.0,Barack Obama,16,DEM,48.0,51.15645679621864,Mitt Romney,9,REP,47.0,47.28310289638912,1.0,3.873353899829525,5,-2.873353899829525,2.873353899829525,True
30708,37001,698,2012,VA,Pres-G,2012_Pres-G_VA,YouGov,391,False,False,Online Panel,8.0,,2012-11-02,2012-11-06,4,1497.0,Barack Obama,16,DEM,48.0,51.15645679621864,Mitt Romney,9,REP,46.0,47.28310289638912,2.0,3.873353899829525,4,-1.873353899829525,1.873353899829525,True
30781,37127,698,2012,VA,Pres-G,2012_Pres-G_VA,Ipsos,154,True,False,Online Panel,6.0,,2012-11-04,2012-11-06,2,828.0,Barack Obama,16,DEM,48.0,51.15645679621864,Mitt Romney,9,REP,46.0,47.28310289638912,2.0,3.873353899829525,2,-1.873353899829525,1.873353899829525,True
29485,35069,700,2012,WA,Pres-G,2012_Pres-G_WA,YouGov,391,False,False,Online Panel,7.0,,2012-09-11,2012-11-06,56,880.0,Barack Obama,16,DEM,53.0,56.16339829967277,Mitt Romney,9,REP,39.0,41.29462143210913,14.0,14.86877686756364,56,-0.8687768675636391,0.8687768675636391,True
30045,35943,700,2012,WA,Pres-G,2012_Pres-G_WA,YouGov,391,False,False,Online Panel,8.0,,2012-10-08,2012-11-06,29,748.0,Barack Obama,16,DEM,56.0,56.16339829967277,Mitt Romney,9,REP,39.0,41.29462143210913,17.0,14.86877686756364,29,2.131223132436361,2.131223132436361,True
30692,36969,700,2012,WA,Pres-G,2012_Pres-G_WA,YouGov,391,False,False,Online Panel,7.0,,2012-11-02,2012-11-06,4,837.0,Barack Obama,16,DEM,54.0,56.16339829967277,Mitt Romney,9,REP,40.0,41.29462143210913,14.0,14.86877686756364,4,-0.8687768675636391,0.8687768675636391,True
29427,34988,701,2012,WI,Pres-G,2012_Pres-G_WI,YouGov,391,False,False,Online Panel,8.0,,2012-09-11,2012-11-06,56,753.0,Barack Obama,16,DEM,48.0,52.77616253515459,Mitt Romney,9,REP,47.0,45.93834671361976,1.0,6.837815821534832,56,-5.837815821534832,5.837815821534832,True
29447,35020,701,2012,WI,Pres-G,2012_Pres-G_WI,Marist,183,True,False,Live Phone,8.0,,2012-09-17,2012-11-06,50,968.0,Barack Obama,16,DEM,50.0,52.77616253515459,Mitt Romney,9,REP,45.0,45.93834671361976,5.0,6.837815821534832,50,-1.8378158215348321,1.8378158215348321,True
30041,35929,701,2012,WI,Pres-G,2012_Pres-G_WI,YouGov,391,False,False,Online Panel,9.0,,2012-10-08,2012-11-06,29,639.0,Barack Obama,16,DEM,51.0,52.77616253515459,Mitt Romney,9,REP,47.0,45.93834671361976,4.0,6.837815821534832,29,-2.837815821534832,2.837815821534832,True
30114,36049,701,2012,WI,Pres-G,2012_Pres-G_WI,Marist,183,True,False,Live Phone,9.0,,2012-10-16,2012-11-06,21,1013.0,Barack Obama,16,DEM,51.0,52.77616253515459,Mitt Romney,9,REP,45.0,45.93834671361976,6.0,6.837815821534832,21,-0.8378158215348321,0.8378158215348321,True
30534,36695,701,2012,WI,Pres-G,2012_Pres-G_WI,Marist,183,True,False,Live Phone,9.0,,2012-10-28,2012-11-06,9,1065.0,Barack Obama,16,DEM,49.0,52.77616253515459,Mitt Romney,9,REP,46.0,45.93834671361976,3.0,6.837815821534832,9,-3.837815821534832,3.837815821534832,True
30704,36993,701,2012,WI,Pres-G,2012_Pres-G_WI,YouGov,391,False,False,Online Panel,9.0,,2012-11-02,2012-11-06,4,1225.0,Barack Obama,16,DEM,50.0,52.77616253515459,Mitt Romney,9,REP,46.0,45.93834671361976,4.0,6.837815821534832,4,-2.837815821534832,2.837815821534832,True
68553,128332,6210,2020,US,Pres-G,2020_Pres-G_US,YouGov,391,False,False,Online Panel,9.0,,2020-09-07,2020-11-03,57,1057.0,Joe Biden,13256,DEM,52.0,51.06781524282115,Donald Trump,13254,REP,43.0,46.67188775435952,9.0,4.395927488461631,57,4.604072511538369,4.604072511538369,True
68539,128314,6210,2020,US,Pres-G,2020_Pres-G_US,Ipsos,154,True,False,Probability Panel,9.5,,2020-09-05,2020-11-03,59,823.0,Joe Biden,13256,DEM,52.0,51.06781524282115,Donald Trump,13254,REP,40.0,46.67188775435952,12.0,4.395927488461631,59,7.604072511538369,7.604072511538369,True
69412,129269,6210,2020,US,Pres-G,2020_Pres-G_US,YouGov,391,False,False,Online Panel,8.0,,2020-09-10,2020-11-03,54,1216.0,Joe Biden,13256,DEM,49.0,51.06781524282115,Donald Trump,13254,REP,39.0,46.67188775435952,10.0,4.395927488461631,54,5.604072511538369,5.604072511538369,True
69478,129407,6210,2020,US,Pres-G,2020_Pres-G_US,YouGov,391,False,False,Online Panel,9.0,,2020-09-14,2020-11-03,50,1062.0,Joe Biden,13256,DEM,51.0,51.06781524282115,Donald Trump,13254,REP,42.0,46.67188775435952,9.0,4.395927488461631,50,4.604072511538369,4.604072511538369,True
69482,129430,6210,2020,US,Pres-G,2020_Pres-G_US,Ipsos,154,True,False,Probability Panel,9.5,,2020-09-13,2020-11-03,51,859.0,Joe Biden,13256,DEM,50.0,51.06781524282115,Donald Trump,13254,REP,41.0,46.67188775435952,9.0,4.395927488461631,51,4.604072511538369,4.604072511538369,True
69541,129556,6210,2020,US,Pres-G,2020_Pres-G_US,Marist,183,True,False,Live Phone,9.0,,2020-09-13,2020-11-03,51,723.0,Joe Biden,13256,DEM,49.0,51.06781524282115,Donald Trump,13254,REP,42.0,46.67188775435952,7.0,4.395927488461631,51,2.6040725115383694,2.6040725115383694,True
69548,129572,6210,2020,US,Pres-G,2020_Pres-G_US,Ipsos,154,True,False,Probability Panel,9.5,,2020-09-16,2020-11-03,48,834.0,Joe Biden,13256,DEM,51.0,51.06781524282115,Donald Trump,13254,REP,42.0,46.67188775435952,9.0,4.395927488461631,48,4.604072511538369,4.604072511538369,True
69549,129578,6210,2020,US,Pres-G,2020_Pres-G_US,YouGov,391,False,False,Online Panel,8.0,,2020-09-16,2020-11-03,48,1223.0,Joe Biden,13256,DEM,47.0,51.06781524282115,Donald Trump,13254,REP,41.0,46.67188775435952,6.0,4.395927488461631,48,1.6040725115383694,1.6040725115383694,True
70781,132422,6210,2020,US,Pres-G,2020_Pres-G_US,Ipsos,154,True,False,Probability Panel,7.0,DEM,2020-09-16,2020-11-03,48,2006.0,Joe Biden,13256,DEM,47.0,51.06781524282115,Donald Trump,13254,REP,37.0,46.67188775435952,10.0,4.395927488461631,48,5.604072511538369,5.604072511538369,True
69689,129917,6210,2020,US,Pres-G,2020_Pres-G_US,YouGov,391,False,False,Online Panel,9.0,,2020-09-21,2020-11-03,43,1124.0,Joe Biden,13256,DEM,49.0,51.06781524282115,Donald Trump,13254,REP,42.0,46.67188775435952,7.0,4.395927488461631,43,2.6040725115383694,2.6040725115383694,True
69980,130323,6210,2020,US,Pres-G,2020_Pres-G_US,Ipsos,154,True,False,Probability Panel,9.5,,2020-09-20,2020-11-03,44,889.0,Joe Biden,13256,DEM,50.0,51.06781524282115,Donald Trump,13254,REP,42.0,46.67188775435952,8.0,4.395927488461631,44,3.6040725115383694,3.6040725115383694,True
70110,130618,6210,2020,US,Pres-G,2020_Pres-G_US,YouGov,391,False,False,Online Panel,9.0,,2020-09-18,2020-11-03,46,2000.0,Joe Biden,13256,DEM,53.2,51.06781524282115,Donald Trump,13254,REP,41.9,46.67188775435952,11.300000000000004,4.395927488461631,46,6.904072511538374,6.904072511538374,True
69953,130269,6210,2020,US,Pres-G,2020_Pres-G_US,YouGov,391,False,False,Online Panel,8.0,,2020-09-22,2020-11-03,42,1125.0,Joe Biden,13256,DEM,49.0,51.06781524282115,Donald Trump,13254,REP,44.0,46.67188775435952,5.0,4.395927488461631,42,0.6040725115383694,0.6040725115383694,True
69986,130337,6210,2020,US,Pres-G,2020_Pres-G_US,Ipsos,154,True,False,Probability Panel,9.5,,2020-09-23,2020-11-03,41,934.0,Joe Biden,13256,DEM,50.0,51.06781524282115,Donald Trump,13254,REP,41.0,46.67188775435952,9.0,4.395927488461631,41,4.604072511538369,4.604072511538369,True
70075,130545,6210,2020,US,Pres-G,2020_Pres-G_US,Ipsos,154,True,False,Probability Panel,9.5,,2020-09-27,2020-11-03,37,864.0,Joe Biden,13256,DEM,51.0,51.06781524282115,Donald Trump,13254,REP,42.0,46.67188775435952,9.0,4.395927488461631,37,4.604072511538369,4.604072511538369,True
70071,130535,6210,2020,US,Pres-G,2020_Pres-G_US,YouGov,391,False,False,Online Panel,9.0,,2020-09-29,2020-11-03,35,1350.0,Joe Biden,13256,DEM,50.0,51.06781524282115,Donald Trump,13254,REP,42.0,46.67188775435952,8.0,4.395927488461631,35,3.6040725115383694,3.6040725115383694,True
70111,130621,6210,2020,US,Pres-G,2020_Pres-G_US,Ipsos,154,True,False,Probability Panel,9.5,,2020-09-30,2020-11-03,34,882.0,Joe Biden,13256,DEM,50.0,51.06781524282115,Donald Trump,13254,REP,41.0,46.67188775435952,9.0,4.395927488461631,34,4.604072511538369,4.604072511538369,True
70552,131605,6210,2020,US,Pres-G,2020_Pres-G_US,YouGov,391,False,False,Online Panel,8.0,,2020-10-01,2020-11-03,33,1345.0,Joe Biden,13256,DEM,48.0,51.06781524282115,Donald Trump,13254,REP,40.0,46.67188775435952,8.0,4.395927488461631,33,3.6040725115383694,3.6040725115383694,True
70546,131592,6210,2020,US,Pres-G,2020_Pres-G_US,Ipsos,154,True,False,Probability Panel,9.5,,2020-10-02,2020-11-03,32,596.0,Joe Biden,13256,DEM,51.0,51.06781524282115,Donald Trump,13254,REP,41.0,46.67188775435952,10.0,4.395927488461631,32,5.604072511538369,5.604072511538369,True
70637,132083,6210,2020,US,Pres-G,2020_Pres-G_US,YouGov,391,False,False,Online Panel,9.0,,2020-10-05,2020-11-03,29,1364.0,Joe Biden,13256,DEM,51.0,51.06781524282115,Donald Trump,13254,REP,42.0,46.67188775435952,9.0,4.395927488461631,29,4.604072511538369,4.604072511538369,True
70621,132051,6210,2020,US,Pres-G,2020_Pres-G_US,Ipsos,154,True,False,Probability Panel,9.5,,2020-10-04,2020-11-03,30,882.0,Joe Biden,13256,DEM,52.0,51.06781524282115,Donald Trump,13254,REP,40.0,46.67188775435952,12.0,4.395927488461631,30,7.604072511538369,7.604072511538369,True
70705,132258,6210,2020,US,Pres-G,2020_Pres-G_US,Ipsos,154,True,False,Probability Panel,9.5,,2020-10-07,2020-11-03,27,882.0,Joe Biden,13256,DEM,53.0,51.06781524282115,Donald Trump,13254,REP,41.0,46.67188775435952,12.0,4.395927488461631,27,7.604072511538369,7.604072511538369,True
71448,133813,6210,2020,US,Pres-G,2020_Pres-G_US,Ipsos,154,True,False,Probability Panel,9.5,,2020-09-30,2020-11-03,34,2004.0,Joe Biden,13256,DEM,46.2,51.06781524282115,Donald Trump,13254,REP,38.5,46.67188775435952,7.700000000000003,4.395927488461631,34,3.3040725115383722,3.3040725115383722,True
70742,132340,6210,2020,US,Pres-G,2020_Pres-G_US,YouGov,391,False,False,Online Panel,8.0,,2020-10-10,2020-11-03,24,1366.0,Joe Biden,13256,DEM,51.0,51.06781524282115,Donald Trump,13254,REP,43.0,46.67188775435952,8.0,4.395927488461631,24,3.6040725115383694,3.6040725115383694,True
70989,132844,6210,2020,US,Pres-G,2020_Pres-G_US,YouGov,391,False,False,Online Panel,9.0,,2020-10-12,2020-11-03,22,1333.0,Joe Biden,13256,DEM,52.0,51.06781524282115,Donald Trump,13254,REP,42.0,46.67188775435952,10.0,4.395927488461631,22,5.604072511538369,5.604072511538369,True
71009,132887,6210,2020,US,Pres-G,2020_Pres-G_US,Ipsos,154,True,False,Probability Panel,9.5,,2020-10-11,2020-11-03,23,882.0,Joe Biden,13256,DEM,51.0,51.06781524282115,Donald Trump,13254,REP,41.0,46.67188775435952,10.0,4.395927488461631,23,5.604072511538369,5.604072511538369,True
71100,133102,6210,2020,US,Pres-G,2020_Pres-G_US,Marist,183,True,False,Live Phone,9.0,,2020-10-10,2020-11-03,24,896.0,Joe Biden,13256,DEM,54.0,51.06781524282115,Donald Trump,13254,REP,43.0,46.67188775435952,11.0,4.395927488461631,24,6.604072511538369,6.604072511538369,True
71234,133372,6210,2020,US,Pres-G,2020_Pres-G_US,Ipsos,154,True,False,Probability Panel,9.5,,2020-10-14,2020-11-03,20,920.0,Joe Biden,13256,DEM,51.0,51.06781524282115,Donald Trump,13254,REP,41.0,46.67188775435952,10.0,4.395927488461631,20,5.604072511538369,5.604072511538369,True
71373,133650,6210,2020,US,Pres-G,2020_Pres-G_US,YouGov,391,False,False,Online Panel,8.0,,2020-10-17,2020-11-03,17,1465.0,Joe Biden,13256,DEM,51.0,51.06781524282115,Donald Trump,13254,REP,40.0,46.67188775435952,11.0,4.395927488461631,17,6.604072511538369,6.604072511538369,True
71542,134013,6210,2020,US,Pres-G,2020_Pres-G_US,YouGov,391,False,False,Online Panel,9.0,,2020-10-19,2020-11-03,15,1344.0,Joe Biden,13256,DEM,52.0,51.06781524282115,Donald Trump,13254,REP,43.0,46.67188775435952,9.0,4.395927488461631,15,4.604072511538369,4.604072511538369,True
71624,134181,6210,2020,US,Pres-G,2020_Pres-G_US,Ipsos,154,True,False,Probability Panel,9.5,,2020-10-18,2020-11-03,16,949.0,Joe Biden,13256,DEM,51.0,51.06781524282115,Donald Trump,13254,REP,42.0,46.67188775435952,9.0,4.395927488461631,16,4.604072511538369,4.604072511538369,True
71816,134596,6210,2020,US,Pres-G,2020_Pres-G_US,Ipsos,154,True,False,Probability Panel,9.5,,2020-10-21,2020-11-03,13,935.0,Joe Biden,13256,DEM,51.0,51.06781524282115,Donald Trump,13254,REP,43.0,46.67188775435952,8.0,4.395927488461631,13,3.6040725115383694,3.6040725115383694,True
71973,134919,6210,2020,US,Pres-G,2020_Pres-G_US,YouGov,391,False,False,Online Panel,8.0,,2020-10-24,2020-11-03,10,1350.0,Joe Biden,13256,DEM,54.0,51.06781524282115,Donald Trump,13254,REP,42.0,46.67188775435952,12.0,4.395927488461631,10,7.604072511538369,7.604072511538369,True
72313,135667,6210,2020,US,Pres-G,2020_Pres-G_US,YouGov,391,False,False,Online Panel,9.0,,2020-10-23,2020-11-03,11,2000.0,Joe Biden,13256,DEM,53.9,51.06781524282115,Donald Trump,13254,REP,42.5,46.67188775435952,11.4,4.395927488461631,11,7.00407251153837,7.00407251153837,True
72600,136277,6210,2020,US,Pres-G,2020_Pres-G_US,YouGov,391,False,False,Online Panel,9.0,,2020-10-21,2020-11-03,13,2500.0,Joe Biden,13256,DEM,52.0,51.06781524282115,Donald Trump,13254,REP,41.0,46.67188775435952,11.0,4.395927488461631,13,6.604072511538369,6.604072511538369,True
72083,135153,6210,2020,US,Pres-G,2020_Pres-G_US,YouGov,391,False,False,Online Panel,9.0,,2020-10-26,2020-11-03,8,1365.0,Joe Biden,13256,DEM,54.0,51.06781524282115,Donald Trump,13254,REP,43.0,46.67188775435952,11.0,4.395927488461631,8,6.604072511538369,6.604072511538369,True
72164,135350,6210,2020,US,Pres-G,2020_Pres-G_US,Ipsos,154,True,False,Probability Panel,9.5,,2020-10-25,2020-11-03,9,825.0,Joe Biden,13256,DEM,52.0,51.06781524282115,Donald Trump,13254,REP,42.0,46.67188775435952,10.0,4.395927488461631,9,5.604072511538369,5.604072511538369,True
72224,135491,6210,2020,US,Pres-G,2020_Pres-G_US,YouGov,391,False,False,Online Panel,9.0,,2020-10-24,2020-11-03,10,1500.0,Joe Biden,13256,DEM,52.6,51.06781524282115,Donald Trump,13254,REP,43.5,46.67188775435952,9.1,4.395927488461631,10,4.704072511538369,4.704072511538369,True
72234,135515,6210,2020,US,Pres-G,2020_Pres-G_US,YouGov,391,False,False,Online Panel,10.0,,2020-10-13,2020-11-03,21,50908.0,Joe Biden,13256,DEM,51.0,51.06781524282115,Donald Trump,13254,REP,43.0,46.67188775435952,8.0,4.395927488461631,21,3.6040725115383694,3.6040725115383694,True
72216,135480,6210,2020,US,Pres-G,2020_Pres-G_US,AtlasIntel,546,True,False,Online Panel,5.0,,2020-10-27,2020-11-03,7,1726.0,Joe Biden,13256,DEM,50.9,51.06781524282115,Donald Trump,13254,REP,46.2,46.67188775435952,4.699999999999996,4.395927488461631,7,0.3040725115383651,0.3040725115383651,True
72619,136279,6210,2020,US,Pres-G,2020_Pres-G_US,YouGov,391,False,False,Online Panel,8.0,,2020-10-31,2020-11-03,3,1360.0,Joe Biden,13256,DEM,53.0,51.06781524282115,Donald Trump,13254,REP,43.0,46.67188775435952,10.0,4.395927488461631,3,5.604072511538369,5.604072511538369,True
72714,136475,6210,2020,US,Pres-G,2020_Pres-G_US,YouGov,391,False,False,Online Panel,9.0,,2020-11-01,2020-11-03,2,1363.0,Joe Biden,13256,DEM,53.0,51.06781524282115,Donald Trump,13254,REP,43.0,46.67188775435952,10.0,4.395927488461631,2,5.604072511538369,5.604072511538369,True
72717,136487,6210,2020,US,Pres-G,2020_Pres-G_US,Ipsos,154,True,False,Probability Panel,9.5,,2020-11-01,2020-11-03,2,914.0,Joe Biden,13256,DEM,52.0,51.06781524282115,Donald Trump,13254,REP,45.0,46.67188775435952,7.0,4.395927488461631,2,2.6040725115383694,2.6040725115383694,True
69423,129303,6214,2020,AZ,Pres-G,2020_Pres-G_AZ,YouGov,391,False,False,Online Panel,9.0,,2020-09-10,2020-11-03,54,1106.0,Joe Biden,13256,DEM,47.0,49.364690614366616,Donald Trump,13254,REP,44.0,49.05598103046474,3.0,0.308709583901873,54,2.691290416098127,2.691290416098127,True
69698,129958,6214,2020,AZ,Pres-G,2020_Pres-G_AZ,Ipsos,154,True,False,Probability Panel,9.5,,2020-09-13,2020-11-03,51,565.0,Joe Biden,13256,DEM,47.0,49.364690614366616,Donald Trump,13254,REP,46.0,49.05598103046474,1.0,0.308709583901873,51,0.691290416098127,0.691290416098127,True
70651,132117,6214,2020,AZ,Pres-G,2020_Pres-G_AZ,Ipsos,154,True,False,Probability Panel,9.5,,2020-10-03,2020-11-03,31,633.0,Joe Biden,13256,DEM,48.0,49.364690614366616,Donald Trump,13254,REP,46.0,49.05598103046474,2.0,0.308709583901873,31,1.691290416098127,1.691290416098127,True
71007,132903,6214,2020,AZ,Pres-G,2020_Pres-G_AZ,Ipsos,154,True,False,Probability Panel,9.5,,2020-10-11,2020-11-03,23,667.0,Joe Biden,13256,DEM,49.0,49.364690614366616,Donald Trump,13254,REP,47.0,49.05598103046474,2.0,0.308709583901873,23,1.691290416098127,1.691290416098127,True
71295,133500,6214,2020,AZ,Pres-G,2020_Pres-G_AZ,YouGov,391,False,False,Online Panel,9.0,,2020-10-15,2020-11-03,19,1074.0,Joe Biden,13256,DEM,50.0,49.364690614366616,Donald Trump,13254,REP,47.0,49.05598103046474,3.0,0.308709583901873,19,2.691290416098127,2.691290416098127,True
71621,134171,6214,2020,AZ,Pres-G,2020_Pres-G_AZ,Ipsos,154,True,False,Probability Panel,9.5,,2020-10-18,2020-11-03,16,658.0,Joe Biden,13256,DEM,50.0,49.364690614366616,Donald Trump,13254,REP,46.0,49.05598103046474,4.0,0.308709583901873,16,3.691290416098127,3.691290416098127,True
72166,135357,6214,2020,AZ,Pres-G,2020_Pres-G_AZ,Ipsos,154,True,False,Probability Panel,9.5,,2020-10-24,2020-11-03,10,714.0,Joe Biden,13256,DEM,47.0,49.364690614366616,Donald Trump,13254,REP,47.0,49.05598103046474,0.0,0.308709583901873,10,-0.308709583901873,0.308709583901873,False
72500,136058,6214,2020,AZ,Pres-G,2020_Pres-G_AZ,AtlasIntel,546,True,False,Online Panel,5.0,,2020-10-30,2020-11-03,4,641.0,Joe Biden,13256,DEM,48.1,49.364690614366616,Donald Trump,13254,REP,50.4,49.05598103046474,-2.299999999999997,0.308709583901873,4,-2.60870958390187,2.60870958390187,False
72649,136324,6214,2020,AZ,Pres-G,2020_Pres-G_AZ,Marist,183,True,False,Live Phone,9.0,,2020-10-31,2020-11-03,3,717.0,Joe Biden,13256,DEM,48.0,49.364690614366616,Donald Trump,13254,REP,48.0,49.05598103046474,0.0,0.308709583901873,3,-0.308709583901873,0.308709583901873,False
72653,136342,6214,2020,AZ,Pres-G,2020_Pres-G_AZ,Ipsos,154,True,False,Probability Panel,9.5,,2020-10-30,2020-11-03,4,610.0,Joe Biden,13256,DEM,50.0,49.364690614366616,Donald Trump,13254,REP,47.0,49.05598103046474,3.0,0.308709583901873,4,2.691290416098127,2.691290416098127,True
71368,133643,6216,2020,CO,Pres-G,2020_Pres-G_CO,YouGov,391,False,False,Online Panel,9.0,,2020-10-07,2020-11-03,27,800.0,Joe Biden,13256,DEM,47.0,55.3995419069199,Donald Trump,13254,REP,38.0,41.8979238435606,9.0,13.501618063359302,27,-4.501618063359302,4.501618063359302,True
69699,129959,6220,2020,FL,Pres-G,2020_Pres-G_FL,Ipsos,154,True,False,Probability Panel,9.5,,2020-09-13,2020-11-03,51,586.0,Joe Biden,13256,DEM,47.0,47.86145072544223,Donald Trump,13254,REP,47.0,51.21981962250403,0.0,-3.3583688970618013,51,3.3583688970618013,3.3583688970618013,False
69564,129606,6220,2020,FL,Pres-G,2020_Pres-G_FL,YouGov,391,False,False,Online Panel,9.0,,2020-09-17,2020-11-03,47,1205.0,Joe Biden,13256,DEM,48.0,47.86145072544223,Donald Trump,13254,REP,46.0,51.21981962250403,2.0,-3.3583688970618013,47,5.358368897061801,5.358368897061801,False
70650,132116,6220,2020,FL,Pres-G,2020_Pres-G_FL,Ipsos,154,True,False,Probability Panel,9.5,,2020-10-03,2020-11-03,31,678.0,Joe Biden,13256,DEM,49.0,47.86145072544223,Donald Trump,13254,REP,45.0,51.21981962250403,4.0,-3.3583688970618013,31,7.358368897061801,7.358368897061801,False
71006,132902,6220,2020,FL,Pres-G,2020_Pres-G_FL,Ipsos,154,True,False,Probability Panel,9.5,,2020-10-11,2020-11-03,23,653.0,Joe Biden,13256,DEM,50.0,47.86145072544223,Donald Trump,13254,REP,47.0,51.21981962250403,3.0,-3.3583688970618013,23,6.358368897061801,6.358368897061801,False
71620,134169,6220,2020,FL,Pres-G,2020_Pres-G_FL,Ipsos,154,True,False,Probability Panel,9.5,,2020-10-17,2020-11-03,17,662.0,Joe Biden,13256,DEM,51.0,47.86145072544223,Donald Trump,13254,REP,46.0,51.21981962250403,5.0,-3.3583688970618013,17,8.358368897061801,8.358368897061801,False
71887,134745,6220,2020,FL,Pres-G,2020_Pres-G_FL,YouGov,391,False,False,Online Panel,9.0,,2020-10-22,2020-11-03,12,1228.0,Joe Biden,13256,DEM,50.0,47.86145072544223,Donald Trump,13254,REP,48.0,51.21981962250403,2.0,-3.3583688970618013,12,5.358368897061801,5.358368897061801,False
72330,135696,6220,2020,FL,Pres-G,2020_Pres-G_FL,YouGov,391,False,False,Online Panel,9.0,,2020-10-21,2020-11-03,13,1200.0,Joe Biden,13256,DEM,48.0,47.86145072544223,Donald Trump,13254,REP,46.0,51.21981962250403,2.0,-3.3583688970618013,13,5.358368897061801,5.358368897061801,False
72175,135376,6220,2020,FL,Pres-G,2020_Pres-G_FL,Marist,183,True,False,Live Phone,9.0,,2020-10-26,2020-11-03,8,743.0,Joe Biden,13256,DEM,51.0,47.86145072544223,Donald Trump,13254,REP,47.0,51.21981962250403,4.0,-3.3583688970618013,8,7.358368897061801,7.358368897061801,False
72167,135358,6220,2020,FL,Pres-G,2020_Pres-G_FL,Ipsos,154,True,False,Probability Panel,9.5,,2020-10-24,2020-11-03,10,704.0,Joe Biden,13256,DEM,48.0,47.86145072544223,Donald Trump,13254,REP,47.0,51.21981962250403,1.0,-3.3583688970618013,10,4.358368897061801,4.358368897061801,False
72519,136089,6220,2020,FL,Pres-G,2020_Pres-G_FL,YouGov,391,False,False,Online Panel,10.0,,2020-10-13,2020-11-03,21,3755.0,Joe Biden,13256,DEM,49.0,47.86145072544223,Donald Trump,13254,REP,47.0,51.21981962250403,2.0,-3.3583688970618013,21,5.358368897061801,5.358368897061801,False
72399,135844,6220,2020,FL,Pres-G,2020_Pres-G_FL,AtlasIntel,546,True,False,Online Panel,5.0,,2020-10-28,2020-11-03,6,786.0,Joe Biden,13256,DEM,48.6,47.86145072544223,Donald Trump,13254,REP,48.5,51.21981962250403,0.1000000000000014,-3.3583688970618013,6,3.4583688970618027,3.4583688970618027,False
72658,136361,6220,2020,FL,Pres-G,2020_Pres-G_FL,Ipsos,154,True,False,Probability Panel,9.5,,2020-10-29,2020-11-03,5,670.0,Joe Biden,13256,DEM,50.0,47.86145072544223,Donald Trump,13254,REP,46.0,51.21981962250403,4.0,-3.3583688970618013,5,7.358368897061801,7.358368897061801,False
69991,130351,6221,2020,GA,Pres-G,2020_Pres-G_GA,YouGov,391,False,False,Online Panel,9.0,,2020-09-24,2020-11-03,40,1164.0,Joe Biden,13256,DEM,46.0,49.473055784446274,Donald Trump,13254,REP,47.0,49.2374738997912,-1.0,0.2355818846550761,40,-1.2355818846550761,1.2355818846550761,False
71888,134746,6221,2020,GA,Pres-G,2020_Pres-G_GA,YouGov,391,False,False,Online Panel,9.0,,2020-10-22,2020-11-03,12,1090.0,Joe Biden,13256,DEM,49.0,49.473055784446274,Donald Trump,13254,REP,49.0,49.2374738997912,0.0,0.2355818846550761,12,-0.2355818846550761,0.2355818846550761,False
72520,136090,6221,2020,GA,Pres-G,2020_Pres-G_GA,YouGov,391,False,False,Online Panel,10.0,,2020-10-13,2020-11-03,21,1456.0,Joe Biden,13256,DEM,48.0,49.473055784446274,Donald Trump,13254,REP,47.0,49.2374738997912,1.0,0.2355818846550761,21,0.7644181153449239,0.7644181153449239,True
72593,136231,6221,2020,GA,Pres-G,2020_Pres-G_GA,AtlasIntel,546,True,False,Online Panel,5.0,,2020-10-30,2020-11-03,4,679.0,Joe Biden,13256,DEM,46.1,49.473055784446274,Donald Trump,13254,REP,48.3,49.2374738997912,-2.199999999999996,0.2355818846550761,4,-2.4355818846550723,2.4355818846550723,False
70726,132310,6223,2020,IA,Pres-G,2020_Pres-G_IA,YouGov,391,False,False,Online Panel,9.0,,2020-10-08,2020-11-03,26,1035.0,Joe Biden,13256,DEM,49.0,44.89171557144218,Donald Trump,13254,REP,49.0,53.089324969202266,0.0,-8.19760939776009,26,8.19760939776009,8.19760939776009,False
71972,134917,6230,2020,MA,Pres-G,2020_Pres-G_MA,YouGov,391,False,False,Online Panel,9.0,,2020-10-18,2020-11-03,16,713.0,Joe Biden,13256,DEM,64.0,65.6000630059685,Donald Trump,13254,REP,29.0,32.14191103050557,35.0,33.458151975462926,16,1.5418480245370745,1.5418480245370745,True
69661,129866,6233,2020,MI,Pres-G,2020_Pres-G_MI,Ipsos,154,True,False,Probability Panel,9.5,,2020-09-13,2020-11-03,51,637.0,Joe Biden,13256,DEM,49.0,50.62081829082437,Donald Trump,13254,REP,44.0,47.83729069113762,5.0,2.783527599686749,51,2.216472400313251,2.216472400313251,True
69714,130003,6233,2020,MI,Pres-G,2020_Pres-G_MI,YouGov,391,False,False,Online Panel,9.0,,2020-09-16,2020-11-03,48,641.0,Joe Biden,13256,DEM,51.0,50.62081829082437,Donald Trump,13254,REP,45.0,47.83729069113762,6.0,2.783527599686749,48,3.216472400313251,3.216472400313251,True
69995,130356,6233,2020,MI,Pres-G,2020_Pres-G_MI,Marist,183,True,False,Live Phone,9.0,,2020-09-21,2020-11-03,43,799.0,Joe Biden,13256,DEM,52.0,50.62081829082437,Donald Trump,13254,REP,44.0,47.83729069113762,8.0,2.783527599686749,43,5.2164724003132505,5.2164724003132505,True
70615,132031,6233,2020,MI,Pres-G,2020_Pres-G_MI,Ipsos,154,True,False,Probability Panel,9.5,,2020-10-03,2020-11-03,31,709.0,Joe Biden,13256,DEM,51.0,50.62081829082437,Donald Trump,13254,REP,43.0,47.83729069113762,8.0,2.783527599686749,31,5.2164724003132505,5.2164724003132505,True
70724,132308,6233,2020,MI,Pres-G,2020_Pres-G_MI,YouGov,391,False,False,Online Panel,9.0,,2020-10-08,2020-11-03,26,1190.0,Joe Biden,13256,DEM,52.0,50.62081829082437,Donald Trump,13254,REP,46.0,47.83729069113762,6.0,2.783527599686749,26,3.216472400313251,3.216472400313251,True
70785,132434,6233,2020,MI,Pres-G,2020_Pres-G_MI,Ipsos,154,True,False,Probability Panel,9.5,,2020-10-10,2020-11-03,24,620.0,Joe Biden,13256,DEM,51.0,50.62081829082437,Donald Trump,13254,REP,44.0,47.83729069113762,7.0,2.783527599686749,24,4.2164724003132505,4.2164724003132505,True
71462,133969,6233,2020,MI,Pres-G,2020_Pres-G_MI,Ipsos,154,True,False,Probability Panel,9.5,,2020-10-17,2020-11-03,17,686.0,Joe Biden,13256,DEM,52.0,50.62081829082437,Donald Trump,13254,REP,44.0,47.83729069113762,8.0,2.783527599686749,17,5.2164724003132505,5.2164724003132505,True
71946,134865,6233,2020,MI,Pres-G,2020_Pres-G_MI,YouGov,391,False,False,Online Panel,9.0,,2020-10-17,2020-11-03,17,681.0,Joe Biden,13256,DEM,52.0,50.62081829082437,Donald Trump,13254,REP,42.0,47.83729069113762,10.0,2.783527599686749,17,7.2164724003132505,7.2164724003132505,True
72058,135100,6233,2020,MI,Pres-G,2020_Pres-G_MI,Ipsos,154,True,False,Probability Panel,9.5,,2020-10-23,2020-11-03,11,652.0,Joe Biden,13256,DEM,53.0,50.62081829082437,Donald Trump,13254,REP,43.0,47.83729069113762,10.0,2.783527599686749,11,7.2164724003132505,7.2164724003132505,True
72594,136232,6233,2020,MI,Pres-G,2020_Pres-G_MI,AtlasIntel,546,True,False,Online Panel,5.0,,2020-10-30,2020-11-03,4,686.0,Joe Biden,13256,DEM,48.3,50.62081829082437,Donald Trump,13254,REP,45.9,47.83729069113762,2.3999999999999986,2.783527599686749,4,-0.38352759968675043,0.38352759968675043,True
72508,136073,6233,2020,MI,Pres-G,2020_Pres-G_MI,Ipsos,154,True,False,Probability Panel,9.5,,2020-10-29,2020-11-03,5,654.0,Joe Biden,13256,DEM,53.0,50.62081829082437,Donald Trump,13254,REP,43.0,47.83729069113762,10.0,2.783527599686749,5,7.2164724003132505,7.2164724003132505,True
69424,129304,6234,2020,MN,Pres-G,2020_Pres-G_MN,YouGov,391,False,False,Online Panel,9.0,,2020-09-10,2020-11-03,54,1087.0,Joe Biden,13256,DEM,50.0,52.39509930974001,Donald Trump,13254,REP,41.0,45.28494240916937,9.0,7.110156900570644,54,1.8898430994293562,1.8898430994293562,True
70777,132398,6235,2020,MO,Pres-G,2020_Pres-G_MO,YouGov,391,False,False,Online Panel,9.0,,2020-09-30,2020-11-03,34,931.0,Joe Biden,13256,DEM,43.2,41.40878173618836,Donald Trump,13254,REP,51.8,56.79965577888949,-8.599999999999994,-15.390874042701128,34,6.790874042701134,6.790874042701134,True
69662,129867,6238,2020,NC,Pres-G,2020_Pres-G_NC,Ipsos,154,True,False,Probability Panel,9.5,,2020-09-13,2020-11-03,51,586.0,Joe Biden,13256,DEM,47.0,48.586194188970325,Donald Trump,13254,REP,47.0,49.93435061225701,0.0,-1.3481564232866887,51,1.3481564232866887,1.3481564232866887,False
69992,130352,6238,2020,NC,Pres-G,2020_Pres-G_NC,YouGov,391,False,False,Online Panel,9.0,,2020-09-24,2020-11-03,40,1213.0,Joe Biden,13256,DEM,48.0,48.586194188970325,Donald Trump,13254,REP,46.0,49.93435061225701,2.0,-1.3481564232866887,40,3.3481564232866887,3.3481564232866887,False
70616,132032,6238,2020,NC,Pres-G,2020_Pres-G_NC,Ipsos,154,True,False,Probability Panel,9.5,,2020-10-03,2020-11-03,31,601.0,Joe Biden,13256,DEM,47.0,48.586194188970325,Donald Trump,13254,REP,47.0,49.93435061225701,0.0,-1.3481564232866887,31,1.3481564232866887,1.3481564232866887,False
70786,132435,6238,2020,NC,Pres-G,2020_Pres-G_NC,Ipsos,154,True,False,Probability Panel,9.5,,2020-10-10,2020-11-03,24,660.0,Joe Biden,13256,DEM,48.0,48.586194188970325,Donald Trump,13254,REP,48.0,49.93435061225701,0.0,-1.3481564232866887,24,1.3481564232866887,1.3481564232866887,False
71463,133970,6238,2020,NC,Pres-G,2020_Pres-G_NC,Ipsos,154,True,False,Probability Panel,9.5,,2020-10-17,2020-11-03,17,660.0,Joe Biden,13256,DEM,49.0,48.586194188970325,Donald Trump,13254,REP,47.0,49.93435061225701,2.0,-1.3481564232866887,17,3.3481564232866887,3.3481564232866887,False
71889,134747,6238,2020,NC,Pres-G,2020_Pres-G_NC,YouGov,391,False,False,Online Panel,9.0,,2020-10-22,2020-11-03,12,1022.0,Joe Biden,13256,DEM,51.0,48.586194188970325,Donald Trump,13254,REP,47.0,49.93435061225701,4.0,-1.3481564232866887,12,5.348156423286689,5.348156423286689,False
72059,135101,6238,2020,NC,Pres-G,2020_Pres-G_NC,Ipsos,154,True,False,Probability Panel,9.5,,2020-10-24,2020-11-03,10,647.0,Joe Biden,13256,DEM,49.0,48.586194188970325,Donald Trump,13254,REP,48.0,49.93435061225701,1.0,-1.3481564232866887,10,2.3481564232866887,2.3481564232866887,False
72521,136091,6238,2020,NC,Pres-G,2020_Pres-G_NC,YouGov,391,False,False,Online Panel,10.0,,2020-10-13,2020-11-03,21,1627.0,Joe Biden,13256,DEM,49.0,48.586194188970325,Donald Trump,13254,REP,45.0,49.93435061225701,4.0,-1.3481564232866887,21,5.348156423286689,5.348156423286689,False
72331,135702,6238,2020,NC,Pres-G,2020_Pres-G_NC,Marist,183,True,False,Live Phone,9.0,,2020-10-27,2020-11-03,7,800.0,Joe Biden,13256,DEM,52.0,48.586194188970325,Donald Trump,13254,REP,46.0,49.93435061225701,6.0,-1.3481564232866887,7,7.348156423286689,7.348156423286689,False
72501,136059,6238,2020,NC,Pres-G,2020_Pres-G_NC,AtlasIntel,546,True,False,Online Panel,5.0,,2020-10-30,2020-11-03,4,812.0,Joe Biden,13256,DEM,47.5,48.586194188970325,Donald Trump,13254,REP,49.5,49.93435061225701,-2.0,-1.3481564232866887,4,-0.6518435767133113,0.6518435767133113,True
72659,136362,6238,2020,NC,Pres-G,2020_Pres-G_NC,Ipsos,154,True,False,Probability Panel,9.5,,2020-10-29,2020-11-03,5,707.0,Joe Biden,13256,DEM,49.0,48.586194188970325,Donald Trump,13254,REP,48.0,49.93435061225701,1.0,-1.3481564232866887,5,2.3481564232866887,2.3481564232866887,False
70725,132309,6244,2020,NV,Pres-G,2020_Pres-G_NV,YouGov,391,False,False,Online Panel,9.0,,2020-10-08,2020-11-03,26,1036.0,Joe Biden,13256,DEM,52.0,50.05678195728402,Donald Trump,13254,REP,46.0,47.66624732455941,6.0,2.3905346327246164,26,3.6094653672753836,3.6094653672753836,True
70549,131596,6246,2020,OH,Pres-G,2020_Pres-G_OH,YouGov,391,False,False,Online Panel,9.0,,2020-10-01,2020-11-03,33,1114.0,Joe Biden,13256,DEM,47.0,45.23933834070503,Donald Trump,13254,REP,47.0,53.27130010087464,0.0,-8.031961760169615,33,8.031961760169615,8.031961760169615,False
72657,136347,6246,2020,OH,Pres-G,2020_Pres-G_OH,AtlasIntel,546,True,False,Online Panel,5.0,,2020-10-29,2020-11-03,5,660.0,Joe Biden,13256,DEM,46.5,45.23933834070503,Donald Trump,13254,REP,50.4,53.27130010087464,-3.899999999999999,-8.031961760169615,5,4.131961760169617,4.131961760169617,True
68532,128302,6249,2020,PA,Pres-G,2020_Pres-G_PA,Marist,183,True,False,Live Phone,9.0,,2020-09-04,2020-11-03,60,771.0,Joe Biden,13256,DEM,53.0,50.00849567544814,Donald Trump,13254,REP,44.0,48.84361204017247,9.0,1.1648836352756715,60,7.835116364724328,7.835116364724328,True
69626,129812,6249,2020,PA,Pres-G,2020_Pres-G_PA,Ipsos,154,True,False,Probability Panel,9.5,,2020-09-13,2020-11-03,51,611.0,Joe Biden,13256,DEM,49.0,50.00849567544814,Donald Trump,13254,REP,46.0,48.84361204017247,3.0,1.1648836352756715,51,1.8351163647243285,1.8351163647243285,True
69715,130005,6249,2020,PA,Pres-G,2020_Pres-G_PA,YouGov,391,False,False,Online Panel,9.0,,2020-09-16,2020-11-03,48,642.0,Joe Biden,13256,DEM,49.0,50.00849567544814,Donald Trump,13254,REP,45.0,48.84361204017247,4.0,1.1648836352756715,48,2.8351163647243283,2.8351163647243283,True
70548,131595,6249,2020,PA,Pres-G,2020_Pres-G_PA,YouGov,391,False,False,Online Panel,9.0,,2020-10-01,2020-11-03,33,1187.0,Joe Biden,13256,DEM,51.0,50.00849567544814,Donald Trump,13254,REP,44.0,48.84361204017247,7.0,1.1648836352756715,33,5.835116364724328,5.835116364724328,True
70585,131968,6249,2020,PA,Pres-G,2020_Pres-G_PA,Ipsos,154,True,False,Probability Panel,9.5,,2020-10-02,2020-11-03,32,605.0,Joe Biden,13256,DEM,50.0,50.00849567544814,Donald Trump,13254,REP,45.0,48.84361204017247,5.0,1.1648836352756715,32,3.8351163647243283,3.8351163647243283,True
70741,132346,6249,2020,PA,Pres-G,2020_Pres-G_PA,Ipsos,154,True,False,Probability Panel,9.5,,2020-10-08,2020-11-03,26,622.0,Joe Biden,13256,DEM,51.0,50.00849567544814,Donald Trump,13254,REP,45.0,48.84361204017247,6.0,1.1648836352756715,26,4.835116364724328,4.835116364724328,True
71379,133666,6249,2020,PA,Pres-G,2020_Pres-G_PA,Ipsos,154,True,False,Probability Panel,9.5,,2020-10-16,2020-11-03,18,653.0,Joe Biden,13256,DEM,49.0,50.00849567544814,Donald Trump,13254,REP,45.0,48.84361204017247,4.0,1.1648836352756715,18,2.8351163647243283,2.8351163647243283,True
71947,134866,6249,2020,PA,Pres-G,2020_Pres-G_PA,YouGov,391,False,False,Online Panel,9.0,,2020-10-17,2020-11-03,17,669.0,Joe Biden,13256,DEM,52.0,50.00849567544814,Donald Trump,13254,REP,44.0,48.84361204017247,8.0,1.1648836352756715,17,6.835116364724328,6.835116364724328,True
71976,134926,6249,2020,PA,Pres-G,2020_Pres-G_PA,Ipsos,154,True,False,Probability Panel,9.5,,2020-10-23,2020-11-03,11,655.0,Joe Biden,13256,DEM,51.0,50.00849567544814,Donald Trump,13254,REP,44.0,48.84361204017247,7.0,1.1648836352756715,11,5.835116364724328,5.835116364724328,True
72522,136092,6249,2020,PA,Pres-G,2020_Pres-G_PA,YouGov,391,False,False,Online Panel,10.0,,2020-10-13,2020-11-03,21,2703.0,Joe Biden,13256,DEM,52.0,50.00849567544814,Donald Trump,13254,REP,44.0,48.84361204017247,8.0,1.1648836352756715,21,6.835116364724328,6.835116364724328,True
72475,136002,6249,2020,PA,Pres-G,2020_Pres-G_PA,AtlasIntel,546,True,False,Online Panel,5.0,,2020-10-29,2020-11-03,5,672.0,Joe Biden,13256,DEM,48.5,50.00849567544814,Donald Trump,13254,REP,49.6,48.84361204017247,-1.1000000000000014,1.1648836352756715,5,-2.264883635275673,2.264883635275673,False
72650,136326,6249,2020,PA,Pres-G,2020_Pres-G_PA,Marist,183,True,False,Live Phone,9.0,,2020-10-31,2020-11-03,3,772.0,Joe Biden,13256,DEM,51.0,50.00849567544814,Donald Trump,13254,REP,46.0,48.84361204017247,5.0,1.1648836352756715,3,3.8351163647243283,3.8351163647243283,True
72507,136070,6249,2020,PA,Pres-G,2020_Pres-G_PA,Ipsos,154,True,False,Probability Panel,9.5,,2020-10-29,2020-11-03,5,673.0,Joe Biden,13256,DEM,51.0,50.00849567544814,Donald Trump,13254,REP,45.0,48.84361204017247,6.0,1.1648836352756715,5,4.835116364724328,4.835116364724328,True
69993,130353,6251,2020,SC,Pres-G,2020_Pres-G_SC,YouGov,391,False,False,Online Panel,9.0,,2020-09-24,2020-11-03,40,1080.0,Joe Biden,13256,DEM,42.0,43.43008814206178,Donald Trump,13254,REP,52.0,55.11029395674024,-10.0,-11.68020581467846,40,1.6802058146784606,1.6802058146784606,True
69565,129607,6254,2020,TX,Pres-G,2020_Pres-G_TX,YouGov,391,False,False,Online Panel,9.0,,2020-09-17,2020-11-03,47,1140.0,Joe Biden,13256,DEM,46.0,46.47900991387051,Donald Trump,13254,REP,48.0,52.05760360355265,-2.0,-5.578593689682137,47,3.578593689682137,3.578593689682137,True
70694,132236,6254,2020,TX,Pres-G,2020_Pres-G_TX,YouGov,391,False,False,Online Panel,9.0,,2020-09-29,2020-11-03,35,908.0,Joe Biden,13256,DEM,45.0,46.47900991387051,Donald Trump,13254,REP,50.0,52.05760360355265,-5.0,-5.578593689682137,35,0.5785936896821369,0.5785936896821369,True
71955,134881,6254,2020,TX,Pres-G,2020_Pres-G_TX,YouGov,391,False,False,Online Panel,9.0,,2020-10-17,2020-11-03,17,1000.0,Joe Biden,13256,DEM,44.7,46.47900991387051,Donald Trump,13254,REP,50.0,52.05760360355265,-5.299999999999997,-5.578593689682137,17,0.2785936896821397,0.2785936896821397,True
72523,136093,6254,2020,TX,Pres-G,2020_Pres-G_TX,YouGov,391,False,False,Online Panel,10.0,,2020-10-13,2020-11-03,21,2947.0,Joe Biden,13256,DEM,47.0,46.47900991387051,Donald Trump,13254,REP,49.0,52.05760360355265,-2.0,-5.578593689682137,21,3.578593689682137,3.578593689682137,True
72592,136230,6254,2020,TX,Pres-G,2020_Pres-G_TX,AtlasIntel,546,True,False,Online Panel,5.0,,2020-10-30,2020-11-03,4,962.0,Joe Biden,13256,DEM,47.3,46.47900991387051,Donald Trump,13254,REP,50.0,52.05760360355265,-2.700000000000003,-5.578593689682137,4,2.878593689682134,2.878593689682134,True
69627,129813,6259,2020,WI,Pres-G,2020_Pres-G_WI,Ipsos,154,True,False,Probability Panel,9.5,,2020-09-13,2020-11-03,51,609.0,Joe Biden,13256,DEM,48.0,49.44953686142774,Donald Trump,13254,REP,43.0,48.82243731960882,5.0,0.6270995418189145,51,4.3729004581810855,4.3729004581810855,True
69716,130007,6259,2020,WI,Pres-G,2020_Pres-G_WI,YouGov,391,False,False,Online Panel,9.0,,2020-09-16,2020-11-03,48,664.0,Joe Biden,13256,DEM,50.0,49.44953686142774,Donald Trump,13254,REP,46.0,48.82243731960882,4.0,0.6270995418189145,48,3.3729004581810855,3.3729004581810855,True
69996,130357,6259,2020,WI,Pres-G,2020_Pres-G_WI,Marist,183,True,False,Live Phone,9.0,,2020-09-22,2020-11-03,42,727.0,Joe Biden,13256,DEM,54.0,49.44953686142774,Donald Trump,13254,REP,44.0,48.82243731960882,10.0,0.6270995418189145,42,9.372900458181086,9.372900458181086,True
70584,131967,6259,2020,WI,Pres-G,2020_Pres-G_WI,Ipsos,154,True,False,Probability Panel,9.5,,2020-10-02,2020-11-03,32,601.0,Joe Biden,13256,DEM,50.0,49.44953686142774,Donald Trump,13254,REP,44.0,48.82243731960882,6.0,0.6270995418189145,32,5.3729004581810855,5.3729004581810855,True
70740,132345,6259,2020,WI,Pres-G,2020_Pres-G_WI,Ipsos,154,True,False,Probability Panel,9.5,,2020-10-08,2020-11-03,26,577.0,Joe Biden,13256,DEM,52.0,49.44953686142774,Donald Trump,13254,REP,45.0,48.82243731960882,7.0,0.6270995418189145,26,6.3729004581810855,6.3729004581810855,True
71296,133501,6259,2020,WI,Pres-G,2020_Pres-G_WI,YouGov,391,False,False,Online Panel,9.0,,2020-10-15,2020-11-03,19,1112.0,Joe Biden,13256,DEM,51.0,49.44953686142774,Donald Trump,13254,REP,46.0,48.82243731960882,5.0,0.6270995418189145,19,4.3729004581810855,4.3729004581810855,True
71380,133667,6259,2020,WI,Pres-G,2020_Pres-G_WI,Ipsos,154,True,False,Probability Panel,9.5,,2020-10-16,2020-11-03,18,663.0,Joe Biden,13256,DEM,51.0,49.44953686142774,Donald Trump,13254,REP,45.0,48.82243731960882,6.0,0.6270995418189145,18,5.3729004581810855,5.3729004581810855,True
71948,134867,6259,2020,WI,Pres-G,2020_Pres-G_WI,YouGov,391,False,False,Online Panel,9.0,,2020-10-17,2020-11-03,17,647.0,Joe Biden,13256,DEM,53.0,49.44953686142774,Donald Trump,13254,REP,44.0,48.82243731960882,9.0,0.6270995418189145,17,8.372900458181086,8.372900458181086,True
71975,134927,6259,2020,WI,Pres-G,2020_Pres-G_WI,Ipsos,154,True,False,Probability Panel,9.5,,2020-10-23,2020-11-03,11,664.0,Joe Biden,13256,DEM,53.0,49.44953686142774,Donald Trump,13254,REP,44.0,48.82243731960882,9.0,0.6270995418189145,11,8.372900458181086,8.372900458181086,True
72502,136060,6259,2020,WI,Pres-G,2020_Pres-G_WI,AtlasIntel,546,True,False,Online Panel,5.0,,2020-10-30,2020-11-03,4,781.0,Joe Biden,13256,DEM,50.6,49.44953686142774,Donald Trump,13254,REP,48.7,48.82243731960882,1.8999999999999984,0.6270995418189145,4,1.2729004581810839,1.2729004581810839,True
72505,136067,6259,2020,WI,Pres-G,2020_Pres-G_WI,Ipsos,154,True,False,Probability Panel,9.5,,2020-10-29,2020-11-03,5,696.0,Joe Biden,13256,DEM,53.0,49.44953686142774,Donald Trump,13254,REP,43.0,48.82243731960882,10.0,0.6270995418189145,5,9.372900458181086,9.372900458181086,True
