poll_id,question_id,race,cycle,location,pollster,polldate,electiondate,days_to_election,samplesize,methodology,candidate,party,poll_pct,actual_pct,signed_error,absolute_error,source_url,official_result_url
27174,24357,2012_Pres-G_US,2012,US,Ipsos,2012-09-09,2012-11-06,58,873.0,,Barack Obama,DEM,48.0,50.90918536886269,-2.909185368862687,2.909185368862687,https://github.com/fivethirtyeight/data/tree/master/pollster-ratings,https://electionlab.mit.edu/data
19108,24428,2012_Pres-G_US,2012,US,Ipsos,2012-09-11,2012-11-06,56,990.0,Online Panel,Barack Obama,DEM,48.0,50.90918536886269,-2.909185368862687,2.909185368862687,https://github.com/fivethirtyeight/data/tree/master/pollster-ratings,https://electionlab.mit.edu/data
29391,34907,2012_Pres-G_US,2012,US,YouGov,2012-09-16,2012-11-06,51,943.0,Online Panel,Barack Obama,DEM,49.0,50.90918536886269,-1.909185368862687,1.909185368862687,https://github.com/fivethirtyeight/data/tree/master/pollster-ratings,https://electionlab.mit.edu/data
29517,35131,2012_Pres-G_US,2012,US,Ipsos,2012-09-19,2012-11-06,48,1616.0,Online Panel,Barack Obama,DEM,48.0,50.90918536886269,-2.909185368862687,2.909185368862687,https://github.com/fivethirtyeight/data/tree/master/pollster-ratings,https://electionlab.mit.edu/data
29598,35689,2012_Pres-G_US,2012,US,YouGov,2012-09-23,2012-11-06,44,896.0,Online Panel,Barack Obama,DEM,48.0,50.90918536886269,-2.909185368862687,2.909185368862687,https://github.com/fivethirtyeight/data/tree/master/pollster-ratings,https://electionlab.mit.edu/data
29646,35332,2012_Pres-G_US,2012,US,Ipsos,2012-09-26,2012-11-06,41,855.0,Online Panel,Barack Obama,DEM,47.0,50.90918536886269,-3.909185368862687,3.909185368862687,https://github.com/fivethirtyeight/data/tree/master/pollster-ratings,https://electionlab.mit.edu/data
29765,35509,2012_Pres-G_US,2012,US,YouGov,2012-09-30,2012-11-06,37,785.0,Online Panel,Barack Obama,DEM,49.0,50.90918536886269,-1.909185368862687,1.909185368862687,https://github.com/fivethirtyeight/data/tree/master/pollster-ratings,https://electionlab.mit.edu/data
29780,35530,2012_Pres-G_US,2012,US,Ipsos,2012-10-03,2012-11-06,34,1434.0,Online Panel,Barack Obama,DEM,46.0,50.90918536886269,-4.909185368862687,4.909185368862687,https://github.com/fivethirtyeight/data/tree/master/pollster-ratings,https://electionlab.mit.edu/data
29781,35532,2012_Pres-G_US,2012,US,Ipsos,2012-10-03,2012-11-06,34,1728.0,Online Panel,Barack Obama,DEM,45.0,50.90918536886269,-5.909185368862687,5.909185368862687,https://github.com/fivethirtyeight/data/tree/master/pollster-ratings,https://electionlab.mit.edu/data
29891,35683,2012_Pres-G_US,2012,US,YouGov,2012-10-07,2012-11-06,30,763.0,Online Panel,Barack Obama,DEM,49.0,50.90918536886269,-1.909185368862687,1.909185368862687,https://github.com/fivethirtyeight/data/tree/master/pollster-ratings,https://electionlab.mit.edu/data
29875,35665,2012_Pres-G_US,2012,US,Ipsos,2012-10-08,2012-11-06,29,1027.0,Online Panel,Barack Obama,DEM,44.0,50.90918536886269,-6.909185368862687,6.909185368862687,https://github.com/fivethirtyeight/data/tree/master/pollster-ratings,https://electionlab.mit.edu/data
30010,35882,2012_Pres-G_US,2012,US,Ipsos,2012-10-13,2012-11-06,24,1864.0,Online Panel,Barack Obama,DEM,47.0,50.90918536886269,-3.909185368862687,3.909185368862687,https://github.com/fivethirtyeight/data/tree/master/pollster-ratings,https://electionlab.mit.edu/data
30011,35883,2012_Pres-G_US,2012,US,Ipsos,2012-10-13,2012-11-06,24,2106.0,Online Panel,Barack Obama,DEM,46.0,50.90918536886269,-4.909185368862687,4.909185368862687,https://github.com/fivethirtyeight/data/tree/master/pollster-ratings,https://electionlab.mit.edu/data
30080,36003,2012_Pres-G_US,2012,US,YouGov,2012-10-14,2012-11-06,23,826.0,Online Panel,Barack Obama,DEM,47.0,50.90918536886269,-3.909185368862687,3.909185368862687,https://github.com/fivethirtyeight/data/tree/master/pollster-ratings,https://electionlab.mit.edu/data
30168,36128,2012_Pres-G_US,2012,US,Ipsos,2012-10-18,2012-11-06,19,1368.0,Online Panel,Barack Obama,DEM,46.0,50.90918536886269,-4.909185368862687,4.909185368862687,https://github.com/fivethirtyeight/data/tree/master/pollster-ratings,https://electionlab.mit.edu/data
30242,36245,2012_Pres-G_US,2012,US,YouGov,2012-10-21,2012-11-06,16,803.0,Online Panel,Barack Obama,DEM,48.0,50.90918536886269,-2.909185368862687,2.909185368862687,https://github.com/fivethirtyeight/data/tree/master/pollster-ratings,https://electionlab.mit.edu/data
30339,36378,2012_Pres-G_US,2012,US,Ipsos,2012-10-24,2012-11-06,13,1237.0,Online Panel,Barack Obama,DEM,47.0,50.90918536886269,-3.909185368862687,3.909185368862687,https://github.com/fivethirtyeight/data/tree/master/pollster-ratings,https://electionlab.mit.edu/data
30340,36379,2012_Pres-G_US,2012,US,Ipsos,2012-10-24,2012-11-06,13,1610.0,Online Panel,Barack Obama,DEM,46.0,50.90918536886269,-4.909185368862687,4.909185368862687,https://github.com/fivethirtyeight/data/tree/master/pollster-ratings,https://electionlab.mit.edu/data
30471,36588,2012_Pres-G_US,2012,US,YouGov,2012-10-28,2012-11-06,9,688.0,Online Panel,Barack Obama,DEM,48.0,50.90918536886269,-2.909185368862687,2.909185368862687,https://github.com/fivethirtyeight/data/tree/master/pollster-ratings,https://electionlab.mit.edu/data
30502,36635,2012_Pres-G_US,2012,US,Ipsos,2012-10-29,2012-11-06,8,4085.0,Online Panel,Barack Obama,DEM,47.0,50.90918536886269,-3.909185368862687,3.909185368862687,https://github.com/fivethirtyeight/data/tree/master/pollster-ratings,https://electionlab.mit.edu/data
30725,37027,2012_Pres-G_US,2012,US,YouGov,2012-11-02,2012-11-06,4,36472.0,Online Panel,Barack Obama,DEM,48.5,50.90918536886269,-2.409185368862687,2.409185368862687,https://github.com/fivethirtyeight/data/tree/master/pollster-ratings,https://electionlab.mit.edu/data
30770,37112,2012_Pres-G_US,2012,US,Ipsos,2012-11-03,2012-11-06,3,4725.0,Online Panel,Barack Obama,DEM,48.0,50.90918536886269,-2.909185368862687,2.909185368862687,https://github.com/fivethirtyeight/data/tree/master/pollster-ratings,https://electionlab.mit.edu/data
42239,159407,2012_Pres-G_US,2012,US,YouGov,2012-11-04,2012-11-06,2,740.0,Online Panel,Barack Obama,DEM,49.0,50.90918536886269,-1.909185368862687,1.909185368862687,https://github.com/fivethirtyeight/data/tree/master/pollster-ratings,https://electionlab.mit.edu/data
45725,71403,2016_Pres-G_US,2016,US,Ipsos,2016-09-10,2016-11-08,59,1125.0,Online Panel,Hillary Rodham Clinton,DEM,39.3,47.99672181721133,-8.696721817211333,8.696721817211333,https://github.com/fivethirtyeight/data/tree/master/pollster-ratings,https://electionlab.mit.edu/data
45740,71423,2016_Pres-G_US,2016,US,YouGov,2016-09-12,2016-11-08,57,1087.0,Online Panel,Hillary Rodham Clinton,DEM,42.0,47.99672181721133,-5.996721817211331,5.996721817211331,https://github.com/fivethirtyeight/data/tree/master/pollster-ratings,https://electionlab.mit.edu/data
45904,71729,2016_Pres-G_US,2016,US,Ipsos,2016-09-15,2016-11-08,54,1137.0,Online Panel,Hillary Rodham Clinton,DEM,40.4,47.99672181721133,-7.596721817211332,7.596721817211332,https://github.com/fivethirtyeight/data/tree/master/pollster-ratings,https://electionlab.mit.edu/data
45910,71740,2016_Pres-G_US,2016,US,YouGov,2016-09-18,2016-11-08,51,1065.0,Online Panel,Hillary Rodham Clinton,DEM,40.0,47.99672181721133,-7.996721817211331,7.996721817211331,https://github.com/fivethirtyeight/data/tree/master/pollster-ratings,https://electionlab.mit.edu/data
46006,71909,2016_Pres-G_US,2016,US,Marist,2016-09-17,2016-11-08,52,758.0,Live Phone,Hillary Rodham Clinton,DEM,45.0,47.99672181721133,-2.9967218172113306,2.9967218172113306,https://github.com/fivethirtyeight/data/tree/master/pollster-ratings,https://electionlab.mit.edu/data
46007,71942,2016_Pres-G_US,2016,US,Ipsos,2016-09-20,2016-11-08,49,1098.0,Online Panel,Hillary Rodham Clinton,DEM,41.0,47.99672181721133,-6.996721817211331,6.996721817211331,https://github.com/fivethirtyeight/data/tree/master/pollster-ratings,https://electionlab.mit.edu/data
46448,71991,2016_Pres-G_US,2016,US,YouGov,2016-09-23,2016-11-08,46,1115.0,Online Panel,Hillary Rodham Clinton,DEM,44.0,47.99672181721133,-3.9967218172113306,3.9967218172113306,https://github.com/fivethirtyeight/data/tree/master/pollster-ratings,https://electionlab.mit.edu/data
46308,72408,2016_Pres-G_US,2016,US,Ipsos,2016-09-25,2016-11-08,44,1888.0,Online Panel,Hillary Rodham Clinton,DEM,40.9,47.99672181721133,-7.096721817211332,7.096721817211332,https://github.com/fivethirtyeight/data/tree/master/pollster-ratings,https://electionlab.mit.edu/data
46453,72639,2016_Pres-G_US,2016,US,Ipsos,2016-09-30,2016-11-08,39,1433.0,Online Panel,Hillary Rodham Clinton,DEM,42.5,47.99672181721133,-5.496721817211331,5.496721817211331,https://github.com/fivethirtyeight/data/tree/master/pollster-ratings,https://electionlab.mit.edu/data
46438,72575,2016_Pres-G_US,2016,US,YouGov,2016-10-02,2016-11-08,37,911.0,Online Panel,Hillary Rodham Clinton,DEM,43.0,47.99672181721133,-4.996721817211331,4.996721817211331,https://github.com/fivethirtyeight/data/tree/master/pollster-ratings,https://electionlab.mit.edu/data
46750,73080,2016_Pres-G_US,2016,US,Ipsos,2016-10-05,2016-11-08,34,1103.0,Online Panel,Hillary Rodham Clinton,DEM,43.2,47.99672181721133,-4.796721817211328,4.796721817211328,https://github.com/fivethirtyeight/data/tree/master/pollster-ratings,https://electionlab.mit.edu/data
46572,72856,2016_Pres-G_US,2016,US,YouGov,2016-10-07,2016-11-08,32,971.0,Online Panel,Hillary Rodham Clinton,DEM,44.0,47.99672181721133,-3.9967218172113306,3.9967218172113306,https://github.com/fivethirtyeight/data/tree/master/pollster-ratings,https://electionlab.mit.edu/data
46808,73245,2016_Pres-G_US,2016,US,Ipsos,2016-10-10,2016-11-08,29,2415.0,Online Panel,Hillary Rodham Clinton,DEM,43.9,47.99672181721133,-4.096721817211332,4.096721817211332,https://github.com/fivethirtyeight/data/tree/master/pollster-ratings,https://electionlab.mit.edu/data
47049,73617,2016_Pres-G_US,2016,US,Ipsos,2016-10-15,2016-11-08,24,1187.0,Online Panel,Hillary Rodham Clinton,DEM,42.5,47.99672181721133,-5.496721817211331,5.496721817211331,https://github.com/fivethirtyeight/data/tree/master/pollster-ratings,https://electionlab.mit.edu/data
47077,73667,2016_Pres-G_US,2016,US,YouGov,2016-10-17,2016-11-08,22,1032.0,Online Panel,Hillary Rodham Clinton,DEM,42.0,47.99672181721133,-5.996721817211331,5.996721817211331,https://github.com/fivethirtyeight/data/tree/master/pollster-ratings,https://electionlab.mit.edu/data
47349,74135,2016_Pres-G_US,2016,US,Ipsos,2016-10-20,2016-11-08,19,1153.0,Online Panel,Hillary Rodham Clinton,DEM,44.1,47.99672181721133,-3.896721817211329,3.896721817211329,https://github.com/fivethirtyeight/data/tree/master/pollster-ratings,https://electionlab.mit.edu/data
47608,74499,2016_Pres-G_US,2016,US,YouGov,2016-10-24,2016-11-08,15,1209.0,Online Panel,Hillary Rodham Clinton,DEM,46.0,47.99672181721133,-1.9967218172113306,1.9967218172113306,https://github.com/fivethirtyeight/data/tree/master/pollster-ratings,https://electionlab.mit.edu/data
47643,74599,2016_Pres-G_US,2016,US,Ipsos,2016-10-25,2016-11-08,14,1158.0,Online Panel,Hillary Rodham Clinton,DEM,41.7,47.99672181721133,-6.296721817211328,6.296721817211328,https://github.com/fivethirtyeight/data/tree/master/pollster-ratings,https://electionlab.mit.edu/data
48114,75376,2016_Pres-G_US,2016,US,Ipsos,2016-10-30,2016-11-08,9,1772.0,Online Panel,Hillary Rodham Clinton,DEM,44.7,47.99672181721133,-3.2967218172113277,3.2967218172113277,https://github.com/fivethirtyeight/data/tree/master/pollster-ratings,https://electionlab.mit.edu/data
48082,75219,2016_Pres-G_US,2016,US,YouGov,2016-10-31,2016-11-08,8,1233.0,Online Panel,Hillary Rodham Clinton,DEM,46.0,47.99672181721133,-1.9967218172113306,1.9967218172113306,https://github.com/fivethirtyeight/data/tree/master/pollster-ratings,https://electionlab.mit.edu/data
48362,75818,2016_Pres-G_US,2016,US,Marist,2016-11-02,2016-11-08,6,940.0,Live Phone,Hillary Rodham Clinton,DEM,44.0,47.99672181721133,-3.9967218172113306,3.9967218172113306,https://github.com/fivethirtyeight/data/tree/master/pollster-ratings,https://electionlab.mit.edu/data
48922,76636,2016_Pres-G_US,2016,US,Ipsos,2016-11-04,2016-11-08,4,2195.0,Online Panel,Hillary Rodham Clinton,DEM,42.0,47.99672181721133,-5.996721817211331,5.996721817211331,https://github.com/fivethirtyeight/data/tree/master/pollster-ratings,https://electionlab.mit.edu/data
48718,76299,2016_Pres-G_US,2016,US,YouGov,2016-10-20,2016-11-08,19,84292.0,Online Panel,Hillary Rodham Clinton,DEM,42.9,47.99672181721133,-5.096721817211332,5.096721817211332,https://github.com/fivethirtyeight/data/tree/master/pollster-ratings,https://electionlab.mit.edu/data
48687,76262,2016_Pres-G_US,2016,US,YouGov,2016-11-06,2016-11-08,2,3677.0,Online Panel,Hillary Rodham Clinton,DEM,45.0,47.99672181721133,-2.9967218172113306,2.9967218172113306,https://github.com/fivethirtyeight/data/tree/master/pollster-ratings,https://electionlab.mit.edu/data
48720,76301,2016_Pres-G_AK,2016,AK,YouGov,2016-10-20,2016-11-08,19,201.0,Online Panel,Hillary Rodham Clinton,DEM,37.4,36.55087129011199,0.8491287098880065,0.8491287098880065,https://github.com/fivethirtyeight/data/tree/master/pollster-ratings,https://electionlab.mit.edu/data
46337,72465,2016_Pres-G_AL,2016,AL,Ipsos,2016-09-22,2016-11-08,47,312.0,Online Panel,Hillary Rodham Clinton,DEM,37.02,34.35794575797364,2.6620542420263646,2.6620542420263646,https://github.com/fivethirtyeight/data/tree/master/pollster-ratings,https://electionlab.mit.edu/data
47185,73862,2016_Pres-G_AL,2016,AL,Ipsos,2016-10-10,2016-11-08,29,482.0,Online Panel,Hillary Rodham Clinton,DEM,38.4,34.35794575797364,4.04205424202636,4.04205424202636,https://github.com/fivethirtyeight/data/tree/master/pollster-ratings,https://electionlab.mit.edu/data
48688,76268,2016_Pres-G_AL,2016,AL,Ipsos,2016-10-30,2016-11-08,9,328.0,Online Panel,Hillary Rodham Clinton,DEM,38.06,34.35794575797364,3.702054242026364,3.702054242026364,https://github.com/fivethirtyeight/data/tree/master/pollster-ratings,https://electionlab.mit.edu/data
48719,76300,2016_Pres-G_AL,2016,AL,YouGov,2016-10-20,2016-11-08,19,1388.0,Online Panel,Hillary Rodham Clinton,DEM,31.6,34.35794575797364,-2.757945757973637,2.757945757973637,https://github.com/fivethirtyeight/data/tree/master/pollster-ratings,https://electionlab.mit.edu/data
46058,72050,2016_Pres-G_AR,2016,AR,Ipsos,2016-09-12,2016-11-08,57,280.0,Online Panel,Hillary Rodham Clinton,DEM,41.08,33.65312412936093,7.426875870639066,7.426875870639066,https://github.com/fivethirtyeight/data/tree/master/pollster-ratings,https://electionlab.mit.edu/data
46819,73265,2016_Pres-G_AR,2016,AR,Ipsos,2016-10-03,2016-11-08,36,314.0,Online Panel,Hillary Rodham Clinton,DEM,35.6,33.65312412936093,1.9468758706390688,1.9468758706390688,https://github.com/fivethirtyeight/data/tree/master/pollster-ratings,https://electionlab.mit.edu/data
48779,76364,2016_Pres-G_AR,2016,AR,Ipsos,2016-10-27,2016-11-08,12,331.0,Online Panel,Hillary Rodham Clinton,DEM,38.14,33.65312412936093,4.486875870639068,4.486875870639068,https://github.com/fivethirtyeight/data/tree/master/pollster-ratings,https://electionlab.mit.edu/data
48722,76303,2016_Pres-G_AR,2016,AR,YouGov,2016-10-20,2016-11-08,19,736.0,Online Panel,Hillary Rodham Clinton,DEM,30.5,33.65312412936093,-3.1531241293609327,3.1531241293609327,https://github.com/fivethirtyeight/data/tree/master/pollster-ratings,https://electionlab.mit.edu/data
46057,72049,2016_Pres-G_AZ,2016,AZ,Ipsos,2016-09-15,2016-11-08,54,428.0,Online Panel,Hillary Rodham Clinton,DEM,41.65,45.12491703028259,-3.4749170302825902,3.4749170302825902,https://github.com/fivethirtyeight/data/tree/master/pollster-ratings,https://electionlab.mit.edu/data
46634,72928,2016_Pres-G_AZ,2016,AZ,Ipsos,2016-09-29,2016-11-08,40,617.0,Online Panel,Hillary Rodham Clinton,DEM,42.22,45.12491703028259,-2.90491703028259,2.90491703028259,https://github.com/fivethirtyeight/data/tree/master/pollster-ratings,https://electionlab.mit.edu/data
46818,73264,2016_Pres-G_AZ,2016,AZ,Ipsos,2016-10-10,2016-11-08,29,883.0,Online Panel,Hillary Rodham Clinton,DEM,38.92,45.12491703028259,-6.204917030282587,6.204917030282587,https://github.com/fivethirtyeight/data/tree/master/pollster-ratings,https://electionlab.mit.edu/data
47186,73863,2016_Pres-G_AZ,2016,AZ,Ipsos,2016-10-17,2016-11-08,22,300.0,Online Panel,Hillary Rodham Clinton,DEM,42.59,45.12491703028259,-2.5349170302825854,2.5349170302825854,https://github.com/fivethirtyeight/data/tree/master/pollster-ratings,https://electionlab.mit.edu/data
47778,74788,2016_Pres-G_AZ,2016,AZ,YouGov,2016-10-27,2016-11-08,12,994.0,Live Phone/Online Panel,Hillary Rodham Clinton,DEM,42.0,45.12491703028259,-3.124917030282589,3.124917030282589,https://github.com/fivethirtyeight/data/tree/master/pollster-ratings,https://electionlab.mit.edu/data
48211,75509,2016_Pres-G_AZ,2016,AZ,Marist,2016-10-31,2016-11-08,8,719.0,Live Phone,Hillary Rodham Clinton,DEM,40.0,45.12491703028259,-5.124917030282589,5.124917030282589,https://github.com/fivethirtyeight/data/tree/master/pollster-ratings,https://electionlab.mit.edu/data
48778,76363,2016_Pres-G_AZ,2016,AZ,Ipsos,2016-10-30,2016-11-08,9,593.0,Online Panel,Hillary Rodham Clinton,DEM,42.38,45.12491703028259,-2.7449170302825863,2.7449170302825863,https://github.com/fivethirtyeight/data/tree/master/pollster-ratings,https://electionlab.mit.edu/data
48721,76302,2016_Pres-G_AZ,2016,AZ,YouGov,2016-10-20,2016-11-08,19,1567.0,Online Panel,Hillary Rodham Clinton,DEM,37.8,45.12491703028259,-7.324917030282592,7.324917030282592,https://github.com/fivethirtyeight/data/tree/master/pollster-ratings,https://electionlab.mit.edu/data
45893,71692,2016_Pres-G_CA,2016,CA,YouGov,2016-09-10,2016-11-08,59,1426.0,Online Panel,Hillary Rodham Clinton,DEM,50.0,61.72638863699762,-11.72638863699762,11.72638863699762,https://github.com/fivethirtyeight/data/tree/master/pollster-ratings,https://electionlab.mit.edu/data
45835,71599,2016_Pres-G_CA,2016,CA,Ipsos,2016-09-12,2016-11-08,57,577.0,Online Panel,Hillary Rodham Clinton,DEM,62.5,61.72638863699762,0.7736113630023809,0.7736113630023809,https://github.com/fivethirtyeight/data/tree/master/pollster-ratings,https://electionlab.mit.edu/data
46059,72051,2016_Pres-G_CA,2016,CA,Ipsos,2016-09-19,2016-11-08,50,705.0,Online Panel,Hillary Rodham Clinton,DEM,60.01,61.72638863699762,-1.7163886369976211,1.7163886369976211,https://github.com/fivethirtyeight/data/tree/master/pollster-ratings,https://electionlab.mit.edu/data
46340,72468,2016_Pres-G_CA,2016,CA,Ipsos,2016-09-26,2016-11-08,43,787.0,Online Panel,Hillary Rodham Clinton,DEM,63.67,61.72638863699762,1.9436113630023826,1.9436113630023826,https://github.com/fivethirtyeight/data/tree/master/pollster-ratings,https://electionlab.mit.edu/data
46636,72930,2016_Pres-G_CA,2016,CA,Ipsos,2016-10-03,2016-11-08,36,974.0,Online Panel,Hillary Rodham Clinton,DEM,61.26,61.72638863699762,-0.4663886369976211,0.4663886369976211,https://github.com/fivethirtyeight/data/tree/master/pollster-ratings,https://electionlab.mit.edu/data
46820,73266,2016_Pres-G_CA,2016,CA,Ipsos,2016-10-10,2016-11-08,29,553.0,Online Panel,Hillary Rodham Clinton,DEM,65.89,61.72638863699762,4.163611363002381,4.163611363002381,https://github.com/fivethirtyeight/data/tree/master/pollster-ratings,https://electionlab.mit.edu/data
48016,75106,2016_Pres-G_CA,2016,CA,YouGov,2016-10-09,2016-11-08,30,1250.0,Online Panel,Hillary Rodham Clinton,DEM,54.0,61.72638863699762,-7.726388636997619,7.726388636997619,https://github.com/fivethirtyeight/data/tree/master/pollster-ratings,https://electionlab.mit.edu/data
47188,73865,2016_Pres-G_CA,2016,CA,Ipsos,2016-10-17,2016-11-08,22,503.0,Online Panel,Hillary Rodham Clinton,DEM,63.82,61.72638863699762,2.093611363002381,2.093611363002381,https://github.com/fivethirtyeight/data/tree/master/pollster-ratings,https://electionlab.mit.edu/data
47716,74699,2016_Pres-G_CA,2016,CA,Ipsos,2016-10-24,2016-11-08,15,712.0,Online Panel,Hillary Rodham Clinton,DEM,65.14,61.72638863699762,3.4136113630023814,3.4136113630023814,https://github.com/fivethirtyeight/data/tree/master/pollster-ratings,https://electionlab.mit.edu/data
48125,75391,2016_Pres-G_CA,2016,CA,YouGov,2016-10-28,2016-11-08,11,1498.0,Online Panel,Hillary Rodham Clinton,DEM,53.0,61.72638863699762,-8.72638863699762,8.72638863699762,https://github.com/fivethirtyeight/data/tree/master/pollster-ratings,https://electionlab.mit.edu/data
48690,76271,2016_Pres-G_CA,2016,CA,Ipsos,2016-11-03,2016-11-08,5,726.0,Online Panel,Hillary Rodham Clinton,DEM,58.85,61.72638863699762,-2.8763886369976177,2.8763886369976177,https://github.com/fivethirtyeight/data/tree/master/pollster-ratings,https://electionlab.mit.edu/data
48723,76304,2016_Pres-G_CA,2016,CA,YouGov,2016-10-20,2016-11-08,19,8746.0,Online Panel,Hillary Rodham Clinton,DEM,51.8,61.72638863699762,-9.926388636997622,9.926388636997622,https://github.com/fivethirtyeight/data/tree/master/pollster-ratings,https://electionlab.mit.edu/data
46060,72052,2016_Pres-G_CO,2016,CO,Ipsos,2016-09-15,2016-11-08,54,391.0,Online Panel,Hillary Rodham Clinton,DEM,42.05,48.1569803828474,-6.106980382847404,6.106980382847404,https://github.com/fivethirtyeight/data/tree/master/pollster-ratings,https://electionlab.mit.edu/data
46027,71983,2016_Pres-G_CO,2016,CO,YouGov,2016-09-22,2016-11-08,47,991.0,Live Phone/Online Panel,Hillary Rodham Clinton,DEM,40.0,48.1569803828474,-8.1569803828474,8.1569803828474,https://github.com/fivethirtyeight/data/tree/master/pollster-ratings,https://electionlab.mit.edu/data
46637,72931,2016_Pres-G_CO,2016,CO,Ipsos,2016-09-29,2016-11-08,40,552.0,Online Panel,Hillary Rodham Clinton,DEM,44.77,48.1569803828474,-3.3869803828473977,3.3869803828473977,https://github.com/fivethirtyeight/data/tree/master/pollster-ratings,https://electionlab.mit.edu/data
47189,73866,2016_Pres-G_CO,2016,CO,Ipsos,2016-10-13,2016-11-08,26,445.0,Online Panel,Hillary Rodham Clinton,DEM,45.01,48.1569803828474,-3.146980382847403,3.146980382847403,https://github.com/fivethirtyeight/data/tree/master/pollster-ratings,https://electionlab.mit.edu/data
47780,74790,2016_Pres-G_CO,2016,CO,YouGov,2016-10-27,2016-11-08,12,997.0,Live Phone/Online Panel,Hillary Rodham Clinton,DEM,42.0,48.1569803828474,-6.156980382847401,6.156980382847401,https://github.com/fivethirtyeight/data/tree/master/pollster-ratings,https://electionlab.mit.edu/data
48704,76285,2016_Pres-G_CO,2016,CO,Ipsos,2016-10-30,2016-11-08,9,536.0,Online Panel,Hillary Rodham Clinton,DEM,47.71,48.1569803828474,-0.44698038284739994,0.44698038284739994,https://github.com/fivethirtyeight/data/tree/master/pollster-ratings,https://electionlab.mit.edu/data
48724,76305,2016_Pres-G_CO,2016,CO,YouGov,2016-10-20,2016-11-08,19,1556.0,Online Panel,Hillary Rodham Clinton,DEM,42.1,48.1569803828474,-6.056980382847399,6.056980382847399,https://github.com/fivethirtyeight/data/tree/master/pollster-ratings,https://electionlab.mit.edu/data
46342,72470,2016_Pres-G_CT,2016,CT,Ipsos,2016-09-19,2016-11-08,50,455.0,Online Panel,Hillary Rodham Clinton,DEM,52.01,54.56630109670987,-2.5563010967098734,2.5563010967098734,https://github.com/fivethirtyeight/data/tree/master/pollster-ratings,https://electionlab.mit.edu/data
47190,73867,2016_Pres-G_CT,2016,CT,Ipsos,2016-10-10,2016-11-08,29,437.0,Online Panel,Hillary Rodham Clinton,DEM,52.56,54.56630109670987,-2.006301096709869,2.006301096709869,https://github.com/fivethirtyeight/data/tree/master/pollster-ratings,https://electionlab.mit.edu/data
48705,76286,2016_Pres-G_CT,2016,CT,Ipsos,2016-10-30,2016-11-08,9,351.0,Online Panel,Hillary Rodham Clinton,DEM,49.76,54.56630109670987,-4.806301096709873,4.806301096709873,https://github.com/fivethirtyeight/data/tree/master/pollster-ratings,https://electionlab.mit.edu/data
48725,76306,2016_Pres-G_CT,2016,CT,YouGov,2016-10-20,2016-11-08,19,955.0,Online Panel,Hillary Rodham Clinton,DEM,46.6,54.56630109670987,-7.96630109670987,7.96630109670987,https://github.com/fivethirtyeight/data/tree/master/pollster-ratings,https://electionlab.mit.edu/data
48727,76308,2016_Pres-G_DC,2016,DC,YouGov,2016-10-20,2016-11-08,19,190.0,Online Panel,Hillary Rodham Clinton,DEM,79.8,90.86382152999988,-11.063821529999885,11.063821529999885,https://github.com/fivethirtyeight/data/tree/master/pollster-ratings,https://electionlab.mit.edu/data
46343,72471,2016_Pres-G_DE,2016,DE,Ipsos,2016-09-19,2016-11-08,50,124.0,Online Panel,Hillary Rodham Clinton,DEM,43.16,53.08597745902562,-9.925977459025624,9.925977459025624,https://github.com/fivethirtyeight/data/tree/master/pollster-ratings,https://electionlab.mit.edu/data
47191,73868,2016_Pres-G_DE,2016,DE,Ipsos,2016-10-10,2016-11-08,29,121.0,Online Panel,Hillary Rodham Clinton,DEM,47.83,53.08597745902562,-5.2559774590256225,5.2559774590256225,https://github.com/fivethirtyeight/data/tree/master/pollster-ratings,https://electionlab.mit.edu/data
48780,76365,2016_Pres-G_DE,2016,DE,Ipsos,2016-10-30,2016-11-08,9,138.0,Online Panel,Hillary Rodham Clinton,DEM,52.03,53.08597745902562,-1.0559774590256197,1.0559774590256197,https://github.com/fivethirtyeight/data/tree/master/pollster-ratings,https://electionlab.mit.edu/data
48726,76307,2016_Pres-G_DE,2016,DE,YouGov,2016-10-20,2016-11-08,19,260.0,Online Panel,Hillary Rodham Clinton,DEM,50.7,53.08597745902562,-2.385977459025618,2.385977459025618,https://github.com/fivethirtyeight/data/tree/master/pollster-ratings,https://electionlab.mit.edu/data
45839,71603,2016_Pres-G_FL,2016,FL,Ipsos,2016-09-12,2016-11-08,57,722.0,Online Panel,Hillary Rodham Clinton,DEM,46.33,47.82331580580505,-1.4933158058050537,1.4933158058050537,https://github.com/fivethirtyeight/data/tree/master/pollster-ratings,https://electionlab.mit.edu/data
46063,72055,2016_Pres-G_FL,2016,FL,Ipsos,2016-09-19,2016-11-08,50,811.0,Online Panel,Hillary Rodham Clinton,DEM,49.08,47.82331580580505,1.2566841941949463,1.2566841941949463,https://github.com/fivethirtyeight/data/tree/master/pollster-ratings,https://electionlab.mit.edu/data
46344,72472,2016_Pres-G_FL,2016,FL,Ipsos,2016-09-26,2016-11-08,43,701.0,Online Panel,Hillary Rodham Clinton,DEM,47.55,47.82331580580505,-0.2733158058050549,0.2733158058050549,https://github.com/fivethirtyeight/data/tree/master/pollster-ratings,https://electionlab.mit.edu/data
46568,72840,2016_Pres-G_FL,2016,FL,Marist,2016-10-04,2016-11-08,35,700.0,Live Phone,Hillary Rodham Clinton,DEM,45.0,47.82331580580505,-2.823315805805052,2.823315805805052,https://github.com/fivethirtyeight/data/tree/master/pollster-ratings,https://electionlab.mit.edu/data
46640,72934,2016_Pres-G_FL,2016,FL,Ipsos,2016-10-03,2016-11-08,36,979.0,Online Panel,Hillary Rodham Clinton,DEM,48.55,47.82331580580505,0.7266841941949451,0.7266841941949451,https://github.com/fivethirtyeight/data/tree/master/pollster-ratings,https://electionlab.mit.edu/data
46824,73270,2016_Pres-G_FL,2016,FL,Ipsos,2016-10-10,2016-11-08,29,1019.0,Online Panel,Hillary Rodham Clinton,DEM,47.57,47.82331580580505,-0.25331580580505175,0.25331580580505175,https://github.com/fivethirtyeight/data/tree/master/pollster-ratings,https://electionlab.mit.edu/data
47192,73869,2016_Pres-G_FL,2016,FL,Ipsos,2016-10-17,2016-11-08,22,631.0,Online Panel,Hillary Rodham Clinton,DEM,48.01,47.82331580580505,0.18668419419494597,0.18668419419494597,https://github.com/fivethirtyeight/data/tree/master/pollster-ratings,https://electionlab.mit.edu/data
47236,73919,2016_Pres-G_FL,2016,FL,YouGov,2016-10-20,2016-11-08,19,1042.0,Live Phone/Online Panel,Hillary Rodham Clinton,DEM,46.0,47.82331580580505,-1.823315805805052,1.823315805805052,https://github.com/fivethirtyeight/data/tree/master/pollster-ratings,https://electionlab.mit.edu/data
47776,74770,2016_Pres-G_FL,2016,FL,Marist,2016-10-25,2016-11-08,14,779.0,Live Phone,Hillary Rodham Clinton,DEM,45.0,47.82331580580505,-2.823315805805052,2.823315805805052,https://github.com/fivethirtyeight/data/tree/master/pollster-ratings,https://electionlab.mit.edu/data
47720,74703,2016_Pres-G_FL,2016,FL,Ipsos,2016-10-24,2016-11-08,15,804.0,Online Panel,Hillary Rodham Clinton,DEM,48.51,47.82331580580505,0.686684194194946,0.686684194194946,https://github.com/fivethirtyeight/data/tree/master/pollster-ratings,https://electionlab.mit.edu/data
48482,75978,2016_Pres-G_FL,2016,FL,YouGov,2016-11-03,2016-11-08,5,1188.0,Live Phone/Online Panel,Hillary Rodham Clinton,DEM,45.0,47.82331580580505,-2.823315805805052,2.823315805805052,https://github.com/fivethirtyeight/data/tree/master/pollster-ratings,https://electionlab.mit.edu/data
48691,76272,2016_Pres-G_FL,2016,FL,Ipsos,2016-11-03,2016-11-08,5,888.0,Online Panel,Hillary Rodham Clinton,DEM,47.66,47.82331580580505,-0.16331580580505545,0.16331580580505545,https://github.com/fivethirtyeight/data/tree/master/pollster-ratings,https://electionlab.mit.edu/data
48728,76309,2016_Pres-G_FL,2016,FL,YouGov,2016-10-20,2016-11-08,19,5371.0,Online Panel,Hillary Rodham Clinton,DEM,44.0,47.82331580580505,-3.823315805805052,3.823315805805052,https://github.com/fivethirtyeight/data/tree/master/pollster-ratings,https://electionlab.mit.edu/data
46064,72056,2016_Pres-G_GA,2016,GA,Ipsos,2016-09-15,2016-11-08,54,613.0,Online Panel,Hillary Rodham Clinton,DEM,42.71,45.63998335736082,-2.9299833573608183,2.9299833573608183,https://github.com/fivethirtyeight/data/tree/master/pollster-ratings,https://electionlab.mit.edu/data
46345,72473,2016_Pres-G_GA,2016,GA,Ipsos,2016-09-26,2016-11-08,43,317.0,Online Panel,Hillary Rodham Clinton,DEM,38.11,45.63998335736082,-7.52998335736082,7.52998335736082,https://github.com/fivethirtyeight/data/tree/master/pollster-ratings,https://electionlab.mit.edu/data
46825,73271,2016_Pres-G_GA,2016,GA,Ipsos,2016-10-06,2016-11-08,33,645.0,Online Panel,Hillary Rodham Clinton,DEM,41.51,45.63998335736082,-4.129983357360821,4.129983357360821,https://github.com/fivethirtyeight/data/tree/master/pollster-ratings,https://electionlab.mit.edu/data
47721,74704,2016_Pres-G_GA,2016,GA,Ipsos,2016-10-20,2016-11-08,19,583.0,Online Panel,Hillary Rodham Clinton,DEM,43.11,45.63998335736082,-2.5299833573608197,2.5299833573608197,https://github.com/fivethirtyeight/data/tree/master/pollster-ratings,https://electionlab.mit.edu/data
48209,75507,2016_Pres-G_GA,2016,GA,Marist,2016-10-31,2016-11-08,8,707.0,Live Phone,Hillary Rodham Clinton,DEM,44.0,45.63998335736082,-1.6399833573608191,1.6399833573608191,https://github.com/fivethirtyeight/data/tree/master/pollster-ratings,https://electionlab.mit.edu/data
48682,76245,2016_Pres-G_GA,2016,GA,YouGov,2016-11-04,2016-11-08,4,995.0,Online Panel,Hillary Rodham Clinton,DEM,43.0,45.63998335736082,-2.639983357360819,2.639983357360819,https://github.com/fivethirtyeight/data/tree/master/pollster-ratings,https://electionlab.mit.edu/data
48692,76273,2016_Pres-G_GA,2016,GA,Ipsos,2016-11-03,2016-11-08,5,416.0,Online Panel,Hillary Rodham Clinton,DEM,42.38,45.63998335736082,-3.2599833573608166,3.2599833573608166,https://github.com/fivethirtyeight/data/tree/master/pollster-ratings,https://electionlab.mit.edu/data
48729,76310,2016_Pres-G_GA,2016,GA,YouGov,2016-10-20,2016-11-08,19,2663.0,Online Panel,Hillary Rodham Clinton,DEM,40.5,45.63998335736082,-5.139983357360819,5.139983357360819,https://github.com/fivethirtyeight/data/tree/master/pollster-ratings,https://electionlab.mit.edu/data
48781,76366,2016_Pres-G_HI,2016,HI,Ipsos,2016-10-30,2016-11-08,9,102.0,Online Panel,Hillary Rodham Clinton,DEM,47.31,62.22149173421738,-14.911491734217378,14.911491734217378,https://github.com/fivethirtyeight/data/tree/master/pollster-ratings,https://electionlab.mit.edu/data
48730,76311,2016_Pres-G_HI,2016,HI,YouGov,2016-10-20,2016-11-08,19,289.0,Online Panel,Hillary Rodham Clinton,DEM,50.3,62.22149173421738,-11.921491734217383,11.921491734217383,https://github.com/fivethirtyeight/data/tree/master/pollster-ratings,https://electionlab.mit.edu/data
46068,72060,2016_Pres-G_IA,2016,IA,Ipsos,2016-09-12,2016-11-08,57,344.0,Online Panel,Hillary Rodham Clinton,DEM,40.51,41.75251344549624,-1.2425134454962432,1.2425134454962432,https://github.com/fivethirtyeight/data/tree/master/pollster-ratings,https://electionlab.mit.edu/data
46829,73275,2016_Pres-G_IA,2016,IA,Ipsos,2016-10-03,2016-11-08,36,382.0,Online Panel,Hillary Rodham Clinton,DEM,44.74,41.75251344549624,2.9874865545037608,2.9874865545037608,https://github.com/fivethirtyeight/data/tree/master/pollster-ratings,https://electionlab.mit.edu/data
48783,76368,2016_Pres-G_IA,2016,IA,Ipsos,2016-10-27,2016-11-08,12,416.0,Online Panel,Hillary Rodham Clinton,DEM,44.07,41.75251344549624,2.317486554503759,2.317486554503759,https://github.com/fivethirtyeight/data/tree/master/pollster-ratings,https://electionlab.mit.edu/data
48734,76315,2016_Pres-G_IA,2016,IA,YouGov,2016-10-20,2016-11-08,19,972.0,Online Panel,Hillary Rodham Clinton,DEM,40.4,41.75251344549624,-1.3525134454962426,1.3525134454962426,https://github.com/fivethirtyeight/data/tree/master/pollster-ratings,https://electionlab.mit.edu/data
46346,72474,2016_Pres-G_ID,2016,ID,Ipsos,2016-09-19,2016-11-08,50,175.0,Online Panel,Hillary Rodham Clinton,DEM,27.39,27.492013820979206,-0.10201382097920586,0.10201382097920586,https://github.com/fivethirtyeight/data/tree/master/pollster-ratings,https://electionlab.mit.edu/data
47194,73871,2016_Pres-G_ID,2016,ID,Ipsos,2016-10-10,2016-11-08,29,171.0,Online Panel,Hillary Rodham Clinton,DEM,35.13,27.492013820979206,7.637986179020796,7.637986179020796,https://github.com/fivethirtyeight/data/tree/master/pollster-ratings,https://electionlab.mit.edu/data
48782,76367,2016_Pres-G_ID,2016,ID,Ipsos,2016-10-30,2016-11-08,9,205.0,Online Panel,Hillary Rodham Clinton,DEM,30.06,27.492013820979206,2.5679861790207923,2.5679861790207923,https://github.com/fivethirtyeight/data/tree/master/pollster-ratings,https://electionlab.mit.edu/data
48731,76312,2016_Pres-G_ID,2016,ID,YouGov,2016-10-20,2016-11-08,19,416.0,Online Panel,Hillary Rodham Clinton,DEM,25.3,27.492013820979206,-2.1920138209792057,2.1920138209792057,https://github.com/fivethirtyeight/data/tree/master/pollster-ratings,https://electionlab.mit.edu/data
45842,71606,2016_Pres-G_IL,2016,IL,Ipsos,2016-09-12,2016-11-08,57,432.0,Online Panel,Hillary Rodham Clinton,DEM,51.5,55.8253666987933,-4.325366698793303,4.325366698793303,https://github.com/fivethirtyeight/data/tree/master/pollster-ratings,https://electionlab.mit.edu/data
46066,72058,2016_Pres-G_IL,2016,IL,Ipsos,2016-09-19,2016-11-08,50,426.0,Online Panel,Hillary Rodham Clinton,DEM,53.43,55.8253666987933,-2.3953666987933033,2.3953666987933033,https://github.com/fivethirtyeight/data/tree/master/pollster-ratings,https://electionlab.mit.edu/data
46347,72475,2016_Pres-G_IL,2016,IL,Ipsos,2016-09-26,2016-11-08,43,422.0,Online Panel,Hillary Rodham Clinton,DEM,52.71,55.8253666987933,-3.115366698793302,3.115366698793302,https://github.com/fivethirtyeight/data/tree/master/pollster-ratings,https://electionlab.mit.edu/data
46643,72937,2016_Pres-G_IL,2016,IL,Ipsos,2016-10-03,2016-11-08,36,601.0,Online Panel,Hillary Rodham Clinton,DEM,57.49,55.8253666987933,1.664633301206699,1.664633301206699,https://github.com/fivethirtyeight/data/tree/master/pollster-ratings,https://electionlab.mit.edu/data
46827,73273,2016_Pres-G_IL,2016,IL,Ipsos,2016-10-10,2016-11-08,29,409.0,Online Panel,Hillary Rodham Clinton,DEM,60.31,55.8253666987933,4.484633301206699,4.484633301206699,https://github.com/fivethirtyeight/data/tree/master/pollster-ratings,https://electionlab.mit.edu/data
47195,73872,2016_Pres-G_IL,2016,IL,Ipsos,2016-10-17,2016-11-08,22,371.0,Online Panel,Hillary Rodham Clinton,DEM,57.33,55.8253666987933,1.5046333012066953,1.5046333012066953,https://github.com/fivethirtyeight/data/tree/master/pollster-ratings,https://electionlab.mit.edu/data
47723,74706,2016_Pres-G_IL,2016,IL,Ipsos,2016-10-24,2016-11-08,15,475.0,Online Panel,Hillary Rodham Clinton,DEM,55.55,55.8253666987933,-0.2753666987933059,0.2753666987933059,https://github.com/fivethirtyeight/data/tree/master/pollster-ratings,https://electionlab.mit.edu/data
48693,76274,2016_Pres-G_IL,2016,IL,Ipsos,2016-11-03,2016-11-08,5,482.0,Online Panel,Hillary Rodham Clinton,DEM,51.3,55.8253666987933,-4.525366698793306,4.525366698793306,https://github.com/fivethirtyeight/data/tree/master/pollster-ratings,https://electionlab.mit.edu/data
48732,76313,2016_Pres-G_IL,2016,IL,YouGov,2016-10-20,2016-11-08,19,3448.0,Online Panel,Hillary Rodham Clinton,DEM,48.3,55.8253666987933,-7.525366698793306,7.525366698793306,https://github.com/fivethirtyeight/data/tree/master/pollster-ratings,https://electionlab.mit.edu/data
45843,71607,2016_Pres-G_IN,2016,IN,Ipsos,2016-09-08,2016-11-08,61,372.0,Online Panel,Hillary Rodham Clinton,DEM,33.33,37.774839686752046,-4.444839686752047,4.444839686752047,https://github.com/fivethirtyeight/data/tree/master/pollster-ratings,https://electionlab.mit.edu/data
46348,72476,2016_Pres-G_IN,2016,IN,Ipsos,2016-09-22,2016-11-08,47,340.0,Online Panel,Hillary Rodham Clinton,DEM,35.88,37.774839686752046,-1.894839686752043,1.894839686752043,https://github.com/fivethirtyeight/data/tree/master/pollster-ratings,https://electionlab.mit.edu/data
46828,73274,2016_Pres-G_IN,2016,IN,Ipsos,2016-10-06,2016-11-08,33,434.0,Online Panel,Hillary Rodham Clinton,DEM,38.27,37.774839686752046,0.4951603132479576,0.4951603132479576,https://github.com/fivethirtyeight/data/tree/master/pollster-ratings,https://electionlab.mit.edu/data
47724,74707,2016_Pres-G_IN,2016,IN,Ipsos,2016-10-20,2016-11-08,19,368.0,Online Panel,Hillary Rodham Clinton,DEM,38.9,37.774839686752046,1.125160313247953,1.125160313247953,https://github.com/fivethirtyeight/data/tree/master/pollster-ratings,https://electionlab.mit.edu/data
48694,76275,2016_Pres-G_IN,2016,IN,Ipsos,2016-11-03,2016-11-08,5,303.0,Online Panel,Hillary Rodham Clinton,DEM,37.79,37.774839686752046,0.015160313247953638,0.015160313247953638,https://github.com/fivethirtyeight/data/tree/master/pollster-ratings,https://electionlab.mit.edu/data
48733,76314,2016_Pres-G_IN,2016,IN,YouGov,2016-10-20,2016-11-08,19,1742.0,Online Panel,Hillary Rodham Clinton,DEM,36.6,37.774839686752046,-1.174839686752044,1.174839686752044,https://github.com/fivethirtyeight/data/tree/master/pollster-ratings,https://electionlab.mit.edu/data
46069,72061,2016_Pres-G_KS,2016,KS,Ipsos,2016-09-12,2016-11-08,57,314.0,Online Panel,Hillary Rodham Clinton,DEM,35.91,36.05237073223449,-0.1423707322344967,0.1423707322344967,https://github.com/fivethirtyeight/data/tree/master/pollster-ratings,https://electionlab.mit.edu/data
46830,73276,2016_Pres-G_KS,2016,KS,Ipsos,2016-10-03,2016-11-08,36,382.0,Online Panel,Hillary Rodham Clinton,DEM,37.9,36.05237073223449,1.8476292677655053,1.8476292677655053,https://github.com/fivethirtyeight/data/tree/master/pollster-ratings,https://electionlab.mit.edu/data
48784,76369,2016_Pres-G_KS,2016,KS,Ipsos,2016-10-27,2016-11-08,12,361.0,Online Panel,Hillary Rodham Clinton,DEM,38.22,36.05237073223449,2.1676292677655056,2.1676292677655056,https://github.com/fivethirtyeight/data/tree/master/pollster-ratings,https://electionlab.mit.edu/data
48735,76316,2016_Pres-G_KS,2016,KS,YouGov,2016-10-20,2016-11-08,19,776.0,Online Panel,Hillary Rodham Clinton,DEM,31.6,36.05237073223449,-4.452370732234492,4.452370732234492,https://github.com/fivethirtyeight/data/tree/master/pollster-ratings,https://electionlab.mit.edu/data
46351,72479,2016_Pres-G_KY,2016,KY,Ipsos,2016-09-22,2016-11-08,47,361.0,Online Panel,Hillary Rodham Clinton,DEM,37.76,32.68218833364776,5.07781166635224,5.07781166635224,https://github.com/fivethirtyeight/data/tree/master/pollster-ratings,https://electionlab.mit.edu/data
47199,73876,2016_Pres-G_KY,2016,KY,Ipsos,2016-10-10,2016-11-08,29,458.0,Online Panel,Hillary Rodham Clinton,DEM,41.04,32.68218833364776,8.35781166635224,8.35781166635224,https://github.com/fivethirtyeight/data/tree/master/pollster-ratings,https://electionlab.mit.edu/data
48706,76287,2016_Pres-G_KY,2016,KY,Ipsos,2016-10-30,2016-11-08,9,391.0,Online Panel,Hillary Rodham Clinton,DEM,37.64,32.68218833364776,4.957811666352242,4.957811666352242,https://github.com/fivethirtyeight/data/tree/master/pollster-ratings,https://electionlab.mit.edu/data
48736,76317,2016_Pres-G_KY,2016,KY,YouGov,2016-10-20,2016-11-08,19,1229.0,Online Panel,Hillary Rodham Clinton,DEM,32.2,32.68218833364776,-0.4821883336477555,0.4821883336477555,https://github.com/fivethirtyeight/data/tree/master/pollster-ratings,https://electionlab.mit.edu/data
46071,72063,2016_Pres-G_LA,2016,LA,Ipsos,2016-09-12,2016-11-08,57,369.0,Online Panel,Hillary Rodham Clinton,DEM,35.79,38.44956609851397,-2.65956609851397,2.65956609851397,https://github.com/fivethirtyeight/data/tree/master/pollster-ratings,https://electionlab.mit.edu/data
46832,73278,2016_Pres-G_LA,2016,LA,Ipsos,2016-10-03,2016-11-08,36,473.0,Online Panel,Hillary Rodham Clinton,DEM,35.98,38.44956609851397,-2.4695660985139725,2.4695660985139725,https://github.com/fivethirtyeight/data/tree/master/pollster-ratings,https://electionlab.mit.edu/data
48785,76370,2016_Pres-G_LA,2016,LA,Ipsos,2016-10-27,2016-11-08,12,461.0,Online Panel,Hillary Rodham Clinton,DEM,36.12,38.44956609851397,-2.329566098513972,2.329566098513972,https://github.com/fivethirtyeight/data/tree/master/pollster-ratings,https://electionlab.mit.edu/data
48737,76318,2016_Pres-G_LA,2016,LA,YouGov,2016-10-20,2016-11-08,19,1355.0,Online Panel,Hillary Rodham Clinton,DEM,35.9,38.44956609851397,-2.5495660985139708,2.5495660985139708,https://github.com/fivethirtyeight/data/tree/master/pollster-ratings,https://electionlab.mit.edu/data
45850,71614,2016_Pres-G_MA,2016,MA,Ipsos,2016-09-08,2016-11-08,61,488.0,Online Panel,Hillary Rodham Clinton,DEM,53.07,60.00506459158761,-6.9350645915876115,6.9350645915876115,https://github.com/fivethirtyeight/data/tree/master/pollster-ratings,https://electionlab.mit.edu/data
46158,72166,2016_Pres-G_MA,2016,MA,YouGov,2016-09-17,2016-11-08,52,700.0,Online Panel,Hillary Rodham Clinton,DEM,47.0,60.00506459158761,-13.005064591587612,13.005064591587612,https://github.com/fivethirtyeight/data/tree/master/pollster-ratings,https://electionlab.mit.edu/data
46355,72483,2016_Pres-G_MA,2016,MA,Ipsos,2016-09-22,2016-11-08,47,588.0,Online Panel,Hillary Rodham Clinton,DEM,50.12,60.00506459158761,-9.885064591587614,9.885064591587614,https://github.com/fivethirtyeight/data/tree/master/pollster-ratings,https://electionlab.mit.edu/data
46835,73281,2016_Pres-G_MA,2016,MA,Ipsos,2016-10-06,2016-11-08,33,598.0,Online Panel,Hillary Rodham Clinton,DEM,54.07,60.00506459158761,-5.9350645915876115,5.9350645915876115,https://github.com/fivethirtyeight/data/tree/master/pollster-ratings,https://electionlab.mit.edu/data
47731,74714,2016_Pres-G_MA,2016,MA,Ipsos,2016-10-20,2016-11-08,19,494.0,Online Panel,Hillary Rodham Clinton,DEM,56.14,60.00506459158761,-3.865064591587611,3.865064591587611,https://github.com/fivethirtyeight/data/tree/master/pollster-ratings,https://electionlab.mit.edu/data
48695,76276,2016_Pres-G_MA,2016,MA,Ipsos,2016-11-03,2016-11-08,5,365.0,Online Panel,Hillary Rodham Clinton,DEM,53.14,60.00506459158761,-6.865064591587611,6.865064591587611,https://github.com/fivethirtyeight/data/tree/master/pollster-ratings,https://electionlab.mit.edu/data
48740,76321,2016_Pres-G_MA,2016,MA,YouGov,2016-10-20,2016-11-08,19,1963.0,Online Panel,Hillary Rodham Clinton,DEM,51.3,60.00506459158761,-8.705064591587615,8.705064591587615,https://github.com/fivethirtyeight/data/tree/master/pollster-ratings,https://electionlab.mit.edu/data
46073,72065,2016_Pres-G_MD,2016,MD,Ipsos,2016-09-15,2016-11-08,54,435.0,Online Panel,Hillary Rodham Clinton,DEM,50.27,60.32574423519277,-10.055744235192769,10.055744235192769,https://github.com/fivethirtyeight/data/tree/master/pollster-ratings,https://electionlab.mit.edu/data
46650,72944,2016_Pres-G_MD,2016,MD,Ipsos,2016-09-29,2016-11-08,40,508.0,Online Panel,Hillary Rodham Clinton,DEM,53.07,60.32574423519277,-7.255744235192772,7.255744235192772,https://github.com/fivethirtyeight/data/tree/master/pollster-ratings,https://electionlab.mit.edu/data
47202,73879,2016_Pres-G_MD,2016,MD,Ipsos,2016-10-13,2016-11-08,26,369.0,Online Panel,Hillary Rodham Clinton,DEM,53.03,60.32574423519277,-7.295744235192771,7.295744235192771,https://github.com/fivethirtyeight/data/tree/master/pollster-ratings,https://electionlab.mit.edu/data
48707,76288,2016_Pres-G_MD,2016,MD,Ipsos,2016-10-30,2016-11-08,9,472.0,Online Panel,Hillary Rodham Clinton,DEM,55.69,60.32574423519277,-4.6357442351927745,4.6357442351927745,https://github.com/fivethirtyeight/data/tree/master/pollster-ratings,https://electionlab.mit.edu/data
48739,76320,2016_Pres-G_MD,2016,MD,YouGov,2016-10-20,2016-11-08,19,1652.0,Online Panel,Hillary Rodham Clinton,DEM,55.0,60.32574423519277,-5.325744235192772,5.325744235192772,https://github.com/fivethirtyeight/data/tree/master/pollster-ratings,https://electionlab.mit.edu/data
46353,72481,2016_Pres-G_ME,2016,ME,Ipsos,2016-09-19,2016-11-08,50,276.0,Online Panel,Hillary Rodham Clinton,DEM,45.01,47.830202680208096,-2.820202680208098,2.820202680208098,https://github.com/fivethirtyeight/data/tree/master/pollster-ratings,https://electionlab.mit.edu/data
47201,73878,2016_Pres-G_ME,2016,ME,Ipsos,2016-10-10,2016-11-08,29,202.0,Online Panel,Hillary Rodham Clinton,DEM,47.76,47.830202680208096,-0.07020268020809795,0.07020268020809795,https://github.com/fivethirtyeight/data/tree/master/pollster-ratings,https://electionlab.mit.edu/data
48786,76371,2016_Pres-G_ME,2016,ME,Ipsos,2016-10-30,2016-11-08,9,245.0,Online Panel,Hillary Rodham Clinton,DEM,42.33,47.830202680208096,-5.500202680208098,5.500202680208098,https://github.com/fivethirtyeight/data/tree/master/pollster-ratings,https://electionlab.mit.edu/data
48738,76319,2016_Pres-G_ME,2016,ME,YouGov,2016-10-20,2016-11-08,19,437.0,Online Panel,Hillary Rodham Clinton,DEM,38.7,47.830202680208096,-9.130202680208093,9.130202680208093,https://github.com/fivethirtyeight/data/tree/master/pollster-ratings,https://electionlab.mit.edu/data
46075,72067,2016_Pres-G_MI,2016,MI,Ipsos,2016-09-15,2016-11-08,54,632.0,Online Panel,Hillary Rodham Clinton,DEM,42.97,47.21581719335427,-4.24581719335427,4.24581719335427,https://github.com/fivethirtyeight/data/tree/master/pollster-ratings,https://electionlab.mit.edu/data
46356,72484,2016_Pres-G_MI,2016,MI,Ipsos,2016-09-26,2016-11-08,43,375.0,Online Panel,Hillary Rodham Clinton,DEM,39.35,47.21581719335427,-7.8658171933542675,7.8658171933542675,https://github.com/fivethirtyeight/data/tree/master/pollster-ratings,https://electionlab.mit.edu/data
46652,72946,2016_Pres-G_MI,2016,MI,Ipsos,2016-10-03,2016-11-08,36,418.0,Online Panel,Hillary Rodham Clinton,DEM,44.75,47.21581719335427,-2.465817193354269,2.465817193354269,https://github.com/fivethirtyeight/data/tree/master/pollster-ratings,https://electionlab.mit.edu/data
46836,73282,2016_Pres-G_MI,2016,MI,Ipsos,2016-10-10,2016-11-08,29,1168.0,Online Panel,Hillary Rodham Clinton,DEM,43.78,47.21581719335427,-3.435817193354268,3.435817193354268,https://github.com/fivethirtyeight/data/tree/master/pollster-ratings,https://electionlab.mit.edu/data
47204,73881,2016_Pres-G_MI,2016,MI,Ipsos,2016-10-17,2016-11-08,22,441.0,Online Panel,Hillary Rodham Clinton,DEM,45.18,47.21581719335427,-2.0358171933542692,2.0358171933542692,https://github.com/fivethirtyeight/data/tree/master/pollster-ratings,https://electionlab.mit.edu/data
47732,74715,2016_Pres-G_MI,2016,MI,Ipsos,2016-10-24,2016-11-08,15,335.0,Online Panel,Hillary Rodham Clinton,DEM,41.34,47.21581719335427,-5.8758171933542656,5.8758171933542656,https://github.com/fivethirtyeight/data/tree/master/pollster-ratings,https://electionlab.mit.edu/data
48696,76277,2016_Pres-G_MI,2016,MI,Ipsos,2016-11-03,2016-11-08,5,342.0,Online Panel,Hillary Rodham Clinton,DEM,45.95,47.21581719335427,-1.2658171933542661,1.2658171933542661,https://github.com/fivethirtyeight/data/tree/master/pollster-ratings,https://electionlab.mit.edu/data
48741,76322,2016_Pres-G_MI,2016,MI,YouGov,2016-10-20,2016-11-08,19,3014.0,Online Panel,Hillary Rodham Clinton,DEM,42.0,47.21581719335427,-5.215817193354269,5.215817193354269,https://github.com/fivethirtyeight/data/tree/master/pollster-ratings,https://electionlab.mit.edu/data
46076,72068,2016_Pres-G_MN,2016,MN,Ipsos,2016-09-15,2016-11-08,54,510.0,Online Panel,Hillary Rodham Clinton,DEM,42.86,46.44503396176695,-3.5850339617669533,3.5850339617669533,https://github.com/fivethirtyeight/data/tree/master/pollster-ratings,https://electionlab.mit.edu/data
46653,72947,2016_Pres-G_MN,2016,MN,Ipsos,2016-09-29,2016-11-08,40,645.0,Online Panel,Hillary Rodham Clinton,DEM,42.03,46.44503396176695,-4.415033961766952,4.415033961766952,https://github.com/fivethirtyeight/data/tree/master/pollster-ratings,https://electionlab.mit.edu/data
47205,73882,2016_Pres-G_MN,2016,MN,Ipsos,2016-10-13,2016-11-08,26,499.0,Online Panel,Hillary Rodham Clinton,DEM,44.14,46.44503396176695,-2.305033961766952,2.305033961766952,https://github.com/fivethirtyeight/data/tree/master/pollster-ratings,https://electionlab.mit.edu/data
48708,76289,2016_Pres-G_MN,2016,MN,Ipsos,2016-10-30,2016-11-08,9,647.0,Online Panel,Hillary Rodham Clinton,DEM,43.9,46.44503396176695,-2.545033961766954,2.545033961766954,https://github.com/fivethirtyeight/data/tree/master/pollster-ratings,https://electionlab.mit.edu/data
48742,76323,2016_Pres-G_MN,2016,MN,YouGov,2016-10-20,2016-11-08,19,1736.0,Online Panel,Hillary Rodham Clinton,DEM,42.3,46.44503396176695,-4.145033961766956,4.145033961766956,https://github.com/fivethirtyeight/data/tree/master/pollster-ratings,https://electionlab.mit.edu/data
46078,72070,2016_Pres-G_MO,2016,MO,Ipsos,2016-09-15,2016-11-08,54,356.0,Online Panel,Hillary Rodham Clinton,DEM,35.23,38.13527156927183,-2.9052715692718323,2.9052715692718323,https://github.com/fivethirtyeight/data/tree/master/pollster-ratings,https://electionlab.mit.edu/data
46028,71984,2016_Pres-G_MO,2016,MO,YouGov,2016-09-22,2016-11-08,47,1087.0,Live Phone/Online Panel,Hillary Rodham Clinton,DEM,37.0,38.13527156927183,-1.1352715692718292,1.1352715692718292,https://github.com/fivethirtyeight/data/tree/master/pollster-ratings,https://electionlab.mit.edu/data
46655,72949,2016_Pres-G_MO,2016,MO,Ipsos,2016-09-29,2016-11-08,40,478.0,Online Panel,Hillary Rodham Clinton,DEM,37.05,38.13527156927183,-1.085271569271832,1.085271569271832,https://github.com/fivethirtyeight/data/tree/master/pollster-ratings,https://electionlab.mit.edu/data
47207,73884,2016_Pres-G_MO,2016,MO,Ipsos,2016-10-13,2016-11-08,26,321.0,Online Panel,Hillary Rodham Clinton,DEM,37.03,38.13527156927183,-1.105271569271828,1.105271569271828,https://github.com/fivethirtyeight/data/tree/master/pollster-ratings,https://electionlab.mit.edu/data
48710,76291,2016_Pres-G_MO,2016,MO,Ipsos,2016-10-30,2016-11-08,9,401.0,Online Panel,Hillary Rodham Clinton,DEM,39.73,38.13527156927183,1.5947284307281677,1.5947284307281677,https://github.com/fivethirtyeight/data/tree/master/pollster-ratings,https://electionlab.mit.edu/data
48744,76325,2016_Pres-G_MO,2016,MO,YouGov,2016-10-20,2016-11-08,19,1814.0,Online Panel,Hillary Rodham Clinton,DEM,35.8,38.13527156927183,-2.335271569271832,2.335271569271832,https://github.com/fivethirtyeight/data/tree/master/pollster-ratings,https://electionlab.mit.edu/data
46358,72486,2016_Pres-G_MS,2016,MS,Ipsos,2016-09-19,2016-11-08,50,202.0,Online Panel,Hillary Rodham Clinton,DEM,38.2,40.11478827178409,-1.91478827178409,1.91478827178409,https://github.com/fivethirtyeight/data/tree/master/pollster-ratings,https://electionlab.mit.edu/data
47206,73883,2016_Pres-G_MS,2016,MS,Ipsos,2016-10-10,2016-11-08,29,171.0,Online Panel,Hillary Rodham Clinton,DEM,37.3,40.11478827178409,-2.8147882717840957,2.8147882717840957,https://github.com/fivethirtyeight/data/tree/master/pollster-ratings,https://electionlab.mit.edu/data
48709,76290,2016_Pres-G_MS,2016,MS,Ipsos,2016-10-30,2016-11-08,9,184.0,Online Panel,Hillary Rodham Clinton,DEM,35.93,40.11478827178409,-4.184788271784093,4.184788271784093,https://github.com/fivethirtyeight/data/tree/master/pollster-ratings,https://electionlab.mit.edu/data
48743,76324,2016_Pres-G_MS,2016,MS,YouGov,2016-10-20,2016-11-08,19,861.0,Online Panel,Hillary Rodham Clinton,DEM,39.5,40.11478827178409,-0.6147882717840929,0.6147882717840929,https://github.com/fivethirtyeight/data/tree/master/pollster-ratings,https://electionlab.mit.edu/data
46360,72488,2016_Pres-G_MT,2016,MT,Ipsos,2016-09-19,2016-11-08,50,144.0,Online Panel,Hillary Rodham Clinton,DEM,39.76,35.745765337013,4.0142346629870005,4.0142346629870005,https://github.com/fivethirtyeight/data/tree/master/pollster-ratings,https://electionlab.mit.edu/data
47208,73885,2016_Pres-G_MT,2016,MT,Ipsos,2016-10-10,2016-11-08,29,109.0,Online Panel,Hillary Rodham Clinton,DEM,31.74,35.745765337013,-4.005765337012999,4.005765337012999,https://github.com/fivethirtyeight/data/tree/master/pollster-ratings,https://electionlab.mit.edu/data
48787,76372,2016_Pres-G_MT,2016,MT,Ipsos,2016-10-30,2016-11-08,9,115.0,Online Panel,Hillary Rodham Clinton,DEM,34.75,35.745765337013,-0.9957653370129975,0.9957653370129975,https://github.com/fivethirtyeight/data/tree/master/pollster-ratings,https://electionlab.mit.edu/data
48745,76326,2016_Pres-G_MT,2016,MT,YouGov,2016-10-20,2016-11-08,19,307.0,Online Panel,Hillary Rodham Clinton,DEM,31.7,35.745765337013,-4.045765337012998,4.045765337012998,https://github.com/fivethirtyeight/data/tree/master/pollster-ratings,https://electionlab.mit.edu/data
45862,71626,2016_Pres-G_NC,2016,NC,Ipsos,2016-09-08,2016-11-08,61,502.0,Online Panel,Hillary Rodham Clinton,DEM,46.37,46.172866168209474,0.19713383179052357,0.19713383179052357,https://github.com/fivethirtyeight/data/tree/master/pollster-ratings,https://electionlab.mit.edu/data
46367,72495,2016_Pres-G_NC,2016,NC,Ipsos,2016-09-22,2016-11-08,47,520.0,Online Panel,Hillary Rodham Clinton,DEM,48.07,46.172866168209474,1.8971338317905264,1.8971338317905264,https://github.com/fivethirtyeight/data/tree/master/pollster-ratings,https://electionlab.mit.edu/data
46663,72957,2016_Pres-G_NC,2016,NC,Ipsos,2016-10-03,2016-11-08,36,326.0,Online Panel,Hillary Rodham Clinton,DEM,44.16,46.172866168209474,-2.0128661682094773,2.0128661682094773,https://github.com/fivethirtyeight/data/tree/master/pollster-ratings,https://electionlab.mit.edu/data
46788,73166,2016_Pres-G_NC,2016,NC,Marist,2016-10-11,2016-11-08,28,743.0,Live Phone,Hillary Rodham Clinton,DEM,45.0,46.172866168209474,-1.1728661682094739,1.1728661682094739,https://github.com/fivethirtyeight/data/tree/master/pollster-ratings,https://electionlab.mit.edu/data
46847,73293,2016_Pres-G_NC,2016,NC,Ipsos,2016-10-10,2016-11-08,29,1056.0,Online Panel,Hillary Rodham Clinton,DEM,46.33,46.172866168209474,0.15713383179052443,0.15713383179052443,https://github.com/fivethirtyeight/data/tree/master/pollster-ratings,https://electionlab.mit.edu/data
47775,74766,2016_Pres-G_NC,2016,NC,Marist,2016-10-25,2016-11-08,14,780.0,Live Phone,Hillary Rodham Clinton,DEM,47.0,46.172866168209474,0.8271338317905261,0.8271338317905261,https://github.com/fivethirtyeight/data/tree/master/pollster-ratings,https://electionlab.mit.edu/data
47743,74726,2016_Pres-G_NC,2016,NC,Ipsos,2016-10-20,2016-11-08,19,644.0,Online Panel,Hillary Rodham Clinton,DEM,47.99,46.172866168209474,1.8171338317905281,1.8171338317905281,https://github.com/fivethirtyeight/data/tree/master/pollster-ratings,https://electionlab.mit.edu/data
47779,74789,2016_Pres-G_NC,2016,NC,YouGov,2016-10-27,2016-11-08,12,992.0,Live Phone/Online Panel,Hillary Rodham Clinton,DEM,48.0,46.172866168209474,1.8271338317905261,1.8271338317905261,https://github.com/fivethirtyeight/data/tree/master/pollster-ratings,https://electionlab.mit.edu/data
48699,76280,2016_Pres-G_NC,2016,NC,Ipsos,2016-11-03,2016-11-08,5,371.0,Online Panel,Hillary Rodham Clinton,DEM,46.0,46.172866168209474,-0.17286616820947387,0.17286616820947387,https://github.com/fivethirtyeight/data/tree/master/pollster-ratings,https://electionlab.mit.edu/data
48752,76333,2016_Pres-G_NC,2016,NC,YouGov,2016-10-20,2016-11-08,19,2916.0,Online Panel,Hillary Rodham Clinton,DEM,43.5,46.172866168209474,-2.672866168209474,2.672866168209474,https://github.com/fivethirtyeight/data/tree/master/pollster-ratings,https://electionlab.mit.edu/data
46848,73294,2016_Pres-G_ND,2016,ND,Ipsos,2016-10-03,2016-11-08,36,105.0,Online Panel,Hillary Rodham Clinton,DEM,34.67,27.226739458706007,7.443260541293995,7.443260541293995,https://github.com/fivethirtyeight/data/tree/master/pollster-ratings,https://electionlab.mit.edu/data
48245,75546,2016_Pres-G_ND,2016,ND,Ipsos,2016-10-30,2016-11-08,9,153.0,Online Panel,Hillary Rodham Clinton,DEM,26.18,27.226739458706007,-1.046739458706007,1.046739458706007,https://github.com/fivethirtyeight/data/tree/master/pollster-ratings,https://electionlab.mit.edu/data
48753,76334,2016_Pres-G_ND,2016,ND,YouGov,2016-10-20,2016-11-08,19,201.0,Online Panel,Hillary Rodham Clinton,DEM,32.3,27.226739458706007,5.07326054129399,5.07326054129399,https://github.com/fivethirtyeight/data/tree/master/pollster-ratings,https://electionlab.mit.edu/data
46361,72489,2016_Pres-G_NE,2016,NE,Ipsos,2016-09-19,2016-11-08,50,197.0,Online Panel,Hillary Rodham Clinton,DEM,32.71,33.69875637713554,-0.9887563771355374,0.9887563771355374,https://github.com/fivethirtyeight/data/tree/master/pollster-ratings,https://electionlab.mit.edu/data
47209,73886,2016_Pres-G_NE,2016,NE,Ipsos,2016-10-10,2016-11-08,29,207.0,Online Panel,Hillary Rodham Clinton,DEM,34.73,33.69875637713554,1.0312436228644586,1.0312436228644586,https://github.com/fivethirtyeight/data/tree/master/pollster-ratings,https://electionlab.mit.edu/data
48711,76292,2016_Pres-G_NE,2016,NE,Ipsos,2016-10-30,2016-11-08,9,216.0,Online Panel,Hillary Rodham Clinton,DEM,31.62,33.69875637713554,-2.0787563771355373,2.0787563771355373,https://github.com/fivethirtyeight/data/tree/master/pollster-ratings,https://electionlab.mit.edu/data
48746,76327,2016_Pres-G_NE,2016,NE,YouGov,2016-10-20,2016-11-08,19,506.0,Online Panel,Hillary Rodham Clinton,DEM,32.3,33.69875637713554,-1.3987563771355411,1.3987563771355411,https://github.com/fivethirtyeight/data/tree/master/pollster-ratings,https://electionlab.mit.edu/data
46363,72491,2016_Pres-G_NH,2016,NH,Ipsos,2016-09-19,2016-11-08,50,170.0,Online Panel,Hillary Rodham Clinton,DEM,47.21,46.82626266969056,0.3837373303094438,0.3837373303094438,https://github.com/fivethirtyeight/data/tree/master/pollster-ratings,https://electionlab.mit.edu/data
47211,73888,2016_Pres-G_NH,2016,NH,Ipsos,2016-10-10,2016-11-08,29,179.0,Online Panel,Hillary Rodham Clinton,DEM,45.11,46.82626266969056,-1.7162626696905576,1.7162626696905576,https://github.com/fivethirtyeight/data/tree/master/pollster-ratings,https://electionlab.mit.edu/data
47326,74384,2016_Pres-G_NH,2016,NH,YouGov,2016-10-19,2016-11-08,20,772.0,Online Panel,Hillary Rodham Clinton,DEM,43.0,46.82626266969056,-3.826262669690557,3.826262669690557,https://github.com/fivethirtyeight/data/tree/master/pollster-ratings,https://electionlab.mit.edu/data
47539,74346,2016_Pres-G_NH,2016,NH,Marist,2016-10-22,2016-11-08,17,768.0,Live Phone,Hillary Rodham Clinton,DEM,45.0,46.82626266969056,-1.826262669690557,1.826262669690557,https://github.com/fivethirtyeight/data/tree/master/pollster-ratings,https://electionlab.mit.edu/data
48658,76374,2016_Pres-G_NH,2016,NH,Ipsos,2016-10-30,2016-11-08,9,196.0,Online Panel,Hillary Rodham Clinton,DEM,44.42,46.82626266969056,-2.4062626696905554,2.4062626696905554,https://github.com/fivethirtyeight/data/tree/master/pollster-ratings,https://electionlab.mit.edu/data
48748,76329,2016_Pres-G_NH,2016,NH,YouGov,2016-10-20,2016-11-08,19,430.0,Online Panel,Hillary Rodham Clinton,DEM,43.0,46.82626266969056,-3.826262669690557,3.826262669690557,https://github.com/fivethirtyeight/data/tree/master/pollster-ratings,https://electionlab.mit.edu/data
46083,72075,2016_Pres-G_NJ,2016,NJ,Ipsos,2016-09-15,2016-11-08,54,853.0,Online Panel,Hillary Rodham Clinton,DEM,50.49,55.4530844496942,-4.9630844496942,4.9630844496942,https://github.com/fivethirtyeight/data/tree/master/pollster-ratings,https://electionlab.mit.edu/data
46364,72492,2016_Pres-G_NJ,2016,NJ,Ipsos,2016-09-26,2016-11-08,43,545.0,Online Panel,Hillary Rodham Clinton,DEM,46.68,55.4530844496942,-8.773084449694203,8.773084449694203,https://github.com/fivethirtyeight/data/tree/master/pollster-ratings,https://electionlab.mit.edu/data
46844,73290,2016_Pres-G_NJ,2016,NJ,Ipsos,2016-10-06,2016-11-08,33,953.0,Online Panel,Hillary Rodham Clinton,DEM,49.93,55.4530844496942,-5.523084449694203,5.523084449694203,https://github.com/fivethirtyeight/data/tree/master/pollster-ratings,https://electionlab.mit.edu/data
47740,74723,2016_Pres-G_NJ,2016,NJ,Ipsos,2016-10-20,2016-11-08,19,800.0,Online Panel,Hillary Rodham Clinton,DEM,50.95,55.4530844496942,-4.5030844496941995,4.5030844496941995,https://github.com/fivethirtyeight/data/tree/master/pollster-ratings,https://electionlab.mit.edu/data
48697,76278,2016_Pres-G_NJ,2016,NJ,Ipsos,2016-11-03,2016-11-08,5,551.0,Online Panel,Hillary Rodham Clinton,DEM,47.78,55.4530844496942,-7.673084449694201,7.673084449694201,https://github.com/fivethirtyeight/data/tree/master/pollster-ratings,https://electionlab.mit.edu/data
48749,76330,2016_Pres-G_NJ,2016,NJ,YouGov,2016-10-20,2016-11-08,19,2377.0,Online Panel,Hillary Rodham Clinton,DEM,47.7,55.4530844496942,-7.7530844496941995,7.7530844496941995,https://github.com/fivethirtyeight/data/tree/master/pollster-ratings,https://electionlab.mit.edu/data
46365,72493,2016_Pres-G_NM,2016,NM,Ipsos,2016-09-19,2016-11-08,50,145.0,Online Panel,Hillary Rodham Clinton,DEM,48.94,48.255647178634106,0.6843528213658914,0.6843528213658914,https://github.com/fivethirtyeight/data/tree/master/pollster-ratings,https://electionlab.mit.edu/data
47213,73890,2016_Pres-G_NM,2016,NM,Ipsos,2016-10-10,2016-11-08,29,150.0,Online Panel,Hillary Rodham Clinton,DEM,51.28,48.255647178634106,3.024352821365895,3.024352821365895,https://github.com/fivethirtyeight/data/tree/master/pollster-ratings,https://electionlab.mit.edu/data
48789,76375,2016_Pres-G_NM,2016,NM,Ipsos,2016-10-30,2016-11-08,9,158.0,Online Panel,Hillary Rodham Clinton,DEM,40.94,48.255647178634106,-7.315647178634109,7.315647178634109,https://github.com/fivethirtyeight/data/tree/master/pollster-ratings,https://electionlab.mit.edu/data
48750,76331,2016_Pres-G_NM,2016,NM,YouGov,2016-10-20,2016-11-08,19,508.0,Online Panel,Hillary Rodham Clinton,DEM,41.7,48.255647178634106,-6.5556471786341035,6.5556471786341035,https://github.com/fivethirtyeight/data/tree/master/pollster-ratings,https://electionlab.mit.edu/data
46081,72073,2016_Pres-G_NV,2016,NV,Ipsos,2016-09-12,2016-11-08,57,294.0,Online Panel,Hillary Rodham Clinton,DEM,45.03,47.91782367811904,-2.887823678119041,2.887823678119041,https://github.com/fivethirtyeight/data/tree/master/pollster-ratings,https://electionlab.mit.edu/data
46842,73288,2016_Pres-G_NV,2016,NV,Ipsos,2016-10-03,2016-11-08,36,347.0,Online Panel,Hillary Rodham Clinton,DEM,40.77,47.91782367811904,-7.147823678119039,7.147823678119039,https://github.com/fivethirtyeight/data/tree/master/pollster-ratings,https://electionlab.mit.edu/data
46867,73320,2016_Pres-G_NV,2016,NV,YouGov,2016-10-13,2016-11-08,26,996.0,Live Phone/Online Panel,Hillary Rodham Clinton,DEM,46.0,47.91782367811904,-1.917823678119042,1.917823678119042,https://github.com/fivethirtyeight/data/tree/master/pollster-ratings,https://electionlab.mit.edu/data
47540,74347,2016_Pres-G_NV,2016,NV,Marist,2016-10-22,2016-11-08,17,707.0,Live Phone,Hillary Rodham Clinton,DEM,43.0,47.91782367811904,-4.917823678119042,4.917823678119042,https://github.com/fivethirtyeight/data/tree/master/pollster-ratings,https://electionlab.mit.edu/data
48788,76373,2016_Pres-G_NV,2016,NV,Ipsos,2016-10-27,2016-11-08,12,339.0,Online Panel,Hillary Rodham Clinton,DEM,45.39,47.91782367811904,-2.5278236781190415,2.5278236781190415,https://github.com/fivethirtyeight/data/tree/master/pollster-ratings,https://electionlab.mit.edu/data
48747,76328,2016_Pres-G_NV,2016,NV,YouGov,2016-10-20,2016-11-08,19,656.0,Online Panel,Hillary Rodham Clinton,DEM,42.5,47.91782367811904,-5.417823678119042,5.417823678119042,https://github.com/fivethirtyeight/data/tree/master/pollster-ratings,https://electionlab.mit.edu/data
45861,71625,2016_Pres-G_NY,2016,NY,Ipsos,2016-09-12,2016-11-08,57,544.0,Online Panel,Hillary Rodham Clinton,DEM,53.44,56.722342284541526,-3.282342284541528,3.282342284541528,https://github.com/fivethirtyeight/data/tree/master/pollster-ratings,https://electionlab.mit.edu/data
46085,72077,2016_Pres-G_NY,2016,NY,Ipsos,2016-09-19,2016-11-08,50,535.0,Online Panel,Hillary Rodham Clinton,DEM,52.85,56.722342284541526,-3.8723422845415243,3.8723422845415243,https://github.com/fivethirtyeight/data/tree/master/pollster-ratings,https://electionlab.mit.edu/data
46157,72159,2016_Pres-G_NY,2016,NY,Marist,2016-09-22,2016-11-08,47,676.0,Live Phone,Hillary Rodham Clinton,DEM,52.0,56.722342284541526,-4.722342284541526,4.722342284541526,https://github.com/fivethirtyeight/data/tree/master/pollster-ratings,https://electionlab.mit.edu/data
46366,72494,2016_Pres-G_NY,2016,NY,Ipsos,2016-09-26,2016-11-08,43,651.0,Online Panel,Hillary Rodham Clinton,DEM,49.34,56.722342284541526,-7.382342284541522,7.382342284541522,https://github.com/fivethirtyeight/data/tree/master/pollster-ratings,https://electionlab.mit.edu/data
46662,72956,2016_Pres-G_NY,2016,NY,Ipsos,2016-10-03,2016-11-08,36,714.0,Online Panel,Hillary Rodham Clinton,DEM,54.76,56.722342284541526,-1.9623422845415277,1.9623422845415277,https://github.com/fivethirtyeight/data/tree/master/pollster-ratings,https://electionlab.mit.edu/data
46846,73292,2016_Pres-G_NY,2016,NY,Ipsos,2016-10-10,2016-11-08,29,434.0,Online Panel,Hillary Rodham Clinton,DEM,52.61,56.722342284541526,-4.112342284541526,4.112342284541526,https://github.com/fivethirtyeight/data/tree/master/pollster-ratings,https://electionlab.mit.edu/data
47214,73891,2016_Pres-G_NY,2016,NY,Ipsos,2016-10-17,2016-11-08,22,346.0,Online Panel,Hillary Rodham Clinton,DEM,53.73,56.722342284541526,-2.992342284541529,2.992342284541529,https://github.com/fivethirtyeight/data/tree/master/pollster-ratings,https://electionlab.mit.edu/data
47742,74725,2016_Pres-G_NY,2016,NY,Ipsos,2016-10-24,2016-11-08,15,498.0,Online Panel,Hillary Rodham Clinton,DEM,51.97,56.722342284541526,-4.752342284541527,4.752342284541527,https://github.com/fivethirtyeight/data/tree/master/pollster-ratings,https://electionlab.mit.edu/data
48698,76279,2016_Pres-G_NY,2016,NY,Ipsos,2016-11-03,2016-11-08,5,552.0,Online Panel,Hillary Rodham Clinton,DEM,51.49,56.722342284541526,-5.232342284541524,5.232342284541524,https://github.com/fivethirtyeight/data/tree/master/pollster-ratings,https://electionlab.mit.edu/data
48751,76332,2016_Pres-G_NY,2016,NY,YouGov,2016-10-20,2016-11-08,19,4663.0,Online Panel,Hillary Rodham Clinton,DEM,52.7,56.722342284541526,-4.022342284541523,4.022342284541523,https://github.com/fivethirtyeight/data/tree/master/pollster-ratings,https://electionlab.mit.edu/data
45863,71627,2016_Pres-G_OH,2016,OH,Ipsos,2016-09-12,2016-11-08,57,450.0,Online Panel,Hillary Rodham Clinton,DEM,47.21,43.55807627672002,3.651923723279978,3.651923723279978,https://github.com/fivethirtyeight/data/tree/master/pollster-ratings,https://electionlab.mit.edu/data
46087,72079,2016_Pres-G_OH,2016,OH,Ipsos,2016-09-19,2016-11-08,50,407.0,Online Panel,Hillary Rodham Clinton,DEM,46.34,43.55807627672002,2.7819237232799807,2.7819237232799807,https://github.com/fivethirtyeight/data/tree/master/pollster-ratings,https://electionlab.mit.edu/data
46368,72496,2016_Pres-G_OH,2016,OH,Ipsos,2016-09-26,2016-11-08,43,557.0,Online Panel,Hillary Rodham Clinton,DEM,44.36,43.55807627672002,0.8019237232799767,0.8019237232799767,https://github.com/fivethirtyeight/data/tree/master/pollster-ratings,https://electionlab.mit.edu/data
46665,72959,2016_Pres-G_OH,2016,OH,Ipsos,2016-10-03,2016-11-08,36,609.0,Online Panel,Hillary Rodham Clinton,DEM,46.21,43.55807627672002,2.651923723279978,2.651923723279978,https://github.com/fivethirtyeight/data/tree/master/pollster-ratings,https://electionlab.mit.edu/data
46571,72851,2016_Pres-G_OH,2016,OH,YouGov,2016-10-06,2016-11-08,33,997.0,Live Phone/Online Panel,Hillary Rodham Clinton,DEM,46.0,43.55807627672002,2.4419237232799773,2.4419237232799773,https://github.com/fivethirtyeight/data/tree/master/pollster-ratings,https://electionlab.mit.edu/data
46789,73167,2016_Pres-G_OH,2016,OH,Marist,2016-10-11,2016-11-08,28,724.0,Live Phone,Hillary Rodham Clinton,DEM,41.0,43.55807627672002,-2.5580762767200227,2.5580762767200227,https://github.com/fivethirtyeight/data/tree/master/pollster-ratings,https://electionlab.mit.edu/data
47216,73893,2016_Pres-G_OH,2016,OH,Ipsos,2016-10-13,2016-11-08,26,1839.0,Online Panel,Hillary Rodham Clinton,DEM,43.41,43.55807627672002,-0.1480762767200261,0.1480762767200261,https://github.com/fivethirtyeight/data/tree/master/pollster-ratings,https://electionlab.mit.edu/data
47744,74727,2016_Pres-G_OH,2016,OH,Ipsos,2016-10-24,2016-11-08,15,508.0,Online Panel,Hillary Rodham Clinton,DEM,44.85,43.55807627672002,1.2919237232799787,1.2919237232799787,https://github.com/fivethirtyeight/data/tree/master/pollster-ratings,https://electionlab.mit.edu/data
48481,75977,2016_Pres-G_OH,2016,OH,YouGov,2016-11-03,2016-11-08,5,1189.0,Live Phone/Online Panel,Hillary Rodham Clinton,DEM,45.0,43.55807627672002,1.4419237232799773,1.4419237232799773,https://github.com/fivethirtyeight/data/tree/master/pollster-ratings,https://electionlab.mit.edu/data
48700,76281,2016_Pres-G_OH,2016,OH,Ipsos,2016-11-03,2016-11-08,5,552.0,Online Panel,Hillary Rodham Clinton,DEM,47.04,43.55807627672002,3.4819237232799765,3.4819237232799765,https://github.com/fivethirtyeight/data/tree/master/pollster-ratings,https://electionlab.mit.edu/data
48754,76335,2016_Pres-G_OH,2016,OH,YouGov,2016-10-20,2016-11-08,19,3455.0,Online Panel,Hillary Rodham Clinton,DEM,43.2,43.55807627672002,-0.35807627672001985,0.35807627672001985,https://github.com/fivethirtyeight/data/tree/master/pollster-ratings,https://electionlab.mit.edu/data
46088,72080,2016_Pres-G_OK,2016,OK,Ipsos,2016-09-12,2016-11-08,57,332.0,Online Panel,Hillary Rodham Clinton,DEM,29.57,28.93168028454389,0.6383197154561095,0.6383197154561095,https://github.com/fivethirtyeight/data/tree/master/pollster-ratings,https://electionlab.mit.edu/data
46850,73296,2016_Pres-G_OK,2016,OK,Ipsos,2016-10-03,2016-11-08,36,432.0,Online Panel,Hillary Rodham Clinton,DEM,36.0,28.93168028454389,7.068319715456109,7.068319715456109,https://github.com/fivethirtyeight/data/tree/master/pollster-ratings,https://electionlab.mit.edu/data
48790,76376,2016_Pres-G_OK,2016,OK,Ipsos,2016-10-27,2016-11-08,12,432.0,Online Panel,Hillary Rodham Clinton,DEM,29.85,28.93168028454389,0.9183197154561107,0.9183197154561107,https://github.com/fivethirtyeight/data/tree/master/pollster-ratings,https://electionlab.mit.edu/data
48755,76336,2016_Pres-G_OK,2016,OK,YouGov,2016-10-20,2016-11-08,19,949.0,Online Panel,Hillary Rodham Clinton,DEM,26.8,28.93168028454389,-2.13168028454389,2.13168028454389,https://github.com/fivethirtyeight/data/tree/master/pollster-ratings,https://electionlab.mit.edu/data
46370,72498,2016_Pres-G_OR,2016,OR,Ipsos,2016-09-22,2016-11-08,47,436.0,Online Panel,Hillary Rodham Clinton,DEM,48.42,50.07185200286208,-1.6518520028620785,1.6518520028620785,https://github.com/fivethirtyeight/data/tree/master/pollster-ratings,https://electionlab.mit.edu/data
47218,73895,2016_Pres-G_OR,2016,OR,Ipsos,2016-10-10,2016-11-08,29,644.0,Online Panel,Hillary Rodham Clinton,DEM,46.28,50.07185200286208,-3.791852002862079,3.791852002862079,https://github.com/fivethirtyeight/data/tree/master/pollster-ratings,https://electionlab.mit.edu/data
48712,76293,2016_Pres-G_OR,2016,OR,Ipsos,2016-10-30,2016-11-08,9,465.0,Online Panel,Hillary Rodham Clinton,DEM,46.72,50.07185200286208,-3.3518520028620813,3.3518520028620813,https://github.com/fivethirtyeight/data/tree/master/pollster-ratings,https://electionlab.mit.edu/data
48756,76337,2016_Pres-G_OR,2016,OR,YouGov,2016-10-20,2016-11-08,19,1112.0,Online Panel,Hillary Rodham Clinton,DEM,43.8,50.07185200286208,-6.271852002862083,6.271852002862083,https://github.com/fivethirtyeight/data/tree/master/pollster-ratings,https://electionlab.mit.edu/data
45866,71630,2016_Pres-G_PA,2016,PA,Ipsos,2016-09-12,2016-11-08,57,423.0,Online Panel,Hillary Rodham Clinton,DEM,46.11,47.46494918966543,-1.354949189665433,1.354949189665433,https://github.com/fivethirtyeight/data/tree/master/pollster-ratings,https://electionlab.mit.edu/data
46090,72082,2016_Pres-G_PA,2016,PA,Ipsos,2016-09-19,2016-11-08,50,387.0,Online Panel,Hillary Rodham Clinton,DEM,45.69,47.46494918966543,-1.7749491896654348,1.7749491896654348,https://github.com/fivethirtyeight/data/tree/master/pollster-ratings,https://electionlab.mit.edu/data
46371,72499,2016_Pres-G_PA,2016,PA,Ipsos,2016-09-26,2016-11-08,43,500.0,Online Panel,Hillary Rodham Clinton,DEM,45.23,47.46494918966543,-2.2349491896654357,2.2349491896654357,https://github.com/fivethirtyeight/data/tree/master/pollster-ratings,https://electionlab.mit.edu/data
46668,72962,2016_Pres-G_PA,2016,PA,Ipsos,2016-10-03,2016-11-08,36,468.0,Online Panel,Hillary Rodham Clinton,DEM,49.34,47.46494918966543,1.8750508103345709,1.8750508103345709,https://github.com/fivethirtyeight/data/tree/master/pollster-ratings,https://electionlab.mit.edu/data
46567,72837,2016_Pres-G_PA,2016,PA,Marist,2016-10-05,2016-11-08,34,709.0,Live Phone,Hillary Rodham Clinton,DEM,49.0,47.46494918966543,1.5350508103345675,1.5350508103345675,https://github.com/fivethirtyeight/data/tree/master/pollster-ratings,https://electionlab.mit.edu/data
46570,72853,2016_Pres-G_PA,2016,PA,YouGov,2016-10-06,2016-11-08,33,997.0,Live Phone/Online Panel,Hillary Rodham Clinton,DEM,48.0,47.46494918966543,0.5350508103345675,0.5350508103345675,https://github.com/fivethirtyeight/data/tree/master/pollster-ratings,https://electionlab.mit.edu/data
46852,73298,2016_Pres-G_PA,2016,PA,Ipsos,2016-10-10,2016-11-08,29,1153.0,Online Panel,Hillary Rodham Clinton,DEM,46.13,47.46494918966543,-1.33494918966543,1.33494918966543,https://github.com/fivethirtyeight/data/tree/master/pollster-ratings,https://electionlab.mit.edu/data
47219,73896,2016_Pres-G_PA,2016,PA,Ipsos,2016-10-17,2016-11-08,22,553.0,Online Panel,Hillary Rodham Clinton,DEM,49.13,47.46494918966543,1.66505081033457,1.66505081033457,https://github.com/fivethirtyeight/data/tree/master/pollster-ratings,https://electionlab.mit.edu/data
47747,74730,2016_Pres-G_PA,2016,PA,Ipsos,2016-10-24,2016-11-08,15,445.0,Online Panel,Hillary Rodham Clinton,DEM,48.03,47.46494918966543,0.5650508103345686,0.5650508103345686,https://github.com/fivethirtyeight/data/tree/master/pollster-ratings,https://electionlab.mit.edu/data
47777,74787,2016_Pres-G_PA,2016,PA,YouGov,2016-10-27,2016-11-08,12,1091.0,Live Phone/Online Panel,Hillary Rodham Clinton,DEM,48.0,47.46494918966543,0.5350508103345675,0.5350508103345675,https://github.com/fivethirtyeight/data/tree/master/pollster-ratings,https://electionlab.mit.edu/data
48683,76246,2016_Pres-G_PA,2016,PA,YouGov,2016-11-04,2016-11-08,4,931.0,Online Panel,Hillary Rodham Clinton,DEM,45.0,47.46494918966543,-2.4649491896654325,2.4649491896654325,https://github.com/fivethirtyeight/data/tree/master/pollster-ratings,https://electionlab.mit.edu/data
48701,76282,2016_Pres-G_PA,2016,PA,Ipsos,2016-11-03,2016-11-08,5,498.0,Online Panel,Hillary Rodham Clinton,DEM,48.2,47.46494918966543,0.7350508103345703,0.7350508103345703,https://github.com/fivethirtyeight/data/tree/master/pollster-ratings,https://electionlab.mit.edu/data
48757,76338,2016_Pres-G_PA,2016,PA,YouGov,2016-10-20,2016-11-08,19,3704.0,Online Panel,Hillary Rodham Clinton,DEM,42.7,47.46494918966543,-4.76494918966543,4.76494918966543,https://github.com/fivethirtyeight/data/tree/master/pollster-ratings,https://electionlab.mit.edu/data
48758,76339,2016_Pres-G_RI,2016,RI,YouGov,2016-10-20,2016-11-08,19,287.0,Online Panel,Hillary Rodham Clinton,DEM,47.0,54.41715834795089,-7.417158347950888,7.417158347950888,https://github.com/fivethirtyeight/data/tree/master/pollster-ratings,https://electionlab.mit.edu/data
46372,72500,2016_Pres-G_SC,2016,SC,Ipsos,2016-09-22,2016-11-08,47,240.0,Online Panel,Hillary Rodham Clinton,DEM,44.41,40.67341978966509,3.736580210334907,3.736580210334907,https://github.com/fivethirtyeight/data/tree/master/pollster-ratings,https://electionlab.mit.edu/data
47220,73897,2016_Pres-G_SC,2016,SC,Ipsos,2016-10-10,2016-11-08,29,304.0,Online Panel,Hillary Rodham Clinton,DEM,43.67,40.67341978966509,2.996580210334912,2.996580210334912,https://github.com/fivethirtyeight/data/tree/master/pollster-ratings,https://electionlab.mit.edu/data
48713,76294,2016_Pres-G_SC,2016,SC,Ipsos,2016-10-30,2016-11-08,9,251.0,Online Panel,Hillary Rodham Clinton,DEM,43.61,40.67341978966509,2.9365802103349097,2.9365802103349097,https://github.com/fivethirtyeight/data/tree/master/pollster-ratings,https://electionlab.mit.edu/data
48759,76340,2016_Pres-G_SC,2016,SC,YouGov,2016-10-20,2016-11-08,19,1298.0,Online Panel,Hillary Rodham Clinton,DEM,35.6,40.67341978966509,-5.073419789665088,5.073419789665088,https://github.com/fivethirtyeight/data/tree/master/pollster-ratings,https://electionlab.mit.edu/data
46373,72501,2016_Pres-G_SD,2016,SD,Ipsos,2016-09-19,2016-11-08,50,105.0,Online Panel,Hillary Rodham Clinton,DEM,31.67,31.737428159948987,-0.06742815994898521,0.06742815994898521,https://github.com/fivethirtyeight/data/tree/master/pollster-ratings,https://electionlab.mit.edu/data
47221,73898,2016_Pres-G_SD,2016,SD,Ipsos,2016-10-10,2016-11-08,29,103.0,Online Panel,Hillary Rodham Clinton,DEM,32.76,31.737428159948987,1.022571840051011,1.022571840051011,https://github.com/fivethirtyeight/data/tree/master/pollster-ratings,https://electionlab.mit.edu/data
48791,76377,2016_Pres-G_SD,2016,SD,Ipsos,2016-10-30,2016-11-08,9,114.0,Online Panel,Hillary Rodham Clinton,DEM,29.45,31.737428159948987,-2.2874281599489876,2.2874281599489876,https://github.com/fivethirtyeight/data/tree/master/pollster-ratings,https://electionlab.mit.edu/data
48760,76341,2016_Pres-G_SD,2016,SD,YouGov,2016-10-20,2016-11-08,19,246.0,Online Panel,Hillary Rodham Clinton,DEM,31.3,31.737428159948987,-0.4374281599489862,0.4374281599489862,https://github.com/fivethirtyeight/data/tree/master/pollster-ratings,https://electionlab.mit.edu/data
46093,72085,2016_Pres-G_TN,2016,TN,Ipsos,2016-09-15,2016-11-08,54,447.0,Online Panel,Hillary Rodham Clinton,DEM,33.39,34.71633279865009,-1.3263327986500926,1.3263327986500926,https://github.com/fivethirtyeight/data/tree/master/pollster-ratings,https://electionlab.mit.edu/data
46671,72965,2016_Pres-G_TN,2016,TN,Ipsos,2016-09-29,2016-11-08,40,557.0,Online Panel,Hillary Rodham Clinton,DEM,33.86,34.71633279865009,-0.8563327986500937,0.8563327986500937,https://github.com/fivethirtyeight/data/tree/master/pollster-ratings,https://electionlab.mit.edu/data
47222,73899,2016_Pres-G_TN,2016,TN,Ipsos,2016-10-13,2016-11-08,26,433.0,Online Panel,Hillary Rodham Clinton,DEM,34.69,34.71633279865009,-0.026332798650095413,0.026332798650095413,https://github.com/fivethirtyeight/data/tree/master/pollster-ratings,https://electionlab.mit.edu/data
48714,76295,2016_Pres-G_TN,2016,TN,Ipsos,2016-10-30,2016-11-08,9,538.0,Online Panel,Hillary Rodham Clinton,DEM,36.33,34.71633279865009,1.6136672013499052,1.6136672013499052,https://github.com/fivethirtyeight/data/tree/master/pollster-ratings,https://electionlab.mit.edu/data
48761,76342,2016_Pres-G_TN,2016,TN,YouGov,2016-10-20,2016-11-08,19,1729.0,Online Panel,Hillary Rodham Clinton,DEM,33.9,34.71633279865009,-0.8163327986500946,0.8163327986500946,https://github.com/fivethirtyeight/data/tree/master/pollster-ratings,https://electionlab.mit.edu/data
45869,71633,2016_Pres-G_TX,2016,TX,Ipsos,2016-09-12,2016-11-08,57,462.0,Online Panel,Hillary Rodham Clinton,DEM,28.51,43.23525798101196,-14.72525798101196,14.72525798101196,https://github.com/fivethirtyeight/data/tree/master/pollster-ratings,https://electionlab.mit.edu/data
46094,72086,2016_Pres-G_TX,2016,TX,Ipsos,2016-09-19,2016-11-08,50,462.0,Online Panel,Hillary Rodham Clinton,DEM,32.6,43.23525798101196,-10.63525798101196,10.63525798101196,https://github.com/fivethirtyeight/data/tree/master/pollster-ratings,https://electionlab.mit.edu/data
46375,72503,2016_Pres-G_TX,2016,TX,Ipsos,2016-09-26,2016-11-08,43,464.0,Online Panel,Hillary Rodham Clinton,DEM,32.9,43.23525798101196,-10.335257981011964,10.335257981011964,https://github.com/fivethirtyeight/data/tree/master/pollster-ratings,https://electionlab.mit.edu/data
46672,72966,2016_Pres-G_TX,2016,TX,Ipsos,2016-10-03,2016-11-08,36,583.0,Online Panel,Hillary Rodham Clinton,DEM,33.59,43.23525798101196,-9.645257981011959,9.645257981011959,https://github.com/fivethirtyeight/data/tree/master/pollster-ratings,https://electionlab.mit.edu/data
46856,73302,2016_Pres-G_TX,2016,TX,Ipsos,2016-10-10,2016-11-08,29,422.0,Online Panel,Hillary Rodham Clinton,DEM,31.57,43.23525798101196,-11.665257981011962,11.665257981011962,https://github.com/fivethirtyeight/data/tree/master/pollster-ratings,https://electionlab.mit.edu/data
47223,73900,2016_Pres-G_TX,2016,TX,Ipsos,2016-10-17,2016-11-08,22,405.0,Online Panel,Hillary Rodham Clinton,DEM,39.04,43.23525798101196,-4.195257981011963,4.195257981011963,https://github.com/fivethirtyeight/data/tree/master/pollster-ratings,https://electionlab.mit.edu/data
47237,73920,2016_Pres-G_TX,2016,TX,YouGov,2016-10-21,2016-11-08,18,1031.0,Live Phone/Online Panel,Hillary Rodham Clinton,DEM,43.0,43.23525798101196,-0.23525798101196216,0.23525798101196216,https://github.com/fivethirtyeight/data/tree/master/pollster-ratings,https://electionlab.mit.edu/data
47544,74373,2016_Pres-G_TX,2016,TX,YouGov,2016-10-18,2016-11-08,21,959.0,Online Panel,Hillary Rodham Clinton,DEM,42.0,43.23525798101196,-1.2352579810119622,1.2352579810119622,https://github.com/fivethirtyeight/data/tree/master/pollster-ratings,https://electionlab.mit.edu/data
47750,74733,2016_Pres-G_TX,2016,TX,Ipsos,2016-10-24,2016-11-08,15,504.0,Online Panel,Hillary Rodham Clinton,DEM,33.95,43.23525798101196,-9.28525798101196,9.28525798101196,https://github.com/fivethirtyeight/data/tree/master/pollster-ratings,https://electionlab.mit.edu/data
48210,75508,2016_Pres-G_TX,2016,TX,Marist,2016-10-31,2016-11-08,8,679.0,Live Phone,Hillary Rodham Clinton,DEM,40.0,43.23525798101196,-3.235257981011962,3.235257981011962,https://github.com/fivethirtyeight/data/tree/master/pollster-ratings,https://electionlab.mit.edu/data
48702,76283,2016_Pres-G_TX,2016,TX,Ipsos,2016-11-03,2016-11-08,5,646.0,Online Panel,Hillary Rodham Clinton,DEM,39.3,43.23525798101196,-3.935257981011965,3.935257981011965,https://github.com/fivethirtyeight/data/tree/master/pollster-ratings,https://electionlab.mit.edu/data
48762,76343,2016_Pres-G_TX,2016,TX,YouGov,2016-10-20,2016-11-08,19,5874.0,Online Panel,Hillary Rodham Clinton,DEM,36.8,43.23525798101196,-6.435257981011965,6.435257981011965,https://github.com/fivethirtyeight/data/tree/master/pollster-ratings,https://electionlab.mit.edu/data
46095,72087,2016_Pres-G_UT,2016,UT,Ipsos,2016-09-12,2016-11-08,57,208.0,Online Panel,Hillary Rodham Clinton,DEM,31.24,27.459545266522184,3.7804547334778142,3.7804547334778142,https://github.com/fivethirtyeight/data/tree/master/pollster-ratings,https://electionlab.mit.edu/data
46857,73303,2016_Pres-G_UT,2016,UT,Ipsos,2016-10-03,2016-11-08,36,282.0,Online Panel,Hillary Rodham Clinton,DEM,35.0,27.459545266522184,7.540454733477816,7.540454733477816,https://github.com/fivethirtyeight/data/tree/master/pollster-ratings,https://electionlab.mit.edu/data
46866,73319,2016_Pres-G_UT,2016,UT,YouGov,2016-10-13,2016-11-08,26,951.0,Live Phone/Online Panel,Hillary Rodham Clinton,DEM,20.0,27.459545266522184,-7.459545266522184,7.459545266522184,https://github.com/fivethirtyeight/data/tree/master/pollster-ratings,https://electionlab.mit.edu/data
48684,76247,2016_Pres-G_UT,2016,UT,YouGov,2016-11-04,2016-11-08,4,762.0,Online Panel,Hillary Rodham Clinton,DEM,23.0,27.459545266522184,-4.459545266522184,4.459545266522184,https://github.com/fivethirtyeight/data/tree/master/pollster-ratings,https://electionlab.mit.edu/data
48792,76378,2016_Pres-G_UT,2016,UT,Ipsos,2016-10-27,2016-11-08,12,286.0,Online Panel,Hillary Rodham Clinton,DEM,32.9,27.459545266522184,5.440454733477814,5.440454733477814,https://github.com/fivethirtyeight/data/tree/master/pollster-ratings,https://electionlab.mit.edu/data
48763,76344,2016_Pres-G_UT,2016,UT,YouGov,2016-10-20,2016-11-08,19,676.0,Online Panel,Hillary Rodham Clinton,DEM,23.7,27.459545266522184,-3.759545266522185,3.759545266522185,https://github.com/fivethirtyeight/data/tree/master/pollster-ratings,https://electionlab.mit.edu/data
45871,71635,2016_Pres-G_VA,2016,VA,Ipsos,2016-09-12,2016-11-08,57,435.0,Online Panel,Hillary Rodham Clinton,DEM,47.35,49.72789199301014,-2.377891993010138,2.377891993010138,https://github.com/fivethirtyeight/data/tree/master/pollster-ratings,https://electionlab.mit.edu/data
46029,71985,2016_Pres-G_VA,2016,VA,YouGov,2016-09-22,2016-11-08,47,1237.0,Live Phone/Online Panel,Hillary Rodham Clinton,DEM,45.0,49.72789199301014,-4.7278919930101395,4.7278919930101395,https://github.com/fivethirtyeight/data/tree/master/pollster-ratings,https://electionlab.mit.edu/data
46377,72505,2016_Pres-G_VA,2016,VA,Ipsos,2016-09-22,2016-11-08,47,849.0,Online Panel,Hillary Rodham Clinton,DEM,48.26,49.72789199301014,-1.4678919930101415,1.4678919930101415,https://github.com/fivethirtyeight/data/tree/master/pollster-ratings,https://electionlab.mit.edu/data
46858,73304,2016_Pres-G_VA,2016,VA,Ipsos,2016-10-06,2016-11-08,33,884.0,Online Panel,Hillary Rodham Clinton,DEM,49.22,49.72789199301014,-0.5078919930101407,0.5078919930101407,https://github.com/fivethirtyeight/data/tree/master/pollster-ratings,https://electionlab.mit.edu/data
47752,74735,2016_Pres-G_VA,2016,VA,Ipsos,2016-10-20,2016-11-08,19,697.0,Online Panel,Hillary Rodham Clinton,DEM,48.11,49.72789199301014,-1.61789199301014,1.61789199301014,https://github.com/fivethirtyeight/data/tree/master/pollster-ratings,https://electionlab.mit.edu/data
48703,76284,2016_Pres-G_VA,2016,VA,Ipsos,2016-11-03,2016-11-08,5,534.0,Online Panel,Hillary Rodham Clinton,DEM,45.9,49.72789199301014,-3.827891993010141,3.827891993010141,https://github.com/fivethirtyeight/data/tree/master/pollster-ratings,https://electionlab.mit.edu/data
48765,76346,2016_Pres-G_VA,2016,VA,YouGov,2016-10-20,2016-11-08,19,2460.0,Online Panel,Hillary Rodham Clinton,DEM,46.1,49.72789199301014,-3.627891993010138,3.627891993010138,https://github.com/fivethirtyeight/data/tree/master/pollster-ratings,https://electionlab.mit.edu/data
46674,72968,2016_Pres-G_VT,2016,VT,Ipsos,2016-09-26,2016-11-08,43,102.0,Online Panel,Hillary Rodham Clinton,DEM,46.34,56.67778599472493,-10.337785994724925,10.337785994724925,https://github.com/fivethirtyeight/data/tree/master/pollster-ratings,https://electionlab.mit.edu/data
48255,75556,2016_Pres-G_VT,2016,VT,Ipsos,2016-10-30,2016-11-08,9,106.0,Online Panel,Hillary Rodham Clinton,DEM,48.27,56.67778599472493,-8.407785994724925,8.407785994724925,https://github.com/fivethirtyeight/data/tree/master/pollster-ratings,https://electionlab.mit.edu/data
48764,76345,2016_Pres-G_VT,2016,VT,YouGov,2016-10-20,2016-11-08,19,191.0,Online Panel,Hillary Rodham Clinton,DEM,40.5,56.67778599472493,-16.17778599472493,16.17778599472493,https://github.com/fivethirtyeight/data/tree/master/pollster-ratings,https://electionlab.mit.edu/data
45872,71636,2016_Pres-G_WA,2016,WA,Ipsos,2016-09-08,2016-11-08,61,460.0,Online Panel,Hillary Rodham Clinton,DEM,46.81,52.53868006182659,-5.728680061826587,5.728680061826587,https://github.com/fivethirtyeight/data/tree/master/pollster-ratings,https://electionlab.mit.edu/data
46378,72506,2016_Pres-G_WA,2016,WA,Ipsos,2016-09-22,2016-11-08,47,496.0,Online Panel,Hillary Rodham Clinton,DEM,48.94,52.53868006182659,-3.5986800618265917,3.5986800618265917,https://github.com/fivethirtyeight/data/tree/master/pollster-ratings,https://electionlab.mit.edu/data
46676,72970,2016_Pres-G_WA,2016,WA,Ipsos,2016-10-03,2016-11-08,36,341.0,Online Panel,Hillary Rodham Clinton,DEM,50.9,52.53868006182659,-1.6386800618265909,1.6386800618265909,https://github.com/fivethirtyeight/data/tree/master/pollster-ratings,https://electionlab.mit.edu/data
47628,74543,2016_Pres-G_WA,2016,WA,YouGov,2016-10-10,2016-11-08,29,750.0,Online Panel,Hillary Rodham Clinton,DEM,53.0,52.53868006182659,0.46131993817341055,0.46131993817341055,https://github.com/fivethirtyeight/data/tree/master/pollster-ratings,https://electionlab.mit.edu/data
47226,73903,2016_Pres-G_WA,2016,WA,Ipsos,2016-10-13,2016-11-08,26,488.0,Online Panel,Hillary Rodham Clinton,DEM,46.14,52.53868006182659,-6.398680061826589,6.398680061826589,https://github.com/fivethirtyeight/data/tree/master/pollster-ratings,https://electionlab.mit.edu/data
48715,76296,2016_Pres-G_WA,2016,WA,Ipsos,2016-10-30,2016-11-08,9,562.0,Online Panel,Hillary Rodham Clinton,DEM,46.72,52.53868006182659,-5.818680061826591,5.818680061826591,https://github.com/fivethirtyeight/data/tree/master/pollster-ratings,https://electionlab.mit.edu/data
48766,76347,2016_Pres-G_WA,2016,WA,YouGov,2016-10-20,2016-11-08,19,1985.0,Online Panel,Hillary Rodham Clinton,DEM,47.4,52.53868006182659,-5.138680061826591,5.138680061826591,https://github.com/fivethirtyeight/data/tree/master/pollster-ratings,https://electionlab.mit.edu/data
46099,72091,2016_Pres-G_WI,2016,WI,Ipsos,2016-09-15,2016-11-08,54,526.0,Online Panel,Hillary Rodham Clinton,DEM,41.12,46.45384137224266,-5.333841372242659,5.333841372242659,https://github.com/fivethirtyeight/data/tree/master/pollster-ratings,https://electionlab.mit.edu/data
46678,72972,2016_Pres-G_WI,2016,WI,Ipsos,2016-09-29,2016-11-08,40,687.0,Online Panel,Hillary Rodham Clinton,DEM,45.72,46.45384137224266,-0.733841372242658,0.733841372242658,https://github.com/fivethirtyeight/data/tree/master/pollster-ratings,https://electionlab.mit.edu/data
46569,72848,2016_Pres-G_WI,2016,WI,YouGov,2016-10-06,2016-11-08,33,993.0,Live Phone/Online Panel,Hillary Rodham Clinton,DEM,43.0,46.45384137224266,-3.453841372242657,3.453841372242657,https://github.com/fivethirtyeight/data/tree/master/pollster-ratings,https://electionlab.mit.edu/data
47228,73905,2016_Pres-G_WI,2016,WI,Ipsos,2016-10-13,2016-11-08,26,470.0,Online Panel,Hillary Rodham Clinton,DEM,45.38,46.45384137224266,-1.0738413722426543,1.0738413722426543,https://github.com/fivethirtyeight/data/tree/master/pollster-ratings,https://electionlab.mit.edu/data
48717,76298,2016_Pres-G_WI,2016,WI,Ipsos,2016-10-30,2016-11-08,9,625.0,Online Panel,Hillary Rodham Clinton,DEM,45.92,46.45384137224266,-0.5338413722426552,0.5338413722426552,https://github.com/fivethirtyeight/data/tree/master/pollster-ratings,https://electionlab.mit.edu/data
48768,76349,2016_Pres-G_WI,2016,WI,YouGov,2016-10-20,2016-11-08,19,1794.0,Online Panel,Hillary Rodham Clinton,DEM,42.2,46.45384137224266,-4.253841372242654,4.253841372242654,https://github.com/fivethirtyeight/data/tree/master/pollster-ratings,https://electionlab.mit.edu/data
46379,72507,2016_Pres-G_WV,2016,WV,Ipsos,2016-09-19,2016-11-08,50,173.0,Online Panel,Hillary Rodham Clinton,DEM,33.12,26.426080907249627,6.69391909275037,6.69391909275037,https://github.com/fivethirtyeight/data/tree/master/pollster-ratings,https://electionlab.mit.edu/data
47227,73904,2016_Pres-G_WV,2016,WV,Ipsos,2016-10-10,2016-11-08,29,129.0,Online Panel,Hillary Rodham Clinton,DEM,39.5,26.426080907249627,13.073919092750373,13.073919092750373,https://github.com/fivethirtyeight/data/tree/master/pollster-ratings,https://electionlab.mit.edu/data
48716,76297,2016_Pres-G_WV,2016,WV,Ipsos,2016-10-30,2016-11-08,9,180.0,Online Panel,Hillary Rodham Clinton,DEM,34.22,26.426080907249627,7.793919092750372,7.793919092750372,https://github.com/fivethirtyeight/data/tree/master/pollster-ratings,https://electionlab.mit.edu/data
48767,76348,2016_Pres-G_WV,2016,WV,YouGov,2016-10-20,2016-11-08,19,472.0,Online Panel,Hillary Rodham Clinton,DEM,25.7,26.426080907249627,-0.7260809072496279,0.7260809072496279,https://github.com/fivethirtyeight/data/tree/master/pollster-ratings,https://electionlab.mit.edu/data
48769,76350,2016_Pres-G_WY,2016,WY,YouGov,2016-10-20,2016-11-08,19,151.0,Online Panel,Hillary Rodham Clinton,DEM,26.2,21.87735734749793,4.3226426525020685,4.3226426525020685,https://github.com/fivethirtyeight/data/tree/master/pollster-ratings,https://electionlab.mit.edu/data
29507,35107,2012_Pres-G_AZ,2012,AZ,YouGov,2012-09-11,2012-11-06,56,628.0,Online Panel,Barack Obama,DEM,41.0,44.58976694179938,-3.5897669417993825,3.5897669417993825,https://github.com/fivethirtyeight/data/tree/master/pollster-ratings,https://electionlab.mit.edu/data
30051,35955,2012_Pres-G_AZ,2012,AZ,YouGov,2012-10-08,2012-11-06,29,469.0,Online Panel,Barack Obama,DEM,43.0,44.58976694179938,-1.5897669417993825,1.5897669417993825,https://github.com/fivethirtyeight/data/tree/master/pollster-ratings,https://electionlab.mit.edu/data
30685,36956,2012_Pres-G_AZ,2012,AZ,YouGov,2012-11-02,2012-11-06,4,702.0,Online Panel,Barack Obama,DEM,44.0,44.58976694179938,-0.5897669417993825,0.5897669417993825,https://github.com/fivethirtyeight/data/tree/master/pollster-ratings,https://electionlab.mit.edu/data
29483,35065,2012_Pres-G_CA,2012,CA,YouGov,2012-09-11,2012-11-06,56,1361.0,Online Panel,Barack Obama,DEM,56.0,60.23895914168964,-4.238959141689641,4.238959141689641,https://github.com/fivethirtyeight/data/tree/master/pollster-ratings,https://electionlab.mit.edu/data
30046,35945,2012_Pres-G_CA,2012,CA,YouGov,2012-10-08,2012-11-06,29,1169.0,Online Panel,Barack Obama,DEM,58.0,60.23895914168964,-2.238959141689641,2.238959141689641,https://github.com/fivethirtyeight/data/tree/master/pollster-ratings,https://electionlab.mit.edu/data
30703,36991,2012_Pres-G_CA,2012,CA,YouGov,2012-11-02,2012-11-06,4,1575.0,Online Panel,Barack Obama,DEM,55.0,60.23895914168964,-5.238959141689641,5.238959141689641,https://github.com/fivethirtyeight/data/tree/master/pollster-ratings,https://electionlab.mit.edu/data
29434,35000,2012_Pres-G_CO,2012,CO,YouGov,2012-09-11,2012-11-06,56,707.0,Online Panel,Barack Obama,DEM,50.0,51.49214523168122,-1.4921452316812207,1.4921452316812207,https://github.com/fivethirtyeight/data/tree/master/pollster-ratings,https://electionlab.mit.edu/data
29441,35012,2012_Pres-G_CO,2012,CO,Marist,2012-09-17,2012-11-06,50,971.0,Live Phone,Barack Obama,DEM,50.0,51.49214523168122,-1.4921452316812207,1.4921452316812207,https://github.com/fivethirtyeight/data/tree/master/pollster-ratings,https://electionlab.mit.edu/data
30035,35922,2012_Pres-G_CO,2012,CO,YouGov,2012-10-08,2012-11-06,29,527.0,Online Panel,Barack Obama,DEM,48.0,51.49214523168122,-3.4921452316812207,3.4921452316812207,https://github.com/fivethirtyeight/data/tree/master/pollster-ratings,https://electionlab.mit.edu/data
30316,36347,2012_Pres-G_CO,2012,CO,Marist,2012-10-23,2012-11-06,14,1128.0,Live Phone,Barack Obama,DEM,48.0,51.49214523168122,-3.4921452316812207,3.4921452316812207,https://github.com/fivethirtyeight/data/tree/master/pollster-ratings,https://electionlab.mit.edu/data
30603,36803,2012_Pres-G_CO,2012,CO,Ipsos,2012-11-01,2012-11-06,5,1052.0,Online Panel,Barack Obama,DEM,46.0,51.49214523168122,-5.492145231681221,5.492145231681221,https://github.com/fivethirtyeight/data/tree/master/pollster-ratings,https://electionlab.mit.edu/data
30604,36804,2012_Pres-G_CO,2012,CO,Ipsos,2012-11-01,2012-11-06,5,1226.0,Online Panel,Barack Obama,DEM,43.0,51.49214523168122,-8.49214523168122,8.49214523168122,https://github.com/fivethirtyeight/data/tree/master/pollster-ratings,https://electionlab.mit.edu/data
30712,37008,2012_Pres-G_CO,2012,CO,YouGov,2012-11-02,2012-11-06,4,752.0,Online Panel,Barack Obama,DEM,48.0,51.49214523168122,-3.4921452316812207,3.4921452316812207,https://github.com/fivethirtyeight/data/tree/master/pollster-ratings,https://electionlab.mit.edu/data
30787,37141,2012_Pres-G_CO,2012,CO,Ipsos,2012-11-04,2012-11-06,2,774.0,Online Panel,Barack Obama,DEM,48.0,51.49214523168122,-3.4921452316812207,3.4921452316812207,https://github.com/fivethirtyeight/data/tree/master/pollster-ratings,https://electionlab.mit.edu/data
29496,35086,2012_Pres-G_CT,2012,CT,YouGov,2012-09-11,2012-11-06,56,634.0,Online Panel,Barack Obama,DEM,53.0,58.05684558936727,-5.056845589367271,5.056845589367271,https://github.com/fivethirtyeight/data/tree/master/pollster-ratings,https://electionlab.mit.edu/data
30042,35992,2012_Pres-G_CT,2012,CT,YouGov,2012-10-08,2012-11-06,29,434.0,Online Panel,Barack Obama,DEM,53.0,58.05684558936727,-5.056845589367271,5.056845589367271,https://github.com/fivethirtyeight/data/tree/master/pollster-ratings,https://electionlab.mit.edu/data
30702,36989,2012_Pres-G_CT,2012,CT,YouGov,2012-11-02,2012-11-06,4,895.0,Online Panel,Barack Obama,DEM,54.0,58.05684558936727,-4.056845589367271,4.056845589367271,https://github.com/fivethirtyeight/data/tree/master/pollster-ratings,https://electionlab.mit.edu/data
19100,24420,2012_Pres-G_FL,2012,FL,Marist,2012-09-10,2012-11-06,57,980.0,Live Phone,Barack Obama,DEM,49.0,50.007865068698685,-1.0078650686986848,1.0078650686986848,https://github.com/fivethirtyeight/data/tree/master/pollster-ratings,https://electionlab.mit.edu/data
29429,34992,2012_Pres-G_FL,2012,FL,YouGov,2012-09-11,2012-11-06,56,1415.0,Online Panel,Barack Obama,DEM,49.0,50.007865068698685,-1.0078650686986848,1.0078650686986848,https://github.com/fivethirtyeight/data/tree/master/pollster-ratings,https://electionlab.mit.edu/data
29724,35441,2012_Pres-G_FL,2012,FL,Marist,2012-09-30,2012-11-06,37,890.0,Live Phone,Barack Obama,DEM,47.0,50.007865068698685,-3.0078650686986848,3.0078650686986848,https://github.com/fivethirtyeight/data/tree/master/pollster-ratings,https://electionlab.mit.edu/data
29922,35740,2012_Pres-G_FL,2012,FL,Marist,2012-10-08,2012-11-06,29,988.0,Live Phone,Barack Obama,DEM,48.0,50.007865068698685,-2.0078650686986848,2.0078650686986848,https://github.com/fivethirtyeight/data/tree/master/pollster-ratings,https://electionlab.mit.edu/data
30036,35931,2012_Pres-G_FL,2012,FL,YouGov,2012-10-08,2012-11-06,29,1244.0,Online Panel,Barack Obama,DEM,48.0,50.007865068698685,-2.0078650686986848,2.0078650686986848,https://github.com/fivethirtyeight/data/tree/master/pollster-ratings,https://electionlab.mit.edu/data
30629,36839,2012_Pres-G_FL,2012,FL,Marist,2012-10-31,2012-11-06,6,1545.0,Live Phone,Barack Obama,DEM,49.0,50.007865068698685,-1.0078650686986848,1.0078650686986848,https://github.com/fivethirtyeight/data/tree/master/pollster-ratings,https://electionlab.mit.edu/data
30601,36799,2012_Pres-G_FL,2012,FL,Ipsos,2012-11-01,2012-11-06,5,985.0,Online Panel,Barack Obama,DEM,48.0,50.007865068698685,-2.0078650686986848,2.0078650686986848,https://github.com/fivethirtyeight/data/tree/master/pollster-ratings,https://electionlab.mit.edu/data
30602,36801,2012_Pres-G_FL,2012,FL,Ipsos,2012-11-01,2012-11-06,5,1319.0,Online Panel,Barack Obama,DEM,46.0,50.007865068698685,-4.007865068698685,4.007865068698685,https://github.com/fivethirtyeight/data/tree/master/pollster-ratings,https://electionlab.mit.edu/data
30711,37006,2012_Pres-G_FL,2012,FL,YouGov,2012-11-02,2012-11-06,4,1621.0,Online Panel,Barack Obama,DEM,47.0,50.007865068698685,-3.0078650686986848,3.0078650686986848,https://github.com/fivethirtyeight/data/tree/master/pollster-ratings,https://electionlab.mit.edu/data
30785,37135,2012_Pres-G_FL,2012,FL,Ipsos,2012-11-04,2012-11-06,2,769.0,Online Panel,Barack Obama,DEM,47.0,50.007865068698685,-3.0078650686986848,3.0078650686986848,https://github.com/fivethirtyeight/data/tree/master/pollster-ratings,https://electionlab.mit.edu/data
29476,35058,2012_Pres-G_GA,2012,GA,YouGov,2012-09-11,2012-11-06,56,1020.0,Online Panel,Barack Obama,DEM,44.0,45.48216048512199,-1.4821604851219874,1.4821604851219874,https://github.com/fivethirtyeight/data/tree/master/pollster-ratings,https://electionlab.mit.edu/data
30052,35957,2012_Pres-G_GA,2012,GA,YouGov,2012-10-08,2012-11-06,29,777.0,Online Panel,Barack Obama,DEM,44.0,45.48216048512199,-1.4821604851219874,1.4821604851219874,https://github.com/fivethirtyeight/data/tree/master/pollster-ratings,https://electionlab.mit.edu/data
30687,36960,2012_Pres-G_GA,2012,GA,YouGov,2012-11-02,2012-11-06,4,1070.0,Online Panel,Barack Obama,DEM,44.0,45.48216048512199,-1.4821604851219874,1.4821604851219874,https://github.com/fivethirtyeight/data/tree/master/pollster-ratings,https://electionlab.mit.edu/data
29430,34994,2012_Pres-G_IA,2012,IA,YouGov,2012-09-11,2012-11-06,56,700.0,Online Panel,Barack Obama,DEM,48.0,51.98801653414908,-3.9880165341490823,3.9880165341490823,https://github.com/fivethirtyeight/data/tree/master/pollster-ratings,https://electionlab.mit.edu/data
29444,35015,2012_Pres-G_IA,2012,IA,Marist,2012-09-17,2012-11-06,50,898.0,Live Phone,Barack Obama,DEM,50.0,51.98801653414908,-1.9880165341490823,1.9880165341490823,https://github.com/fivethirtyeight/data/tree/master/pollster-ratings,https://electionlab.mit.edu/data
30037,35924,2012_Pres-G_IA,2012,IA,YouGov,2012-10-08,2012-11-06,29,545.0,Online Panel,Barack Obama,DEM,50.0,51.98801653414908,-1.9880165341490823,1.9880165341490823,https://github.com/fivethirtyeight/data/tree/master/pollster-ratings,https://electionlab.mit.edu/data
30112,36047,2012_Pres-G_IA,2012,IA,Marist,2012-10-16,2012-11-06,21,1137.0,Live Phone,Barack Obama,DEM,51.0,51.98801653414908,-0.9880165341490823,0.9880165341490823,https://github.com/fivethirtyeight/data/tree/master/pollster-ratings,https://electionlab.mit.edu/data
30539,36702,2012_Pres-G_IA,2012,IA,Marist,2012-10-28,2012-11-06,9,1142.0,Live Phone,Barack Obama,DEM,50.0,51.98801653414908,-1.9880165341490823,1.9880165341490823,https://github.com/fivethirtyeight/data/tree/master/pollster-ratings,https://electionlab.mit.edu/data
30710,37004,2012_Pres-G_IA,2012,IA,YouGov,2012-11-02,2012-11-06,4,1040.0,Online Panel,Barack Obama,DEM,48.0,51.98801653414908,-3.9880165341490823,3.9880165341490823,https://github.com/fivethirtyeight/data/tree/master/pollster-ratings,https://electionlab.mit.edu/data
29504,35102,2012_Pres-G_IL,2012,IL,YouGov,2012-09-11,2012-11-06,56,1086.0,Online Panel,Barack Obama,DEM,59.0,57.60213536247709,1.3978646375229076,1.3978646375229076,https://github.com/fivethirtyeight/data/tree/master/pollster-ratings,https://electionlab.mit.edu/data
30047,35947,2012_Pres-G_IL,2012,IL,YouGov,2012-10-08,2012-11-06,29,850.0,Online Panel,Barack Obama,DEM,58.0,57.60213536247709,0.39786463752290757,0.39786463752290757,https://github.com/fivethirtyeight/data/tree/master/pollster-ratings,https://electionlab.mit.edu/data
30701,36987,2012_Pres-G_IL,2012,IL,YouGov,2012-11-02,2012-11-06,4,1126.0,Online Panel,Barack Obama,DEM,57.0,57.60213536247709,-0.6021353624770924,0.6021353624770924,https://github.com/fivethirtyeight/data/tree/master/pollster-ratings,https://electionlab.mit.edu/data
29478,35060,2012_Pres-G_IN,2012,IN,YouGov,2012-09-11,2012-11-06,56,658.0,Online Panel,Barack Obama,DEM,45.0,43.9273029040584,1.0726970959415993,1.0726970959415993,https://github.com/fivethirtyeight/data/tree/master/pollster-ratings,https://electionlab.mit.edu/data
30053,35958,2012_Pres-G_IN,2012,IN,YouGov,2012-10-08,2012-11-06,29,495.0,Online Panel,Barack Obama,DEM,41.0,43.9273029040584,-2.9273029040584007,2.9273029040584007,https://github.com/fivethirtyeight/data/tree/master/pollster-ratings,https://electionlab.mit.edu/data
30688,36961,2012_Pres-G_IN,2012,IN,YouGov,2012-11-02,2012-11-06,4,768.0,Online Panel,Barack Obama,DEM,44.0,43.9273029040584,0.07269709594159934,0.07269709594159934,https://github.com/fivethirtyeight/data/tree/master/pollster-ratings,https://electionlab.mit.edu/data
29480,35062,2012_Pres-G_MA,2012,MA,YouGov,2012-09-11,2012-11-06,56,825.0,Online Panel,Barack Obama,DEM,55.0,60.33830832021647,-5.33830832021647,5.33830832021647,https://github.com/fivethirtyeight/data/tree/master/pollster-ratings,https://electionlab.mit.edu/data
29868,35652,2012_Pres-G_MA,2012,MA,YouGov,2012-10-05,2012-11-06,32,437.0,Online Panel,Barack Obama,DEM,55.0,60.33830832021647,-5.33830832021647,5.33830832021647,https://github.com/fivethirtyeight/data/tree/master/pollster-ratings,https://electionlab.mit.edu/data
30049,35950,2012_Pres-G_MA,2012,MA,YouGov,2012-10-08,2012-11-06,29,669.0,Online Panel,Barack Obama,DEM,55.0,60.33830832021647,-5.33830832021647,5.33830832021647,https://github.com/fivethirtyeight/data/tree/master/pollster-ratings,https://electionlab.mit.edu/data
30700,36985,2012_Pres-G_MA,2012,MA,YouGov,2012-11-02,2012-11-06,4,811.0,Online Panel,Barack Obama,DEM,57.0,60.33830832021647,-3.33830832021647,3.33830832021647,https://github.com/fivethirtyeight/data/tree/master/pollster-ratings,https://electionlab.mit.edu/data
29505,35103,2012_Pres-G_MD,2012,MD,YouGov,2012-09-11,2012-11-06,56,686.0,Online Panel,Barack Obama,DEM,57.0,61.97419077931849,-4.974190779318491,4.974190779318491,https://github.com/fivethirtyeight/data/tree/master/pollster-ratings,https://electionlab.mit.edu/data
30048,35948,2012_Pres-G_MD,2012,MD,YouGov,2012-10-08,2012-11-06,29,498.0,Online Panel,Barack Obama,DEM,58.0,61.97419077931849,-3.9741907793184907,3.9741907793184907,https://github.com/fivethirtyeight/data/tree/master/pollster-ratings,https://electionlab.mit.edu/data
30699,36983,2012_Pres-G_MD,2012,MD,YouGov,2012-11-02,2012-11-06,4,705.0,Online Panel,Barack Obama,DEM,59.0,61.97419077931849,-2.9741907793184907,2.9741907793184907,https://github.com/fivethirtyeight/data/tree/master/pollster-ratings,https://electionlab.mit.edu/data
29426,34986,2012_Pres-G_MI,2012,MI,YouGov,2012-09-11,2012-11-06,56,1114.0,Online Panel,Barack Obama,DEM,51.0,54.20820421051875,-3.208204210518751,3.208204210518751,https://github.com/fivethirtyeight/data/tree/master/pollster-ratings,https://electionlab.mit.edu/data
30060,35973,2012_Pres-G_MI,2012,MI,YouGov,2012-10-08,2012-11-06,29,895.0,Online Panel,Barack Obama,DEM,52.0,54.20820421051875,-2.208204210518751,2.208204210518751,https://github.com/fivethirtyeight/data/tree/master/pollster-ratings,https://electionlab.mit.edu/data
30698,36981,2012_Pres-G_MI,2012,MI,YouGov,2012-11-02,2012-11-06,4,1091.0,Online Panel,Barack Obama,DEM,51.0,54.20820421051875,-3.208204210518751,3.208204210518751,https://github.com/fivethirtyeight/data/tree/master/pollster-ratings,https://electionlab.mit.edu/data
29494,35082,2012_Pres-G_MN,2012,MN,YouGov,2012-09-11,2012-11-06,56,816.0,Online Panel,Barack Obama,DEM,50.0,52.65230315324626,-2.652303153246258,2.652303153246258,https://github.com/fivethirtyeight/data/tree/master/pollster-ratings,https://electionlab.mit.edu/data
30043,35939,2012_Pres-G_MN,2012,MN,YouGov,2012-10-08,2012-11-06,29,683.0,Online Panel,Barack Obama,DEM,52.0,52.65230315324626,-0.6523031532462582,0.6523031532462582,https://github.com/fivethirtyeight/data/tree/master/pollster-ratings,https://electionlab.mit.edu/data
30697,36979,2012_Pres-G_MN,2012,MN,YouGov,2012-11-02,2012-11-06,4,790.0,Online Panel,Barack Obama,DEM,50.0,52.65230315324626,-2.652303153246258,2.652303153246258,https://github.com/fivethirtyeight/data/tree/master/pollster-ratings,https://electionlab.mit.edu/data
29498,35090,2012_Pres-G_MO,2012,MO,YouGov,2012-09-11,2012-11-06,56,734.0,Online Panel,Barack Obama,DEM,43.0,44.38348354545333,-1.3834835454533305,1.3834835454533305,https://github.com/fivethirtyeight/data/tree/master/pollster-ratings,https://electionlab.mit.edu/data
30054,35960,2012_Pres-G_MO,2012,MO,YouGov,2012-10-08,2012-11-06,29,546.0,Online Panel,Barack Obama,DEM,42.0,44.38348354545333,-2.3834835454533305,2.3834835454533305,https://github.com/fivethirtyeight/data/tree/master/pollster-ratings,https://electionlab.mit.edu/data
30689,36963,2012_Pres-G_MO,2012,MO,YouGov,2012-11-02,2012-11-06,4,779.0,Online Panel,Barack Obama,DEM,42.0,44.38348354545333,-2.3834835454533305,2.3834835454533305,https://github.com/fivethirtyeight/data/tree/master/pollster-ratings,https://electionlab.mit.edu/data
29432,34997,2012_Pres-G_NC,2012,NC,YouGov,2012-09-11,2012-11-06,56,1060.0,Online Panel,Barack Obama,DEM,44.0,48.35096857706756,-4.350968577067562,4.350968577067562,https://github.com/fivethirtyeight/data/tree/master/pollster-ratings,https://electionlab.mit.edu/data
29619,35295,2012_Pres-G_NC,2012,NC,Marist,2012-09-24,2012-11-06,43,1035.0,Live Phone,Barack Obama,DEM,48.0,48.35096857706756,-0.3509685770675617,0.3509685770675617,https://github.com/fivethirtyeight/data/tree/master/pollster-ratings,https://electionlab.mit.edu/data
30039,35926,2012_Pres-G_NC,2012,NC,YouGov,2012-10-08,2012-11-06,29,810.0,Online Panel,Barack Obama,DEM,48.0,48.35096857706756,-0.3509685770675617,0.3509685770675617,https://github.com/fivethirtyeight/data/tree/master/pollster-ratings,https://electionlab.mit.edu/data
30709,37003,2012_Pres-G_NC,2012,NC,YouGov,2012-11-02,2012-11-06,4,1500.0,Online Panel,Barack Obama,DEM,47.0,48.35096857706756,-1.3509685770675617,1.3509685770675617,https://github.com/fivethirtyeight/data/tree/master/pollster-ratings,https://electionlab.mit.edu/data
29433,34999,2012_Pres-G_NH,2012,NH,YouGov,2012-09-11,2012-11-06,56,340.0,Online Panel,Barack Obama,DEM,48.0,51.97968415071198,-3.9796841507119822,3.9796841507119822,https://github.com/fivethirtyeight/data/tree/master/pollster-ratings,https://electionlab.mit.edu/data
29623,35299,2012_Pres-G_NH,2012,NH,Marist,2012-09-24,2012-11-06,43,1012.0,Live Phone,Barack Obama,DEM,51.0,51.97968415071198,-0.9796841507119822,0.9796841507119822,https://github.com/fivethirtyeight/data/tree/master/pollster-ratings,https://electionlab.mit.edu/data
30538,36700,2012_Pres-G_NH,2012,NH,Marist,2012-10-28,2012-11-06,9,1013.0,Live Phone,Barack Obama,DEM,49.0,51.97968415071198,-2.9796841507119822,2.9796841507119822,https://github.com/fivethirtyeight/data/tree/master/pollster-ratings,https://electionlab.mit.edu/data
30707,36999,2012_Pres-G_NH,2012,NH,YouGov,2012-11-02,2012-11-06,4,690.0,Online Panel,Barack Obama,DEM,47.0,51.97968415071198,-4.979684150711982,4.979684150711982,https://github.com/fivethirtyeight/data/tree/master/pollster-ratings,https://electionlab.mit.edu/data
29489,35074,2012_Pres-G_NJ,2012,NJ,YouGov,2012-09-11,2012-11-06,56,1040.0,Online Panel,Barack Obama,DEM,52.0,58.3423549106376,-6.342354910637603,6.342354910637603,https://github.com/fivethirtyeight/data/tree/master/pollster-ratings,https://electionlab.mit.edu/data
30044,35941,2012_Pres-G_NJ,2012,NJ,YouGov,2012-10-08,2012-11-06,29,770.0,Online Panel,Barack Obama,DEM,54.0,58.3423549106376,-4.342354910637603,4.342354910637603,https://github.com/fivethirtyeight/data/tree/master/pollster-ratings,https://electionlab.mit.edu/data
30696,36977,2012_Pres-G_NJ,2012,NJ,YouGov,2012-11-02,2012-11-06,4,987.0,Online Panel,Barack Obama,DEM,53.0,58.3423549106376,-5.342354910637603,5.342354910637603,https://github.com/fivethirtyeight/data/tree/master/pollster-ratings,https://electionlab.mit.edu/data
29492,35078,2012_Pres-G_NM,2012,NM,YouGov,2012-09-11,2012-11-06,56,293.0,Online Panel,Barack Obama,DEM,51.0,52.99276052046677,-1.992760520466767,1.992760520466767,https://github.com/fivethirtyeight/data/tree/master/pollster-ratings,https://electionlab.mit.edu/data
30695,36975,2012_Pres-G_NM,2012,NM,YouGov,2012-11-02,2012-11-06,4,650.0,Online Panel,Barack Obama,DEM,49.0,52.99276052046677,-3.992760520466767,3.992760520466767,https://github.com/fivethirtyeight/data/tree/master/pollster-ratings,https://electionlab.mit.edu/data
29431,34995,2012_Pres-G_NV,2012,NV,YouGov,2012-09-11,2012-11-06,56,541.0,Online Panel,Barack Obama,DEM,51.0,52.35624947040056,-1.356249470400563,1.356249470400563,https://github.com/fivethirtyeight/data/tree/master/pollster-ratings,https://electionlab.mit.edu/data
29625,35303,2012_Pres-G_NV,2012,NV,Marist,2012-09-24,2012-11-06,43,984.0,Live Phone,Barack Obama,DEM,49.0,52.35624947040056,-3.356249470400563,3.356249470400563,https://github.com/fivethirtyeight/data/tree/master/pollster-ratings,https://electionlab.mit.edu/data
30038,35933,2012_Pres-G_NV,2012,NV,YouGov,2012-10-08,2012-11-06,29,358.0,Online Panel,Barack Obama,DEM,50.0,52.35624947040056,-2.356249470400563,2.356249470400563,https://github.com/fivethirtyeight/data/tree/master/pollster-ratings,https://electionlab.mit.edu/data
30314,36343,2012_Pres-G_NV,2012,NV,Marist,2012-10-23,2012-11-06,14,1042.0,Live Phone,Barack Obama,DEM,50.0,52.35624947040056,-2.356249470400563,2.356249470400563,https://github.com/fivethirtyeight/data/tree/master/pollster-ratings,https://electionlab.mit.edu/data
30706,36997,2012_Pres-G_NV,2012,NV,YouGov,2012-11-02,2012-11-06,4,732.0,Online Panel,Barack Obama,DEM,49.0,52.35624947040056,-3.356249470400563,3.356249470400563,https://github.com/fivethirtyeight/data/tree/master/pollster-ratings,https://electionlab.mit.edu/data
29502,35098,2012_Pres-G_NY,2012,NY,YouGov,2012-09-11,2012-11-06,56,1403.0,Online Panel,Barack Obama,DEM,58.0,60.760932948702994,-2.760932948702994,2.760932948702994,https://github.com/fivethirtyeight/data/tree/master/pollster-ratings,https://electionlab.mit.edu/data
30050,35953,2012_Pres-G_NY,2012,NY,YouGov,2012-10-08,2012-11-06,29,1142.0,Online Panel,Barack Obama,DEM,59.0,60.760932948702994,-1.7609329487029939,1.7609329487029939,https://github.com/fivethirtyeight/data/tree/master/pollster-ratings,https://electionlab.mit.edu/data
30282,36306,2012_Pres-G_NY,2012,NY,Marist,2012-10-20,2012-11-06,17,565.0,Live Phone,Barack Obama,DEM,61.0,60.760932948702994,0.23906705129700612,0.23906705129700612,https://github.com/fivethirtyeight/data/tree/master/pollster-ratings,https://electionlab.mit.edu/data
30694,36973,2012_Pres-G_NY,2012,NY,YouGov,2012-11-02,2012-11-06,4,1430.0,Online Panel,Barack Obama,DEM,59.0,60.760932948702994,-1.7609329487029939,1.7609329487029939,https://github.com/fivethirtyeight/data/tree/master/pollster-ratings,https://electionlab.mit.edu/data
19102,24422,2012_Pres-G_OH,2012,OH,Marist,2012-09-10,2012-11-06,57,979.0,Live Phone,Barack Obama,DEM,50.0,50.66674765831986,-0.6667476583198635,0.6667476583198635,https://github.com/fivethirtyeight/data/tree/master/pollster-ratings,https://electionlab.mit.edu/data
29425,34983,2012_Pres-G_OH,2012,OH,YouGov,2012-09-11,2012-11-06,56,1036.0,Online Panel,Barack Obama,DEM,47.0,50.66674765831986,-3.6667476583198635,3.6667476583198635,https://github.com/fivethirtyeight/data/tree/master/pollster-ratings,https://electionlab.mit.edu/data
29728,35449,2012_Pres-G_OH,2012,OH,Marist,2012-09-30,2012-11-06,37,931.0,Live Phone,Barack Obama,DEM,51.0,50.66674765831986,0.3332523416801365,0.3332523416801365,https://github.com/fivethirtyeight/data/tree/master/pollster-ratings,https://electionlab.mit.edu/data
29920,35736,2012_Pres-G_OH,2012,OH,Marist,2012-10-08,2012-11-06,29,994.0,Live Phone,Barack Obama,DEM,51.0,50.66674765831986,0.3332523416801365,0.3332523416801365,https://github.com/fivethirtyeight/data/tree/master/pollster-ratings,https://electionlab.mit.edu/data
30057,35967,2012_Pres-G_OH,2012,OH,YouGov,2012-10-08,2012-11-06,29,851.0,Online Panel,Barack Obama,DEM,50.0,50.66674765831986,-0.6667476583198635,0.6667476583198635,https://github.com/fivethirtyeight/data/tree/master/pollster-ratings,https://electionlab.mit.edu/data
30627,36833,2012_Pres-G_OH,2012,OH,Marist,2012-10-31,2012-11-06,6,971.0,Live Phone,Barack Obama,DEM,51.0,50.66674765831986,0.3332523416801365,0.3332523416801365,https://github.com/fivethirtyeight/data/tree/master/pollster-ratings,https://electionlab.mit.edu/data
30599,36795,2012_Pres-G_OH,2012,OH,Ipsos,2012-11-01,2012-11-06,5,1012.0,Online Panel,Barack Obama,DEM,47.0,50.66674765831986,-3.6667476583198635,3.6667476583198635,https://github.com/fivethirtyeight/data/tree/master/pollster-ratings,https://electionlab.mit.edu/data
30600,36797,2012_Pres-G_OH,2012,OH,Ipsos,2012-11-01,2012-11-06,5,1313.0,Online Panel,Barack Obama,DEM,48.0,50.66674765831986,-2.6667476583198635,2.6667476583198635,https://github.com/fivethirtyeight/data/tree/master/pollster-ratings,https://electionlab.mit.edu/data
30705,36995,2012_Pres-G_OH,2012,OH,YouGov,2012-11-02,2012-11-06,4,1620.0,Online Panel,Barack Obama,DEM,49.0,50.66674765831986,-1.6667476583198635,1.6667476583198635,https://github.com/fivethirtyeight/data/tree/master/pollster-ratings,https://electionlab.mit.edu/data
30783,37131,2012_Pres-G_OH,2012,OH,Ipsos,2012-11-04,2012-11-06,2,680.0,Online Panel,Barack Obama,DEM,50.0,50.66674765831986,-0.6667476583198635,0.6667476583198635,https://github.com/fivethirtyeight/data/tree/master/pollster-ratings,https://electionlab.mit.edu/data
29424,34981,2012_Pres-G_PA,2012,PA,YouGov,2012-09-11,2012-11-06,56,1139.0,Online Panel,Barack Obama,DEM,52.0,51.97159378275084,0.028406217249163035,0.028406217249163035,https://github.com/fivethirtyeight/data/tree/master/pollster-ratings,https://electionlab.mit.edu/data
30058,35969,2012_Pres-G_PA,2012,PA,YouGov,2012-10-08,2012-11-06,29,966.0,Online Panel,Barack Obama,DEM,51.0,51.97159378275084,-0.971593782750837,0.971593782750837,https://github.com/fivethirtyeight/data/tree/master/pollster-ratings,https://electionlab.mit.edu/data
30693,36971,2012_Pres-G_PA,2012,PA,YouGov,2012-11-02,2012-11-06,4,1273.0,Online Panel,Barack Obama,DEM,52.0,51.97159378275084,0.028406217249163035,0.028406217249163035,https://github.com/fivethirtyeight/data/tree/master/pollster-ratings,https://electionlab.mit.edu/data
29500,35094,2012_Pres-G_TN,2012,TN,YouGov,2012-09-11,2012-11-06,56,694.0,Online Panel,Barack Obama,DEM,42.0,39.07581499379519,2.9241850062048087,2.9241850062048087,https://github.com/fivethirtyeight/data/tree/master/pollster-ratings,https://electionlab.mit.edu/data
30055,35963,2012_Pres-G_TN,2012,TN,YouGov,2012-10-08,2012-11-06,29,484.0,Online Panel,Barack Obama,DEM,43.0,39.07581499379519,3.9241850062048087,3.9241850062048087,https://github.com/fivethirtyeight/data/tree/master/pollster-ratings,https://electionlab.mit.edu/data
30690,36965,2012_Pres-G_TN,2012,TN,YouGov,2012-11-02,2012-11-06,4,697.0,Online Panel,Barack Obama,DEM,42.0,39.07581499379519,2.9241850062048087,2.9241850062048087,https://github.com/fivethirtyeight/data/tree/master/pollster-ratings,https://electionlab.mit.edu/data
29510,35113,2012_Pres-G_TX,2012,TX,YouGov,2012-09-11,2012-11-06,56,1165.0,Online Panel,Barack Obama,DEM,41.0,41.383358283760856,-0.383358283760856,0.383358283760856,https://github.com/fivethirtyeight/data/tree/master/pollster-ratings,https://electionlab.mit.edu/data
30056,35965,2012_Pres-G_TX,2012,TX,YouGov,2012-10-08,2012-11-06,29,958.0,Online Panel,Barack Obama,DEM,41.0,41.383358283760856,-0.383358283760856,0.383358283760856,https://github.com/fivethirtyeight/data/tree/master/pollster-ratings,https://electionlab.mit.edu/data
30462,36567,2012_Pres-G_TX,2012,TX,YouGov,2012-10-18,2012-11-06,19,540.0,Online Panel,Barack Obama,DEM,39.0,41.383358283760856,-2.383358283760856,2.383358283760856,https://github.com/fivethirtyeight/data/tree/master/pollster-ratings,https://electionlab.mit.edu/data
30691,36967,2012_Pres-G_TX,2012,TX,YouGov,2012-11-02,2012-11-06,4,1563.0,Online Panel,Barack Obama,DEM,38.0,41.383358283760856,-3.383358283760856,3.383358283760856,https://github.com/fivethirtyeight/data/tree/master/pollster-ratings,https://electionlab.mit.edu/data
19098,24406,2012_Pres-G_VA,2012,VA,Marist,2012-09-10,2012-11-06,57,996.0,Live Phone,Barack Obama,DEM,49.0,51.15645679621864,-2.1564567962186416,2.1564567962186416,https://github.com/fivethirtyeight/data/tree/master/pollster-ratings,https://electionlab.mit.edu/data
29428,34990,2012_Pres-G_VA,2012,VA,YouGov,2012-09-11,2012-11-06,56,1047.0,Online Panel,Barack Obama,DEM,48.0,51.15645679621864,-3.1564567962186416,3.1564567962186416,https://github.com/fivethirtyeight/data/tree/master/pollster-ratings,https://electionlab.mit.edu/data
29726,35447,2012_Pres-G_VA,2012,VA,Marist,2012-09-30,2012-11-06,37,969.0,Live Phone,Barack Obama,DEM,48.0,51.15645679621864,-3.1564567962186416,3.1564567962186416,https://github.com/fivethirtyeight/data/tree/master/pollster-ratings,https://electionlab.mit.edu/data
29924,35744,2012_Pres-G_VA,2012,VA,Marist,2012-10-08,2012-11-06,29,981.0,Live Phone,Barack Obama,DEM,47.0,51.15645679621864,-4.156456796218642,4.156456796218642,https://github.com/fivethirtyeight/data/tree/master/pollster-ratings,https://electionlab.mit.edu/data
30040,35935,2012_Pres-G_VA,2012,VA,YouGov,2012-10-08,2012-11-06,29,743.0,Online Panel,Barack Obama,DEM,46.0,51.15645679621864,-5.156456796218642,5.156456796218642,https://github.com/fivethirtyeight/data/tree/master/pollster-ratings,https://electionlab.mit.edu/data
30597,36791,2012_Pres-G_VA,2012,VA,Ipsos,2012-11-01,2012-11-06,5,1065.0,Online Panel,Barack Obama,DEM,48.0,51.15645679621864,-3.1564567962186416,3.1564567962186416,https://github.com/fivethirtyeight/data/tree/master/pollster-ratings,https://electionlab.mit.edu/data
30598,36793,2012_Pres-G_VA,2012,VA,Ipsos,2012-11-01,2012-11-06,5,1197.0,Online Panel,Barack Obama,DEM,49.0,51.15645679621864,-2.1564567962186416,2.1564567962186416,https://github.com/fivethirtyeight/data/tree/master/pollster-ratings,https://electionlab.mit.edu/data
30746,37056,2012_Pres-G_VA,2012,VA,Marist,2012-11-01,2012-11-06,5,1165.0,Live Phone,Barack Obama,DEM,48.0,51.15645679621864,-3.1564567962186416,3.1564567962186416,https://github.com/fivethirtyeight/data/tree/master/pollster-ratings,https://electionlab.mit.edu/data
30708,37001,2012_Pres-G_VA,2012,VA,YouGov,2012-11-02,2012-11-06,4,1497.0,Online Panel,Barack Obama,DEM,48.0,51.15645679621864,-3.1564567962186416,3.1564567962186416,https://github.com/fivethirtyeight/data/tree/master/pollster-ratings,https://electionlab.mit.edu/data
30781,37127,2012_Pres-G_VA,2012,VA,Ipsos,2012-11-04,2012-11-06,2,828.0,Online Panel,Barack Obama,DEM,48.0,51.15645679621864,-3.1564567962186416,3.1564567962186416,https://github.com/fivethirtyeight/data/tree/master/pollster-ratings,https://electionlab.mit.edu/data
29485,35069,2012_Pres-G_WA,2012,WA,YouGov,2012-09-11,2012-11-06,56,880.0,Online Panel,Barack Obama,DEM,53.0,56.16339829967277,-3.163398299672771,3.163398299672771,https://github.com/fivethirtyeight/data/tree/master/pollster-ratings,https://electionlab.mit.edu/data
30045,35943,2012_Pres-G_WA,2012,WA,YouGov,2012-10-08,2012-11-06,29,748.0,Online Panel,Barack Obama,DEM,56.0,56.16339829967277,-0.16339829967277097,0.16339829967277097,https://github.com/fivethirtyeight/data/tree/master/pollster-ratings,https://electionlab.mit.edu/data
30692,36969,2012_Pres-G_WA,2012,WA,YouGov,2012-11-02,2012-11-06,4,837.0,Online Panel,Barack Obama,DEM,54.0,56.16339829967277,-2.163398299672771,2.163398299672771,https://github.com/fivethirtyeight/data/tree/master/pollster-ratings,https://electionlab.mit.edu/data
29427,34988,2012_Pres-G_WI,2012,WI,YouGov,2012-09-11,2012-11-06,56,753.0,Online Panel,Barack Obama,DEM,48.0,52.77616253515459,-4.77616253515459,4.77616253515459,https://github.com/fivethirtyeight/data/tree/master/pollster-ratings,https://electionlab.mit.edu/data
29447,35020,2012_Pres-G_WI,2012,WI,Marist,2012-09-17,2012-11-06,50,968.0,Live Phone,Barack Obama,DEM,50.0,52.77616253515459,-2.77616253515459,2.77616253515459,https://github.com/fivethirtyeight/data/tree/master/pollster-ratings,https://electionlab.mit.edu/data
30041,35929,2012_Pres-G_WI,2012,WI,YouGov,2012-10-08,2012-11-06,29,639.0,Online Panel,Barack Obama,DEM,51.0,52.77616253515459,-1.7761625351545902,1.7761625351545902,https://github.com/fivethirtyeight/data/tree/master/pollster-ratings,https://electionlab.mit.edu/data
30114,36049,2012_Pres-G_WI,2012,WI,Marist,2012-10-16,2012-11-06,21,1013.0,Live Phone,Barack Obama,DEM,51.0,52.77616253515459,-1.7761625351545902,1.7761625351545902,https://github.com/fivethirtyeight/data/tree/master/pollster-ratings,https://electionlab.mit.edu/data
30534,36695,2012_Pres-G_WI,2012,WI,Marist,2012-10-28,2012-11-06,9,1065.0,Live Phone,Barack Obama,DEM,49.0,52.77616253515459,-3.77616253515459,3.77616253515459,https://github.com/fivethirtyeight/data/tree/master/pollster-ratings,https://electionlab.mit.edu/data
30704,36993,2012_Pres-G_WI,2012,WI,YouGov,2012-11-02,2012-11-06,4,1225.0,Online Panel,Barack Obama,DEM,50.0,52.77616253515459,-2.77616253515459,2.77616253515459,https://github.com/fivethirtyeight/data/tree/master/pollster-ratings,https://electionlab.mit.edu/data
68553,128332,2020_Pres-G_US,2020,US,YouGov,2020-09-07,2020-11-03,57,1057.0,Online Panel,Joe Biden,DEM,52.0,51.06781524282115,0.9321847571788524,0.9321847571788524,https://github.com/fivethirtyeight/data/tree/master/pollster-ratings,https://electionlab.mit.edu/data
68539,128314,2020_Pres-G_US,2020,US,Ipsos,2020-09-05,2020-11-03,59,823.0,Probability Panel,Joe Biden,DEM,52.0,51.06781524282115,0.9321847571788524,0.9321847571788524,https://github.com/fivethirtyeight/data/tree/master/pollster-ratings,https://electionlab.mit.edu/data
69412,129269,2020_Pres-G_US,2020,US,YouGov,2020-09-10,2020-11-03,54,1216.0,Online Panel,Joe Biden,DEM,49.0,51.06781524282115,-2.0678152428211476,2.0678152428211476,https://github.com/fivethirtyeight/data/tree/master/pollster-ratings,https://electionlab.mit.edu/data
69478,129407,2020_Pres-G_US,2020,US,YouGov,2020-09-14,2020-11-03,50,1062.0,Online Panel,Joe Biden,DEM,51.0,51.06781524282115,-0.06781524282114759,0.06781524282114759,https://github.com/fivethirtyeight/data/tree/master/pollster-ratings,https://electionlab.mit.edu/data
69482,129430,2020_Pres-G_US,2020,US,Ipsos,2020-09-13,2020-11-03,51,859.0,Probability Panel,Joe Biden,DEM,50.0,51.06781524282115,-1.0678152428211476,1.0678152428211476,https://github.com/fivethirtyeight/data/tree/master/pollster-ratings,https://electionlab.mit.edu/data
69541,129556,2020_Pres-G_US,2020,US,Marist,2020-09-13,2020-11-03,51,723.0,Live Phone,Joe Biden,DEM,49.0,51.06781524282115,-2.0678152428211476,2.0678152428211476,https://github.com/fivethirtyeight/data/tree/master/pollster-ratings,https://electionlab.mit.edu/data
69548,129572,2020_Pres-G_US,2020,US,Ipsos,2020-09-16,2020-11-03,48,834.0,Probability Panel,Joe Biden,DEM,51.0,51.06781524282115,-0.06781524282114759,0.06781524282114759,https://github.com/fivethirtyeight/data/tree/master/pollster-ratings,https://electionlab.mit.edu/data
69549,129578,2020_Pres-G_US,2020,US,YouGov,2020-09-16,2020-11-03,48,1223.0,Online Panel,Joe Biden,DEM,47.0,51.06781524282115,-4.067815242821148,4.067815242821148,https://github.com/fivethirtyeight/data/tree/master/pollster-ratings,https://electionlab.mit.edu/data
70781,132422,2020_Pres-G_US,2020,US,Ipsos,2020-09-16,2020-11-03,48,2006.0,Probability Panel,Joe Biden,DEM,47.0,51.06781524282115,-4.067815242821148,4.067815242821148,https://github.com/fivethirtyeight/data/tree/master/pollster-ratings,https://electionlab.mit.edu/data
69689,129917,2020_Pres-G_US,2020,US,YouGov,2020-09-21,2020-11-03,43,1124.0,Online Panel,Joe Biden,DEM,49.0,51.06781524282115,-2.0678152428211476,2.0678152428211476,https://github.com/fivethirtyeight/data/tree/master/pollster-ratings,https://electionlab.mit.edu/data
69980,130323,2020_Pres-G_US,2020,US,Ipsos,2020-09-20,2020-11-03,44,889.0,Probability Panel,Joe Biden,DEM,50.0,51.06781524282115,-1.0678152428211476,1.0678152428211476,https://github.com/fivethirtyeight/data/tree/master/pollster-ratings,https://electionlab.mit.edu/data
70110,130618,2020_Pres-G_US,2020,US,YouGov,2020-09-18,2020-11-03,46,2000.0,Online Panel,Joe Biden,DEM,53.2,51.06781524282115,2.1321847571788553,2.1321847571788553,https://github.com/fivethirtyeight/data/tree/master/pollster-ratings,https://electionlab.mit.edu/data
69953,130269,2020_Pres-G_US,2020,US,YouGov,2020-09-22,2020-11-03,42,1125.0,Online Panel,Joe Biden,DEM,49.0,51.06781524282115,-2.0678152428211476,2.0678152428211476,https://github.com/fivethirtyeight/data/tree/master/pollster-ratings,https://electionlab.mit.edu/data
69986,130337,2020_Pres-G_US,2020,US,Ipsos,2020-09-23,2020-11-03,41,934.0,Probability Panel,Joe Biden,DEM,50.0,51.06781524282115,-1.0678152428211476,1.0678152428211476,https://github.com/fivethirtyeight/data/tree/master/pollster-ratings,https://electionlab.mit.edu/data
70075,130545,2020_Pres-G_US,2020,US,Ipsos,2020-09-27,2020-11-03,37,864.0,Probability Panel,Joe Biden,DEM,51.0,51.06781524282115,-0.06781524282114759,0.06781524282114759,https://github.com/fivethirtyeight/data/tree/master/pollster-ratings,https://electionlab.mit.edu/data
70071,130535,2020_Pres-G_US,2020,US,YouGov,2020-09-29,2020-11-03,35,1350.0,Online Panel,Joe Biden,DEM,50.0,51.06781524282115,-1.0678152428211476,1.0678152428211476,https://github.com/fivethirtyeight/data/tree/master/pollster-ratings,https://electionlab.mit.edu/data
70111,130621,2020_Pres-G_US,2020,US,Ipsos,2020-09-30,2020-11-03,34,882.0,Probability Panel,Joe Biden,DEM,50.0,51.06781524282115,-1.0678152428211476,1.0678152428211476,https://github.com/fivethirtyeight/data/tree/master/pollster-ratings,https://electionlab.mit.edu/data
70552,131605,2020_Pres-G_US,2020,US,YouGov,2020-10-01,2020-11-03,33,1345.0,Online Panel,Joe Biden,DEM,48.0,51.06781524282115,-3.0678152428211476,3.0678152428211476,https://github.com/fivethirtyeight/data/tree/master/pollster-ratings,https://electionlab.mit.edu/data
70546,131592,2020_Pres-G_US,2020,US,Ipsos,2020-10-02,2020-11-03,32,596.0,Probability Panel,Joe Biden,DEM,51.0,51.06781524282115,-0.06781524282114759,0.06781524282114759,https://github.com/fivethirtyeight/data/tree/master/pollster-ratings,https://electionlab.mit.edu/data
70637,132083,2020_Pres-G_US,2020,US,YouGov,2020-10-05,2020-11-03,29,1364.0,Online Panel,Joe Biden,DEM,51.0,51.06781524282115,-0.06781524282114759,0.06781524282114759,https://github.com/fivethirtyeight/data/tree/master/pollster-ratings,https://electionlab.mit.edu/data
70621,132051,2020_Pres-G_US,2020,US,Ipsos,2020-10-04,2020-11-03,30,882.0,Probability Panel,Joe Biden,DEM,52.0,51.06781524282115,0.9321847571788524,0.9321847571788524,https://github.com/fivethirtyeight/data/tree/master/pollster-ratings,https://electionlab.mit.edu/data
70705,132258,2020_Pres-G_US,2020,US,Ipsos,2020-10-07,2020-11-03,27,882.0,Probability Panel,Joe Biden,DEM,53.0,51.06781524282115,1.9321847571788524,1.9321847571788524,https://github.com/fivethirtyeight/data/tree/master/pollster-ratings,https://electionlab.mit.edu/data
71448,133813,2020_Pres-G_US,2020,US,Ipsos,2020-09-30,2020-11-03,34,2004.0,Probability Panel,Joe Biden,DEM,46.2,51.06781524282115,-4.867815242821145,4.867815242821145,https://github.com/fivethirtyeight/data/tree/master/pollster-ratings,https://electionlab.mit.edu/data
70742,132340,2020_Pres-G_US,2020,US,YouGov,2020-10-10,2020-11-03,24,1366.0,Online Panel,Joe Biden,DEM,51.0,51.06781524282115,-0.06781524282114759,0.06781524282114759,https://github.com/fivethirtyeight/data/tree/master/pollster-ratings,https://electionlab.mit.edu/data
70989,132844,2020_Pres-G_US,2020,US,YouGov,2020-10-12,2020-11-03,22,1333.0,Online Panel,Joe Biden,DEM,52.0,51.06781524282115,0.9321847571788524,0.9321847571788524,https://github.com/fivethirtyeight/data/tree/master/pollster-ratings,https://electionlab.mit.edu/data
71009,132887,2020_Pres-G_US,2020,US,Ipsos,2020-10-11,2020-11-03,23,882.0,Probability Panel,Joe Biden,DEM,51.0,51.06781524282115,-0.06781524282114759,0.06781524282114759,https://github.com/fivethirtyeight/data/tree/master/pollster-ratings,https://electionlab.mit.edu/data
71100,133102,2020_Pres-G_US,2020,US,Marist,2020-10-10,2020-11-03,24,896.0,Live Phone,Joe Biden,DEM,54.0,51.06781524282115,2.9321847571788524,2.9321847571788524,https://github.com/fivethirtyeight/data/tree/master/pollster-ratings,https://electionlab.mit.edu/data
71234,133372,2020_Pres-G_US,2020,US,Ipsos,2020-10-14,2020-11-03,20,920.0,Probability Panel,Joe Biden,DEM,51.0,51.06781524282115,-0.06781524282114759,0.06781524282114759,https://github.com/fivethirtyeight/data/tree/master/pollster-ratings,https://electionlab.mit.edu/data
71373,133650,2020_Pres-G_US,2020,US,YouGov,2020-10-17,2020-11-03,17,1465.0,Online Panel,Joe Biden,DEM,51.0,51.06781524282115,-0.06781524282114759,0.06781524282114759,https://github.com/fivethirtyeight/data/tree/master/pollster-ratings,https://electionlab.mit.edu/data
71542,134013,2020_Pres-G_US,2020,US,YouGov,2020-10-19,2020-11-03,15,1344.0,Online Panel,Joe Biden,DEM,52.0,51.06781524282115,0.9321847571788524,0.9321847571788524,https://github.com/fivethirtyeight/data/tree/master/pollster-ratings,https://electionlab.mit.edu/data
71624,134181,2020_Pres-G_US,2020,US,Ipsos,2020-10-18,2020-11-03,16,949.0,Probability Panel,Joe Biden,DEM,51.0,51.06781524282115,-0.06781524282114759,0.06781524282114759,https://github.com/fivethirtyeight/data/tree/master/pollster-ratings,https://electionlab.mit.edu/data
71816,134596,2020_Pres-G_US,2020,US,Ipsos,2020-10-21,2020-11-03,13,935.0,Probability Panel,Joe Biden,DEM,51.0,51.06781524282115,-0.06781524282114759,0.06781524282114759,https://github.com/fivethirtyeight/data/tree/master/pollster-ratings,https://electionlab.mit.edu/data
71973,134919,2020_Pres-G_US,2020,US,YouGov,2020-10-24,2020-11-03,10,1350.0,Online Panel,Joe Biden,DEM,54.0,51.06781524282115,2.9321847571788524,2.9321847571788524,https://github.com/fivethirtyeight/data/tree/master/pollster-ratings,https://electionlab.mit.edu/data
72313,135667,2020_Pres-G_US,2020,US,YouGov,2020-10-23,2020-11-03,11,2000.0,Online Panel,Joe Biden,DEM,53.9,51.06781524282115,2.832184757178851,2.832184757178851,https://github.com/fivethirtyeight/data/tree/master/pollster-ratings,https://electionlab.mit.edu/data
72600,136277,2020_Pres-G_US,2020,US,YouGov,2020-10-21,2020-11-03,13,2500.0,Online Panel,Joe Biden,DEM,52.0,51.06781524282115,0.9321847571788524,0.9321847571788524,https://github.com/fivethirtyeight/data/tree/master/pollster-ratings,https://electionlab.mit.edu/data
72083,135153,2020_Pres-G_US,2020,US,YouGov,2020-10-26,2020-11-03,8,1365.0,Online Panel,Joe Biden,DEM,54.0,51.06781524282115,2.9321847571788524,2.9321847571788524,https://github.com/fivethirtyeight/data/tree/master/pollster-ratings,https://electionlab.mit.edu/data
72164,135350,2020_Pres-G_US,2020,US,Ipsos,2020-10-25,2020-11-03,9,825.0,Probability Panel,Joe Biden,DEM,52.0,51.06781524282115,0.9321847571788524,0.9321847571788524,https://github.com/fivethirtyeight/data/tree/master/pollster-ratings,https://electionlab.mit.edu/data
72224,135491,2020_Pres-G_US,2020,US,YouGov,2020-10-24,2020-11-03,10,1500.0,Online Panel,Joe Biden,DEM,52.6,51.06781524282115,1.5321847571788538,1.5321847571788538,https://github.com/fivethirtyeight/data/tree/master/pollster-ratings,https://electionlab.mit.edu/data
72234,135515,2020_Pres-G_US,2020,US,YouGov,2020-10-13,2020-11-03,21,50908.0,Online Panel,Joe Biden,DEM,51.0,51.06781524282115,-0.06781524282114759,0.06781524282114759,https://github.com/fivethirtyeight/data/tree/master/pollster-ratings,https://electionlab.mit.edu/data
72216,135480,2020_Pres-G_US,2020,US,AtlasIntel,2020-10-27,2020-11-03,7,1726.0,Online Panel,Joe Biden,DEM,50.9,51.06781524282115,-0.167815242821149,0.167815242821149,https://github.com/fivethirtyeight/data/tree/master/pollster-ratings,https://electionlab.mit.edu/data
72619,136279,2020_Pres-G_US,2020,US,YouGov,2020-10-31,2020-11-03,3,1360.0,Online Panel,Joe Biden,DEM,53.0,51.06781524282115,1.9321847571788524,1.9321847571788524,https://github.com/fivethirtyeight/data/tree/master/pollster-ratings,https://electionlab.mit.edu/data
72714,136475,2020_Pres-G_US,2020,US,YouGov,2020-11-01,2020-11-03,2,1363.0,Online Panel,Joe Biden,DEM,53.0,51.06781524282115,1.9321847571788524,1.9321847571788524,https://github.com/fivethirtyeight/data/tree/master/pollster-ratings,https://electionlab.mit.edu/data
72717,136487,2020_Pres-G_US,2020,US,Ipsos,2020-11-01,2020-11-03,2,914.0,Probability Panel,Joe Biden,DEM,52.0,51.06781524282115,0.9321847571788524,0.9321847571788524,https://github.com/fivethirtyeight/data/tree/master/pollster-ratings,https://electionlab.mit.edu/data
69423,129303,2020_Pres-G_AZ,2020,AZ,YouGov,2020-09-10,2020-11-03,54,1106.0,Online Panel,Joe Biden,DEM,47.0,49.364690614366616,-2.3646906143666158,2.3646906143666158,https://github.com/fivethirtyeight/data/tree/master/pollster-ratings,https://electionlab.mit.edu/data
69698,129958,2020_Pres-G_AZ,2020,AZ,Ipsos,2020-09-13,2020-11-03,51,565.0,Probability Panel,Joe Biden,DEM,47.0,49.364690614366616,-2.3646906143666158,2.3646906143666158,https://github.com/fivethirtyeight/data/tree/master/pollster-ratings,https://electionlab.mit.edu/data
70651,132117,2020_Pres-G_AZ,2020,AZ,Ipsos,2020-10-03,2020-11-03,31,633.0,Probability Panel,Joe Biden,DEM,48.0,49.364690614366616,-1.3646906143666158,1.3646906143666158,https://github.com/fivethirtyeight/data/tree/master/pollster-ratings,https://electionlab.mit.edu/data
71007,132903,2020_Pres-G_AZ,2020,AZ,Ipsos,2020-10-11,2020-11-03,23,667.0,Probability Panel,Joe Biden,DEM,49.0,49.364690614366616,-0.36469061436661576,0.36469061436661576,https://github.com/fivethirtyeight/data/tree/master/pollster-ratings,https://electionlab.mit.edu/data
71295,133500,2020_Pres-G_AZ,2020,AZ,YouGov,2020-10-15,2020-11-03,19,1074.0,Online Panel,Joe Biden,DEM,50.0,49.364690614366616,0.6353093856333842,0.6353093856333842,https://github.com/fivethirtyeight/data/tree/master/pollster-ratings,https://electionlab.mit.edu/data
71621,134171,2020_Pres-G_AZ,2020,AZ,Ipsos,2020-10-18,2020-11-03,16,658.0,Probability Panel,Joe Biden,DEM,50.0,49.364690614366616,0.6353093856333842,0.6353093856333842,https://github.com/fivethirtyeight/data/tree/master/pollster-ratings,https://electionlab.mit.edu/data
72166,135357,2020_Pres-G_AZ,2020,AZ,Ipsos,2020-10-24,2020-11-03,10,714.0,Probability Panel,Joe Biden,DEM,47.0,49.364690614366616,-2.3646906143666158,2.3646906143666158,https://github.com/fivethirtyeight/data/tree/master/pollster-ratings,https://electionlab.mit.edu/data
72500,136058,2020_Pres-G_AZ,2020,AZ,AtlasIntel,2020-10-30,2020-11-03,4,641.0,Online Panel,Joe Biden,DEM,48.1,49.364690614366616,-1.2646906143666143,1.2646906143666143,https://github.com/fivethirtyeight/data/tree/master/pollster-ratings,https://electionlab.mit.edu/data
72649,136324,2020_Pres-G_AZ,2020,AZ,Marist,2020-10-31,2020-11-03,3,717.0,Live Phone,Joe Biden,DEM,48.0,49.364690614366616,-1.3646906143666158,1.3646906143666158,https://github.com/fivethirtyeight/data/tree/master/pollster-ratings,https://electionlab.mit.edu/data
72653,136342,2020_Pres-G_AZ,2020,AZ,Ipsos,2020-10-30,2020-11-03,4,610.0,Probability Panel,Joe Biden,DEM,50.0,49.364690614366616,0.6353093856333842,0.6353093856333842,https://github.com/fivethirtyeight/data/tree/master/pollster-ratings,https://electionlab.mit.edu/data
71368,133643,2020_Pres-G_CO,2020,CO,YouGov,2020-10-07,2020-11-03,27,800.0,Online Panel,Joe Biden,DEM,47.0,55.3995419069199,-8.3995419069199,8.3995419069199,https://github.com/fivethirtyeight/data/tree/master/pollster-ratings,https://electionlab.mit.edu/data
69699,129959,2020_Pres-G_FL,2020,FL,Ipsos,2020-09-13,2020-11-03,51,586.0,Probability Panel,Joe Biden,DEM,47.0,47.86145072544223,-0.8614507254422321,0.8614507254422321,https://github.com/fivethirtyeight/data/tree/master/pollster-ratings,https://electionlab.mit.edu/data
69564,129606,2020_Pres-G_FL,2020,FL,YouGov,2020-09-17,2020-11-03,47,1205.0,Online Panel,Joe Biden,DEM,48.0,47.86145072544223,0.1385492745577679,0.1385492745577679,https://github.com/fivethirtyeight/data/tree/master/pollster-ratings,https://electionlab.mit.edu/data
70650,132116,2020_Pres-G_FL,2020,FL,Ipsos,2020-10-03,2020-11-03,31,678.0,Probability Panel,Joe Biden,DEM,49.0,47.86145072544223,1.1385492745577679,1.1385492745577679,https://github.com/fivethirtyeight/data/tree/master/pollster-ratings,https://electionlab.mit.edu/data
71006,132902,2020_Pres-G_FL,2020,FL,Ipsos,2020-10-11,2020-11-03,23,653.0,Probability Panel,Joe Biden,DEM,50.0,47.86145072544223,2.138549274557768,2.138549274557768,https://github.com/fivethirtyeight/data/tree/master/pollster-ratings,https://electionlab.mit.edu/data
71620,134169,2020_Pres-G_FL,2020,FL,Ipsos,2020-10-17,2020-11-03,17,662.0,Probability Panel,Joe Biden,DEM,51.0,47.86145072544223,3.138549274557768,3.138549274557768,https://github.com/fivethirtyeight/data/tree/master/pollster-ratings,https://electionlab.mit.edu/data
71887,134745,2020_Pres-G_FL,2020,FL,YouGov,2020-10-22,2020-11-03,12,1228.0,Online Panel,Joe Biden,DEM,50.0,47.86145072544223,2.138549274557768,2.138549274557768,https://github.com/fivethirtyeight/data/tree/master/pollster-ratings,https://electionlab.mit.edu/data
72330,135696,2020_Pres-G_FL,2020,FL,YouGov,2020-10-21,2020-11-03,13,1200.0,Online Panel,Joe Biden,DEM,48.0,47.86145072544223,0.1385492745577679,0.1385492745577679,https://github.com/fivethirtyeight/data/tree/master/pollster-ratings,https://electionlab.mit.edu/data
72175,135376,2020_Pres-G_FL,2020,FL,Marist,2020-10-26,2020-11-03,8,743.0,Live Phone,Joe Biden,DEM,51.0,47.86145072544223,3.138549274557768,3.138549274557768,https://github.com/fivethirtyeight/data/tree/master/pollster-ratings,https://electionlab.mit.edu/data
72167,135358,2020_Pres-G_FL,2020,FL,Ipsos,2020-10-24,2020-11-03,10,704.0,Probability Panel,Joe Biden,DEM,48.0,47.86145072544223,0.1385492745577679,0.1385492745577679,https://github.com/fivethirtyeight/data/tree/master/pollster-ratings,https://electionlab.mit.edu/data
72519,136089,2020_Pres-G_FL,2020,FL,YouGov,2020-10-13,2020-11-03,21,3755.0,Online Panel,Joe Biden,DEM,49.0,47.86145072544223,1.1385492745577679,1.1385492745577679,https://github.com/fivethirtyeight/data/tree/master/pollster-ratings,https://electionlab.mit.edu/data
72399,135844,2020_Pres-G_FL,2020,FL,AtlasIntel,2020-10-28,2020-11-03,6,786.0,Online Panel,Joe Biden,DEM,48.6,47.86145072544223,0.7385492745577693,0.7385492745577693,https://github.com/fivethirtyeight/data/tree/master/pollster-ratings,https://electionlab.mit.edu/data
72658,136361,2020_Pres-G_FL,2020,FL,Ipsos,2020-10-29,2020-11-03,5,670.0,Probability Panel,Joe Biden,DEM,50.0,47.86145072544223,2.138549274557768,2.138549274557768,https://github.com/fivethirtyeight/data/tree/master/pollster-ratings,https://electionlab.mit.edu/data
69991,130351,2020_Pres-G_GA,2020,GA,YouGov,2020-09-24,2020-11-03,40,1164.0,Online Panel,Joe Biden,DEM,46.0,49.473055784446274,-3.4730557844462737,3.4730557844462737,https://github.com/fivethirtyeight/data/tree/master/pollster-ratings,https://electionlab.mit.edu/data
71888,134746,2020_Pres-G_GA,2020,GA,YouGov,2020-10-22,2020-11-03,12,1090.0,Online Panel,Joe Biden,DEM,49.0,49.473055784446274,-0.4730557844462737,0.4730557844462737,https://github.com/fivethirtyeight/data/tree/master/pollster-ratings,https://electionlab.mit.edu/data
72520,136090,2020_Pres-G_GA,2020,GA,YouGov,2020-10-13,2020-11-03,21,1456.0,Online Panel,Joe Biden,DEM,48.0,49.473055784446274,-1.4730557844462737,1.4730557844462737,https://github.com/fivethirtyeight/data/tree/master/pollster-ratings,https://electionlab.mit.edu/data
72593,136231,2020_Pres-G_GA,2020,GA,AtlasIntel,2020-10-30,2020-11-03,4,679.0,Online Panel,Joe Biden,DEM,46.1,49.473055784446274,-3.3730557844462723,3.3730557844462723,https://github.com/fivethirtyeight/data/tree/master/pollster-ratings,https://electionlab.mit.edu/data
70726,132310,2020_Pres-G_IA,2020,IA,YouGov,2020-10-08,2020-11-03,26,1035.0,Online Panel,Joe Biden,DEM,49.0,44.89171557144218,4.108284428557823,4.108284428557823,https://github.com/fivethirtyeight/data/tree/master/pollster-ratings,https://electionlab.mit.edu/data
71972,134917,2020_Pres-G_MA,2020,MA,YouGov,2020-10-18,2020-11-03,16,713.0,Online Panel,Joe Biden,DEM,64.0,65.6000630059685,-1.6000630059684937,1.6000630059684937,https://github.com/fivethirtyeight/data/tree/master/pollster-ratings,https://electionlab.mit.edu/data
69661,129866,2020_Pres-G_MI,2020,MI,Ipsos,2020-09-13,2020-11-03,51,637.0,Probability Panel,Joe Biden,DEM,49.0,50.62081829082437,-1.6208182908243671,1.6208182908243671,https://github.com/fivethirtyeight/data/tree/master/pollster-ratings,https://electionlab.mit.edu/data
69714,130003,2020_Pres-G_MI,2020,MI,YouGov,2020-09-16,2020-11-03,48,641.0,Online Panel,Joe Biden,DEM,51.0,50.62081829082437,0.3791817091756329,0.3791817091756329,https://github.com/fivethirtyeight/data/tree/master/pollster-ratings,https://electionlab.mit.edu/data
69995,130356,2020_Pres-G_MI,2020,MI,Marist,2020-09-21,2020-11-03,43,799.0,Live Phone,Joe Biden,DEM,52.0,50.62081829082437,1.3791817091756329,1.3791817091756329,https://github.com/fivethirtyeight/data/tree/master/pollster-ratings,https://electionlab.mit.edu/data
70615,132031,2020_Pres-G_MI,2020,MI,Ipsos,2020-10-03,2020-11-03,31,709.0,Probability Panel,Joe Biden,DEM,51.0,50.62081829082437,0.3791817091756329,0.3791817091756329,https://github.com/fivethirtyeight/data/tree/master/pollster-ratings,https://electionlab.mit.edu/data
70724,132308,2020_Pres-G_MI,2020,MI,YouGov,2020-10-08,2020-11-03,26,1190.0,Online Panel,Joe Biden,DEM,52.0,50.62081829082437,1.3791817091756329,1.3791817091756329,https://github.com/fivethirtyeight/data/tree/master/pollster-ratings,https://electionlab.mit.edu/data
70785,132434,2020_Pres-G_MI,2020,MI,Ipsos,2020-10-10,2020-11-03,24,620.0,Probability Panel,Joe Biden,DEM,51.0,50.62081829082437,0.3791817091756329,0.3791817091756329,https://github.com/fivethirtyeight/data/tree/master/pollster-ratings,https://electionlab.mit.edu/data
71462,133969,2020_Pres-G_MI,2020,MI,Ipsos,2020-10-17,2020-11-03,17,686.0,Probability Panel,Joe Biden,DEM,52.0,50.62081829082437,1.3791817091756329,1.3791817091756329,https://github.com/fivethirtyeight/data/tree/master/pollster-ratings,https://electionlab.mit.edu/data
71946,134865,2020_Pres-G_MI,2020,MI,YouGov,2020-10-17,2020-11-03,17,681.0,Online Panel,Joe Biden,DEM,52.0,50.62081829082437,1.3791817091756329,1.3791817091756329,https://github.com/fivethirtyeight/data/tree/master/pollster-ratings,https://electionlab.mit.edu/data
72058,135100,2020_Pres-G_MI,2020,MI,Ipsos,2020-10-23,2020-11-03,11,652.0,Probability Panel,Joe Biden,DEM,53.0,50.62081829082437,2.379181709175633,2.379181709175633,https://github.com/fivethirtyeight/data/tree/master/pollster-ratings,https://electionlab.mit.edu/data
72594,136232,2020_Pres-G_MI,2020,MI,AtlasIntel,2020-10-30,2020-11-03,4,686.0,Online Panel,Joe Biden,DEM,48.3,50.62081829082437,-2.32081829082437,2.32081829082437,https://github.com/fivethirtyeight/data/tree/master/pollster-ratings,https://electionlab.mit.edu/data
72508,136073,2020_Pres-G_MI,2020,MI,Ipsos,2020-10-29,2020-11-03,5,654.0,Probability Panel,Joe Biden,DEM,53.0,50.62081829082437,2.379181709175633,2.379181709175633,https://github.com/fivethirtyeight/data/tree/master/pollster-ratings,https://electionlab.mit.edu/data
69424,129304,2020_Pres-G_MN,2020,MN,YouGov,2020-09-10,2020-11-03,54,1087.0,Online Panel,Joe Biden,DEM,50.0,52.39509930974001,-2.3950993097400115,2.3950993097400115,https://github.com/fivethirtyeight/data/tree/master/pollster-ratings,https://electionlab.mit.edu/data
70777,132398,2020_Pres-G_MO,2020,MO,YouGov,2020-09-30,2020-11-03,34,931.0,Online Panel,Joe Biden,DEM,43.2,41.40878173618836,1.7912182638116434,1.7912182638116434,https://github.com/fivethirtyeight/data/tree/master/pollster-ratings,https://electionlab.mit.edu/data
69662,129867,2020_Pres-G_NC,2020,NC,Ipsos,2020-09-13,2020-11-03,51,586.0,Probability Panel,Joe Biden,DEM,47.0,48.586194188970325,-1.5861941889703246,1.5861941889703246,https://github.com/fivethirtyeight/data/tree/master/pollster-ratings,https://electionlab.mit.edu/data
69992,130352,2020_Pres-G_NC,2020,NC,YouGov,2020-09-24,2020-11-03,40,1213.0,Online Panel,Joe Biden,DEM,48.0,48.586194188970325,-0.5861941889703246,0.5861941889703246,https://github.com/fivethirtyeight/data/tree/master/pollster-ratings,https://electionlab.mit.edu/data
70616,132032,2020_Pres-G_NC,2020,NC,Ipsos,2020-10-03,2020-11-03,31,601.0,Probability Panel,Joe Biden,DEM,47.0,48.586194188970325,-1.5861941889703246,1.5861941889703246,https://github.com/fivethirtyeight/data/tree/master/pollster-ratings,https://electionlab.mit.edu/data
70786,132435,2020_Pres-G_NC,2020,NC,Ipsos,2020-10-10,2020-11-03,24,660.0,Probability Panel,Joe Biden,DEM,48.0,48.586194188970325,-0.5861941889703246,0.5861941889703246,https://github.com/fivethirtyeight/data/tree/master/pollster-ratings,https://electionlab.mit.edu/data
71463,133970,2020_Pres-G_NC,2020,NC,Ipsos,2020-10-17,2020-11-03,17,660.0,Probability Panel,Joe Biden,DEM,49.0,48.586194188970325,0.4138058110296754,0.4138058110296754,https://github.com/fivethirtyeight/data/tree/master/pollster-ratings,https://electionlab.mit.edu/data
71889,134747,2020_Pres-G_NC,2020,NC,YouGov,2020-10-22,2020-11-03,12,1022.0,Online Panel,Joe Biden,DEM,51.0,48.586194188970325,2.4138058110296754,2.4138058110296754,https://github.com/fivethirtyeight/data/tree/master/pollster-ratings,https://electionlab.mit.edu/data
72059,135101,2020_Pres-G_NC,2020,NC,Ipsos,2020-10-24,2020-11-03,10,647.0,Probability Panel,Joe Biden,DEM,49.0,48.586194188970325,0.4138058110296754,0.4138058110296754,https://github.com/fivethirtyeight/data/tree/master/pollster-ratings,https://electionlab.mit.edu/data
72521,136091,2020_Pres-G_NC,2020,NC,YouGov,2020-10-13,2020-11-03,21,1627.0,Online Panel,Joe Biden,DEM,49.0,48.586194188970325,0.4138058110296754,0.4138058110296754,https://github.com/fivethirtyeight/data/tree/master/pollster-ratings,https://electionlab.mit.edu/data
72331,135702,2020_Pres-G_NC,2020,NC,Marist,2020-10-27,2020-11-03,7,800.0,Live Phone,Joe Biden,DEM,52.0,48.586194188970325,3.4138058110296754,3.4138058110296754,https://github.com/fivethirtyeight/data/tree/master/pollster-ratings,https://electionlab.mit.edu/data
72501,136059,2020_Pres-G_NC,2020,NC,AtlasIntel,2020-10-30,2020-11-03,4,812.0,Online Panel,Joe Biden,DEM,47.5,48.586194188970325,-1.0861941889703246,1.0861941889703246,https://github.com/fivethirtyeight/data/tree/master/pollster-ratings,https://electionlab.mit.edu/data
72659,136362,2020_Pres-G_NC,2020,NC,Ipsos,2020-10-29,2020-11-03,5,707.0,Probability Panel,Joe Biden,DEM,49.0,48.586194188970325,0.4138058110296754,0.4138058110296754,https://github.com/fivethirtyeight/data/tree/master/pollster-ratings,https://electionlab.mit.edu/data
70725,132309,2020_Pres-G_NV,2020,NV,YouGov,2020-10-08,2020-11-03,26,1036.0,Online Panel,Joe Biden,DEM,52.0,50.05678195728402,1.9432180427159835,1.9432180427159835,https://github.com/fivethirtyeight/data/tree/master/pollster-ratings,https://electionlab.mit.edu/data
70549,131596,2020_Pres-G_OH,2020,OH,YouGov,2020-10-01,2020-11-03,33,1114.0,Online Panel,Joe Biden,DEM,47.0,45.23933834070503,1.7606616592949678,1.7606616592949678,https://github.com/fivethirtyeight/data/tree/master/pollster-ratings,https://electionlab.mit.edu/data
72657,136347,2020_Pres-G_OH,2020,OH,AtlasIntel,2020-10-29,2020-11-03,5,660.0,Online Panel,Joe Biden,DEM,46.5,45.23933834070503,1.2606616592949678,1.2606616592949678,https://github.com/fivethirtyeight/data/tree/master/pollster-ratings,https://electionlab.mit.edu/data
68532,128302,2020_Pres-G_PA,2020,PA,Marist,2020-09-04,2020-11-03,60,771.0,Live Phone,Joe Biden,DEM,53.0,50.00849567544814,2.9915043245518618,2.9915043245518618,https://github.com/fivethirtyeight/data/tree/master/pollster-ratings,https://electionlab.mit.edu/data
69626,129812,2020_Pres-G_PA,2020,PA,Ipsos,2020-09-13,2020-11-03,51,611.0,Probability Panel,Joe Biden,DEM,49.0,50.00849567544814,-1.0084956754481382,1.0084956754481382,https://github.com/fivethirtyeight/data/tree/master/pollster-ratings,https://electionlab.mit.edu/data
69715,130005,2020_Pres-G_PA,2020,PA,YouGov,2020-09-16,2020-11-03,48,642.0,Online Panel,Joe Biden,DEM,49.0,50.00849567544814,-1.0084956754481382,1.0084956754481382,https://github.com/fivethirtyeight/data/tree/master/pollster-ratings,https://electionlab.mit.edu/data
70548,131595,2020_Pres-G_PA,2020,PA,YouGov,2020-10-01,2020-11-03,33,1187.0,Online Panel,Joe Biden,DEM,51.0,50.00849567544814,0.9915043245518618,0.9915043245518618,https://github.com/fivethirtyeight/data/tree/master/pollster-ratings,https://electionlab.mit.edu/data
70585,131968,2020_Pres-G_PA,2020,PA,Ipsos,2020-10-02,2020-11-03,32,605.0,Probability Panel,Joe Biden,DEM,50.0,50.00849567544814,-0.008495675448138229,0.008495675448138229,https://github.com/fivethirtyeight/data/tree/master/pollster-ratings,https://electionlab.mit.edu/data
70741,132346,2020_Pres-G_PA,2020,PA,Ipsos,2020-10-08,2020-11-03,26,622.0,Probability Panel,Joe Biden,DEM,51.0,50.00849567544814,0.9915043245518618,0.9915043245518618,https://github.com/fivethirtyeight/data/tree/master/pollster-ratings,https://electionlab.mit.edu/data
71379,133666,2020_Pres-G_PA,2020,PA,Ipsos,2020-10-16,2020-11-03,18,653.0,Probability Panel,Joe Biden,DEM,49.0,50.00849567544814,-1.0084956754481382,1.0084956754481382,https://github.com/fivethirtyeight/data/tree/master/pollster-ratings,https://electionlab.mit.edu/data
71947,134866,2020_Pres-G_PA,2020,PA,YouGov,2020-10-17,2020-11-03,17,669.0,Online Panel,Joe Biden,DEM,52.0,50.00849567544814,1.9915043245518618,1.9915043245518618,https://github.com/fivethirtyeight/data/tree/master/pollster-ratings,https://electionlab.mit.edu/data
71976,134926,2020_Pres-G_PA,2020,PA,Ipsos,2020-10-23,2020-11-03,11,655.0,Probability Panel,Joe Biden,DEM,51.0,50.00849567544814,0.9915043245518618,0.9915043245518618,https://github.com/fivethirtyeight/data/tree/master/pollster-ratings,https://electionlab.mit.edu/data
72522,136092,2020_Pres-G_PA,2020,PA,YouGov,2020-10-13,2020-11-03,21,2703.0,Online Panel,Joe Biden,DEM,52.0,50.00849567544814,1.9915043245518618,1.9915043245518618,https://github.com/fivethirtyeight/data/tree/master/pollster-ratings,https://electionlab.mit.edu/data
72475,136002,2020_Pres-G_PA,2020,PA,AtlasIntel,2020-10-29,2020-11-03,5,672.0,Online Panel,Joe Biden,DEM,48.5,50.00849567544814,-1.5084956754481382,1.5084956754481382,https://github.com/fivethirtyeight/data/tree/master/pollster-ratings,https://electionlab.mit.edu/data
72650,136326,2020_Pres-G_PA,2020,PA,Marist,2020-10-31,2020-11-03,3,772.0,Live Phone,Joe Biden,DEM,51.0,50.00849567544814,0.9915043245518618,0.9915043245518618,https://github.com/fivethirtyeight/data/tree/master/pollster-ratings,https://electionlab.mit.edu/data
72507,136070,2020_Pres-G_PA,2020,PA,Ipsos,2020-10-29,2020-11-03,5,673.0,Probability Panel,Joe Biden,DEM,51.0,50.00849567544814,0.9915043245518618,0.9915043245518618,https://github.com/fivethirtyeight/data/tree/master/pollster-ratings,https://electionlab.mit.edu/data
69993,130353,2020_Pres-G_SC,2020,SC,YouGov,2020-09-24,2020-11-03,40,1080.0,Online Panel,Joe Biden,DEM,42.0,43.43008814206178,-1.430088142061777,1.430088142061777,https://github.com/fivethirtyeight/data/tree/master/pollster-ratings,https://electionlab.mit.edu/data
69565,129607,2020_Pres-G_TX,2020,TX,YouGov,2020-09-17,2020-11-03,47,1140.0,Online Panel,Joe Biden,DEM,46.0,46.47900991387051,-0.47900991387051306,0.47900991387051306,https://github.com/fivethirtyeight/data/tree/master/pollster-ratings,https://electionlab.mit.edu/data
70694,132236,2020_Pres-G_TX,2020,TX,YouGov,2020-09-29,2020-11-03,35,908.0,Online Panel,Joe Biden,DEM,45.0,46.47900991387051,-1.479009913870513,1.479009913870513,https://github.com/fivethirtyeight/data/tree/master/pollster-ratings,https://electionlab.mit.edu/data
71955,134881,2020_Pres-G_TX,2020,TX,YouGov,2020-10-17,2020-11-03,17,1000.0,Online Panel,Joe Biden,DEM,44.7,46.47900991387051,-1.7790099138705102,1.7790099138705102,https://github.com/fivethirtyeight/data/tree/master/pollster-ratings,https://electionlab.mit.edu/data
72523,136093,2020_Pres-G_TX,2020,TX,YouGov,2020-10-13,2020-11-03,21,2947.0,Online Panel,Joe Biden,DEM,47.0,46.47900991387051,0.5209900861294869,0.5209900861294869,https://github.com/fivethirtyeight/data/tree/master/pollster-ratings,https://electionlab.mit.edu/data
72592,136230,2020_Pres-G_TX,2020,TX,AtlasIntel,2020-10-30,2020-11-03,4,962.0,Online Panel,Joe Biden,DEM,47.3,46.47900991387051,0.8209900861294841,0.8209900861294841,https://github.com/fivethirtyeight/data/tree/master/pollster-ratings,https://electionlab.mit.edu/data
69627,129813,2020_Pres-G_WI,2020,WI,Ipsos,2020-09-13,2020-11-03,51,609.0,Probability Panel,Joe Biden,DEM,48.0,49.44953686142774,-1.4495368614277382,1.4495368614277382,https://github.com/fivethirtyeight/data/tree/master/pollster-ratings,https://electionlab.mit.edu/data
69716,130007,2020_Pres-G_WI,2020,WI,YouGov,2020-09-16,2020-11-03,48,664.0,Online Panel,Joe Biden,DEM,50.0,49.44953686142774,0.5504631385722618,0.5504631385722618,https://github.com/fivethirtyeight/data/tree/master/pollster-ratings,https://electionlab.mit.edu/data
69996,130357,2020_Pres-G_WI,2020,WI,Marist,2020-09-22,2020-11-03,42,727.0,Live Phone,Joe Biden,DEM,54.0,49.44953686142774,4.550463138572262,4.550463138572262,https://github.com/fivethirtyeight/data/tree/master/pollster-ratings,https://electionlab.mit.edu/data
70584,131967,2020_Pres-G_WI,2020,WI,Ipsos,2020-10-02,2020-11-03,32,601.0,Probability Panel,Joe Biden,DEM,50.0,49.44953686142774,0.5504631385722618,0.5504631385722618,https://github.com/fivethirtyeight/data/tree/master/pollster-ratings,https://electionlab.mit.edu/data
70740,132345,2020_Pres-G_WI,2020,WI,Ipsos,2020-10-08,2020-11-03,26,577.0,Probability Panel,Joe Biden,DEM,52.0,49.44953686142774,2.550463138572262,2.550463138572262,https://github.com/fivethirtyeight/data/tree/master/pollster-ratings,https://electionlab.mit.edu/data
71296,133501,2020_Pres-G_WI,2020,WI,YouGov,2020-10-15,2020-11-03,19,1112.0,Online Panel,Joe Biden,DEM,51.0,49.44953686142774,1.5504631385722618,1.5504631385722618,https://github.com/fivethirtyeight/data/tree/master/pollster-ratings,https://electionlab.mit.edu/data
71380,133667,2020_Pres-G_WI,2020,WI,Ipsos,2020-10-16,2020-11-03,18,663.0,Probability Panel,Joe Biden,DEM,51.0,49.44953686142774,1.5504631385722618,1.5504631385722618,https://github.com/fivethirtyeight/data/tree/master/pollster-ratings,https://electionlab.mit.edu/data
71948,134867,2020_Pres-G_WI,2020,WI,YouGov,2020-10-17,2020-11-03,17,647.0,Online Panel,Joe Biden,DEM,53.0,49.44953686142774,3.550463138572262,3.550463138572262,https://github.com/fivethirtyeight/data/tree/master/pollster-ratings,https://electionlab.mit.edu/data
71975,134927,2020_Pres-G_WI,2020,WI,Ipsos,2020-10-23,2020-11-03,11,664.0,Probability Panel,Joe Biden,DEM,53.0,49.44953686142774,3.550463138572262,3.550463138572262,https://github.com/fivethirtyeight/data/tree/master/pollster-ratings,https://electionlab.mit.edu/data
72502,136060,2020_Pres-G_WI,2020,WI,AtlasIntel,2020-10-30,2020-11-03,4,781.0,Online Panel,Joe Biden,DEM,50.6,49.44953686142774,1.1504631385722632,1.1504631385722632,https://github.com/fivethirtyeight/data/tree/master/pollster-ratings,https://electionlab.mit.edu/data
72505,136067,2020_Pres-G_WI,2020,WI,Ipsos,2020-10-29,2020-11-03,5,696.0,Probability Panel,Joe Biden,DEM,53.0,49.44953686142774,3.550463138572262,3.550463138572262,https://github.com/fivethirtyeight/data/tree/master/pollster-ratings,https://electionlab.mit.edu/data
27174,24357,2012_Pres-G_US,2012,US,Ipsos,2012-09-09,2012-11-06,58,873.0,,Mitt Romney,REP,45.0,46.97447054330086,-1.9744705433008605,1.9744705433008605,https://github.com/fivethirtyeight/data/tree/master/pollster-ratings,https://electionlab.mit.edu/data
19108,24428,2012_Pres-G_US,2012,US,Ipsos,2012-09-11,2012-11-06,56,990.0,Online Panel,Mitt Romney,REP,41.0,46.97447054330086,-5.9744705433008605,5.9744705433008605,https://github.com/fivethirtyeight/data/tree/master/pollster-ratings,https://electionlab.mit.edu/data
29391,34907,2012_Pres-G_US,2012,US,YouGov,2012-09-16,2012-11-06,51,943.0,Online Panel,Mitt Romney,REP,44.0,46.97447054330086,-2.9744705433008605,2.9744705433008605,https://github.com/fivethirtyeight/data/tree/master/pollster-ratings,https://electionlab.mit.edu/data
29517,35131,2012_Pres-G_US,2012,US,Ipsos,2012-09-19,2012-11-06,48,1616.0,Online Panel,Mitt Romney,REP,42.0,46.97447054330086,-4.9744705433008605,4.9744705433008605,https://github.com/fivethirtyeight/data/tree/master/pollster-ratings,https://electionlab.mit.edu/data
29598,35689,2012_Pres-G_US,2012,US,YouGov,2012-09-23,2012-11-06,44,896.0,Online Panel,Mitt Romney,REP,43.0,46.97447054330086,-3.9744705433008605,3.9744705433008605,https://github.com/fivethirtyeight/data/tree/master/pollster-ratings,https://electionlab.mit.edu/data
29646,35332,2012_Pres-G_US,2012,US,Ipsos,2012-09-26,2012-11-06,41,855.0,Online Panel,Mitt Romney,REP,42.0,46.97447054330086,-4.9744705433008605,4.9744705433008605,https://github.com/fivethirtyeight/data/tree/master/pollster-ratings,https://electionlab.mit.edu/data
29765,35509,2012_Pres-G_US,2012,US,YouGov,2012-09-30,2012-11-06,37,785.0,Online Panel,Mitt Romney,REP,44.0,46.97447054330086,-2.9744705433008605,2.9744705433008605,https://github.com/fivethirtyeight/data/tree/master/pollster-ratings,https://electionlab.mit.edu/data
29780,35530,2012_Pres-G_US,2012,US,Ipsos,2012-10-03,2012-11-06,34,1434.0,Online Panel,Mitt Romney,REP,44.0,46.97447054330086,-2.9744705433008605,2.9744705433008605,https://github.com/fivethirtyeight/data/tree/master/pollster-ratings,https://electionlab.mit.edu/data
29781,35532,2012_Pres-G_US,2012,US,Ipsos,2012-10-03,2012-11-06,34,1728.0,Online Panel,Mitt Romney,REP,41.0,46.97447054330086,-5.9744705433008605,5.9744705433008605,https://github.com/fivethirtyeight/data/tree/master/pollster-ratings,https://electionlab.mit.edu/data
29891,35683,2012_Pres-G_US,2012,US,YouGov,2012-10-07,2012-11-06,30,763.0,Online Panel,Mitt Romney,REP,46.0,46.97447054330086,-0.9744705433008605,0.9744705433008605,https://github.com/fivethirtyeight/data/tree/master/pollster-ratings,https://electionlab.mit.edu/data
29875,35665,2012_Pres-G_US,2012,US,Ipsos,2012-10-08,2012-11-06,29,1027.0,Online Panel,Mitt Romney,REP,45.0,46.97447054330086,-1.9744705433008605,1.9744705433008605,https://github.com/fivethirtyeight/data/tree/master/pollster-ratings,https://electionlab.mit.edu/data
30010,35882,2012_Pres-G_US,2012,US,Ipsos,2012-10-13,2012-11-06,24,1864.0,Online Panel,Mitt Romney,REP,45.0,46.97447054330086,-1.9744705433008605,1.9744705433008605,https://github.com/fivethirtyeight/data/tree/master/pollster-ratings,https://electionlab.mit.edu/data
30011,35883,2012_Pres-G_US,2012,US,Ipsos,2012-10-13,2012-11-06,24,2106.0,Online Panel,Mitt Romney,REP,42.0,46.97447054330086,-4.9744705433008605,4.9744705433008605,https://github.com/fivethirtyeight/data/tree/master/pollster-ratings,https://electionlab.mit.edu/data
30080,36003,2012_Pres-G_US,2012,US,YouGov,2012-10-14,2012-11-06,23,826.0,Online Panel,Mitt Romney,REP,46.0,46.97447054330086,-0.9744705433008605,0.9744705433008605,https://github.com/fivethirtyeight/data/tree/master/pollster-ratings,https://electionlab.mit.edu/data
30168,36128,2012_Pres-G_US,2012,US,Ipsos,2012-10-18,2012-11-06,19,1368.0,Online Panel,Mitt Romney,REP,45.0,46.97447054330086,-1.9744705433008605,1.9744705433008605,https://github.com/fivethirtyeight/data/tree/master/pollster-ratings,https://electionlab.mit.edu/data
30242,36245,2012_Pres-G_US,2012,US,YouGov,2012-10-21,2012-11-06,16,803.0,Online Panel,Mitt Romney,REP,46.0,46.97447054330086,-0.9744705433008605,0.9744705433008605,https://github.com/fivethirtyeight/data/tree/master/pollster-ratings,https://electionlab.mit.edu/data
30339,36378,2012_Pres-G_US,2012,US,Ipsos,2012-10-24,2012-11-06,13,1237.0,Online Panel,Mitt Romney,REP,46.0,46.97447054330086,-0.9744705433008605,0.9744705433008605,https://github.com/fivethirtyeight/data/tree/master/pollster-ratings,https://electionlab.mit.edu/data
30340,36379,2012_Pres-G_US,2012,US,Ipsos,2012-10-24,2012-11-06,13,1610.0,Online Panel,Mitt Romney,REP,42.0,46.97447054330086,-4.9744705433008605,4.9744705433008605,https://github.com/fivethirtyeight/data/tree/master/pollster-ratings,https://electionlab.mit.edu/data
30471,36588,2012_Pres-G_US,2012,US,YouGov,2012-10-28,2012-11-06,9,688.0,Online Panel,Mitt Romney,REP,47.0,46.97447054330086,0.02552945669913953,0.02552945669913953,https://github.com/fivethirtyeight/data/tree/master/pollster-ratings,https://electionlab.mit.edu/data
30502,36635,2012_Pres-G_US,2012,US,Ipsos,2012-10-29,2012-11-06,8,4085.0,Online Panel,Mitt Romney,REP,46.0,46.97447054330086,-0.9744705433008605,0.9744705433008605,https://github.com/fivethirtyeight/data/tree/master/pollster-ratings,https://electionlab.mit.edu/data
30725,37027,2012_Pres-G_US,2012,US,YouGov,2012-11-02,2012-11-06,4,36472.0,Online Panel,Mitt Romney,REP,46.5,46.97447054330086,-0.47447054330086047,0.47447054330086047,https://github.com/fivethirtyeight/data/tree/master/pollster-ratings,https://electionlab.mit.edu/data
30770,37112,2012_Pres-G_US,2012,US,Ipsos,2012-11-03,2012-11-06,3,4725.0,Online Panel,Mitt Romney,REP,46.0,46.97447054330086,-0.9744705433008605,0.9744705433008605,https://github.com/fivethirtyeight/data/tree/master/pollster-ratings,https://electionlab.mit.edu/data
42239,159407,2012_Pres-G_US,2012,US,YouGov,2012-11-04,2012-11-06,2,740.0,Online Panel,Mitt Romney,REP,47.0,46.97447054330086,0.02552945669913953,0.02552945669913953,https://github.com/fivethirtyeight/data/tree/master/pollster-ratings,https://electionlab.mit.edu/data
45725,71403,2016_Pres-G_US,2016,US,Ipsos,2016-09-10,2016-11-08,59,1125.0,Online Panel,Donald Trump,REP,38.8,45.81540269576777,-7.015402695767776,7.015402695767776,https://github.com/fivethirtyeight/data/tree/master/pollster-ratings,https://electionlab.mit.edu/data
45740,71423,2016_Pres-G_US,2016,US,YouGov,2016-09-12,2016-11-08,57,1087.0,Online Panel,Donald Trump,REP,40.0,45.81540269576777,-5.815402695767773,5.815402695767773,https://github.com/fivethirtyeight/data/tree/master/pollster-ratings,https://electionlab.mit.edu/data
45904,71729,2016_Pres-G_US,2016,US,Ipsos,2016-09-15,2016-11-08,54,1137.0,Online Panel,Donald Trump,REP,38.4,45.81540269576777,-7.415402695767774,7.415402695767774,https://github.com/fivethirtyeight/data/tree/master/pollster-ratings,https://electionlab.mit.edu/data
45910,71740,2016_Pres-G_US,2016,US,YouGov,2016-09-18,2016-11-08,51,1065.0,Online Panel,Donald Trump,REP,38.0,45.81540269576777,-7.815402695767773,7.815402695767773,https://github.com/fivethirtyeight/data/tree/master/pollster-ratings,https://electionlab.mit.edu/data
46006,71909,2016_Pres-G_US,2016,US,Marist,2016-09-17,2016-11-08,52,758.0,Live Phone,Donald Trump,REP,39.0,45.81540269576777,-6.815402695767773,6.815402695767773,https://github.com/fivethirtyeight/data/tree/master/pollster-ratings,https://electionlab.mit.edu/data
46007,71942,2016_Pres-G_US,2016,US,Ipsos,2016-09-20,2016-11-08,49,1098.0,Online Panel,Donald Trump,REP,35.9,45.81540269576777,-9.915402695767774,9.915402695767774,https://github.com/fivethirtyeight/data/tree/master/pollster-ratings,https://electionlab.mit.edu/data
46448,71991,2016_Pres-G_US,2016,US,YouGov,2016-09-23,2016-11-08,46,1115.0,Online Panel,Donald Trump,REP,41.0,45.81540269576777,-4.815402695767773,4.815402695767773,https://github.com/fivethirtyeight/data/tree/master/pollster-ratings,https://electionlab.mit.edu/data
46308,72408,2016_Pres-G_US,2016,US,Ipsos,2016-09-25,2016-11-08,44,1888.0,Online Panel,Donald Trump,REP,37.9,45.81540269576777,-7.915402695767774,7.915402695767774,https://github.com/fivethirtyeight/data/tree/master/pollster-ratings,https://electionlab.mit.edu/data
46453,72639,2016_Pres-G_US,2016,US,Ipsos,2016-09-30,2016-11-08,39,1433.0,Online Panel,Donald Trump,REP,36.7,45.81540269576777,-9.11540269576777,9.11540269576777,https://github.com/fivethirtyeight/data/tree/master/pollster-ratings,https://electionlab.mit.edu/data
46438,72575,2016_Pres-G_US,2016,US,YouGov,2016-10-02,2016-11-08,37,911.0,Online Panel,Donald Trump,REP,40.0,45.81540269576777,-5.815402695767773,5.815402695767773,https://github.com/fivethirtyeight/data/tree/master/pollster-ratings,https://electionlab.mit.edu/data
46750,73080,2016_Pres-G_US,2016,US,Ipsos,2016-10-05,2016-11-08,34,1103.0,Online Panel,Donald Trump,REP,37.3,45.81540269576777,-8.515402695767776,8.515402695767776,https://github.com/fivethirtyeight/data/tree/master/pollster-ratings,https://electionlab.mit.edu/data
46572,72856,2016_Pres-G_US,2016,US,YouGov,2016-10-07,2016-11-08,32,971.0,Online Panel,Donald Trump,REP,38.0,45.81540269576777,-7.815402695767773,7.815402695767773,https://github.com/fivethirtyeight/data/tree/master/pollster-ratings,https://electionlab.mit.edu/data
46808,73245,2016_Pres-G_US,2016,US,Ipsos,2016-10-10,2016-11-08,29,2415.0,Online Panel,Donald Trump,REP,37.7,45.81540269576777,-8.11540269576777,8.11540269576777,https://github.com/fivethirtyeight/data/tree/master/pollster-ratings,https://electionlab.mit.edu/data
47049,73617,2016_Pres-G_US,2016,US,Ipsos,2016-10-15,2016-11-08,24,1187.0,Online Panel,Donald Trump,REP,37.6,45.81540269576777,-8.215402695767771,8.215402695767771,https://github.com/fivethirtyeight/data/tree/master/pollster-ratings,https://electionlab.mit.edu/data
47077,73667,2016_Pres-G_US,2016,US,YouGov,2016-10-17,2016-11-08,22,1032.0,Online Panel,Donald Trump,REP,38.0,45.81540269576777,-7.815402695767773,7.815402695767773,https://github.com/fivethirtyeight/data/tree/master/pollster-ratings,https://electionlab.mit.edu/data
47349,74135,2016_Pres-G_US,2016,US,Ipsos,2016-10-20,2016-11-08,19,1153.0,Online Panel,Donald Trump,REP,35.6,45.81540269576777,-10.215402695767771,10.215402695767771,https://github.com/fivethirtyeight/data/tree/master/pollster-ratings,https://electionlab.mit.edu/data
47608,74499,2016_Pres-G_US,2016,US,YouGov,2016-10-24,2016-11-08,15,1209.0,Online Panel,Donald Trump,REP,41.0,45.81540269576777,-4.815402695767773,4.815402695767773,https://github.com/fivethirtyeight/data/tree/master/pollster-ratings,https://electionlab.mit.edu/data
47643,74599,2016_Pres-G_US,2016,US,Ipsos,2016-10-25,2016-11-08,14,1158.0,Online Panel,Donald Trump,REP,36.4,45.81540269576777,-9.415402695767774,9.415402695767774,https://github.com/fivethirtyeight/data/tree/master/pollster-ratings,https://electionlab.mit.edu/data
48114,75376,2016_Pres-G_US,2016,US,Ipsos,2016-10-30,2016-11-08,9,1772.0,Online Panel,Donald Trump,REP,37.4,45.81540269576777,-8.415402695767774,8.415402695767774,https://github.com/fivethirtyeight/data/tree/master/pollster-ratings,https://electionlab.mit.edu/data
48082,75219,2016_Pres-G_US,2016,US,YouGov,2016-10-31,2016-11-08,8,1233.0,Online Panel,Donald Trump,REP,43.0,45.81540269576777,-2.815402695767773,2.815402695767773,https://github.com/fivethirtyeight/data/tree/master/pollster-ratings,https://electionlab.mit.edu/data
48362,75818,2016_Pres-G_US,2016,US,Marist,2016-11-02,2016-11-08,6,940.0,Live Phone,Donald Trump,REP,43.0,45.81540269576777,-2.815402695767773,2.815402695767773,https://github.com/fivethirtyeight/data/tree/master/pollster-ratings,https://electionlab.mit.edu/data
48922,76636,2016_Pres-G_US,2016,US,Ipsos,2016-11-04,2016-11-08,4,2195.0,Online Panel,Donald Trump,REP,39.0,45.81540269576777,-6.815402695767773,6.815402695767773,https://github.com/fivethirtyeight/data/tree/master/pollster-ratings,https://electionlab.mit.edu/data
48718,76299,2016_Pres-G_US,2016,US,YouGov,2016-10-20,2016-11-08,19,84292.0,Online Panel,Donald Trump,REP,39.0,45.81540269576777,-6.815402695767773,6.815402695767773,https://github.com/fivethirtyeight/data/tree/master/pollster-ratings,https://electionlab.mit.edu/data
48687,76262,2016_Pres-G_US,2016,US,YouGov,2016-11-06,2016-11-08,2,3677.0,Online Panel,Donald Trump,REP,41.0,45.81540269576777,-4.815402695767773,4.815402695767773,https://github.com/fivethirtyeight/data/tree/master/pollster-ratings,https://electionlab.mit.edu/data
48720,76301,2016_Pres-G_AK,2016,AK,YouGov,2016-10-20,2016-11-08,19,201.0,Online Panel,Donald Trump,REP,37.7,51.281512077537286,-13.581512077537283,13.581512077537283,https://github.com/fivethirtyeight/data/tree/master/pollster-ratings,https://electionlab.mit.edu/data
46337,72465,2016_Pres-G_AL,2016,AL,Ipsos,2016-09-22,2016-11-08,47,312.0,Online Panel,Donald Trump,REP,55.52,62.08309236440906,-6.563092364409059,6.563092364409059,https://github.com/fivethirtyeight/data/tree/master/pollster-ratings,https://electionlab.mit.edu/data
47185,73862,2016_Pres-G_AL,2016,AL,Ipsos,2016-10-10,2016-11-08,29,482.0,Online Panel,Donald Trump,REP,52.39,62.08309236440906,-9.693092364409061,9.693092364409061,https://github.com/fivethirtyeight/data/tree/master/pollster-ratings,https://electionlab.mit.edu/data
48688,76268,2016_Pres-G_AL,2016,AL,Ipsos,2016-10-30,2016-11-08,9,328.0,Online Panel,Donald Trump,REP,54.15,62.08309236440906,-7.933092364409063,7.933092364409063,https://github.com/fivethirtyeight/data/tree/master/pollster-ratings,https://electionlab.mit.edu/data
48719,76300,2016_Pres-G_AL,2016,AL,YouGov,2016-10-20,2016-11-08,19,1388.0,Online Panel,Donald Trump,REP,52.6,62.08309236440906,-9.48309236440906,9.48309236440906,https://github.com/fivethirtyeight/data/tree/master/pollster-ratings,https://electionlab.mit.edu/data
46058,72050,2016_Pres-G_AR,2016,AR,Ipsos,2016-09-12,2016-11-08,57,280.0,Online Panel,Donald Trump,REP,49.15,60.57410216382829,-11.424102163828294,11.424102163828294,https://github.com/fivethirtyeight/data/tree/master/pollster-ratings,https://electionlab.mit.edu/data
46819,73265,2016_Pres-G_AR,2016,AR,Ipsos,2016-10-03,2016-11-08,36,314.0,Online Panel,Donald Trump,REP,52.44,60.57410216382829,-8.134102163828295,8.134102163828295,https://github.com/fivethirtyeight/data/tree/master/pollster-ratings,https://electionlab.mit.edu/data
48779,76364,2016_Pres-G_AR,2016,AR,Ipsos,2016-10-27,2016-11-08,12,331.0,Online Panel,Donald Trump,REP,53.35,60.57410216382829,-7.224102163828292,7.224102163828292,https://github.com/fivethirtyeight/data/tree/master/pollster-ratings,https://electionlab.mit.edu/data
48722,76303,2016_Pres-G_AR,2016,AR,YouGov,2016-10-20,2016-11-08,19,736.0,Online Panel,Donald Trump,REP,48.0,60.57410216382829,-12.574102163828293,12.574102163828293,https://github.com/fivethirtyeight/data/tree/master/pollster-ratings,https://electionlab.mit.edu/data
46057,72049,2016_Pres-G_AZ,2016,AZ,Ipsos,2016-09-15,2016-11-08,54,428.0,Online Panel,Donald Trump,REP,47.86,48.67042485158719,-0.810424851587193,0.810424851587193,https://github.com/fivethirtyeight/data/tree/master/pollster-ratings,https://electionlab.mit.edu/data
46634,72928,2016_Pres-G_AZ,2016,AZ,Ipsos,2016-09-29,2016-11-08,40,617.0,Online Panel,Donald Trump,REP,49.06,48.67042485158719,0.3895751484128098,0.3895751484128098,https://github.com/fivethirtyeight/data/tree/master/pollster-ratings,https://electionlab.mit.edu/data
46818,73264,2016_Pres-G_AZ,2016,AZ,Ipsos,2016-10-10,2016-11-08,29,883.0,Online Panel,Donald Trump,REP,44.56,48.67042485158719,-4.11042485158719,4.11042485158719,https://github.com/fivethirtyeight/data/tree/master/pollster-ratings,https://electionlab.mit.edu/data
47186,73863,2016_Pres-G_AZ,2016,AZ,Ipsos,2016-10-17,2016-11-08,22,300.0,Online Panel,Donald Trump,REP,44.59,48.67042485158719,-4.080424851587189,4.080424851587189,https://github.com/fivethirtyeight/data/tree/master/pollster-ratings,https://electionlab.mit.edu/data
47778,74788,2016_Pres-G_AZ,2016,AZ,YouGov,2016-10-27,2016-11-08,12,994.0,Live Phone/Online Panel,Donald Trump,REP,44.0,48.67042485158719,-4.6704248515871924,4.6704248515871924,https://github.com/fivethirtyeight/data/tree/master/pollster-ratings,https://electionlab.mit.edu/data
48211,75509,2016_Pres-G_AZ,2016,AZ,Marist,2016-10-31,2016-11-08,8,719.0,Live Phone,Donald Trump,REP,45.0,48.67042485158719,-3.6704248515871924,3.6704248515871924,https://github.com/fivethirtyeight/data/tree/master/pollster-ratings,https://electionlab.mit.edu/data
48778,76363,2016_Pres-G_AZ,2016,AZ,Ipsos,2016-10-30,2016-11-08,9,593.0,Online Panel,Donald Trump,REP,47.1,48.67042485158719,-1.570424851587191,1.570424851587191,https://github.com/fivethirtyeight/data/tree/master/pollster-ratings,https://electionlab.mit.edu/data
48721,76302,2016_Pres-G_AZ,2016,AZ,YouGov,2016-10-20,2016-11-08,19,1567.0,Online Panel,Donald Trump,REP,46.3,48.67042485158719,-2.3704248515871953,2.3704248515871953,https://github.com/fivethirtyeight/data/tree/master/pollster-ratings,https://electionlab.mit.edu/data
45893,71692,2016_Pres-G_CA,2016,CA,YouGov,2016-09-10,2016-11-08,59,1426.0,Online Panel,Donald Trump,REP,33.0,31.61711467898836,1.3828853210116385,1.3828853210116385,https://github.com/fivethirtyeight/data/tree/master/pollster-ratings,https://electionlab.mit.edu/data
45835,71599,2016_Pres-G_CA,2016,CA,Ipsos,2016-09-12,2016-11-08,57,577.0,Online Panel,Donald Trump,REP,24.22,31.61711467898836,-7.397114678988363,7.397114678988363,https://github.com/fivethirtyeight/data/tree/master/pollster-ratings,https://electionlab.mit.edu/data
46059,72051,2016_Pres-G_CA,2016,CA,Ipsos,2016-09-19,2016-11-08,50,705.0,Online Panel,Donald Trump,REP,28.38,31.61711467898836,-3.2371146789883625,3.2371146789883625,https://github.com/fivethirtyeight/data/tree/master/pollster-ratings,https://electionlab.mit.edu/data
46340,72468,2016_Pres-G_CA,2016,CA,Ipsos,2016-09-26,2016-11-08,43,787.0,Online Panel,Donald Trump,REP,23.74,31.61711467898836,-7.877114678988363,7.877114678988363,https://github.com/fivethirtyeight/data/tree/master/pollster-ratings,https://electionlab.mit.edu/data
46636,72930,2016_Pres-G_CA,2016,CA,Ipsos,2016-10-03,2016-11-08,36,974.0,Online Panel,Donald Trump,REP,27.86,31.61711467898836,-3.757114678988362,3.757114678988362,https://github.com/fivethirtyeight/data/tree/master/pollster-ratings,https://electionlab.mit.edu/data
46820,73266,2016_Pres-G_CA,2016,CA,Ipsos,2016-10-10,2016-11-08,29,553.0,Online Panel,Donald Trump,REP,22.37,31.61711467898836,-9.24711467898836,9.24711467898836,https://github.com/fivethirtyeight/data/tree/master/pollster-ratings,https://electionlab.mit.edu/data
48016,75106,2016_Pres-G_CA,2016,CA,YouGov,2016-10-09,2016-11-08,30,1250.0,Online Panel,Donald Trump,REP,30.0,31.61711467898836,-1.6171146789883615,1.6171146789883615,https://github.com/fivethirtyeight/data/tree/master/pollster-ratings,https://electionlab.mit.edu/data
47188,73865,2016_Pres-G_CA,2016,CA,Ipsos,2016-10-17,2016-11-08,22,503.0,Online Panel,Donald Trump,REP,25.62,31.61711467898836,-5.9971146789883605,5.9971146789883605,https://github.com/fivethirtyeight/data/tree/master/pollster-ratings,https://electionlab.mit.edu/data
47716,74699,2016_Pres-G_CA,2016,CA,Ipsos,2016-10-24,2016-11-08,15,712.0,Online Panel,Donald Trump,REP,26.16,31.61711467898836,-5.457114678988361,5.457114678988361,https://github.com/fivethirtyeight/data/tree/master/pollster-ratings,https://electionlab.mit.edu/data
48125,75391,2016_Pres-G_CA,2016,CA,YouGov,2016-10-28,2016-11-08,11,1498.0,Online Panel,Donald Trump,REP,33.0,31.61711467898836,1.3828853210116385,1.3828853210116385,https://github.com/fivethirtyeight/data/tree/master/pollster-ratings,https://electionlab.mit.edu/data
48690,76271,2016_Pres-G_CA,2016,CA,Ipsos,2016-11-03,2016-11-08,5,726.0,Online Panel,Donald Trump,REP,31.74,31.61711467898836,0.12288532101163696,0.12288532101163696,https://github.com/fivethirtyeight/data/tree/master/pollster-ratings,https://electionlab.mit.edu/data
48723,76304,2016_Pres-G_CA,2016,CA,YouGov,2016-10-20,2016-11-08,19,8746.0,Online Panel,Donald Trump,REP,30.4,31.61711467898836,-1.217114678988363,1.217114678988363,https://github.com/fivethirtyeight/data/tree/master/pollster-ratings,https://electionlab.mit.edu/data
46060,72052,2016_Pres-G_CO,2016,CO,Ipsos,2016-09-15,2016-11-08,54,391.0,Online Panel,Donald Trump,REP,43.82,43.25139737143104,0.5686026285689607,0.5686026285689607,https://github.com/fivethirtyeight/data/tree/master/pollster-ratings,https://electionlab.mit.edu/data
46027,71983,2016_Pres-G_CO,2016,CO,YouGov,2016-09-22,2016-11-08,47,991.0,Live Phone/Online Panel,Donald Trump,REP,39.0,43.25139737143104,-4.25139737143104,4.25139737143104,https://github.com/fivethirtyeight/data/tree/master/pollster-ratings,https://electionlab.mit.edu/data
46637,72931,2016_Pres-G_CO,2016,CO,Ipsos,2016-09-29,2016-11-08,40,552.0,Online Panel,Donald Trump,REP,44.86,43.25139737143104,1.6086026285689599,1.6086026285689599,https://github.com/fivethirtyeight/data/tree/master/pollster-ratings,https://electionlab.mit.edu/data
47189,73866,2016_Pres-G_CO,2016,CO,Ipsos,2016-10-13,2016-11-08,26,445.0,Online Panel,Donald Trump,REP,41.24,43.25139737143104,-2.0113973714310376,2.0113973714310376,https://github.com/fivethirtyeight/data/tree/master/pollster-ratings,https://electionlab.mit.edu/data
47780,74790,2016_Pres-G_CO,2016,CO,YouGov,2016-10-27,2016-11-08,12,997.0,Live Phone/Online Panel,Donald Trump,REP,39.0,43.25139737143104,-4.25139737143104,4.25139737143104,https://github.com/fivethirtyeight/data/tree/master/pollster-ratings,https://electionlab.mit.edu/data
48704,76285,2016_Pres-G_CO,2016,CO,Ipsos,2016-10-30,2016-11-08,9,536.0,Online Panel,Donald Trump,REP,42.33,43.25139737143104,-0.9213973714310413,0.9213973714310413,https://github.com/fivethirtyeight/data/tree/master/pollster-ratings,https://electionlab.mit.edu/data
48724,76305,2016_Pres-G_CO,2016,CO,YouGov,2016-10-20,2016-11-08,19,1556.0,Online Panel,Donald Trump,REP,36.9,43.25139737143104,-6.351397371431041,6.351397371431041,https://github.com/fivethirtyeight/data/tree/master/pollster-ratings,https://electionlab.mit.edu/data
46342,72470,2016_Pres-G_CT,2016,CT,Ipsos,2016-09-19,2016-11-08,50,455.0,Online Panel,Donald Trump,REP,34.09,40.92691437881478,-6.836914378814775,6.836914378814775,https://github.com/fivethirtyeight/data/tree/master/pollster-ratings,https://electionlab.mit.edu/data
47190,73867,2016_Pres-G_CT,2016,CT,Ipsos,2016-10-10,2016-11-08,29,437.0,Online Panel,Donald Trump,REP,34.83,40.92691437881478,-6.09691437881478,6.09691437881478,https://github.com/fivethirtyeight/data/tree/master/pollster-ratings,https://electionlab.mit.edu/data
48705,76286,2016_Pres-G_CT,2016,CT,Ipsos,2016-10-30,2016-11-08,9,351.0,Online Panel,Donald Trump,REP,39.7,40.92691437881478,-1.2269143788147758,1.2269143788147758,https://github.com/fivethirtyeight/data/tree/master/pollster-ratings,https://electionlab.mit.edu/data
48725,76306,2016_Pres-G_CT,2016,CT,YouGov,2016-10-20,2016-11-08,19,955.0,Online Panel,Donald Trump,REP,35.8,40.92691437881478,-5.1269143788147815,5.1269143788147815,https://github.com/fivethirtyeight/data/tree/master/pollster-ratings,https://electionlab.mit.edu/data
48727,76308,2016_Pres-G_DC,2016,DC,YouGov,2016-10-20,2016-11-08,19,190.0,Online Panel,Donald Trump,REP,6.8,4.087474459308377,2.7125255406916224,2.7125255406916224,https://github.com/fivethirtyeight/data/tree/master/pollster-ratings,https://electionlab.mit.edu/data
46343,72471,2016_Pres-G_DE,2016,DE,Ipsos,2016-09-19,2016-11-08,50,124.0,Online Panel,Donald Trump,REP,35.28,41.71274452811313,-6.432744528113126,6.432744528113126,https://github.com/fivethirtyeight/data/tree/master/pollster-ratings,https://electionlab.mit.edu/data
47191,73868,2016_Pres-G_DE,2016,DE,Ipsos,2016-10-10,2016-11-08,29,121.0,Online Panel,Donald Trump,REP,33.89,41.71274452811313,-7.822744528113127,7.822744528113127,https://github.com/fivethirtyeight/data/tree/master/pollster-ratings,https://electionlab.mit.edu/data
48780,76365,2016_Pres-G_DE,2016,DE,Ipsos,2016-10-30,2016-11-08,9,138.0,Online Panel,Donald Trump,REP,36.42,41.71274452811313,-5.292744528113126,5.292744528113126,https://github.com/fivethirtyeight/data/tree/master/pollster-ratings,https://electionlab.mit.edu/data
48726,76307,2016_Pres-G_DE,2016,DE,YouGov,2016-10-20,2016-11-08,19,260.0,Online Panel,Donald Trump,REP,31.6,41.71274452811313,-10.112744528113126,10.112744528113126,https://github.com/fivethirtyeight/data/tree/master/pollster-ratings,https://electionlab.mit.edu/data
45839,71603,2016_Pres-G_FL,2016,FL,Ipsos,2016-09-12,2016-11-08,57,722.0,Online Panel,Donald Trump,REP,49.84,49.021941416590735,0.8180585834092682,0.8180585834092682,https://github.com/fivethirtyeight/data/tree/master/pollster-ratings,https://electionlab.mit.edu/data
46063,72055,2016_Pres-G_FL,2016,FL,Ipsos,2016-09-19,2016-11-08,50,811.0,Online Panel,Donald Trump,REP,45.16,49.021941416590735,-3.8619414165907386,3.8619414165907386,https://github.com/fivethirtyeight/data/tree/master/pollster-ratings,https://electionlab.mit.edu/data
46344,72472,2016_Pres-G_FL,2016,FL,Ipsos,2016-09-26,2016-11-08,43,701.0,Online Panel,Donald Trump,REP,46.4,49.021941416590735,-2.6219414165907367,2.6219414165907367,https://github.com/fivethirtyeight/data/tree/master/pollster-ratings,https://electionlab.mit.edu/data
46568,72840,2016_Pres-G_FL,2016,FL,Marist,2016-10-04,2016-11-08,35,700.0,Live Phone,Donald Trump,REP,42.0,49.021941416590735,-7.021941416590735,7.021941416590735,https://github.com/fivethirtyeight/data/tree/master/pollster-ratings,https://electionlab.mit.edu/data
46640,72934,2016_Pres-G_FL,2016,FL,Ipsos,2016-10-03,2016-11-08,36,979.0,Online Panel,Donald Trump,REP,43.74,49.021941416590735,-5.281941416590733,5.281941416590733,https://github.com/fivethirtyeight/data/tree/master/pollster-ratings,https://electionlab.mit.edu/data
46824,73270,2016_Pres-G_FL,2016,FL,Ipsos,2016-10-10,2016-11-08,29,1019.0,Online Panel,Donald Trump,REP,41.81,49.021941416590735,-7.211941416590733,7.211941416590733,https://github.com/fivethirtyeight/data/tree/master/pollster-ratings,https://electionlab.mit.edu/data
47192,73869,2016_Pres-G_FL,2016,FL,Ipsos,2016-10-17,2016-11-08,22,631.0,Online Panel,Donald Trump,REP,44.38,49.021941416590735,-4.641941416590733,4.641941416590733,https://github.com/fivethirtyeight/data/tree/master/pollster-ratings,https://electionlab.mit.edu/data
47236,73919,2016_Pres-G_FL,2016,FL,YouGov,2016-10-20,2016-11-08,19,1042.0,Live Phone/Online Panel,Donald Trump,REP,43.0,49.021941416590735,-6.021941416590735,6.021941416590735,https://github.com/fivethirtyeight/data/tree/master/pollster-ratings,https://electionlab.mit.edu/data
47776,74770,2016_Pres-G_FL,2016,FL,Marist,2016-10-25,2016-11-08,14,779.0,Live Phone,Donald Trump,REP,44.0,49.021941416590735,-5.021941416590735,5.021941416590735,https://github.com/fivethirtyeight/data/tree/master/pollster-ratings,https://electionlab.mit.edu/data
47720,74703,2016_Pres-G_FL,2016,FL,Ipsos,2016-10-24,2016-11-08,15,804.0,Online Panel,Donald Trump,REP,44.61,49.021941416590735,-4.411941416590736,4.411941416590736,https://github.com/fivethirtyeight/data/tree/master/pollster-ratings,https://electionlab.mit.edu/data
48482,75978,2016_Pres-G_FL,2016,FL,YouGov,2016-11-03,2016-11-08,5,1188.0,Live Phone/Online Panel,Donald Trump,REP,45.0,49.021941416590735,-4.021941416590735,4.021941416590735,https://github.com/fivethirtyeight/data/tree/master/pollster-ratings,https://electionlab.mit.edu/data
48691,76272,2016_Pres-G_FL,2016,FL,Ipsos,2016-11-03,2016-11-08,5,888.0,Online Panel,Donald Trump,REP,46.77,49.021941416590735,-2.251941416590732,2.251941416590732,https://github.com/fivethirtyeight/data/tree/master/pollster-ratings,https://electionlab.mit.edu/data
48728,76309,2016_Pres-G_FL,2016,FL,YouGov,2016-10-20,2016-11-08,19,5371.0,Online Panel,Donald Trump,REP,42.9,49.021941416590735,-6.121941416590737,6.121941416590737,https://github.com/fivethirtyeight/data/tree/master/pollster-ratings,https://electionlab.mit.edu/data
46064,72056,2016_Pres-G_GA,2016,GA,Ipsos,2016-09-15,2016-11-08,54,613.0,Online Panel,Donald Trump,REP,46.04,50.771326054771,-4.731326054771003,4.731326054771003,https://github.com/fivethirtyeight/data/tree/master/pollster-ratings,https://electionlab.mit.edu/data
46345,72473,2016_Pres-G_GA,2016,GA,Ipsos,2016-09-26,2016-11-08,43,317.0,Online Panel,Donald Trump,REP,50.98,50.771326054771,0.20867394522899474,0.20867394522899474,https://github.com/fivethirtyeight/data/tree/master/pollster-ratings,https://electionlab.mit.edu/data
46825,73271,2016_Pres-G_GA,2016,GA,Ipsos,2016-10-06,2016-11-08,33,645.0,Online Panel,Donald Trump,REP,50.04,50.771326054771,-0.731326054771003,0.731326054771003,https://github.com/fivethirtyeight/data/tree/master/pollster-ratings,https://electionlab.mit.edu/data
47721,74704,2016_Pres-G_GA,2016,GA,Ipsos,2016-10-20,2016-11-08,19,583.0,Online Panel,Donald Trump,REP,47.84,50.771326054771,-2.9313260547709987,2.9313260547709987,https://github.com/fivethirtyeight/data/tree/master/pollster-ratings,https://electionlab.mit.edu/data
48209,75507,2016_Pres-G_GA,2016,GA,Marist,2016-10-31,2016-11-08,8,707.0,Live Phone,Donald Trump,REP,45.0,50.771326054771,-5.771326054771002,5.771326054771002,https://github.com/fivethirtyeight/data/tree/master/pollster-ratings,https://electionlab.mit.edu/data
48682,76245,2016_Pres-G_GA,2016,GA,YouGov,2016-11-04,2016-11-08,4,995.0,Online Panel,Donald Trump,REP,49.0,50.771326054771,-1.7713260547710021,1.7713260547710021,https://github.com/fivethirtyeight/data/tree/master/pollster-ratings,https://electionlab.mit.edu/data
48692,76273,2016_Pres-G_GA,2016,GA,Ipsos,2016-11-03,2016-11-08,5,416.0,Online Panel,Donald Trump,REP,47.79,50.771326054771,-2.981326054771003,2.981326054771003,https://github.com/fivethirtyeight/data/tree/master/pollster-ratings,https://electionlab.mit.edu/data
48729,76310,2016_Pres-G_GA,2016,GA,YouGov,2016-10-20,2016-11-08,19,2663.0,Online Panel,Donald Trump,REP,45.4,50.771326054771,-5.3713260547710036,5.3713260547710036,https://github.com/fivethirtyeight/data/tree/master/pollster-ratings,https://electionlab.mit.edu/data
48781,76366,2016_Pres-G_HI,2016,HI,Ipsos,2016-10-30,2016-11-08,9,102.0,Online Panel,Donald Trump,REP,28.75,30.038677008511737,-1.288677008511737,1.288677008511737,https://github.com/fivethirtyeight/data/tree/master/pollster-ratings,https://electionlab.mit.edu/data
48730,76311,2016_Pres-G_HI,2016,HI,YouGov,2016-10-20,2016-11-08,19,289.0,Online Panel,Donald Trump,REP,27.9,30.038677008511737,-2.1386770085117384,2.1386770085117384,https://github.com/fivethirtyeight/data/tree/master/pollster-ratings,https://electionlab.mit.edu/data
46068,72060,2016_Pres-G_IA,2016,IA,Ipsos,2016-09-12,2016-11-08,57,344.0,Online Panel,Donald Trump,REP,50.74,51.16206134467737,-0.4220613446773669,0.4220613446773669,https://github.com/fivethirtyeight/data/tree/master/pollster-ratings,https://electionlab.mit.edu/data
46829,73275,2016_Pres-G_IA,2016,IA,Ipsos,2016-10-03,2016-11-08,36,382.0,Online Panel,Donald Trump,REP,44.49,51.16206134467737,-6.672061344677367,6.672061344677367,https://github.com/fivethirtyeight/data/tree/master/pollster-ratings,https://electionlab.mit.edu/data
48783,76368,2016_Pres-G_IA,2016,IA,Ipsos,2016-10-27,2016-11-08,12,416.0,Online Panel,Donald Trump,REP,43.87,51.16206134467737,-7.292061344677371,7.292061344677371,https://github.com/fivethirtyeight/data/tree/master/pollster-ratings,https://electionlab.mit.edu/data
48734,76315,2016_Pres-G_IA,2016,IA,YouGov,2016-10-20,2016-11-08,19,972.0,Online Panel,Donald Trump,REP,37.3,51.16206134467737,-13.862061344677372,13.862061344677372,https://github.com/fivethirtyeight/data/tree/master/pollster-ratings,https://electionlab.mit.edu/data
46346,72474,2016_Pres-G_ID,2016,ID,Ipsos,2016-09-19,2016-11-08,50,175.0,Online Panel,Donald Trump,REP,59.62,59.26143236919689,0.3585676308031083,0.3585676308031083,https://github.com/fivethirtyeight/data/tree/master/pollster-ratings,https://electionlab.mit.edu/data
47194,73871,2016_Pres-G_ID,2016,ID,Ipsos,2016-10-10,2016-11-08,29,171.0,Online Panel,Donald Trump,REP,50.7,59.26143236919689,-8.561432369196886,8.561432369196886,https://github.com/fivethirtyeight/data/tree/master/pollster-ratings,https://electionlab.mit.edu/data
48782,76367,2016_Pres-G_ID,2016,ID,Ipsos,2016-10-30,2016-11-08,9,205.0,Online Panel,Donald Trump,REP,53.26,59.26143236919689,-6.001432369196891,6.001432369196891,https://github.com/fivethirtyeight/data/tree/master/pollster-ratings,https://electionlab.mit.edu/data
48731,76312,2016_Pres-G_ID,2016,ID,YouGov,2016-10-20,2016-11-08,19,416.0,Online Panel,Donald Trump,REP,44.8,59.26143236919689,-14.461432369196892,14.461432369196892,https://github.com/fivethirtyeight/data/tree/master/pollster-ratings,https://electionlab.mit.edu/data
45842,71606,2016_Pres-G_IL,2016,IL,Ipsos,2016-09-12,2016-11-08,57,432.0,Online Panel,Donald Trump,REP,36.18,38.76175307382528,-2.5817530738252827,2.5817530738252827,https://github.com/fivethirtyeight/data/tree/master/pollster-ratings,https://electionlab.mit.edu/data
46066,72058,2016_Pres-G_IL,2016,IL,Ipsos,2016-09-19,2016-11-08,50,426.0,Online Panel,Donald Trump,REP,30.81,38.76175307382528,-7.951753073825284,7.951753073825284,https://github.com/fivethirtyeight/data/tree/master/pollster-ratings,https://electionlab.mit.edu/data
46347,72475,2016_Pres-G_IL,2016,IL,Ipsos,2016-09-26,2016-11-08,43,422.0,Online Panel,Donald Trump,REP,33.37,38.76175307382528,-5.391753073825285,5.391753073825285,https://github.com/fivethirtyeight/data/tree/master/pollster-ratings,https://electionlab.mit.edu/data
46643,72937,2016_Pres-G_IL,2016,IL,Ipsos,2016-10-03,2016-11-08,36,601.0,Online Panel,Donald Trump,REP,31.29,38.76175307382528,-7.471753073825283,7.471753073825283,https://github.com/fivethirtyeight/data/tree/master/pollster-ratings,https://electionlab.mit.edu/data
46827,73273,2016_Pres-G_IL,2016,IL,Ipsos,2016-10-10,2016-11-08,29,409.0,Online Panel,Donald Trump,REP,27.44,38.76175307382528,-11.321753073825281,11.321753073825281,https://github.com/fivethirtyeight/data/tree/master/pollster-ratings,https://electionlab.mit.edu/data
47195,73872,2016_Pres-G_IL,2016,IL,Ipsos,2016-10-17,2016-11-08,22,371.0,Online Panel,Donald Trump,REP,27.64,38.76175307382528,-11.121753073825282,11.121753073825282,https://github.com/fivethirtyeight/data/tree/master/pollster-ratings,https://electionlab.mit.edu/data
47723,74706,2016_Pres-G_IL,2016,IL,Ipsos,2016-10-24,2016-11-08,15,475.0,Online Panel,Donald Trump,REP,34.57,38.76175307382528,-4.191753073825282,4.191753073825282,https://github.com/fivethirtyeight/data/tree/master/pollster-ratings,https://electionlab.mit.edu/data
48693,76274,2016_Pres-G_IL,2016,IL,Ipsos,2016-11-03,2016-11-08,5,482.0,Online Panel,Donald Trump,REP,39.08,38.76175307382528,0.31824692617471584,0.31824692617471584,https://github.com/fivethirtyeight/data/tree/master/pollster-ratings,https://electionlab.mit.edu/data
48732,76313,2016_Pres-G_IL,2016,IL,YouGov,2016-10-20,2016-11-08,19,3448.0,Online Panel,Donald Trump,REP,33.1,38.76175307382528,-5.661753073825281,5.661753073825281,https://github.com/fivethirtyeight/data/tree/master/pollster-ratings,https://electionlab.mit.edu/data
45843,71607,2016_Pres-G_IN,2016,IN,Ipsos,2016-09-08,2016-11-08,61,372.0,Online Panel,Donald Trump,REP,53.13,56.94003344841128,-3.810033448411275,3.810033448411275,https://github.com/fivethirtyeight/data/tree/master/pollster-ratings,https://electionlab.mit.edu/data
46348,72476,2016_Pres-G_IN,2016,IN,Ipsos,2016-09-22,2016-11-08,47,340.0,Online Panel,Donald Trump,REP,53.16,56.94003344841128,-3.780033448411281,3.780033448411281,https://github.com/fivethirtyeight/data/tree/master/pollster-ratings,https://electionlab.mit.edu/data
46828,73274,2016_Pres-G_IN,2016,IN,Ipsos,2016-10-06,2016-11-08,33,434.0,Online Panel,Donald Trump,REP,47.14,56.94003344841128,-9.800033448411277,9.800033448411277,https://github.com/fivethirtyeight/data/tree/master/pollster-ratings,https://electionlab.mit.edu/data
47724,74707,2016_Pres-G_IN,2016,IN,Ipsos,2016-10-20,2016-11-08,19,368.0,Online Panel,Donald Trump,REP,53.54,56.94003344841128,-3.4000334484112784,3.4000334484112784,https://github.com/fivethirtyeight/data/tree/master/pollster-ratings,https://electionlab.mit.edu/data
48694,76275,2016_Pres-G_IN,2016,IN,Ipsos,2016-11-03,2016-11-08,5,303.0,Online Panel,Donald Trump,REP,53.68,56.94003344841128,-3.260033448411278,3.260033448411278,https://github.com/fivethirtyeight/data/tree/master/pollster-ratings,https://electionlab.mit.edu/data
48733,76314,2016_Pres-G_IN,2016,IN,YouGov,2016-10-20,2016-11-08,19,1742.0,Online Panel,Donald Trump,REP,43.8,56.94003344841128,-13.14003344841128,13.14003344841128,https://github.com/fivethirtyeight/data/tree/master/pollster-ratings,https://electionlab.mit.edu/data
46069,72061,2016_Pres-G_KS,2016,KS,Ipsos,2016-09-12,2016-11-08,57,314.0,Online Panel,Donald Trump,REP,50.8,56.65458180583958,-5.8545818058395795,5.8545818058395795,https://github.com/fivethirtyeight/data/tree/master/pollster-ratings,https://electionlab.mit.edu/data
46830,73276,2016_Pres-G_KS,2016,KS,Ipsos,2016-10-03,2016-11-08,36,382.0,Online Panel,Donald Trump,REP,50.27,56.65458180583958,-6.384581805839574,6.384581805839574,https://github.com/fivethirtyeight/data/tree/master/pollster-ratings,https://electionlab.mit.edu/data
48784,76369,2016_Pres-G_KS,2016,KS,Ipsos,2016-10-27,2016-11-08,12,361.0,Online Panel,Donald Trump,REP,54.45,56.65458180583958,-2.204581805839574,2.204581805839574,https://github.com/fivethirtyeight/data/tree/master/pollster-ratings,https://electionlab.mit.edu/data
48735,76316,2016_Pres-G_KS,2016,KS,YouGov,2016-10-20,2016-11-08,19,776.0,Online Panel,Donald Trump,REP,47.5,56.65458180583958,-9.154581805839577,9.154581805839577,https://github.com/fivethirtyeight/data/tree/master/pollster-ratings,https://electionlab.mit.edu/data
46351,72479,2016_Pres-G_KY,2016,KY,Ipsos,2016-09-22,2016-11-08,47,361.0,Online Panel,Donald Trump,REP,56.38,62.519638551900094,-6.139638551900092,6.139638551900092,https://github.com/fivethirtyeight/data/tree/master/pollster-ratings,https://electionlab.mit.edu/data
47199,73876,2016_Pres-G_KY,2016,KY,Ipsos,2016-10-10,2016-11-08,29,458.0,Online Panel,Donald Trump,REP,51.6,62.519638551900094,-10.919638551900093,10.919638551900093,https://github.com/fivethirtyeight/data/tree/master/pollster-ratings,https://electionlab.mit.edu/data
48706,76287,2016_Pres-G_KY,2016,KY,Ipsos,2016-10-30,2016-11-08,9,391.0,Online Panel,Donald Trump,REP,58.29,62.519638551900094,-4.229638551900095,4.229638551900095,https://github.com/fivethirtyeight/data/tree/master/pollster-ratings,https://electionlab.mit.edu/data
48736,76317,2016_Pres-G_KY,2016,KY,YouGov,2016-10-20,2016-11-08,19,1229.0,Online Panel,Donald Trump,REP,52.2,62.519638551900094,-10.319638551900091,10.319638551900091,https://github.com/fivethirtyeight/data/tree/master/pollster-ratings,https://electionlab.mit.edu/data
46071,72063,2016_Pres-G_LA,2016,LA,Ipsos,2016-09-12,2016-11-08,57,369.0,Online Panel,Donald Trump,REP,51.87,58.0886846535688,-6.2186846535688005,6.2186846535688005,https://github.com/fivethirtyeight/data/tree/master/pollster-ratings,https://electionlab.mit.edu/data
46832,73278,2016_Pres-G_LA,2016,LA,Ipsos,2016-10-03,2016-11-08,36,473.0,Online Panel,Donald Trump,REP,49.16,58.0886846535688,-8.928684653568801,8.928684653568801,https://github.com/fivethirtyeight/data/tree/master/pollster-ratings,https://electionlab.mit.edu/data
48785,76370,2016_Pres-G_LA,2016,LA,Ipsos,2016-10-27,2016-11-08,12,461.0,Online Panel,Donald Trump,REP,51.56,58.0886846535688,-6.528684653568796,6.528684653568796,https://github.com/fivethirtyeight/data/tree/master/pollster-ratings,https://electionlab.mit.edu/data
48737,76318,2016_Pres-G_LA,2016,LA,YouGov,2016-10-20,2016-11-08,19,1355.0,Online Panel,Donald Trump,REP,47.3,58.0886846535688,-10.7886846535688,10.7886846535688,https://github.com/fivethirtyeight/data/tree/master/pollster-ratings,https://electionlab.mit.edu/data
45850,71614,2016_Pres-G_MA,2016,MA,Ipsos,2016-09-08,2016-11-08,61,488.0,Online Panel,Donald Trump,REP,31.09,32.808358140007684,-1.718358140007684,1.718358140007684,https://github.com/fivethirtyeight/data/tree/master/pollster-ratings,https://electionlab.mit.edu/data
46158,72166,2016_Pres-G_MA,2016,MA,YouGov,2016-09-17,2016-11-08,52,700.0,Online Panel,Donald Trump,REP,34.0,32.808358140007684,1.1916418599923162,1.1916418599923162,https://github.com/fivethirtyeight/data/tree/master/pollster-ratings,https://electionlab.mit.edu/data
46355,72483,2016_Pres-G_MA,2016,MA,Ipsos,2016-09-22,2016-11-08,47,588.0,Online Panel,Donald Trump,REP,28.38,32.808358140007684,-4.428358140007685,4.428358140007685,https://github.com/fivethirtyeight/data/tree/master/pollster-ratings,https://electionlab.mit.edu/data
46835,73281,2016_Pres-G_MA,2016,MA,Ipsos,2016-10-06,2016-11-08,33,598.0,Online Panel,Donald Trump,REP,28.57,32.808358140007684,-4.2383581400076835,4.2383581400076835,https://github.com/fivethirtyeight/data/tree/master/pollster-ratings,https://electionlab.mit.edu/data
47731,74714,2016_Pres-G_MA,2016,MA,Ipsos,2016-10-20,2016-11-08,19,494.0,Online Panel,Donald Trump,REP,26.81,32.808358140007684,-5.998358140007685,5.998358140007685,https://github.com/fivethirtyeight/data/tree/master/pollster-ratings,https://electionlab.mit.edu/data
48695,76276,2016_Pres-G_MA,2016,MA,Ipsos,2016-11-03,2016-11-08,5,365.0,Online Panel,Donald Trump,REP,35.79,32.808358140007684,2.9816418599923153,2.9816418599923153,https://github.com/fivethirtyeight/data/tree/master/pollster-ratings,https://electionlab.mit.edu/data
48740,76321,2016_Pres-G_MA,2016,MA,YouGov,2016-10-20,2016-11-08,19,1963.0,Online Panel,Donald Trump,REP,28.6,32.808358140007684,-4.208358140007682,4.208358140007682,https://github.com/fivethirtyeight/data/tree/master/pollster-ratings,https://electionlab.mit.edu/data
46073,72065,2016_Pres-G_MD,2016,MD,Ipsos,2016-09-15,2016-11-08,54,435.0,Online Panel,Donald Trump,REP,33.88,33.90930472854767,-0.029304728547664638,0.029304728547664638,https://github.com/fivethirtyeight/data/tree/master/pollster-ratings,https://electionlab.mit.edu/data
46650,72944,2016_Pres-G_MD,2016,MD,Ipsos,2016-09-29,2016-11-08,40,508.0,Online Panel,Donald Trump,REP,31.74,33.90930472854767,-2.1693047285476688,2.1693047285476688,https://github.com/fivethirtyeight/data/tree/master/pollster-ratings,https://electionlab.mit.edu/data
47202,73879,2016_Pres-G_MD,2016,MD,Ipsos,2016-10-13,2016-11-08,26,369.0,Online Panel,Donald Trump,REP,28.62,33.90930472854767,-5.289304728547666,5.289304728547666,https://github.com/fivethirtyeight/data/tree/master/pollster-ratings,https://electionlab.mit.edu/data
48707,76288,2016_Pres-G_MD,2016,MD,Ipsos,2016-10-30,2016-11-08,9,472.0,Online Panel,Donald Trump,REP,33.6,33.90930472854767,-0.3093047285476658,0.3093047285476658,https://github.com/fivethirtyeight/data/tree/master/pollster-ratings,https://electionlab.mit.edu/data
48739,76320,2016_Pres-G_MD,2016,MD,YouGov,2016-10-20,2016-11-08,19,1652.0,Online Panel,Donald Trump,REP,29.2,33.90930472854767,-4.709304728547668,4.709304728547668,https://github.com/fivethirtyeight/data/tree/master/pollster-ratings,https://electionlab.mit.edu/data
46353,72481,2016_Pres-G_ME,2016,ME,Ipsos,2016-09-19,2016-11-08,50,276.0,Online Panel,Donald Trump,REP,33.56,44.86975333154171,-11.309753331541707,11.309753331541707,https://github.com/fivethirtyeight/data/tree/master/pollster-ratings,https://electionlab.mit.edu/data
47201,73878,2016_Pres-G_ME,2016,ME,Ipsos,2016-10-10,2016-11-08,29,202.0,Online Panel,Donald Trump,REP,38.69,44.86975333154171,-6.179753331541711,6.179753331541711,https://github.com/fivethirtyeight/data/tree/master/pollster-ratings,https://electionlab.mit.edu/data
48786,76371,2016_Pres-G_ME,2016,ME,Ipsos,2016-10-30,2016-11-08,9,245.0,Online Panel,Donald Trump,REP,35.08,44.86975333154171,-9.78975333154171,9.78975333154171,https://github.com/fivethirtyeight/data/tree/master/pollster-ratings,https://electionlab.mit.edu/data
48738,76319,2016_Pres-G_ME,2016,ME,YouGov,2016-10-20,2016-11-08,19,437.0,Online Panel,Donald Trump,REP,34.0,44.86975333154171,-10.869753331541709,10.869753331541709,https://github.com/fivethirtyeight/data/tree/master/pollster-ratings,https://electionlab.mit.edu/data
46075,72067,2016_Pres-G_MI,2016,MI,Ipsos,2016-09-15,2016-11-08,54,632.0,Online Panel,Donald Trump,REP,41.67,47.43857346087157,-5.768573460871565,5.768573460871565,https://github.com/fivethirtyeight/data/tree/master/pollster-ratings,https://electionlab.mit.edu/data
46356,72484,2016_Pres-G_MI,2016,MI,Ipsos,2016-09-26,2016-11-08,43,375.0,Online Panel,Donald Trump,REP,39.05,47.43857346087157,-8.38857346087157,8.38857346087157,https://github.com/fivethirtyeight/data/tree/master/pollster-ratings,https://electionlab.mit.edu/data
46652,72946,2016_Pres-G_MI,2016,MI,Ipsos,2016-10-03,2016-11-08,36,418.0,Online Panel,Donald Trump,REP,38.18,47.43857346087157,-9.258573460871567,9.258573460871567,https://github.com/fivethirtyeight/data/tree/master/pollster-ratings,https://electionlab.mit.edu/data
46836,73282,2016_Pres-G_MI,2016,MI,Ipsos,2016-10-10,2016-11-08,29,1168.0,Online Panel,Donald Trump,REP,37.33,47.43857346087157,-10.108573460871568,10.108573460871568,https://github.com/fivethirtyeight/data/tree/master/pollster-ratings,https://electionlab.mit.edu/data
47204,73881,2016_Pres-G_MI,2016,MI,Ipsos,2016-10-17,2016-11-08,22,441.0,Online Panel,Donald Trump,REP,40.82,47.43857346087157,-6.618573460871566,6.618573460871566,https://github.com/fivethirtyeight/data/tree/master/pollster-ratings,https://electionlab.mit.edu/data
47732,74715,2016_Pres-G_MI,2016,MI,Ipsos,2016-10-24,2016-11-08,15,335.0,Online Panel,Donald Trump,REP,37.11,47.43857346087157,-10.328573460871567,10.328573460871567,https://github.com/fivethirtyeight/data/tree/master/pollster-ratings,https://electionlab.mit.edu/data
48696,76277,2016_Pres-G_MI,2016,MI,Ipsos,2016-11-03,2016-11-08,5,342.0,Online Panel,Donald Trump,REP,44.53,47.43857346087157,-2.9085734608715654,2.9085734608715654,https://github.com/fivethirtyeight/data/tree/master/pollster-ratings,https://electionlab.mit.edu/data
48741,76322,2016_Pres-G_MI,2016,MI,YouGov,2016-10-20,2016-11-08,19,3014.0,Online Panel,Donald Trump,REP,36.0,47.43857346087157,-11.438573460871567,11.438573460871567,https://github.com/fivethirtyeight/data/tree/master/pollster-ratings,https://electionlab.mit.edu/data
46076,72068,2016_Pres-G_MN,2016,MN,Ipsos,2016-09-15,2016-11-08,54,510.0,Online Panel,Donald Trump,REP,35.94,44.92519310427733,-8.985193104277329,8.985193104277329,https://github.com/fivethirtyeight/data/tree/master/pollster-ratings,https://electionlab.mit.edu/data
46653,72947,2016_Pres-G_MN,2016,MN,Ipsos,2016-09-29,2016-11-08,40,645.0,Online Panel,Donald Trump,REP,37.57,44.92519310427733,-7.355193104277326,7.355193104277326,https://github.com/fivethirtyeight/data/tree/master/pollster-ratings,https://electionlab.mit.edu/data
47205,73882,2016_Pres-G_MN,2016,MN,Ipsos,2016-10-13,2016-11-08,26,499.0,Online Panel,Donald Trump,REP,32.36,44.92519310427733,-12.565193104277327,12.565193104277327,https://github.com/fivethirtyeight/data/tree/master/pollster-ratings,https://electionlab.mit.edu/data
48708,76289,2016_Pres-G_MN,2016,MN,Ipsos,2016-10-30,2016-11-08,9,647.0,Online Panel,Donald Trump,REP,36.0,44.92519310427733,-8.925193104277326,8.925193104277326,https://github.com/fivethirtyeight/data/tree/master/pollster-ratings,https://electionlab.mit.edu/data
48742,76323,2016_Pres-G_MN,2016,MN,YouGov,2016-10-20,2016-11-08,19,1736.0,Online Panel,Donald Trump,REP,35.9,44.92519310427733,-9.025193104277328,9.025193104277328,https://github.com/fivethirtyeight/data/tree/master/pollster-ratings,https://electionlab.mit.edu/data
46078,72070,2016_Pres-G_MO,2016,MO,Ipsos,2016-09-15,2016-11-08,54,356.0,Online Panel,Donald Trump,REP,50.79,56.77240847937871,-5.982408479378712,5.982408479378712,https://github.com/fivethirtyeight/data/tree/master/pollster-ratings,https://electionlab.mit.edu/data
46028,71984,2016_Pres-G_MO,2016,MO,YouGov,2016-09-22,2016-11-08,47,1087.0,Live Phone/Online Panel,Donald Trump,REP,46.0,56.77240847937871,-10.772408479378711,10.772408479378711,https://github.com/fivethirtyeight/data/tree/master/pollster-ratings,https://electionlab.mit.edu/data
46655,72949,2016_Pres-G_MO,2016,MO,Ipsos,2016-09-29,2016-11-08,40,478.0,Online Panel,Donald Trump,REP,48.7,56.77240847937871,-8.072408479378709,8.072408479378709,https://github.com/fivethirtyeight/data/tree/master/pollster-ratings,https://electionlab.mit.edu/data
47207,73884,2016_Pres-G_MO,2016,MO,Ipsos,2016-10-13,2016-11-08,26,321.0,Online Panel,Donald Trump,REP,48.14,56.77240847937871,-8.63240847937871,8.63240847937871,https://github.com/fivethirtyeight/data/tree/master/pollster-ratings,https://electionlab.mit.edu/data
48710,76291,2016_Pres-G_MO,2016,MO,Ipsos,2016-10-30,2016-11-08,9,401.0,Online Panel,Donald Trump,REP,48.01,56.77240847937871,-8.762408479378713,8.762408479378713,https://github.com/fivethirtyeight/data/tree/master/pollster-ratings,https://electionlab.mit.edu/data
48744,76325,2016_Pres-G_MO,2016,MO,YouGov,2016-10-20,2016-11-08,19,1814.0,Online Panel,Donald Trump,REP,43.3,56.77240847937871,-13.472408479378714,13.472408479378714,https://github.com/fivethirtyeight/data/tree/master/pollster-ratings,https://electionlab.mit.edu/data
46358,72486,2016_Pres-G_MS,2016,MS,Ipsos,2016-09-19,2016-11-08,50,202.0,Online Panel,Donald Trump,REP,49.22,57.94103808883564,-8.721038088835641,8.721038088835641,https://github.com/fivethirtyeight/data/tree/master/pollster-ratings,https://electionlab.mit.edu/data
47206,73883,2016_Pres-G_MS,2016,MS,Ipsos,2016-10-10,2016-11-08,29,171.0,Online Panel,Donald Trump,REP,52.08,57.94103808883564,-5.861038088835642,5.861038088835642,https://github.com/fivethirtyeight/data/tree/master/pollster-ratings,https://electionlab.mit.edu/data
48709,76290,2016_Pres-G_MS,2016,MS,Ipsos,2016-10-30,2016-11-08,9,184.0,Online Panel,Donald Trump,REP,53.09,57.94103808883564,-4.851038088835637,4.851038088835637,https://github.com/fivethirtyeight/data/tree/master/pollster-ratings,https://electionlab.mit.edu/data
48743,76324,2016_Pres-G_MS,2016,MS,YouGov,2016-10-20,2016-11-08,19,861.0,Online Panel,Donald Trump,REP,45.5,57.94103808883564,-12.44103808883564,12.44103808883564,https://github.com/fivethirtyeight/data/tree/master/pollster-ratings,https://electionlab.mit.edu/data
46360,72488,2016_Pres-G_MT,2016,MT,Ipsos,2016-09-19,2016-11-08,50,144.0,Online Panel,Donald Trump,REP,53.47,56.16849744642932,-2.6984974464293217,2.6984974464293217,https://github.com/fivethirtyeight/data/tree/master/pollster-ratings,https://electionlab.mit.edu/data
47208,73885,2016_Pres-G_MT,2016,MT,Ipsos,2016-10-10,2016-11-08,29,109.0,Online Panel,Donald Trump,REP,50.8,56.16849744642932,-5.368497446429323,5.368497446429323,https://github.com/fivethirtyeight/data/tree/master/pollster-ratings,https://electionlab.mit.edu/data
48787,76372,2016_Pres-G_MT,2016,MT,Ipsos,2016-10-30,2016-11-08,9,115.0,Online Panel,Donald Trump,REP,53.66,56.16849744642932,-2.508497446429324,2.508497446429324,https://github.com/fivethirtyeight/data/tree/master/pollster-ratings,https://electionlab.mit.edu/data
48745,76326,2016_Pres-G_MT,2016,MT,YouGov,2016-10-20,2016-11-08,19,307.0,Online Panel,Donald Trump,REP,44.1,56.16849744642932,-12.068497446429319,12.068497446429319,https://github.com/fivethirtyeight/data/tree/master/pollster-ratings,https://electionlab.mit.edu/data
45862,71626,2016_Pres-G_NC,2016,NC,Ipsos,2016-09-08,2016-11-08,61,502.0,Online Panel,Donald Trump,REP,43.72,49.828094696180415,-6.108094696180416,6.108094696180416,https://github.com/fivethirtyeight/data/tree/master/pollster-ratings,https://electionlab.mit.edu/data
46367,72495,2016_Pres-G_NC,2016,NC,Ipsos,2016-09-22,2016-11-08,47,520.0,Online Panel,Donald Trump,REP,43.58,49.828094696180415,-6.2480946961804165,6.2480946961804165,https://github.com/fivethirtyeight/data/tree/master/pollster-ratings,https://electionlab.mit.edu/data
46663,72957,2016_Pres-G_NC,2016,NC,Ipsos,2016-10-03,2016-11-08,36,326.0,Online Panel,Donald Trump,REP,43.09,49.828094696180415,-6.738094696180411,6.738094696180411,https://github.com/fivethirtyeight/data/tree/master/pollster-ratings,https://electionlab.mit.edu/data
46788,73166,2016_Pres-G_NC,2016,NC,Marist,2016-10-11,2016-11-08,28,743.0,Live Phone,Donald Trump,REP,41.0,49.828094696180415,-8.828094696180415,8.828094696180415,https://github.com/fivethirtyeight/data/tree/master/pollster-ratings,https://electionlab.mit.edu/data
46847,73293,2016_Pres-G_NC,2016,NC,Ipsos,2016-10-10,2016-11-08,29,1056.0,Online Panel,Donald Trump,REP,42.42,49.828094696180415,-7.408094696180413,7.408094696180413,https://github.com/fivethirtyeight/data/tree/master/pollster-ratings,https://electionlab.mit.edu/data
47775,74766,2016_Pres-G_NC,2016,NC,Marist,2016-10-25,2016-11-08,14,780.0,Live Phone,Donald Trump,REP,41.0,49.828094696180415,-8.828094696180415,8.828094696180415,https://github.com/fivethirtyeight/data/tree/master/pollster-ratings,https://electionlab.mit.edu/data
47743,74726,2016_Pres-G_NC,2016,NC,Ipsos,2016-10-20,2016-11-08,19,644.0,Online Panel,Donald Trump,REP,43.77,49.828094696180415,-6.058094696180412,6.058094696180412,https://github.com/fivethirtyeight/data/tree/master/pollster-ratings,https://electionlab.mit.edu/data
47779,74789,2016_Pres-G_NC,2016,NC,YouGov,2016-10-27,2016-11-08,12,992.0,Live Phone/Online Panel,Donald Trump,REP,45.0,49.828094696180415,-4.828094696180415,4.828094696180415,https://github.com/fivethirtyeight/data/tree/master/pollster-ratings,https://electionlab.mit.edu/data
48699,76280,2016_Pres-G_NC,2016,NC,Ipsos,2016-11-03,2016-11-08,5,371.0,Online Panel,Donald Trump,REP,46.9,49.828094696180415,-2.928094696180416,2.928094696180416,https://github.com/fivethirtyeight/data/tree/master/pollster-ratings,https://electionlab.mit.edu/data
48752,76333,2016_Pres-G_NC,2016,NC,YouGov,2016-10-20,2016-11-08,19,2916.0,Online Panel,Donald Trump,REP,41.3,49.828094696180415,-8.528094696180418,8.528094696180418,https://github.com/fivethirtyeight/data/tree/master/pollster-ratings,https://electionlab.mit.edu/data
46848,73294,2016_Pres-G_ND,2016,ND,Ipsos,2016-10-03,2016-11-08,36,105.0,Online Panel,Donald Trump,REP,44.9,62.9556278313393,-18.0556278313393,18.0556278313393,https://github.com/fivethirtyeight/data/tree/master/pollster-ratings,https://electionlab.mit.edu/data
48245,75546,2016_Pres-G_ND,2016,ND,Ipsos,2016-10-30,2016-11-08,9,153.0,Online Panel,Donald Trump,REP,49.74,62.9556278313393,-13.215627831339297,13.215627831339297,https://github.com/fivethirtyeight/data/tree/master/pollster-ratings,https://electionlab.mit.edu/data
48753,76334,2016_Pres-G_ND,2016,ND,YouGov,2016-10-20,2016-11-08,19,201.0,Online Panel,Donald Trump,REP,44.8,62.9556278313393,-18.155627831339302,18.155627831339302,https://github.com/fivethirtyeight/data/tree/master/pollster-ratings,https://electionlab.mit.edu/data
46361,72489,2016_Pres-G_NE,2016,NE,Ipsos,2016-09-19,2016-11-08,50,197.0,Online Panel,Donald Trump,REP,51.19,58.74735112712576,-7.557351127125763,7.557351127125763,https://github.com/fivethirtyeight/data/tree/master/pollster-ratings,https://electionlab.mit.edu/data
47209,73886,2016_Pres-G_NE,2016,NE,Ipsos,2016-10-10,2016-11-08,29,207.0,Online Panel,Donald Trump,REP,46.81,58.74735112712576,-11.937351127125758,11.937351127125758,https://github.com/fivethirtyeight/data/tree/master/pollster-ratings,https://electionlab.mit.edu/data
48711,76292,2016_Pres-G_NE,2016,NE,Ipsos,2016-10-30,2016-11-08,9,216.0,Online Panel,Donald Trump,REP,53.27,58.74735112712576,-5.477351127125758,5.477351127125758,https://github.com/fivethirtyeight/data/tree/master/pollster-ratings,https://electionlab.mit.edu/data
48746,76327,2016_Pres-G_NE,2016,NE,YouGov,2016-10-20,2016-11-08,19,506.0,Online Panel,Donald Trump,REP,44.9,58.74735112712576,-13.847351127125762,13.847351127125762,https://github.com/fivethirtyeight/data/tree/master/pollster-ratings,https://electionlab.mit.edu/data
46363,72491,2016_Pres-G_NH,2016,NH,Ipsos,2016-09-19,2016-11-08,50,170.0,Online Panel,Donald Trump,REP,41.25,46.45866698195341,-5.208666981953407,5.208666981953407,https://github.com/fivethirtyeight/data/tree/master/pollster-ratings,https://electionlab.mit.edu/data
47211,73888,2016_Pres-G_NH,2016,NH,Ipsos,2016-10-10,2016-11-08,29,179.0,Online Panel,Donald Trump,REP,39.21,46.45866698195341,-7.248666981953406,7.248666981953406,https://github.com/fivethirtyeight/data/tree/master/pollster-ratings,https://electionlab.mit.edu/data
47326,74384,2016_Pres-G_NH,2016,NH,YouGov,2016-10-19,2016-11-08,20,772.0,Online Panel,Donald Trump,REP,38.0,46.45866698195341,-8.458666981953407,8.458666981953407,https://github.com/fivethirtyeight/data/tree/master/pollster-ratings,https://electionlab.mit.edu/data
47539,74346,2016_Pres-G_NH,2016,NH,Marist,2016-10-22,2016-11-08,17,768.0,Live Phone,Donald Trump,REP,36.0,46.45866698195341,-10.458666981953407,10.458666981953407,https://github.com/fivethirtyeight/data/tree/master/pollster-ratings,https://electionlab.mit.edu/data
48658,76374,2016_Pres-G_NH,2016,NH,Ipsos,2016-10-30,2016-11-08,9,196.0,Online Panel,Donald Trump,REP,41.81,46.45866698195341,-4.648666981953404,4.648666981953404,https://github.com/fivethirtyeight/data/tree/master/pollster-ratings,https://electionlab.mit.edu/data
48748,76329,2016_Pres-G_NH,2016,NH,YouGov,2016-10-20,2016-11-08,19,430.0,Online Panel,Donald Trump,REP,34.4,46.45866698195341,-12.058666981953408,12.058666981953408,https://github.com/fivethirtyeight/data/tree/master/pollster-ratings,https://electionlab.mit.edu/data
46083,72075,2016_Pres-G_NJ,2016,NJ,Ipsos,2016-09-15,2016-11-08,54,853.0,Online Panel,Donald Trump,REP,32.22,41.35038665002945,-9.13038665002945,9.13038665002945,https://github.com/fivethirtyeight/data/tree/master/pollster-ratings,https://electionlab.mit.edu/data
46364,72492,2016_Pres-G_NJ,2016,NJ,Ipsos,2016-09-26,2016-11-08,43,545.0,Online Panel,Donald Trump,REP,34.18,41.35038665002945,-7.1703866500294495,7.1703866500294495,https://github.com/fivethirtyeight/data/tree/master/pollster-ratings,https://electionlab.mit.edu/data
46844,73290,2016_Pres-G_NJ,2016,NJ,Ipsos,2016-10-06,2016-11-08,33,953.0,Online Panel,Donald Trump,REP,32.23,41.35038665002945,-9.120386650029452,9.120386650029452,https://github.com/fivethirtyeight/data/tree/master/pollster-ratings,https://electionlab.mit.edu/data
47740,74723,2016_Pres-G_NJ,2016,NJ,Ipsos,2016-10-20,2016-11-08,19,800.0,Online Panel,Donald Trump,REP,34.25,41.35038665002945,-7.100386650029449,7.100386650029449,https://github.com/fivethirtyeight/data/tree/master/pollster-ratings,https://electionlab.mit.edu/data
48697,76278,2016_Pres-G_NJ,2016,NJ,Ipsos,2016-11-03,2016-11-08,5,551.0,Online Panel,Donald Trump,REP,37.86,41.35038665002945,-3.49038665002945,3.49038665002945,https://github.com/fivethirtyeight/data/tree/master/pollster-ratings,https://electionlab.mit.edu/data
48749,76330,2016_Pres-G_NJ,2016,NJ,YouGov,2016-10-20,2016-11-08,19,2377.0,Online Panel,Donald Trump,REP,35.7,41.35038665002945,-5.650386650029446,5.650386650029446,https://github.com/fivethirtyeight/data/tree/master/pollster-ratings,https://electionlab.mit.edu/data
46365,72493,2016_Pres-G_NM,2016,NM,Ipsos,2016-09-19,2016-11-08,50,145.0,Online Panel,Donald Trump,REP,39.69,40.04251433324272,-0.3525143332427234,0.3525143332427234,https://github.com/fivethirtyeight/data/tree/master/pollster-ratings,https://electionlab.mit.edu/data
47213,73890,2016_Pres-G_NM,2016,NM,Ipsos,2016-10-10,2016-11-08,29,150.0,Online Panel,Donald Trump,REP,35.11,40.04251433324272,-4.932514333242722,4.932514333242722,https://github.com/fivethirtyeight/data/tree/master/pollster-ratings,https://electionlab.mit.edu/data
48789,76375,2016_Pres-G_NM,2016,NM,Ipsos,2016-10-30,2016-11-08,9,158.0,Online Panel,Donald Trump,REP,38.34,40.04251433324272,-1.7025143332427177,1.7025143332427177,https://github.com/fivethirtyeight/data/tree/master/pollster-ratings,https://electionlab.mit.edu/data
48750,76331,2016_Pres-G_NM,2016,NM,YouGov,2016-10-20,2016-11-08,19,508.0,Online Panel,Donald Trump,REP,34.6,40.04251433324272,-5.44251433324272,5.44251433324272,https://github.com/fivethirtyeight/data/tree/master/pollster-ratings,https://electionlab.mit.edu/data
46081,72073,2016_Pres-G_NV,2016,NV,Ipsos,2016-09-12,2016-11-08,57,294.0,Online Panel,Donald Trump,REP,45.02,45.50069531760242,-0.480695317602418,0.480695317602418,https://github.com/fivethirtyeight/data/tree/master/pollster-ratings,https://electionlab.mit.edu/data
46842,73288,2016_Pres-G_NV,2016,NV,Ipsos,2016-10-03,2016-11-08,36,347.0,Online Panel,Donald Trump,REP,38.73,45.50069531760242,-6.770695317602424,6.770695317602424,https://github.com/fivethirtyeight/data/tree/master/pollster-ratings,https://electionlab.mit.edu/data
46867,73320,2016_Pres-G_NV,2016,NV,YouGov,2016-10-13,2016-11-08,26,996.0,Live Phone/Online Panel,Donald Trump,REP,40.0,45.50069531760242,-5.500695317602421,5.500695317602421,https://github.com/fivethirtyeight/data/tree/master/pollster-ratings,https://electionlab.mit.edu/data
47540,74347,2016_Pres-G_NV,2016,NV,Marist,2016-10-22,2016-11-08,17,707.0,Live Phone,Donald Trump,REP,43.0,45.50069531760242,-2.500695317602421,2.500695317602421,https://github.com/fivethirtyeight/data/tree/master/pollster-ratings,https://electionlab.mit.edu/data
48788,76373,2016_Pres-G_NV,2016,NV,Ipsos,2016-10-27,2016-11-08,12,339.0,Online Panel,Donald Trump,REP,42.15,45.50069531760242,-3.3506953176024226,3.3506953176024226,https://github.com/fivethirtyeight/data/tree/master/pollster-ratings,https://electionlab.mit.edu/data
48747,76328,2016_Pres-G_NV,2016,NV,YouGov,2016-10-20,2016-11-08,19,656.0,Online Panel,Donald Trump,REP,40.9,45.50069531760242,-4.600695317602423,4.600695317602423,https://github.com/fivethirtyeight/data/tree/master/pollster-ratings,https://electionlab.mit.edu/data
45861,71625,2016_Pres-G_NY,2016,NY,Ipsos,2016-09-12,2016-11-08,57,544.0,Online Panel,Donald Trump,REP,29.97,32.72884002531648,-2.7588400253164806,2.7588400253164806,https://github.com/fivethirtyeight/data/tree/master/pollster-ratings,https://electionlab.mit.edu/data
46085,72077,2016_Pres-G_NY,2016,NY,Ipsos,2016-09-19,2016-11-08,50,535.0,Online Panel,Donald Trump,REP,34.06,32.72884002531648,1.3311599746835228,1.3311599746835228,https://github.com/fivethirtyeight/data/tree/master/pollster-ratings,https://electionlab.mit.edu/data
46157,72159,2016_Pres-G_NY,2016,NY,Marist,2016-09-22,2016-11-08,47,676.0,Live Phone,Donald Trump,REP,31.0,32.72884002531648,-1.7288400253164795,1.7288400253164795,https://github.com/fivethirtyeight/data/tree/master/pollster-ratings,https://electionlab.mit.edu/data
46366,72494,2016_Pres-G_NY,2016,NY,Ipsos,2016-09-26,2016-11-08,43,651.0,Online Panel,Donald Trump,REP,29.05,32.72884002531648,-3.678840025316479,3.678840025316479,https://github.com/fivethirtyeight/data/tree/master/pollster-ratings,https://electionlab.mit.edu/data
46662,72956,2016_Pres-G_NY,2016,NY,Ipsos,2016-10-03,2016-11-08,36,714.0,Online Panel,Donald Trump,REP,31.07,32.72884002531648,-1.6588400253164792,1.6588400253164792,https://github.com/fivethirtyeight/data/tree/master/pollster-ratings,https://electionlab.mit.edu/data
46846,73292,2016_Pres-G_NY,2016,NY,Ipsos,2016-10-10,2016-11-08,29,434.0,Online Panel,Donald Trump,REP,26.67,32.72884002531648,-6.058840025316478,6.058840025316478,https://github.com/fivethirtyeight/data/tree/master/pollster-ratings,https://electionlab.mit.edu/data
47214,73891,2016_Pres-G_NY,2016,NY,Ipsos,2016-10-17,2016-11-08,22,346.0,Online Panel,Donald Trump,REP,30.1,32.72884002531648,-2.628840025316478,2.628840025316478,https://github.com/fivethirtyeight/data/tree/master/pollster-ratings,https://electionlab.mit.edu/data
47742,74725,2016_Pres-G_NY,2016,NY,Ipsos,2016-10-24,2016-11-08,15,498.0,Online Panel,Donald Trump,REP,30.28,32.72884002531648,-2.4488400253164784,2.4488400253164784,https://github.com/fivethirtyeight/data/tree/master/pollster-ratings,https://electionlab.mit.edu/data
48698,76279,2016_Pres-G_NY,2016,NY,Ipsos,2016-11-03,2016-11-08,5,552.0,Online Panel,Donald Trump,REP,33.0,32.72884002531648,0.2711599746835205,0.2711599746835205,https://github.com/fivethirtyeight/data/tree/master/pollster-ratings,https://electionlab.mit.edu/data
48751,76332,2016_Pres-G_NY,2016,NY,YouGov,2016-10-20,2016-11-08,19,4663.0,Online Panel,Donald Trump,REP,31.4,32.72884002531648,-1.328840025316481,1.328840025316481,https://github.com/fivethirtyeight/data/tree/master/pollster-ratings,https://electionlab.mit.edu/data
45863,71627,2016_Pres-G_OH,2016,OH,Ipsos,2016-09-12,2016-11-08,57,450.0,Online Panel,Donald Trump,REP,43.52,51.68765067578619,-8.167650675786184,8.167650675786184,https://github.com/fivethirtyeight/data/tree/master/pollster-ratings,https://electionlab.mit.edu/data
46087,72079,2016_Pres-G_OH,2016,OH,Ipsos,2016-09-19,2016-11-08,50,407.0,Online Panel,Donald Trump,REP,42.88,51.68765067578619,-8.807650675786185,8.807650675786185,https://github.com/fivethirtyeight/data/tree/master/pollster-ratings,https://electionlab.mit.edu/data
46368,72496,2016_Pres-G_OH,2016,OH,Ipsos,2016-09-26,2016-11-08,43,557.0,Online Panel,Donald Trump,REP,42.81,51.68765067578619,-8.877650675786185,8.877650675786185,https://github.com/fivethirtyeight/data/tree/master/pollster-ratings,https://electionlab.mit.edu/data
46665,72959,2016_Pres-G_OH,2016,OH,Ipsos,2016-10-03,2016-11-08,36,609.0,Online Panel,Donald Trump,REP,42.56,51.68765067578619,-9.127650675786185,9.127650675786185,https://github.com/fivethirtyeight/data/tree/master/pollster-ratings,https://electionlab.mit.edu/data
46571,72851,2016_Pres-G_OH,2016,OH,YouGov,2016-10-06,2016-11-08,33,997.0,Live Phone/Online Panel,Donald Trump,REP,42.0,51.68765067578619,-9.687650675786188,9.687650675786188,https://github.com/fivethirtyeight/data/tree/master/pollster-ratings,https://electionlab.mit.edu/data
46789,73167,2016_Pres-G_OH,2016,OH,Marist,2016-10-11,2016-11-08,28,724.0,Live Phone,Donald Trump,REP,42.0,51.68765067578619,-9.687650675786188,9.687650675786188,https://github.com/fivethirtyeight/data/tree/master/pollster-ratings,https://electionlab.mit.edu/data
47216,73893,2016_Pres-G_OH,2016,OH,Ipsos,2016-10-13,2016-11-08,26,1839.0,Online Panel,Donald Trump,REP,42.75,51.68765067578619,-8.937650675786188,8.937650675786188,https://github.com/fivethirtyeight/data/tree/master/pollster-ratings,https://electionlab.mit.edu/data
47744,74727,2016_Pres-G_OH,2016,OH,Ipsos,2016-10-24,2016-11-08,15,508.0,Online Panel,Donald Trump,REP,45.17,51.68765067578619,-6.517650675786186,6.517650675786186,https://github.com/fivethirtyeight/data/tree/master/pollster-ratings,https://electionlab.mit.edu/data
48481,75977,2016_Pres-G_OH,2016,OH,YouGov,2016-11-03,2016-11-08,5,1189.0,Live Phone/Online Panel,Donald Trump,REP,46.0,51.68765067578619,-5.6876506757861875,5.6876506757861875,https://github.com/fivethirtyeight/data/tree/master/pollster-ratings,https://electionlab.mit.edu/data
48700,76281,2016_Pres-G_OH,2016,OH,Ipsos,2016-11-03,2016-11-08,5,552.0,Online Panel,Donald Trump,REP,46.0,51.68765067578619,-5.6876506757861875,5.6876506757861875,https://github.com/fivethirtyeight/data/tree/master/pollster-ratings,https://electionlab.mit.edu/data
48754,76335,2016_Pres-G_OH,2016,OH,YouGov,2016-10-20,2016-11-08,19,3455.0,Online Panel,Donald Trump,REP,41.5,51.68765067578619,-10.187650675786188,10.187650675786188,https://github.com/fivethirtyeight/data/tree/master/pollster-ratings,https://electionlab.mit.edu/data
46088,72080,2016_Pres-G_OK,2016,OK,Ipsos,2016-09-12,2016-11-08,57,332.0,Online Panel,Donald Trump,REP,54.94,65.32286481962736,-10.382864819627358,10.382864819627358,https://github.com/fivethirtyeight/data/tree/master/pollster-ratings,https://electionlab.mit.edu/data
46850,73296,2016_Pres-G_OK,2016,OK,Ipsos,2016-10-03,2016-11-08,36,432.0,Online Panel,Donald Trump,REP,51.26,65.32286481962736,-14.062864819627357,14.062864819627357,https://github.com/fivethirtyeight/data/tree/master/pollster-ratings,https://electionlab.mit.edu/data
48790,76376,2016_Pres-G_OK,2016,OK,Ipsos,2016-10-27,2016-11-08,12,432.0,Online Panel,Donald Trump,REP,60.78,65.32286481962736,-4.542864819627354,4.542864819627354,https://github.com/fivethirtyeight/data/tree/master/pollster-ratings,https://electionlab.mit.edu/data
48755,76336,2016_Pres-G_OK,2016,OK,YouGov,2016-10-20,2016-11-08,19,949.0,Online Panel,Donald Trump,REP,53.4,65.32286481962736,-11.922864819627357,11.922864819627357,https://github.com/fivethirtyeight/data/tree/master/pollster-ratings,https://electionlab.mit.edu/data
46370,72498,2016_Pres-G_OR,2016,OR,Ipsos,2016-09-22,2016-11-08,47,436.0,Online Panel,Donald Trump,REP,37.65,39.094035184496754,-1.4440351844967552,1.4440351844967552,https://github.com/fivethirtyeight/data/tree/master/pollster-ratings,https://electionlab.mit.edu/data
47218,73895,2016_Pres-G_OR,2016,OR,Ipsos,2016-10-10,2016-11-08,29,644.0,Online Panel,Donald Trump,REP,37.24,39.094035184496754,-1.8540351844967518,1.8540351844967518,https://github.com/fivethirtyeight/data/tree/master/pollster-ratings,https://electionlab.mit.edu/data
48712,76293,2016_Pres-G_OR,2016,OR,Ipsos,2016-10-30,2016-11-08,9,465.0,Online Panel,Donald Trump,REP,37.04,39.094035184496754,-2.0540351844967546,2.0540351844967546,https://github.com/fivethirtyeight/data/tree/master/pollster-ratings,https://electionlab.mit.edu/data
48756,76337,2016_Pres-G_OR,2016,OR,YouGov,2016-10-20,2016-11-08,19,1112.0,Online Panel,Donald Trump,REP,36.0,39.094035184496754,-3.0940351844967537,3.0940351844967537,https://github.com/fivethirtyeight/data/tree/master/pollster-ratings,https://electionlab.mit.edu/data
45866,71630,2016_Pres-G_PA,2016,PA,Ipsos,2016-09-12,2016-11-08,57,423.0,Online Panel,Donald Trump,REP,43.81,48.18333631228592,-4.373336312285915,4.373336312285915,https://github.com/fivethirtyeight/data/tree/master/pollster-ratings,https://electionlab.mit.edu/data
46090,72082,2016_Pres-G_PA,2016,PA,Ipsos,2016-09-19,2016-11-08,50,387.0,Online Panel,Donald Trump,REP,46.46,48.18333631228592,-1.723336312285916,1.723336312285916,https://github.com/fivethirtyeight/data/tree/master/pollster-ratings,https://electionlab.mit.edu/data
46371,72499,2016_Pres-G_PA,2016,PA,Ipsos,2016-09-26,2016-11-08,43,500.0,Online Panel,Donald Trump,REP,42.35,48.18333631228592,-5.833336312285915,5.833336312285915,https://github.com/fivethirtyeight/data/tree/master/pollster-ratings,https://electionlab.mit.edu/data
46668,72962,2016_Pres-G_PA,2016,PA,Ipsos,2016-10-03,2016-11-08,36,468.0,Online Panel,Donald Trump,REP,42.79,48.18333631228592,-5.393336312285918,5.393336312285918,https://github.com/fivethirtyeight/data/tree/master/pollster-ratings,https://electionlab.mit.edu/data
46567,72837,2016_Pres-G_PA,2016,PA,Marist,2016-10-05,2016-11-08,34,709.0,Live Phone,Donald Trump,REP,37.0,48.18333631228592,-11.183336312285917,11.183336312285917,https://github.com/fivethirtyeight/data/tree/master/pollster-ratings,https://electionlab.mit.edu/data
46570,72853,2016_Pres-G_PA,2016,PA,YouGov,2016-10-06,2016-11-08,33,997.0,Live Phone/Online Panel,Donald Trump,REP,40.0,48.18333631228592,-8.183336312285917,8.183336312285917,https://github.com/fivethirtyeight/data/tree/master/pollster-ratings,https://electionlab.mit.edu/data
46852,73298,2016_Pres-G_PA,2016,PA,Ipsos,2016-10-10,2016-11-08,29,1153.0,Online Panel,Donald Trump,REP,41.91,48.18333631228592,-6.27333631228592,6.27333631228592,https://github.com/fivethirtyeight/data/tree/master/pollster-ratings,https://electionlab.mit.edu/data
47219,73896,2016_Pres-G_PA,2016,PA,Ipsos,2016-10-17,2016-11-08,22,553.0,Online Panel,Donald Trump,REP,38.7,48.18333631228592,-9.483336312285914,9.483336312285914,https://github.com/fivethirtyeight/data/tree/master/pollster-ratings,https://electionlab.mit.edu/data
47747,74730,2016_Pres-G_PA,2016,PA,Ipsos,2016-10-24,2016-11-08,15,445.0,Online Panel,Donald Trump,REP,45.87,48.18333631228592,-2.3133363122859194,2.3133363122859194,https://github.com/fivethirtyeight/data/tree/master/pollster-ratings,https://electionlab.mit.edu/data
47777,74787,2016_Pres-G_PA,2016,PA,YouGov,2016-10-27,2016-11-08,12,1091.0,Live Phone/Online Panel,Donald Trump,REP,40.0,48.18333631228592,-8.183336312285917,8.183336312285917,https://github.com/fivethirtyeight/data/tree/master/pollster-ratings,https://electionlab.mit.edu/data
48683,76246,2016_Pres-G_PA,2016,PA,YouGov,2016-11-04,2016-11-08,4,931.0,Online Panel,Donald Trump,REP,43.0,48.18333631228592,-5.183336312285917,5.183336312285917,https://github.com/fivethirtyeight/data/tree/master/pollster-ratings,https://electionlab.mit.edu/data
48701,76282,2016_Pres-G_PA,2016,PA,Ipsos,2016-11-03,2016-11-08,5,498.0,Online Panel,Donald Trump,REP,45.19,48.18333631228592,-2.993336312285919,2.993336312285919,https://github.com/fivethirtyeight/data/tree/master/pollster-ratings,https://electionlab.mit.edu/data
48757,76338,2016_Pres-G_PA,2016,PA,YouGov,2016-10-20,2016-11-08,19,3704.0,Online Panel,Donald Trump,REP,41.2,48.18333631228592,-6.983336312285914,6.983336312285914,https://github.com/fivethirtyeight/data/tree/master/pollster-ratings,https://electionlab.mit.edu/data
48758,76339,2016_Pres-G_RI,2016,RI,YouGov,2016-10-20,2016-11-08,19,287.0,Online Panel,Donald Trump,REP,29.2,38.88620720864382,-9.686207208643818,9.686207208643818,https://github.com/fivethirtyeight/data/tree/master/pollster-ratings,https://electionlab.mit.edu/data
46372,72500,2016_Pres-G_SC,2016,SC,Ipsos,2016-09-22,2016-11-08,47,240.0,Online Panel,Donald Trump,REP,49.0,54.93933268569543,-5.939332685695433,5.939332685695433,https://github.com/fivethirtyeight/data/tree/master/pollster-ratings,https://electionlab.mit.edu/data
47220,73897,2016_Pres-G_SC,2016,SC,Ipsos,2016-10-10,2016-11-08,29,304.0,Online Panel,Donald Trump,REP,50.89,54.93933268569543,-4.049332685695433,4.049332685695433,https://github.com/fivethirtyeight/data/tree/master/pollster-ratings,https://electionlab.mit.edu/data
48713,76294,2016_Pres-G_SC,2016,SC,Ipsos,2016-10-30,2016-11-08,9,251.0,Online Panel,Donald Trump,REP,49.43,54.93933268569543,-5.509332685695433,5.509332685695433,https://github.com/fivethirtyeight/data/tree/master/pollster-ratings,https://electionlab.mit.edu/data
48759,76340,2016_Pres-G_SC,2016,SC,YouGov,2016-10-20,2016-11-08,19,1298.0,Online Panel,Donald Trump,REP,46.6,54.93933268569543,-8.339332685695432,8.339332685695432,https://github.com/fivethirtyeight/data/tree/master/pollster-ratings,https://electionlab.mit.edu/data
46373,72501,2016_Pres-G_SD,2016,SD,Ipsos,2016-09-19,2016-11-08,50,105.0,Online Panel,Donald Trump,REP,46.8,61.5307503789588,-14.730750378958803,14.730750378958803,https://github.com/fivethirtyeight/data/tree/master/pollster-ratings,https://electionlab.mit.edu/data
47221,73898,2016_Pres-G_SD,2016,SD,Ipsos,2016-10-10,2016-11-08,29,103.0,Online Panel,Donald Trump,REP,49.64,61.5307503789588,-11.8907503789588,11.8907503789588,https://github.com/fivethirtyeight/data/tree/master/pollster-ratings,https://electionlab.mit.edu/data
48791,76377,2016_Pres-G_SD,2016,SD,Ipsos,2016-10-30,2016-11-08,9,114.0,Online Panel,Donald Trump,REP,52.16,61.5307503789588,-9.370750378958803,9.370750378958803,https://github.com/fivethirtyeight/data/tree/master/pollster-ratings,https://electionlab.mit.edu/data
48760,76341,2016_Pres-G_SD,2016,SD,YouGov,2016-10-20,2016-11-08,19,246.0,Online Panel,Donald Trump,REP,49.6,61.5307503789588,-11.930750378958798,11.930750378958798,https://github.com/fivethirtyeight/data/tree/master/pollster-ratings,https://electionlab.mit.edu/data
46093,72085,2016_Pres-G_TN,2016,TN,Ipsos,2016-09-15,2016-11-08,54,447.0,Online Panel,Donald Trump,REP,47.02,60.722033694214616,-13.702033694214613,13.702033694214613,https://github.com/fivethirtyeight/data/tree/master/pollster-ratings,https://electionlab.mit.edu/data
46671,72965,2016_Pres-G_TN,2016,TN,Ipsos,2016-09-29,2016-11-08,40,557.0,Online Panel,Donald Trump,REP,48.57,60.722033694214616,-12.152033694214616,12.152033694214616,https://github.com/fivethirtyeight/data/tree/master/pollster-ratings,https://electionlab.mit.edu/data
47222,73899,2016_Pres-G_TN,2016,TN,Ipsos,2016-10-13,2016-11-08,26,433.0,Online Panel,Donald Trump,REP,44.35,60.722033694214616,-16.372033694214615,16.372033694214615,https://github.com/fivethirtyeight/data/tree/master/pollster-ratings,https://electionlab.mit.edu/data
48714,76295,2016_Pres-G_TN,2016,TN,Ipsos,2016-10-30,2016-11-08,9,538.0,Online Panel,Donald Trump,REP,49.76,60.722033694214616,-10.962033694214618,10.962033694214618,https://github.com/fivethirtyeight/data/tree/master/pollster-ratings,https://electionlab.mit.edu/data
48761,76342,2016_Pres-G_TN,2016,TN,YouGov,2016-10-20,2016-11-08,19,1729.0,Online Panel,Donald Trump,REP,48.3,60.722033694214616,-12.422033694214619,12.422033694214619,https://github.com/fivethirtyeight/data/tree/master/pollster-ratings,https://electionlab.mit.edu/data
45869,71633,2016_Pres-G_TX,2016,TX,Ipsos,2016-09-12,2016-11-08,57,462.0,Online Panel,Donald Trump,REP,51.13,52.23468557933538,-1.1046855793353743,1.1046855793353743,https://github.com/fivethirtyeight/data/tree/master/pollster-ratings,https://electionlab.mit.edu/data
46094,72086,2016_Pres-G_TX,2016,TX,Ipsos,2016-09-19,2016-11-08,50,462.0,Online Panel,Donald Trump,REP,48.1,52.23468557933538,-4.134685579335375,4.134685579335375,https://github.com/fivethirtyeight/data/tree/master/pollster-ratings,https://electionlab.mit.edu/data
46375,72503,2016_Pres-G_TX,2016,TX,Ipsos,2016-09-26,2016-11-08,43,464.0,Online Panel,Donald Trump,REP,48.31,52.23468557933538,-3.9246855793353745,3.9246855793353745,https://github.com/fivethirtyeight/data/tree/master/pollster-ratings,https://electionlab.mit.edu/data
46672,72966,2016_Pres-G_TX,2016,TX,Ipsos,2016-10-03,2016-11-08,36,583.0,Online Panel,Donald Trump,REP,50.14,52.23468557933538,-2.0946855793353762,2.0946855793353762,https://github.com/fivethirtyeight/data/tree/master/pollster-ratings,https://electionlab.mit.edu/data
46856,73302,2016_Pres-G_TX,2016,TX,Ipsos,2016-10-10,2016-11-08,29,422.0,Online Panel,Donald Trump,REP,57.0,52.23468557933538,4.765314420664623,4.765314420664623,https://github.com/fivethirtyeight/data/tree/master/pollster-ratings,https://electionlab.mit.edu/data
47223,73900,2016_Pres-G_TX,2016,TX,Ipsos,2016-10-17,2016-11-08,22,405.0,Online Panel,Donald Trump,REP,52.23,52.23468557933538,-0.004685579335379941,0.004685579335379941,https://github.com/fivethirtyeight/data/tree/master/pollster-ratings,https://electionlab.mit.edu/data
47237,73920,2016_Pres-G_TX,2016,TX,YouGov,2016-10-21,2016-11-08,18,1031.0,Live Phone/Online Panel,Donald Trump,REP,46.0,52.23468557933538,-6.234685579335377,6.234685579335377,https://github.com/fivethirtyeight/data/tree/master/pollster-ratings,https://electionlab.mit.edu/data
47544,74373,2016_Pres-G_TX,2016,TX,YouGov,2016-10-18,2016-11-08,21,959.0,Online Panel,Donald Trump,REP,45.0,52.23468557933538,-7.234685579335377,7.234685579335377,https://github.com/fivethirtyeight/data/tree/master/pollster-ratings,https://electionlab.mit.edu/data
47750,74733,2016_Pres-G_TX,2016,TX,Ipsos,2016-10-24,2016-11-08,15,504.0,Online Panel,Donald Trump,REP,48.36,52.23468557933538,-3.8746855793353774,3.8746855793353774,https://github.com/fivethirtyeight/data/tree/master/pollster-ratings,https://electionlab.mit.edu/data
48210,75508,2016_Pres-G_TX,2016,TX,Marist,2016-10-31,2016-11-08,8,679.0,Live Phone,Donald Trump,REP,49.0,52.23468557933538,-3.234685579335377,3.234685579335377,https://github.com/fivethirtyeight/data/tree/master/pollster-ratings,https://electionlab.mit.edu/data
48702,76283,2016_Pres-G_TX,2016,TX,Ipsos,2016-11-03,2016-11-08,5,646.0,Online Panel,Donald Trump,REP,48.75,52.23468557933538,-3.484685579335377,3.484685579335377,https://github.com/fivethirtyeight/data/tree/master/pollster-ratings,https://electionlab.mit.edu/data
48762,76343,2016_Pres-G_TX,2016,TX,YouGov,2016-10-20,2016-11-08,19,5874.0,Online Panel,Donald Trump,REP,44.7,52.23468557933538,-7.534685579335374,7.534685579335374,https://github.com/fivethirtyeight/data/tree/master/pollster-ratings,https://electionlab.mit.edu/data
46095,72087,2016_Pres-G_UT,2016,UT,Ipsos,2016-09-12,2016-11-08,57,208.0,Online Panel,Donald Trump,REP,47.96,45.53795868437707,2.422041315622934,2.422041315622934,https://github.com/fivethirtyeight/data/tree/master/pollster-ratings,https://electionlab.mit.edu/data
46857,73303,2016_Pres-G_UT,2016,UT,Ipsos,2016-10-03,2016-11-08,36,282.0,Online Panel,Donald Trump,REP,41.45,45.53795868437707,-4.087958684377064,4.087958684377064,https://github.com/fivethirtyeight/data/tree/master/pollster-ratings,https://electionlab.mit.edu/data
46866,73319,2016_Pres-G_UT,2016,UT,YouGov,2016-10-13,2016-11-08,26,951.0,Live Phone/Online Panel,Donald Trump,REP,37.0,45.53795868437707,-8.537958684377067,8.537958684377067,https://github.com/fivethirtyeight/data/tree/master/pollster-ratings,https://electionlab.mit.edu/data
48684,76247,2016_Pres-G_UT,2016,UT,YouGov,2016-11-04,2016-11-08,4,762.0,Online Panel,Donald Trump,REP,40.0,45.53795868437707,-5.537958684377067,5.537958684377067,https://github.com/fivethirtyeight/data/tree/master/pollster-ratings,https://electionlab.mit.edu/data
48792,76378,2016_Pres-G_UT,2016,UT,Ipsos,2016-10-27,2016-11-08,12,286.0,Online Panel,Donald Trump,REP,39.66,45.53795868437707,-5.87795868437707,5.87795868437707,https://github.com/fivethirtyeight/data/tree/master/pollster-ratings,https://electionlab.mit.edu/data
48763,76344,2016_Pres-G_UT,2016,UT,YouGov,2016-10-20,2016-11-08,19,676.0,Online Panel,Donald Trump,REP,32.8,45.53795868437707,-12.73795868437707,12.73795868437707,https://github.com/fivethirtyeight/data/tree/master/pollster-ratings,https://electionlab.mit.edu/data
45871,71635,2016_Pres-G_VA,2016,VA,Ipsos,2016-09-12,2016-11-08,57,435.0,Online Panel,Donald Trump,REP,37.51,44.40669663012711,-6.89669663012711,6.89669663012711,https://github.com/fivethirtyeight/data/tree/master/pollster-ratings,https://electionlab.mit.edu/data
46029,71985,2016_Pres-G_VA,2016,VA,YouGov,2016-09-22,2016-11-08,47,1237.0,Live Phone/Online Panel,Donald Trump,REP,37.0,44.40669663012711,-7.406696630127108,7.406696630127108,https://github.com/fivethirtyeight/data/tree/master/pollster-ratings,https://electionlab.mit.edu/data
46377,72505,2016_Pres-G_VA,2016,VA,Ipsos,2016-09-22,2016-11-08,47,849.0,Online Panel,Donald Trump,REP,40.35,44.40669663012711,-4.056696630127107,4.056696630127107,https://github.com/fivethirtyeight/data/tree/master/pollster-ratings,https://electionlab.mit.edu/data
46858,73304,2016_Pres-G_VA,2016,VA,Ipsos,2016-10-06,2016-11-08,33,884.0,Online Panel,Donald Trump,REP,38.8,44.40669663012711,-5.606696630127111,5.606696630127111,https://github.com/fivethirtyeight/data/tree/master/pollster-ratings,https://electionlab.mit.edu/data
47752,74735,2016_Pres-G_VA,2016,VA,Ipsos,2016-10-20,2016-11-08,19,697.0,Online Panel,Donald Trump,REP,39.3,44.40669663012711,-5.106696630127111,5.106696630127111,https://github.com/fivethirtyeight/data/tree/master/pollster-ratings,https://electionlab.mit.edu/data
48703,76284,2016_Pres-G_VA,2016,VA,Ipsos,2016-11-03,2016-11-08,5,534.0,Online Panel,Donald Trump,REP,41.11,44.40669663012711,-3.2966966301271086,3.2966966301271086,https://github.com/fivethirtyeight/data/tree/master/pollster-ratings,https://electionlab.mit.edu/data
48765,76346,2016_Pres-G_VA,2016,VA,YouGov,2016-10-20,2016-11-08,19,2460.0,Online Panel,Donald Trump,REP,37.0,44.40669663012711,-7.406696630127108,7.406696630127108,https://github.com/fivethirtyeight/data/tree/master/pollster-ratings,https://electionlab.mit.edu/data
46674,72968,2016_Pres-G_VT,2016,VT,Ipsos,2016-09-26,2016-11-08,43,102.0,Online Panel,Donald Trump,REP,21.29,30.26943475514732,-8.97943475514732,8.97943475514732,https://github.com/fivethirtyeight/data/tree/master/pollster-ratings,https://electionlab.mit.edu/data
48255,75556,2016_Pres-G_VT,2016,VT,Ipsos,2016-10-30,2016-11-08,9,106.0,Online Panel,Donald Trump,REP,23.4,30.26943475514732,-6.869434755147321,6.869434755147321,https://github.com/fivethirtyeight/data/tree/master/pollster-ratings,https://electionlab.mit.edu/data
48764,76345,2016_Pres-G_VT,2016,VT,YouGov,2016-10-20,2016-11-08,19,191.0,Online Panel,Donald Trump,REP,24.5,30.26943475514732,-5.769434755147319,5.769434755147319,https://github.com/fivethirtyeight/data/tree/master/pollster-ratings,https://electionlab.mit.edu/data
45872,71636,2016_Pres-G_WA,2016,WA,Ipsos,2016-09-08,2016-11-08,61,460.0,Online Panel,Donald Trump,REP,36.92,36.83268018663746,0.0873198133625408,0.0873198133625408,https://github.com/fivethirtyeight/data/tree/master/pollster-ratings,https://electionlab.mit.edu/data
46378,72506,2016_Pres-G_WA,2016,WA,Ipsos,2016-09-22,2016-11-08,47,496.0,Online Panel,Donald Trump,REP,35.28,36.83268018663746,-1.5526801866374598,1.5526801866374598,https://github.com/fivethirtyeight/data/tree/master/pollster-ratings,https://electionlab.mit.edu/data
46676,72970,2016_Pres-G_WA,2016,WA,Ipsos,2016-10-03,2016-11-08,36,341.0,Online Panel,Donald Trump,REP,33.29,36.83268018663746,-3.5426801866374618,3.5426801866374618,https://github.com/fivethirtyeight/data/tree/master/pollster-ratings,https://electionlab.mit.edu/data
47628,74543,2016_Pres-G_WA,2016,WA,YouGov,2016-10-10,2016-11-08,29,750.0,Online Panel,Donald Trump,REP,39.0,36.83268018663746,2.167319813362539,2.167319813362539,https://github.com/fivethirtyeight/data/tree/master/pollster-ratings,https://electionlab.mit.edu/data
47226,73903,2016_Pres-G_WA,2016,WA,Ipsos,2016-10-13,2016-11-08,26,488.0,Online Panel,Donald Trump,REP,42.36,36.83268018663746,5.5273198133625385,5.5273198133625385,https://github.com/fivethirtyeight/data/tree/master/pollster-ratings,https://electionlab.mit.edu/data
48715,76296,2016_Pres-G_WA,2016,WA,Ipsos,2016-10-30,2016-11-08,9,562.0,Online Panel,Donald Trump,REP,38.48,36.83268018663746,1.647319813362536,1.647319813362536,https://github.com/fivethirtyeight/data/tree/master/pollster-ratings,https://electionlab.mit.edu/data
48766,76347,2016_Pres-G_WA,2016,WA,YouGov,2016-10-20,2016-11-08,19,1985.0,Online Panel,Donald Trump,REP,31.7,36.83268018663746,-5.132680186637462,5.132680186637462,https://github.com/fivethirtyeight/data/tree/master/pollster-ratings,https://electionlab.mit.edu/data
46099,72091,2016_Pres-G_WI,2016,WI,Ipsos,2016-09-15,2016-11-08,54,526.0,Online Panel,Donald Trump,REP,41.09,47.21818456731012,-6.1281845673101145,6.1281845673101145,https://github.com/fivethirtyeight/data/tree/master/pollster-ratings,https://electionlab.mit.edu/data
46678,72972,2016_Pres-G_WI,2016,WI,Ipsos,2016-09-29,2016-11-08,40,687.0,Online Panel,Donald Trump,REP,42.28,47.21818456731012,-4.938184567310117,4.938184567310117,https://github.com/fivethirtyeight/data/tree/master/pollster-ratings,https://electionlab.mit.edu/data
46569,72848,2016_Pres-G_WI,2016,WI,YouGov,2016-10-06,2016-11-08,33,993.0,Live Phone/Online Panel,Donald Trump,REP,39.0,47.21818456731012,-8.218184567310118,8.218184567310118,https://github.com/fivethirtyeight/data/tree/master/pollster-ratings,https://electionlab.mit.edu/data
47228,73905,2016_Pres-G_WI,2016,WI,Ipsos,2016-10-13,2016-11-08,26,470.0,Online Panel,Donald Trump,REP,41.86,47.21818456731012,-5.3581845673101185,5.3581845673101185,https://github.com/fivethirtyeight/data/tree/master/pollster-ratings,https://electionlab.mit.edu/data
48717,76298,2016_Pres-G_WI,2016,WI,Ipsos,2016-10-30,2016-11-08,9,625.0,Online Panel,Donald Trump,REP,39.99,47.21818456731012,-7.228184567310116,7.228184567310116,https://github.com/fivethirtyeight/data/tree/master/pollster-ratings,https://electionlab.mit.edu/data
48768,76349,2016_Pres-G_WI,2016,WI,YouGov,2016-10-20,2016-11-08,19,1794.0,Online Panel,Donald Trump,REP,37.7,47.21818456731012,-9.518184567310115,9.518184567310115,https://github.com/fivethirtyeight/data/tree/master/pollster-ratings,https://electionlab.mit.edu/data
46379,72507,2016_Pres-G_WV,2016,WV,Ipsos,2016-09-19,2016-11-08,50,173.0,Online Panel,Donald Trump,REP,52.74,68.49877453553427,-15.758774535534265,15.758774535534265,https://github.com/fivethirtyeight/data/tree/master/pollster-ratings,https://electionlab.mit.edu/data
47227,73904,2016_Pres-G_WV,2016,WV,Ipsos,2016-10-10,2016-11-08,29,129.0,Online Panel,Donald Trump,REP,55.84,68.49877453553427,-12.658774535534263,12.658774535534263,https://github.com/fivethirtyeight/data/tree/master/pollster-ratings,https://electionlab.mit.edu/data
48716,76297,2016_Pres-G_WV,2016,WV,Ipsos,2016-10-30,2016-11-08,9,180.0,Online Panel,Donald Trump,REP,58.04,68.49877453553427,-10.458774535534268,10.458774535534268,https://github.com/fivethirtyeight/data/tree/master/pollster-ratings,https://electionlab.mit.edu/data
48767,76348,2016_Pres-G_WV,2016,WV,YouGov,2016-10-20,2016-11-08,19,472.0,Online Panel,Donald Trump,REP,54.0,68.49877453553427,-14.498774535534267,14.498774535534267,https://github.com/fivethirtyeight/data/tree/master/pollster-ratings,https://electionlab.mit.edu/data
48769,76350,2016_Pres-G_WY,2016,WY,YouGov,2016-10-20,2016-11-08,19,151.0,Online Panel,Donald Trump,REP,59.0,68.17263307654125,-9.172633076541246,9.172633076541246,https://github.com/fivethirtyeight/data/tree/master/pollster-ratings,https://electionlab.mit.edu/data
29507,35107,2012_Pres-G_AZ,2012,AZ,YouGov,2012-09-11,2012-11-06,56,628.0,Online Panel,Mitt Romney,REP,51.0,53.65453316597471,-2.654533165974712,2.654533165974712,https://github.com/fivethirtyeight/data/tree/master/pollster-ratings,https://electionlab.mit.edu/data
30051,35955,2012_Pres-G_AZ,2012,AZ,YouGov,2012-10-08,2012-11-06,29,469.0,Online Panel,Mitt Romney,REP,52.0,53.65453316597471,-1.654533165974712,1.654533165974712,https://github.com/fivethirtyeight/data/tree/master/pollster-ratings,https://electionlab.mit.edu/data
30685,36956,2012_Pres-G_AZ,2012,AZ,YouGov,2012-11-02,2012-11-06,4,702.0,Online Panel,Mitt Romney,REP,52.0,53.65453316597471,-1.654533165974712,1.654533165974712,https://github.com/fivethirtyeight/data/tree/master/pollster-ratings,https://electionlab.mit.edu/data
29483,35065,2012_Pres-G_CA,2012,CA,YouGov,2012-09-11,2012-11-06,56,1361.0,Online Panel,Mitt Romney,REP,39.0,37.1203785207048,1.8796214792952028,1.8796214792952028,https://github.com/fivethirtyeight/data/tree/master/pollster-ratings,https://electionlab.mit.edu/data
30046,35945,2012_Pres-G_CA,2012,CA,YouGov,2012-10-08,2012-11-06,29,1169.0,Online Panel,Mitt Romney,REP,39.0,37.1203785207048,1.8796214792952028,1.8796214792952028,https://github.com/fivethirtyeight/data/tree/master/pollster-ratings,https://electionlab.mit.edu/data
30703,36991,2012_Pres-G_CA,2012,CA,YouGov,2012-11-02,2012-11-06,4,1575.0,Online Panel,Mitt Romney,REP,40.0,37.1203785207048,2.879621479295203,2.879621479295203,https://github.com/fivethirtyeight/data/tree/master/pollster-ratings,https://electionlab.mit.edu/data
29434,35000,2012_Pres-G_CO,2012,CO,YouGov,2012-09-11,2012-11-06,56,707.0,Online Panel,Mitt Romney,REP,45.0,46.1269839293067,-1.1269839293066966,1.1269839293066966,https://github.com/fivethirtyeight/data/tree/master/pollster-ratings,https://electionlab.mit.edu/data
29441,35012,2012_Pres-G_CO,2012,CO,Marist,2012-09-17,2012-11-06,50,971.0,Live Phone,Mitt Romney,REP,45.0,46.1269839293067,-1.1269839293066966,1.1269839293066966,https://github.com/fivethirtyeight/data/tree/master/pollster-ratings,https://electionlab.mit.edu/data
30035,35922,2012_Pres-G_CO,2012,CO,YouGov,2012-10-08,2012-11-06,29,527.0,Online Panel,Mitt Romney,REP,45.0,46.1269839293067,-1.1269839293066966,1.1269839293066966,https://github.com/fivethirtyeight/data/tree/master/pollster-ratings,https://electionlab.mit.edu/data
30316,36347,2012_Pres-G_CO,2012,CO,Marist,2012-10-23,2012-11-06,14,1128.0,Live Phone,Mitt Romney,REP,48.0,46.1269839293067,1.8730160706933034,1.8730160706933034,https://github.com/fivethirtyeight/data/tree/master/pollster-ratings,https://electionlab.mit.edu/data
30603,36803,2012_Pres-G_CO,2012,CO,Ipsos,2012-11-01,2012-11-06,5,1052.0,Online Panel,Mitt Romney,REP,46.0,46.1269839293067,-0.12698392930669655,0.12698392930669655,https://github.com/fivethirtyeight/data/tree/master/pollster-ratings,https://electionlab.mit.edu/data
30604,36804,2012_Pres-G_CO,2012,CO,Ipsos,2012-11-01,2012-11-06,5,1226.0,Online Panel,Mitt Romney,REP,46.0,46.1269839293067,-0.12698392930669655,0.12698392930669655,https://github.com/fivethirtyeight/data/tree/master/pollster-ratings,https://electionlab.mit.edu/data
30712,37008,2012_Pres-G_CO,2012,CO,YouGov,2012-11-02,2012-11-06,4,752.0,Online Panel,Mitt Romney,REP,47.0,46.1269839293067,0.8730160706933034,0.8730160706933034,https://github.com/fivethirtyeight/data/tree/master/pollster-ratings,https://electionlab.mit.edu/data
30787,37141,2012_Pres-G_CO,2012,CO,Ipsos,2012-11-04,2012-11-06,2,774.0,Online Panel,Mitt Romney,REP,47.0,46.1269839293067,0.8730160706933034,0.8730160706933034,https://github.com/fivethirtyeight/data/tree/master/pollster-ratings,https://electionlab.mit.edu/data
29496,35086,2012_Pres-G_CT,2012,CT,YouGov,2012-09-11,2012-11-06,56,634.0,Online Panel,Mitt Romney,REP,40.0,40.725355365115206,-0.725355365115206,0.725355365115206,https://github.com/fivethirtyeight/data/tree/master/pollster-ratings,https://electionlab.mit.edu/data
30042,35992,2012_Pres-G_CT,2012,CT,YouGov,2012-10-08,2012-11-06,29,434.0,Online Panel,Mitt Romney,REP,39.0,40.725355365115206,-1.725355365115206,1.725355365115206,https://github.com/fivethirtyeight/data/tree/master/pollster-ratings,https://electionlab.mit.edu/data
30702,36989,2012_Pres-G_CT,2012,CT,YouGov,2012-11-02,2012-11-06,4,895.0,Online Panel,Mitt Romney,REP,39.0,40.725355365115206,-1.725355365115206,1.725355365115206,https://github.com/fivethirtyeight/data/tree/master/pollster-ratings,https://electionlab.mit.edu/data
19100,24420,2012_Pres-G_FL,2012,FL,Marist,2012-09-10,2012-11-06,57,980.0,Live Phone,Mitt Romney,REP,44.0,49.13097776197552,-5.130977761975522,5.130977761975522,https://github.com/fivethirtyeight/data/tree/master/pollster-ratings,https://electionlab.mit.edu/data
29429,34992,2012_Pres-G_FL,2012,FL,YouGov,2012-09-11,2012-11-06,56,1415.0,Online Panel,Mitt Romney,REP,47.0,49.13097776197552,-2.1309777619755224,2.1309777619755224,https://github.com/fivethirtyeight/data/tree/master/pollster-ratings,https://electionlab.mit.edu/data
29724,35441,2012_Pres-G_FL,2012,FL,Marist,2012-09-30,2012-11-06,37,890.0,Live Phone,Mitt Romney,REP,46.0,49.13097776197552,-3.1309777619755224,3.1309777619755224,https://github.com/fivethirtyeight/data/tree/master/pollster-ratings,https://electionlab.mit.edu/data
29922,35740,2012_Pres-G_FL,2012,FL,Marist,2012-10-08,2012-11-06,29,988.0,Live Phone,Mitt Romney,REP,47.0,49.13097776197552,-2.1309777619755224,2.1309777619755224,https://github.com/fivethirtyeight/data/tree/master/pollster-ratings,https://electionlab.mit.edu/data
30036,35931,2012_Pres-G_FL,2012,FL,YouGov,2012-10-08,2012-11-06,29,1244.0,Online Panel,Mitt Romney,REP,47.0,49.13097776197552,-2.1309777619755224,2.1309777619755224,https://github.com/fivethirtyeight/data/tree/master/pollster-ratings,https://electionlab.mit.edu/data
30629,36839,2012_Pres-G_FL,2012,FL,Marist,2012-10-31,2012-11-06,6,1545.0,Live Phone,Mitt Romney,REP,47.0,49.13097776197552,-2.1309777619755224,2.1309777619755224,https://github.com/fivethirtyeight/data/tree/master/pollster-ratings,https://electionlab.mit.edu/data
30601,36799,2012_Pres-G_FL,2012,FL,Ipsos,2012-11-01,2012-11-06,5,985.0,Online Panel,Mitt Romney,REP,46.0,49.13097776197552,-3.1309777619755224,3.1309777619755224,https://github.com/fivethirtyeight/data/tree/master/pollster-ratings,https://electionlab.mit.edu/data
30602,36801,2012_Pres-G_FL,2012,FL,Ipsos,2012-11-01,2012-11-06,5,1319.0,Online Panel,Mitt Romney,REP,43.0,49.13097776197552,-6.130977761975522,6.130977761975522,https://github.com/fivethirtyeight/data/tree/master/pollster-ratings,https://electionlab.mit.edu/data
30711,37006,2012_Pres-G_FL,2012,FL,YouGov,2012-11-02,2012-11-06,4,1621.0,Online Panel,Mitt Romney,REP,48.0,49.13097776197552,-1.1309777619755224,1.1309777619755224,https://github.com/fivethirtyeight/data/tree/master/pollster-ratings,https://electionlab.mit.edu/data
30785,37135,2012_Pres-G_FL,2012,FL,Ipsos,2012-11-04,2012-11-06,2,769.0,Online Panel,Mitt Romney,REP,48.0,49.13097776197552,-1.1309777619755224,1.1309777619755224,https://github.com/fivethirtyeight/data/tree/master/pollster-ratings,https://electionlab.mit.edu/data
29476,35058,2012_Pres-G_GA,2012,GA,YouGov,2012-09-11,2012-11-06,56,1020.0,Online Panel,Mitt Romney,REP,51.0,53.29900898706427,-2.299008987064269,2.299008987064269,https://github.com/fivethirtyeight/data/tree/master/pollster-ratings,https://electionlab.mit.edu/data
30052,35957,2012_Pres-G_GA,2012,GA,YouGov,2012-10-08,2012-11-06,29,777.0,Online Panel,Mitt Romney,REP,52.0,53.29900898706427,-1.2990089870642691,1.2990089870642691,https://github.com/fivethirtyeight/data/tree/master/pollster-ratings,https://electionlab.mit.edu/data
30687,36960,2012_Pres-G_GA,2012,GA,YouGov,2012-11-02,2012-11-06,4,1070.0,Online Panel,Mitt Romney,REP,52.0,53.29900898706427,-1.2990089870642691,1.2990089870642691,https://github.com/fivethirtyeight/data/tree/master/pollster-ratings,https://electionlab.mit.edu/data
29430,34994,2012_Pres-G_IA,2012,IA,YouGov,2012-09-11,2012-11-06,56,700.0,Online Panel,Mitt Romney,REP,43.0,46.17786851053609,-3.1778685105360935,3.1778685105360935,https://github.com/fivethirtyeight/data/tree/master/pollster-ratings,https://electionlab.mit.edu/data
29444,35015,2012_Pres-G_IA,2012,IA,Marist,2012-09-17,2012-11-06,50,898.0,Live Phone,Mitt Romney,REP,42.0,46.17786851053609,-4.1778685105360935,4.1778685105360935,https://github.com/fivethirtyeight/data/tree/master/pollster-ratings,https://electionlab.mit.edu/data
30037,35924,2012_Pres-G_IA,2012,IA,YouGov,2012-10-08,2012-11-06,29,545.0,Online Panel,Mitt Romney,REP,46.0,46.17786851053609,-0.17786851053609354,0.17786851053609354,https://github.com/fivethirtyeight/data/tree/master/pollster-ratings,https://electionlab.mit.edu/data
30112,36047,2012_Pres-G_IA,2012,IA,Marist,2012-10-16,2012-11-06,21,1137.0,Live Phone,Mitt Romney,REP,43.0,46.17786851053609,-3.1778685105360935,3.1778685105360935,https://github.com/fivethirtyeight/data/tree/master/pollster-ratings,https://electionlab.mit.edu/data
30539,36702,2012_Pres-G_IA,2012,IA,Marist,2012-10-28,2012-11-06,9,1142.0,Live Phone,Mitt Romney,REP,44.0,46.17786851053609,-2.1778685105360935,2.1778685105360935,https://github.com/fivethirtyeight/data/tree/master/pollster-ratings,https://electionlab.mit.edu/data
30710,37004,2012_Pres-G_IA,2012,IA,YouGov,2012-11-02,2012-11-06,4,1040.0,Online Panel,Mitt Romney,REP,47.0,46.17786851053609,0.8221314894639065,0.8221314894639065,https://github.com/fivethirtyeight/data/tree/master/pollster-ratings,https://electionlab.mit.edu/data
29504,35102,2012_Pres-G_IL,2012,IL,YouGov,2012-09-11,2012-11-06,56,1086.0,Online Panel,Mitt Romney,REP,36.0,40.7327412708169,-4.732741270816902,4.732741270816902,https://github.com/fivethirtyeight/data/tree/master/pollster-ratings,https://electionlab.mit.edu/data
30047,35947,2012_Pres-G_IL,2012,IL,YouGov,2012-10-08,2012-11-06,29,850.0,Online Panel,Mitt Romney,REP,38.0,40.7327412708169,-2.732741270816902,2.732741270816902,https://github.com/fivethirtyeight/data/tree/master/pollster-ratings,https://electionlab.mit.edu/data
30701,36987,2012_Pres-G_IL,2012,IL,YouGov,2012-11-02,2012-11-06,4,1126.0,Online Panel,Mitt Romney,REP,38.0,40.7327412708169,-2.732741270816902,2.732741270816902,https://github.com/fivethirtyeight/data/tree/master/pollster-ratings,https://electionlab.mit.edu/data
29478,35060,2012_Pres-G_IN,2012,IN,YouGov,2012-09-11,2012-11-06,56,658.0,Online Panel,Mitt Romney,REP,50.0,54.12553238022445,-4.125532380224449,4.125532380224449,https://github.com/fivethirtyeight/data/tree/master/pollster-ratings,https://electionlab.mit.edu/data
30053,35958,2012_Pres-G_IN,2012,IN,YouGov,2012-10-08,2012-11-06,29,495.0,Online Panel,Mitt Romney,REP,53.0,54.12553238022445,-1.125532380224449,1.125532380224449,https://github.com/fivethirtyeight/data/tree/master/pollster-ratings,https://electionlab.mit.edu/data
30688,36961,2012_Pres-G_IN,2012,IN,YouGov,2012-11-02,2012-11-06,4,768.0,Online Panel,Mitt Romney,REP,51.0,54.12553238022445,-3.125532380224449,3.125532380224449,https://github.com/fivethirtyeight/data/tree/master/pollster-ratings,https://electionlab.mit.edu/data
29480,35062,2012_Pres-G_MA,2012,MA,YouGov,2012-09-11,2012-11-06,56,825.0,Online Panel,Mitt Romney,REP,39.0,37.31912231533487,1.680877684665127,1.680877684665127,https://github.com/fivethirtyeight/data/tree/master/pollster-ratings,https://electionlab.mit.edu/data
29868,35652,2012_Pres-G_MA,2012,MA,YouGov,2012-10-05,2012-11-06,32,437.0,Online Panel,Mitt Romney,REP,34.0,37.31912231533487,-3.319122315334873,3.319122315334873,https://github.com/fivethirtyeight/data/tree/master/pollster-ratings,https://electionlab.mit.edu/data
30049,35950,2012_Pres-G_MA,2012,MA,YouGov,2012-10-08,2012-11-06,29,669.0,Online Panel,Mitt Romney,REP,36.0,37.31912231533487,-1.319122315334873,1.319122315334873,https://github.com/fivethirtyeight/data/tree/master/pollster-ratings,https://electionlab.mit.edu/data
30700,36985,2012_Pres-G_MA,2012,MA,YouGov,2012-11-02,2012-11-06,4,811.0,Online Panel,Mitt Romney,REP,37.0,37.31912231533487,-0.319122315334873,0.319122315334873,https://github.com/fivethirtyeight/data/tree/master/pollster-ratings,https://electionlab.mit.edu/data
29505,35103,2012_Pres-G_MD,2012,MD,YouGov,2012-09-11,2012-11-06,56,686.0,Online Panel,Mitt Romney,REP,37.0,35.89773233894539,1.1022676610546114,1.1022676610546114,https://github.com/fivethirtyeight/data/tree/master/pollster-ratings,https://electionlab.mit.edu/data
30048,35948,2012_Pres-G_MD,2012,MD,YouGov,2012-10-08,2012-11-06,29,498.0,Online Panel,Mitt Romney,REP,37.0,35.89773233894539,1.1022676610546114,1.1022676610546114,https://github.com/fivethirtyeight/data/tree/master/pollster-ratings,https://electionlab.mit.edu/data
30699,36983,2012_Pres-G_MD,2012,MD,YouGov,2012-11-02,2012-11-06,4,705.0,Online Panel,Mitt Romney,REP,37.0,35.89773233894539,1.1022676610546114,1.1022676610546114,https://github.com/fivethirtyeight/data/tree/master/pollster-ratings,https://electionlab.mit.edu/data
29426,34986,2012_Pres-G_MI,2012,MI,YouGov,2012-09-11,2012-11-06,56,1114.0,Online Panel,Mitt Romney,REP,42.0,44.71091602742023,-2.7109160274202324,2.7109160274202324,https://github.com/fivethirtyeight/data/tree/master/pollster-ratings,https://electionlab.mit.edu/data
30060,35973,2012_Pres-G_MI,2012,MI,YouGov,2012-10-08,2012-11-06,29,895.0,Online Panel,Mitt Romney,REP,42.0,44.71091602742023,-2.7109160274202324,2.7109160274202324,https://github.com/fivethirtyeight/data/tree/master/pollster-ratings,https://electionlab.mit.edu/data
30698,36981,2012_Pres-G_MI,2012,MI,YouGov,2012-11-02,2012-11-06,4,1091.0,Online Panel,Mitt Romney,REP,44.0,44.71091602742023,-0.7109160274202324,0.7109160274202324,https://github.com/fivethirtyeight/data/tree/master/pollster-ratings,https://electionlab.mit.edu/data
29494,35082,2012_Pres-G_MN,2012,MN,YouGov,2012-09-11,2012-11-06,56,816.0,Online Panel,Mitt Romney,REP,42.0,44.958201106668646,-2.958201106668646,2.958201106668646,https://github.com/fivethirtyeight/data/tree/master/pollster-ratings,https://electionlab.mit.edu/data
30043,35939,2012_Pres-G_MN,2012,MN,YouGov,2012-10-08,2012-11-06,29,683.0,Online Panel,Mitt Romney,REP,44.0,44.958201106668646,-0.9582011066686462,0.9582011066686462,https://github.com/fivethirtyeight/data/tree/master/pollster-ratings,https://electionlab.mit.edu/data
30697,36979,2012_Pres-G_MN,2012,MN,YouGov,2012-11-02,2012-11-06,4,790.0,Online Panel,Mitt Romney,REP,43.0,44.958201106668646,-1.9582011066686462,1.9582011066686462,https://github.com/fivethirtyeight/data/tree/master/pollster-ratings,https://electionlab.mit.edu/data
29498,35090,2012_Pres-G_MO,2012,MO,YouGov,2012-09-11,2012-11-06,56,734.0,Online Panel,Mitt Romney,REP,50.0,53.76374113587708,-3.7637411358770834,3.7637411358770834,https://github.com/fivethirtyeight/data/tree/master/pollster-ratings,https://electionlab.mit.edu/data
30054,35960,2012_Pres-G_MO,2012,MO,YouGov,2012-10-08,2012-11-06,29,546.0,Online Panel,Mitt Romney,REP,52.0,53.76374113587708,-1.7637411358770834,1.7637411358770834,https://github.com/fivethirtyeight/data/tree/master/pollster-ratings,https://electionlab.mit.edu/data
30689,36963,2012_Pres-G_MO,2012,MO,YouGov,2012-11-02,2012-11-06,4,779.0,Online Panel,Mitt Romney,REP,53.0,53.76374113587708,-0.7637411358770834,0.7637411358770834,https://github.com/fivethirtyeight/data/tree/master/pollster-ratings,https://electionlab.mit.edu/data
29432,34997,2012_Pres-G_NC,2012,NC,YouGov,2012-09-11,2012-11-06,56,1060.0,Online Panel,Mitt Romney,REP,45.0,50.39306410214295,-5.393064102142951,5.393064102142951,https://github.com/fivethirtyeight/data/tree/master/pollster-ratings,https://electionlab.mit.edu/data
29619,35295,2012_Pres-G_NC,2012,NC,Marist,2012-09-24,2012-11-06,43,1035.0,Live Phone,Mitt Romney,REP,46.0,50.39306410214295,-4.393064102142951,4.393064102142951,https://github.com/fivethirtyeight/data/tree/master/pollster-ratings,https://electionlab.mit.edu/data
30039,35926,2012_Pres-G_NC,2012,NC,YouGov,2012-10-08,2012-11-06,29,810.0,Online Panel,Mitt Romney,REP,49.0,50.39306410214295,-1.3930641021429508,1.3930641021429508,https://github.com/fivethirtyeight/data/tree/master/pollster-ratings,https://electionlab.mit.edu/data
30709,37003,2012_Pres-G_NC,2012,NC,YouGov,2012-11-02,2012-11-06,4,1500.0,Online Panel,Mitt Romney,REP,49.0,50.39306410214295,-1.3930641021429508,1.3930641021429508,https://github.com/fivethirtyeight/data/tree/master/pollster-ratings,https://electionlab.mit.edu/data
29433,34999,2012_Pres-G_NH,2012,NH,YouGov,2012-09-11,2012-11-06,56,340.0,Online Panel,Mitt Romney,REP,42.0,46.40379649268888,-4.403796492688883,4.403796492688883,https://github.com/fivethirtyeight/data/tree/master/pollster-ratings,https://electionlab.mit.edu/data
29623,35299,2012_Pres-G_NH,2012,NH,Marist,2012-09-24,2012-11-06,43,1012.0,Live Phone,Mitt Romney,REP,44.0,46.40379649268888,-2.4037964926888833,2.4037964926888833,https://github.com/fivethirtyeight/data/tree/master/pollster-ratings,https://electionlab.mit.edu/data
30538,36700,2012_Pres-G_NH,2012,NH,Marist,2012-10-28,2012-11-06,9,1013.0,Live Phone,Mitt Romney,REP,47.0,46.40379649268888,0.5962035073111167,0.5962035073111167,https://github.com/fivethirtyeight/data/tree/master/pollster-ratings,https://electionlab.mit.edu/data
30707,36999,2012_Pres-G_NH,2012,NH,YouGov,2012-11-02,2012-11-06,4,690.0,Online Panel,Mitt Romney,REP,43.0,46.40379649268888,-3.4037964926888833,3.4037964926888833,https://github.com/fivethirtyeight/data/tree/master/pollster-ratings,https://electionlab.mit.edu/data
29489,35074,2012_Pres-G_NJ,2012,NJ,YouGov,2012-09-11,2012-11-06,56,1040.0,Online Panel,Mitt Romney,REP,40.0,40.62356482714439,-0.6235648271443921,0.6235648271443921,https://github.com/fivethirtyeight/data/tree/master/pollster-ratings,https://electionlab.mit.edu/data
30044,35941,2012_Pres-G_NJ,2012,NJ,YouGov,2012-10-08,2012-11-06,29,770.0,Online Panel,Mitt Romney,REP,41.0,40.62356482714439,0.3764351728556079,0.3764351728556079,https://github.com/fivethirtyeight/data/tree/master/pollster-ratings,https://electionlab.mit.edu/data
30696,36977,2012_Pres-G_NJ,2012,NJ,YouGov,2012-11-02,2012-11-06,4,987.0,Online Panel,Mitt Romney,REP,41.0,40.62356482714439,0.3764351728556079,0.3764351728556079,https://github.com/fivethirtyeight/data/tree/master/pollster-ratings,https://electionlab.mit.edu/data
29492,35078,2012_Pres-G_NM,2012,NM,YouGov,2012-09-11,2012-11-06,56,293.0,Online Panel,Mitt Romney,REP,43.0,42.84332663909013,0.1566733609098705,0.1566733609098705,https://github.com/fivethirtyeight/data/tree/master/pollster-ratings,https://electionlab.mit.edu/data
30695,36975,2012_Pres-G_NM,2012,NM,YouGov,2012-11-02,2012-11-06,4,650.0,Online Panel,Mitt Romney,REP,43.0,42.84332663909013,0.1566733609098705,0.1566733609098705,https://github.com/fivethirtyeight/data/tree/master/pollster-ratings,https://electionlab.mit.edu/data
29431,34995,2012_Pres-G_NV,2012,NV,YouGov,2012-09-11,2012-11-06,56,541.0,Online Panel,Mitt Romney,REP,44.0,45.67531564126363,-1.67531564126363,1.67531564126363,https://github.com/fivethirtyeight/data/tree/master/pollster-ratings,https://electionlab.mit.edu/data
29625,35303,2012_Pres-G_NV,2012,NV,Marist,2012-09-24,2012-11-06,43,984.0,Live Phone,Mitt Romney,REP,47.0,45.67531564126363,1.32468435873637,1.32468435873637,https://github.com/fivethirtyeight/data/tree/master/pollster-ratings,https://electionlab.mit.edu/data
30038,35933,2012_Pres-G_NV,2012,NV,YouGov,2012-10-08,2012-11-06,29,358.0,Online Panel,Mitt Romney,REP,45.0,45.67531564126363,-0.6753156412636301,0.6753156412636301,https://github.com/fivethirtyeight/data/tree/master/pollster-ratings,https://electionlab.mit.edu/data
30314,36343,2012_Pres-G_NV,2012,NV,Marist,2012-10-23,2012-11-06,14,1042.0,Live Phone,Mitt Romney,REP,47.0,45.67531564126363,1.32468435873637,1.32468435873637,https://github.com/fivethirtyeight/data/tree/master/pollster-ratings,https://electionlab.mit.edu/data
30706,36997,2012_Pres-G_NV,2012,NV,YouGov,2012-11-02,2012-11-06,4,732.0,Online Panel,Mitt Romney,REP,45.0,45.67531564126363,-0.6753156412636301,0.6753156412636301,https://github.com/fivethirtyeight/data/tree/master/pollster-ratings,https://electionlab.mit.edu/data
29502,35098,2012_Pres-G_NY,2012,NY,YouGov,2012-09-11,2012-11-06,56,1403.0,Online Panel,Mitt Romney,REP,36.0,31.241570989167872,4.758429010832128,4.758429010832128,https://github.com/fivethirtyeight/data/tree/master/pollster-ratings,https://electionlab.mit.edu/data
30050,35953,2012_Pres-G_NY,2012,NY,YouGov,2012-10-08,2012-11-06,29,1142.0,Online Panel,Mitt Romney,REP,35.0,31.241570989167872,3.7584290108321277,3.7584290108321277,https://github.com/fivethirtyeight/data/tree/master/pollster-ratings,https://electionlab.mit.edu/data
30282,36306,2012_Pres-G_NY,2012,NY,Marist,2012-10-20,2012-11-06,17,565.0,Live Phone,Mitt Romney,REP,35.0,31.241570989167872,3.7584290108321277,3.7584290108321277,https://github.com/fivethirtyeight/data/tree/master/pollster-ratings,https://electionlab.mit.edu/data
30694,36973,2012_Pres-G_NY,2012,NY,YouGov,2012-11-02,2012-11-06,4,1430.0,Online Panel,Mitt Romney,REP,36.0,31.241570989167872,4.758429010832128,4.758429010832128,https://github.com/fivethirtyeight/data/tree/master/pollster-ratings,https://electionlab.mit.edu/data
19102,24422,2012_Pres-G_OH,2012,OH,Marist,2012-09-10,2012-11-06,57,979.0,Live Phone,Mitt Romney,REP,43.0,47.68844087842257,-4.688440878422568,4.688440878422568,https://github.com/fivethirtyeight/data/tree/master/pollster-ratings,https://electionlab.mit.edu/data
29425,34983,2012_Pres-G_OH,2012,OH,YouGov,2012-09-11,2012-11-06,56,1036.0,Online Panel,Mitt Romney,REP,44.0,47.68844087842257,-3.6884408784225684,3.6884408784225684,https://github.com/fivethirtyeight/data/tree/master/pollster-ratings,https://electionlab.mit.edu/data
29728,35449,2012_Pres-G_OH,2012,OH,Marist,2012-09-30,2012-11-06,37,931.0,Live Phone,Mitt Romney,REP,43.0,47.68844087842257,-4.688440878422568,4.688440878422568,https://github.com/fivethirtyeight/data/tree/master/pollster-ratings,https://electionlab.mit.edu/data
29920,35736,2012_Pres-G_OH,2012,OH,Marist,2012-10-08,2012-11-06,29,994.0,Live Phone,Mitt Romney,REP,45.0,47.68844087842257,-2.6884408784225684,2.6884408784225684,https://github.com/fivethirtyeight/data/tree/master/pollster-ratings,https://electionlab.mit.edu/data
30057,35967,2012_Pres-G_OH,2012,OH,YouGov,2012-10-08,2012-11-06,29,851.0,Online Panel,Mitt Romney,REP,46.0,47.68844087842257,-1.6884408784225684,1.6884408784225684,https://github.com/fivethirtyeight/data/tree/master/pollster-ratings,https://electionlab.mit.edu/data
30627,36833,2012_Pres-G_OH,2012,OH,Marist,2012-10-31,2012-11-06,6,971.0,Live Phone,Mitt Romney,REP,45.0,47.68844087842257,-2.6884408784225684,2.6884408784225684,https://github.com/fivethirtyeight/data/tree/master/pollster-ratings,https://electionlab.mit.edu/data
30599,36795,2012_Pres-G_OH,2012,OH,Ipsos,2012-11-01,2012-11-06,5,1012.0,Online Panel,Mitt Romney,REP,45.0,47.68844087842257,-2.6884408784225684,2.6884408784225684,https://github.com/fivethirtyeight/data/tree/master/pollster-ratings,https://electionlab.mit.edu/data
30600,36797,2012_Pres-G_OH,2012,OH,Ipsos,2012-11-01,2012-11-06,5,1313.0,Online Panel,Mitt Romney,REP,40.0,47.68844087842257,-7.688440878422568,7.688440878422568,https://github.com/fivethirtyeight/data/tree/master/pollster-ratings,https://electionlab.mit.edu/data
30705,36995,2012_Pres-G_OH,2012,OH,YouGov,2012-11-02,2012-11-06,4,1620.0,Online Panel,Mitt Romney,REP,46.0,47.68844087842257,-1.6884408784225684,1.6884408784225684,https://github.com/fivethirtyeight/data/tree/master/pollster-ratings,https://electionlab.mit.edu/data
30783,37131,2012_Pres-G_OH,2012,OH,Ipsos,2012-11-04,2012-11-06,2,680.0,Online Panel,Mitt Romney,REP,46.0,47.68844087842257,-1.6884408784225684,1.6884408784225684,https://github.com/fivethirtyeight/data/tree/master/pollster-ratings,https://electionlab.mit.edu/data
29424,34981,2012_Pres-G_PA,2012,PA,YouGov,2012-09-11,2012-11-06,56,1139.0,Online Panel,Mitt Romney,REP,43.0,46.586509132432,-3.586509132431999,3.586509132431999,https://github.com/fivethirtyeight/data/tree/master/pollster-ratings,https://electionlab.mit.edu/data
30058,35969,2012_Pres-G_PA,2012,PA,YouGov,2012-10-08,2012-11-06,29,966.0,Online Panel,Mitt Romney,REP,44.0,46.586509132432,-2.586509132431999,2.586509132431999,https://github.com/fivethirtyeight/data/tree/master/pollster-ratings,https://electionlab.mit.edu/data
30693,36971,2012_Pres-G_PA,2012,PA,YouGov,2012-11-02,2012-11-06,4,1273.0,Online Panel,Mitt Romney,REP,44.0,46.586509132432,-2.586509132431999,2.586509132431999,https://github.com/fivethirtyeight/data/tree/master/pollster-ratings,https://electionlab.mit.edu/data
29500,35094,2012_Pres-G_TN,2012,TN,YouGov,2012-09-11,2012-11-06,56,694.0,Online Panel,Mitt Romney,REP,50.0,59.47871471993759,-9.478714719937592,9.478714719937592,https://github.com/fivethirtyeight/data/tree/master/pollster-ratings,https://electionlab.mit.edu/data
30055,35963,2012_Pres-G_TN,2012,TN,YouGov,2012-10-08,2012-11-06,29,484.0,Online Panel,Mitt Romney,REP,52.0,59.47871471993759,-7.478714719937592,7.478714719937592,https://github.com/fivethirtyeight/data/tree/master/pollster-ratings,https://electionlab.mit.edu/data
30690,36965,2012_Pres-G_TN,2012,TN,YouGov,2012-11-02,2012-11-06,4,697.0,Online Panel,Mitt Romney,REP,53.0,59.47871471993759,-6.478714719937592,6.478714719937592,https://github.com/fivethirtyeight/data/tree/master/pollster-ratings,https://electionlab.mit.edu/data
29510,35113,2012_Pres-G_TX,2012,TX,YouGov,2012-09-11,2012-11-06,56,1165.0,Online Panel,Mitt Romney,REP,53.0,57.16697746805639,-4.166977468056388,4.166977468056388,https://github.com/fivethirtyeight/data/tree/master/pollster-ratings,https://electionlab.mit.edu/data
30056,35965,2012_Pres-G_TX,2012,TX,YouGov,2012-10-08,2012-11-06,29,958.0,Online Panel,Mitt Romney,REP,55.0,57.16697746805639,-2.1669774680563876,2.1669774680563876,https://github.com/fivethirtyeight/data/tree/master/pollster-ratings,https://electionlab.mit.edu/data
30462,36567,2012_Pres-G_TX,2012,TX,YouGov,2012-10-18,2012-11-06,19,540.0,Online Panel,Mitt Romney,REP,55.0,57.16697746805639,-2.1669774680563876,2.1669774680563876,https://github.com/fivethirtyeight/data/tree/master/pollster-ratings,https://electionlab.mit.edu/data
30691,36967,2012_Pres-G_TX,2012,TX,YouGov,2012-11-02,2012-11-06,4,1563.0,Online Panel,Mitt Romney,REP,57.0,57.16697746805639,-0.16697746805638758,0.16697746805638758,https://github.com/fivethirtyeight/data/tree/master/pollster-ratings,https://electionlab.mit.edu/data
19098,24406,2012_Pres-G_VA,2012,VA,Marist,2012-09-10,2012-11-06,57,996.0,Live Phone,Mitt Romney,REP,44.0,47.28310289638912,-3.283102896389117,3.283102896389117,https://github.com/fivethirtyeight/data/tree/master/pollster-ratings,https://electionlab.mit.edu/data
29428,34990,2012_Pres-G_VA,2012,VA,YouGov,2012-09-11,2012-11-06,56,1047.0,Online Panel,Mitt Romney,REP,44.0,47.28310289638912,-3.283102896389117,3.283102896389117,https://github.com/fivethirtyeight/data/tree/master/pollster-ratings,https://electionlab.mit.edu/data
29726,35447,2012_Pres-G_VA,2012,VA,Marist,2012-09-30,2012-11-06,37,969.0,Live Phone,Mitt Romney,REP,46.0,47.28310289638912,-1.2831028963891171,1.2831028963891171,https://github.com/fivethirtyeight/data/tree/master/pollster-ratings,https://electionlab.mit.edu/data
29924,35744,2012_Pres-G_VA,2012,VA,Marist,2012-10-08,2012-11-06,29,981.0,Live Phone,Mitt Romney,REP,48.0,47.28310289638912,0.7168971036108829,0.7168971036108829,https://github.com/fivethirtyeight/data/tree/master/pollster-ratings,https://electionlab.mit.edu/data
30040,35935,2012_Pres-G_VA,2012,VA,YouGov,2012-10-08,2012-11-06,29,743.0,Online Panel,Mitt Romney,REP,45.0,47.28310289638912,-2.283102896389117,2.283102896389117,https://github.com/fivethirtyeight/data/tree/master/pollster-ratings,https://electionlab.mit.edu/data
30597,36791,2012_Pres-G_VA,2012,VA,Ipsos,2012-11-01,2012-11-06,5,1065.0,Online Panel,Mitt Romney,REP,45.0,47.28310289638912,-2.283102896389117,2.283102896389117,https://github.com/fivethirtyeight/data/tree/master/pollster-ratings,https://electionlab.mit.edu/data
30598,36793,2012_Pres-G_VA,2012,VA,Ipsos,2012-11-01,2012-11-06,5,1197.0,Online Panel,Mitt Romney,REP,40.0,47.28310289638912,-7.283102896389117,7.283102896389117,https://github.com/fivethirtyeight/data/tree/master/pollster-ratings,https://electionlab.mit.edu/data
30746,37056,2012_Pres-G_VA,2012,VA,Marist,2012-11-01,2012-11-06,5,1165.0,Live Phone,Mitt Romney,REP,47.0,47.28310289638912,-0.2831028963891171,0.2831028963891171,https://github.com/fivethirtyeight/data/tree/master/pollster-ratings,https://electionlab.mit.edu/data
30708,37001,2012_Pres-G_VA,2012,VA,YouGov,2012-11-02,2012-11-06,4,1497.0,Online Panel,Mitt Romney,REP,46.0,47.28310289638912,-1.2831028963891171,1.2831028963891171,https://github.com/fivethirtyeight/data/tree/master/pollster-ratings,https://electionlab.mit.edu/data
30781,37127,2012_Pres-G_VA,2012,VA,Ipsos,2012-11-04,2012-11-06,2,828.0,Online Panel,Mitt Romney,REP,46.0,47.28310289638912,-1.2831028963891171,1.2831028963891171,https://github.com/fivethirtyeight/data/tree/master/pollster-ratings,https://electionlab.mit.edu/data
29485,35069,2012_Pres-G_WA,2012,WA,YouGov,2012-09-11,2012-11-06,56,880.0,Online Panel,Mitt Romney,REP,39.0,41.29462143210913,-2.294621432109132,2.294621432109132,https://github.com/fivethirtyeight/data/tree/master/pollster-ratings,https://electionlab.mit.edu/data
30045,35943,2012_Pres-G_WA,2012,WA,YouGov,2012-10-08,2012-11-06,29,748.0,Online Panel,Mitt Romney,REP,39.0,41.29462143210913,-2.294621432109132,2.294621432109132,https://github.com/fivethirtyeight/data/tree/master/pollster-ratings,https://electionlab.mit.edu/data
30692,36969,2012_Pres-G_WA,2012,WA,YouGov,2012-11-02,2012-11-06,4,837.0,Online Panel,Mitt Romney,REP,40.0,41.29462143210913,-1.2946214321091318,1.2946214321091318,https://github.com/fivethirtyeight/data/tree/master/pollster-ratings,https://electionlab.mit.edu/data
29427,34988,2012_Pres-G_WI,2012,WI,YouGov,2012-09-11,2012-11-06,56,753.0,Online Panel,Mitt Romney,REP,47.0,45.93834671361976,1.061653286380242,1.061653286380242,https://github.com/fivethirtyeight/data/tree/master/pollster-ratings,https://electionlab.mit.edu/data
29447,35020,2012_Pres-G_WI,2012,WI,Marist,2012-09-17,2012-11-06,50,968.0,Live Phone,Mitt Romney,REP,45.0,45.93834671361976,-0.9383467136197581,0.9383467136197581,https://github.com/fivethirtyeight/data/tree/master/pollster-ratings,https://electionlab.mit.edu/data
30041,35929,2012_Pres-G_WI,2012,WI,YouGov,2012-10-08,2012-11-06,29,639.0,Online Panel,Mitt Romney,REP,47.0,45.93834671361976,1.061653286380242,1.061653286380242,https://github.com/fivethirtyeight/data/tree/master/pollster-ratings,https://electionlab.mit.edu/data
30114,36049,2012_Pres-G_WI,2012,WI,Marist,2012-10-16,2012-11-06,21,1013.0,Live Phone,Mitt Romney,REP,45.0,45.93834671361976,-0.9383467136197581,0.9383467136197581,https://github.com/fivethirtyeight/data/tree/master/pollster-ratings,https://electionlab.mit.edu/data
30534,36695,2012_Pres-G_WI,2012,WI,Marist,2012-10-28,2012-11-06,9,1065.0,Live Phone,Mitt Romney,REP,46.0,45.93834671361976,0.06165328638024192,0.06165328638024192,https://github.com/fivethirtyeight/data/tree/master/pollster-ratings,https://electionlab.mit.edu/data
30704,36993,2012_Pres-G_WI,2012,WI,YouGov,2012-11-02,2012-11-06,4,1225.0,Online Panel,Mitt Romney,REP,46.0,45.93834671361976,0.06165328638024192,0.06165328638024192,https://github.com/fivethirtyeight/data/tree/master/pollster-ratings,https://electionlab.mit.edu/data
68553,128332,2020_Pres-G_US,2020,US,YouGov,2020-09-07,2020-11-03,57,1057.0,Online Panel,Donald Trump,REP,43.0,46.67188775435952,-3.671887754359517,3.671887754359517,https://github.com/fivethirtyeight/data/tree/master/pollster-ratings,https://electionlab.mit.edu/data
68539,128314,2020_Pres-G_US,2020,US,Ipsos,2020-09-05,2020-11-03,59,823.0,Probability Panel,Donald Trump,REP,40.0,46.67188775435952,-6.671887754359517,6.671887754359517,https://github.com/fivethirtyeight/data/tree/master/pollster-ratings,https://electionlab.mit.edu/data
69412,129269,2020_Pres-G_US,2020,US,YouGov,2020-09-10,2020-11-03,54,1216.0,Online Panel,Donald Trump,REP,39.0,46.67188775435952,-7.671887754359517,7.671887754359517,https://github.com/fivethirtyeight/data/tree/master/pollster-ratings,https://electionlab.mit.edu/data
69478,129407,2020_Pres-G_US,2020,US,YouGov,2020-09-14,2020-11-03,50,1062.0,Online Panel,Donald Trump,REP,42.0,46.67188775435952,-4.671887754359517,4.671887754359517,https://github.com/fivethirtyeight/data/tree/master/pollster-ratings,https://electionlab.mit.edu/data
69482,129430,2020_Pres-G_US,2020,US,Ipsos,2020-09-13,2020-11-03,51,859.0,Probability Panel,Donald Trump,REP,41.0,46.67188775435952,-5.671887754359517,5.671887754359517,https://github.com/fivethirtyeight/data/tree/master/pollster-ratings,https://electionlab.mit.edu/data
69541,129556,2020_Pres-G_US,2020,US,Marist,2020-09-13,2020-11-03,51,723.0,Live Phone,Donald Trump,REP,42.0,46.67188775435952,-4.671887754359517,4.671887754359517,https://github.com/fivethirtyeight/data/tree/master/pollster-ratings,https://electionlab.mit.edu/data
69548,129572,2020_Pres-G_US,2020,US,Ipsos,2020-09-16,2020-11-03,48,834.0,Probability Panel,Donald Trump,REP,42.0,46.67188775435952,-4.671887754359517,4.671887754359517,https://github.com/fivethirtyeight/data/tree/master/pollster-ratings,https://electionlab.mit.edu/data
69549,129578,2020_Pres-G_US,2020,US,YouGov,2020-09-16,2020-11-03,48,1223.0,Online Panel,Donald Trump,REP,41.0,46.67188775435952,-5.671887754359517,5.671887754359517,https://github.com/fivethirtyeight/data/tree/master/pollster-ratings,https://electionlab.mit.edu/data
70781,132422,2020_Pres-G_US,2020,US,Ipsos,2020-09-16,2020-11-03,48,2006.0,Probability Panel,Donald Trump,REP,37.0,46.67188775435952,-9.671887754359517,9.671887754359517,https://github.com/fivethirtyeight/data/tree/master/pollster-ratings,https://electionlab.mit.edu/data
69689,129917,2020_Pres-G_US,2020,US,YouGov,2020-09-21,2020-11-03,43,1124.0,Online Panel,Donald Trump,REP,42.0,46.67188775435952,-4.671887754359517,4.671887754359517,https://github.com/fivethirtyeight/data/tree/master/pollster-ratings,https://electionlab.mit.edu/data
69980,130323,2020_Pres-G_US,2020,US,Ipsos,2020-09-20,2020-11-03,44,889.0,Probability Panel,Donald Trump,REP,42.0,46.67188775435952,-4.671887754359517,4.671887754359517,https://github.com/fivethirtyeight/data/tree/master/pollster-ratings,https://electionlab.mit.edu/data
70110,130618,2020_Pres-G_US,2020,US,YouGov,2020-09-18,2020-11-03,46,2000.0,Online Panel,Donald Trump,REP,41.9,46.67188775435952,-4.771887754359518,4.771887754359518,https://github.com/fivethirtyeight/data/tree/master/pollster-ratings,https://electionlab.mit.edu/data
69953,130269,2020_Pres-G_US,2020,US,YouGov,2020-09-22,2020-11-03,42,1125.0,Online Panel,Donald Trump,REP,44.0,46.67188775435952,-2.671887754359517,2.671887754359517,https://github.com/fivethirtyeight/data/tree/master/pollster-ratings,https://electionlab.mit.edu/data
69986,130337,2020_Pres-G_US,2020,US,Ipsos,2020-09-23,2020-11-03,41,934.0,Probability Panel,Donald Trump,REP,41.0,46.67188775435952,-5.671887754359517,5.671887754359517,https://github.com/fivethirtyeight/data/tree/master/pollster-ratings,https://electionlab.mit.edu/data
70075,130545,2020_Pres-G_US,2020,US,Ipsos,2020-09-27,2020-11-03,37,864.0,Probability Panel,Donald Trump,REP,42.0,46.67188775435952,-4.671887754359517,4.671887754359517,https://github.com/fivethirtyeight/data/tree/master/pollster-ratings,https://electionlab.mit.edu/data
70071,130535,2020_Pres-G_US,2020,US,YouGov,2020-09-29,2020-11-03,35,1350.0,Online Panel,Donald Trump,REP,42.0,46.67188775435952,-4.671887754359517,4.671887754359517,https://github.com/fivethirtyeight/data/tree/master/pollster-ratings,https://electionlab.mit.edu/data
70111,130621,2020_Pres-G_US,2020,US,Ipsos,2020-09-30,2020-11-03,34,882.0,Probability Panel,Donald Trump,REP,41.0,46.67188775435952,-5.671887754359517,5.671887754359517,https://github.com/fivethirtyeight/data/tree/master/pollster-ratings,https://electionlab.mit.edu/data
70552,131605,2020_Pres-G_US,2020,US,YouGov,2020-10-01,2020-11-03,33,1345.0,Online Panel,Donald Trump,REP,40.0,46.67188775435952,-6.671887754359517,6.671887754359517,https://github.com/fivethirtyeight/data/tree/master/pollster-ratings,https://electionlab.mit.edu/data
70546,131592,2020_Pres-G_US,2020,US,Ipsos,2020-10-02,2020-11-03,32,596.0,Probability Panel,Donald Trump,REP,41.0,46.67188775435952,-5.671887754359517,5.671887754359517,https://github.com/fivethirtyeight/data/tree/master/pollster-ratings,https://electionlab.mit.edu/data
70637,132083,2020_Pres-G_US,2020,US,YouGov,2020-10-05,2020-11-03,29,1364.0,Online Panel,Donald Trump,REP,42.0,46.67188775435952,-4.671887754359517,4.671887754359517,https://github.com/fivethirtyeight/data/tree/master/pollster-ratings,https://electionlab.mit.edu/data
70621,132051,2020_Pres-G_US,2020,US,Ipsos,2020-10-04,2020-11-03,30,882.0,Probability Panel,Donald Trump,REP,40.0,46.67188775435952,-6.671887754359517,6.671887754359517,https://github.com/fivethirtyeight/data/tree/master/pollster-ratings,https://electionlab.mit.edu/data
70705,132258,2020_Pres-G_US,2020,US,Ipsos,2020-10-07,2020-11-03,27,882.0,Probability Panel,Donald Trump,REP,41.0,46.67188775435952,-5.671887754359517,5.671887754359517,https://github.com/fivethirtyeight/data/tree/master/pollster-ratings,https://electionlab.mit.edu/data
71448,133813,2020_Pres-G_US,2020,US,Ipsos,2020-09-30,2020-11-03,34,2004.0,Probability Panel,Donald Trump,REP,38.5,46.67188775435952,-8.171887754359517,8.171887754359517,https://github.com/fivethirtyeight/data/tree/master/pollster-ratings,https://electionlab.mit.edu/data
70742,132340,2020_Pres-G_US,2020,US,YouGov,2020-10-10,2020-11-03,24,1366.0,Online Panel,Donald Trump,REP,43.0,46.67188775435952,-3.671887754359517,3.671887754359517,https://github.com/fivethirtyeight/data/tree/master/pollster-ratings,https://electionlab.mit.edu/data
70989,132844,2020_Pres-G_US,2020,US,YouGov,2020-10-12,2020-11-03,22,1333.0,Online Panel,Donald Trump,REP,42.0,46.67188775435952,-4.671887754359517,4.671887754359517,https://github.com/fivethirtyeight/data/tree/master/pollster-ratings,https://electionlab.mit.edu/data
71009,132887,2020_Pres-G_US,2020,US,Ipsos,2020-10-11,2020-11-03,23,882.0,Probability Panel,Donald Trump,REP,41.0,46.67188775435952,-5.671887754359517,5.671887754359517,https://github.com/fivethirtyeight/data/tree/master/pollster-ratings,https://electionlab.mit.edu/data
71100,133102,2020_Pres-G_US,2020,US,Marist,2020-10-10,2020-11-03,24,896.0,Live Phone,Donald Trump,REP,43.0,46.67188775435952,-3.671887754359517,3.671887754359517,https://github.com/fivethirtyeight/data/tree/master/pollster-ratings,https://electionlab.mit.edu/data
71234,133372,2020_Pres-G_US,2020,US,Ipsos,2020-10-14,2020-11-03,20,920.0,Probability Panel,Donald Trump,REP,41.0,46.67188775435952,-5.671887754359517,5.671887754359517,https://github.com/fivethirtyeight/data/tree/master/pollster-ratings,https://electionlab.mit.edu/data
71373,133650,2020_Pres-G_US,2020,US,YouGov,2020-10-17,2020-11-03,17,1465.0,Online Panel,Donald Trump,REP,40.0,46.67188775435952,-6.671887754359517,6.671887754359517,https://github.com/fivethirtyeight/data/tree/master/pollster-ratings,https://electionlab.mit.edu/data
71542,134013,2020_Pres-G_US,2020,US,YouGov,2020-10-19,2020-11-03,15,1344.0,Online Panel,Donald Trump,REP,43.0,46.67188775435952,-3.671887754359517,3.671887754359517,https://github.com/fivethirtyeight/data/tree/master/pollster-ratings,https://electionlab.mit.edu/data
71624,134181,2020_Pres-G_US,2020,US,Ipsos,2020-10-18,2020-11-03,16,949.0,Probability Panel,Donald Trump,REP,42.0,46.67188775435952,-4.671887754359517,4.671887754359517,https://github.com/fivethirtyeight/data/tree/master/pollster-ratings,https://electionlab.mit.edu/data
71816,134596,2020_Pres-G_US,2020,US,Ipsos,2020-10-21,2020-11-03,13,935.0,Probability Panel,Donald Trump,REP,43.0,46.67188775435952,-3.671887754359517,3.671887754359517,https://github.com/fivethirtyeight/data/tree/master/pollster-ratings,https://electionlab.mit.edu/data
71973,134919,2020_Pres-G_US,2020,US,YouGov,2020-10-24,2020-11-03,10,1350.0,Online Panel,Donald Trump,REP,42.0,46.67188775435952,-4.671887754359517,4.671887754359517,https://github.com/fivethirtyeight/data/tree/master/pollster-ratings,https://electionlab.mit.edu/data
72313,135667,2020_Pres-G_US,2020,US,YouGov,2020-10-23,2020-11-03,11,2000.0,Online Panel,Donald Trump,REP,42.5,46.67188775435952,-4.171887754359517,4.171887754359517,https://github.com/fivethirtyeight/data/tree/master/pollster-ratings,https://electionlab.mit.edu/data
72600,136277,2020_Pres-G_US,2020,US,YouGov,2020-10-21,2020-11-03,13,2500.0,Online Panel,Donald Trump,REP,41.0,46.67188775435952,-5.671887754359517,5.671887754359517,https://github.com/fivethirtyeight/data/tree/master/pollster-ratings,https://electionlab.mit.edu/data
72083,135153,2020_Pres-G_US,2020,US,YouGov,2020-10-26,2020-11-03,8,1365.0,Online Panel,Donald Trump,REP,43.0,46.67188775435952,-3.671887754359517,3.671887754359517,https://github.com/fivethirtyeight/data/tree/master/pollster-ratings,https://electionlab.mit.edu/data
72164,135350,2020_Pres-G_US,2020,US,Ipsos,2020-10-25,2020-11-03,9,825.0,Probability Panel,Donald Trump,REP,42.0,46.67188775435952,-4.671887754359517,4.671887754359517,https://github.com/fivethirtyeight/data/tree/master/pollster-ratings,https://electionlab.mit.edu/data
72224,135491,2020_Pres-G_US,2020,US,YouGov,2020-10-24,2020-11-03,10,1500.0,Online Panel,Donald Trump,REP,43.5,46.67188775435952,-3.171887754359517,3.171887754359517,https://github.com/fivethirtyeight/data/tree/master/pollster-ratings,https://electionlab.mit.edu/data
72234,135515,2020_Pres-G_US,2020,US,YouGov,2020-10-13,2020-11-03,21,50908.0,Online Panel,Donald Trump,REP,43.0,46.67188775435952,-3.671887754359517,3.671887754359517,https://github.com/fivethirtyeight/data/tree/master/pollster-ratings,https://electionlab.mit.edu/data
72216,135480,2020_Pres-G_US,2020,US,AtlasIntel,2020-10-27,2020-11-03,7,1726.0,Online Panel,Donald Trump,REP,46.2,46.67188775435952,-0.47188775435951413,0.47188775435951413,https://github.com/fivethirtyeight/data/tree/master/pollster-ratings,https://electionlab.mit.edu/data
72619,136279,2020_Pres-G_US,2020,US,YouGov,2020-10-31,2020-11-03,3,1360.0,Online Panel,Donald Trump,REP,43.0,46.67188775435952,-3.671887754359517,3.671887754359517,https://github.com/fivethirtyeight/data/tree/master/pollster-ratings,https://electionlab.mit.edu/data
72714,136475,2020_Pres-G_US,2020,US,YouGov,2020-11-01,2020-11-03,2,1363.0,Online Panel,Donald Trump,REP,43.0,46.67188775435952,-3.671887754359517,3.671887754359517,https://github.com/fivethirtyeight/data/tree/master/pollster-ratings,https://electionlab.mit.edu/data
72717,136487,2020_Pres-G_US,2020,US,Ipsos,2020-11-01,2020-11-03,2,914.0,Probability Panel,Donald Trump,REP,45.0,46.67188775435952,-1.671887754359517,1.671887754359517,https://github.com/fivethirtyeight/data/tree/master/pollster-ratings,https://electionlab.mit.edu/data
69423,129303,2020_Pres-G_AZ,2020,AZ,YouGov,2020-09-10,2020-11-03,54,1106.0,Online Panel,Donald Trump,REP,44.0,49.05598103046474,-5.055981030464743,5.055981030464743,https://github.com/fivethirtyeight/data/tree/master/pollster-ratings,https://electionlab.mit.edu/data
69698,129958,2020_Pres-G_AZ,2020,AZ,Ipsos,2020-09-13,2020-11-03,51,565.0,Probability Panel,Donald Trump,REP,46.0,49.05598103046474,-3.055981030464743,3.055981030464743,https://github.com/fivethirtyeight/data/tree/master/pollster-ratings,https://electionlab.mit.edu/data
70651,132117,2020_Pres-G_AZ,2020,AZ,Ipsos,2020-10-03,2020-11-03,31,633.0,Probability Panel,Donald Trump,REP,46.0,49.05598103046474,-3.055981030464743,3.055981030464743,https://github.com/fivethirtyeight/data/tree/master/pollster-ratings,https://electionlab.mit.edu/data
71007,132903,2020_Pres-G_AZ,2020,AZ,Ipsos,2020-10-11,2020-11-03,23,667.0,Probability Panel,Donald Trump,REP,47.0,49.05598103046474,-2.055981030464743,2.055981030464743,https://github.com/fivethirtyeight/data/tree/master/pollster-ratings,https://electionlab.mit.edu/data
71295,133500,2020_Pres-G_AZ,2020,AZ,YouGov,2020-10-15,2020-11-03,19,1074.0,Online Panel,Donald Trump,REP,47.0,49.05598103046474,-2.055981030464743,2.055981030464743,https://github.com/fivethirtyeight/data/tree/master/pollster-ratings,https://electionlab.mit.edu/data
71621,134171,2020_Pres-G_AZ,2020,AZ,Ipsos,2020-10-18,2020-11-03,16,658.0,Probability Panel,Donald Trump,REP,46.0,49.05598103046474,-3.055981030464743,3.055981030464743,https://github.com/fivethirtyeight/data/tree/master/pollster-ratings,https://electionlab.mit.edu/data
72166,135357,2020_Pres-G_AZ,2020,AZ,Ipsos,2020-10-24,2020-11-03,10,714.0,Probability Panel,Donald Trump,REP,47.0,49.05598103046474,-2.055981030464743,2.055981030464743,https://github.com/fivethirtyeight/data/tree/master/pollster-ratings,https://electionlab.mit.edu/data
72500,136058,2020_Pres-G_AZ,2020,AZ,AtlasIntel,2020-10-30,2020-11-03,4,641.0,Online Panel,Donald Trump,REP,50.4,49.05598103046474,1.3440189695352558,1.3440189695352558,https://github.com/fivethirtyeight/data/tree/master/pollster-ratings,https://electionlab.mit.edu/data
72649,136324,2020_Pres-G_AZ,2020,AZ,Marist,2020-10-31,2020-11-03,3,717.0,Live Phone,Donald Trump,REP,48.0,49.05598103046474,-1.0559810304647428,1.0559810304647428,https://github.com/fivethirtyeight/data/tree/master/pollster-ratings,https://electionlab.mit.edu/data
72653,136342,2020_Pres-G_AZ,2020,AZ,Ipsos,2020-10-30,2020-11-03,4,610.0,Probability Panel,Donald Trump,REP,47.0,49.05598103046474,-2.055981030464743,2.055981030464743,https://github.com/fivethirtyeight/data/tree/master/pollster-ratings,https://electionlab.mit.edu/data
71368,133643,2020_Pres-G_CO,2020,CO,YouGov,2020-10-07,2020-11-03,27,800.0,Online Panel,Donald Trump,REP,38.0,41.8979238435606,-3.897923843560598,3.897923843560598,https://github.com/fivethirtyeight/data/tree/master/pollster-ratings,https://electionlab.mit.edu/data
69699,129959,2020_Pres-G_FL,2020,FL,Ipsos,2020-09-13,2020-11-03,51,586.0,Probability Panel,Donald Trump,REP,47.0,51.21981962250403,-4.219819622504033,4.219819622504033,https://github.com/fivethirtyeight/data/tree/master/pollster-ratings,https://electionlab.mit.edu/data
69564,129606,2020_Pres-G_FL,2020,FL,YouGov,2020-09-17,2020-11-03,47,1205.0,Online Panel,Donald Trump,REP,46.0,51.21981962250403,-5.219819622504033,5.219819622504033,https://github.com/fivethirtyeight/data/tree/master/pollster-ratings,https://electionlab.mit.edu/data
70650,132116,2020_Pres-G_FL,2020,FL,Ipsos,2020-10-03,2020-11-03,31,678.0,Probability Panel,Donald Trump,REP,45.0,51.21981962250403,-6.219819622504033,6.219819622504033,https://github.com/fivethirtyeight/data/tree/master/pollster-ratings,https://electionlab.mit.edu/data
71006,132902,2020_Pres-G_FL,2020,FL,Ipsos,2020-10-11,2020-11-03,23,653.0,Probability Panel,Donald Trump,REP,47.0,51.21981962250403,-4.219819622504033,4.219819622504033,https://github.com/fivethirtyeight/data/tree/master/pollster-ratings,https://electionlab.mit.edu/data
71620,134169,2020_Pres-G_FL,2020,FL,Ipsos,2020-10-17,2020-11-03,17,662.0,Probability Panel,Donald Trump,REP,46.0,51.21981962250403,-5.219819622504033,5.219819622504033,https://github.com/fivethirtyeight/data/tree/master/pollster-ratings,https://electionlab.mit.edu/data
71887,134745,2020_Pres-G_FL,2020,FL,YouGov,2020-10-22,2020-11-03,12,1228.0,Online Panel,Donald Trump,REP,48.0,51.21981962250403,-3.2198196225040334,3.2198196225040334,https://github.com/fivethirtyeight/data/tree/master/pollster-ratings,https://electionlab.mit.edu/data
72330,135696,2020_Pres-G_FL,2020,FL,YouGov,2020-10-21,2020-11-03,13,1200.0,Online Panel,Donald Trump,REP,46.0,51.21981962250403,-5.219819622504033,5.219819622504033,https://github.com/fivethirtyeight/data/tree/master/pollster-ratings,https://electionlab.mit.edu/data
72175,135376,2020_Pres-G_FL,2020,FL,Marist,2020-10-26,2020-11-03,8,743.0,Live Phone,Donald Trump,REP,47.0,51.21981962250403,-4.219819622504033,4.219819622504033,https://github.com/fivethirtyeight/data/tree/master/pollster-ratings,https://electionlab.mit.edu/data
72167,135358,2020_Pres-G_FL,2020,FL,Ipsos,2020-10-24,2020-11-03,10,704.0,Probability Panel,Donald Trump,REP,47.0,51.21981962250403,-4.219819622504033,4.219819622504033,https://github.com/fivethirtyeight/data/tree/master/pollster-ratings,https://electionlab.mit.edu/data
72519,136089,2020_Pres-G_FL,2020,FL,YouGov,2020-10-13,2020-11-03,21,3755.0,Online Panel,Donald Trump,REP,47.0,51.21981962250403,-4.219819622504033,4.219819622504033,https://github.com/fivethirtyeight/data/tree/master/pollster-ratings,https://electionlab.mit.edu/data
72399,135844,2020_Pres-G_FL,2020,FL,AtlasIntel,2020-10-28,2020-11-03,6,786.0,Online Panel,Donald Trump,REP,48.5,51.21981962250403,-2.7198196225040334,2.7198196225040334,https://github.com/fivethirtyeight/data/tree/master/pollster-ratings,https://electionlab.mit.edu/data
72658,136361,2020_Pres-G_FL,2020,FL,Ipsos,2020-10-29,2020-11-03,5,670.0,Probability Panel,Donald Trump,REP,46.0,51.21981962250403,-5.219819622504033,5.219819622504033,https://github.com/fivethirtyeight/data/tree/master/pollster-ratings,https://electionlab.mit.edu/data
69991,130351,2020_Pres-G_GA,2020,GA,YouGov,2020-09-24,2020-11-03,40,1164.0,Online Panel,Donald Trump,REP,47.0,49.2374738997912,-2.2374738997911976,2.2374738997911976,https://github.com/fivethirtyeight/data/tree/master/pollster-ratings,https://electionlab.mit.edu/data
71888,134746,2020_Pres-G_GA,2020,GA,YouGov,2020-10-22,2020-11-03,12,1090.0,Online Panel,Donald Trump,REP,49.0,49.2374738997912,-0.2374738997911976,0.2374738997911976,https://github.com/fivethirtyeight/data/tree/master/pollster-ratings,https://electionlab.mit.edu/data
72520,136090,2020_Pres-G_GA,2020,GA,YouGov,2020-10-13,2020-11-03,21,1456.0,Online Panel,Donald Trump,REP,47.0,49.2374738997912,-2.2374738997911976,2.2374738997911976,https://github.com/fivethirtyeight/data/tree/master/pollster-ratings,https://electionlab.mit.edu/data
72593,136231,2020_Pres-G_GA,2020,GA,AtlasIntel,2020-10-30,2020-11-03,4,679.0,Online Panel,Donald Trump,REP,48.3,49.2374738997912,-0.9374738997912004,0.9374738997912004,https://github.com/fivethirtyeight/data/tree/master/pollster-ratings,https://electionlab.mit.edu/data
70726,132310,2020_Pres-G_IA,2020,IA,YouGov,2020-10-08,2020-11-03,26,1035.0,Online Panel,Donald Trump,REP,49.0,53.089324969202266,-4.089324969202266,4.089324969202266,https://github.com/fivethirtyeight/data/tree/master/pollster-ratings,https://electionlab.mit.edu/data
71972,134917,2020_Pres-G_MA,2020,MA,YouGov,2020-10-18,2020-11-03,16,713.0,Online Panel,Donald Trump,REP,29.0,32.14191103050557,-3.141911030505568,3.141911030505568,https://github.com/fivethirtyeight/data/tree/master/pollster-ratings,https://electionlab.mit.edu/data
69661,129866,2020_Pres-G_MI,2020,MI,Ipsos,2020-09-13,2020-11-03,51,637.0,Probability Panel,Donald Trump,REP,44.0,47.83729069113762,-3.8372906911376177,3.8372906911376177,https://github.com/fivethirtyeight/data/tree/master/pollster-ratings,https://electionlab.mit.edu/data
69714,130003,2020_Pres-G_MI,2020,MI,YouGov,2020-09-16,2020-11-03,48,641.0,Online Panel,Donald Trump,REP,45.0,47.83729069113762,-2.8372906911376177,2.8372906911376177,https://github.com/fivethirtyeight/data/tree/master/pollster-ratings,https://electionlab.mit.edu/data
69995,130356,2020_Pres-G_MI,2020,MI,Marist,2020-09-21,2020-11-03,43,799.0,Live Phone,Donald Trump,REP,44.0,47.83729069113762,-3.8372906911376177,3.8372906911376177,https://github.com/fivethirtyeight/data/tree/master/pollster-ratings,https://electionlab.mit.edu/data
70615,132031,2020_Pres-G_MI,2020,MI,Ipsos,2020-10-03,2020-11-03,31,709.0,Probability Panel,Donald Trump,REP,43.0,47.83729069113762,-4.837290691137618,4.837290691137618,https://github.com/fivethirtyeight/data/tree/master/pollster-ratings,https://electionlab.mit.edu/data
70724,132308,2020_Pres-G_MI,2020,MI,YouGov,2020-10-08,2020-11-03,26,1190.0,Online Panel,Donald Trump,REP,46.0,47.83729069113762,-1.8372906911376177,1.8372906911376177,https://github.com/fivethirtyeight/data/tree/master/pollster-ratings,https://electionlab.mit.edu/data
70785,132434,2020_Pres-G_MI,2020,MI,Ipsos,2020-10-10,2020-11-03,24,620.0,Probability Panel,Donald Trump,REP,44.0,47.83729069113762,-3.8372906911376177,3.8372906911376177,https://github.com/fivethirtyeight/data/tree/master/pollster-ratings,https://electionlab.mit.edu/data
71462,133969,2020_Pres-G_MI,2020,MI,Ipsos,2020-10-17,2020-11-03,17,686.0,Probability Panel,Donald Trump,REP,44.0,47.83729069113762,-3.8372906911376177,3.8372906911376177,https://github.com/fivethirtyeight/data/tree/master/pollster-ratings,https://electionlab.mit.edu/data
71946,134865,2020_Pres-G_MI,2020,MI,YouGov,2020-10-17,2020-11-03,17,681.0,Online Panel,Donald Trump,REP,42.0,47.83729069113762,-5.837290691137618,5.837290691137618,https://github.com/fivethirtyeight/data/tree/master/pollster-ratings,https://electionlab.mit.edu/data
72058,135100,2020_Pres-G_MI,2020,MI,Ipsos,2020-10-23,2020-11-03,11,652.0,Probability Panel,Donald Trump,REP,43.0,47.83729069113762,-4.837290691137618,4.837290691137618,https://github.com/fivethirtyeight/data/tree/master/pollster-ratings,https://electionlab.mit.edu/data
72594,136232,2020_Pres-G_MI,2020,MI,AtlasIntel,2020-10-30,2020-11-03,4,686.0,Online Panel,Donald Trump,REP,45.9,47.83729069113762,-1.937290691137619,1.937290691137619,https://github.com/fivethirtyeight/data/tree/master/pollster-ratings,https://electionlab.mit.edu/data
72508,136073,2020_Pres-G_MI,2020,MI,Ipsos,2020-10-29,2020-11-03,5,654.0,Probability Panel,Donald Trump,REP,43.0,47.83729069113762,-4.837290691137618,4.837290691137618,https://github.com/fivethirtyeight/data/tree/master/pollster-ratings,https://electionlab.mit.edu/data
69424,129304,2020_Pres-G_MN,2020,MN,YouGov,2020-09-10,2020-11-03,54,1087.0,Online Panel,Donald Trump,REP,41.0,45.28494240916937,-4.284942409169368,4.284942409169368,https://github.com/fivethirtyeight/data/tree/master/pollster-ratings,https://electionlab.mit.edu/data
70777,132398,2020_Pres-G_MO,2020,MO,YouGov,2020-09-30,2020-11-03,34,931.0,Online Panel,Donald Trump,REP,51.8,56.79965577888949,-4.99965577888949,4.99965577888949,https://github.com/fivethirtyeight/data/tree/master/pollster-ratings,https://electionlab.mit.edu/data
69662,129867,2020_Pres-G_NC,2020,NC,Ipsos,2020-09-13,2020-11-03,51,586.0,Probability Panel,Donald Trump,REP,47.0,49.93435061225701,-2.9343506122570133,2.9343506122570133,https://github.com/fivethirtyeight/data/tree/master/pollster-ratings,https://electionlab.mit.edu/data
69992,130352,2020_Pres-G_NC,2020,NC,YouGov,2020-09-24,2020-11-03,40,1213.0,Online Panel,Donald Trump,REP,46.0,49.93435061225701,-3.9343506122570133,3.9343506122570133,https://github.com/fivethirtyeight/data/tree/master/pollster-ratings,https://electionlab.mit.edu/data
70616,132032,2020_Pres-G_NC,2020,NC,Ipsos,2020-10-03,2020-11-03,31,601.0,Probability Panel,Donald Trump,REP,47.0,49.93435061225701,-2.9343506122570133,2.9343506122570133,https://github.com/fivethirtyeight/data/tree/master/pollster-ratings,https://electionlab.mit.edu/data
70786,132435,2020_Pres-G_NC,2020,NC,Ipsos,2020-10-10,2020-11-03,24,660.0,Probability Panel,Donald Trump,REP,48.0,49.93435061225701,-1.9343506122570133,1.9343506122570133,https://github.com/fivethirtyeight/data/tree/master/pollster-ratings,https://electionlab.mit.edu/data
71463,133970,2020_Pres-G_NC,2020,NC,Ipsos,2020-10-17,2020-11-03,17,660.0,Probability Panel,Donald Trump,REP,47.0,49.93435061225701,-2.9343506122570133,2.9343506122570133,https://github.com/fivethirtyeight/data/tree/master/pollster-ratings,https://electionlab.mit.edu/data
71889,134747,2020_Pres-G_NC,2020,NC,YouGov,2020-10-22,2020-11-03,12,1022.0,Online Panel,Donald Trump,REP,47.0,49.93435061225701,-2.9343506122570133,2.9343506122570133,https://github.com/fivethirtyeight/data/tree/master/pollster-ratings,https://electionlab.mit.edu/data
72059,135101,2020_Pres-G_NC,2020,NC,Ipsos,2020-10-24,2020-11-03,10,647.0,Probability Panel,Donald Trump,REP,48.0,49.93435061225701,-1.9343506122570133,1.9343506122570133,https://github.com/fivethirtyeight/data/tree/master/pollster-ratings,https://electionlab.mit.edu/data
72521,136091,2020_Pres-G_NC,2020,NC,YouGov,2020-10-13,2020-11-03,21,1627.0,Online Panel,Donald Trump,REP,45.0,49.93435061225701,-4.934350612257013,4.934350612257013,https://github.com/fivethirtyeight/data/tree/master/pollster-ratings,https://electionlab.mit.edu/data
72331,135702,2020_Pres-G_NC,2020,NC,Marist,2020-10-27,2020-11-03,7,800.0,Live Phone,Donald Trump,REP,46.0,49.93435061225701,-3.9343506122570133,3.9343506122570133,https://github.com/fivethirtyeight/data/tree/master/pollster-ratings,https://electionlab.mit.edu/data
72501,136059,2020_Pres-G_NC,2020,NC,AtlasIntel,2020-10-30,2020-11-03,4,812.0,Online Panel,Donald Trump,REP,49.5,49.93435061225701,-0.4343506122570133,0.4343506122570133,https://github.com/fivethirtyeight/data/tree/master/pollster-ratings,https://electionlab.mit.edu/data
72659,136362,2020_Pres-G_NC,2020,NC,Ipsos,2020-10-29,2020-11-03,5,707.0,Probability Panel,Donald Trump,REP,48.0,49.93435061225701,-1.9343506122570133,1.9343506122570133,https://github.com/fivethirtyeight/data/tree/master/pollster-ratings,https://electionlab.mit.edu/data
70725,132309,2020_Pres-G_NV,2020,NV,YouGov,2020-10-08,2020-11-03,26,1036.0,Online Panel,Donald Trump,REP,46.0,47.66624732455941,-1.6662473245594072,1.6662473245594072,https://github.com/fivethirtyeight/data/tree/master/pollster-ratings,https://electionlab.mit.edu/data
70549,131596,2020_Pres-G_OH,2020,OH,YouGov,2020-10-01,2020-11-03,33,1114.0,Online Panel,Donald Trump,REP,47.0,53.27130010087464,-6.27130010087464,6.27130010087464,https://github.com/fivethirtyeight/data/tree/master/pollster-ratings,https://electionlab.mit.edu/data
72657,136347,2020_Pres-G_OH,2020,OH,AtlasIntel,2020-10-29,2020-11-03,5,660.0,Online Panel,Donald Trump,REP,50.4,53.27130010087464,-2.8713001008746417,2.8713001008746417,https://github.com/fivethirtyeight/data/tree/master/pollster-ratings,https://electionlab.mit.edu/data
68532,128302,2020_Pres-G_PA,2020,PA,Marist,2020-09-04,2020-11-03,60,771.0,Live Phone,Donald Trump,REP,44.0,48.84361204017247,-4.8436120401724665,4.8436120401724665,https://github.com/fivethirtyeight/data/tree/master/pollster-ratings,https://electionlab.mit.edu/data
69626,129812,2020_Pres-G_PA,2020,PA,Ipsos,2020-09-13,2020-11-03,51,611.0,Probability Panel,Donald Trump,REP,46.0,48.84361204017247,-2.8436120401724665,2.8436120401724665,https://github.com/fivethirtyeight/data/tree/master/pollster-ratings,https://electionlab.mit.edu/data
69715,130005,2020_Pres-G_PA,2020,PA,YouGov,2020-09-16,2020-11-03,48,642.0,Online Panel,Donald Trump,REP,45.0,48.84361204017247,-3.8436120401724665,3.8436120401724665,https://github.com/fivethirtyeight/data/tree/master/pollster-ratings,https://electionlab.mit.edu/data
70548,131595,2020_Pres-G_PA,2020,PA,YouGov,2020-10-01,2020-11-03,33,1187.0,Online Panel,Donald Trump,REP,44.0,48.84361204017247,-4.8436120401724665,4.8436120401724665,https://github.com/fivethirtyeight/data/tree/master/pollster-ratings,https://electionlab.mit.edu/data
70585,131968,2020_Pres-G_PA,2020,PA,Ipsos,2020-10-02,2020-11-03,32,605.0,Probability Panel,Donald Trump,REP,45.0,48.84361204017247,-3.8436120401724665,3.8436120401724665,https://github.com/fivethirtyeight/data/tree/master/pollster-ratings,https://electionlab.mit.edu/data
70741,132346,2020_Pres-G_PA,2020,PA,Ipsos,2020-10-08,2020-11-03,26,622.0,Probability Panel,Donald Trump,REP,45.0,48.84361204017247,-3.8436120401724665,3.8436120401724665,https://github.com/fivethirtyeight/data/tree/master/pollster-ratings,https://electionlab.mit.edu/data
71379,133666,2020_Pres-G_PA,2020,PA,Ipsos,2020-10-16,2020-11-03,18,653.0,Probability Panel,Donald Trump,REP,45.0,48.84361204017247,-3.8436120401724665,3.8436120401724665,https://github.com/fivethirtyeight/data/tree/master/pollster-ratings,https://electionlab.mit.edu/data
71947,134866,2020_Pres-G_PA,2020,PA,YouGov,2020-10-17,2020-11-03,17,669.0,Online Panel,Donald Trump,REP,44.0,48.84361204017247,-4.8436120401724665,4.8436120401724665,https://github.com/fivethirtyeight/data/tree/master/pollster-ratings,https://electionlab.mit.edu/data
71976,134926,2020_Pres-G_PA,2020,PA,Ipsos,2020-10-23,2020-11-03,11,655.0,Probability Panel,Donald Trump,REP,44.0,48.84361204017247,-4.8436120401724665,4.8436120401724665,https://github.com/fivethirtyeight/data/tree/master/pollster-ratings,https://electionlab.mit.edu/data
72522,136092,2020_Pres-G_PA,2020,PA,YouGov,2020-10-13,2020-11-03,21,2703.0,Online Panel,Donald Trump,REP,44.0,48.84361204017247,-4.8436120401724665,4.8436120401724665,https://github.com/fivethirtyeight/data/tree/master/pollster-ratings,https://electionlab.mit.edu/data
72475,136002,2020_Pres-G_PA,2020,PA,AtlasIntel,2020-10-29,2020-11-03,5,672.0,Online Panel,Donald Trump,REP,49.6,48.84361204017247,0.7563879598275349,0.7563879598275349,https://github.com/fivethirtyeight/data/tree/master/pollster-ratings,https://electionlab.mit.edu/data
72650,136326,2020_Pres-G_PA,2020,PA,Marist,2020-10-31,2020-11-03,3,772.0,Live Phone,Donald Trump,REP,46.0,48.84361204017247,-2.8436120401724665,2.8436120401724665,https://github.com/fivethirtyeight/data/tree/master/pollster-ratings,https://electionlab.mit.edu/data
72507,136070,2020_Pres-G_PA,2020,PA,Ipsos,2020-10-29,2020-11-03,5,673.0,Probability Panel,Donald Trump,REP,45.0,48.84361204017247,-3.8436120401724665,3.8436120401724665,https://github.com/fivethirtyeight/data/tree/master/pollster-ratings,https://electionlab.mit.edu/data
69993,130353,2020_Pres-G_SC,2020,SC,YouGov,2020-09-24,2020-11-03,40,1080.0,Online Panel,Donald Trump,REP,52.0,55.11029395674024,-3.110293956740243,3.110293956740243,https://github.com/fivethirtyeight/data/tree/master/pollster-ratings,https://electionlab.mit.edu/data
69565,129607,2020_Pres-G_TX,2020,TX,YouGov,2020-09-17,2020-11-03,47,1140.0,Online Panel,Donald Trump,REP,48.0,52.05760360355265,-4.05760360355265,4.05760360355265,https://github.com/fivethirtyeight/data/tree/master/pollster-ratings,https://electionlab.mit.edu/data
70694,132236,2020_Pres-G_TX,2020,TX,YouGov,2020-09-29,2020-11-03,35,908.0,Online Panel,Donald Trump,REP,50.0,52.05760360355265,-2.05760360355265,2.05760360355265,https://github.com/fivethirtyeight/data/tree/master/pollster-ratings,https://electionlab.mit.edu/data
71955,134881,2020_Pres-G_TX,2020,TX,YouGov,2020-10-17,2020-11-03,17,1000.0,Online Panel,Donald Trump,REP,50.0,52.05760360355265,-2.05760360355265,2.05760360355265,https://github.com/fivethirtyeight/data/tree/master/pollster-ratings,https://electionlab.mit.edu/data
72523,136093,2020_Pres-G_TX,2020,TX,YouGov,2020-10-13,2020-11-03,21,2947.0,Online Panel,Donald Trump,REP,49.0,52.05760360355265,-3.05760360355265,3.05760360355265,https://github.com/fivethirtyeight/data/tree/master/pollster-ratings,https://electionlab.mit.edu/data
72592,136230,2020_Pres-G_TX,2020,TX,AtlasIntel,2020-10-30,2020-11-03,4,962.0,Online Panel,Donald Trump,REP,50.0,52.05760360355265,-2.05760360355265,2.05760360355265,https://github.com/fivethirtyeight/data/tree/master/pollster-ratings,https://electionlab.mit.edu/data
69627,129813,2020_Pres-G_WI,2020,WI,Ipsos,2020-09-13,2020-11-03,51,609.0,Probability Panel,Donald Trump,REP,43.0,48.82243731960882,-5.822437319608817,5.822437319608817,https://github.com/fivethirtyeight/data/tree/master/pollster-ratings,https://electionlab.mit.edu/data
69716,130007,2020_Pres-G_WI,2020,WI,YouGov,2020-09-16,2020-11-03,48,664.0,Online Panel,Donald Trump,REP,46.0,48.82243731960882,-2.8224373196088166,2.8224373196088166,https://github.com/fivethirtyeight/data/tree/master/pollster-ratings,https://electionlab.mit.edu/data
69996,130357,2020_Pres-G_WI,2020,WI,Marist,2020-09-22,2020-11-03,42,727.0,Live Phone,Donald Trump,REP,44.0,48.82243731960882,-4.822437319608817,4.822437319608817,https://github.com/fivethirtyeight/data/tree/master/pollster-ratings,https://electionlab.mit.edu/data
70584,131967,2020_Pres-G_WI,2020,WI,Ipsos,2020-10-02,2020-11-03,32,601.0,Probability Panel,Donald Trump,REP,44.0,48.82243731960882,-4.822437319608817,4.822437319608817,https://github.com/fivethirtyeight/data/tree/master/pollster-ratings,https://electionlab.mit.edu/data
70740,132345,2020_Pres-G_WI,2020,WI,Ipsos,2020-10-08,2020-11-03,26,577.0,Probability Panel,Donald Trump,REP,45.0,48.82243731960882,-3.8224373196088166,3.8224373196088166,https://github.com/fivethirtyeight/data/tree/master/pollster-ratings,https://electionlab.mit.edu/data
71296,133501,2020_Pres-G_WI,2020,WI,YouGov,2020-10-15,2020-11-03,19,1112.0,Online Panel,Donald Trump,REP,46.0,48.82243731960882,-2.8224373196088166,2.8224373196088166,https://github.com/fivethirtyeight/data/tree/master/pollster-ratings,https://electionlab.mit.edu/data
71380,133667,2020_Pres-G_WI,2020,WI,Ipsos,2020-10-16,2020-11-03,18,663.0,Probability Panel,Donald Trump,REP,45.0,48.82243731960882,-3.8224373196088166,3.8224373196088166,https://github.com/fivethirtyeight/data/tree/master/pollster-ratings,https://electionlab.mit.edu/data
71948,134867,2020_Pres-G_WI,2020,WI,YouGov,2020-10-17,2020-11-03,17,647.0,Online Panel,Donald Trump,REP,44.0,48.82243731960882,-4.822437319608817,4.822437319608817,https://github.com/fivethirtyeight/data/tree/master/pollster-ratings,https://electionlab.mit.edu/data
71975,134927,2020_Pres-G_WI,2020,WI,Ipsos,2020-10-23,2020-11-03,11,664.0,Probability Panel,Donald Trump,REP,44.0,48.82243731960882,-4.822437319608817,4.822437319608817,https://github.com/fivethirtyeight/data/tree/master/pollster-ratings,https://electionlab.mit.edu/data
72502,136060,2020_Pres-G_WI,2020,WI,AtlasIntel,2020-10-30,2020-11-03,4,781.0,Online Panel,Donald Trump,REP,48.7,48.82243731960882,-0.12243731960881377,0.12243731960881377,https://github.com/fivethirtyeight/data/tree/master/pollster-ratings,https://electionlab.mit.edu/data
72505,136067,2020_Pres-G_WI,2020,WI,Ipsos,2020-10-29,2020-11-03,5,696.0,Probability Panel,Donald Trump,REP,43.0,48.82243731960882,-5.822437319608817,5.822437319608817,https://github.com/fivethirtyeight/data/tree/master/pollster-ratings,https://electionlab.mit.edu/data
