"DT_GERACAO";"HH_GERACAO";"AA_ELEICAO";"CD_ELEICAO";"NM_ELEICAO";"SG_UF";"SG_UE";"NM_UE";"NR_PROTOCOLO_REGISTRO";"DT_REGISTRO";"ST_PESQUISA_PROPRIA";"NR_CNPJ_EMPRESA";"NM_EMPRESA";"NM_EMPRESA_FANTASIA";"DS_CARGO";"DT_INICIO_PESQUISA";"DT_FIM_PESQUISA";"QT_ENTREVISTADO";"CD_CONRE";"NM_ESTATISTICO_RESP";"VR_PESQUISA";"DS_METODOLOGIA_PESQUISA";"DS_PLANO_AMOSTRAL";"DS_SISTEMA_CONTROLE";"DS_DADO_MUNICIPIO"
"27/02/2023";"15:36:19";2014;3;"Eleições Gerais 2014";"AC";"AC";"ACRE";"AC000422014";"2014-09-13 00:00:00";"#NE";"00852501000104";"VOX OPINIÃO PESQUISA E PROJETOS LTDA";"#NE";"Governador, Senador";"2014-09-14 00:00:00";"2014-09-16 00:00:00";900;"5ª REGIÃO Nº 8641";"MARIA CECÍLIA SACRAMENTO SOUZA";"56916,00";"Pesquisa quantitativa, que consiste na realização de entrevistas pessoais, com a aplicação de questionários estruturados e padronizados junto a uma amostra representativa do eleitorado do estado do Acre.";"Plano Amostral:

a)	Público pesquisado: eleitores no estado do Acre.
 
b)	Tipo de amostra: A amostra é estratificada por cota e representativa para o conjunto dos eleitores do estado do Acre. A amostra foi selecionada em três estágios: 

1º estágio: seleção probabilística de municípios, através do método PPT (Probabilidade Proporcional ao Tamanho), tomando como base o número de eleitores de cada município;

2º estágio: seleção aleatória dos setores censitários ou bairros dentro do município; 

3º estágio: seleção dos respondentes dentro dos setores censitários ou bairros através de uma quota proporcional de Gênero, Idade, Escolaridade e Renda Familiar, de acordo com o perfil da população em estudo.

As entrevistas foram pessoais e domiciliares.


Fonte de dados: IBGE, Censo 2010 e PNAD 2012
			  TSE, Cadastro de Eleitores 2014

c)	Tamanho da amostra: 900 entrevistas.

d)	Ponderação: Devido à metodologia amostral adotada as proporções quanto a sexo, idade, escolaridade e renda familiar da amostra são as mesmas do universo pesquisado, com base no Censo Demográfico de 2010 – IBGE e no Cadastro de Eleitores 2014 do TSE. Portanto, os fatores de ponderação a serem aplicados nas variáveis sexo, idade, escolaridade e renda familiar assumem valor igual a 1(um).

e)	Área física de realização da pesquisa: A ser informada e fornecida conforme artigo 2º, inciso X 5º § da Resolução 23.400 do Tribunal Superior Eleitoral – TSE datada de 27 de dezembro de 2013. 

f)	Intervalo de Confiança/Margem de Erro: O intervalo de confiança estimado é de 95% e a margem de erro máxima estimada é de 3,3 pontos percentuais para mais ou para menos sobre os resultados encontrados no total da amostra.

g)	Checagem: Logo após a realização da coleta de dados, é feito o trabalho de checagem das entrevistas junto aos respondentes. O objetivo é, sobretudo, garantir que a entrevista foi realmente realizada e verificar como o respondente se sentiu em relação à pesquisa. Há perguntas do questionário que são reproduzidas para certificarmos de sua correta aplicação e há outras questões que se referem exclusivamente à performance do entrevistador. São aproximadamente 20% dos respondentes de cada entrevistador que irão receber o contato dos checadores.
";"Para a realização da pesquisa será utilizada uma equipe de entrevistadores e supervisores devidamente treinada para este trabalho. Após os trabalhos de campo, os questionários são submetidos a uma fiscalização que consiste no retorno a campo de 20% dos questionários aplicados individualmente pelos entrevistadores, para verificação das respostas e da adequação dos entrevistados aos parâmetros amostrais.";"Será encaminhado após divulgação."
"27/02/2023";"15:36:19";2014;3;"Eleições Gerais 2014";"AC";"AC";"ACRE";"AC000632014";"2014-10-08 00:00:00";"#NE";"08984712000102";"F. FAÇANHA DE ALMEIDA ";"#NE";"Governador";"2014-10-08 00:00:00";"2014-10-12 00:00:00";1200;"8631 - 1ª região";"Alexandre Vasconcelos Lima";"20000,00";"O método de amostragem utilizado é a Amostragem Aleatória Simples. Serão feitas entrevistas pessoais por meio de questionário estruturado, respeitando as cotas de amostragem.";"Quantitativo eleitoral: 506.723 eleitores (Fonte: Tribunal Superior Eleitoral setembro/2014). Margem de erro: A margem de erro considerada para essa pesquisa é de 3 pontos percentuais. O intervalo de confiança é de 95%. Coleta de dados: Entrevistas pessoais através de questionário estruturado, contendo “perguntas filtro” a fim de entrevistar somente o público-alvo desejado. Os entrevistadores serão contratados pela e treinados pela empresa. O processo de coleta de dados será monitorado pelos supervisores. Análise dos dados: A análise estatística dos dados será feita em duas etapas. Em primeiro lugar, será elaborada a análise exploratória dos dados, análise univariada e bivariada dos dados. Após a primeira etapa, serão feitas a inferência estatística e as análises filtradas por sexo e outras variáveis de perfil. Tamanho da amostra: Serão entrevistados 1.200 (mil e duzentos) eleitores distribuídos proporcionalmente os critérios município, sexo e faixa etária. Sendo: masculino 49,04%, feminino 50,96%; 16 a 17 anos (masculino) 1,35,% (feminino) 1,50%; 18 a 24 (masculino) 9,40%, (feminino) 10,14%; 25 a 34 (masculino) 12,69%, (feminino) 13,56%; 35 a 44 (masculino) 10,10%, (feminino) 10,45%; 45 a 59 (masculino) 9,45%, (feminino) 9,45%, 60 ou + (masculino) 6,05%, (feminino) 5,86%. A pesquisa é autoponderada em relação às variáveis: grau de instrução e renda.";"Sistema interno de controle e verificação, conferência e fiscalização da coleta de dados e do trabalho de campo: Após a coleta de dados é realizada uma fiscalização, na sede da empresa, através de contato telefônico, que consiste na checagem de 10% das entrevistas aplicadas, tendo a finalidade de verificar a veracidade e os procedimentos adotados pelo pesquisador durante a aplicação da entrevista, checando as respostas e os parâmetros amostrais. Constatando-se irregularidades, volta-se a campo para corrigi-las. Internamente todo material é criticado, codificado, digitado e, antes do processamento final, realiza-se a conferência da digitação.";"#NULO#"
"27/02/2023";"15:36:19";2014;3;"Eleições Gerais 2014";"AC";"AC";"ACRE";"AC000052014";"2014-03-06 00:00:00";"#NE";"04942645000102";"J.J. Coelho ";"#NE";"Governador, Senador, Deputado Federal, Deputado Estadual";"2014-03-02 00:00:00";"2014-03-07 00:00:00";866;"7655-A";"Augusto Silva Rocha ";"3850,00";"PROCEDIMENTOS METODOLOGICOS UTILIZADOS NO DESENVOLVIMENTO DESTA SONDAGEM
1ª Pesquisa/ 2014
Abrangência (08) oito  municípios. Rio branco, Xapuri, Cruzeiro do sul, Sena Madureira,Feijó, Acrelandia, Bujari ,e Senador Guiomard,   
O objetivo principal desta pesquisa é identificar as intenções  de voto para governo e senado, deputado federal e estadual, no Estado, do Acre  averiguando assim de forma espontânea e estimulada.      
Metodologia da Pesquisa: MÉTODO PROBABILIÍSTICO ESTRATIFICADO COM SORTEIO DE MULTIPLOS ESTAGIOS. Por tratar-se de um estudo de natureza descritiva. Com característica de um público conhecido. Desenvolvemos um método direto de investigação. Através  da amostragem probabilística. Assim no estado do Acreano, aplicamos um percentual pré-definido nas proporções do universo dos eleitores, baseando-se também na representatividade percentuais eleitorais para cada região, de acordo com as suas  densidade eleitoral. O critério de seleção dos municípios e aplicabilidade das amostras obedece as informações e dados do TRE e IBGE. As entrevistas serão na maior parte efetuadas nos domicílios dos eleitores,após a certificação de que os mesmos votam no Estado e se dispõe a responderem  as perguntas apresentadas. Selecionamos 08 dos 22 municípios entre eles estão os quatro maiores colégios eleitorais do estado afim de que possamos ter a representatividade necessária, que no calculo aplicado está na faixa de 13,18% de abrangência do contingente eleitoral  Estadual.        
Para atingirmos os propósitos deste estudo utilizamos a técnica de pesquisa por amostragem, que reside na apreensão sistemática e extensiva das opiniões dos indivíduos inseridos no universo e que integram a realidade a ser investigada. A validade deste tipo de pesquisa está na possibilidade de se aferir à intensidade de tendências, permitindo a sua quantificação e qualificação.
O instrumento de consulta e coleta de dados utilizado será um formulário de questionamento misto, contendo algumas perguntas estimuladas (optativas) e outras semi-abertas de caráter mais informativo, este último tipo de questão permite que se evite indução da resposta, assim, como possibilita que se tenha conhecimento dos quadros de referência dos entrevistados. Com isso, obtêm-se também posições qualitativas das opiniões coletadas e que permitam aos interessados: traçar perfis, avaliar gestões e serviço; identificação e desempenho das ações setoriais em estudo, pelo cruzamento das respostas obtidas.





O universo da pesquisa será constituído pelos eleitores do estado acriano de ambos os sexos e faixa etária definida a partir dos 16 anos, integrantes de todas as camadas sócio-econômicas, sem distinção de raça, cor, crenças, naturalidade ou costumes.
Para garantir a confiabilidade dos resultados, colocamos em campo agentes de instrução nível médio, treinados para o fim específico, supervisionados por chefe de equipe que exigirá, acima de tudo neutralidade nos dados apreendidos. O trabalho terá a  duração de seis dias, período de  02 a 07/ 03/ 2014 na totalidade dos municípios, escolhidos e demarcados de acordo com o cronograma, de serviço e mais (02) dias ininterrupto, será empregado na tarefa de revisão, processamento e tabulação geral, das (866) questionários, finalizando com a publicação dos dados, salvo assim algum acidente de percurso, neste período chuvoso que poderá  naturalmente retardar a coleta de campo. Quanto a estratificação das quotas, consiste em si determinar  o bairro ou setores por sorteio, determinando a quantidade de entrevistas para cada agente e o percentual por faixa e sexo tornando assim a amostragem equiprobabilística.
EQUIPE: Um grupo de (05) agentes pesquisadores comandado por um supervisor realizarão  a coleta de dados em campo, nos bairros e localidades sorteadas, dentre os limites do Estado, coletando assim as entrevistas que compõe a amostragem prevista. 
";"(PLANO AMOSTRAL E PONDERAÇÃO) 
Quanto a sexo, idade, grau de instrução e nível econômico do entrevistado, margem de erro e nível de confiança:  Este plano foi elaborado com base no contingente populacional pautados diretamente no eleitorado do estado, por tratar-se de um levantamento exclusivo de intenção de voto, com vistas à eleição vindoura. Desta forma, baseado nos dados estatísticos do IBGE e TRE  selecionamos (08) municípios, como poderá ser observado na tabela de estratificação. Por outro lado, adequamos a escolha dos municípios dentro da proporcionalidade populacional desta forma todas as  Regiões  Geograficamente delimitada, como também poderá ser visto. contempladas conforme sua devida densidade eleitoral, mantendo- se assim a proporção no peso amostral de cada unidade. Assim, a amostragem foi produzida pelos questionamentos  feitos à base de entrevistas individuais,em variados municípios e bairros estratificados, tendo como universo da pesquisa, o contingente de eleitores do Estado, dos quais foram retiradas as amostras representativas, obedecendo os critérios em exposição. O Intervalo de confiança é de 96%, o que significa dizer que em 100 trabalho desta natureza, somente (04) poderão apresentar uma variação fora do previsto. Margem de erro: para mais ou menos 3% de acordo com a composição amostral.                   
";"Sistema interno de controle e verificação, conferência e fiscalização da coleta de dados e do trabalho de campo   : DO CONTROLE E VERIFICAÇÃO Como variáveis de controle, seguimos neste trabalho a recomendação da Lei Eleitoral Vigente, que estabelece como padrões de controle as variáveis dentro dos percentuais apresentados pelo IBGE nas últimas aferições populacionais. Assim enquadramos dentro da variável de faixa etária os seguintes índice amostrais que influenciarão direto na ponderação desta variável. Juntos Aos eleitores de 16 a 24 anos, serão coletados na faixa de 20,6%, de 25 a 34 anos 25,3%, de 35 a 44 anos 20,5%, de 45 a 59 anos 21,7%, acima de 59 anos 11,9% perfazendo estas (05) classes, o total de 100% do eleitorado Acreano entre os  1.105.353 votantes. Em quotas de sexo, também enquadradas como variável de controle, os atuais percentuais fornecidos pelo TER apontam para 49,88% de homens e 50,12% de mulheres. Observa-se já uma pequena diferença na maioria dos municípios a favor do sexo feminino, mas que não teremos maiores empenhos, já que o próprio questionário a ser aplicado já segue  definido nesta mesma proporção. Quanto a área física em cada município escolhido, serão sorteados bairros, em proporção ao número de amostra de cada unidade, de formas a mapearmos na proporção  equiprobabilística. Dentre as cinco classes socioeconômicas definidas: A, B, C, D e E, e também o nível de escolaridade dos entrevistados, em número de quatro classes, a saber: Superior Completo ou incompleto, Básico ou primário e semianalfabeto. Predefinidos no rodapé dos questionários Também, encaixados dentro das proporções do senso demográfico, funcionando como variáveis decorrentes. A atividade funcional e religião dos entrevistados não requer qualquer controle, visto que serão elementos somente passíveis de checagem, desta forma, não entram na pauta de controle das informações apreendidas. Na conferencia de questionários e revisão de dados se faz de imediato após a coleta de campo, tendo em vista a relação de telefones, fornecidas por parte do respondente, tendo em vista averiguar possíveis irregularidades na coleta ou mesmo no preenchimento dos dados fornecidos. Relação dos Municípios com seus respectivos bairros abrangidos será enviada postericamente, logo após sejam catalogados todas as amostras planejadas. Questionário e Disco de Indução da 2ª pesquisa, (vide cópia anexa). Nota: Embora a amostragem tenha sido enquadrada proporcionalmente nas devidas faixas de controle, no concernente as variáveis de classe socioeconômica e instrução escolar, possa haver sempre oscilações de faixa para faixa, em razão das fontes oficiais estarem sempre desatualizadas e as mudanças serem bastante evolutivas. Assim levamos em conta também dados de trabalhos feito na região, na área de geoprocessamento ao longo de vários anos. Dados relativos aos municípios e bairro abrangidos pela pesquisa. Na ausência de delimitação do bairro, será identificada a área em que foi realizada a pesquisa (conforme inciso 6º do art. 1º, da Resolução. TSE nº. 23.400/2013. O pedido de registro será complementado pela entrega destes dados ao Tribunal Eleitoral em um prazo de até 24 horas. Contado da divulgação do respectivo resultado):     
";"#NULO#"
"27/02/2023";"15:36:19";2014;3;"Eleições Gerais 2014";"AC";"AC";"ACRE";"AC000362014";"2014-08-29 00:00:00";"#NE";"00852501000104";"VOX OPINIÃO PESQUISA E PROJETOS LTDA";"#NE";"Governador, Senador";"2014-08-30 00:00:00";"2014-09-02 00:00:00";1500;"5ª REGIÃO Nº 8641";"MARIA CECÍLIA SACRAMENTO SOUZA";"94860,00";"Pesquisa quantitativa, que consiste na realização de entrevistas pessoais, com a aplicação de questionários estruturados e padronizados junto a uma amostra representativa do eleitorado do estado do Acre.";"Plano Amostral:

a)	Público pesquisado: eleitores no estado do Acre.
 
b)	Tipo de amostra: A amostra é estratificada por cota e representativa para o conjunto dos eleitores do estado do Acre. A amostra foi selecionada em três estágios: 

1º estágio: seleção probabilística de municípios, através do método PPT (Probabilidade Proporcional ao Tamanho), tomando como base o número de eleitores de cada município;

2º estágio: seleção aleatória dos setores censitários ou bairros dentro do município; 

3º estágio: seleção dos respondentes dentro dos setores censitários ou bairros através de uma quota proporcional de Gênero, Idade, Escolaridade e Renda Familiar, de acordo com o perfil da população em estudo.

As entrevistas foram pessoais e domiciliares.


Fonte de dados: IBGE, Censo 2010 e PNAD 2012
			  TSE, Cadastro de Eleitores 2014

c)	Tamanho da amostra: 1.500 entrevistas.

d)	Ponderação: Devido à metodologia amostral adotada as proporções quanto a sexo, idade, escolaridade e renda familiar da amostra são as mesmas do universo pesquisado, com base no Censo Demográfico de 2010 – IBGE e no Cadastro de Eleitores 2014 do TSE. Portanto, os fatores de ponderação a serem aplicados nas variáveis sexo, idade, escolaridade e renda familiar assumem valor igual a 1(um).

e)	Área física de realização da pesquisa: A ser informada e fornecida conforme artigo 2º, inciso X 5º § da Resolução 23.400 do Tribunal Superior Eleitoral – TSE datada de 27 de dezembro de 2013. 

f)	Intervalo de Confiança/Margem de Erro: O intervalo de confiança estimado é de 95% e a margem de erro máxima estimada é de 2,5 pontos percentuais para mais ou para menos sobre os resultados encontrados no total da amostra.

g)	Checagem: Logo após a realização da coleta de dados, é feito o trabalho de checagem das entrevistas junto aos respondentes. O objetivo é, sobretudo, garantir que a entrevista foi realmente realizada e verificar como o respondente se sentiu em relação à pesquisa. Há perguntas do questionário que são reproduzidas para certificarmos de sua correta aplicação e há outras questões que se referem exclusivamente à performance do entrevistador. São aproximadamente 20% dos respondentes de cada entrevistador que irão receber o contato dos checadores.
";"Para a realização da pesquisa será utilizada uma equipe de entrevistadores e supervisores devidamente treinada para este trabalho. Após os trabalhos de campo, os questionários são submetidos a uma fiscalização que consiste no retorno a campo de 20% dos questionários aplicados individualmente pelos entrevistadores, para verificação das respostas e da adequação dos entrevistados aos parâmetros amostrais.";"SERÁ ENVIADO APÓS DIVULGAÇÃO."
"27/02/2023";"15:36:19";2014;3;"Eleições Gerais 2014";"AC";"AC";"ACRE";"AC000692014";"2014-10-19 00:00:00";"#NE";"08984712000102";"F. FAÇANHA DE ALMEIDA ";"#NE";"Governador";"2014-10-20 00:00:00";"2014-10-24 00:00:00";1200;"8631 - 1ª região";"Alexandre Vasconcelos Lima";"20000,00";"O método de amostragem utilizado é a Amostragem Aleatória Simples. Serão feitas entrevistas pessoais por meio de questionário estruturado, respeitando as cotas de amostragem.";"Quantitativo eleitoral: 506.723 eleitores (Fonte: Tribunal Superior Eleitoral setembro/2014). Margem de erro: A margem de erro considerada para essa pesquisa é de 3 pontos percentuais. O intervalo de confiança é de 95%. Coleta de dados: Entrevistas pessoais através de questionário estruturado, contendo “perguntas filtro” a fim de entrevistar somente o público-alvo desejado. Os entrevistadores serão contratados pela e treinados pela empresa. O processo de coleta de dados será monitorado pelos supervisores. Análise dos dados: A análise estatística dos dados será feita em duas etapas. Em primeiro lugar, será elaborada a análise exploratória dos dados, análise univariada e bivariada dos dados. Após a primeira etapa, serão feitas a inferência estatística e as análises filtradas por sexo e outras variáveis de perfil. Tamanho da amostra: Serão entrevistados 1.200 (mil e duzentos) eleitores distribuídos proporcionalmente os critérios município, sexo e faixa etária. Sendo: masculino 49,04%, feminino 50,96%; 16 a 17 anos (masculino) 1,35,% (feminino) 1,50%; 18 a 24 (masculino) 9,40%, (feminino) 10,14%; 25 a 34 (masculino) 12,69%, (feminino) 13,56%; 35 a 44 (masculino) 10,10%, (feminino) 10,45%; 45 a 59 (masculino) 9,45%, (feminino) 9,45%, 60 ou + (masculino) 6,05%, (feminino) 5,86%. A pesquisa é autoponderada em relação às variáveis: grau de instrução e renda.";"Sistema interno de controle e verificação, conferência e fiscalização da coleta de dados e do trabalho de campo: Após a coleta de dados é realizada uma fiscalização, na sede da empresa, através de contato telefônico, que consiste na checagem de 10% das entrevistas aplicadas, tendo a finalidade de verificar a veracidade e os procedimentos adotados pelo pesquisador durante a aplicação da entrevista, checando as respostas e os parâmetros amostrais. Constatando-se irregularidades, volta-se a campo para corrigi-las. Internamente todo material é criticado, codificado, digitado e, antes do processamento final, realiza-se a conferência da digitação.";"#NULO#"
"27/02/2023";"15:36:19";2014;3;"Eleições Gerais 2014";"AC";"AC";"ACRE";"AC000702014";"2014-10-20 00:00:00";"#NE";"68802370000186";"IBOPE INTELIGÊNCIA PESQUISA E CONSULTORIA LTDA. ";"#NE";"Governador";"2014-10-20 00:00:00";"2014-10-25 00:00:00";812;"6208-A";"Márcia Cavallari Nunes";"75337,36";"Pesquisa quantitativa, que consiste na realização de entrevistas pessoais com a aplicação de questionário estruturado junto a uma amostra representativa do eleitorado em estudo.";"Representativa do eleitorado da área em estudo, elaborada em três estágios.
No primeiro estágio faz-se um sorteio probabilístico dos municípios, onde as entrevistas serão realizadas, pelo método PPT (Probabilidade Proporcional ao Tamanho), tomando o eleitorado como base para tal seleção.
No segundo estágio faz-se um sorteio probabilístico dos setores censitários, onde as entrevistas serão realizadas, pelo método PPT (Probabilidade Proporcional ao Tamanho), tomando a população de 16 anos ou mais residente nos setores como base para tal seleção. No terceiro e último estágio, dentro dos setores sorteados, os respondentes são selecionados através de quotas amostrais proporcionais em função de variáveis significativas, a saber: IDADE: 16-24 (masculino) 29% (feminino) 29%; 25-34 (masculino) 31% (feminino) 30%; 35-44 (masculino) 19% (feminino) 19%; 45-54 (masculino) 11% (feminino) 11%; 55 e+ (masculino) 10% (feminino) 10%; INSTRUÇÃO: Até Ensino Médio (masculino) 82% (feminino) 78%; Ensino Superior (masculino) 18% (feminino) 22%; NÍVEL ECONÔMICO: Economicamente ativo (masculino) 83% (feminino) 62%; Não Economicamente ativo (masculino) 17% (feminino) 38%. 
Está prevista eventual ponderação para correção das variáveis sexo e idade, com base nos percentuais anteriormente mencionados, caso ocorram diferenças superiores a 3 pontos percentuais entre o previsto na amostra e a coleta de dados realizada. Para as variáveis de grau de instrução e nível econômico do entrevistado, o fator previsto para ponderação é 1 (resultados obtidos em campo). O nível de confiança estimado é de 95% e a margem de erro máxima estimada considerando um modelo de amostragem aleatório simples, é de 3 (três) pontos percentuais para mais ou para menos sobre os resultados encontrados no total da amostra.
FONTE DOS DADOS: Censo 2010 | PNAD 2012 | TSE 2014 | Entre outras.
";"Para a realização da pesquisa, utiliza-se uma equipe de entrevistadores e supervisores contratados pelo IBOPE INTELIGÊNCIA PESQUISA E CONSULTORIA LTDA. devidamente treinados para o trabalho. Após os trabalhos de campo, os questionários são submetidos a uma fiscalização de cerca de 20% (vinte por cento) dos questionários aplicados pelos entrevistadores; para verificação das respostas e da adequação dos entrevistados aos parâmetros amostrais.";"A área de abrangência da coleta é o Estado do Acre. A Relação de municípios selecionados para aplicação da amostra será apresentada até o 7º dia seguinte ao Registro da pesquisa, conforme expresso no art. 2º § 5º da resolução 23.400/2013 do TSE."
"27/02/2023";"15:36:19";2014;3;"Eleições Gerais 2014";"AC";"AC";"ACRE";"AC000342014";"2014-08-15 00:00:00";"#NE";"04942645000102";"J.J. Coelho ";"#NE";"Governador, Senador, Deputado Federal, Deputado Estadual";"2014-08-10 00:00:00";"2014-08-14 00:00:00";1131;"7655-A";"AUGUSTO SILVA ROCHA";"8200,00";"Metodologia de pesquisa: PROCEDIMENTOS METODOLOGICOS UTILIZADOS NO DESENVOLVIMENTO DESTA SONDAGEM 5ª Pesquisa/ 2014 Abrangência (13) treze  municípios. Rio Branco, Cruzeiro do Sul, Bujari, Feijó, Acrelândia, Xapuri, Quinari,  Capixaba, Epitaciolândia, Porto Acre, Tarauacá, Sena Madureira, Manuel Urbano, O objetivo principal desta pesquisa é identificar as intenções de voto para governo e senado, deputado federal e estadual, no Estado do Acre, averiguando assim de forma espontânea (eleição proporcional) e estimulada. (Eleição majoritária) Metodologia da Pesquisa: MÉTODO PROBABILIÍSTICO ESTRATIFICADO COM SORTEIO DE MULTIPLOS ESTAGIOS. Por tratar-se de um estudo de natureza descritiva. Com característica de um público conhecido, desenvolvemos um método direto de investigação. Através da amostragem probabilística. Assim no estado Acreano, aplicamos um percentual pré-definido nas proporções do universo dos eleitores, baseando-se também na representatividade dos percentuais eleitorais, para cada região, de acordo com a sua densidade eleitoral. O critério de seleção dos municípios e aplicabilidade das amostras obedece as informações e dados do TRE e IBGE. As entrevistas serão na maior parte efetuadas nos domicílios dos eleitores,após a certificação de que os mesmos votam no Estado e se dispõe a responderem as perguntas apresentadas. Selecionamos 13 dos 22 municípios entre eles estão os seis maiores colégios eleitorais do estado afim de que possamos ter a representatividade necessária, que no cálculo aplicado está na faixa de 75,4% de abrangência do contingente eleitoral Estadual. Para atingirmos os propósitos deste estudo utilizamos a técnica de pesquisa por amostragem, que reside na apreensão sistemática e extensiva das opiniões dos indivíduos inseridos no universo e que integram a realidade a ser investigada. A validade deste tipo de pesquisa está na possibilidade de se aferir à intensidade de tendências, permitindo a sua quantificação e qualificação. O instrumento de consulta e coleta de dados utilizado será um formulário de questionamento misto, contendo algumas perguntas estimuladas (optativas) e outras semi-abertas de caráter mais informativo, este último tipo de questão permite que se evite indução da resposta, assim, como possibilita que se tenha conhecimento dos quadros de referência dos entrevistados. Com isso, obtêm-se também posições qualitativas das opiniões coletadas e que permitem aos interessados: traçar perfis, avaliar gestões e serviço; identificação e desempenho das ações setoriais em estudo, pelo cruzamento das respostas obtidas. O universo da pesquisa será constituído pelos eleitores do estado acreano de ambos os sexos e faixa etária definida a partir dos 16 anos, integrantes de todas as camadas sócio-econômicas, sem distinção de raça, cor, crenças, naturalidade ou costumes. Para garantir a confiabilidade dos resultados, colocamos em campo agentes de instrução nível médio, treinados para o fim específico, supervisionados por chefe de equipe que exigirá, acima de tudo neutralidade nos dados apreendidos. O trabalho terá a duração de cinco dias, período de 10 a 14/ 08/ 2014 na totalidade dos municípios, escolhidos e demarcados de acordo com o cronograma, de serviço. Mais (02) dias ininterrupto, será empregado na tarefa de revisão, processamento e tabulação geral, das (1131) questionários, finalizando com a publicação dos dados, salvo assim algum acidente de percurso, que venha naturalmente retardar a coleta de campo. Quanto a estratificação das quotas, consiste em si determinar o bairro ou setores por sorteio, determinando a quantidade de entrevistas para cada agente e o percentual por faixa e sexo tornando assim a amostragem equiprobabilística. EQUIPE: Um grupo de (08) agentes pesquisadores comandado por um supervisor realizarão a coleta de dados em campo, nos bairros e localidades sorteadas, dentre os limites do Estado, coletando assim as entrevistas que devam compor a amostragem prevista. ";" (PLANO AMOSTRAL E PONDERAÇÃO) Quanto a sexo, idade, grau de instrução e nível econômico do entrevistado, margem de erro e nível de confiança: Este plano foi elaborado com base no contingente populacional pautados diretamente no eleitorado do estado, por tratar-se de um levantamento exclusivo de intenção de voto, com vistas à eleição vindoura. Desta forma, baseado nos dados estatísticos do IBGE selecionamos (13) municípios, como poderá ser observado na tabela de estratificação. Por outro lado, adequamos a escolha dos municípios dentro da proporcionalidade populacional, desta forma todas as regiões geograficamente delimitada, como também poderá ser visto, contempladas conforme sua devida densidade eleitoral, mantendo- se assim a proporção no peso amostral de cada unidade. Assim, a amostragem foi produzida pelos questionamentos feitos à base de entrevistas individuais,em variados municípios e bairros estratificados, tendo como universo da pesquisa, o contingente de eleitores do Estado, dos quais foram retiradas as amostras representativas, obedecendo os critérios em exposição. O Intervalo de confiança é de 96%, o que significa dizer que em(100) trabalho desta natureza, somente (04) poderão apresentar uma variação fora do previsto. Margem de erro: para mais ou menos 2,83% de acordo com a composição amostral. 
";"Sistema interno de controle e verificação, conferência e fiscalização da coleta de dados e do trabalho de campo: Sistema interno de controle e verificação, conferência e fiscalização da coleta de dados e do trabalho de campo: DO CONTROLE E VERIFICAÇÃO Como variáveis de controle, seguimos neste trabalho a recomendação da Lei Eleitoral vigente, que estabelece como padrões de controle as variáveis dentro dos percentuais apresentados pelo IBGE nas últimas aferições populacionais. Assim enquadramos dentro da variável de faixa etária os seguintes índice amostrais que influenciarão direto na ponderação desta variável. Juntos Aos eleitores de 16 a 24 anos, serão coletados na faixa de 20,6%, de 25 a 34 anos 25,3%, de 35 a 44 anos 20,5%, de 45 a 59 anos 21,7%, acima de 59 anos 11,9%, perfazendo estas (05) classes, o total de 100% do eleitorado Acreano, entre os aproximadamente 500,000 votantes. Em quotas de sexo, também enquadradas como variável de controle, os atuais percentuais fornecidos pelo TRE-AC apontam para 49,88% de homens e 50,12% de mulheres. Observa-se já uma pequena diferença na maioria dos municípios a favor do sexo feminino, mas que não teremos maiores empenhos, já que o próprio questionário a ser aplicado já segue definido nesta mesma proporção. Quanto a área física em cada município escolhido, serão sorteados bairros, em proporção ao número de amostra de cada unidade, de formas a mapearmos na proporção eqüiprobabilística. Dentre as cinco classes socioeconômicas definidas: A, B, C, D e E, e também o nível de escolaridade dos entrevistados, em número de quatro classes, a saber: Superior completo ou incompleto, fundamental Básico ou primário e analfabeto funcional e semianalfabeto. Predefinidos no rodapé dos questionários também, encaixados dentro das proporções do ultimo senso demográfico, funcionando como variáveis decorrentes. A atividade funcional e religião dos entrevistados não requer qualquer controle, visto que serão elementos somente passíveis de checagem, desta forma, não entram na pauta de controle das informações apreendidas. Na conferencia de questionários e revisão de dados se faz de imediato após a coleta de campo, tendo em vista a relação de telefones, fornecidas por parte do respondente, tendo em vista averiguar possíveis irregularidades na coleta ou mesmo no preenchimento dos dados fornecidos. Evitando assim possíveis manipulações Relação dos Municípios com seus respectivos bairros abrangidos seja de acordo com a catalogação de todas as amostras planejada. Questionário e nomes estimulados (vide cópia anexa). Nota: Embora a amostragem tenha sido enquadrada proporcionalmente nas devidas faixas de controle, no concernente as variáveis de classe socioeconômica e instrução escolar, possa haver sempre oscilações de faixa para faixa, em razão das fontes oficiais estarem sempre desatualizadas e as mudanças serem bastante evolutivas. Assim levamos em conta também dados de trabalhos feito na região, na área de geoprocessamento ao longo de vários anos. Dados relativos aos municípios e bairro abrangidos pela pesquisa. Na ausência de delimitação do bairro, será identificada a área em que foi realizada a pesquisa (conforme inciso 6º do art. 1º, da Resolução. TSE nº. 23.400/2013. O pedido de registro será complementado pela entrega de dados que venham a não ser incluídos ao Tribunal Eleitoral em um prazo de até 24 horas. Contado da divulgação do respectivo resultado) 


";"#NULO#"
"27/02/2023";"15:36:19";2014;3;"Eleições Gerais 2014";"AC";"AC";"ACRE";"AC000562014";"2014-09-27 00:00:00";"#NE";"04942645000102";"J.J. Coelho ";"#NE";"Governador, Senador, Deputado Federal, Deputado Estadual";"2014-09-26 00:00:00";"2014-09-29 00:00:00";1239;"7655-A";"AUGUSTO SILVA ROCHA";"9800,00";"
METODOLOGIA DE PESQUISA: PROCEDIMENTOS METODOLOGICOS UTILIZADOS NO DESENVOLVIMENTO DESTA SONDAGEM 8ª Pesquisa/ 2014 Abrangência (17) dezessete municípios. Rio Branco, Porto Acre, Tarauacá, Feijó, Sena Madureira,Xapuri, Quinari, Acrelandia, Assis Brasil, Brasiléia, Plácido de Castro, Manuel Urbano, capixaba, Epitaciolândia, Mancio Lima, Rodrigues Alves, Cruzeiro do Sul, e Bujari, O objetivo principal desta pesquisa é identificar as intenções de voto para governo e senado, deputado federal e estadual, no Estado do Acre, averiguando assim de forma espontânea (eleição proporcional) e estimulada. (Eleição majoritária) Metodologia da Pesquisa: MÉTODO PROBABILIÍSTICO ESTRATIFICADO COM SORTEIO DE MULTIPLOS ESTAGIOS. Por tratar-se de um estudo de natureza descritiva. Com característica de um público conhecido, desenvolvemos um método direto de investigação. Através da amostragem probabilística. Assim no estado Acreano, aplicamos um percentual pré-definido nas proporções do universo dos eleitores, baseando-se também na representatividade dos percentuais eleitorais, para cada região, de acordo com a sua densidade eleitoral. O critério de seleção dos municípios e aplicabilidade das amostras obedece as informações e dados do TRE e IBGE. As entrevistas serão na maior parte efetuadas nos domicílios dos eleitores,após a certificação de que os mesmos votam no Estado e se dispõe a responderem as perguntas apresentadas. Selecionamos 17 dos 22 municípios entre eles estão os seis maiores colégios eleitorais do estado afim de que possamos ter a representatividade necessária, que no cálculo aplicado está na faixa de 75,4% de abrangência do contingente eleitoral Estadual. Para atingirmos os propósitos deste estudo utilizamos a técnica de pesquisa por amostragem, que reside na apreensão sistemática e extensiva das opiniões dos indivíduos inseridos no universo e que integram a realidade a ser investigada. em estudo, pelo cruzamento das respostas obtidas. O universo da pesquisa será constituído pelos eleitores do estado acreano de 
ambos os sexos e faixa etária definida a partir dos 16 anos, integrantes de todas as camadas sócio-econômicas, sem distinção de raça, cor, crenças, naturalidade ou costumes. Para 
garantir a confiabilidade dos resultados, colocamos em campos agentes de instrução nível médios, treinados para o fim específico, supervisionados por chefe de equipe que exigirá, acima de tudo neutralidade nos dados apreendidos. O trabalho terá a duração de quatro dias, período de 26 a 29 / 09/ 2014 na totalidade dos municípios, escolhidos e demarcados de acordo com o cronograma, de serviço. Mais (02) dias ininterrupto, será empregado na tarefa de revisão, processamento e tabulação geral, das (1239) questionários, finalizando com a publicação dos dados, salvo assim algum acidente de percurso, que venha naturalmente retardar a coleta de campo. Quanto a estratificação das quotas, consiste em si determinar o bairro ou setores por sorteio, determinando a quantidade de entrevistas para cada agente e o percentual por faixa e sexo tornando assim a amostragem equiprobabilística. EQUIPE: Um grupo de (10) agentes pesquisadores comandado por um supervisor realizarão a coleta de dados em campo, nos bairros e localidades sorteadas, dentre os limites do Estado, coletando assim as entrevistas que devam compor a amostragem prevista. 
";" (PLANO AMOSTRAL E PONDERAÇÃO) Quanto a sexo, idade, grau de instrução e nível econômico do entrevistado, margem de erro e nível de confiança: Este plano foi elaborado com base no contingente populacional pautados diretamente no eleitorado do estado, por tratar-se de um levantamento exclusivo de intenção de voto, com vistas à eleição vindoura. Desta forma, baseado nos dados estatísticos do IBGE selecionamos (17) municípios, como poderá ser observado na tabela de estratificação. Por outro lado, adequamos a escolha dos municípios dentro da proporcionalidade populacional, desta forma todas as regiões geograficamente delimitada, como também poderá ser visto, contempladas conforme sua devida densidade eleitoral, mantendo- se assim a proporção no peso amostral de cada unidade. Assim, a amostragem foi produzida pelos questionamentos feitos à base de entrevistas individuais,em variados municípios e bairros estratificados, tendo como universo da pesquisa, o contingente de eleitores do Estado, dos quais foram retiradas as amostras representativas, obedecendo os critérios em exposição. O Intervalo de confiança é de 96%, o que significa dizer que em(100) trabalho desta natureza, somente (04) poderão apresentar uma variação fora do previsto. Margem de erro: para mais ou menos 2,83% de acordo com a composição amostral. 






";"Sistema interno de controle e verificação, conferência e fiscalização da coleta de dados e do trabalho de campo: DO CONTROLE E VERIFICAÇÃO Como variáveis de controle, seguimos neste trabalho a recomendação da Lei Eleitoral vigente, que estabelece como padrões de controle as variáveis dentro dos percentuais apresentados pelo IBGE nas últimas aferições populacionais. Assim enquadramos dentro da variável de faixa etária os seguintes índice amostrais que influenciarão direto na ponderação desta variável. Juntos Aos eleitores de 16 a 24 anos, serão coletados na faixa de 20,6%, de 25 a 34 anos 25,3%, de 35 a 44 anos 20,5%, de 45 a 59 anos 21,7%, acima de 59 anos 11,9%, perfazendo estas (05) classes, o total de 100% do eleitorado Acreano, entre os aproximadamente 500,000 votantes. Em quotas de sexo, também enquadradas como variável de controle, os atuais percentuais fornecidos pelo TRE-AC apontam para 49,88% de homens e 50,12% de mulheres. Observa-se já uma pequena diferença na maioria dos municípios a favor do sexo feminino, mas que não teremos maiores empenhos, já que o próprio questionário a ser aplicado já segue definido nesta mesma proporção. Quanto a área física em cada município escolhido, serão sorteados bairros, em proporção ao número de amostra de cada unidade, de formas a mapearmos na proporção eqüiprobabilística. Dentre as cinco classes socioeconômicas definidas: A, B, C, D e E, e também o nível de escolaridade dos entrevistados, em número de quatro classes, a saber: Superior completo ou incompleto, fundamental Básico ou primário e analfabeto funcional e semianalfabeto. Predefinidos no rodapé dos questionários também, encaixados dentro das proporções do ultimo senso demográfico, funcionando como variáveis decorrentes. A atividade funcional e religião dos entrevistados não requer qualquer controle, visto que serão elementos somente passíveis de checagem, desta forma, não entram na pauta de controle das informações apreendidas. Na conferencia de questionários e revisão de dados se faz de imediato após a coleta de campo, tendo em vista a relação de telefones, fornecidas por parte do respondente, tendo em vista averiguar possíveis irregularidades na coleta ou mesmo no preenchimento dos dados fornecidos. Evitando assim possíveis manipulações Relação dos Municípios com seus respectivos bairros abrangidos seja de acordo com a catalogação de todas as amostras planejada. Questionário e nomes estimulados (vide cópia anexa). Nota: Embora a amostragem tenha sido enquadrada proporcionalmente nas devidas faixas de controle, no concernente as variáveis de classe socioeconômica e instrução escolar, possa haver sempre oscilações de faixa para faixa, em razão das fontes oficiais estarem sempre desatualizadas e as mudanças serem bastante evolutivas. Assim levamos em conta também dados de trabalhos feito na região, na área de geoprocessamento ao longo de vários anos. Dados relativos aos municípios e bairro abrangidos pela pesquisa. Na ausência de delimitação do bairro, será identificada a área em que foi realizada a pesquisa (conforme inciso 6º do art. 1º, da Resolução. TSE nº. 23.400/2013. 





";"#NULO#"
"27/02/2023";"15:36:19";2014;3;"Eleições Gerais 2014";"AC";"AC";"ACRE";"AC000072014";"2014-03-28 00:00:00";"#NE";"11849437000110";"IPESPE  INSTITUTO DE PESQUISAS SOCIAIS POLÍTICAS E ECONÔMICAS";"#NE";"Governador, Senador";"2014-03-28 00:00:00";"2014-03-30 00:00:00";1500;"5555";"Professor Joaquim André Hermes Figueiredo, registrado no Conselho Regional de Estatística da 6ª. Reg";"43500,00";"Pesquisa quantitativa, face a face, através da entrevista a pessoas às quais é aplicado um questionários estruturado. Essas pessoas constituem uma amostra representativa do eleitorado para o qual se pretende generalizar os resultados obtidos, ou seja, o eleitorado do Estado da Paraíba,
As entrevistas estão sendo realizadas por equipes de pesquisadores, com bastante experiência nesse tipo de trabalho, e especialmente treinados para esta pesquisa.
";"Serão realizadas 1.500 entrevistas. Serão utilizadas quotas de localidade, sexos e faixas etárias, a partir do que será aleatória a seleção dos entrevistados.
A distribuição dos enrevistados por sexos e faixas etárias será a seguinte:

SEXO
Masculino	47  %
Feminino	53  %
	
IDADE	
16-24 anos	       18  %
25-44 anos	44  %
45 anos e mais	38  %

Após a realização das entrevistas será informada a esse Tribunal a distribuição das entrevistas por níveis de instrução e faixas de renda familiar.

A pesquisa tem uma margem de erro de 2,6 % para  intervalo de confiança de 95%. Para todas as variáveis os fatores de ponderação assumem um valor igual a 1.


";"Nesta pesquisa estão sendo realizadas 1.500 entrevistas nos de 28 a 30 de março, por 32 entrevistadores (as) experientes e especialmente treinados (as) para a atividade.
Nos dias 18 a 20 do mesmo mês dois pesquisadores, que não tinham participado da realização das entrevistas, realizaram uma verificação para constatar a correção do trabalho dos entrevistadores junto a vinte por cento dos entrevistados.
Para isso a coordenação de campo sorteou um quinto dos entrevistados por cada pesquisador e entregou aos verificadores cópia do questionário em branco, nome e endereço dos sorteados. Os verificadores procuravam comprovar a existência no endereço especificado de pessoa com o nome, o sexo e a faixa etária constante do questionário anteriormente aplicado e também encontra-la para fazer algumas das perguntas que estão nesse instrumento de coleta de informações.  Aqui no escritório se comparou a resposta constante no questionário “da checagem” com a existente no questionário  “da pesquisa”,  a fim de confirmar a correção do trabalho do entrevistador.
";"A área física de realização da pesquisa é o conjunto dos seguintes municípios de João Pessoa., Mamanguape, Sapé, Santa Rita, Bayer, Itapororoca, Jacaraú, Cruz do Espírito Santo, Conde, Lucena, Pedras de Fogo e Alhandra na Mata Paraibana; Campina Grande, Soletânea, Esperança, Alagoa Grande, Guarabira, Itabaiana, Cuité, Remígio, Araruna, Bananeiras, Belém, Alagoinha, Massaranduba, Puxinanã, Ingá e Aroeiras no Agreste Paraibano; Monteiro, Santa Luzia, Piauí, Juazeirinho, Sumé e Boqueirão na Borborema; e São Bento, Cajazeiras, Souza, Patos, Brejo da Cruz, São João do Rio Peixe, São João de Piranhas, Paulista, Nazarezinho, Santa Terezinha, Coremas, Itaporanga, Conceição, Princesa Isabel e Tavares, no Sertão Paraibano.
"
"27/02/2023";"15:36:19";2014;3;"Eleições Gerais 2014";"AC";"AC";"ACRE";"AC000262014";"2014-07-21 00:00:00";"#NE";"04942645000102";"J.J. Coelho ";"#NE";"Governador, Senador, Deputado Federal, Deputado Estadual";"2014-07-16 00:00:00";"2014-07-20 00:00:00";1129;"7655-A";"AUGUSTO SILVA ROCHA";"6800,00";"Metodologia de pesquisa: PROCEDIMENTOS METODOLOGICOS UTILIZADOS NO DESENVOLVIMENTO DESTA SONDAGEM 4ª Pesquisa/ 2014 Abrangência (12) doze municípios. Rio branco, Cruzeiro do Sul, Quinari, capixaba, Brasileia, Acrelândia, Porto Acre, Sena Madureira, Tarauacá, Bujari, Xapuri, e Feijo,O objetivo principal desta pesquisa é identificar as intenções de voto para governo e senado, deputado federal e estadual, no Estado do Acre, averiguando assim de forma espontânea (eleição proporcional) e estimulada. (Eleição majoritária) Metodologia da Pesquisa: MÉTODO PROBABILIÍSTICO ESTRATIFICADO COM SORTEIO DE MULTIPLOS ESTAGIOS. Por tratar-se de um estudo de natureza descritiva. Com característica de um público conhecido, desenvolvemos um método direto de investigação. Através da amostragem probabilística. Assim no estado Acreano, aplicamos um percentual pré-definido nas proporções do universo dos eleitores, baseando-se também na representatividade dos percentuais eleitorais, para cada região, de acordo com a sua densidade eleitoral. O critério de seleção dos municípios e aplicabilidade das amostras obedece as informações e dados do TRE e IBGE. As entrevistas serão na maior parte efetuadas nos domicílios dos eleitores,após a certificação de que os mesmos votam no Estado e se dispõe a responderem as perguntas apresentadas. Selecionamos 12 dos 22 municípios entre eles estão os seis maiores colégios eleitorais do estado afim de que possamos ter a representatividade necessária, que no cálculo aplicado está na faixa de 75,4% de abrangência do contingente eleitoral Estadual. Para atingirmos os propósitos deste estudo utilizamos a técnica de pesquisa por amostragem, que reside na apreensão sistemática e extensiva das opiniões dos indivíduos inseridos no universo e que integram a realidade a ser investigada. A validade deste tipo de pesquisa está na possibilidade de se aferir à intensidade de tendências, permitindo a sua quantificação e qualificação. O instrumento de consulta e coleta de dados utilizado será um formulário de questionamento misto, contendo algumas perguntas estimuladas (optativas) e outras semi-abertas de caráter mais informativo, este último tipo de questão permite que se evite indução da resposta, assim, como possibilita que se tenha conhecimento dos quadros de referência dos entrevistados. Com isso, obtêm-se também posições qualitativas das opiniões coletadas e que permitem aos interessados: traçar perfis, avaliar gestões e serviço; identificação e desempenho das ações setoriais em estudo, pelo cruzamento das respostas obtidas. O universo da pesquisa será constituído pelos eleitores do estado acreano de ambos os sexos e faixa etária definida a partir dos 16 anos, integrantes de todas as camadas sócio-econômicas, sem distinção de raça, cor, crenças, naturalidade ou costumes. Para garantir a confiabilidade dos resultados, colocamos em campo agentes de instrução nível médio, treinados para o fim específico, supervisionados por chefe de equipe que exigirá, acima de tudo neutralidade nos dados apreendidos. O trabalho terá a duração de cinco dias, período de 16 a 20/ 07/ 2014 na totalidade dos municípios, escolhidos e demarcados de acordo com o cronograma, de serviço. Mais (02) dias ininterrupto, será empregado na tarefa de revisão, processamento e tabulação geral, das (1129) questionários, finalizando com a publicação dos dados, salvo assim algum acidente de percurso, que venha naturalmente retardar a coleta de campo. Quanto a estratificação das quotas, consiste em si determinar o bairro ou setores por sorteio, determinando a quantidade de entrevistas para cada agente e o percentual por faixa e sexo tornando assim a amostragem equiprobabilística. EQUIPE: Um grupo de (05) agentes pesquisadores comandado por um supervisor realizarão a coleta de dados em campo, nos bairros e localidades sorteadas, dentre os limites do Estado, coletando assim as entrevistas que devam compor a amostragem prevista. ";"Plano amostral e ponderação quanto a sexo, idade, grau de instrução e nível econômico do entrevistado, margem de erro e nível de confiança: Plano amostral e ponderação quanto a sexo, idade, grau de instrução e nível econômico do entrevistado, margem de erro e nível de confiança: (PLANO AMOSTRAL E PONDERAÇÃO) Quanto a sexo, idade, grau de instrução e nível econômico do entrevistado, margem de erro e nível de confiança: Este plano foi elaborado com base no contingente populacional pautados diretamente no eleitorado do estado, por tratar-se de um levantamento exclusivo de intenção de voto, com vistas à eleição vindoura. Desta forma, baseado nos dados estatísticos do IBGE selecionamos (12) municípios, como poderá ser observado na tabela de estratificação. Por outro lado, adequamos a escolha dos municípios dentro da proporcionalidade populacional, desta forma todas as regiões geograficamente delimitada, como também poderá ser visto, contempladas conforme sua devida densidade eleitoral, mantendo- se assim a proporção no peso amostral de cada unidade. Assim, a amostragem foi produzida pelos questionamentos feitos à base de entrevistas individuais,em variados municípios e bairros estratificados, tendo como universo da pesquisa, o contingente de eleitores do Estado, dos quais foram retiradas as amostras representativas, obedecendo os critérios em exposição. O Intervalo de confiança é de 96%, o que significa dizer que em(100) trabalho desta natureza, somente (04) poderão apresentar uma variação fora do previsto. Margem de erro: para mais ou menos 2,83% de acordo com a composição amostral. ";"Sistema interno de controle e verificação, conferência e fiscalização da coleta de dados e do trabalho de campo: DO CONTROLE E VERIFICAÇÃO Como variáveis de controle, seguimos neste trabalho a recomendação da Lei Eleitoral vigente, que estabelece como padrões de controle as variáveis dentro dos percentuais apresentados pelo IBGE nas últimas aferições populacionais. Assim enquadramos dentro da variável de faixa etária os seguintes índice amostrais que influenciarão direto na ponderação desta variável. Juntos Aos eleitores de 16 a 24 anos, serão coletados na faixa de 20,6%, de 25 a 34 anos 25,3%, de 35 a 44 anos 20,5%, de 45 a 59 anos 21,7%, acima de 59 anos 11,9%, perfazendo estas (05) classes, o total de 100% do eleitorado Acreano, entre os aproximadamente 500,000 votantes. Em quotas de sexo, também enquadradas como variável de controle, os atuais percentuais fornecidos pelo TRE-AC apontam para 49,88% de homens e 50,12% de mulheres. Observa-se já uma pequena diferença na maioria dos municípios a favor do sexo feminino, mas que não teremos maiores empenhos, já que o próprio questionário a ser aplicado já segue definido nesta mesma proporção. Quanto a área física em cada município escolhido, serão sorteados bairros, em proporção ao número de amostra de cada unidade, de formas a mapearmos na proporção eqüiprobabilística. Dentre as cinco classes socioeconômicas definidas: A, B, C, D e E, e também o nível de escolaridade dos entrevistados, em número de quatro classes, a saber: Superior completo ou incompleto, fundamental Básico ou primário e analfabeto funcional e semianalfabeto. Predefinidos no rodapé dos questionários também, encaixados dentro das proporções do ultimo senso demográfico, funcionando como variáveis decorrentes. A atividade funcional e religião dos entrevistados não requer qualquer controle, visto que serão elementos somente passíveis de checagem, desta forma, não entram na pauta de controle das informações apreendidas. Na conferencia de questionários e revisão de dados se faz de imediato após a coleta de campo, tendo em vista a relação de telefones, fornecidas por parte do respondente, tendo em vista averiguar possíveis irregularidades na coleta ou mesmo no preenchimento dos dados fornecidos. Evitando assim possíveis manipulações Relação dos Municípios com seus respectivos bairros abrangidos seja de acordo com a catalogação de todas as amostras planejada. Questionário e nomes estimulados (vide cópia anexa). Nota: Embora a amostragem tenha sido enquadrada proporcionalmente nas devidas faixas de controle, no concernente as variáveis de classe socioeconômica e instrução escolar, possa haver sempre oscilações de faixa para faixa, em razão das fontes oficiais estarem sempre desatualizadas e as mudanças serem bastante evolutivas. Assim levamos em conta também dados de trabalhos feito na região, na área de geoprocessamento ao longo de vários anos. Dados relativos aos municípios e bairro abrangidos pela pesquisa. Na ausência de delimitação do bairro, será identificada a área em que foi realizada a pesquisa (conforme inciso 6º do art. 1º, da Resolução. TSE nº. 23.400/2013. O pedido de registro será complementado pela entrega de dados que venham a não ser incluídos ao Tribunal Eleitoral em um prazo de até 24 horas. Contado da divulgação do respectivo resultado): Obs. segue Dados relativos aos municípios e bairros abrangidos pela presente pesquisa. 

";"#NULO#"
"27/02/2023";"15:36:19";2014;3;"Eleições Gerais 2014";"AC";"AC";"ACRE";"AC000042014";"2014-02-13 00:00:00";"#NE";"00850844000121";"Dados Pesquisa Opinião e Mercado Ltda";"#NE";"Governador, Senador, Deputado Federal, Deputado Distrital";"2014-02-10 00:00:00";"2014-02-19 00:00:00";3000;"9403 conre 1";"Luciana Guedes da Silva";"32000,00";"Realização de entrevistas pessoais com a população eleitora do Distrito Federal, em sistema de fluxo de pessoas nos pontos de maior circulação, orientados pela supervisão, usando questionário estruturado, contendo perguntas abertas e fechadas, sendo distribuídas 30 entrevistas para cada ponto,
de acordo com cotas segundo regiões de moradia e dados demográficos. Todo o material coletado sofre crítica de consistência de 100% e é tabulado em software específico para este fim (SKPES).
";"As cotas quanto a sexo, idade, escolaridade, nível econômico e regiões de moradia de realização do trabalho de campo foram determinadas com os dados disponibilizados pelo TRE/DF, IBGE, Codeplan e Administrações Regionais das cidades que compõem o DF. Devido à metodologia amostral adotada, a pesquisa é auto-ponderada, ou seja as proporções do universo pesquisado estão previstas na amostra , não sendo necessário nenhum tipo de ponderação estatística. Seguem os critérios mínimos de diversidade exigidos na amostra:

Sexo: Masculino 47,5% e Feminino: 52,5%

Idade: 16 a 24 anos: 22,23%; 25 a 39 anos: 31,47%, 40 a 59 anos: 30,4% e 60 anos ou mais: 15,9%

Grau de Instrução: Analfabeto/Elementar: 7,55%; Fundamental incompleto/completo: 34,89; Médio incompleto/completo: 29,28; Superior incompleto/completo: 23,2% e Outros: 5,08%

Nível econômico em Salários Mínimos:Até 1: 7,67%, mais de 1 a 2: 16,23%, mais de 5 a 10: 20,2%; mais de 10 a 20: 15,57 e mais de 20: 9,83

Regiões:
CIDADE	%
Águas Claras 	4,30%
ASA NORTE	3,90%
ASA SUL	        3,87%
Brazlândia  	1,93%
Candangolândia  1,00%
Ceilândia	15,80%
Cruzeiro  	1,23%
Fercal	        1,00%
Gama	        4,50%
Guará   I	2,10%
Guará   II	2,13%
Itapoã  	2,20%
Jardim Botânico 1,00%
Lago Norte 	1,30%
Lago Sul 	1,17%
Núcleo Bandeirante 	1,00%
Paranoá  	1,67%
Park Way 	1,00%
Planaltina  	6,33%
Recanto das Emas	4,37%
Riacho Fundo I	1,37%
Riacho Fundo II	1,43%
Samambaia	7,90%
Santa Maria	4,67%
São Sebastião 	3,03%
SCIA - Estrutural	1,27%
Sobradinho  I	1,97%
Sobradinho  II	3,13%
Sudoeste/Octogonal  	2,03%
Taguatinga	7,73%
Varjão  	1,00%
Vicente Pires 	2,67%
TOTAL	      100,00%

Intervalo de confiança: 95%
Margem de erro: 1,8%
";"O controle interno do projeto é executado por supervisor devidamente treinado para este fim, que acompanha a coerência das cotas coletadas. A verificação da veracidade dos dados é feita à base de 20% da produção de cada entrevistador.";"Regiões:
CIDADE	%
Águas Claras 	4,30%
ASA NORTE	3,90%
ASA SUL	        3,87%
Brazlândia  	1,93%
Candangolândia  1,00%
Ceilândia	15,80%
Cruzeiro  	1,23%
Fercal	        1,00%
Gama	        4,50%
Guará   I	2,10%
Guará   II	2,13%
Itapoã  	2,20%
Jardim Botânico 1,00%
Lago Norte 	1,30%
Lago Sul 	1,17%
Núcleo Bandeirante 	1,00%
Paranoá  	1,67%
Park Way 	1,00%
Planaltina  	6,33%
Recanto das Emas	4,37%
Riacho Fundo I	1,37%
Riacho Fundo II	1,43%
Samambaia	7,90%
Santa Maria	4,67%
São Sebastião 	3,03%
SCIA - Estrutural	1,27%
Sobradinho  I	1,97%
Sobradinho  II	3,13%
Sudoeste/Octogonal  	2,03%
Taguatinga	7,73%
Varjão  	1,00%
Vicente Pires 	2,67%
TOTAL	      100,00%
"
"27/02/2023";"15:36:19";2014;3;"Eleições Gerais 2014";"AC";"AC";"ACRE";"AC000372014";"2014-08-31 00:00:00";"#NE";"03042195000120";"UP - UNIDADE DE PESQUISAS S/C LTDA";"#NE";"Governador, Senador, Deputado Federal";"2014-09-01 00:00:00";"2014-09-03 00:00:00";625;"6641 - A";"Dario Nery";"22640,00";"A metodologia da pesquisa realizada pela UP, é a utilização de questionário estruturado, e amostragem probabilística simples, com efetuação de entrevistas pessoais em pontos de fluxo populacional , tendo por universo o eleitorado dos municípios investigado, obedecendo ao regime de quotas (base TSE de 2014/Censo) por densidade eleitoral das regiões, sexo, idade, grau de instrução e nível econômico. Esta metodologia assegura a representatividade de todos os segmentos sociais da população em qualquer Estado e/ou municipio brasileiro, sendo incluídas na amostra as zonas geográficas descritas no questionário.";"O plano Amostral segundo os itens exigidos por lei seguem descritos:

 Universo – Eleitorado do Municipio de Santos, com 16 anos ou mais.

 Amostragem, coeficiente de confiança, margem de erro: A pesquisa UP vai entrevistar 625 eleitores. A amostra garante a nível municipal uma margem de erro de 4% para um intervalo e confiança de 95,5% . 
As ponderações em relação a sexo, idade, grau de instrução e nível econômico , descritas nas perguntas 1 a 4 do questionário, serão realizadas para refletir estatisticamente a proporção do eleitorado consultado..conforme percentuais
Masculino 45
Feminino 55
100
FAIXA ETÁRIA: TSE/2014
%
De 16 a 17 anos 0,4
De 18 a 24 anos 10,6
De 25 a 34 anos 19,8
De 35 a 44 anos 18,6
De 45 a 59 anos 26,2
Mais de 60 anos 24,5
100
GRAU DE INSTRUÇÃO: TSE/2014
%
Analfabeto / Lê e Escreve 4,0
Ensino Fundamental 
(incompleto/completo) 27,6
Ensino Médio (incompleto/completo) 46,3
Superior (incompleto/completo) 22,1
100
FAIXA DE RENDA: CENSO/2010
%
Até 724,00 39,9
De R$ 724,01 a R$1.448,00 22,0
De R$ 1.448,01 a R$ 2.172,00 10,4
De R$ 2.172,01 a R$ 3.620,00 9,5
Acima de R$ 3.620,01 18,1
100
";"O Sistema interno de controle, verificação, conferência e fiscalização da coleta de dados, do trabalho de campo é assim descrito: durante os trabalhos de campo, 20% das entrevistas são refeitas pelos supervisores das equipes, para checar a veracidade das entrevistas e das respostas registradas pelos entrevistadores.

 				Alem da checagem de 20% das entrevistas (externa),internamente, os dados de diferentes questões são pré-processados e cruzados entre si, permitindo fazer-se a critica dos mesmos, para verificação de eventuais inconsistências, ou seja, se existem conflitos ou contradições as respostas dadas pelos eleitores durante as entrevistas ou eventuais erros dos entrevistadores ao assinalarem aquelas respostas.

 				Caso os testes internos comprovem a ocorrência de inconsistências nas quotas de um dos entrevistadores inferior a 3%, a quota dele é validada, mas as entrevistas comprometidas são excluídas da amostra (para poderem fazer a eventual reposição de entrevistas canceladas neste filtro, em geral, os institutos de pesquisa colhem amostras superiores as registradas), se o número de inconsistências verificado for superior a 3%, o entrevistador é afastado da empresa, a quota de entrevistas feitas por ele é cancelada e a parcela do campo comprometida ( a quota dele) é refeita integralmente.
";"Municipio de Santos"
"27/02/2023";"15:36:19";2014;3;"Eleições Gerais 2014";"AC";"AC";"ACRE";"AC000212014";"2014-06-16 00:00:00";"#NE";"08984712000102";"F. FAÇANHA DE ALMEIDA ";"#NE";"Governador, Senador";"2014-06-01 00:00:00";"2014-06-09 00:00:00";2500;"8631 - 1ª região";"Alexandre Vasconcelos Lima ";"30000,00";"O método de amostragem utilizado é a Amostragem Aleatória Simples. Serão feitas entrevistas pessoais por meio de questionário estruturado, respeitando as cotas de amostragem.";"Quantitativo eleitoral: 500.029 eleitores (Fonte: Tribunal Superior Eleitoral Abril/2014).

Margem de erro: A margem de erro considerada para essa pesquisa é de 2,0 pontos percentuais. O intervalo de confiança é de 95%. 

Coleta de dados: Entrevistas pessoais através de questionário estruturado, contendo “perguntas filtro” a fim de entrevistar somente o público-alvo desejado. Os entrevistadores serão contratados pela e treinados pela empresa. O processo de coleta de dados será monitorado pelos supervisores.

Análise dos dados: A análise estatística dos dados será feita em duas etapas. Em primeiro lugar, será elaborada a análise exploratória dos dados, análise univariada e bivariada dos dados. Após a primeira etapa, serão feitas a inferência estatística e as análises filtradas por sexo e outras variáveis de perfil.

Tamanho da amostra: Serão entrevistados 2500 (dois mil e quinhentos) eleitores distribuídos proporcionalmente os critérios município, sexo e faixa etária. Sendo masculino 48,92%, feminino 51,08%; 16 a 17 anos (masculino) 2,69,% (feminino) 2,69; 18 a 24 (masculino) 19,54%, (feminino) 19,81%; 25 a 34 (masculino) 26,18%, (feminino) 26,94%; 35 a 44 (masculino) 20,35%, (feminino) 20,29%; 45 a 59 (masculino) 19,14%, (feminino) 16,64%, 60 ou + (masculino) 12,10%, (feminino) 11,35%. A pesquisa é autoponderada em relação às variáveis: grau de instrução e renda.
";"Conferência e fiscalização da coleta de dados e do trabalho de campo: Após a coleta de dados é realizada uma fiscalização, na sede da empresa, através de contato telefônico, que consiste na checagem de 20% das entrevistas aplicadas, tendo a finalidade de verificar a veracidade e os procedimentos adotados pelo pesquisador durante a aplicação da entrevista, checando as respostas e os parâmetros amostrais. Constatando-se irregularidades, volta-se a campo para corrigi-las. Internamente todo material é criticado, codificado, digitado e, antes do processamento final, realiza-se a conferência da digitação. ";"#NULO#"
"27/02/2023";"15:36:19";2014;3;"Eleições Gerais 2014";"AC";"AC";"ACRE";"AC000382014";"2014-09-06 00:00:00";"#NE";"04942645000102";"J.J. Coelho ";"#NE";"Governador, Senador, Deputado Federal, Deputado Estadual";"2014-09-03 00:00:00";"2014-09-09 00:00:00";1269;"7655-A";"AUGUSTO SILVA ROCHA";"10800,00";"METODOLOGIA DE PESQUISA: PROCEDIMENTOS METODOLOGICOS UTILIZADOS NO DESENVOLVIMENTO DESTA SONDAGEM 6ª Pesquisa/ 2014 Abrangência (17) dezessete municípios. Rio Branco, Porto Acre, Tarauacá, Feijó, Sena Madureira,Xapuri, Quinari, Acrelandia, Assis Brasil, Brasiléia, Plácido de Castro, Manuel Urbano, capixaba, Epitaciolândia, Mancio Lima, Rodrigues Alves, Cruzeiro do Sul, e Bujari, O objetivo principal desta pesquisa é identificar as intenções de voto para governo e senado, deputado federal e estadual, no Estado do Acre, averiguando assim de forma espontânea (eleição proporcional) e estimulada. (Eleição majoritária) Metodologia da Pesquisa: MÉTODO PROBABILIÍSTICO ESTRATIFICADO COM SORTEIO DE MULTIPLOS ESTAGIOS. Por tratar-se de um estudo de natureza descritiva. Com característica de um público conhecido, desenvolvemos um método direto de investigação. Através da amostragem probabilística. Assim no estado Acreano, aplicamos um percentual pré-definido nas proporções do universo dos eleitores, baseando-se também na representatividade dos percentuais eleitorais, para cada região, de acordo com a sua densidade eleitoral. O critério de seleção dos municípios e aplicabilidade das amostras obedece as informações e dados do TRE e IBGE. As entrevistas serão na maior parte efetuadas nos domicílios dos eleitores,após a certificação de que os mesmos votam no Estado e se dispõe a responderem as perguntas apresentadas. Selecionamos 17 dos 22 municípios entre eles estão os seis maiores colégios eleitorais do estado afim de que possamos ter a representatividade necessária, que no cálculo aplicado está na faixa de 75,4% de abrangência do contingente eleitoral Estadual. Para atingirmos os propósitos deste estudo utilizamos a técnica de pesquisa por amostragem, que reside na apreensão sistemática e extensiva das opiniões dos indivíduos inseridos no universo e que integram a realidade a ser investigada. em estudo, pelo cruzamento das respostas obtidas. O universo da pesquisa será constituído pelos eleitores do estado acreano de 
ambos os sexos e faixa etária definida a partir dos 16 anos, integrantes de todas as camadas sócio-econômicas, sem distinção de raça, cor, crenças, naturalidade ou costumes. Para 
garantir a confiabilidade dos resultados, colocamos em campos agentes de instrução nível médios, treinados para o fim específico, supervisionados por chefe de equipe que exigirá, acima de tudo neutralidade nos dados apreendidos. O trabalho terá a duração de sete dias, período de 03 a 09/ 09/ 2014 na totalidade dos municípios, escolhidos e demarcados de acordo com o cronograma, de serviço. Mais (02) dias ininterrupto, será empregado na tarefa de revisão, processamento e tabulação geral, das (1269) questionários, finalizando com a publicação dos dados, salvo assim algum acidente de percurso, que venha naturalmente retardar a coleta de campo. Quanto a estratificação das quotas, consiste em si determinar o bairro ou setores por sorteio, determinando a quantidade de entrevistas para cada agente e o percentual por faixa e sexo tornando assim a amostragem equiprobabilística. EQUIPE: Um grupo de (09) agentes pesquisadores comandado por um supervisor realizarão a coleta de dados em campo, nos bairros e localidades sorteadas, dentre os limites do Estado, coletando assim as entrevistas que devam compor a amostragem prevista. 
";" (PLANO AMOSTRAL E PONDERAÇÃO) Quanto a sexo, idade, grau de instrução e nível econômico do entrevistado, margem de erro e nível de confiança: Este plano foi elaborado com base no contingente populacional pautados diretamente no eleitorado do estado, por tratar-se de um levantamento exclusivo de intenção de voto, com vistas à eleição vindoura. Desta forma, baseado nos dados estatísticos do IBGE selecionamos (17) municípios, como poderá ser observado na tabela de estratificação. Por outro lado, adequamos a escolha dos municípios dentro da proporcionalidade populacional, desta forma todas as regiões geograficamente delimitada, como também poderá ser visto, contempladas conforme sua devida densidade eleitoral, mantendo- se assim a proporção no peso amostral de cada unidade. Assim, a amostragem foi produzida pelos questionamentos feitos à base de entrevistas individuais,em variados municípios e bairros estratificados, tendo como universo da pesquisa, o contingente de eleitores do Estado, dos quais foram retiradas as amostras representativas, obedecendo os critérios em exposição. O Intervalo de confiança é de 96%, o que significa dizer que em(100) trabalho desta natureza, somente (04) poderão apresentar uma variação fora do previsto. Margem de erro: para mais ou menos 2,83% de acordo com a composição amostral. 








";"
Sistema interno de controle e verificação, conferência e fiscalização da coleta de dados e do trabalho de campo: DO CONTROLE E VERIFICAÇÃO Como variáveis de controle, seguimos neste trabalho a recomendação da Lei Eleitoral vigente, que estabelece como padrões de controle as variáveis dentro dos percentuais apresentados pelo IBGE nas últimas aferições populacionais. Assim enquadramos dentro da variável de faixa etária os seguintes índice amostrais que influenciarão direto na ponderação desta variável. Juntos Aos eleitores de 16 a 24 anos, serão coletados na faixa de 20,6%, de 25 a 34 anos 25,3%, de 35 a 44 anos 20,5%, de 45 a 59 anos 21,7%, acima de 59 anos 11,9%, perfazendo estas (05) classes, o total de 100% do eleitorado Acreano, entre os aproximadamente 500,000 votantes. Em quotas de sexo, também enquadradas como variável de controle, os atuais percentuais fornecidos pelo TRE-AC apontam para 49,88% de homens e 50,12% de mulheres. Observa-se já uma pequena diferença na maioria dos municípios a favor do sexo feminino, mas que não teremos maiores empenhos, já que o próprio questionário a ser aplicado já segue definido nesta mesma proporção. Quanto a área física em cada município escolhido, serão sorteados bairros, em proporção ao número de amostra de cada unidade, de formas a mapearmos na proporção eqüiprobabilística. Dentre as cinco classes socioeconômicas definidas: A, B, C, D e E, e também o nível de escolaridade dos entrevistados, em número de quatro classes, a saber: Superior completo ou incompleto, fundamental Básico ou primário e analfabeto funcional e semianalfabeto. Predefinidos no rodapé dos questionários também, encaixados dentro das proporções do ultimo senso demográfico, funcionando como variáveis decorrentes. A atividade funcional e religião dos entrevistados não requer qualquer controle, visto que serão elementos somente passíveis de checagem, desta forma, não entram na pauta de controle das informações apreendidas. Na conferencia de questionários e revisão de dados se faz de imediato após a coleta de campo, tendo em vista a relação de telefones, fornecidas por parte do respondente, tendo em vista averiguar possíveis irregularidades na coleta ou mesmo no preenchimento dos dados fornecidos. Evitando assim possíveis manipulações Relação dos Municípios com seus respectivos bairros abrangidos seja de acordo com a catalogação de todas as amostras planejada. Questionário e nomes estimulados (vide cópia anexa). Nota: Embora a amostragem tenha sido enquadrada proporcionalmente nas devidas faixas de controle, no concernente as variáveis de classe socioeconômica e instrução escolar, possa haver sempre oscilações de faixa para faixa, em razão das fontes oficiais estarem sempre desatualizadas e as mudanças serem bastante evolutivas. Assim levamos em conta também dados de trabalhos feito na região, na área de geoprocessamento ao longo de vários anos. Dados relativos aos municípios e bairro abrangidos pela pesquisa. Na ausência de delimitação do bairro, será identificada a área em que foi realizada a pesquisa (conforme inciso 6º do art. 1º, da Resolução. TSE nº. 23.400/2013. 



";"#NULO#"
"27/02/2023";"15:36:19";2014;3;"Eleições Gerais 2014";"AC";"AC";"ACRE";"AC000652014";"2014-10-12 00:00:00";"#NE";"00852501000104";"VOX OPINIÃO PESQUISA E PROJETOS LTDA";"#NE";"Governador";"2014-10-11 00:00:00";"2014-10-14 00:00:00";1500;"5ª REGIÃO Nº 8641";"MARIA CECÍLIA SACRAMENTO SOUZA";"97500,00";"Pesquisa quantitativa, que consiste na realização de entrevistas pessoais, com a aplicação de questionários estruturados e padronizados junto a uma amostra representativa do eleitorado do estado da Acre.";"Plano Amostral:

a)	Público pesquisado: eleitores no estado do Acre.
 
b)	Tipo de amostra: A amostra é estratificada por cota e representativa para o conjunto dos eleitores do estado do Acre. A amostra foi selecionada em três estágios: 

1º estágio: seleção probabilística de municípios, através do método PPT (Probabilidade Proporcional ao Tamanho), tomando como base o número de eleitores de cada município;

2º estágio: seleção aleatória dos setores censitários ou bairros dentro do município; 

3º estágio: seleção dos respondentes dentro dos setores censitários ou bairros através de uma quota proporcional de Gênero, Idade, Escolaridade e Renda Familiar, de acordo com o perfil da população em estudo.

As entrevistas foram pessoais e domiciliares.


Fonte de dados: IBGE, Censo 2010 e PNAD 2012
			  TSE, Cadastro de Eleitores 2014

c)	Tamanho da amostra: 1.500 entrevistas.

d)	Ponderação: Devido à metodologia amostral adotada as proporções quanto a sexo, idade, escolaridade e renda familiar da amostra são as mesmas do universo pesquisado, com base no Censo Demográfico de 2010 – IBGE e no Cadastro de Eleitores 2014 do TSE. Portanto, os fatores de ponderação a serem aplicados nas variáveis sexo, idade, escolaridade e renda familiar assumem valor igual a 1(um).

e)	Área física de realização da pesquisa: A ser informada e fornecida conforme artigo 2º, inciso X 5º § da Resolução 23.400 do Tribunal Superior Eleitoral – TSE datada de 27 de dezembro de 2013. 

f)	Intervalo de Confiança/Margem de Erro: O intervalo de confiança estimado é de 95% e a margem de erro máxima estimada é de 2,5 pontos percentuais para mais ou para menos sobre os resultados encontrados no total da amostra.

g)	Checagem: Logo após a realização da coleta de dados, é feito o trabalho de checagem das entrevistas junto aos respondentes. O objetivo é, sobretudo, garantir que a entrevista foi realmente realizada e verificar como o respondente se sentiu em relação à pesquisa. Há perguntas do questionário que são reproduzidas para certificarmos de sua correta aplicação e há outras questões que se referem exclusivamente à performance do entrevistador. São aproximadamente 20% dos respondentes de cada entrevistador que irão receber o contato dos checadores.
";"Para a realização da pesquisa será utilizada uma equipe de entrevistadores e supervisores devidamente treinada para este trabalho. Após os trabalhos de campo, os questionários são submetidos a uma fiscalização que consiste no retorno a campo de 20% dos questionários aplicados individualmente pelos entrevistadores, para verificação das respostas e da adequação dos entrevistados aos parâmetros amostrais.";"Será enviado após divulgação."
"27/02/2023";"15:36:19";2014;3;"Eleições Gerais 2014";"AC";"AC";"ACRE";"AC000672014";"2014-10-16 00:00:00";"#NE";"00852501000104";"VOX OPINIÃO PESQUISA E PROJETOS LTDA";"#NE";"Governador";"2014-10-18 00:00:00";"2014-10-20 00:00:00";900;"5ª REGIÃO Nº 8641";"MARIA CECÍLIA SACRAMENTO SOUZA";"58500,00";"Pesquisa quantitativa, que consiste na realização de entrevistas pessoais, com a aplicação de questionários estruturados e padronizados junto a uma amostra representativa do eleitorado do estado do Acre.";"Plano Amostral:

a)	Público pesquisado: eleitores no estado do Acre.
 
b)	Tipo de amostra: A amostra é estratificada por cota e representativa para o conjunto dos eleitores do estado do Acre. A amostra foi selecionada em três estágios: 

1º estágio: seleção probabilística de municípios, através do método PPT (Probabilidade Proporcional ao Tamanho), tomando como base o número de eleitores de cada município;

2º estágio: seleção aleatória dos setores censitários ou bairros dentro do município; 

3º estágio: seleção dos respondentes dentro dos setores censitários ou bairros através de uma quota proporcional de Gênero, Idade, Escolaridade e Renda Familiar, de acordo com o perfil da população em estudo.

As entrevistas foram pessoais e domiciliares.


Fonte de dados: IBGE, Censo 2010 e PNAD 2012
			  TSE, Cadastro de Eleitores 2014

c)	Tamanho da amostra: 900 entrevistas.

d)	Ponderação: Devido à metodologia amostral adotada as proporções quanto a sexo, idade, escolaridade e renda familiar da amostra são as mesmas do universo pesquisado, com base no Censo Demográfico de 2010 – IBGE e no Cadastro de Eleitores 2014 do TSE. Portanto, os fatores de ponderação a serem aplicados nas variáveis sexo, idade, escolaridade e renda familiar assumem valor igual a 1(um).

e)	Área física de realização da pesquisa: A ser informada e fornecida conforme artigo 2º, inciso X 5º § da Resolução 23.400 do Tribunal Superior Eleitoral – TSE datada de 27 de dezembro de 2013. 

f)	Intervalo de Confiança/Margem de Erro: O intervalo de confiança estimado é de 95% e a margem de erro máxima estimada é de 3,3 pontos percentuais para mais ou para menos sobre os resultados encontrados no total da amostra.

g)	Checagem: Logo após a realização da coleta de dados, é feito o trabalho de checagem das entrevistas junto aos respondentes. O objetivo é, sobretudo, garantir que a entrevista foi realmente realizada e verificar como o respondente se sentiu em relação à pesquisa. Há perguntas do questionário que são reproduzidas para certificarmos de sua correta aplicação e há outras questões que se referem exclusivamente à performance do entrevistador. São aproximadamente 20% dos respondentes de cada entrevistador que irão receber o contato dos checadores.
";"Para a realização da pesquisa será utilizada uma equipe de entrevistadores e supervisores devidamente treinada para este trabalho. Após os trabalhos de campo, os questionários são submetidos a uma fiscalização que consiste no retorno a campo de 20% dos questionários aplicados individualmente pelos entrevistadores, para verificação das respostas e da adequação dos entrevistados aos parâmetros amostrais.";"Será enviado após divulgação."
"27/02/2023";"15:36:19";2014;3;"Eleições Gerais 2014";"AC";"AC";"ACRE";"AC000232014";"2014-06-20 00:00:00";"#NE";"04942645000102";"J.J. Coelho ";"#NE";"Governador, Senador, Deputado Federal, Deputado Estadual";"2014-06-15 00:00:00";"2014-06-20 00:00:00";992;"7655-A";"AUGUSTO SILVA ROCHA";"4500,00";"Metodologia de pesquisa: PROCEDIMENTOS METODOLOGICOS UTILIZADOS NO DESENVOLVIMENTO DESTA SONDAGEM 3ª Pesquisa/ 2014 Abrangência (10) dez municípios. Rio branco, Cruzeiro do Sul, Quinari, capixaba, Brasileia, Acrelândia, Porto Acre, Sena Madureira, Tarauacá, e Xapuri, O objetivo principal desta pesquisa é identificar as intenções de voto para governo e senado, deputado federal e estadual, no Estado do Acre, averiguando assim de forma espontânea (eleição proporcional) e estimulada. (Eleição majoritária) Metodologia da Pesquisa: MÉTODO PROBABILIÍSTICO ESTRATIFICADO COM SORTEIO DE MULTIPLOS ESTAGIOS. Por tratar-se de um estudo de natureza descritiva. Com característica de um público conhecido, desenvolvemos um método direto de investigação. Através da amostragem probabilística. Assim no estado  Acreano, aplicamos um percentual pré-definido nas proporções do universo dos eleitores, baseando-se também na representatividade dos percentuais eleitorais, para cada região, de acordo com a sua densidade eleitoral. O critério de seleção dos municípios e aplicabilidade das amostras obedece as informações e dados do TRE e IBGE. As entrevistas serão na maior parte efetuadas nos domicílios dos eleitores,após a certificação de que os mesmos votam no Estado e se dispõe a responderem as perguntas apresentadas. Selecionamos 10 dos 22 municípios entre eles estão os seis  maiores colégios eleitorais do estado afim de que possamos ter a representatividade necessária, que no cálculo aplicado está na faixa de 75,4% de abrangência do contingente eleitoral Estadual. Para atingirmos os propósitos deste estudo utilizamos a técnica de pesquisa por amostragem, que reside na apreensão sistemática e extensiva das opiniões dos indivíduos inseridos no universo e que integram a realidade a ser investigada. A validade deste tipo de pesquisa está na possibilidade de se aferir à intensidade de tendências, permitindo a sua quantificação e qualificação. O instrumento de consulta e coleta de dados utilizado será um formulário de questionamento misto, contendo algumas perguntas estimuladas (optativas) e outras semi-abertas de caráter mais informativo, este último tipo de questão permite que se evite indução da resposta, assim, como possibilita que se tenha conhecimento dos quadros de referência dos entrevistados. Com isso, obtêm-se também posições qualitativas das opiniões coletadas e que permitem aos interessados: traçar perfis, avaliar gestões e serviço; identificação e desempenho das ações setoriais em estudo, pelo cruzamento das respostas obtidas. O universo da pesquisa será constituído pelos eleitores do estado acreano de ambos os sexos e faixa etária definida a partir dos 16 anos, integrantes de todas as camadas sócio-econômicas, sem distinção de raça, cor, crenças, naturalidade ou costumes. Para garantir a confiabilidade dos resultados, colocamos em campo agentes de instrução nível médio, treinados para o fim específico, supervisionados por chefe de equipe que exigirá, acima de tudo neutralidade nos dados apreendidos. O trabalho terá a duração de seis dias, período de 15 a 20/ 06/ 2014 na totalidade dos municípios, escolhidos e demarcados de acordo com o cronograma, de serviço. Mais (02) dias ininterrupto, será empregado na tarefa de revisão, processamento e tabulação geral, das (992) questionários, finalizando com a publicação dos dados, salvo assim algum acidente de percurso, que venha naturalmente retardar a coleta de campo. Quanto a estratificação das quotas, consiste em si determinar o bairro ou setores por sorteio, determinando a quantidade de entrevistas para cada agente e o percentual por faixa e sexo tornando assim a amostragem equiprobabilística. EQUIPE: Um grupo de (05) agentes pesquisadores comandado por um supervisor realizarão a coleta de dados em campo, nos bairros e localidades sorteadas, dentre os limites do Estado, coletando assim as entrevistas que devam compor  a amostragem prevista. ";"Plano amostral e ponderação quanto a sexo, idade, grau de instrução e nível econômico do entrevistado, margem de erro e nível de confiança: (PLANO AMOSTRAL E PONDERAÇÃO) Quanto a sexo, idade, grau de instrução e nível econômico do entrevistado, margem de erro e nível de confiança: Este plano foi elaborado com base no contingente populacional pautados diretamente no eleitorado do estado, por tratar-se de um levantamento exclusivo de intenção de voto, com vistas à eleição vindoura. Desta forma, baseado nos dados estatísticos do IBGE  selecionamos (10) municípios, como poderá ser observado na tabela de estratificação. Por outro lado, adequamos a escolha dos municípios dentro da proporcionalidade populacional, desta forma todas as regiões geograficamente delimitada, como também poderá ser visto, contempladas conforme sua devida densidade eleitoral, mantendo- se assim a proporção no peso amostral de cada unidade. Assim, a amostragem foi produzida pelos questionamentos feitos à base de entrevistas individuais,em variados municípios e bairros estratificados, tendo como universo da pesquisa, o contingente de eleitores do Estado, dos quais foram retiradas as amostras representativas, obedecendo os critérios em exposição. O Intervalo de confiança é de 96%, o que significa dizer que em(100) trabalhor desta natureza, somente (04) poderão apresentar uma variação fora do previsto. Margem de erro: para mais ou menos 2,83% de acordo com a composição amostral. ";"Sistema interno de controle e verificação, conferência e fiscalização da coleta de dados e do trabalho de campo: DO CONTROLE E VERIFICAÇÃO Como variáveis de controle, seguimos neste trabalho a recomendação da Lei Eleitoral vigente, que estabelece como padrões de controle as variáveis dentro dos percentuais apresentados pelo IBGE nas últimas aferições populacionais. Assim enquadramos dentro da variável de faixa etária os seguintes índice amostrais que influenciarão direto na ponderação desta variável. Juntos Aos eleitores de 16 a 24 anos, serão coletados na faixa de 20,6%, de 25 a 34 anos 25,3%, de 35 a 44 anos 20,5%, de 45 a 59 anos 21,7%, acima de 59 anos 11,9%, perfazendo estas (05) classes, o total de 100% do eleitorado Acreano, entre os aproximadamente 500,000 votantes. Em quotas de sexo, também enquadradas como variável de controle, os atuais percentuais fornecidos pelo TRE-AC apontam para 49,88% de homens e 50,12% de mulheres. Observa-se já uma pequena diferença na maioria dos municípios a favor do sexo feminino, mas que não teremos maiores empenhos, já que o próprio questionário a ser aplicado já segue definido nesta mesma proporção. Quanto a área física em cada município escolhido, serão sorteados bairros, em proporção ao número de amostra de cada unidade, de formas a mapearmos na proporção equiprobabilística. Dentre as cinco classes socioeconômicas definidas: A, B, C, D e E, e também o nível de escolaridade dos entrevistados, em número de quatro classes, a saber: Superior completo ou incompleto, fundamental Básico ou primário e analfabeto funcional  e semianalfabeto. Predefinidos no rodapé dos questionários também, encaixados dentro das proporções do ultimo senso demográfico, funcionando como variáveis decorrentes. A atividade funcional e religião dos entrevistados não requer qualquer controle, visto que serão elementos somente passíveis de checagem, desta forma, não entram na pauta de controle das informações apreendidas. Na conferencia de questionários e revisão de dados se faz de imediato após a coleta de campo, tendo em vista a relação de telefones, fornecidas por parte do respondente, tendo em vista averiguar possíveis irregularidades na coleta ou mesmo no preenchimento dos dados fornecidos. Evitando assim possíveis manipulações Relação dos Municípios com seus respectivos bairros abrangidos seja de acordo com a catalogação de todas as amostras planejada. Questionário e nomes estimulados  (vide cópia anexa). Nota: Embora a amostragem tenha sido enquadrada proporcionalmente nas devidas faixas de controle, no concernente as variáveis de classe socioeconômica e instrução escolar, possa haver sempre oscilações de faixa para faixa, em razão das fontes oficiais estarem sempre desatualizadas e as mudanças serem bastante evolutivas. Assim levamos em conta também dados de trabalhos feito na região, na área de geoprocessamento ao longo de vários anos. Dados relativos aos municípios e bairro abrangidos pela pesquisa. Na ausência de delimitação do bairro, será identificada a área em que foi realizada a pesquisa (conforme inciso 6º do art. 1º, da Resolução. TSE nº. 23.400/2013. O pedido de registro será complementado pela entrega de dados que venham a não ser incluídos ao Tribunal Eleitoral em um prazo de até 24 horas. Contado da divulgação do respectivo resultado): 
Obs. segue 
Dados relativos aos municípios e bairros abrangidos pela presente pesquisa. 

";"        RELAÇÃO DE BAIRROS E MUNICIPIOS – AC                  
                                  MUNICIPIO RIO BRANCO- AC 
NOME DOS BAIRROS 	AMOSTRAS
SÃO FRANCISCO 	30
APOLONIO SALES 	16
ALTO ALEGRE 	16
ELDORADO 	16
ESTAÇÂO 	16
CENTRO 	35
AEROPORTO VELHO 	16
6 DE AGOSTO 	16
ALEATÓRIA 	42
PLACAS 	20
SOBRAL 	18
AMAPA 	16
CALAFATE 	19
FLORESTA 	18
BOSQUE 	20
SANTA INÊS 	20
TAQUARI 	19
AREAL 	18
BELO JARDIM	22
TOTAL 	393


                               RELAÇÃO DE BAIRROS E MUNICIPIOS – AC                  
                                  MUNICIPIO DE CRUZEIRO DO SUL  
NOME DOS BAIRROS 	AMOSTRAS
COHAB 	22
JOÃO ALVES 	20
COBAL 	20
SABOEIRO 	20
REMANSO 	20
ALUMINIO 	22
CRUZEIRINHO 	21
CENTRO 	26
TOTAL 	171


                               RELAÇÃO DE BAIRROS E MUNICIPIOS – AC                  
                                  MUNICIPIO  DE QUINARI-AC   
NOME DOS BAIRROS 	AMOSTRAS
CENTRO 	16
AMOTI 	12
DEMOCRACIA 	12
NAIR LEITE 	12
TOTAL 	52

                               RELAÇÃO DE BAIRROS E MUNICIPIOS – AC                 
                                  MUNICIPIO  DE CAPIXABA- AC   
NOME DOS BAIRROS 	AMOSTRAS
CENTRO 	20
CONQUISTA 	16
TOTAL 	36




RELAÇÃO DE BAIRROS E MUNICIPIOS – AC                 
                                  MUNICIPIO DE BRASILEIA- AC   
NOME DOS BAIRROS 	AMOSTRAS
CENTRO 	13
FERREIRA 	11
ALBERTE CASTRO 	10
ELDORADO 	12
	46


                        RELAÇÃO DE BAIRROS E MUNICIPIOS –AC                
                                  MUNICIPIO  DE ACRELANDIA- AC   
NOME DOS BAIRROS 	AMOSTRAS
CENTRO 	14
COHAB 	10
PORTELINHA 	12
	36


                                 RELAÇÃO DE BAIRROS E MUNICIPIOS – AC                
                                  MUNICIPIO  DE PORTO ACRE- AC   
NOME DOS BAIRROS 	AMOSTRAS
ALEATÓRIA 	14
CENTRO 	13
VILA INCRA	12
TOTAL 	39


                                      RELAÇÃO DE BAIRROS E MUNICIPIOS – AC                  
                                  MUNICIPIO  DE SENA MADUREIRA- AC   
NOME DOS BAIRROS 
AMOSTRAS
ALEATÓRIA 	23
CENTRO 	22
CRISTO 	20
MILITAR 	20
VITORIA 	20
TOTAL 	105


                                      RELAÇÃO DE BAIRROS E MUNICIPIOS –AC                  
                                               MUNICIPIO  DE TARAUACA- AC   
NOME DOS BAIRROS 	AMOSTRAS
CENTRO 	18
TRIANGULO 	16
PRAIA 	16
ALEATÓRIA 	17
TOTAL 	67


                               RELAÇÃO DE BAIRROS E MUNICIPIOS – AC                 
                                               MUNICIPIO  DE XAPURI- AC   
NOME DOS BAIRROS 	AMOSTRAS
CENTRO 	18
SIBERE	14
BOLIVIA	15
	47

TOTAL GERAL AMOSTRA (992)
"
"27/02/2023";"15:36:19";2014;3;"Eleições Gerais 2014";"AC";"AC";"ACRE";"AC000482014";"2014-09-21 00:00:00";"#NE";"08984712000102";"F. FAÇANHA DE ALMEIDA ";"#NE";"Governador, Senador";"2014-09-21 00:00:00";"2014-09-26 00:00:00";2500;"8631 - 1ª região";"Alexandre Vasconcelos Lima";"30000,00";"O método de amostragem utilizado é a Amostragem Aleatória Simples. Serão feitas entrevistas pessoais por meio de questionário estruturado, respeitando as cotas de amostragem.";"Quantitativo eleitoral: 506.723 eleitores (Fonte: Tribunal Superior Eleitoral setembro/2014). Margem de erro: A margem de erro considerada para essa pesquisa é de 2,0 pontos percentuais. O intervalo de confiança é de 95%. Coleta de dados: Entrevistas pessoais através de questionário estruturado, contendo “perguntas filtro” a fim de entrevistar somente o público-alvo desejado. Os entrevistadores serão contratados pela e treinados pela empresa. O processo de coleta de dados será monitorado pelos supervisores. Análise dos dados: A análise estatística dos dados será feita em duas etapas. Em primeiro lugar, será elaborada a análise exploratória dos dados, análise univariada e bivariada dos dados. Após a primeira etapa, serão feitas a inferência estatística e as análises filtradas por sexo e outras variáveis de perfil.Tamanho da amostra: Serão entrevistados 2500 (dois mil e quinhentos) eleitores distribuídos proporcionalmente os critérios município, sexo e faixa etária. Sendo: masculino 49,04%, feminino 50,96%; 16 a 17 anos (masculino) 1,32,% (feminino) 1,40%; 18 a 24 (masculino) 9,64%, (feminino) 10,16%; 25 a 34 (masculino) 12,60%, (feminino) 13,64%; 35 a 44 (masculino) 9,96%, (feminino) 10,44%; 45 a 59 (masculino) 9,40%, (feminino) 9,48%, 60 ou + (masculino) 6,08%, (feminino) 5,88%. A pesquisa é autoponderada em relação às variáveis: grau de instrução e renda.";"Sistema interno de controle e verificação, conferência e fiscalização da coleta de dados e do trabalho de campo: Após a coleta de dados é realizada uma fiscalização, na sede da empresa, através de contato telefônico, que consiste na checagem de 10% das entrevistas aplicadas, tendo a finalidade de verificar a veracidade e os procedimentos adotados pelo pesquisador durante a aplicação da entrevista, checando as respostas e os parâmetros amostrais. Constatando-se irregularidades, volta-se a campo para corrigi-las. Internamente todo material é criticado, codificado, digitado e, antes do processamento final, realiza-se a conferência da digitação.";"#NULO#"
"27/02/2023";"15:36:19";2014;3;"Eleições Gerais 2014";"AC";"AC";"ACRE";"AC000592014";"2014-09-28 00:00:00";"#NE";"08984712000102";"F. FAÇANHA DE ALMEIDA ";"#NE";"Governador, Senador";"2014-09-29 00:00:00";"2014-10-03 00:00:00";2000;"8631 - 1ª região";"Alexandre Vasconcelos Lima";"25000,00";"O método de amostragem utilizado é a Amostragem Aleatória Simples. Serão feitas entrevistas pessoais por meio de questionário estruturado, respeitando as cotas de amostragem.";"Quantitativo eleitoral: 506.723 eleitores (Fonte: Tribunal Superior Eleitoral agosto/2014). Margem de erro: A margem de erro considerada para essa pesquisa é de 2,2 pontos percentuais. O intervalo de confiança é de 95%. Coleta de dados: Entrevistas pessoais através de questionário estruturado, contendo “perguntas filtro” a fim de entrevistar somente o público-alvo desejado. Os entrevistadores serão contratados pela e treinados pela empresa. O processo de coleta de dados será monitorado pelos supervisores. Análise dos dados: A análise estatística dos dados será feita em duas etapas. Em primeiro lugar, será elaborada a análise exploratória dos dados, análise univariada e bivariada dos dados. Após a primeira etapa, serão feitas a inferência estatística e as análises filtradas por sexo e outras variáveis de perfil.Tamanho da amostra: Serão entrevistados 2000 (dois mil) eleitores distribuídos proporcionalmente os critérios município, sexo e faixa etária. Sendo: masculino 49,04%, feminino 50,96%; 16 a 17 anos (masculino) 1,35,% (feminino) 1,50%; 18 a 24 (masculino) 9,40%, (feminino) 10,14%; 25 a 34 (masculino) 12,69%, (feminino) 13,56%; 35 a 44 (masculino) 10,10%, (feminino) 10,45%; 45 a 59 (masculino) 9,45%, (feminino) 9,45%, 60 ou + (masculino) 6,05%, (feminino) 5,86%. A pesquisa é autoponderada em relação às variáveis: grau de instrução e renda.";"Sistema interno de controle e verificação, conferência e fiscalização da coleta de dados e do trabalho de campo: Após a coleta de dados é realizada uma fiscalização, na sede da empresa, através de contato telefônico, que consiste na checagem de 10% das entrevistas aplicadas, tendo a finalidade de verificar a veracidade e os procedimentos adotados pelo pesquisador durante a aplicação da entrevista, checando as respostas e os parâmetros amostrais. Constatando-se irregularidades, volta-se a campo para corrigi-las. Internamente todo material é criticado, codificado, digitado e, antes do processamento final, realiza-se a conferência da digitação.";"#NULO#"
"27/02/2023";"15:36:19";2014;3;"Eleições Gerais 2014";"AC";"AC";"ACRE";"AC000602014";"2014-09-29 00:00:00";"#NE";"02170847000140";"DATA CONTROL - Instituto de Pesquisa Ltda";"#NE";"Governador, Senador, Deputado Federal, Deputado Estadual";"2014-09-24 00:00:00";"2014-10-02 00:00:00";3000;"7919";"Raimundo Nonato Castro da Silva";"20000,00";"Pesquisa quantitativa com utilização de questionários elaborado de acordo com o interesse da pesquisa, aplicados aleatoriamente em todos municípios do Estado, exceto Jordão, Santa Rosa, Marechal Thaumaturgo e Porto Walter em entrevistas domiciliares, respeitando-se os critérios de perfil da amostra. Entrevistando-se uma pessoa por residência visitada.";"A amostra será estratificada por sexo, faixa etária, escolaridade e renda de acordo com a estatística do eleitorado do Estado. O intervalo de confiança é de 95% e margem de erro de 2,80% para mais ou menos.";"Os dados são verificados durante e após a coleta, através de checadores diretos e via telefone. ";"Em Rio Branco, cobrimos aproximadamente 90 bairros e conjuntos habitacionais e nos demais municípios cobrimos todo o perímetro urbano"
"27/02/2023";"15:36:19";2014;3;"Eleições Gerais 2014";"AC";"AC";"ACRE";"AC000682014";"2014-10-17 00:00:00";"#NE";"00852501000104";"VOX OPINIÃO PESQUISA E PROJETOS LTDA";"#NE";"Governador";"2014-10-21 00:00:00";"2014-10-23 00:00:00";900;"5ª REGIÃO Nº 8641";"MARIA CECÍLIA SACRAMENTO SOUZA";"58500,00";"Pesquisa quantitativa, que consiste na realização de entrevistas pessoais, com a aplicação de questionários estruturados e padronizados junto a uma amostra representativa do eleitorado do estado do Acre.";"Plano Amostral:

a)	Público pesquisado: eleitores no estado do Acre.
 
b)	Tipo de amostra: A amostra é estratificada por cota e representativa para o conjunto dos eleitores do estado do Acre. A amostra foi selecionada em três estágios: 

1º estágio: seleção probabilística de municípios, através do método PPT (Probabilidade Proporcional ao Tamanho), tomando como base o número de eleitores de cada município;

2º estágio: seleção aleatória dos setores censitários ou bairros dentro do município; 

3º estágio: seleção dos respondentes dentro dos setores censitários ou bairros através de uma quota proporcional de Gênero, Idade, Escolaridade e Renda Familiar, de acordo com o perfil da população em estudo.

As entrevistas foram pessoais e domiciliares.


Fonte de dados: IBGE, Censo 2010 e PNAD 2012
			  TSE, Cadastro de Eleitores 2014

c)	Tamanho da amostra: 900 entrevistas.

d)	Ponderação: Devido à metodologia amostral adotada as proporções quanto a sexo, idade, escolaridade e renda familiar da amostra são as mesmas do universo pesquisado, com base no Censo Demográfico de 2010 – IBGE e no Cadastro de Eleitores 2014 do TSE. Portanto, os fatores de ponderação a serem aplicados nas variáveis sexo, idade, escolaridade e renda familiar assumem valor igual a 1(um).

e)	Área física de realização da pesquisa: A ser informada e fornecida conforme artigo 2º, inciso X 5º § da Resolução 23.400 do Tribunal Superior Eleitoral – TSE datada de 27 de dezembro de 2013. 

f)	Intervalo de Confiança/Margem de Erro: O intervalo de confiança estimado é de 95% e a margem de erro máxima estimada é de 3,3 pontos percentuais para mais ou para menos sobre os resultados encontrados no total da amostra.

g)	Checagem: Logo após a realização da coleta de dados, é feito o trabalho de checagem das entrevistas junto aos respondentes. O objetivo é, sobretudo, garantir que a entrevista foi realmente realizada e verificar como o respondente se sentiu em relação à pesquisa. Há perguntas do questionário que são reproduzidas para certificarmos de sua correta aplicação e há outras questões que se referem exclusivamente à performance do entrevistador. São aproximadamente 20% dos respondentes de cada entrevistador que irão receber o contato dos checadores.
";"Para a realização da pesquisa será utilizada uma equipe de entrevistadores e supervisores devidamente treinada para este trabalho. Após os trabalhos de campo, os questionários são submetidos a uma fiscalização que consiste no retorno a campo de 20% dos questionários aplicados individualmente pelos entrevistadores, para verificação das respostas e da adequação dos entrevistados aos parâmetros amostrais.";"SERÁ ENVIADO APÓS DIVULGAÇÃO."
"27/02/2023";"15:36:19";2014;3;"Eleições Gerais 2014";"AC";"AC";"ACRE";"AC000392014";"2014-09-06 00:00:00";"#NE";"08984712000102";"F. FAÇANHA DE ALMEIDA ";"#NE";"Governador, Senador";"2014-08-31 00:00:00";"2014-09-05 00:00:00";2500;"8631 - 1ª região";"Alexandre Vasconcelos Lima";"30000,00";"O método de amostragem utilizado é a Amostragem Aleatória Simples. Serão feitas entrevistas pessoais por meio de questionário estruturado, respeitando as cotas de amostragem";"Quantitativo eleitoral: 506.723 eleitores (Fonte: Tribunal Superior Eleitoral agosto/2014). Margem de erro: A margem de erro considerada para essa pesquisa é de 2,0 pontos percentuais. O intervalo de confiança é de 95%. Coleta de dados: Entrevistas pessoais através de questionário estruturado, contendo “perguntas filtro” a fim de entrevistar somente o público-alvo desejado. Os entrevistadores serão contratados pela e treinados pela empresa. O processo de coleta de dados será monitorado pelos supervisores. Análise dos dados: A análise estatística dos dados será feita em duas etapas. Em primeiro lugar, será elaborada a análise exploratória dos dados, análise univariada e bivariada dos dados. Após a primeira etapa, serão feitas a inferência estatística e as análises filtradas por sexo e outras variáveis de perfil.Tamanho da amostra: Serão entrevistados 2500 (dois mil e quinhentos) eleitores distribuídos proporcionalmente os critérios município, sexo e faixa etária. Sendo: masculino 49,04%, feminino 50,96%; 16 a 17 anos (masculino) 1,32,% (feminino) 1,40%; 18 a 24 (masculino) 9,64%, (feminino) 10,16%; 25 a 34 (masculino) 12,60%, (feminino) 13,64%; 35 a 44 (masculino) 9,96%, (feminino) 10,44%; 45 a 59 (masculino) 9,40%, (feminino) 9,48%, 60 ou + (masculino) 6,08%, (feminino) 5,88%. A pesquisa é autoponderada em relação às variáveis: grau de instrução e renda.";"Sistema interno de controle e verificação, conferência e fiscalização da coleta de dados e do trabalho de campo: Após a coleta de dados é realizada uma fiscalização, na sede da empresa, através de contato telefônico, que consiste na checagem de 10% das entrevistas aplicadas, tendo a finalidade de verificar a veracidade e os procedimentos adotados pelo pesquisador durante a aplicação da entrevista, checando as respostas e os parâmetros amostrais. Constatando-se irregularidades, volta-se a campo para corrigi-las. Internamente todo material é criticado, codificado, digitado e, antes do processamento final, realiza-se a conferência da digitação.";"#NULO#"
"27/02/2023";"15:36:19";2014;3;"Eleições Gerais 2014";"AC";"AC";"ACRE";"AC000322014";"2014-08-07 00:00:00";"#NE";"68802370000186";"IBOPE INTELIGÊNCIA PESQUISA E CONSULTORIA LTDA. ";"#NE";"Governador, Senador";"2014-08-08 00:00:00";"2014-08-12 00:00:00";812;"6208-A";"Márcia Cavallari Nunes";"75337,36";"Pesquisa quantitativa, que consiste na realização de entrevistas pessoais e presenciais, com a aplicação de questionário estruturado junto a uma amostra representativa do eleitorado em estudo.";"Representativo do eleitorado da área em estudo, elaborada em três estágios. No primeiro estágio faz-se um sorteio probabilístico dos municípios, onde as entrevistas serão realizadas, pelo método PPT (Probabilidade Proporcional ao Tamanho), tomando o eleitorado como base para tal seleção. No segundo estágio faz-se um sorteio probabilístico dos setores censitários, onde as entrevistas serão realizadas, pelo método PPT (Probabilidade Proporcional ao Tamanho), tomando a população de 16 anos ou mais residente nos setores como base para tal seleção. No terceiro e último estágio, dentro dos setores sorteados, os respondentes são selecionados através de quotas amostrais proporcionais em função de variáveis significativas, a saber:IDADE: 16-24 (masculino) 30% (feminino) 30%; 25-34 (masculino) 31% (feminino) 30%; 35-44 (masculino) 18% (feminino) 19%; 45-54 (masculino) 10% (feminino) 11%; 55 e+ (masculino) 10% (feminino) 10%; INSTRUÇÃO: Até Ensino Médio (masculino) 82% (feminino) 78%; Ensino Superior (masculino) 18% (feminino) 22%; NÍVEL ECONÔMICO: Economicamente ativo (masculino) 83% (feminino) 62%; Não Economicamente ativo (masculino) 17% (feminino)38%.Está prevista eventual ponderação para correção das variáveis sexo e idade, com base nos percentuais anteriormente mencionados, caso ocorram diferenças superiores a 3 pontos percentuais entre o previsto na amostra e a coleta de dados realizada. Para as variáveis de grau de instrução e nível econômico do entrevistado, o fator previsto para ponderação é 1 (resultados obtidos em campo). O nível de confiança estimado é de 95% e a margem de erro máxima estimada considerando um modelo de amostragem aleatório simples, é de 3 (três) pontos percentuais para mais ou para menos sobre os resultados encontrados no total da amostra. FONTE DOS DADOS: Censo 2010 | PNAD 2012 | TSE 2012 | Entre outras.";"Para a realização da pesquisa, utiliza-se uma equipe de entrevistadores e supervisores contratados pelo IBOPE INTELIGÊNCIA PESQUISA E CONSULTORIA LTDA. devidamente treinados para o trabalho. Após os trabalhos de campo, os questionários são submetidos a uma fiscalização de cerca de 20% (vinte por cento) dos questionários aplicados pelos entrevistadores; para verificação das respostas e da adequação dos entrevistadores aos parâmetros amostrais.";"A área de abrangência da coleta é o estado do Acre. A relação dos municípios selecionados para aplicação da amostra será apresentada até o 7º dia seguinte ao registro da pesquisa, conforme expresso no art. 2º, §5º da Resolução 23.400/2013 do TSE."
"27/02/2023";"15:36:19";2014;3;"Eleições Gerais 2014";"AC";"AC";"ACRE";"AC000292014";"2014-07-31 00:00:00";"#NE";"08984712000102";"F. FAÇANHA DE ALMEIDA ";"#NE";"Governador, Senador";"2014-07-30 00:00:00";"2014-08-05 00:00:00";2500;"8631 - 1ª região";"Alexandre Vasconcelos Lima";"30000,00";"O método de amostragem utilizado é a Amostragem Aleatória Simples. Serão feitas entrevistas pessoais por meio de questionário estruturado, respeitando as cotas de amostragem.";"Quantitativo eleitoral: 506.723 eleitores (Fonte: Tribunal Superior Eleitoral junho/2014). Margem de erro: A margem de erro considerada para essa pesquisa é de 2,0 pontos percentuais. O intervalo de confiança é de 95%. Coleta de dados: Entrevistas pessoais através de questionário estruturado, contendo “perguntas filtro” a fim de entrevistar somente o público-alvo desejado. Os entrevistadores serão contratados pela e treinados pela empresa. O processo de coleta de dados será monitorado pelos supervisores. Análise dos dados: A análise estatística dos dados será feita em duas etapas. Em primeiro lugar, será elaborada a análise exploratória dos dados, análise univariada e bivariada dos dados. Após a primeira etapa, serão feitas a inferência estatística e as análises filtradas por sexo e outras variáveis de perfil.Tamanho da amostra: Serão entrevistados 2500 (dois mil e quinhentos) eleitores distribuídos proporcionalmente os critérios município, sexo e faixa etária. Sendo: masculino 49,04%, feminino 50,96%; 16 a 17 anos (masculino) 3,18,% (feminino) 3,37%; 18 a 24 (masculino) 19,51%, (feminino) 19,92%; 25 a 34 (masculino) 25,87%, (feminino) 26,74%; 35 a 44 (masculino) 20,24%, (feminino) 20,15%; 45 a 59 (masculino) 19,02%, (feminino) 18,58%, 60 ou + (masculino) 12,18%, (feminino) 11,24%. A pesquisa é autoponderada em relação às variáveis: grau de instrução e renda.";"Sistema interno de controle e verificação, conferência e fiscalização da coleta de dados e do trabalho de campo: Após a coleta de dados é realizada uma fiscalização, na sede da empresa, através de contato telefônico, que consiste na checagem de 20% das entrevistas aplicadas, tendo a finalidade de verificar a veracidade e os procedimentos adotados pelo pesquisador durante a aplicação da entrevista, checando as respostas e os parâmetros amostrais. Constatando-se irregularidades, volta-se a campo para corrigi-las. Internamente todo material é criticado, codificado, digitado e, antes do processamento final, realiza-se a conferência da digitação.";"#NULO#"
"27/02/2023";"15:36:19";2014;3;"Eleições Gerais 2014";"AC";"AC";"ACRE";"AC000222014";"2014-06-18 00:00:00";"#NE";"00852501000104";"VOX OPINIÃO PESQUISA E PROJETOS LTDA";"#NE";"Governador, Senador";"2014-06-08 00:00:00";"2014-06-11 00:00:00";1100;"5ª REGIÃO Nº 8641";"MARIA CECÍLIA SACRAMENTO SOUZA";"40000,00";"Pesquisa quantitativa, que consiste na realização de entrevistas pessoais, com a aplicação de questionários estruturados e padronizados junto a uma amostra representativa do eleitorado do estado do Acre.";"Plano Amostral:

a)	Público pesquisado: eleitores no estado do Acre.
 
b)	Tipo de amostra: A amostra é representativa do eleitorado do estado do Acre e para as seguintes regiões: Rio Branco e Interior. 

Houve uma expansão de 250 entrevistas em Cruzeiro do Sul para que totalizasse 330 entrevistas e assim obter resultados em separado para este município. Totalizando, desta forma, 1.100 entrevistas.

A amostra foi selecionada em três estágios: 

1º estágio: seleção probabilística de municípios, através do método PPT (Probabilidade Proporcional ao Tamanho), tomando como base o número de eleitores de cada município;

2º estágio: seleção aleatória dos setores censitários ou bairros dentro do município; 

3º estágio: seleção dos respondentes dentro dos setores censitários ou bairros através de uma quota proporcional de Gênero, Idade, Escolaridade e Renda Familiar, de acordo com o perfil da população em estudo.

As entrevistas foram pessoais e domiciliares.

Fonte de dados: IBGE, Censo 2010 e PNAD 2012
			  TSE, Cadastro de Eleitores 2014

c)	Tamanho da amostra: 1.100 entrevistas.

d)	Ponderação: Para obter resultados válidos para o conjunto dos eleitores do estado do Acre as 250 entrevistas de expansão em Cruzeiro do Sul foram desconsideradas, fechando assim em 850 entrevistas no estado.


e)	Área física de realização da pesquisa: A ser informada e fornecida conforme artigo 2º, inciso X 5º § da Resolução 23.400 do Tribunal Superior Eleitoral – TSE datada de 27 de dezembro de 2013. 

f)	Intervalo de Confiança/Margem de Erro: O intervalo de confiança estimado é de 95% e a margem de erro máxima estimada é de 3,4 pontos percentuais para mais ou para menos sobre os resultados encontrados no total da amostra.

g)	Checagem: Logo após a realização da coleta de dados, é feito o trabalho de checagem das entrevistas junto aos respondentes. O objetivo é, sobretudo, garantir que a entrevista foi realmente realizada e verificar como o respondente se sentiu em relação à pesquisa. Há perguntas do questionário que são reproduzidas para certificarmos de sua correta aplicação e há outras questões que se referem exclusivamente à performance do entrevistador. São aproximadamente 20% dos respondentes de cada entrevistador que irão receber o contato dos checadores.
";"Para a realização da pesquisa será utilizada uma equipe de entrevistadores e supervisores devidamente treinada para este trabalho. Após os trabalhos de campo, os questionários são submetidos a uma fiscalização que consiste no retorno a campo de 20% dos questionários aplicados individualmente pelos entrevistadores, para verificação das respostas e da adequação dos entrevistados aos parâmetros amostrais.";"Será enviado após divulgação dos resultados."
"27/02/2023";"15:36:19";2014;3;"Eleições Gerais 2014";"AC";"AC";"ACRE";"AC000552014";"2014-09-27 00:00:00";"#NE";"68802370000186";"IBOPE INTELIGÊNCIA PESQUISA E CONSULTORIA LTDA. ";"#NE";"Governador, Senador";"2014-09-27 00:00:00";"2014-10-02 00:00:00";812;"6208-A";"Márcia Cavallari Nunes";"75337,36";"Pesquisa quantitativa, que consiste na realização de entrevistas pessoais com a aplicação de questionário estruturado junto a uma amostra representativa do eleitorado em estudo.";"Representativa do eleitorado da área em estudo, elaborada em três estágios.
No primeiro estágio faz-se um sorteio probabilístico dos municípios, onde as entrevistas serão realizadas, pelo método PPT (Probabilidade Proporcional ao Tamanho), tomando o eleitorado como base para tal seleção.
No segundo estágio faz-se um sorteio probabilístico dos setores censitários, onde as entrevistas serão realizadas, pelo método PPT (Probabilidade Proporcional ao Tamanho), tomando a população de 16 anos ou mais residente nos setores como base para tal seleção. No terceiro e último estágio, dentro dos setores sorteados, os respondentes são selecionados através de quotas amostrais proporcionais em função de variáveis significativas, a saber:IDADE: 16-24 (masculino) 29% (feminino) 29%; 25-34 (masculino) 31% (feminino) 30%; 35-44 (masculino) 19% (feminino) 19%; 45-54 (masculino) 11% (feminino) 11%; 55 e+ (masculino) 10% (feminino) 10%; INSTRUÇÃO: Até Ensino Médio (masculino) 82% (feminino) 78%; Ensino Superior (masculino) 18% (feminino) 22%; NÍVEL ECONÔMICO: Economicamente ativo (masculino) 83% (feminino) 62%; Não Economicamente ativo (masculino) 17% (feminino) 38%. 
Está prevista eventual ponderação para correção das variáveis sexo e idade, com base nos percentuais anteriormente mencionados, caso ocorram diferenças superiores a 3 pontos percentuais entre o previsto na amostra e a coleta de dados realizada. Para as variáveis de grau de instrução e nível econômico do entrevistado, o fator previsto para ponderação é 1 (resultados obtidos em campo). O nível de confiança estimado é de 95% e a margem de erro máxima estimada considerando um modelo de amostragem aleatório simples, é de 3 (três) pontos percentuais para mais ou para menos sobre os resultados encontrados no total da amostra.
FONTE DOS DADOS: Censo 2010 | PNAD 2012 | TSE 2014 | Entre outras.
";"Para a realização da pesquisa, utiliza-se uma equipe de entrevistadores e supervisores contratados pelo IBOPE INTELIGÊNCIA PESQUISA E CONSULTORIA LTDA. devidamente treinados para o trabalho. Após os trabalhos de campo, os questionários são submetidos a uma fiscalização de cerca de 20% (vinte por cento) dos questionários aplicados pelos entrevistadores; para verificação das respostas e da adequação dos entrevistados aos parâmetros amostrais.";"A área de abrangência da coleta é o Estado do Acre. A Relação de municípios selecionados para aplicação da amostra será apresentada até o 7º dia seguinte ao Registro da pesquisa, conforme expresso no art. 2º § 5º da resolução 23.400/2013 do TSE."
"27/02/2023";"15:36:19";2014;3;"Eleições Gerais 2014";"AC";"AC";"ACRE";"AC000662014";"2014-10-13 00:00:00";"#NE";"08984712000102";"F. FAÇANHA DE ALMEIDA ";"#NE";"Governador";"2014-10-14 00:00:00";"2014-10-18 00:00:00";1200;"8631 - 1ª região";"Alexandre Vasconcelos Lima";"20000,00";"O método de amostragem utilizado é a Amostragem Aleatória Simples. Serão feitas entrevistas pessoais por meio de questionário estruturado, respeitando as cotas de amostragem";"Quantitativo eleitoral: 506.723 eleitores (Fonte: Tribunal Superior Eleitoral setembro/2014). Margem de erro: A margem de erro considerada para essa pesquisa é de 3 pontos percentuais. O intervalo de confiança é de 95%. Coleta de dados: Entrevistas pessoais através de questionário estruturado, contendo “perguntas filtro” a fim de entrevistar somente o público-alvo desejado. Os entrevistadores serão contratados pela e treinados pela empresa. O processo de coleta de dados será monitorado pelos supervisores. Análise dos dados: A análise estatística dos dados será feita em duas etapas. Em primeiro lugar, será elaborada a análise exploratória dos dados, análise univariada e bivariada dos dados. Após a primeira etapa, serão feitas a inferência estatística e as análises filtradas por sexo e outras variáveis de perfil. Tamanho da amostra: Serão entrevistados 1.200 (mil e duzentos) eleitores distribuídos proporcionalmente os critérios município, sexo e faixa etária. Sendo: masculino 49,04%, feminino 50,96%; 16 a 17 anos (masculino) 1,35,% (feminino) 1,50%; 18 a 24 (masculino) 9,40%, (feminino) 10,14%; 25 a 34 (masculino) 12,69%, (feminino) 13,56%; 35 a 44 (masculino) 10,10%, (feminino) 10,45%; 45 a 59 (masculino) 9,45%, (feminino) 9,45%, 60 ou + (masculino) 6,05%, (feminino) 5,86%. A pesquisa é autoponderada em relação às variáveis: grau de instrução e renda.";"Sistema interno de controle e verificação, conferência e fiscalização da coleta de dados e do trabalho de campo: Após a coleta de dados é realizada uma fiscalização, na sede da empresa, através de contato telefônico, que consiste na checagem de 10% das entrevistas aplicadas, tendo a finalidade de verificar a veracidade e os procedimentos adotados pelo pesquisador durante a aplicação da entrevista, checando as respostas e os parâmetros amostrais. Constatando-se irregularidades, volta-se a campo para corrigi-las. Internamente todo material é criticado, codificado, digitado e, antes do processamento final, realiza-se a conferência da digitação.";"#NULO#"
"27/02/2023";"15:36:19";2014;3;"Eleições Gerais 2014";"AC";"AC";"ACRE";"AC000642014";"2014-10-12 00:00:00";"#NE";"68802370000186";"IBOPE INTELIGÊNCIA PESQUISA E CONSULTORIA LTDA. ";"#NE";"Governador";"2014-10-12 00:00:00";"2014-10-17 00:00:00";812;"6208-A";"Márcia Cavallari Nunes";"75337,36";"Pesquisa quantitativa, que consiste na realização de entrevistas pessoais com a aplicação de questionário estruturado junto a uma amostra representativa do eleitorado em estudo.";"Representativa do eleitorado da área em estudo, elaborada em três estágios.
No primeiro estágio faz-se um sorteio probabilístico dos municípios, onde as entrevistas serão realizadas, pelo método PPT (Probabilidade Proporcional ao Tamanho), tomando o eleitorado como base para tal seleção.
No segundo estágio faz-se um sorteio probabilístico dos setores censitários, onde as entrevistas serão realizadas, pelo método PPT (Probabilidade Proporcional ao Tamanho), tomando a população de 16 anos ou mais residente nos setores como base para tal seleção. No terceiro e último estágio, dentro dos setores sorteados, os respondentes são selecionados através de quotas amostrais proporcionais em função de variáveis significativas, a saber: IDADE: 16-24 (masculino) 29% (feminino) 29%; 25-34 (masculino) 31% (feminino) 30%; 35-44 (masculino) 19% (feminino) 19%; 45-54 (masculino) 11% (feminino) 11%; 55 e+ (masculino) 10% (feminino) 10%; INSTRUÇÃO: Até Ensino Médio (masculino) 82% (feminino) 78%; Ensino Superior (masculino) 18% (feminino) 22%; NÍVEL ECONÔMICO: Economicamente ativo (masculino) 83% (feminino) 62%; Não Economicamente ativo (masculino) 17% (feminino) 38%. 
Está prevista eventual ponderação para correção das variáveis sexo e idade, com base nos percentuais anteriormente mencionados, caso ocorram diferenças superiores a 3 pontos percentuais entre o previsto na amostra e a coleta de dados realizada. Para as variáveis de grau de instrução e nível econômico do entrevistado, o fator previsto para ponderação é 1 (resultados obtidos em campo). O nível de confiança estimado é de 95% e a margem de erro máxima estimada considerando um modelo de amostragem aleatório simples, é de 3 (três) pontos percentuais para mais ou para menos sobre os resultados encontrados no total da amostra.
FONTE DOS DADOS: Censo 2010 | PNAD 2012 | TSE 2014 | Entre outras.
";"Para a realização da pesquisa, utiliza-se uma equipe de entrevistadores e supervisores contratados pelo IBOPE INTELIGÊNCIA PESQUISA E CONSULTORIA LTDA. devidamente treinados para o trabalho. Após os trabalhos de campo, os questionários são submetidos a uma fiscalização de cerca de 20% (vinte por cento) dos questionários aplicados pelos entrevistadores; para verificação das respostas e da adequação dos entrevistados aos parâmetros amostrais.";"A área de abrangência da coleta é o Estado do Acre. A Relação de municípios selecionados para aplicação da amostra será apresentada até o 7º dia seguinte ao Registro da pesquisa, conforme expresso no art. 2º § 5º da resolução 23.400/2013 do TSE."
"27/02/2023";"15:36:19";2014;3;"Eleições Gerais 2014";"AC";"AC";"ACRE";"AC000152014";"2014-05-14 00:00:00";"#NE";"04942645000102";"J.J. Coelho ";"#NE";"Governador, Senador, Deputado Federal, Deputado Estadual";"2014-05-05 00:00:00";"2014-05-13 00:00:00";873;"7655-A";"Augusto Silva Rocha ";"4200,00";"Metodologia de pesquisa: PROCEDIMENTOS METODOLOGICOS UTILIZADOS NO DESENVOLVIMENTO DESTA SONDAGEM 2ª Pesquisa/ 2014 Abrangência (09) nove  municípios. Rio branco, Xapuri, Cruzeiro do sul, Sena Madureira,plácido de Castro, Acrelandia, Brasileia,e Tarauacá, Quinari,  O objetivo principal desta pesquisa é identificar as intenções de voto para governo  senador, deputado federal e estadual, no Estado, do Acre averiguando assim de forma espontânea e estimulada. Metodologia da Pesquisa: MÉTODO PROBABILIÍSTICO ESTRATIFICADO COM SORTEIO DE MULTIPLOS ESTAGIOS. Por tratar-se de um estudo de natureza descritiva. Com característica de um público conhecido. Desenvolvemos um método direto de investigação. Através da amostragem probabilística. Assim no estado do Acreano, aplicamos um percentual pré-definido nas proporções do universo dos eleitores, baseando-se também na representatividade percentuais eleitorais para cada região, de acordo com as suas densidade eleitoral. O critério de seleção dos municípios e aplicabilidade das amostras obedece as informações e dados do TRE e IBGE. As entrevistas serão na maior parte efetuadas nos domicílios dos eleitores,após a certificação de que os mesmos votam no Estado e se dispõe a responderem as perguntas apresentadas. Selecionamos 09 dos 22 municípios entre eles estão os quatro maiores colégios eleitorais do estado afim de que possamos ter a representatividade necessária, que no calculo aplicado está na faixa de 13,18% de abrangência do contingente eleitoral Estadual. Para atingirmos os propósitos deste estudo utilizamos a técnica de pesquisa por amostragem, que reside na apreensão sistemática e extensiva das opiniões dos indivíduos inseridos no universo e que integram a realidade a ser investigada. A validade deste tipo de pesquisa está na possibilidade de se aferir à intensidade de tendências, permitindo a sua quantificação e qualificação. O instrumento de consulta e coleta de dados utilizado será um formulário de questionamento misto, contendo algumas perguntas estimuladas (optativas) e outras semi-abertas de caráter mais informativo, este último tipo de questão permite que se evite indução da resposta, assim, como possibilita que se tenha conhecimento dos quadros de referência dos entrevistados. Com isso, obtêm-se também posições qualitativas das opiniões coletadas e que permitam aos interessados: traçar perfis, avaliar gestões e serviço; identificação e desempenho das ações setoriais em estudo, pelo cruzamento das respostas obtidas. O universo da pesquisa será constituído pelos eleitores do estado acriano de ambos os sexos e faixa etária definida a partir dos 16 anos, integrantes de todas as camadas socioeconômicas, sem distinção de raça, cor, crenças, naturalidade ou costumes. Para garantir a confiabilidade dos resultados, colocamos em campo agentes de instrução nível médio, treinados para o fim específico, supervisionados por chefe de equipe que exigirá, acima de tudo neutralidade nos dados apreendidos. O trabalho terá a duração de seis dias, período de 05 a 13/ 05/ 2014 na totalidade dos municípios, escolhidos e demarcados de acordo com o cronograma, de serviço e mais (02) dias ininterrupto, será empregado na tarefa de revisão, processamento e tabulação geral, das (873) questionários, finalizando com a publicação dos dados, salvo assim algum acidente de percurso, neste período chuvoso que poderá naturalmente retardar a coleta de campo. Quanto a estratificação das quotas, consiste em si determinar o bairro ou setores por sorteio, determinando a quantidade de entrevistas para cada agente e o percentual por faixa e sexo tornando assim a amostragem equiprobabilística. EQUIPE: Um grupo de (06) agentes pesquisadores comandado por um supervisor realizarão a coleta de dados em campo, nos bairros e localidades sorteadas, dentre os limites do Estado, coletando assim as entrevistas que compõe a amostragem prevista. ";"
Plano amostral e ponderação quanto a sexo, idade, grau de instrução e nível econômico do entrevistado, margem de erro e nível de confiança: (PLANO AMOSTRAL E PONDERAÇÃO) Quanto a sexo, idade, grau de instrução e nível econômico do entrevistado, margem de erro e nível de confiança: Este plano foi elaborado com base no contingente populacional pautados diretamente no eleitorado do estado, por tratar-se de um levantamento exclusivo de intenção de voto, com vistas à eleição vindoura. Desta forma, baseado nos dados estatísticos do IBGE e TRE selecionamos (09) municípios, como poderá ser observado na tabela de estratificação. Por outro lado, adequamos a escolha dos municípios dentro da proporcionalidade populacional desta forma todas as Regiões Geograficamente delimitada, como também poderá ser visto. contempladas conforme sua devida densidade eleitoral, mantendo- se assim a proporção no peso amostral de cada unidade. Assim, a amostragem foi produzida pelos questionamentos feitos à base de entrevistas individuais,em variados municípios e bairros estratificados, tendo como universo da pesquisa, o contingente de eleitores do Estado, dos quais foram retiradas as amostras representativas, obedecendo os critérios em exposição. O Intervalo de confiança é de 96%, o que significa dizer que em 100 trabalho desta natureza, somente (04) poderão apresentar uma variação fora do previsto. Margem de erro: para mais ou menos 3% de acordo com a composição amostral. 
";"Sistema interno de controle e verificação, conferência e fiscalização da coleta de dados e do trabalho de campo: Sistema interno de controle e verificação, conferência e fiscalização da coleta de dados e do trabalho de campo : DO CONTROLE E VERIFICAÇÃO Como variáveis de controle, seguimos neste trabalho a recomendação da Lei Eleitoral Vigente, que estabelece como padrões de controle as variáveis dentro dos percentuais apresentados pelo IBGE nas últimas aferições populacionais. Assim enquadramos dentro da variável de faixa etária os seguintes índice amostrais que influenciarão direto na ponderação desta variável. Juntos Aos eleitores de 16 a 24 anos, serão coletados na faixa de 20,6%, de 25 a 34 anos 25,3%, de 35 a 44 anos 20,5%, de 45 a 59 anos 21,7%, acima de 59 anos 11,9% perfazendo estas (05) classes, o total de 100% do eleitorado Acreano entre os 1.105.353 votantes. Em quotas de sexo, também enquadradas como variável de controle, os atuais percentuais fornecidos pelo TER apontam para 49,88% de homens e 50,12% de mulheres. Observa-se já uma pequena diferença na maioria dos municípios a favor do sexo feminino, mas que não teremos maiores empenhos, já que o próprio questionário a ser aplicado já segue definido nesta mesma proporção. Quanto a área física em cada município escolhido, serão sorteados bairros, em proporção ao número de amostra de cada unidade, de formas a mapearmos na proporção equiprobabilística. Dentre as cinco classes socioeconômicas definidas: A, B, C, D e E, e também o nível de escolaridade dos entrevistados, em número de quatro classes, a saber: Superior Completo ou incompleto, Básico ou primário e semianalfabeto. Predefinidos no rodapé dos questionários Também, encaixados dentro das proporções do senso demográfico, funcionando como variáveis decorrentes. A atividade funcional e religião dos entrevistados não requer qualquer controle, visto que serão elementos somente passíveis de checagem, desta forma, não entram na pauta de controle das informações apreendidas. Na conferencia de questionários e revisão de dados se faz de imediato após a coleta de campo, tendo em vista a relação de telefones, fornecidas por parte do respondente, tendo em vista averiguar possíveis irregularidades na coleta ou mesmo no preenchimento dos dados fornecidos. Relação dos Municípios com seus respectivos bairros abrangidos será enviada posteriormente, logo após sejam catalogados todas as amostras planejadas. Questionário e Disco de Indução da 2ª pesquisa, (vide cópia anexa). Nota: Embora a amostragem tenha sido enquadrada proporcionalmente nas devidas faixas de controle, no concernente as variáveis de classe socioeconômica e instrução escolar, possa haver sempre oscilações de faixa para faixa, em razão das fontes oficiais estarem sempre desatualizadas e as mudanças serem bastante evolutivas. Assim levamos em conta também dados de trabalhos feito na região, na área de geoprocessamento ao longo de vários anos. Dados relativos aos municípios e bairro abrangidos pela pesquisa. Na ausência de delimitação do bairro, será identificada a área em que foi realizada a pesquisa (conforme inciso 6º do art. 1º, da Resolução. TSE nº. 23.400/2013. O pedido de registro será complementado pela entrega destes dados ao Tribunal Eleitoral em um prazo de até 24 horas. Contado da divulgação do respectivo resultado): 

Dados relativos aos municípios e bairros abrangidos pela pesquisa. Na ausência de delimitação do bairro, será identificada a área em que foi realizada a pesquisa (conforme §6º. do art. 1º. da Resolução-TSE nº. 23.400/2013, o pedido de registro será complementado pela entrega destes dados ao Tribunal Eleitoral em um prazo de até 24 horas, contado da divulgação do respectivo resultado): Relação com seus respectivos bairros abrangidos será enviada posteriormente, logo após sejam catalogados todas as amostras planejadas. 
";"
"
"27/02/2023";"15:36:19";2014;3;"Eleições Gerais 2014";"AC";"AC";"ACRE";"AC000332014";"2014-08-13 00:00:00";"#NE";"00852501000104";"VOX OPINIÃO PESQUISA E PROJETOS LTDA";"#NE";"Governador, Senador";"2014-07-26 00:00:00";"2014-07-29 00:00:00";1100;"5ª REGIÃO Nº 8641";"MARIA CECÍLIA SACRAMENTO SOUZA";"69564,00";"Pesquisa quantitativa, que consiste na realização de entrevistas pessoais, com a aplicação de questionários estruturados e padronizados junto a uma amostra representativa do eleitorado do estado do Acre.";"Plano Amostral:

a)	Público pesquisado: eleitores no estado do Acre.
 
b)	Tipo de amostra: A amostra é representativa do eleitorado do estado do Acre e para as seguintes regiões: Rio Branco e Interior. 

Houve uma expansão de 250 entrevistas em Cruzeiro do Sul para que totalizasse 330 entrevistas e assim obter resultados em separado para este município. Totalizando, desta forma, 1.100 entrevistas.

A amostra foi selecionada em três estágios: 

1º estágio: seleção probabilística de municípios, através do método PPT (Probabilidade Proporcional ao Tamanho), tomando como base o número de eleitores de cada município;

2º estágio: seleção aleatória dos setores censitários ou bairros dentro do município; 

3º estágio: seleção dos respondentes dentro dos setores censitários ou bairros através de uma quota proporcional de Gênero, Idade, Escolaridade e Renda Familiar, de acordo com o perfil da população em estudo.

As entrevistas foram pessoais e domiciliares.

Fonte de dados: IBGE, Censo 2010 e PNAD 2012
			  TSE, Cadastro de Eleitores 2014

c)	Tamanho da amostra: 1.100 entrevistas.

d)	Ponderação: Para obter resultados válidos para o conjunto dos eleitores do estado do Acre as 250 entrevistas de expansão em Cruzeiro do Sul foram desconsideradas, fechando assim em 850 entrevistas no estado.


e)	Área física de realização da pesquisa: A ser informada e fornecida conforme artigo 2º, inciso X 5º § da Resolução 23.400 do Tribunal Superior Eleitoral – TSE datada de 27 de dezembro de 2013. 

f)	Intervalo de Confiança/Margem de Erro: O intervalo de confiança estimado é de 95% e a margem de erro máxima estimada é de 3,4 pontos percentuais para mais ou para menos sobre os resultados encontrados no total da amostra.

g)	Checagem: Logo após a realização da coleta de dados, é feito o trabalho de checagem das entrevistas junto aos respondentes. O objetivo é, sobretudo, garantir que a entrevista foi realmente realizada e verificar como o respondente se sentiu em relação à pesquisa. Há perguntas do questionário que são reproduzidas para certificarmos de sua correta aplicação e há outras questões que se referem exclusivamente à performance do entrevistador. São aproximadamente 20% dos respondentes de cada entrevistador que irão receber o contato dos checadores.
";"Para a realização da pesquisa será utilizada uma equipe de entrevistadores e supervisores devidamente treinada para este trabalho. Após os trabalhos de campo, os questionários são submetidos a uma fiscalização que consiste no retorno a campo de 20% dos questionários aplicados individualmente pelos entrevistadores, para verificação das respostas e da adequação dos entrevistados aos parâmetros amostrais.";"Será enviado após divulgação."
"27/02/2023";"15:36:19";2014;3;"Eleições Gerais 2014";"AC";"AC";"ACRE";"AC000402014";"2014-09-07 00:00:00";"#NE";"68802370000186";"IBOPE INTELIGÊNCIA PESQUISA E CONSULTORIA LTDA. ";"#NE";"Governador, Senador";"2014-09-07 00:00:00";"2014-09-12 00:00:00";812;"6208-A";"Márcia Cavallari Nunes";"75337,36";"Pesquisa quantitativa, que consiste na realização de entrevistas pessoais com a aplicação de questionário estruturado junto a uma amostra representativa do eleitorado em estudo.";"Representativa do eleitorado da área em estudo, elaborada em três estágios.
No primeiro estágio faz-se um sorteio probabilístico nos municípios, onde as entrevistas serão realizadas, pelo método PPT (Probabilidade Proporcional ao Tamanho), tomando o eleitorado como base para tal seleção.
No segundo estágio faz-se um sorteio probabilístico dos setores censitários, onde as entrevistas serão realizadas, pelo método PPT (Probabilidade Proporcional ao Tamanho), tomando a população de 16 anos ou mais residente nos setores como base para tal seleção. No terceiro e último estágio, dentro dos setores sorteados, os respondentes são selecionados através de quotas amostrais proporcionais em função de variáveis significativas, a saber: IDADE: 16-24 (masculino) 29% (feminino) 29%; 25-34 (masculino) 31% (feminino) 30%; 35-44 (masculino) 19% (feminino) 19%; 45-54 (masculino) 11% (feminino) 11%; 55 e+ (masculino) 10% (feminino) 10%; INSTRUÇÃO: Até Ensino Médio (masculino) 82% (feminino) 78%; Ensino Superior (masculino) 18% (feminino) 22%; NÍVEL ECONÔMICO: Economicamente ativo (masculino) 83% (feminino) 62%; Não Economicamente ativo (masculino) 17% (feminino) 38%. 
Está prevista eventual ponderação para correção das variáveis sexo e idade, com base nos percentuais anteriormente mencionados, caso ocorram diferenças superiores a 3 pontos percentuais entre o previsto na amostra e a coleta de dados realizada. Para as variáveis de grau de instrução e nível econômico do entrevistado, o fator previsto para ponderação é 1 (resultados obtidos em campo). O nível de confiança estimado é de 95% e a margem de erro máxima estimada considerando um modelo de amostragem aleatório simples, é de 3 (três) pontos percentuais para mais ou para menos sobre os resultados encontrados no total da amostra.
FONTE DOS DADOS: Censo 2010 | PNAD 2012 | TSE 2014 | Entre outras.
";"Para a realização da pesquisa, utiliza-se uma equipe de entrevistadores e supervisores contratados pelo IBOPE INTELIGÊNCIA PESQUISA E CONSULTORIA LTDA. devidamente treinados para o trabalho. Após os trabalhos de campo, os questionários são submetidos a uma fiscalização de cerca de 20% (vinte por cento) dos questionários aplicados pelos entrevistadores; para verificação das respostas e da adequação dos entrevistados aos parâmetros amostrais.";"A área de abrangência da coleta é o Estado do Acre. A Relação de municípios selecionados para aplicação da amostra será apresentada até o 7º dia seguinte ao Registro da pesquisa, conforme expresso no art. 2º § 5º da resolução 23.400/2013 do TSE."
"27/02/2023";"15:36:19";2014;3;"Eleições Gerais 2014";"AC";"AC";"ACRE";"AC000462014";"2014-09-19 00:00:00";"#NE";"00852501000104";"VOX OPINIÃO PESQUISA E PROJETOS LTDA";"#NE";"Governador, Senador";"2014-09-20 00:00:00";"2014-09-23 00:00:00";1500;"5ª REGIÃO Nº 8641";"MARIA CECÍLIA SACRAMENTO SOUZA";"94860,00";"Pesquisa quantitativa, que consiste na realização de entrevistas pessoais, com a aplicação de questionários estruturados e padronizados junto a uma amostra representativa do eleitorado do estado do Acre.";"a)	Público pesquisado: eleitores no estado do Acre.
 
b)	Tipo de amostra: A amostra é estratificada por cota e representativa para o conjunto dos eleitores do estado do Acre. A amostra foi selecionada em três estágios: 

1º estágio: seleção probabilística de municípios, através do método PPT (Probabilidade Proporcional ao Tamanho), tomando como base o número de eleitores de cada município;

2º estágio: seleção aleatória dos setores censitários ou bairros dentro do município; 

3º estágio: seleção dos respondentes dentro dos setores censitários ou bairros através de uma quota proporcional de Gênero, Idade, Escolaridade e Renda Familiar, de acordo com o perfil da população em estudo.

As entrevistas foram pessoais e domiciliares.


Fonte de dados: IBGE, Censo 2010 e PNAD 2012
			  TSE, Cadastro de Eleitores 2014

c)	Tamanho da amostra: 1.500 entrevistas.

d)	Ponderação: Devido à metodologia amostral adotada as proporções quanto a sexo, idade, escolaridade e renda familiar da amostra são as mesmas do universo pesquisado, com base no Censo Demográfico de 2010 – IBGE e no Cadastro de Eleitores 2014 do TSE. Portanto, os fatores de ponderação a serem aplicados nas variáveis sexo, idade, escolaridade e renda familiar assumem valor igual a 1(um).

e)	Área física de realização da pesquisa: A ser informada e fornecida conforme artigo 2º, inciso X 5º § da Resolução 23.400 do Tribunal Superior Eleitoral – TSE datada de 27 de dezembro de 2013. 

f)	Intervalo de Confiança/Margem de Erro: O intervalo de confiança estimado é de 95% e a margem de erro máxima estimada é de 2,5 pontos percentuais para mais ou para menos sobre os resultados encontrados no total da amostra.

g)	Checagem: Logo após a realização da coleta de dados, é feito o trabalho de checagem das entrevistas junto aos respondentes. O objetivo é, sobretudo, garantir que a entrevista foi realmente realizada e verificar como o respondente se sentiu em relação à pesquisa. Há perguntas do questionário que são reproduzidas para certificarmos de sua correta aplicação e há outras questões que se referem exclusivamente à performance do entrevistador. São aproximadamente 20% dos respondentes de cada entrevistador que irão receber o contato dos checadores.
";"Para a realização da pesquisa será utilizada uma equipe de entrevistadores e supervisores devidamente treinada para este trabalho. Após os trabalhos de campo, os questionários são submetidos a uma fiscalização que consiste no retorno a campo de 20% dos questionários aplicados individualmente pelos entrevistadores, para verificação das respostas e da adequação dos entrevistados aos parâmetros amostrais.";"Será enviado após divulgação."
"27/02/2023";"15:36:19";2014;3;"Eleições Gerais 2014";"AC";"AC";"ACRE";"AC000502014";"2014-09-23 00:00:00";"#NE";"04942645000102";"J.J. Coelho ";"#NE";"Governador, Senador, Deputado Federal, Deputado Estadual";"2014-09-19 00:00:00";"2014-09-24 00:00:00";1269;"7655-A";"AUGUSTO SILVA ROCHA";"10900,00";"METODOLOGIA DE PESQUISA: PROCEDIMENTOS METODOLOGICOS UTILIZADOS NO DESENVOLVIMENTO DESTA SONDAGEM 7ª Pesquisa/ 2014 Abrangência (17) dezessete municípios. Rio Branco, Porto Acre, Tarauacá, Feijó, Sena Madureira,Xapuri, Quinari, Acrelandia, Assis Brasil, Brasiléia, Plácido de Castro, Manuel Urbano, capixaba, Epitaciolândia, Mancio Lima, Rodrigues Alves, Cruzeiro do Sul, e Bujari, O objetivo principal desta pesquisa é identificar as intenções de voto para governo e senado, deputado federal e estadual, no Estado do Acre, averiguando assim de forma espontânea (eleição proporcional) e estimulada. (Eleição majoritária) Metodologia da Pesquisa: MÉTODO PROBABILIÍSTICO ESTRATIFICADO COM SORTEIO DE MULTIPLOS ESTAGIOS. Por tratar-se de um estudo de natureza descritiva. Com característica de um público conhecido, desenvolvemos um método direto de investigação. Através da amostragem probabilística. Assim no estado Acreano, aplicamos um percentual pré-definido nas proporções do universo dos eleitores, baseando-se também na representatividade dos percentuais eleitorais, para cada região, de acordo com a sua densidade eleitoral. O critério de seleção dos municípios e aplicabilidade das amostras obedece as informações e dados do TRE e IBGE. As entrevistas serão na maior parte efetuadas nos domicílios dos eleitores,após a certificação de que os mesmos votam no Estado e se dispõe a responderem as perguntas apresentadas. Selecionamos 17 dos 22 municípios entre eles estão os seis maiores colégios eleitorais do estado afim de que possamos ter a representatividade necessária, que no cálculo aplicado está na faixa de 75,4% de abrangência do contingente eleitoral Estadual. Para atingirmos os propósitos deste estudo utilizamos a técnica de pesquisa por amostragem, que reside na apreensão sistemática e extensiva das opiniões dos indivíduos inseridos no universo e que integram a realidade a ser investigada. em estudo, pelo cruzamento das respostas obtidas. O universo da pesquisa será constituído pelos eleitores do estado acreano de 
ambos os sexos e faixa etária definida a partir dos 16 anos, integrantes de todas as camadas sócio-econômicas, sem distinção de raça, cor, crenças, naturalidade ou costumes. Para 
garantir a confiabilidade dos resultados, colocamos em campos agentes de instrução nível médios, treinados para o fim específico, supervisionados por chefe de equipe que exigirá, acima de tudo neutralidade nos dados apreendidos. O trabalho terá a duração de seis dias, período de 19 a 24 / 09/ 2014 na totalidade dos municípios, escolhidos e demarcados de acordo com o cronograma, de serviço. Mais (02) dias ininterrupto, será empregado na tarefa de revisão, processamento e tabulação geral, das (1269) questionários, finalizando com a publicação dos dados, salvo assim algum acidente de percurso, que venha naturalmente retardar a coleta de campo. Quanto a estratificação das quotas, consiste em si determinar o bairro ou setores por sorteio, determinando a quantidade de entrevistas para cada agente e o percentual por faixa e sexo tornando assim a amostragem equiprobabilística. EQUIPE: Um grupo de (09) agentes pesquisadores comandado por um supervisor realizarão a coleta de dados em campo, nos bairros e localidades sorteadas, dentre os limites do Estado, coletando assim as entrevistas que devam compor a amostragem prevista. 
";"(PLANO AMOSTRAL E PONDERAÇÃO) Quanto a sexo, idade, grau de instrução e nível econômico do entrevistado, margem de erro e nível de confiança: Este plano foi elaborado com base no contingente populacional pautados diretamente no eleitorado do estado, por tratar-se de um levantamento exclusivo de intenção de voto, com vistas à eleição vindoura. Desta forma, baseado nos dados estatísticos do IBGE selecionamos (17) municípios, como poderá ser observado na tabela de estratificação. Por outro lado, adequamos a escolha dos municípios dentro da proporcionalidade populacional, desta forma todas as regiões geograficamente delimitada, como também poderá ser visto, contempladas conforme sua devida densidade eleitoral, mantendo- se assim a proporção no peso amostral de cada unidade. Assim, a amostragem foi produzida pelos questionamentos feitos à base de entrevistas individuais,em variados municípios e bairros estratificados, tendo como universo da pesquisa, o contingente de eleitores do Estado, dos quais foram retiradas as amostras representativas, obedecendo os critérios em exposição. O Intervalo de confiança é de 96%, o que significa dizer que em(100) trabalho desta natureza, somente (04) poderão apresentar uma variação fora do previsto. Margem de erro: para mais ou menos 2,83% de acordo com a composição amostral. 


";"Sistema interno de controle e verificação, conferência e fiscalização da coleta de dados e do trabalho de campo: DO CONTROLE E VERIFICAÇÃO Como variáveis de controle, seguimos neste trabalho a recomendação da Lei Eleitoral vigente, que estabelece como padrões de controle as variáveis dentro dos percentuais apresentados pelo IBGE nas últimas aferições populacionais. Assim enquadramos dentro da variável de faixa etária os seguintes índice amostrais que influenciarão direto na ponderação desta variável. Juntos Aos eleitores de 16 a 24 anos, serão coletados na faixa de 20,6%, de 25 a 34 anos 25,3%, de 35 a 44 anos 20,5%, de 45 a 59 anos 21,7%, acima de 59 anos 11,9%, perfazendo estas (05) classes, o total de 100% do eleitorado Acreano, entre os aproximadamente 500,000 votantes. Em quotas de sexo, também enquadradas como variável de controle, os atuais percentuais fornecidos pelo TRE-AC apontam para 49,88% de homens e 50,12% de mulheres. Observa-se já uma pequena diferença na maioria dos municípios a favor do sexo feminino, mas que não teremos maiores empenhos, já que o próprio questionário a ser aplicado já segue definido nesta mesma proporção. Quanto a área física em cada município escolhido, serão sorteados bairros, em proporção ao número de amostra de cada unidade, de formas a mapearmos na proporção eqüiprobabilística. Dentre as cinco classes socioeconômicas definidas: A, B, C, D e E, e também o nível de escolaridade dos entrevistados, em número de quatro classes, a saber: Superior completo ou incompleto, fundamental Básico ou primário e analfabeto funcional e semianalfabeto. Predefinidos no rodapé dos questionários também, encaixados dentro das proporções do ultimo senso demográfico, funcionando como variáveis decorrentes. A atividade funcional e religião dos entrevistados não requer qualquer controle, visto que serão elementos somente passíveis de checagem, desta forma, não entram na pauta de controle das informações apreendidas. Na conferencia de questionários e revisão de dados se faz de imediato após a coleta de campo, tendo em vista a relação de telefones, fornecidas por parte do respondente, tendo em vista averiguar possíveis irregularidades na coleta ou mesmo no preenchimento dos dados fornecidos. Evitando assim possíveis manipulações Relação dos Municípios com seus respectivos bairros abrangidos seja de acordo com a catalogação de todas as amostras planejada. Questionário e nomes estimulados (vide cópia anexa). Nota: Embora a amostragem tenha sido enquadrada proporcionalmente nas devidas faixas de controle, no concernente as variáveis de classe socioeconômica e instrução escolar, possa haver sempre oscilações de faixa para faixa, em razão das fontes oficiais estarem sempre desatualizadas e as mudanças serem bastante evolutivas. Assim levamos em conta também dados de trabalhos feito na região, na área de geoprocessamento ao longo de vários anos. Dados relativos aos municípios e bairro abrangidos pela pesquisa. Na ausência de delimitação do bairro, será identificada a área em que foi realizada a pesquisa (conforme inciso 6º do art. 1º, da Resolução. TSE nº. 23.400/2013. 

";"#NULO#"
