"DT_GERACAO";"HH_GERACAO";"AA_ELEICAO";"CD_ELEICAO";"NM_ELEICAO";"SG_UF";"SG_UE";"NM_UE";"NR_PROTOCOLO_REGISTRO";"DT_REGISTRO";"ST_PESQUISA_PROPRIA";"NR_CNPJ_EMPRESA";"NM_EMPRESA";"NM_EMPRESA_FANTASIA";"DS_CARGO";"DT_INICIO_PESQUISA";"DT_FIM_PESQUISA";"QT_ENTREVISTADO";"CD_CONRE";"NM_ESTATISTICO_RESP";"VR_PESQUISA";"DS_METODOLOGIA_PESQUISA";"DS_PLANO_AMOSTRAL";"DS_SISTEMA_CONTROLE";"DS_DADO_MUNICIPIO"
"27/02/2023";"15:36:19";2014;3;"Eleições Gerais 2014";"MG";"MG";"MINAS GERAIS";"MG000062014";"2014-01-21 00:00:00";"#NE";"09283689000183";"PROMÍDIA PESQUISAS DE OPINIÃO PÚBLICA E MARKETING";"#NE";"Governador, Deputado Federal, Deputado Estadual";"2014-01-18 00:00:00";"2014-01-20 00:00:00";220;"7948";"TARCÍSIO DA SILVA";"5500,00";"A abordagem utilizada consiste na aplicação de uma amostragem aleatória representativa da população residente em Capitólio/MG, controlada por três fatores: região geográfica, gênero e faixa etária. As ponderações quanto ao grau de instrução e nível econômico do entrevistado constarão do relatório final. A variável, nível econômico e grau de instrução não serão controlados no trabalho de campo, uma vez que os locais de entrevistas apresentam adequada representação do município e o espaço geográfico por si só já define o espaço social. Na fase de tabulação, compilação e análise dos dados proceder-se-á a uma verificação da relação dos referidos parâmetros, aplicando-se correções estatísticas onde se fizer necessário.

";"Ponderação sexo e idade do entrevistado; Sexo; Masculino 51,4%, Feminino 48,6%; Idade 16 a 17 anos 4,0%, 18 a 24 anos 13,6%, 25 a 29 anos 9,9%, 30 a 39 anos 20,5%, 40 a 49 anos 19,2%, 50 anos ou mais 32,8%. Para um intervalo de confiança de 95% e um tamanho de amostra 220 entrevistas, a margem de erro máxima estimada foi 6,6 pontos percentuais, para mais ou para menos.";"Todos os questionários preenchidos recebem crítica para avaliação da consistência dos dados coletados. 20% dos questionários são separados, aleatoriamente, para ser submetida à conferência através de novos contatos com os entrevistados, medida sempre adotada e que visa garantir a qualidade e fidelidade dos dados coletados. A consistência dos dados é verificada pelo seu conteúdo e lógica. ";"#NULO#"
"27/02/2023";"15:36:19";2014;3;"Eleições Gerais 2014";"MG";"MG";"MINAS GERAIS";"MG000132014";"2014-04-25 00:00:00";"#NE";"13697811000135";"Instituto de Pesquisa Plurimus";"#NE";"Governador, Deputado Federal, Deputado Estadual";"2014-04-25 00:00:00";"2014-04-27 00:00:00";400;"8900";" Carlos Henrique Flores ";"10000,00";" A abordagem utilizada consiste na aplicação de uma amostragem aleatória representativa da população residente na Zona Urbana de Uberaba/MG, controlada por três fatores: região geográfica, gênero e faixa etária. As ponderações quanto ao grau de instrução e nível econômico do entrevistado constarão do relatório final. A variável, nível econômico e grau de instrução não serão controlados no trabalho de campo, uma vez que os locais de entrevistas apresentam adequada representação do município e o espaço geográfico por si só já define o espaço social. Na fase de tabulação, compilação e análise dos dados proceder-se-á a uma verificação da relação dos referidos parâmetros, aplicando-se correções estatísticas onde se fizer necessário. 
";"Ponderação sexo e idade do entrevistado; Sexo; Masculino 46,58%, Feminino 53,32%; Idade 16 a 17 anos 0,71%, 18 a 24 anos 12,82%, 25 a 34 anos 21,86%, 35 a 44 anos 19,03%, 45 a 59 anos 25,66%, 60 a 69 anos 10,52%, 70 anos ou mais 9,4%. Para um intervalo de confiança de 95% e um tamanho de amostra 400 entrevistas, a margem de erro máxima estimada foi 5 (cinco) pontos percentuais, para mais ou para menos, sobre o total encontrado na amostra. ";"Todos os questionários preenchidos recebem crítica para avaliação da consistência dos dados coletados. 20% dos questionários são separados, aleatoriamente, para ser submetida à conferência através de novos contatos com os entrevistados, medida sempre adotada e que visa garantir a qualidade e fidelidade dos dados coletados. A consistência dos dados é verificada pelo seu conteúdo e lógica. 
";"#NULO#"
"27/02/2023";"15:36:19";2014;3;"Eleições Gerais 2014";"MG";"MG";"MINAS GERAIS";"MG000562014";"2014-07-22 00:00:00";"#NE";"00654576000172";",INSTITUTO   VERITÁ   LTDA  epp";"#NE";"Governador, Senador";"2014-07-21 00:00:00";"2014-07-25 00:00:00";3077;"7439 / 6ª Região";"Leonard Mendonça de Assis";"123000,00";"Pesquisa quantitativa, que consiste na realização de entrevistas pessoais, com a aplicação de questionários estruturados e padronizados junto a uma amostra representativa do eleitorado do estado. ";"a) Público pesquisado: Eleitores residentes no Estado de Minas Gerais b) tipo de amostra: A amostragem será realizada da seguinte forma: 1. Estratificação do estado por agrupamento de Microrregiões obedecendo critério geográfico e Porte dos municípios 2. Tamanho de cada estrato foi definido proporcional ao número de domicílios pertencente a cada um destes (Dados obtidos pelos microdados do CENSO Demográfico de 2010, IBGE) 3. Sorteio de Setores Censitários dentro de cada Estrato 4. Seleção das Residências segundo critério de amostragem sistemática 4. Realização de entrevistas domiciliares com sorteio dentre os moradores presentes na residência selecionada, obedecendo um quadro de Idade/Sexo gerado de maneira aleatória por um software estatístico, levando em consideração as proporções de idade e sexo constantes no sitio do TSE para o Estado. Idade e Sexo Faixa Etária	Sexo	 FEMININO MASCULINO 16 A 24 ANOS 8,33%	8,33% 25 A 34 ANOS 11,68%	11,39% 35 A 44 ANOS 9,89%	9,44% 45 A 59 ANOS 12,41%	11,59% 60 ANOS OU MAIS 9,16%	7,79% Nível Econômico Masculino / PEA 82,68% Masculino / Não PEA 17,32% Feminino / PEA 59,69% Feminino / Não PEA 40,31% Nível de Instrução Masculino / Até 5 anos instrução 41,75% Masculino / de 6 a 9 anos de instrução 24,86% Masculino / de 10 a 12 anos de instrução 24,31% Masculino / mais de 12 anos de instrução 9,08% Feminino / Até 5 anos instrução 37,96%% Feminino / de 6 a 9 anos de instrução 21,91% Feminino / de 10 a 12 anos de instrução 27,05% Feminino / mais de 12 anos de instrução 13,07% d) Intervalo de Confiança/Margem de Erro: Para este planejamento amostral, considerando-se um intervalo de confiança de 95%, é esperado um erro máximo de 1,77 pontos percentuais na estimação da proporção das intenções de voto dos candidatos. ";"Para a realização da pesquisa será utilizada uma equipe de entrevistadores e supervisores devidamente treinada para este trabalho. Após os trabalhos de campo, os questionários são submetidos a uma fiscalização que consiste no retorno a campo de 20% dos questionários aplicados individualmente pelos entrevistadores, para verificação das respostas e da adequação dos entrevistados aos parâmetros amostrais. ";"#NULO#"
"27/02/2023";"15:36:19";2014;3;"Eleições Gerais 2014";"MG";"MG";"MINAS GERAIS";"MG000682014";"2014-08-21 00:00:00";"#NE";"65237786000100";"DIVIDADOS INSTITUTO DE PESQUISA OPINIÃO E MERCADO LTDA";"#NE";"Governador, Deputado Federal, Deputado Estadual";"2014-08-02 00:00:00";"2014-08-02 00:00:00";400;"7772";"DENISE MAGRI MENDES";"9900,00";"O presente trabalho constitui-se numa Pesquisa de Opinião de caráter quantitativo(survey). Essa modalidade de pesquisa implica em tratamento estatístico dos dados levantados em campo, com vistas a criar quadros com freqüências das respostas obtidas, para posterior análise e inferências. O presente relatório contém, pois os resultados quantitativos da pesquisa de opinião realizada junto à população do município de Divinópolis-MG, no dia 02 de agosto de 2014. Pretendeu o presente estudo, conhecer a intenção de voto para Presidente, Governador de Minas Gerais, Deputado Federal e Deputado Estadual. nas próximas eleições em outubro de 2014. Para o universo de 152.121 eleitores, de Divinópolis (TSE – 2014), foram realizadas 400 (quatrocentas) entrevistas, o que garantiu, para um intervalo de confiança de 95%, uma margem máxima de erro de 4,9%. Utilizando-se o critério probabilístico por múltiplos estágios a amostra foi distribuída obedecendo a densidade populacional de cada região em que a cidade está subdividida. Em seguida, os entrevistados foram identificados segundo sexo, faixa etária, nível de escolaridade e nível de renda. A técnica utilizada foi o formulário, em razão de termos optado pela entrevista como forma de ir de encontro aos dados de que necessitamos. As vantagens que possui o uso dessa técnica reside na possibilidade de ser utilizada em uma população heterogênea, além de estabelecer rapport devido ao contato pessoal e assim, pela ação do entrevistador, conseguir a colaboração e a seriedade necessárias ao trabalho de investigação. O formulário utilizado foi composto de 11 (onze) perguntas, elaboradas com a necessária vigilância epistemológica. As perguntas constantes do formulário são classificadas tecnicamente como de múltipla escolha, com mostruário fechado e/ou aberto. A técnica utilizada foi a do formulário, em razão de apresentar a vantagem de estabelecer um vínculo direto entre entrevistador e entrevistado, conseguindo assim a colaboração destes últimos e a seriedade nas suas respostas.";" Para o universo de 152.121 eleitores, de Divinópolis (TSE – 2014), foram realizadas 400 (quatrocentas) entrevistas, o que garantiu, para um intervalo de confiança de 95%, uma margem máxima de erro de 4,9%.";"A DIVIDADOS opta por um trabalho de campo diretamente assistido por uma coordenação. Cada grupo de entrevistadores foi conduzido em veículo da empresa diretamente aos locais de coleta de dados, e supervisionados por um coordenador de grupo. Assim, quaisquer eventuais dúvidas, divergências, ou incongruências nas respostas obtidas foram dirimidas imediatamente na própria região de coleta; A digitação, apuração e tabulação dos resultados finais foram realizadas por programas de computador especialmente desenvolvidos pelo nosso corpo técnico.";"#NULO#"
"27/02/2023";"15:36:19";2014;3;"Eleições Gerais 2014";"MG";"MG";"MINAS GERAIS";"MG001062014";"2014-09-13 00:00:00";"#NE";"09028982000102";"Instituto Ver Pesquisa e Comunicação Ltda";"#NE";"Governador, Senador, Deputado Federal, Deputado Estadual";"2014-09-13 00:00:00";"2014-09-14 00:00:00";400;"7822";"Nilson José Batista";"14000,00";"A metodologia utilizada será a pesquisa de opinião quantitativa, com realização de entrevistas pessoais e domiciliares através de questionário estruturado com pesquisadores treinados para o tipo de pesquisa em questão.A pesquisa será realizada entre os dias 13 e 14 de setembro de 2014.";"A amostra para o município (400 entrevistas) será selecionada a partir de quotas amostrais, proporcionais a partir de variáveis significativas, a saber sexo e faixa etária. A amostra será coletada seguindo proporcionalmente a distribuição de homens e mulheres (Masculino 49%; Feminino: 51%) e faixa etária (16 e 17 anos: 1%; 18 a 24 anos: 14%; 25 a 34 anos: 21%; 35 a 44 anos: 18%; 45 a 59 anos: 26%; 60 anos ou mais: 21%) dos eleitores, dados estes fornecidos pelo site do TSE.
O nível econômico é assegurado através do controle das variáveis descritas acima e da dispersão geográfica da amostra.
Devido à metodologia amostral adotada, a pesquisa é auto-ponderada, ou seja, as proporções do universo pesquisado estão previstas na amostra, não sendo necessário nenhum tipo de ponderação quanto à sexo, idade, grau de instrução e nível econômico dos respondentes. 
A margem de erro estimada é de ± 5,0 % e o intervalo de confiança é de 95%.
";"A coleta de dados será realizada entre os dias 13 e 14 de setembro de 2014 por entrevistadores e supervisores contratados pelo Instituto Ver Pesquisa e Comunicação Ltda devidamente treinados para o tipo de trabalho. Serão checados 20% dos questionários realizados por cada entrevistador através de entrevistas pessoais e por telefone para verificação das respostas e da adequação dos entrevistadores aos parâmetros amostrais.";"#NULO#"
"27/02/2023";"15:36:19";2014;3;"Eleições Gerais 2014";"MG";"MG";"MINAS GERAIS";"MG000982014";"2014-09-13 00:00:00";"#NE";"03866435000101";"IPO - INSTITUTO DE PESQUISA DE OPINIÃO E  ASSESSORIA LTDA";"#NE";"Governador, Senador, Deputado Estadual";"2014-09-14 00:00:00";"2014-09-14 00:00:00";400;"9.077";"EDMILSON ANTONIO PEREIRA JUNIOR";"3300,00";"Pesquisa quantitativa, que consiste na realização de entrevistas pessoais, com a aplicação de questionários estruturados e padronizados junto a uma amostra de eleitores do universo pesquisado.";"A amostra de eleitores de Monte Santo de Minas é distribuída de forma a contemplar todas as regiões geográficas do município, a partir de quotas proporcionais ao universo, disponibilizadas pelo site do TSE (Estatísticas Eleitorais 2014), considerando as variáveis: sexo, faixa etária e grau de instrução. Adota-se, assim, a seguinte distribuição: Masculino (50%), Feminino (50%); 16-24 anos (14%), 25-34 anos (20%), 35-44 anos (19%), 45-59 anos (25%), 60 anos ou mais (22%); Analfabeto / Lê e escreve (15%), Ensino fundamental (49%), Ensino médio (32%), Ensino superior (4%) Considerando a amostra de 400 eleitores do município de Monte Santo de Minas/MG, ao nível de 95% de confiança, a margem de erro estimada é de 4,8 pontos percentuais, para mais ou para menos.
";"Trabalho de campo realizado por uma equipe de entrevistadores devidamente treinados e capacitados para a aplicação dos questionários, sempre coordenados por uma pessoa da EMPO. Após a realização das entrevistas é feita a verificação dos questionários das respostas e da adequação dos entrevistados aos parâmetros amostrais, via telefone ou presencial, de 20% dos entrevistados.";"#NULO#"
"27/02/2023";"15:36:19";2014;3;"Eleições Gerais 2014";"MG";"MG";"MINAS GERAIS";"MG001032014";"2014-09-13 00:00:00";"#NE";"03866435000101";"IPO - INSTITUTO DE PESQUISA DE OPINIÃO E  ASSESSORIA LTDA";"#NE";"Governador, Senador, Deputado Federal, Deputado Estadual";"2014-09-18 00:00:00";"2014-09-18 00:00:00";400;"9.077";"EDMILSON ANTONIO PEREIRA JUNIOR";"2500,00";"Pesquisa quantitativa, que consiste na realização de entrevistas pessoais, com a aplicação de questionários estruturados e padronizados junto a uma amostra de eleitores do universo pesquisado.";"A amostra de eleitores de Cabo Verde é distribuída de forma a contemplar todas as regiões geográficas do município, a partir de quotas proporcionais ao universo, disponibilizadas pelo site do TSE (Estatísticas Eleitorais 2014), considerando as variáveis: sexo, faixa etária e grau de instrução. Adota-se, assim, a seguinte distribuição: Masculino (51%), Feminino (49%); 16-24 anos (14%), 25-34 anos (21%), 35-44 anos (20%), 45-59 anos (25%), 60 anos ou mais (20%); Analfabeto / Lê e escreve (17%), Ensino fundamental (53%), Ensino médio (27%), Ensino superior (3%). Considerando a amostra de 400 eleitores do município de Cabo Verde/MG, ao nível de 95% de confiança, a margem de erro estimada é de 4,8 pontos percentuais, para mais ou para menos.
";"Trabalho de campo realizado por uma equipe de entrevistadores devidamente treinados e capacitados para a aplicação dos questionários, sempre coordenados por uma pessoa da EMPO. Após a realização das entrevistas é feita a verificação dos questionários das respostas e da adequação dos entrevistados aos parâmetros amostrais, via telefone ou presencial, de 20% dos entrevistados.";"#NULO#"
"27/02/2023";"15:36:19";2014;3;"Eleições Gerais 2014";"MG";"MG";"MINAS GERAIS";"MG000832014";"2014-09-05 00:00:00";"#NE";"86849395000117";"Sensus Data World Pesquisa e Consultoria S/C Ltda";"#NE";"Governador, Senador";"2014-09-07 00:00:00";"2014-09-10 00:00:00";1500;"8429 / 5ª Região";"Felipe Abrahão Coelho Fantauzzi";"60000,00";"1.500 Entrevistas, ponderadas pelas 12 Regiões do Estado, com o sorteio aleatório de 53 Municípios por representatividade de grupos populacionais. Probabilística sistemática com cotas para Sexo, Idade, Escolaridade e Renda no Setor Censitário.";"a) Ponderação sexo, idade, instrução, nível econômico. Sexo: 48,7% Masculino; 51,3% Feminino. Idade: 4,6% de 16 a 17 anos; 16,2% de 18 a 24 anos; 11,5% de 25 a 29 anos; 20,3% de 30 a 39 anos; 18,0% de 40 a 49 anos; 29,4% 50 anos ou mais. Instrução 34,1% até 4a Série do Ensino Fundamental 22,6% da 5a a 8a Série do Ensino Fundamental; 30,2%% da 1a a 3a Série do Ensino Médio; 13,1% Superior completo ou incompleto. Nível Econômico: 20,9% até 01 SM; 59,9% Mais de 01 até 05 SM; 12,7% Mais 05 até 10 SM; 4,5% Mais de 10 até 20 SM; 1,9% Acima 20 SM. b) Intervalo de Confiança = 95%, Margem de Erro = ± 2,5%";"A equipe de trabalho de campo é formada por entrevistadores e coordenadores. Os entrevistadores aplicam as entrevistas individuais domiciliares em Setores Censitários do IBGE previamente sorteados pelo Instituto, dentro de um prazo pré-definido, enquanto os Coordenadores fiscalizam o trabalho dos Entrevistadores. É atribuição dos Coordenadores: 1) Garantir o cumprimento correto das entrevistas; 2) Anular questionários que não cumpram a amostra através da conferência das cotas; 3) Anular questionários preenchidos e/ou aplicados incorretamente; 4) Fazer cumprir o trabalho de campo dentro do prazo especificado. Após conclusão do trabalho de campo é realizada uma checagem de cerca de 15% dos questionários aplicados, através de verificação in loco: 1) Confirmação da existência do entrevistado; 2) Verificação de cotas (Sexo, Idade, Escolaridade e Renda); 3) Verificação da aplicação integral do questionário.";"Abadia dos Dourados, Andradas, Araguari, Augusto de Lima, Belo Horizonte, Betim, Bom Despacho, Brasília de Minas, Brasópolis, Capitão Enéas, Contagem, Coronel Murta, Diamantina, Divinópolis, Engenheiro Navarro, Frutal, Governador Valadares, Ibiá, Ibirité, Ipatinga, Itabira, Itaguara, Itamogi, Itumirim, Januária, Juatuba, Juiz de Fora, Laranjal, Leopoldina, Matipó, Matozinhos, Montes Claros, Muriaé, Muzambinho, Nova Lima, Oliveira, Paracatu, Passos, Pedro Leopoldo, Pirapetinga, Poços de Caldas, Ribeirão das Neves, Sabinópolis, São Bento Abade, São Gonçalo do Pará, São João del Rei, São Sebastião do Paraíso, Sete Lagoas, Sobrália, Teófilo Otoni, Timóteo, Uberaba e Uberlândia."
"27/02/2023";"15:36:19";2014;3;"Eleições Gerais 2014";"MG";"MG";"MINAS GERAIS";"MG001302014";"2014-09-23 00:00:00";"#NE";"65237786000100";"DIVIDADOS INSTITUTO DE PESQUISA OPINIÃO E MERCADO LTDA";"#NE";"Governador, Senador, Deputado Federal, Deputado Estadual";"2014-09-23 00:00:00";"2014-09-23 00:00:00";400;"7772";"DENISE MAGRI MENDES";"8000,00";"O presente trabalho constitui-se numa Pesquisa de Opinião de caráter quantitativo(survey). Essa modalidade de pesquisa implica em tratamento estatístico dos dados levantados em campo, com vistas a criar quadros com freqüências das respostas obtidas, para posterior análise e inferências. O presente relatório contém, pois os resultados quantitativos da pesquisa de opinião realizada junto aos eleitores de Nova Serrana-MG, no dia 23 de Setembro de 2014. Pretendeu o presente estudo, conhecer a intenção de voto para Presidente, Senador, Governador de Minas Gerais, Deputado Federal e Deputado Estadual, nas próximas eleições em outubro de 2014. Para o universo de 46.365 eleitores, (TSE – 2014), foram realizadas 400 (quatrocentas) entrevistas, o que garantiu, para um intervalo de confiança de 95%, uma margem máxima de erro de 4,9%. Utilizando-se o critério probabilístico por múltiplos estágios a amostra foi distribuída obedecendo a densidade populacional de cada região em que a cidade está subdividida. Em seguida, os entrevistados foram identificados segundo sexo, faixa etária, nível de escolaridade e nível de renda. A técnica utilizada foi o formulário, em razão de termos optado pela entrevista como forma de ir de encontro aos dados de que necessitamos. As vantagens que possui o uso dessa técnica reside na possibilidade de ser utilizada em uma população heterogênea, além de estabelecer rapport devido ao contato pessoal e assim, pela ação do entrevistador, conseguir a colaboração e a seriedade necessárias ao trabalho de investigação. O formulário utilizado foi composto de 13 (Treze) perguntas, elaboradas com a necessária vigilância epistemológica. As perguntas constantes do formulário são classificadas tecnicamente como de múltipla escolha, com mostruário fechado e/ou aberto. ";"Para o universo de 46.365 eleitores, (TSE – 2014), foram realizadas 400 (quatrocentas) entrevistas, o que garantiu, para um intervalo de confiança de 95%, uma margem máxima de erro de 4,9%. ";"A DIVIDADOS opta por um trabalho de campo diretamente assistido por uma coordenação. Cada grupo de entrevistadores foi conduzido em veículo da empresa diretamente aos locais de coleta de dados, e supervisionados por um coordenador de grupo. Assim, quaisquer eventuais dúvidas, divergências, ou incongruências nas respostas obtidas foram dirimidas imediatamente na própria região de coleta; A digitação, apuração e tabulação dos resultados finais foram realizadas por programas de computador especialmente desenvolvidos pelo nosso corpo técnico. ";"#NULO#"
"27/02/2023";"15:36:19";2014;3;"Eleições Gerais 2014";"MG";"MG";"MINAS GERAIS";"MG001322014";"2014-09-23 00:00:00";"#NE";"09283689000183";"PROMÍDIA PESQUISAS DE OPINIÃO PÚBLICA E MARKETING";"#NE";"Governador, Senador, Deputado Federal, Deputado Estadual";"2014-09-19 00:00:00";"2014-09-25 00:00:00";315;"7655 - A";"AUGUSTO DA SILVA ROCHA";"4100,00";"Será adotada a metodologia do tipo “survey”, com entrevistas domiciliares do tipo face-a-face. As entrevistas serão realizadas por meio de cotas proporcionais de acordo com o número de eleitores em cada setor censitário, do sexo, e da idade, de acordo com dados do Censo Demográfico de 2010. Os questionários previamente elaborados de acordo com o objetivo do estudo, realizado por pesquisadores treinados para abordagem desta natureza. Público pesquisado: eleitores residentes e domiciliados no município de Monte Belo/MG.";"O plano amostral consta de quotas proporcionais as existentes no universo de acordo com as variáveis, Região, Sexo, Faixa Etária. Escolaridade e Renda Familiar não são controladas nas quotas. Variável quanto a REGIÃO: proporcional ao setor censitário do IBGE. Variável quanto ao sexo: Masculino 52,7%, Feminino 47,3%. Idade 16 a 17 anos 4,4%, 18 a 24 anos 15,6%, 25 a 29 anos 10,2%, 30 a 39 anos 19,7%, 40 a 49 anos 18,7%, 50 anos ou mais 31,4%. Para um intervalo de confiança de 95% e um tamanho de amostra 315 entrevistas, a margem de erro máxima estimada foi 5,4 pontos percentuais, para mais ou para menos.";"Todos os questionários preenchidos recebem crítica para avaliação da consistência dos dados coletados. 20% dos questionários são separados, aleatoriamente, para ser submetida à conferência através de novos contatos com os entrevistados, medida sempre adotada e que visa garantir a qualidade e fidelidade dos dados coletados. A consistência dos dados é verificada pelo seu conteúdo e lógica. 

";"#NULO#"
"27/02/2023";"15:36:19";2014;3;"Eleições Gerais 2014";"MG";"MG";"MINAS GERAIS";"MG001492014";"2014-09-24 00:00:00";"#NE";"14026979000181";"Instituto de Pesquisas e Sistemas de Marketing Ltda";"#NE";"Governador, Senador, Deputado Federal, Deputado Estadual";"2014-09-27 00:00:00";"2014-09-28 00:00:00";400;"7772";"Denise Nogueira Magri Mendes";"10000,00";"A metodologia compreende a obtenção dos dados através de entrevistas pessoais, no domicílio do entrevistado, em 11 (onze) áreas geográficas e distribuídas proporcionalmente ao número de eleitores de cada uma delas, com a aplicação de questionário estruturado.";"A estratificação da amostra constitui-se de 48% de elementos do sexo masculino e 52% do sexo feminino; 2% de elementos com idade entre 16 e 17 anos, 18% entre 18 e 25 anos, 24% entre 26 e 35 anos, 24% entre 36 e 45 anos, 15% entre 46 e 55 anos, 11% entre 56 e 65 anos e 7% mais de 65 anos de idade; 10% de elementos primário incompleto, 20% primário completo, 25% ginásio completo, 33% colegial completo, 12% superior completo; e, conforme ‘Critério Brasil’ de classificação social, serão entrevistados 1% de elementos da “Classe A1”, 4% como “Classe A2”, 12% como “Classe B1”, 22% como “Classe B2”, 31% como “Classe C1”, 21% como “Classe C2”, 8% como “Classe D” e 1% como “Classe E”. A margem de erro padrão é de 5% para mais ou para menos, com intervalo de confiança estabelecido de 95%.";"A equipe de entrevistadores, supervisores e coordenadores serão devidamente treinados para o projeto em questão. Ao todo, 20% das entrevistas realizadas serão checadas para validação da amostra, diretamente junto aos respondentes, de todas as áreas geográficas pesquisadas. ";"A pesquisa será realizada no perímetro urbano do município de Uberlândia-MG."
"27/02/2023";"15:36:19";2014;3;"Eleições Gerais 2014";"MG";"MG";"MINAS GERAIS";"MG001542014";"2014-09-24 00:00:00";"#NE";"09283689000183";"PROMÍDIA PESQUISAS DE OPINIÃO PÚBLICA E MARKETING";"#NE";"Governador, Senador, Deputado Federal, Deputado Estadual";"2014-09-24 00:00:00";"2014-09-26 00:00:00";216;"7655 - A";"AUGUSTO DA SILVA ROCHA";"3000,00";"Será adotada a metodologia do tipo “survey”, com entrevistas domiciliares do tipo face-a-face. As entrevistas serão realizadas por meio de cotas proporcionais de acordo com o número de eleitores em cada setor censitário, do sexo, e da idade, de acordo com dados do Censo Demográfico de 2010. Os questionários previamente elaborados de acordo com o objetivo do estudo, realizado por pesquisadores treinados para abordagem desta natureza. Público pesquisado: eleitores residentes e domiciliados no município de Cabo Verde/MG.";"O plano amostral consta de quotas proporcionais as existentes no universo de acordo com as variáveis, Região, Sexo, Faixa Etária. Escolaridade e Renda Familiar não são controladas nas quotas. Variável quanto a REGIÃO: proporcional ao setor censitário do IBGE. Variável quanto ao sexo: Masculino 54,6%, Feminino 45,4%. Idade 16 a 17 anos 5,1%, 18 a 24 anos 17,6%, 25 a 29 anos 11,6%, 30 a 39 anos 20,4%, 40 a 49 anos 17,6%, 50 anos ou mais 27,8%. Para um intervalo de confiança de 95% e um tamanho de amostra 216 entrevistas, a margem de erro máxima estimada foi 6,6 pontos percentuais, para mais ou para menos.";"Todos os questionários preenchidos recebem crítica para avaliação da consistência dos dados coletados. 20% dos questionários são separados, aleatoriamente, para ser submetida à conferência através de novos contatos com os entrevistados, medida sempre adotada e que visa garantir a qualidade e fidelidade dos dados coletados. A consistência dos dados é verificada pelo seu conteúdo e lógica. 

";"#NULO#"
"27/02/2023";"15:36:19";2014;3;"Eleições Gerais 2014";"MG";"MG";"MINAS GERAIS";"MG002002014";"2014-09-30 00:00:00";"#NE";"86849395000117";"Sensus Data World Pesquisa e Consultoria S/C Ltda";"#NE";"Governador, Senador";"2014-10-03 00:00:00";"2014-10-04 00:00:00";1500;"8429 / 5ª Região";" Felipe Abrahão Coelho Fantauzzi ";"60000,00";"1.500 Entrevistas, ponderadas pelas 12 Regiões do Estado, com o sorteio aleatório de 53 Municípios por representatividade de grupos populacionais. Probabilística sistemática com cotas para Sexo, Idade, Escolaridade e Renda no Setor Censitário.";"a) Ponderação sexo, idade, instrução, nível econômico. Sexo: 48,7% Masculino; 51,3% Feminino. Idade: 4,6% de 16 a 17 anos; 16,2% de 18 a 24 anos; 11,5% de 25 a 29 anos; 20,3% de 30 a 39 anos; 18,0% de 40 a 49 anos; 29,4% 50 anos ou mais. Instrução 34,1% até 4a Série do Ensino Fundamental 22,6% da 5a a 8a Série do Ensino Fundamental; 30,2%% da 1a a 3a Série do Ensino Médio; 13,1% Superior completo ou incompleto. Nível Econômico: 20,9% até 01 SM; 59,9% Mais de 01 até 05 SM; 12,7% Mais 05 até 10 SM; 4,5% Mais de 10 até 20 SM; 1,9% Acima 20 SM. b) Intervalo de Confiança = 95%, Margem de Erro = ± 2,5% ";"A equipe de trabalho de campo é formada por entrevistadores e coordenadores. Os entrevistadores aplicam as entrevistas individuais domiciliares em Setores Censitários do IBGE previamente sorteados pelo Instituto, dentro de um prazo pré-definido, enquanto os Coordenadores fiscalizam o trabalho dos Entrevistadores. É atribuição dos Coordenadores: 1) Garantir o cumprimento correto das entrevistas; 2) Anular questionários que não cumpram a amostra através da conferência das cotas; 3) Anular questionários preenchidos e/ou aplicados incorretamente; 4) Fazer cumprir o trabalho de campo dentro do prazo especificado. Após conclusão do trabalho de campo é realizada uma checagem de cerca de 15% dos questionários aplicados, através de verificação in loco: 1) Confirmação da existência do entrevistado; 2) Verificação de cotas (Sexo, Idade, Escolaridade e Renda); 3) Verificação da aplicação integral do questionário. ";"#NULO#"
"27/02/2023";"15:36:19";2014;3;"Eleições Gerais 2014";"MG";"MG";"MINAS GERAIS";"MG000242014";"2014-05-21 00:00:00";"#NE";"09283689000183";"PROMÍDIA PESQUISAS DE OPINIÃO PÚBLICA E MARKETING";"#NE";"Governador, Deputado Federal, Deputado Estadual";"2014-05-01 00:00:00";"2014-05-04 00:00:00";206;"7655 - A ";"AUGUSTO DA SILVA ROCHA ";"5500,00";"Será adotada a metodologia do tipo “survey”, com entrevistas domiciliares do tipo face-a-face. As entrevistas serão realizadas por meio de cotas proporcionais de acordo com o número de eleitores em cada setor censitário, do sexo, e da idade, de acordo com dados do Censo Demográfico de 2010. Os questionários previamente elaborados de acordo com o objetivo do estudo, realizado por pesquisadores treinados para abordagem desta natureza. Público pesquisado: eleitores residentes e domiciliados no município de Cana Verde/MG.";"O plano amostral consta de quotas proporcionais as existentes no universo de acordo com as variáveis, Região, Sexo, Faixa Etária. Escolaridade e Renda Familiar não são controladas nas quotas. Variável quanto a REGIÃO: proporcional ao setor censitário do IBGE. Variável quanto ao sexo: Masculino 49,1%, Feminino 50,9%. Idade 16 a 17 anos 9,2%, 18 a 24 anos 10,1%, 25 a 29 anos 11,8%, 30 a 39 anos 19,4%, 40 a 49 anos 16,5%, 50 anos ou mais 33%. Para um intervalo de confiança de 95% e um tamanho de amostra 206 entrevistas, a margem de erro máxima estimada foi 5,6 pontos percentuais, para mais ou para menos.

";"Todos os questionários preenchidos recebem crítica para avaliação da consistência dos dados coletados. 20% dos questionários são separados, aleatoriamente, para ser submetida à conferência através de novos contatos com os entrevistados, medida sempre adotada e que visa garantir a qualidade e fidelidade dos dados coletados. A consistência dos dados é verificada pelo seu conteúdo e lógica. 

";"ÁREA URBANA
ÁREA RURAL"
"27/02/2023";"15:36:19";2014;3;"Eleições Gerais 2014";"MG";"MG";"MINAS GERAIS";"MG000392014";"2014-06-03 00:00:00";"#NE";"00654576000172";",INSTITUTO   VERITÁ   LTDA  epp";"#NE";"Governador, Deputado Federal, Deputado Estadual";"2014-05-26 00:00:00";"2014-05-28 00:00:00";412;"7439 6ª Região";"Leonard Mendonça de Assis";"16500,00";"Pesquisa quantitativa, que consiste na realização de entrevistas pessoais com a aplicação de questionários padronizados e estruturados junto a uma amostra representativa do eleitorado do município de ARAGUARI";"a) Público pesquisado:

Eleitores residentes no perímetro urbano do município

b) tipo de amostra:

A amostragem será realizada da seguinte forma:
1. Estratificação so município por agrupamento de Setores Censitários obedecendo critério geográfico (Agrupamento de bairros conforme divisão do IBGE para o CENSO 2010)
2. Tamanho de cada estrato foi definido proporcional ao número de domicílios pertencente a cada um destes (Dados obtidos pelos microdados do CENSO Demográfico de 2010, IBGE)
3. Seleção das Residências segundo critério de amostragem sistemática
4. Realização de entrevistas domiciliares com sorteio dentre os moradores presentes na residência selecionada, obedecendo um quadro de Idade/Sexo gerado de maneira aleatória por um software estatístico, levando em consideração as proporções de idade e sexo constantes no sitio do TSE para o município.

Idade e Sexo
Masculino 16 A 24 7,78%
Masculino 25 a 34 anos 10,87%
Masculino 35 a 44 anos 9,79%
Masculino 45 a 59 anos 11,98%
Masculino ACIMA DE 60 8,13%
Feminino 16 A 24 7,72%
Feminino 25 a 34 anos 10,84%
Feminino 35 a 44 anos 10,04%
Feminino 45 a 59 anos 12,93%
Feminino ACIMA DE 60 9,92%

Nível Econômico
Masculino / PEA 82,68% Masculino / Não PEA 17,32%
Feminino / PEA 59,69% Feminino / Não PEA 40,31%

Nível de Instrução
Masculino / Até 5 anos instrução 41,75%
Masculino / de 6 a 9 anos de instrução 24,86%
Masculino / de 10 a 12 anos de instrução 24,31%
Masculino / mais de 12 anos de instrução 9,08%
Feminino / Até 5 anos instrução 37,96%
Feminino / de 6 a 9 anos de instrução 21,91%
Feminino / de 10 a 12 anos de instrução 27,05%
Feminino / mais de 12 anos de instrução 13,07%

d) Intervalo de Confiança/Margem de Erro: Para este planejamento amostral, considerando-se um intervalo de confiança de 95%, é esperado um erro máximo de 4,82 pontos percentuais na estimação da proporção das intenções de voto dos candidatos. ";"Para a realização da pesquisa será utilizada uma equipe de entrevistadores e supervisores devidamente treinada para este trabalho. Após os trabalhos de campo, os questionários são submetidos a uma fiscalização que consiste no retorno a campo de 20% dos questionários aplicados individualmente pelos entrevistadores, para verificação das respostas e da adequação dos entrevistados aos parâmetros amostrais. ";"#NULO#"
"27/02/2023";"15:36:19";2014;3;"Eleições Gerais 2014";"MG";"MG";"MINAS GERAIS";"MG000442014";"2014-06-10 00:00:00";"#NE";"09283689000183";"PROMÍDIA PESQUISAS DE OPINIÃO PÚBLICA E MARKETING";"#NE";"Governador, Deputado Federal, Deputado Estadual";"2014-06-08 00:00:00";"2014-06-10 00:00:00";400;"7655 - A";"AUGUSTO DA SILVA ROCHA";"5500,00";"Será adotada a metodologia do tipo “survey”, com entrevistas domiciliares do tipo face-a-face. As entrevistas serão realizadas por meio de cotas proporcionais de acordo com o número de eleitores em cada setor censitário, do sexo, e da idade, de acordo com dados do Censo Demográfico de 2010. Os questionários previamente elaborados de acordo com o objetivo do estudo, realizado por pesquisadores treinados para abordagem desta natureza. Público pesquisado: eleitores residentes e domiciliados no município de Guaxupé/MG.";"O plano amostral consta de quotas proporcionais as existentes no universo de acordo com as variáveis, Região, Sexo, Faixa Etária. Escolaridade e Renda Familiar não são controladas nas quotas. Variável quanto a REGIÃO: proporcional ao setor censitário do IBGE. Variável quanto ao sexo: Masculino 49,3%, Feminino 50,7%. Idade 16 a 17 anos 4%, 18 a 24 anos 14,2%, 25 a 29 anos 9,7%, 30 a 39 anos 17,2%, 40 a 49 anos 16,7%, 50 anos ou mais 38%. Para um intervalo de confiança de 95% e um tamanho de amostra 400 entrevistas, a margem de erro máxima estimada foi 5,0 pontos percentuais, para mais ou para menos.";"Todos os questionários preenchidos recebem crítica para avaliação da consistência dos dados coletados. 20% dos questionários são separados, aleatoriamente, para ser submetida à conferência através de novos contatos com os entrevistados, medida sempre adotada e que visa garantir a qualidade e fidelidade dos dados coletados. A consistência dos dados é verificada pelo seu conteúdo e lógica. 

";"ÁREA URBANA
ÁREA RURAL"
"27/02/2023";"15:36:19";2014;3;"Eleições Gerais 2014";"MG";"MG";"MINAS GERAIS";"MG000482014";"2014-06-23 00:00:00";"#NE";"19090489000168";"MDA PESQUISA DE OPINIÃO PÚBLICA E CONSULTORIA ESTATÍSTICA LTDA";"#NE";"Governador, Senador";"2014-06-22 00:00:00";"2014-06-26 00:00:00";2002;"Série A No. 8109";"Marcelo Costa Souza";"75000,00";"Será adotada a metodologia quantitativa do tipo “survey”, com entrevistas pessoais, do tipo face-a-face por meio da utilização de questionário estruturado, sendo o universo representado pelos eleitores de Minas Gerais.";"O Universo desta pesquisa compreende os eleitores de Minas Gerais com idade a partir de 16 anos, residentes em 10 regiões de planejamento, a saber: Alto Paranaíba, Central, Centro Oeste, Jequitinhonha/Mucuri, Noroeste, Norte, Rio Doce, Sul de Minas, Triângulo e Zona da Mata.
O plano amostral foi delineado a partir de informações disponibilizadas pelo TSE(2014) e IBGE(2013). Inicialmente as entrevistas foram distribuídas de forma proporcional ao eleitorado por região de planejamento. Em seguida, os municípios participantes da amostra foram definidos por meio do método Probabilidade Proporcional ao Tamanho (PPT), sendo que a capital do Estado e as cidades com mais de 500.000 habitantes entraram com probablidade de seleção igual a 1. Ainda neste procedimento, leva-se em conta o controle por porte do município (até 20.000 habitantes, 20.000 a 50.000, 50.000 a 100.000, de 100.000 a 1.000.000 e acima de 1.000.000) de forma proporcional ao eleitorado. Por fim, já no município, é realizada a seleção aleatória de setores censitários ou bairros onde serão alocadas as entrevistas de forma proporcional ao universo em função do gênero e faixa etária do eleitorado.
Para o conjunto da amostra, os tamanhos são: 7,9% de homens com 16 a 24 anos, 11,5% para homens com 25 a 34 anos, 9,8% para homens com 35 a 44 anos, 12,1% para homens com 45 a 59 anos e 7,2% para homens com 60 anos ou mais. 8,0% para mulheres com 16 a 24 anos, 11,8% para mulheres com 25 a 34 anos, 10,3% para mulheres com 35 a 44 anos, 13,0% para mulheres com 45 a 59 anos e 8,4% para mulheres com 60 anos ou mais. As informações sobre nível econômico e escolaridade serão levantadas na própria pesquisa, tendo como controles a dispersão das entrevistas, seleção aleatória de setores censitários e/ou bairros, representatividade por porte do município, unidade da federação e região geográfica. A ponderação prevista para estas variáveis é igual a 1.
Está prevista a realização de 2.002 entrevistas, o que fornece um erro amostral para o resultado total de no máximo 2,2 pontos percentuais considerando grau de confiança de 95%. Os intervalos de confiança serão calculados com base nos percentuais obtidos e com grau de confiança de 95%.
A relação completa dos municípios e bairros pesquisados será encaminhada a esse tribunal após a publicação dos resultados.
";"Os pesquisadores foram treinados especificamente para este projeto, com simulação de entrevistas e discussão de todas as questões. O trabalho de campo é fiscalizado por Coordenadores de Equipe, especialmente treinados para esta tarefa.
As entrevistas são realizadas, em sua maioria, utilizando tablets e questionário eletrônico. Do total dos questionários preenchidos, parte será sorteada de forma aleatória para conferência, via telefone, através de novo contato com o entrevistado, garantindo um mínimo de vinte por cento de checagem. Nesse contato são verificadas respostas fornecidas pelo entrevistado assim como adequação aos parâmetros amostrais previamente definidos. Todos os procedimentos acima são realizados por profissionais especializados e com vasta experiência na condução e controle de pesquisas de opinião.
Todos os pesquisadores elaboram um relatório de campo reportando as características das pesquisas e a percepção dos entrevistados em relação às questões realizadas.
";"A relação completa dos municípios e bairros pesquisados será encaminhada a esse tribunal após a publicação dos resultados."
"27/02/2023";"15:36:19";2014;3;"Eleições Gerais 2014";"MG";"MG";"MINAS GERAIS";"MG000642014";"2014-08-09 00:00:00";"#NE";"20507961000102";"INFO - INSTITUTO DE PESQUISA FOLHA DA MANHÃ";"#NE";"Governador, Senador, Deputado Federal, Deputado Estadual";"2014-08-01 00:00:00";"2014-08-08 00:00:00";600;"7655";"Augusto da Silva Rocha";"12000,00";"A abordagem utilizada consiste na aplicação de uma amostragem aleatória representativa da população residente em PASSOS/MG, ALPINÓPOLIS/MG, PIUMHÍ/MG, ITAÚ DE MINAS/MG e SÃO SEBASTIÃO DO PARAÍSO/MG, com 16 anos ou mais de idade. A amostra é selecionada em dois estágios, sendo que no primeiro faz-se uma divisão da amostra proporcionalmente ao número de habitantes acima de 16 anos de idade dentro de cada área geográfica intra-municipal. No segundo estágio, para cada área geográfica, os respondentes são selecionados respeitando-se quotas proporcionais controladas por região geográfica, sexo e faixa etária, de acordo com o perfil da população em estudo. ";"A margem de erro é de 4,0% para mais ou para menos e o índice de confiança é de 95%. O plano amostral consta de quotas proporcionais as existentes no universo de acordo com as variáveis, Região, Sexo, Faixa Etária. Escolaridade e Renda Familiar não são controladas nas quotas. Variável quanto a REGIÃO: proporcional ao setor censitário do IBGE. Faz-se o resultado após a coleta quanto a FAIXA ETÁRIA: 16 a 24 14,8%; 25 a 34 21,4%; 35 a 44 18,8%; 45 a 59 25,7%; 60 anos ou mais 19,4%; SEXO: masculino 48,3% e feminino 51,7%; Variável quanto a ESCOLARIDADE: Até 1º.Grau Incompleto 51,3% 1º.Grau Completo até 2º. Grau Incompleto 28,8% 2º.Grau Completo até Superior Incompleto 15,6% Superior Completo 4,3% Variável quanto a RENDA FAMILIAR: Até 1 SM 12,4%; Mais de 1 a 2 SM 23,0%; Mais de 2 a 5 SM 42,0%; Mais de 5 a 10 SM 15,0%; Acima de 10 SM 7,6%";"O Sistema interno de controle, verificação, conferência e fiscalização da coleta de dados, do trabalho de campo é assim descrito: durante os trabalhos de campo, 20% das entrevistas são refeitas pelos supervisores das equipes, para checar a veracidade das entrevistas e das respostas registradas pelos entrevistadores. Alem da checagem de 20% das entrevistas (externa),internamente, os dados de diferentes questões são pré-processados e cruzados entre si, permitindo fazer-se a critica dos mesmos, para verificação de eventuais inconsistências, ou seja, se existem conflitos ou contradições as respostas dadas pelos eleitores durante as entrevistas ou eventuais erros dos entrevistadores ao assinalarem aquelas respostas. Caso os testes internos comprovem a ocorrência de inconsistências nas quotas de um dos entrevistadores inferior a 3%, a quota dele é validada, mas as entrevistas comprometidas são excluídas da amostra (para poderem fazer a eventual reposição de entrevistas canceladas neste filtro, em geral, os institutos de pesquisa colhem amostras superiores as registradas), se o número de inconsistências verificado for superior a 3%, o entrevistador é afastado da empresa, a quota de entrevistas feitas por ele é cancelada e a parcela do campo comprometida ( a quota dele) é refeita integralmente. ";"#NULO#"
"27/02/2023";"15:36:19";2014;3;"Eleições Gerais 2014";"MG";"MG";"MINAS GERAIS";"MG000942014";"2014-09-13 00:00:00";"#NE";"14026979000181";"Instituto de Pesquisas e Sistemas de Marketing Ltda";"#NE";"Governador, Senador, Deputado Federal, Deputado Estadual";"2014-09-13 00:00:00";"2014-09-15 00:00:00";400;"7772";"Denise Nogueira Magri Mendes";"10000,00";"A metodologia compreende a obtenção dos dados através de entrevistas pessoais, no domicílio do entrevistado, em 11 (onze) áreas geográficas e distribuídas proporcionalmente ao número de eleitores de cada uma delas, com a aplicação de questionário estruturado.";"A estratificação da amostra constitui-se de 48% de elementos do sexo masculino e 52% do sexo feminino; 2% de elementos com idade entre 16 e 17 anos, 18% entre 18 e 25 anos, 24% entre 26 e 35 anos, 24% entre 36 e 45 anos, 15% entre 46 e 55 anos, 11% entre 56 e 65 anos e 7% mais de 65 anos de idade; 10% de elementos primário incompleto, 20% primário completo, 25% ginásio completo, 33% colegial completo, 12% superior completo; e, conforme ‘Critério Brasil’ de classificação social, serão entrevistados 1% de elementos da “Classe A1”, 4% como “Classe A2”, 12% como “Classe B1”, 22% como “Classe B2”, 31% como “Classe C1”, 21% como “Classe C2”, 8% como “Classe D” e 1% como “Classe E”. A margem de erro padrão é de 5% para mais ou para menos, com intervalo de confiança estabelecido de 95%.";"A equipe de entrevistadores, supervisores e coordenadores serão devidamente treinados para o projeto em questão. Ao todo, 20% das entrevistas realizadas serão checadas para validação da amostra, diretamente junto aos respondentes, de todas as áreas geográficas pesquisadas.";"A pesquisa será realizada no perímetro urbano do município de Uberlândia-MG."
"27/02/2023";"15:36:19";2014;3;"Eleições Gerais 2014";"MG";"MG";"MINAS GERAIS";"MG001292014";"2014-09-23 00:00:00";"#NE";"09283689000183";"PROMÍDIA PESQUISAS DE OPINIÃO PÚBLICA E MARKETING";"#NE";"Governador, Senador, Deputado Federal, Deputado Estadual";"2014-09-19 00:00:00";"2014-09-25 00:00:00";304;"7655 - A";"AUGUSTO DA SILVA ROCHA";"4500,00";"Será adotada a metodologia do tipo “survey”, com entrevistas domiciliares do tipo face-a-face. As entrevistas serão realizadas por meio de cotas proporcionais de acordo com o número de eleitores em cada setor censitário, do sexo, e da idade, de acordo com dados do Censo Demográfico de 2010. Os questionários previamente elaborados de acordo com o objetivo do estudo, realizado por pesquisadores treinados para abordagem desta natureza. Público pesquisado: eleitores residentes e domiciliados no município de Itaú de Minas/MG.";"O plano amostral consta de quotas proporcionais as existentes no universo de acordo com as variáveis, Região, Sexo, Faixa Etária. Escolaridade e Renda Familiar não são controladas nas quotas. Variável quanto a REGIÃO: proporcional ao setor censitário do IBGE. Variável quanto ao sexo: Masculino 49,0%, Feminino 51,0%. Idade 16 a 17 anos 4,3%, 18 a 24 anos 15,8%, 25 a 29 anos 10,2%, 30 a 39 anos 18,4%, 40 a 49 anos 20,4%, 50 anos ou mais 30,9%. Para um intervalo de confiança de 95% e um tamanho de amostra 304 entrevistas, a margem de erro máxima estimada foi 5,5 pontos percentuais, para mais ou para menos.";"Todos os questionários preenchidos recebem crítica para avaliação da consistência dos dados coletados. 20% dos questionários são separados, aleatoriamente, para ser submetida à conferência através de novos contatos com os entrevistados, medida sempre adotada e que visa garantir a qualidade e fidelidade dos dados coletados. A consistência dos dados é verificada pelo seu conteúdo e lógica. 

";"#NULO#"
"27/02/2023";"15:36:19";2014;3;"Eleições Gerais 2014";"MG";"MG";"MINAS GERAIS";"MG001342014";"2014-09-23 00:00:00";"#NE";"09283689000183";"PROMÍDIA PESQUISAS DE OPINIÃO PÚBLICA E MARKETING";"#NE";"Governador, Senador, Deputado Federal, Deputado Estadual";"2014-09-19 00:00:00";"2014-09-25 00:00:00";506;"7655 - A";"AUGUSTO DA SILVA ROCHA";"4800,00";"Será adotada a metodologia do tipo “survey”, com entrevistas domiciliares do tipo face-a-face. As entrevistas serão realizadas por meio de cotas proporcionais de acordo com o número de eleitores em cada setor censitário, do sexo, e da idade, de acordo com dados do Censo Demográfico de 2010. Os questionários previamente elaborados de acordo com o objetivo do estudo, realizado por pesquisadores treinados para abordagem desta natureza. Público pesquisado: eleitores residentes e domiciliados no município de Muzambinho/MG.";"O plano amostral consta de quotas proporcionais as existentes no universo de acordo com as variáveis, Região, Sexo, Faixa Etária. Escolaridade e Renda Familiar não são controladas nas quotas. Variável quanto a REGIÃO: proporcional ao setor censitário do IBGE. Variável quanto ao sexo: Masculino 50,0%, Feminino 50,0%. Idade 16 a 17 anos 3,8%, 18 a 24 anos 14,8%, 25 a 29 anos 11,1%, 30 a 39 anos 19,2%, 40 a 49 anos 18,8%, 50 anos ou mais 32,3%. Para um intervalo de confiança de 95% e um tamanho de amostra 506 entrevistas, a margem de erro máxima estimada foi 4,3 pontos percentuais, para mais ou para menos.";"Todos os questionários preenchidos recebem crítica para avaliação da consistência dos dados coletados. 20% dos questionários são separados, aleatoriamente, para ser submetida à conferência através de novos contatos com os entrevistados, medida sempre adotada e que visa garantir a qualidade e fidelidade dos dados coletados. A consistência dos dados é verificada pelo seu conteúdo e lógica. 

";"#NULO#"
"27/02/2023";"15:36:19";2014;3;"Eleições Gerais 2014";"MG";"MG";"MINAS GERAIS";"MG001462014";"2014-09-23 00:00:00";"#NE";"09283689000183";"PROMÍDIA PESQUISAS DE OPINIÃO PÚBLICA E MARKETING";"#NE";"Governador, Senador, Deputado Federal, Deputado Estadual";"2014-09-24 00:00:00";"2014-09-26 00:00:00";505;"7655 - A";"AUGUSTO DA SILVA ROCHA";"5500,00";"Pesquisa quantitativa, que consiste na realização de entrevistas pessoais, com a aplicação de questionários estruturados e padronizados junto a uma amostra representativa do eleitorado do município de São Sebastião do Paraíso - MG";"A ponderação por gênero, faixa etária caso se baseará nas seguintes probabilidades de seleção, calculadas com base em dados fornecidos pelo TSE, 16 A 24 ANOS; 8,24% / MASCULINO, 16 A 24 ANOS; 7,84% FEMININO, 25 A 34 ANOS; 11,41% / MASCULINO, 25 A 34 ANOS; 10,58% FEMININO, 35 A 44 ANOS; 9,35% / MASCULINO, 35 A 44 ANOS; 9,06% FEMININO, 45 A 59 ANOS; 12,89% / MASCULINO, 45 A 59 ANOS; 11,78% FEMININO, 60 ANOS OU MAIS; 9,99% / MASCULINO, 60 ANOS OU MAIS; 8,86%, Referente à escolaridade e ao nível econômico não são controladas nas quotas. Intervalo de Confiança/Margem de Erro: Para este planejamento amostral, considerando-se um intervalo de confiança de 95%, é esperado um erro máximo de 4,4 pontos percentuais para mais ou para menos.";"Todos os questionários preenchidos recebem crítica para avaliação da consistência dos dados coletados. 20% dos questionários são separados, aleatoriamente, para ser submetida à conferência através de novos contatos com os entrevistados, medida sempre adotada e que visa garantir a qualidade e fidelidade dos dados coletados. A consistência dos dados é verificada pelo seu conteúdo e lógica. ";"#NULO#"
"27/02/2023";"15:36:19";2014;3;"Eleições Gerais 2014";"MG";"MG";"MINAS GERAIS";"MG001532014";"2014-09-24 00:00:00";"#NE";"09283689000183";"PROMÍDIA PESQUISAS DE OPINIÃO PÚBLICA E MARKETING";"#NE";"Governador, Senador, Deputado Federal, Deputado Estadual";"2014-09-24 00:00:00";"2014-09-26 00:00:00";506;"7655 - A";"AUGUSTO DA SILVA ROCHA";"3000,00";"Será adotada a metodologia do tipo “survey”, com entrevistas domiciliares do tipo face-a-face. As entrevistas serão realizadas por meio de cotas proporcionais de acordo com o número de eleitores em cada setor censitário, do sexo, e da idade, de acordo com dados do Censo Demográfico de 2010. Os questionários previamente elaborados de acordo com o objetivo do estudo, realizado por pesquisadores treinados para abordagem desta natureza. Público pesquisado: eleitores residentes e domiciliados no município de Muzambinho/MG.";"O plano amostral consta de quotas proporcionais as existentes no universo de acordo com as variáveis, Região, Sexo, Faixa Etária. Escolaridade e Renda Familiar não são controladas nas quotas. Variável quanto a REGIÃO: proporcional ao setor censitário do IBGE. Variável quanto ao sexo: Masculino 50,0%, Feminino 50,0%. Idade 16 a 17 anos 3,8%, 18 a 24 anos 14,8%, 25 a 29 anos 11,1%, 30 a 39 anos 19,2%, 40 a 49 anos 18,8%, 50 anos ou mais 32,3%. Para um intervalo de confiança de 95% e um tamanho de amostra 506 entrevistas, a margem de erro máxima estimada foi 4,3 pontos percentuais, para mais ou para menos.";"Todos os questionários preenchidos recebem crítica para avaliação da consistência dos dados coletados. 20% dos questionários são separados, aleatoriamente, para ser submetida à conferência através de novos contatos com os entrevistados, medida sempre adotada e que visa garantir a qualidade e fidelidade dos dados coletados. A consistência dos dados é verificada pelo seu conteúdo e lógica. 

";"#NULO#"
"27/02/2023";"15:36:19";2014;3;"Eleições Gerais 2014";"MG";"MG";"MINAS GERAIS";"MG001662014";"2014-09-26 00:00:00";"#NE";"06154093000195";"Multidados comunicação Ltda";"#NE";"Governador, Senador";"2014-09-27 00:00:00";"2014-09-28 00:00:00";305;"7683";"ELMO HENRIQUE DE MORAES";"3000,00";"MUNICÍPIO DE VESPASIANO. Pesquisa quantitativa, que consiste na realização de entrevistas pessoais, com a aplicação de questionários estruturados e padronizados junto a uma amostra representativa do eleitorado do município de VESPASIANO, ESTADO DE MINAS GERAIS.  O conjunto do eleitorado com 16 anos ou mais foi tomado como universo da pesquisa.";"Plano Amostral: MUNICÍPIO DE VESPASIANO, ESTADO DE MINAS GERAIS 
A. PÚBLICO PESQUISADO: Eleitores da cidade de VESPASIANO, município do Estado de Minas Gerais, onde a localidade foi dividida em regiões geográficas baseadas conforme o índice populacional do censo 2010 distribuído pelo IBGE.
B. TIPO DE AMOSTRA: A amostra é estratificada por cotas e representativa para o conjunto dos eleitores do município de VESPASIANO, Estado de Minas Gerais. A amostra foi selecionada em três partes: 
1º parte: Seleção probabilística das regiões, através do método PPT (Probabilidade Proporcional ao Tamanho), tomando como base o número de eleitores de cada região do município. 
2º parte: Seleção aleatória dos setores censitários ou bairros dentro do município; 
3º parte: A seleção dos respondentes é feita dentro dos setores censitários, regiões ou bairros do município através quotas proporcionais de sexo, idade, escolaridade e renda familiar de acordo com o perfil da população em estudo no município.
As entrevistas são pessoais e possuem como base a fonte de dados do IBGE através do Censo 2010 e PNAD 2012, além do Cadastro de Eleitores 2014 do TSE. 
C. TAMANHO DA AMOSTRA: 305 entrevistas. 
D. PONDERAÇÃO: Devido à metodologia amostral adotada as proporções quanto a sexo, idade, escolaridade e renda familiar da amostra são as mesmas do universo pesquisado, com base no Censo Demográfico de 2010, IBGE e no Cadastro de Eleitores 2014 do TSE. Portanto, os fatores de ponderação a serem aplicados nas variáveis de sexo, idade, escolaridade e renda familiar assumem valor igual a 1(um). 
E. ÁREA FÍSICA DE REALIZAÇÃO DA PESQUISA: A ser informada e fornecida conforme artigo 2º, inciso X 5º § da Resolução 23.400 do Tribunal Superior Eleitoral TSE datada de 27 de dezembro de 2013. 
F. INTERVALO DE CONFIANÇA/MARGEM DE ERRO: O intervalo de confiança estimado é de 95% e a margem de erro máxima estimada é de 3,8 pontos percentuais para mais ou para menos sobre os resultados. 
";"As regiões da cidade de VESPASIANO, município do Estado de Minas Gerais são verificados em relação a consistência dos dados, analisado individualmente cada entrevista realizada. Todo trabalho é feito em tabletes ou questionários eletrônicos e o programa utiliza numero fixos para todas as perguntas apresentadas. O sistema também utiliza dois códigos extras, o “97”, quando o entrevistado coloca nenhuma ou que vota em branco ou nulo. O outro código extra é o “98” que significa respostas indecisas, eleitores que não sabem ou que não responderam. Os códigos extras não podem ser aplicados nas perguntas básicas: Número do questionário, região, município, sexo, idade, escolaridade e renda familiar. O próprio questionário padrão a Multidados já apresenta os códigos que podem ser aplicados a cada pergunta. Outras respostas apresentadas pelo entrevistado recebem o código “98”. O programa do questionário Multidados não permite duas respostas numa mesma pergunta. Checagem: Logo após a realização da coleta de dados, é feito o trabalho de checagem das entrevistas junto aos respondentes. O objetivo é, sobretudo, garantir que as entrevistas foram realmente realizadas e verificadas. Há perguntas do questionário que são reproduzidas para certificarmos de sua correta aplicação e há outras questões que se referem exclusivamente ao desempenho do entrevistador(a). Para a realização da pesquisa será utilizada uma equipe de entrevistadores devidamente treinada para este trabalho. Após os trabalhos de campo, os questionários são submetidos a uma fiscalização que consiste na checagem de 10% dos questionários aplicados individualmente pelos entrevistadores, para verificação das respostas e da adequação dos entrevistados aos parâmetros amostrais. ";"A área de abrangência da coleta é a cidade de VESPASIANO, município do Estado de Minas Gerais. A Relação de regiões e bairros selecionados para aplicação da amostra será apresentada até o 7º dia seguinte ao Registro da pesquisa, conforme expresso no art. 2º § 5º da resolução 23.400/2013 do TSE."
"27/02/2023";"15:36:19";2014;3;"Eleições Gerais 2014";"MG";"MG";"MINAS GERAIS";"MG001552014";"2014-09-24 00:00:00";"#NE";"00654576000172";",INSTITUTO   VERITÁ   LTDA  epp";"#NE";"Governador, Senador, Deputado Federal, Deputado Estadual";"2014-09-26 00:00:00";"2014-09-28 00:00:00";1630;"7439 / 6ª Região";"Leonard Mendonça de Assis";"30000,00";"Pesquisa quantitativa, que consiste na realização de entrevistas pessoais, com a aplicação de questionários estruturados e padronizados junto a uma amostra representativa do eleitorado do município de Uberlândia ";"a) Público pesquisado: Eleitores residentes em UBERLÂNDIA e inscritos para votar no estado de MINAS GERAIS b) Área física: Perímetro urbano do município de Uberlândia/MG c) tipo de amostra: A amostragem será realizada da seguinte forma: 1. Estratificação do município por agrupamento de bairros obedecendo critério geográfico 2. Tamanho de cada estrato foi definido proporcional ao número de eleitores inscritos em cada um destes 3. Divisão em estratos será proporcional ao número de eleitores contidos em cada um destes 4. Seleção dos entrevistados utilizando entrevistas domiciliares obedecendo um quadro de idade e sexo gerado de maneira aleatória por um software estatístico, usando as proporções de idade e sexo descritas neste plano 5. Está prevista adoção de entrevistas em locais de trabalho ou em pontos de fluxo. Estes serão utilizados onde os locais sorteados não permitam adoção de entrevistas domiciliares d)Ponderação: Esta pesquisa é autoponderada (peso = 1), obedecendo as proporções descritas a seguir: SEXO: FEMININO 52,41% / MASCULINO 47,59% Idade FEMININO 16 A 24 ANOS 15,45% FEMININO 25 A 34 ANOS 23,81% FEMININO 35 A 44 ANOS 20,35% FEMININO 45 A 59 ANOS 25,17% FEMININO 60 ANOS OU MAIS 15,21% MASCULINO 16 A 24 ANOS 16,51% MASCULINO 25 A 34 ANOS 24,85% MASCULINO 35 A 44 ANOS 20,85% MASCULINO 45 A 59 ANOS 24,05% MASCULINO 60 ANOS OU MAIS 13,74% Também está prevista ponderação por nivel econômico e instrução, obedecendo as proporções descritas a seguir: Nível Econômico FEMININO Não PEA 47,21% FEMININO PEA 52,79% MASCULINO Não PEA 28,06% MASCULINO PEA 71,94% Nível de Instrução FEMININO Analfabeto até Ensino Médio incompleto 63,58% FEMININO Ensino médio completo, superior ou mais 36,42% MASCULINO Analfabeto até Ensino Médio incompleto 70,15% MASCULINO Ensino médio completo, superior ou mais 29,85% e) Intervalo de Confiança/Margem de Erro: Para este planejamento amostral, considerando-se um intervalo de confiança de 95%, é esperado um erro máximo de 2.5 pontos percentuais na estimação da proporção das intenções de voto dos candidatos. ";"Para a realização da pesquisa será utilizada uma equipe de entrevistadores e supervisores devidamente treinada para este trabalho. Após os trabalhos de campo, os questionários são submetidos a uma fiscalização que consiste no retorno a campo de 20% dos questionários aplicados individualmente pelos entrevistadores, para verificação das respostas e da adequação dos entrevistados aos parâmetros amostrais. ";"#NULO#"
"27/02/2023";"15:36:19";2014;3;"Eleições Gerais 2014";"MG";"MG";"MINAS GERAIS";"MG000872014";"2014-09-09 00:00:00";"#NE";"00654576000172";",INSTITUTO   VERITÁ   LTDA  epp";"#NE";"Governador, Senador";"2014-09-11 00:00:00";"2014-09-14 00:00:00";3077;"7439 / 6ª Região";"Leonard Mendonça de Assis";"100000,00";" Pesquisa quantitativa, que consiste na realização de entrevistas pessoais, com a aplicação de questionários estruturados e padronizados junto a uma amostra representativa do eleitorado do estado";"a) Público pesquisado: 
Eleitores residentes e inscritos para votar no estado de Minas Gerais
b) Área física:
 Estado de Minas Gerais
 
c) tipo de amostra:
A amostragem será realizada da seguinte forma:
1. Estratificação do estado por agrupamento de Microrregiões obedecendo critério geográfico e Porte dos municípios
2. Tamanho de cada estrato foi definido proporcional ao número de eleitores inscritos em cada um destes 
3. Divisão em estratos contendo aproximadamente o mesmo número de eleitores
4. Seleção dos entrevistados utilizando entrevistas domiciliares obedecendo um quadro de idade e sexo gerado de maneira aleatória por um software estatístico, usando as proporções de idade e sexo descritas neste plano
5. Está prevista adoção de entrevistas em locais de trabalho ou em pontos de fluxo. Estes serão utilizados onde os locais sorteados não permitam adoção de entrevistas domiciliares

d)Ponderação:
Esta pesquisa é autoponderada (peso = 1), obedecendo as proporções descritas a seguir:

SEXO:
FEMININO 51,46% / MASCULINO 48,54%

Idade
 FEMININO 	 16 A 24 ANOS 	16,19%
 FEMININO 	 25 A 34 ANOS 	22,69%
 FEMININO 	 35 A 44 ANOS 	19,22%
 FEMININO 	 45 A 59 ANOS 	24,11%
 FEMININO 	 60 ANOS OU MAIS 	17,80%
 MASCULINO 	 16 A 24 ANOS 	17,16%
 MASCULINO 	 25 A 34 ANOS 	23,47%
 MASCULINO 	 35 A 44 ANOS 	19,45%
 MASCULINO 	 45 A 59 ANOS 	23,87%
 MASCULINO 	 60 ANOS OU MAIS 	16,05%

Também está prevista ponderação por nivel econômico e instrução, obedecendo as proporções descritas a seguir:
Nível Econômico
FEMININO	Não PEA	47,21%
FEMININO	PEA	52,79%
MASCULINO	Não PEA	28,06%
MASCULINO	PEA	71,94%

Nível de Instrução
FEMININO	Analfabeto até Ensino Médio incompleto	63,58%
FEMININO	Ensino médio completo, superior ou mais	36,42%
MASCULINO	Analfabeto até Ensino Médio incompleto	70,15%
MASCULINO	Ensino médio completo, superior ou mais	29,85%

e) Intervalo de Confiança/Margem de Erro:
Para este planejamento amostral, considerando-se um intervalo de confiança de 95%, é esperado um erro máximo de 1,77 pontos percentuais na estimação da proporção das intenções de voto dos candidatos. 
";"Para a realização da pesquisa será utilizada uma equipe de entrevistadores e supervisores devidamente treinada para este trabalho. Após os trabalhos de campo, os questionários são submetidos a uma fiscalização que consiste no retorno a campo de 20% dos questionários aplicados individualmente pelos entrevistadores, para verificação das respostas e da adequação dos entrevistados aos parâmetros amostrais. ";"#NULO#"
"27/02/2023";"15:36:19";2014;3;"Eleições Gerais 2014";"MG";"MG";"MINAS GERAIS";"MG000492014";"2014-06-27 00:00:00";"#NE";"00654576000172";",INSTITUTO   VERITÁ   LTDA  epp";"#NE";"Governador, Deputado Federal, Deputado Estadual";"2014-06-26 00:00:00";"2014-06-30 00:00:00";1060;"7439 / 6ª Região";"Leonard Mendonça de Assis";"42500,00";"Pesquisa quantitativa, que consiste na realização de entrevistas pessoais com a aplicação de questionários padronizados e estruturados junto a uma amostra representativa do eleitorado do município de UBERLÂNDIA ";" a) Público pesquisado: Eleitores residentes no perímetro urbano do município b) tipo de amostra: A amostragem será realizada da seguinte forma: 1. Estratificação do município por agrupamento de Setores Censitários obedecendo critério geográfico (Agrupamento de bairros conforme divisão do IBGE para o CENSO 2010) 2. Tamanho de cada estrato foi definido proporcional ao número de domicílios pertencente a cada um destes (Dados obtidos pelos microdados do CENSO Demográfico de 2010, IBGE) 3. Seleção das Residências segundo critério de amostragem sistemática 4. Realização de entrevistas domiciliares com sorteio dentre os moradores presentes na residência selecionada, obedecendo um quadro de Idade/Sexo gerado de maneira aleatória por um software estatístico, levando em consideração as proporções de idade e sexo constantes no sitio do TSE para o município. Idade e Sexo FEMININO, 16 A 24 ANOS; 8,1% FEMININO, 25 A 34 ANOS; 12,48% FEMININO, 35 A 44 ANOS; 10,67% FEMININO, 45 A 59 ANOS; 13,19% FEMININO, 60 ANOS OU MAIS; 7,97% MASCULINO, 16 A 24 ANOS; 7,86% MASCULINO, 25 A 34 ANOS; 11,83% MASCULINO, 35 A 44 ANOS; 9,92% MASCULINO, 45 A 59 ANOS; 11,45% MASCULINO, 60 ANOS OU MAIS; 6,54% Nível Econômico Masculino / PEA 82,68% Masculino / Não PEA 17,32% Feminino / PEA 59,69% Feminino / Não PEA 40,31% Nível de Instrução Masculino / Até 5 anos instrução 41,75% Masculino / de 6 a 9 anos de instrução 24,86% Masculino / de 10 a 12 anos de instrução 24,31% Masculino / mais de 12 anos de instrução 9,08% Feminino / Até 5 anos instrução 37,96% Feminino / de 6 a 9 anos de instrução 21,91% Feminino / de 10 a 12 anos de instrução 27,05% Feminino / mais de 12 anos de instrução 13,07% d) Intervalo de Confiança/Margem de Erro: Para este planejamento amostral, considerando-se um intervalo de confiança de 95%, é esperado um erro máximo de 3,01 pontos percentuais na estimação da proporção das intenções de voto dos candidatos. ";"será utilizada uma equipe de entrevistadores e supervisores devidamente treinada para este trabalho. Após os trabalhos de campo, os questionários são submetidos a uma fiscalização que consiste no retorno a campo de 20% dos questionários aplicados individualmente pelos entrevistadores, para verificação das respostas e da adequação dos entrevistados aos parâmetros amostrais. ";"#NULO#"
"27/02/2023";"15:36:19";2014;3;"Eleições Gerais 2014";"MG";"MG";"MINAS GERAIS";"MG000152014";"2014-05-19 00:00:00";"#NE";"00654576000172";",INSTITUTO   VERITÁ   LTDA  epp";"#NE";"Governador, Deputado Federal, Deputado Estadual";"2014-05-15 00:00:00";"2014-05-18 00:00:00";413;"7439 /6ª Região";"Leonard Mendonça de Assis";"17000,00";"Pesquisa quantitativa, que consiste na realização de entrevistas pessoais com a aplicação de questionários padronizados e estruturados junto a uma amostra representativa do eleitorado do município de ITUIUTABA";"a) Público pesquisado: Eleitores residentes no perímetro urbano do município
b) tipo de amostra: A amostragem será realizada da seguinte forma:
1. Estratificação so município por agrupamento de Setores Censitários obedecendo critério geográfico (Agrupamento de bairros conforme divisão do IBGE para o CENSO 2010)
2. Tamanho de cada estrato foi definido proporcional ao número de domicílios pertencente a cada um destes (Dados obtidos pelos microdados do CENSO Demográfico de 2010, IBGE)
3. Seleção das Residências segundo critério de amostragem sistemática
4. Realização de entrevistas domiciliares com sorteio dentre os moradores presentes na residência selecionada, obedecendo um quadro de Idade/Sexo gerado de maneira aleatória por um software estatístico, levando em consideração as proporções de idade e sexo constantes no sitio do TSE para o município.

Idade e Sexo

Masculino 16 A 24 7,26%
Masculino 25 a 34 anos 9,67%
Masculino 35 a 44 anos 9,08%
Masculino 45 a 59 anos 11,63%
Masculino ACIMA DE 60 10%
Feminino 16 A 24 7,56%
Feminino 25 a 34 anos 10,21%
Feminino 35 a 44 anos 9,92%
Feminino 45 a 59 anos 13,2%
Feminino ACIMA DE 60 11,46%

Nível Econômico

Masculino / PEA 82,68%
Masculino / Não PEA 17,32%
Feminino / PEA 59,69%
Feminino / Não PEA 40,31%

Nível de Instrução
Masculino / Até 5 anos instrução 41,75%
Masculino / de 6 a 9 anos de instrução 24,86%
Masculino / de 10 a 12 anos de instrução 24,31%
Masculino / mais de 12 anos de instrução 9,08%
Feminino / Até 5 anos instrução 37,96%%
Feminino / de 6 a 9 anos de instrução 21,91%
Feminino / de 10 a 12 anos de instrução 27,05%
Feminino / mais de 12 anos de instrução 13,07%

d) Intervalo de Confiança/Margem de Erro: Para este planejamento amostral, considerando-se um intervalo de confiança de 95%, é esperado um erro máximo de 4,82 pontos percentuais na estimação da proporção das intenções de voto dos candidatos.";" Para a realização da pesquisa será utilizada uma equipe de entrevistadores e supervisores devidamente treinada para este trabalho. Após os trabalhos de campo, os questionários são submetidos a uma fiscalização que consiste no retorno a campo de 20% dos questionários aplicados individualmente pelos entrevistadores, para verificação das respostas e da adequação dos entrevistados aos parâmetros amostrais.
";"#NULO#"
"27/02/2023";"15:36:19";2014;3;"Eleições Gerais 2014";"MG";"MG";"MINAS GERAIS";"MG000752014";"2014-08-29 00:00:00";"#NE";"07630546000175";"DATAFOLHA INSTITUTO DE PESQUISAS LTDA.";"#NE";"Governador, Senador";"2014-09-02 00:00:00";"2014-09-03 00:00:00";1248;"72.49A";"Renata Nunes César";"145800,00";"Pesquisa do tipo quantitativo, por amostragem, com aplicação de questionário estruturado e abordagem pessoal em pontos de fluxo populacional. O conjunto do eleitorado do Estado de Minas Gerais com 16 anos ou mais foi tomado como universo da pesquisa.";"Universo: Eleitorado do Estado de Minas Gerais, com 16 anos ou mais. Tamanho da amostra: A amostra prevista é de 1.248 entrevistas. Técnica de amostragem: A amostra é estratificada por porte dos municípios e natureza dos municípios (região metropolitana ou interior). Em cada estrato, num primeiro estágio, são sorteados os municípios que farão parte do levantamento. Num segundo estágio, são sorteados os bairros e pontos de abordagem onde serão aplicadas as entrevistas.  Por fim, os entrevistados são selecionados aleatoriamente para responder ao questionário, de acordo com cotas de sexo e faixa etária. Nessa amostra, o estrato referente à capital foi desproporcionalizado para permitir detalhamento. Nos resultados finais, as corretas proporções serão restabelecidas através de ponderação. A amostra prevista é de 1.248 questionários, sendo 416 na capital. Os dados utilizados para definição e seleção da amostra são baseados no TSE (eleitorado julho 2014) e IBGE (Censo 2010 e Estimativas 2013). Os dados relativos a sexo e faixa etária são: Sexo masculino 48%, feminino: 52%, 16 a 24 anos 15%, 25 a 34 anos 22%, 35 a 44 anos 20%, 45 a 59 anos 25% e 60 anos ou mais 18%. Ponderação dos resultados: No processamento dos dados é realizada ponderação referente à proporção de cada cidade na amostra para correta representação. Está prevista a eventual ponderação para correção nos tamanhos dos segmentos da tabela acima considerando as variáveis sexo e faixa etária. Para as variáveis grau de instrução e nível econômico do entrevistado (renda familiar mensal), o fator previsto para ponderação é 1 (resultados obtidos em campo). Área física: Serão realizadas entrevistas em 50 municípios, localizados no Estado de Minas Gerais. Margem de Erro: A margem de erro máxima prevista é de 3 pontos percentuais para mais ou para menos, considerando um nível de confiança de 95%. Os intervalos de confiança serão calculados considerando os resultados obtidos para um nível de confiança de 95%.";"Os pesquisadores envolvidos na realização desta pesquisa são treinados pelo Instituto e recebem instruções específicas para cada projeto realizado. A maior parte da coleta será feita com a utilização de tablet e questionário eletrônico. São checados, no mínimo, 30% dos questionários de cada pesquisador, seja in loco por supervisores de campo ou, posteriormente, por telefone. Internamente, todo o material é verificado e codificado. Antes do processamento final e emissão dos resultados, realiza-se processo de consistência dos dados.";"A relação completa dos municípios e bairros pesquisados será encaminhada a esse tribunal posteriormente, até o sétimo dia seguinte à data de registro da pesquisa, conforme a Resolução 23.400/2013 do TSE, no art.2º §5º."
"27/02/2023";"15:36:19";2014;3;"Eleições Gerais 2014";"MG";"MG";"MINAS GERAIS";"MG000922014";"2014-09-11 00:00:00";"#NE";"68802370000186";"IBOPE INTELIGÊNCIA PESQUISA E CONSULTORIA LTDA. ";"#NE";"Governador, Senador";"2014-09-11 00:00:00";"2014-09-16 00:00:00";2002;"6208-A";"Márcia Cavallari Nunes";"133933,80";"Pesquisa quantitativa, que consiste na realização de entrevistas pessoais com a aplicação de questionário estruturado junto a uma amostra representativa do eleitorado em estudo.";"Representativa do eleitorado da área em estudo, elaborada em três estágios.
No primeiro estágio faz-se um sorteio probabilístico dos municípios, onde as entrevistas serão realizadas, pelo método PPT (Probabilidade Proporcional ao Tamanho), tomando o eleitorado como base para tal seleção.
No segundo estágio faz-se um sorteio probabilístico dos setores censitários, onde as entrevistas serão realizadas, pelo método PPT (Probabilidade Proporcional ao Tamanho), tomando a população de 16 anos ou mais residente nos setores como base para tal seleção. No terceiro e último estágio, dentro dos setores sorteados, os respondentes são selecionados através de quotas amostrais proporcionais em função de variáveis significativas, a saber: IDADE: 16-24 (masculino) 19% (feminino) 18%; 25-34 (masculino) 25% (feminino) 25%; 35-44 (masculino) 20% (feminino) 20%; 45-54 (masculino) 17% (feminino) 18%; 55 e+ (masculino) 18% (feminino) 20%; INSTRUÇÃO: Até Ensino Médio (masculino) 85% (feminino) 80%; Ensino Superior (masculino) 15% (feminino) 20%; NÍVEL ECONÔMICO: Economicamente ativo (masculino) 82% (feminino) 60%; Não Economicamente ativo (masculino) 18% (feminino) 40%. 
Está prevista eventual ponderação para correção das variáveis sexo e idade, com base nos percentuais anteriormente mencionados, caso ocorram diferenças superiores a 3 pontos percentuais entre o previsto na amostra e a coleta de dados realizada. Para as variáveis de grau de instrução e nível econômico do entrevistado, o fator previsto para ponderação é 1 (resultados obtidos em campo). O nível de confiança estimado é de 95% e a margem de erro máxima estimada considerando um modelo de amostragem aleatório simples, é de 2 (dois) pontos percentuais para mais ou para menos sobre os resultados encontrados no total da amostra.
FONTE DOS DADOS: Censo 2010 | PNAD 2012 | TSE 2014 | Entre outras.
";"Para a realização da pesquisa, utiliza-se uma equipe de entrevistadores e supervisores contratados pelo IBOPE INTELIGÊNCIA PESQUISA E CONSULTORIA LTDA. devidamente treinados para o trabalho. Após os trabalhos de campo, os questionários são submetidos a uma fiscalização de cerca de 20% (vinte por cento) dos questionários aplicados pelos entrevistadores; para verificação das respostas e da adequação dos entrevistados aos parâmetros amostrais.";"A área de abrangência da coleta é o Estado de Minas Gerais. A Relação de municípios selecionados para aplicação da amostra será apresentada até o 7º dia seguinte ao Registro da pesquisa, conforme expresso no art. 2º § 5º da resolução 23.400/2013 do TSE."
"27/02/2023";"15:36:19";2014;3;"Eleições Gerais 2014";"MG";"MG";"MINAS GERAIS";"MG001262014";"2014-09-23 00:00:00";"#NE";"09283689000183";"PROMÍDIA PESQUISAS DE OPINIÃO PÚBLICA E MARKETING";"#NE";"Governador, Senador, Deputado Federal, Deputado Estadual";"2014-09-19 00:00:00";"2014-09-25 00:00:00";390;"7655 - A";"AUGUSTO DA SILVA ROCHA";"4600,00";"Será adotada a metodologia do tipo “survey”, com entrevistas domiciliares do tipo face-a-face. As entrevistas serão realizadas por meio de cotas proporcionais de acordo com o número de eleitores em cada setor censitário, do sexo, e da idade, de acordo com dados do Censo Demográfico de 2010. Os questionários previamente elaborados de acordo com o objetivo do estudo, realizado por pesquisadores treinados para abordagem desta natureza. Público pesquisado: eleitores residentes e domiciliados no município de Carmo do Rio Claro/MG.";"O plano amostral consta de quotas proporcionais as existentes no universo de acordo com as variáveis, Região, Sexo, Faixa Etária. Escolaridade e Renda Familiar não são controladas nas quotas. Variável quanto a REGIÃO: proporcional ao setor censitário do IBGE. Variável quanto ao sexo: Masculino 51,0%, Feminino 49,0%. Idade 16 a 24 anos 18,7%, 25 a 34 anos 21,2%, 35 a 44 anos 19,0%, 45 a 59 anos 24,1%, 60 anos ou mais 17,0%. Para um intervalo de confiança de 95% e um tamanho de amostra 390 entrevistas, a margem de erro máxima estimada foi 5,0 pontos percentuais, para mais ou para menos.";"Todos os questionários preenchidos recebem crítica para avaliação da consistência dos dados coletados. 20% dos questionários são separados, aleatoriamente, para ser submetida à conferência através de novos contatos com os entrevistados, medida sempre adotada e que visa garantir a qualidade e fidelidade dos dados coletados. A consistência dos dados é verificada pelo seu conteúdo e lógica. 

";"ÁREA URBANA
ÁREA RURAL"
"27/02/2023";"15:36:19";2014;3;"Eleições Gerais 2014";"MG";"MG";"MINAS GERAIS";"MG001692014";"2014-09-26 00:00:00";"#NE";"09283689000183";"PROMÍDIA PESQUISAS DE OPINIÃO PÚBLICA E MARKETING";"#NE";"Governador, Senador, Deputado Federal, Deputado Estadual";"2014-09-25 00:00:00";"2014-09-27 00:00:00";523;"7655 - A";"AUGUSTO DA SILVA ROCHA";"9100,00";"Será adotada a metodologia do tipo “survey”, com entrevistas domiciliares do tipo face-a-face. As entrevistas serão realizadas por meio de cotas proporcionais de acordo com o número de eleitores em cada setor censitário, do sexo, e da idade, de acordo com dados do Censo Demográfico de 2010. Os questionários previamente elaborados de acordo com o objetivo do estudo, realizado por pesquisadores treinados para abordagem desta natureza. Público pesquisado: eleitores residentes e domiciliados no município de Guaxupé/MG.";"O plano amostral consta de quotas proporcionais as existentes no universo de acordo com as variáveis, Região, Sexo, Faixa Etária. Escolaridade e Renda Familiar não são controladas nas quotas. Variável quanto a REGIÃO: proporcional ao setor censitário do IBGE. Variável quanto ao sexo: Masculino 51,4%, Feminino 48,6%. Idade 16 a 17 anos 4,6%, 18 a 24 anos 15,9%, 25 a 29 anos 10,9%, 30 a 39 anos 19,3%, 40 a 49 anos 18,4%, 50 anos ou mais 31,0%. Para um intervalo de confiança de 95% e um tamanho de amostra 523 entrevistas, a margem de erro máxima estimada foi 4,25 pontos percentuais, para mais ou para menos.";"Todos os questionários preenchidos recebem crítica para avaliação da consistência dos dados coletados. 20% dos questionários são separados, aleatoriamente, para ser submetida à conferência através de novos contatos com os entrevistados, medida sempre adotada e que visa garantir a qualidade e fidelidade dos dados coletados. A consistência dos dados é verificada pelo seu conteúdo e lógica. ";"#NULO#"
"27/02/2023";"15:36:19";2014;3;"Eleições Gerais 2014";"MG";"MG";"MINAS GERAIS";"MG001852014";"2014-09-27 00:00:00";"#NE";"08695087000170";"i9 AGENCIA DE ASSESSORIA & CONSULTORIA POLITICA E SOCIAL LTDA";"#NE";"Governador, Deputado Federal, Deputado Estadual";"2014-09-28 00:00:00";"2014-10-01 00:00:00";400;"9103 5ª REGIÃO";"Luciano Rios Scherrer";"6500,00";"A abordagem utilizada consiste na aplicação de uma amostragem aleatória representativa da população 
residente em Passos, com 16 anos ou mais de idade. A amostra é selecionada em três estágios. No 
primeiro faz-se uma estratificação dos setores censitários do município por região geográfica. No 
segundo estágio, utilizando uma amostragem proporcional ao número de habitantes acima de 16 anos 
de idade, são selecionados os setores censitários a serem pesquisados. Finalmente, no terceiro estágio os respondentes são selecionados aleatoriamente respeitando-se quotas proporcionais controladas por região geográfica, sexo e faixa etária, de acordo com o perfil da população em estudo.";"Em função da abordagem utilizada neste planejamento amostral (amostragem por quotas), as 
ponderações por sexo e idade não são necessárias, pois, sendo conhecidas essas características da 
população, o método adotado consiste em retomar tais características na amostra, em proporções 
reduzidas. Neste caso, espera-se que a composição da amostra, por sexo e idade, seja 
proporcionalmente semelhante àquela da população. Entretanto, caso as proporções da amostra não 
sejam semelhantes àquelas da população em estudo, as ponderações serão realizadas de acordo com 
informações do Censo Demográfico de 2010.
No plano amostral, são apresentadas nas Tabelas 1 e 2, respectivamente, os fatores de 
ponderação por sexo, idade, nível de instrução e renda familiar mensal, segundo informações dos 2
Censos Demográficos de 2000 e 2010 (IBGE, 2012). A distribuição da amostra por região geográfica é descrita em tabela no Plano Amostral.Para um nível de confiança de 95% e um tamanho de amostra de 400 entrevistas, a margem de erro máxima estimada foi de 5,0 pontos percentuais, para mais ou para menos. ";"Todos os questionários preenchidos recebem crítica para avaliação da consistência dos dados coletados. 10% dos questionários são separados, aleatoriamente, para serem submetidos à conferência com os entrevistados, medida que visa garantir a qualidade dos dados coletados. A consistência dos dados é verificada pelo seu conteúdo e lógica. 
";"#NULO#"
"27/02/2023";"15:36:19";2014;3;"Eleições Gerais 2014";"MG";"MG";"MINAS GERAIS";"MG001902014";"2014-09-28 00:00:00";"#NE";"06154093000195";"Multidados comunicação Ltda";"#NE";"Governador, Senador, Deputado Federal, Deputado Estadual";"2014-09-30 00:00:00";"2014-10-02 00:00:00";589;"7683";"ELMO HENRIQUE DE MORAES";"4800,00";"MUNICÍPIO DE UBERABA. Pesquisa quantitativa, que consiste na realização de entrevistas pessoais, com a aplicação de questionários estruturados e padronizados junto a uma amostra representativa do eleitorado do município de UBERABA, ESTADO DE MINAS GERAIS.  O conjunto do eleitorado com 16 anos ou mais foi tomado como universo da pesquisa.";"Plano Amostral: MUNICÍPIO DE UBERABA, ESTADO DE MINAS GERAIS 
A. PÚBLICO PESQUISADO: Eleitores da cidade de UBERABA, município do Estado de Minas Gerais, onde a localidade foi dividida em regiões geográficas baseadas conforme o índice populacional do censo 2010 distribuído pelo IBGE.
B. TIPO DE AMOSTRA: A amostra é estratificada por cotas e representativa para o conjunto dos eleitores do município de UBERABA, Estado de Minas Gerais. A amostra foi selecionada em três partes: 
1º parte: Seleção probabilística das regiões, através do método PPT (Probabilidade Proporcional ao Tamanho), tomando como base o número de eleitores de cada região do município. 
2º parte: Seleção aleatória dos setores censitários ou bairros dentro do município; 
3º parte: A seleção dos respondentes é feita dentro dos setores censitários, regiões ou bairros do município através quotas proporcionais de sexo, idade, escolaridade e renda familiar de acordo com o perfil da população em estudo no município.
As entrevistas são pessoais e possuem como base a fonte de dados do IBGE através do Censo 2010 e PNAD 2012, além do Cadastro de Eleitores 2014 do TSE. 
C. TAMANHO DA AMOSTRA: 589 entrevistas. 
D. PONDERAÇÃO: Devido à metodologia amostral adotada as proporções quanto a sexo, idade, escolaridade e renda familiar da amostra são as mesmas do universo pesquisado, com base no Censo Demográfico de 2010, IBGE e no Cadastro de Eleitores 2014 do TSE. Portanto, os fatores de ponderação a serem aplicados nas variáveis de sexo, idade, escolaridade e renda familiar assumem valor igual a 1(um). 
E. ÁREA FÍSICA DE REALIZAÇÃO DA PESQUISA: A ser informada e fornecida conforme artigo 2º, inciso X 5º § da Resolução 23.400 do Tribunal Superior Eleitoral TSE datada de 27 de dezembro de 2013. 
F. INTERVALO DE CONFIANÇA/MARGEM DE ERRO: O intervalo de confiança estimado é de 95% e a margem de erro máxima estimada é de 3,8 pontos percentuais para mais ou para menos sobre os resultados. 
";"As regiões da cidade de UBERABA, município do Estado de Minas Gerais são verificados em relação a consistência dos dados, analisado individualmente cada entrevista realizada. Todo trabalho é feito em tabletes ou questionários eletrônicos e o programa utiliza numero fixos para todas as perguntas apresentadas. O sistema também utiliza dois códigos extras, o “97”, quando o entrevistado coloca nenhuma ou que vota em branco ou nulo. O outro código extra é o “98” que significa respostas indecisas, eleitores que não sabem ou que não responderam. Os códigos extras não podem ser aplicados nas perguntas básicas: Número do questionário, região, município, sexo, idade, escolaridade e renda familiar. O próprio questionário padrão a Multidados já apresenta os códigos que podem ser aplicados a cada pergunta. Outras respostas apresentadas pelo entrevistado recebem o código “98”. O programa do questionário Multidados não permite duas respostas numa mesma pergunta. Checagem: Logo após a realização da coleta de dados, é feito o trabalho de checagem das entrevistas junto aos respondentes. O objetivo é, sobretudo, garantir que as entrevistas foram realmente realizadas e verificadas. Há perguntas do questionário que são reproduzidas para certificarmos de sua correta aplicação e há outras questões que se referem exclusivamente ao desempenho do entrevistador(a). Para a realização da pesquisa será utilizada uma equipe de entrevistadores devidamente treinada para este trabalho. Após os trabalhos de campo, os questionários são submetidos a uma fiscalização que consiste na checagem de 10% dos questionários aplicados individualmente pelos entrevistadores, para verificação das respostas e da adequação dos entrevistados aos parâmetros amostrais. ";"A área de abrangência da coleta é a cidade de UBERABA, município do Estado de Minas Gerais. A Relação de regiões e bairros selecionados para aplicação da amostra será apresentada até o 7º dia seguinte ao Registro da pesquisa, conforme expresso no art. 2º § 5º da resolução 23.400/2013 do TSE.
"
"27/02/2023";"15:36:19";2014;3;"Eleições Gerais 2014";"MG";"MG";"MINAS GERAIS";"MG000452014";"2014-06-10 00:00:00";"#NE";"00654576000172";",INSTITUTO   VERITÁ   LTDA  epp";"#NE";"Governador, Deputado Federal, Deputado Estadual";"2014-06-01 00:00:00";"2014-06-09 00:00:00";620;"7439 / 6ª Região";"Leonard Mendonça de Assis";"25000,00";"Pesquisa quantitativa, que consiste na realização de entrevistas pessoais com a aplicação de questionários padronizados e estruturados junto a uma amostra representativa do eleitorado do município de UBERLÂNDIA";"a) Público pesquisado: Eleitores residentes no perímetro urbano do município
 b) tipo de amostra:
A amostragem será realizada da seguinte forma:
1. Estratificação do município por agrupamento de Setores Censitários obedecendo critério geográfico (Agrupamento de bairros conforme divisão do IBGE para o CENSO 2010)
2. Tamanho de cada estrato foi definido proporcional ao número de domicílios pertencente a cada um destes (Dados obtidos pelos microdados do CENSO Demográfico de 2010, IBGE)
3. Seleção das Residências segundo critério de amostragem sistemática
4. Realização de entrevistas domiciliares com sorteio dentre os moradores presentes na residência selecionada, obedecendo um quadro de Idade/Sexo gerado de maneira aleatória por um software estatístico, levando em consideração as proporções de idade e sexo constantes no sitio do TSE para o município.
 Idade e Sexo
 FEMININO, 16 A 24 ANOS; 8,1% 
 FEMININO, 25 A 34 ANOS; 12,48% 
 FEMININO, 35 A 44 ANOS; 10,67% 
 FEMININO, 45 A 59 ANOS; 13,19% 
 FEMININO, 60 ANOS OU MAIS; 7,97% 
 MASCULINO, 16 A 24 ANOS; 7,86% 
 MASCULINO, 25 A 34 ANOS; 11,83% 
 MASCULINO, 35 A 44 ANOS; 9,92% 
 MASCULINO, 45 A 59 ANOS; 11,45% 
 MASCULINO, 60 ANOS OU MAIS; 6,54% 

 Nível Econômico
Masculino / PEA 82,68% Masculino / Não PEA 17,32%
Feminino / PEA 59,69% Feminino / Não PEA 40,31%
Nível de Instrução
Masculino / Até 5 anos instrução 41,75% Masculino / de 6 a 9 anos de instrução 24,86% Masculino / de 10 a 12 anos de instrução 24,31% Masculino / mais de 12 anos de instrução 9,08% Feminino / Até 5 anos instrução 37,96% Feminino / de 6 a 9 anos de instrução 21,91% Feminino / de 10 a 12 anos de instrução 27,05% Feminino / mais de 12 anos de instrução 13,07%
d) Intervalo de Confiança/Margem de Erro: Para este planejamento amostral, considerando-se um intervalo de confiança de 95%, é esperado um erro máximo de 3,94 pontos percentuais na estimação da proporção das intenções de voto dos candidatos. ";"será utilizada uma equipe de entrevistadores e supervisores devidamente treinada para este trabalho. Após os trabalhos de campo, os questionários são submetidos a uma fiscalização que consiste no retorno a campo de 20% dos questionários aplicados individualmente pelos entrevistadores, para verificação das respostas e da adequação dos entrevistados aos parâmetros amostrais. ";"#NULO#"
"27/02/2023";"15:36:19";2014;3;"Eleições Gerais 2014";"MG";"MG";"MINAS GERAIS";"MG000192014";"2014-05-20 00:00:00";"#NE";"09283689000183";"PROMÍDIA PESQUISAS DE OPINIÃO PÚBLICA E MARKETING";"#NE";"Governador, Deputado Federal, Deputado Estadual";"2014-05-15 00:00:00";"2014-05-17 00:00:00";303;"7655 - A ";"AGUSTO DA SILVA ROCHA";"7900,00";"Será adotada a metodologia do tipo “survey”, com entrevistas domiciliares do tipo face-a-face. As entrevistas serão realizadas por meio de cotas proporcionais de acordo com o número de eleitores em cada setor censitário, do sexo, e da idade, de acordo com dados do Censo Demográfico de 2010. Os questionários previamente elaborados de acordo com o objetivo do estudo, realizado por pesquisadores treinados para abordagem desta natureza. Público pesquisado: eleitores residentes e domiciliados no município de Nova Resende/MG.";"O plano amostral consta de quotas proporcionais as existentes no universo de acordo com as variáveis, Região, Sexo, Faixa Etária. Escolaridade e Renda Familiar não são controladas nas quotas. Variável quanto a REGIÃO: proporcional ao setor censitário do IBGE. Variável quanto ao sexo: Masculino 51,4%, Feminino 48,6%. Idade 16 a 17 anos 5%, 18 a 24 anos 17%, 25 a 29 anos 12%, 30 a 39 anos 22%, 40 a 49 anos 18%, 50 anos ou mais 26%. Para um intervalo de confiança de 95% e um tamanho de amostra 303 entrevistas, a margem de erro máxima estimada foi 5,6 pontos percentuais, para mais ou para menos.";"Todos os questionários preenchidos recebem crítica para avaliação da consistência dos dados coletados. 20% dos questionários são separados, aleatoriamente, para ser submetida à conferência através de novos contatos com os entrevistados, medida sempre adotada e que visa garantir a qualidade e fidelidade dos dados coletados. A consistência dos dados é verificada pelo seu conteúdo e lógica. 

";"a)ÁREA URBANA
b)ÁREA RURAL"
"27/02/2023";"15:36:19";2014;3;"Eleições Gerais 2014";"MG";"MG";"MINAS GERAIS";"MG000212014";"2014-05-21 00:00:00";"#NE";"09283689000183";"PROMÍDIA PESQUISAS DE OPINIÃO PÚBLICA E MARKETING";"#NE";"Governador, Deputado Federal, Deputado Estadual";"2014-05-17 00:00:00";"2014-05-19 00:00:00";303;"7655 - A ";"AGUSTO DA SILVA ROCHA";"6500,00";"Será adotada a metodologia do tipo “survey”, com entrevistas domiciliares do tipo face-a-face. As entrevistas serão realizadas por meio de cotas proporcionais de acordo com o número de eleitores em cada setor censitário, do sexo, e da idade, de acordo com dados do Censo Demográfico de 2010. Os questionários previamente elaborados de acordo com o objetivo do estudo, realizado por pesquisadores treinados para abordagem desta natureza. Público pesquisado: eleitores residentes e domiciliados no município de Lagoa da Prata/MG.";"O plano amostral consta de quotas proporcionais as existentes no universo de acordo com as variáveis, Região, Sexo, Faixa Etária. Escolaridade e Renda Familiar não são controladas nas quotas. Variável quanto a REGIÃO: proporcional ao setor censitário do IBGE. Variável quanto ao sexo: Masculino 49,2%, Feminino 50,8%. Idade 16 a 17 anos 4,6%, 18 a 24 anos 19,8%, 25 a 29 anos 13,9%, 30 a 39 anos 25,7%, 40 a 49 anos 26,1%, 50 anos ou mais 44,2%. Para um intervalo de confiança de 95% e um tamanho de amostra 303 entrevistas, a margem de erro máxima estimada foi 5,6 pontos percentuais, para mais ou para menos.";"Todos os questionários preenchidos recebem crítica para avaliação da consistência dos dados coletados. 20% dos questionários são separados, aleatoriamente, para ser submetida à conferência através de novos contatos com os entrevistados, medida sempre adotada e que visa garantir a qualidade e fidelidade dos dados coletados. A consistência dos dados é verificada pelo seu conteúdo e lógica. 

";"ÁREA URBANA 
ÁREA RURAL"
"27/02/2023";"15:36:19";2014;3;"Eleições Gerais 2014";"MG";"MG";"MINAS GERAIS";"MG000602014";"2014-08-02 00:00:00";"#NE";"14026979000181";"Instituto de Pesquisas e Sistemas de Marketing Ltda";"#NE";"Governador, Senador, Deputado Federal, Deputado Estadual";"2014-08-02 00:00:00";"2014-08-04 00:00:00";400;"7772";"Denise Nogueira Magri Mendes";"10000,00";"A metodologia compreende a obtenção dos dados através de entrevistas pessoais, no domicílio do entrevistado, em 11 (onze) áreas geográficas e distribuídas proporcionalmente ao número de eleitores de cada uma delas, com a aplicação de questionário estruturado.";"A estratificação da amostra constitui-se de 48% de elementos do sexo masculino e 52% do sexo feminino; 2% de elementos com idade entre 16 e 17 anos, 18% entre 18 e 25 anos, 24% entre 26 e 35 anos, 24% entre 36 e 45 anos, 15% entre 46 e 55 anos, 11% entre 56 e 65 anos e 7%  mais de 65 anos de idade; 10% de elementos primário incompleto, 20% primário completo, 25% ginásio completo,                     33% colegial completo, 12% superior completo; e, conforme ‘Critério Brasil’ de classificação social, serão entrevistados 1% de elementos da “Classe A1”, 4% como “Classe A2”, 12% como “Classe B1”, 22% como “Classe B2”, 31% como “Classe C1”, 21% como “Classe C2”, 8% como “Classe D” e 1% como “Classe E”. A margem de erro padrão é de 5% para mais ou para menos, com intervalo de confiança estabelecido de 95%.";"A equipe de entrevistadores, supervisores e coordenadores serão devidamente treinados para o projeto em questão. Ao todo, 20% das entrevistas realizadas serão checadas para validação da amostra, diretamente junto aos respondentes, de todas as áreas geográficas pesquisadas.";"A pesquisa será realizada no perímetro urbano do município de Uberlândia-MG."
"27/02/2023";"15:36:19";2014;3;"Eleições Gerais 2014";"MG";"MG";"MINAS GERAIS";"MG000772014";"2014-08-31 00:00:00";"#NE";"06154093000195";"Multidados comunicação Ltda";"#NE";"Governador, Senador";"2014-09-01 00:00:00";"2014-09-04 00:00:00";1254;"7683";"ELMO HENRIQUE DE MORAIS";"40000,00";"Pesquisa quantitativa, que consiste na realização de entrevistas pessoais, com a aplicação de questionários estruturados e padronizados junto a uma amostra representativa do eleitorado do estado de Minas Gerais. ";"Plano Amostral: 
a) Público pesquisado: eleitores no Estado de Minas Gerais. 
b) Tipo de amostra: A amostra é estratificada por cota e representativa para o conjunto dos eleitores do estado de Minas Gerais. A amostra foi selecionada em três partes: 1º parte: seleção probabilística de municípios, através do método PPT (Probabilidade Proporcional ao Tamanho), tomando como base o número de eleitores de cada município; 2º parte: seleção aleatória dos setores censitários ou bairros dentro do município; 3º parte: seleção dos respondentes dentro dos setores censitários ou bairros através de uma quota proporcional de sexo, idade, escolaridade e renda familiar, de acordo com o perfil da população em estudo. As entrevistas foram pessoais e domiciliares. Fonte de dados: IBGE, Censo 2010 e PNAD 2012 TSE, Cadastro de Eleitores 2014.
c) Tamanho da amostra: 1.254 entrevistas. 
d) Ponderação: Devido à metodologia amostral adotada as proporções quanto a sexo, idade, escolaridade e renda familiar da amostra são as mesmas do universo pesquisado, com base no Censo Demográfico de 2010 – IBGE e no Cadastro de Eleitores 2014 do TSE. Portanto, os fatores de ponderação a serem aplicados nas variáveis sexo, idade, escolaridade e renda familiar assumem valor igual a 1(um). 
e) Área física de realização da pesquisa: A ser informada e fornecida conforme artigo 2º, inciso X 5º § da Resolução 23.400 do Tribunal Superior Eleitoral – TSE datada de 27 de dezembro de 2013. 
f) Intervalo de Confiança/Margem de Erro: O intervalo de confiança estimado é de 95% e a margem de erro máxima estimada é de 2,8 pontos percentuais para mais ou para menos sobre os resultados encontrados no total da amostra. 
g) Checagem: Logo após a realização da coleta de dados, é feito o trabalho de checagem das entrevistas junto aos respondentes. O objetivo é, sobretudo, garantir que a entrevista foi realmente realizada e verificar como o respondente se sentiu em relação à pesquisa. Há perguntas do questionário que são reproduzidas para certificarmos de sua correta aplicação e há outras questões que se referem exclusivamente à performance do entrevistador. São aproximadamente 10% dos respondentes de cada entrevistador que irão receber o contato dos checadores. ";"Para a realização da pesquisa será utilizada uma equipe de entrevistadores e supervisores devidamente treinada para este trabalho. Após os trabalhos de campo, os questionários são submetidos a uma fiscalização que consiste no retorno a campo de 10% dos questionários aplicados individualmente pelos entrevistadores, para verificação das respostas e da adequação dos entrevistados aos parâmetros amostrais. ";"A área de abrangência da coleta é o Estado de Minas Gerais. A Relação de municípios selecionados para aplicação da amostra será apresentada até o 7º dia seguinte ao Registro da pesquisa, conforme expresso no art. 2º § 5º da resolução 23.400/2013 do TSE. "
"27/02/2023";"15:36:19";2014;3;"Eleições Gerais 2014";"MG";"MG";"MINAS GERAIS";"MG000902014";"2014-09-11 00:00:00";"#NE";"22642565000105";"CP2 CONSULTORIA, PESQUISA E PLANEJAMENTO LTDA.";"#NE";"Governador, Senador, Deputado Federal, Deputado Estadual";"2014-09-11 00:00:00";"2014-09-16 00:00:00";2066;"9866";"SARAH RIBEIRO DA SILVA";"35000,00";"A metodologia utilizada é o survey quantitativo, com realização de entrevistas pessoais e individuais através de questionário estruturado. A amostra é por cotas de sexo, idade, escolaridade, renda e local (região e bairro) de moradia.";"O universo da pesquisa é composto por eleitores de Minas Gerais, com idade a partir de 16 anos. Serão realizadas 2.066 entrevistas, o que permite um erro amostral máximo de 2,16% e nível de confiança de 95%. Distribuição da amostra pelo perfil dos entrevistados de acordo com cotas de sexo, idade, escolaridade e renda mensal familiar.

Sexo: Masculino: (49,61%); Feminino: (50,39%) - Idade: 16 a 17 anos (5,71%); 18 a 24 anos: (20,33%); 25 a 34 anos: (12,68%); 35 a 44 anos: (22,85%); 45 a 54 anos: (18,39%); Mais de 55 anos: (20,04%) - Escolaridade: Até 4ª série do 1ºgrau/ Ensino Fundamental: (17,97%); De 5ª a 8ª série do 1º grau/ Ensino Fundamental: (38,23%); 2ºgrau/Ensino Médio Incompleto ou Completo: (30,98%);Superior e Pós graduação: (12,82%) –  Renda total de sua família: Até 2 SM: (47,39%); De 2 a 5 SM: (27,06%); De 5 a 10 SM (16,75%); Acima de 10 SM (8,80%)
";"Todos os questionários preenchidos recebem crítica para avaliação da consistência dos dados coletados. Vinte por cento dos questionários são separados, aleatoriamente, para serem submetidos à conferência através de novos contatos com os entrevistados, medida sempre adotada e que visa garantir a qualidade e fidelidade dos dados coletados. A consistência dos dados é verificada pelo seu conteúdo e lógica.";"#NULO#"
"27/02/2023";"15:36:19";2014;3;"Eleições Gerais 2014";"MG";"MG";"MINAS GERAIS";"MG001122014";"2014-09-16 00:00:00";"#NE";"03866435000101";"IPO - INSTITUTO DE PESQUISA DE OPINIÃO E  ASSESSORIA LTDA";"#NE";"Governador, Senador, Deputado Federal, Deputado Estadual";"2014-09-20 00:00:00";"2014-09-20 00:00:00";300;"9.077";"EDMILSON ANTONIO PEREIRA JUNIOR";"2500,00";"Pesquisa quantitativa, que consiste na realização de entrevistas pessoais, com a aplicação de questionários estruturados e padronizados junto a uma amostra de eleitores do universo pesquisado.";"A amostra de eleitores de Itamogi é distribuída de forma a contemplar todas as regiões geográficas do município, a partir de quotas proporcionais ao universo, disponibilizadas pelo site do TSE (Estatísticas Eleitorais 2014), considerando as variáveis: sexo, faixa etária e grau de instrução. Adota-se, assim, a seguinte distribuição: Masculino (51%), Feminino (49%); 16-24 anos (15%), 25-34 anos (21%), 35-44 anos (17%), 45-59 anos (26%), 60 anos ou mais (21%); Analfabeto / Lê e escreve (28%), Ensino fundamental (40%), Ensino médio (29%), Ensino superior (3%). Considerando a amostra de 300 eleitores do município de Itamogi/MG, ao nível de 95% de confiança, a margem de erro estimada é de 4,8 pontos percentuais, para mais ou para menos.";"Trabalho de campo realizado por uma equipe de entrevistadores devidamente treinados e capacitados para a aplicação dos questionários, sempre coordenados por uma pessoa da EMPO. Após a realização das entrevistas é feita a verificação dos questionários das respostas e da adequação dos entrevistados aos parâmetros amostrais, via telefone ou presencial, de 20% dos entrevistados.";"#NULO#"
"27/02/2023";"15:36:19";2014;3;"Eleições Gerais 2014";"MG";"MG";"MINAS GERAIS";"MG001442014";"2014-09-23 00:00:00";"#NE";"09283689000183";"PROMÍDIA PESQUISAS DE OPINIÃO PÚBLICA E MARKETING";"#NE";"Governador, Senador, Deputado Federal, Deputado Estadual";"2014-09-24 00:00:00";"2014-09-26 00:00:00";315;"7655 - A";"AUGUSTO DA SILVA ROCHA";"4100,00";"Será adotada a metodologia do tipo “survey”, com entrevistas domiciliares do tipo face-a-face. As entrevistas serão realizadas por meio de cotas proporcionais de acordo com o número de eleitores em cada setor censitário, do sexo, e da idade, de acordo com dados do Censo Demográfico de 2010. Os questionários previamente elaborados de acordo com o objetivo do estudo, realizado por pesquisadores treinados para abordagem desta natureza. Público pesquisado: eleitores residentes e domiciliados no município de Monte Belo/MG.";"O plano amostral consta de quotas proporcionais as existentes no universo de acordo com as variáveis, Região, Sexo, Faixa Etária. Escolaridade e Renda Familiar não são controladas nas quotas. Variável quanto a REGIÃO: proporcional ao setor censitário do IBGE. Variável quanto ao sexo: Masculino 52,7%, Feminino 47,3%. Idade 16 a 17 anos 4,4%, 18 a 24 anos 15,6%, 25 a 29 anos 10,2%, 30 a 39 anos 19,7%, 40 a 49 anos 18,7%, 50 anos ou mais 31,4%. Para um intervalo de confiança de 95% e um tamanho de amostra 315 entrevistas, a margem de erro máxima estimada foi 5,4 pontos percentuais, para mais ou para menos.";"Todos os questionários preenchidos recebem crítica para avaliação da consistência dos dados coletados. 20% dos questionários são separados, aleatoriamente, para ser submetida à conferência através de novos contatos com os entrevistados, medida sempre adotada e que visa garantir a qualidade e fidelidade dos dados coletados. A consistência dos dados é verificada pelo seu conteúdo e lógica. 

";"#NULO#"
"27/02/2023";"15:36:19";2014;3;"Eleições Gerais 2014";"MG";"MG";"MINAS GERAIS";"MG001732014";"2014-09-26 00:00:00";"#NE";"07630546000175";"DATAFOLHA INSTITUTO DE PESQUISAS LTDA.";"#NE";"Governador, Senador";"2014-10-01 00:00:00";"2014-10-02 00:00:00";1488;"72.49A";"Renata Nunes César";"145800,00";"Pesquisa do tipo quantitativo, por amostragem, com aplicação de questionário estruturado e abordagem pessoal em pontos de fluxo populacional. O conjunto do eleitorado do Estado de Minas Gerais com 16 anos ou mais foi tomado como universo da pesquisa.";"Universo: Eleitorado do Estado de Minas Gerais, com 16 anos ou mais. Tamanho da amostra: A amostra prevista é de 1.488 entrevistas. Técnica de amostragem: A amostra é estratificada por porte dos municípios e natureza dos municípios (região metropolitana ou interior). Em cada estrato, num primeiro estágio, são sorteados os municípios que farão parte do levantamento. Num segundo estágio, são sorteados os bairros e pontos de abordagem onde serão aplicadas as entrevistas.  Por fim, os entrevistados são selecionados aleatoriamente para responder ao questionário, de acordo com cotas de sexo e faixa etária. Nessa amostra, o estrato referente à capital foi desproporcionalizado para permitir detalhamento. Nos resultados finais, as corretas proporções serão restabelecidas através de ponderação. A amostra prevista é de 1.488 questionários, sendo 416 na capital. Os dados utilizados para definição e seleção da amostra são baseados no TSE (eleitorado julho 2014) e IBGE (Censo 2010 e Estimativas 2014). Os dados relativos a sexo e faixa etária são: Sexo masculino 48%, feminino: 52%, 16 a 24 anos 15%, 25 a 34 anos 22%, 35 a 44 anos 20%, 45 a 59 anos 25% e 60 anos ou mais 18%. Ponderação dos resultados: No processamento dos dados é realizada ponderação referente à proporção de cada cidade na amostra para correta representação. Está prevista a eventual ponderação para correção nos tamanhos dos segmentos da tabela acima considerando as variáveis sexo e faixa etária. Para as variáveis grau de instrução e nível econômico do entrevistado (renda familiar mensal), o fator previsto para ponderação é 1 (resultados obtidos em campo). Área física: Serão realizadas entrevistas em 72 municípios, localizados no Estado de Minas Gerais. Margem de Erro: A margem de erro máxima prevista é de 2 pontos percentuais para mais ou para menos, considerando um nível de confiança de 95%. Os intervalos de confiança serão calculados considerando os resultados obtidos para um nível de confiança de 95%.";"Os pesquisadores envolvidos na realização desta pesquisa são treinados pelo Instituto e recebem instruções específicas para cada projeto realizado. A maior parte da coleta será feita com a utilização de tablet e questionário eletrônico. São checados, no mínimo, 30% dos questionários de cada pesquisador, seja in loco por supervisores de campo ou, posteriormente, por telefone. Internamente, todo o material é verificado e codificado. Antes do processamento final e emissão dos resultados, realiza-se processo de consistência dos dados.";"A relação completa dos municípios e bairros pesquisados será encaminhada a esse tribunal posteriormente, até o sétimo dia seguinte à data de registro da pesquisa, conforme a Resolução 23.400/2013 do TSE, no art.2º §5º."
"27/02/2023";"15:36:19";2014;3;"Eleições Gerais 2014";"MG";"MG";"MINAS GERAIS";"MG001962014";"2014-09-29 00:00:00";"#NE";"07630546000175";"DATAFOLHA INSTITUTO DE PESQUISAS LTDA.";"#NE";"Governador, Senador";"2014-10-03 00:00:00";"2014-10-04 00:00:00";2230;"72.49A";"Renata Nunes César";"218700,00";"Pesquisa do tipo quantitativo, por amostragem, com aplicação de questionário estruturado e abordagem pessoal em pontos de fluxo populacional. O conjunto do eleitorado do Estado de Minas Gerais com 16 anos ou mais foi tomado como universo da pesquisa.";"Universo: Eleitorado do Estado de Minas Gerais, com 16 anos ou mais. Tamanho da amostra: A amostra prevista é de 2.230 entrevistas. Técnica de amostragem: A amostra é estratificada por porte dos municípios e natureza dos municípios (região metropolitana ou interior). Em cada estrato, num primeiro estágio, são sorteados os municípios que farão parte do levantamento. Num segundo estágio, são sorteados os bairros e pontos de abordagem onde serão aplicadas as entrevistas.  Por fim, os entrevistados são selecionados aleatoriamente para responder ao questionário, de acordo com cotas de sexo e faixa etária. Nessa amostra, o estrato referente à capital foi desproporcionalizado para permitir detalhamento. Nos resultados finais, as corretas proporções serão restabelecidas através de ponderação. A amostra prevista é de 2.230 questionários, sendo 576 na capital. Os dados utilizados para definição e seleção da amostra são baseados no TSE (eleitorado julho 2014) e IBGE (Censo 2010 e Estimativas 2014). Os dados relativos a sexo e faixa etária são: Sexo masculino 48%, feminino: 52%, 16 a 24 anos 15%, 25 a 34 anos 22%, 35 a 44 anos 20%, 45 a 59 anos 25% e 60 anos ou mais 18%. Ponderação dos resultados: No processamento dos dados é realizada ponderação referente à proporção de cada cidade na amostra para correta representação. Está prevista a eventual ponderação para correção nos tamanhos dos segmentos da tabela acima considerando as variáveis sexo e faixa etária. Para as variáveis grau de instrução e nível econômico do entrevistado (renda familiar mensal), o fator previsto para ponderação é 1 (resultados obtidos em campo). Área física: Serão realizadas entrevistas em 72 municípios, localizados no Estado de Minas Gerais. Margem de Erro: A margem de erro máxima prevista é de 2 pontos percentuais para mais ou para menos, considerando um nível de confiança de 95%. Os intervalos de confiança serão calculados considerando os resultados obtidos para um nível de confiança de 95%.";"Os pesquisadores envolvidos na realização desta pesquisa são treinados pelo Instituto e recebem instruções específicas para cada projeto realizado. A maior parte da coleta será feita com a utilização de tablet e questionário eletrônico. São checados, no mínimo, 30% dos questionários de cada pesquisador, seja in loco por supervisores de campo ou, posteriormente, por telefone. Internamente, todo o material é verificado e codificado. Antes do processamento final e emissão dos resultados, realiza-se processo de consistência dos dados.";"A relação completa dos municípios e bairros pesquisados será encaminhada a esse tribunal posteriormente, até o sétimo dia seguinte à data de registro da pesquisa, conforme a Resolução 23.400/2013 do TSE, no art.2º §5º."
"27/02/2023";"15:36:19";2014;3;"Eleições Gerais 2014";"MG";"MG";"MINAS GERAIS";"MG000222014";"2014-05-21 00:00:00";"#NE";"09283689000183";"PROMÍDIA PESQUISAS DE OPINIÃO PÚBLICA E MARKETING";"#NE";"Governador, Deputado Federal, Deputado Estadual";"2014-05-17 00:00:00";"2014-05-19 00:00:00";216;"7655 - A ";"AGUSTO DA SILVA ROCHA";"5500,00";"Será adotada a metodologia do tipo “survey”, com entrevistas domiciliares do tipo face-a-face. As entrevistas serão realizadas por meio de cotas proporcionais de acordo com o número de eleitores em cada setor censitário, do sexo, e da idade, de acordo com dados do Censo Demográfico de 2010. Os questionários previamente elaborados de acordo com o objetivo do estudo, realizado por pesquisadores treinados para abordagem desta natureza. Público pesquisado: eleitores residentes e domiciliados no município de Japaraíba/MG.";"O plano amostral consta de quotas proporcionais as existentes no universo de acordo com as variáveis, Região, Sexo, Faixa Etária. Escolaridade e Renda Familiar não são controladas nas quotas. Variável quanto a REGIÃO: proporcional ao setor censitário do IBGE. Variável quanto ao sexo: Masculino 53,7%, Feminino 46,3%. Idade 16 a 17 anos 10,2%, 18 a 24 anos 14,8%, 25 a 29 anos 10,2%, 30 a 39 anos 23,6%, 40 a 49 anos 15,7%, 50 anos ou mais 25,5%. Para um intervalo de confiança de 95% e um tamanho de amostra 216 entrevistas, a margem de erro máxima estimada foi 5,5 pontos percentuais, para mais ou para menos.";"Todos os questionários preenchidos recebem crítica para avaliação da consistência dos dados coletados. 20% dos questionários são separados, aleatoriamente, para ser submetida à conferência através de novos contatos com os entrevistados, medida sempre adotada e que visa garantir a qualidade e fidelidade dos dados coletados. A consistência dos dados é verificada pelo seu conteúdo e lógica. 

";"#NULO#"
"27/02/2023";"15:36:19";2014;3;"Eleições Gerais 2014";"MG";"MG";"MINAS GERAIS";"MG000272014";"2014-05-28 00:00:00";"#NE";"09283689000183";"PROMÍDIA PESQUISAS DE OPINIÃO PÚBLICA E MARKETING";"#NE";"Governador, Deputado Federal, Deputado Estadual";"2014-05-01 00:00:00";"2014-05-04 00:00:00";206;"7655 - A ";"AUGUSTO DA SILVA ROCHA";"5500,00";"Será adotada a metodologia do tipo “survey”, com entrevistas domiciliares do tipo face-a-face. As entrevistas serão realizadas por meio de cotas proporcionais de acordo com o número de eleitores em cada setor censitário, do sexo, e da idade, de acordo com dados do Censo Demográfico de 2010. Os questionários previamente elaborados de acordo com o objetivo do estudo, realizado por pesquisadores treinados para abordagem desta natureza. Público pesquisado: eleitores residentes e domiciliados no município de Cana Verde/MG.";"O plano amostral consta de quotas proporcionais as existentes no universo de acordo com as variáveis, Região, Sexo, Faixa Etária. Escolaridade e Renda Familiar não são controladas nas quotas. Variável quanto a REGIÃO: proporcional ao setor censitário do IBGE. Variável quanto ao sexo: Masculino 49,1%, Feminino 50,9%. Idade 16 a 17 anos 9,2%, 18 a 24 anos 10,1%, 25 a 29 anos 11,8%, 30 a 39 anos 19,4%, 40 a 49 anos 16,5%, 50 anos ou mais 33%. Para um intervalo de confiança de 95% e um tamanho de amostra 206 entrevistas, a margem de erro máxima estimada foi 5,6 pontos percentuais, para mais ou para menos.
";"Todos os questionários preenchidos recebem crítica para avaliação da consistência dos dados coletados. 20% dos questionários são separados, aleatoriamente, para ser submetida à conferência através de novos contatos com os entrevistados, medida sempre adotada e que visa garantir a qualidade e fidelidade dos dados coletados. A consistência dos dados é verificada pelo seu conteúdo e lógica. 
";"ÁREA URBANA 
ÁREA RURAL"
"27/02/2023";"15:36:19";2014;3;"Eleições Gerais 2014";"MG";"MG";"MINAS GERAIS";"MG000312014";"2014-05-30 00:00:00";"#NE";"09283689000183";"PROMÍDIA PESQUISAS DE OPINIÃO PÚBLICA E MARKETING";"#NE";"Governador, Deputado Federal, Deputado Estadual";"2014-05-23 00:00:00";"2014-05-25 00:00:00";206;"7655 - A";"AUGUSTO DA SILVA ROCHA";"5500,00";"Será adotada a metodologia do tipo “survey”, com entrevistas domiciliares do tipo face-a-face. As entrevistas serão realizadas por meio de cotas proporcionais de acordo com o número de eleitores em cada setor censitário, do sexo, e da idade, de acordo com dados do Censo Demográfico de 2010. Os questionários previamente elaborados de acordo com o objetivo do estudo, realizado por pesquisadores treinados para abordagem desta natureza. Público pesquisado: eleitores residentes e domiciliados no município de Fama/MG.";"O plano amostral consta de quotas proporcionais as existentes no universo de acordo com as variáveis, Região, Sexo, Faixa Etária. Escolaridade e Renda Familiar não são controladas nas quotas. Variável quanto a REGIÃO: proporcional ao setor censitário do IBGE. Variável quanto ao sexo: Masculino 51,5%, Feminino 48,5%. Idade 16 a 17 anos 3,9%, 18 a 24 anos 12,6%, 25 a 29 anos 7,8%, 30 a 39 anos 18,0%, 40 a 49 anos 18,9%, 50 anos ou mais 38,8%. Para um intervalo de confiança de 95% e um tamanho de amostra 206 entrevistas, a margem de erro máxima estimada foi 5,0 pontos percentuais, para mais ou para menos.";"Todos os questionários preenchidos recebem crítica para avaliação da consistência dos dados coletados. 20% dos questionários são separados, aleatoriamente, para ser submetida à conferência através de novos contatos com os entrevistados, medida sempre adotada e que visa garantir a qualidade e fidelidade dos dados coletados. A consistência dos dados é verificada pelo seu conteúdo e lógica. 

";"#NULO#"
"27/02/2023";"15:36:19";2014;3;"Eleições Gerais 2014";"MG";"MG";"MINAS GERAIS";"MG000402014";"2014-06-03 00:00:00";"#NE";"00654576000172";",INSTITUTO   VERITÁ   LTDA  epp";"#NE";"Governador, Deputado Federal, Deputado Estadual";"2014-05-28 00:00:00";"2014-05-29 00:00:00";417;"7439 6ª Região";"Leonard Mendonça de Assis";"16800,00";" Pesquisa quantitativa, que consiste na realização de entrevistas pessoais com a aplicação de questionários padronizados e estruturados junto a uma amostra representativa do eleitorado do município de MONTE CARMELO";"a) Público pesquisado:

Eleitores residentes no perímetro urbano do município

b) tipo de amostra:

A amostragem será realizada da seguinte forma:
1. Estratificação so município por agrupamento de Setores Censitários obedecendo critério geográfico (Agrupamento de bairros conforme divisão do IBGE para o CENSO 2010)
2. Tamanho de cada estrato foi definido proporcional ao número de domicílios pertencente a cada um destes (Dados obtidos pelos microdados do CENSO Demográfico de 2010, IBGE)
3. Seleção das Residências segundo critério de amostragem sistemática
4. Realização de entrevistas domiciliares com sorteio dentre os moradores presentes na residência selecionada, obedecendo um quadro de Idade/Sexo gerado de maneira aleatória por um software estatístico, levando em consideração as proporções de idade e sexo constantes no sitio do TSE para o município.

Idade e Sexo
 MASCULINO, 16 A 24 ANOS; 8,26% 
 MASCULINO, 25 A 34 ANOS; 11,53% 
 MASCULINO, 35 A 44 ANOS; 10,4% 
 MASCULINO, 45 A 59 ANOS; 12,22% 
 MASCULINO, 60 ANOS OU MAIS; 7,22% 

 FEMININO, 16 A 24 ANOS; 8,61% 
 FEMININO, 25 A 34 ANOS; 11,12% 
 FEMININO, 35 A 44 ANOS; 10,36% 
 FEMININO, 45 A 59 ANOS; 12,08% 
 FEMININO, 60 ANOS OU MAIS; 8,2% 


Nível Econômico
Masculino / PEA 82,68% Masculino / Não PEA 17,32%
Feminino / PEA 59,69% Feminino / Não PEA 40,31%

Nível de Instrução
Masculino / Até 5 anos instrução 41,75%
Masculino / de 6 a 9 anos de instrução 24,86%
Masculino / de 10 a 12 anos de instrução 24,31%
Masculino / mais de 12 anos de instrução 9,08%
Feminino / Até 5 anos instrução 37,96%
Feminino / de 6 a 9 anos de instrução 21,91%
Feminino / de 10 a 12 anos de instrução 27,05%
Feminino / mais de 12 anos de instrução 13,07%

d) Intervalo de Confiança/Margem de Erro: Para este planejamento amostral, considerando-se um intervalo de confiança de 95%, é esperado um erro máximo de 4,77 pontos percentuais na estimação da proporção das intenções de voto dos candidatos. ";"será utilizada uma equipe de entrevistadores e supervisores devidamente treinada para este trabalho. Após os trabalhos de campo, os questionários são submetidos a uma fiscalização que consiste no retorno a campo de 20% dos questionários aplicados individualmente pelos entrevistadores, para verificação das respostas e da adequação dos entrevistados aos parâmetros amostrais. ";"#NULO#"
"27/02/2023";"15:36:19";2014;3;"Eleições Gerais 2014";"MG";"MG";"MINAS GERAIS";"MG000792014";"2014-09-04 00:00:00";"#NE";"00852501000104";"VOX OPINIÃO PESQUISA E PROJETOS LTDA";"#NE";"Governador, Senador";"2014-09-06 00:00:00";"2014-09-08 00:00:00";2400;"5ª REGIÃO Nº 8641";"MARIA CECÍLIA SACRAMENTO SOUZA";"160368,00";"Pesquisa quantitativa, que consiste na realização de entrevistas pessoais, com a aplicação de questionários estruturados e padronizados junto a uma amostra representativa do eleitorado do estado de Minas Gerais.";"Plano Amostral:

a)	Público pesquisado: eleitores no estado de Minas Gerais.
 
b)	Tipo de amostra: A amostra é estratificada por cota e representativa para o conjunto dos eleitores do estado de Minas Gerais. A amostra foi selecionada em três estágios: 

1º estágio: seleção probabilística de municípios, através do método PPT (Probabilidade Proporcional ao Tamanho), tomando como base o número de eleitores de cada município;

2º estágio: seleção aleatória dos setores censitários ou bairros dentro do município; 

3º estágio: seleção dos respondentes dentro dos setores censitários ou bairros através de uma quota proporcional de Gênero, Idade, Escolaridade e Renda Familiar, de acordo com o perfil da população em estudo.

As entrevistas foram pessoais e domiciliares.


Fonte de dados: IBGE, Censo 2010 e PNAD 2012
			  TSE, Cadastro de Eleitores 2014

c)	Tamanho da amostra: 2.400 entrevistas.

d)	Ponderação: Devido à metodologia amostral adotada as proporções quanto a sexo, idade, escolaridade e renda familiar da amostra são as mesmas do universo pesquisado, com base no Censo Demográfico de 2010 – IBGE e no Cadastro de Eleitores 2014 do TSE. Portanto, os fatores de ponderação a serem aplicados nas variáveis sexo, idade, escolaridade e renda familiar assumem valor igual a 1(um).

e)	Área física de realização da pesquisa: A ser informada e fornecida conforme artigo 2º, inciso X 5º § da Resolução 23.400 do Tribunal Superior Eleitoral – TSE datada de 27 de dezembro de 2013. 

f)	Intervalo de Confiança/Margem de Erro: O intervalo de confiança estimado é de 95% e a margem de erro máxima estimada é de 2,0 pontos percentuais para mais ou para menos sobre os resultados encontrados no total da amostra.

g)	Checagem: Logo após a realização da coleta de dados, é feito o trabalho de checagem das entrevistas junto aos respondentes. O objetivo é, sobretudo, garantir que a entrevista foi realmente realizada e verificar como o respondente se sentiu em relação à pesquisa. Há perguntas do questionário que são reproduzidas para certificarmos de sua correta aplicação e há outras questões que se referem exclusivamente à performance do entrevistador. São aproximadamente 20% dos respondentes de cada entrevistador que irão receber o contato dos checadores.
";"Para a realização da pesquisa será utilizada uma equipe de entrevistadores e supervisores devidamente treinada para este trabalho. Após os trabalhos de campo, os questionários são submetidos a uma fiscalização que consiste no retorno a campo de 20% dos questionários aplicados individualmente pelos entrevistadores, para verificação das respostas e da adequação dos entrevistados aos parâmetros amostrais.";"Será enviado após divulgação."
"27/02/2023";"15:36:19";2014;3;"Eleições Gerais 2014";"MG";"MG";"MINAS GERAIS";"MG001002014";"2014-09-13 00:00:00";"#NE";"03866435000101";"IPO - INSTITUTO DE PESQUISA DE OPINIÃO E  ASSESSORIA LTDA";"#NE";"Governador, Senador, Deputado Federal, Deputado Estadual";"2014-09-16 00:00:00";"2014-09-16 00:00:00";400;"9.077";"EDMILSON ANTONIO PEREIRA JUNIOR";"2500,00";"Pesquisa quantitativa, que consiste na realização de entrevistas pessoais, com a aplicação de questionários estruturados e padronizados junto a uma amostra de eleitores do universo pesquisado.";"A amostra de eleitores de Passos é distribuída de forma a contemplar todas as regiões geográficas do município, a partir de quotas proporcionais ao universo, disponibilizadas pelo site do TSE (Estatísticas Eleitorais 2014), considerando as variáveis: sexo, faixa etária e grau de instrução. Adota-se, assim, a seguinte distribuição: Masculino (48%), Feminino (52%); 16-24 anos (14%), 25-34 anos (22%), 35-44 anos (19%), 45-59 anos (26%), 60 anos ou mais (19%);Analfabeto / Lê e escreve (14%), Ensino fundamental (43%), Ensino médio (35%), Ensino superior (8%). Considerando a amostra de 400 eleitores do município de Passos/MG, ao nível de 95% de confiança, a margem de erro estimada é de 4,8 pontos percentuais, para mais ou para menos.";"Trabalho de campo realizado por uma equipe de entrevistadores devidamente treinados e capacitados para a aplicação dos questionários, sempre coordenados por uma pessoa da EMPO. Após a realização das entrevistas é feita a verificação dos questionários das respostas e da adequação dos entrevistados aos parâmetros amostrais, via telefone ou presencial, de 20% dos entrevistados.
";"#NULO#"
"27/02/2023";"15:36:19";2014;3;"Eleições Gerais 2014";"MG";"MG";"MINAS GERAIS";"MG001112014";"2014-09-16 00:00:00";"#NE";"03866435000101";"IPO - INSTITUTO DE PESQUISA DE OPINIÃO E  ASSESSORIA LTDA";"#NE";"Governador, Senador, Deputado Federal, Deputado Estadual";"2014-09-22 00:00:00";"2014-09-22 00:00:00";400;"9.077";"EDMILSON ANTONIO PEREIRA JUNIOR";"2500,00";"Pesquisa quantitativa, que consiste na realização de entrevistas pessoais, com a aplicação de questionários estruturados e padronizados junto a uma amostra de eleitores do universo pesquisado.";"A amostra de eleitores de Elói Mendes é distribuída de forma a contemplar todas as regiões geográficas do município, a partir de quotas proporcionais ao universo, disponibilizadas pelo site do TSE (Estatísticas Eleitorais 2014), considerando as variáveis: sexo, faixa etária e grau de instrução. Adota-se, assim, a seguinte distribuição: Masculino (49%), Feminino (51%); 16-24 anos (15%), 25-34 anos (22%), 35-44 anos (19%), 45-59 anos (25%), 60 anos ou mais (19%); Analfabeto / Lê e escreve (16%), Ensino fundamental (50%), Ensino médio (30%), Ensino superior (4%). Considerando a amostra de 400 eleitores do município de Elói Mendes/MG, ao nível de 95% de confiança, a margem de erro estimada é de 4,8 pontos percentuais, para mais ou para menos.";"Trabalho de campo realizado por uma equipe de entrevistadores devidamente treinados e capacitados para a aplicação dos questionários, sempre coordenados por uma pessoa da EMPO. Após a realização das entrevistas é feita a verificação dos questionários das respostas e da adequação dos entrevistados aos parâmetros amostrais, via telefone ou presencial, de 20% dos entrevistados.";"#NULO#"
"27/02/2023";"15:36:19";2014;3;"Eleições Gerais 2014";"MG";"MG";"MINAS GERAIS";"MG001272014";"2014-09-23 00:00:00";"#NE";"09283689000183";"PROMÍDIA PESQUISAS DE OPINIÃO PÚBLICA E MARKETING";"#NE";"Governador, Senador, Deputado Federal, Deputado Estadual";"2014-09-19 00:00:00";"2014-09-25 00:00:00";406;"7655 - A";"AUGUSTO DA SILVA ROCHA";"4200,00";"Será adotada a metodologia do tipo “survey”, com entrevistas domiciliares do tipo face-a-face. As entrevistas serão realizadas por meio de cotas proporcionais de acordo com o número de eleitores em cada setor censitário, do sexo, e da idade, de acordo com dados do Censo Demográfico de 2010. Os questionários previamente elaborados de acordo com o objetivo do estudo, realizado por pesquisadores treinados para abordagem desta natureza. Público pesquisado: eleitores residentes e domiciliados no município de Conceição da Aparecida/MG.";"O plano amostral consta de quotas proporcionais as existentes no universo de acordo com as variáveis, Região, Sexo, Faixa Etária. Escolaridade e Renda Familiar não são controladas nas quotas. Variável quanto a REGIÃO: proporcional ao setor censitário do IBGE. Variável quanto ao sexo: Masculino 51,0%, Feminino 49,0%. Idade 16 a 17 anos 4,2%, 18 a 24 anos 15,8%, 25 a 29 anos 10,3%, 30 a 39 anos 20,2%, 40 a 49 anos 18,2%, 50 anos ou mais 31,3%. Para um intervalo de confiança de 95% e um tamanho de amostra 406 entrevistas, a margem de erro máxima estimada foi 4,75 pontos percentuais, para mais ou para menos.";"Todos os questionários preenchidos recebem crítica para avaliação da consistência dos dados coletados. 20% dos questionários são separados, aleatoriamente, para ser submetida à conferência através de novos contatos com os entrevistados, medida sempre adotada e que visa garantir a qualidade e fidelidade dos dados coletados. A consistência dos dados é verificada pelo seu conteúdo e lógica. 

";"#NULO#"
"27/02/2023";"15:36:19";2014;3;"Eleições Gerais 2014";"MG";"MG";"MINAS GERAIS";"MG001352014";"2014-09-23 00:00:00";"#NE";"09283689000183";"PROMÍDIA PESQUISAS DE OPINIÃO PÚBLICA E MARKETING";"#NE";"Governador, Senador, Deputado Federal, Deputado Estadual";"2014-09-19 00:00:00";"2014-09-25 00:00:00";524;"7655 - A";"AUGUSTO DA SILVA ROCHA";"4600,00";"Será adotada a metodologia do tipo “survey”, com entrevistas domiciliares do tipo face-a-face. As entrevistas serão realizadas por meio de cotas proporcionais de acordo com o número de eleitores em cada setor censitário, do sexo, e da idade, de acordo com dados do Censo Demográfico de 2010. Os questionários previamente elaborados de acordo com o objetivo do estudo, realizado por pesquisadores treinados para abordagem desta natureza. Público pesquisado: eleitores residentes e domiciliados no município de Nova Resende/MG.";"O plano amostral consta de quotas proporcionais as existentes no universo de acordo com as variáveis, Região, Sexo, Faixa Etária. Escolaridade e Renda Familiar não são controladas nas quotas. Variável quanto a REGIÃO: proporcional ao setor censitário do IBGE. Variável quanto ao sexo: Masculino 52,7%, Feminino 47,3%. Idade 16 a 17 anos 4,6%, 18 a 24 anos 16,6%, 25 a 29 anos 11,6%, 30 a 39 anos 21,2%, 40 a 49 anos 17,7%, 50 anos ou mais 28,2%. Para um intervalo de confiança de 95% e um tamanho de amostra 524 entrevistas, a margem de erro máxima estimada foi 4,2 pontos percentuais, para mais ou para menos.";"Todos os questionários preenchidos recebem crítica para avaliação da consistência dos dados coletados. 20% dos questionários são separados, aleatoriamente, para ser submetida à conferência através de novos contatos com os entrevistados, medida sempre adotada e que visa garantir a qualidade e fidelidade dos dados coletados. A consistência dos dados é verificada pelo seu conteúdo e lógica. 

";"#NULO#"
"27/02/2023";"15:36:19";2014;3;"Eleições Gerais 2014";"MG";"MG";"MINAS GERAIS";"MG001402014";"2014-09-23 00:00:00";"#NE";"09283689000183";"PROMÍDIA PESQUISAS DE OPINIÃO PÚBLICA E MARKETING";"#NE";"Governador, Senador, Deputado Federal, Deputado Estadual";"2014-09-24 00:00:00";"2014-09-26 00:00:00";316;"7655 - A";"AUGUSTO DA SILVA ROCHA";"4500,00";"Será adotada a metodologia do tipo “survey”, com entrevistas domiciliares do tipo face-a-face. As entrevistas serão realizadas por meio de cotas proporcionais de acordo com o número de eleitores em cada setor censitário, do sexo, e da idade, de acordo com dados do Censo Demográfico de 2010. Os questionários previamente elaborados de acordo com o objetivo do estudo, realizado por pesquisadores treinados para abordagem desta natureza. Público pesquisado: eleitores residentes e domiciliados no município de Areado/MG.";"O plano amostral consta de quotas proporcionais as existentes no universo de acordo com as variáveis, Região, Sexo, Faixa Etária. Escolaridade e Renda Familiar não são controladas nas quotas. Variável quanto a REGIÃO: proporcional ao setor censitário do IBGE. Variável quanto ao sexo: Masculino 50,0%, Feminino 50,0%. Idade 16 a 17 anos 4,9%, 18 a 24 anos 15,1%, 25 a 29 anos 11,3%, 30 a 39 anos 19,0%, 40 a 49 anos 17,7%, 50 anos ou mais 32,0%. Para um intervalo de confiança de 95% e um tamanho de amostra 316 entrevistas, a margem de erro máxima estimada foi 5,4 pontos percentuais, para mais ou para menos.";"Todos os questionários preenchidos recebem crítica para avaliação da consistência dos dados coletados. 20% dos questionários são separados, aleatoriamente, para ser submetida à conferência através de novos contatos com os entrevistados, medida sempre adotada e que visa garantir a qualidade e fidelidade dos dados coletados. A consistência dos dados é verificada pelo seu conteúdo e lógica. 

";"#NULO#"
"27/02/2023";"15:36:19";2014;3;"Eleições Gerais 2014";"MG";"MG";"MINAS GERAIS";"MG001502014";"2014-09-24 00:00:00";"#NE";"09283689000183";"PROMÍDIA PESQUISAS DE OPINIÃO PÚBLICA E MARKETING";"#NE";"Governador, Senador, Deputado Federal, Deputado Estadual";"2014-09-24 00:00:00";"2014-09-26 00:00:00";379;"7655 - A";"AUGUSTO DA SILVA ROCHA";"3000,00";"Será adotada a metodologia do tipo “survey”, com entrevistas domiciliares do tipo face-a-face. As entrevistas serão realizadas por meio de cotas proporcionais de acordo com o número de eleitores em cada setor censitário, do sexo, e da idade, de acordo com dados do Censo Demográfico de 2010. Os questionários previamente elaborados de acordo com o objetivo do estudo, realizado por pesquisadores treinados para abordagem desta natureza. Público pesquisado: eleitores residentes e domiciliados no município de Pratápolis/MG.";"O plano amostral consta de quotas proporcionais as existentes no universo de acordo com as variáveis, Região, Sexo, Faixa Etária. Escolaridade e Renda Familiar não são controladas nas quotas. Variável quanto a REGIÃO: proporcional ao setor censitário do IBGE. Variável quanto ao sexo: Masculino 50,0%, Feminino 50,0%. Idade 16 a 24 anos 16%, 25 a 34 anos 19,7%, 35 a 44 anos 19,0%, 45 a 59 anos 26,3%, 60 anos ou mais 19,0%. Para um intervalo de confiança de 95% e um tamanho de amostra 379 entrevistas, a margem de erro máxima estimada foi 5,0 pontos percentuais, para mais ou para menos.";"Todos os questionários preenchidos recebem crítica para avaliação da consistência dos dados coletados. 20% dos questionários são separados, aleatoriamente, para ser submetida à conferência através de novos contatos com os entrevistados, medida sempre adotada e que visa garantir a qualidade e fidelidade dos dados coletados. A consistência dos dados é verificada pelo seu conteúdo e lógica. ";"#NULO#"
"27/02/2023";"15:36:19";2014;3;"Eleições Gerais 2014";"MG";"MG";"MINAS GERAIS";"MG001602014";"2014-09-24 00:00:00";"#NE";"09283689000183";"PROMÍDIA PESQUISAS DE OPINIÃO PÚBLICA E MARKETING";"#NE";"Governador, Senador, Deputado Federal, Deputado Estadual";"2014-09-24 00:00:00";"2014-09-26 00:00:00";316;"7655 - A";"AUGUSTO DA SILVA ROCHA";"3000,00";"Será adotada a metodologia do tipo “survey”, com entrevistas domiciliares do tipo face-a-face. As entrevistas serão realizadas por meio de cotas proporcionais de acordo com o número de eleitores em cada setor censitário, do sexo, e da idade, de acordo com dados do Censo Demográfico de 2010. Os questionários previamente elaborados de acordo com o objetivo do estudo, realizado por pesquisadores treinados para abordagem desta natureza. Público pesquisado: eleitores residentes e domiciliados no município de São Tomás de Aquino/MG.";"O plano amostral consta de quotas proporcionais as existentes no universo de acordo com as variáveis, Região, Sexo, Faixa Etária. Escolaridade e Renda Familiar não são controladas nas quotas. Variável quanto a REGIÃO: proporcional ao setor censitário do IBGE. Variável quanto ao sexo: Masculino 50,9%, Feminino 49,1%. Idade 16 a 17 anos 5,4%, 18 a 24 anos 15,2%, 25 a 29 anos 11,1%, 30 a 39 anos 18,4%, 40 a 49 anos 15,8%, 50 anos ou mais 34,2%. Para um intervalo de confiança de 95% e um tamanho de amostra 316 entrevistas, a margem de erro máxima estimada foi 5,3 pontos percentuais, para mais ou para menos.";"Todos os questionários preenchidos recebem crítica para avaliação da consistência dos dados coletados. 20% dos questionários são separados, aleatoriamente, para ser submetida à conferência através de novos contatos com os entrevistados, medida sempre adotada e que visa garantir a qualidade e fidelidade dos dados coletados. A consistência dos dados é verificada pelo seu conteúdo e lógica. ";"ÁREA URBANA
ÁREA RURAL"
"27/02/2023";"15:36:19";2014;3;"Eleições Gerais 2014";"MG";"MG";"MINAS GERAIS";"MG001092014";"2014-09-15 00:00:00";"#NE";"19090489000168";"MDA PESQUISA DE OPINIÃO PÚBLICA E CONSULTORIA ESTATÍSTICA LTDA";"#NE";"Governador, Senador, Deputado Federal, Deputado Estadual";"2014-09-12 00:00:00";"2014-09-14 00:00:00";400;"Série A No. 8109";"Marcelo Costa Souza";"10900,00";"Será adotada a metodologia quantitativa do tipo “survey”, com entrevistas pessoais, do tipo face-a-face por meio da utilização de questionário estruturado, sendo o universo representado pelos eleitores de Conselheiro Lafaiete/MG.";"O Universo desta pesquisa compreende os eleitores de Conselheiro Lafaiete com idade a partir de 16 anos, residentes em todos os bairros/regiões de Conselheiro Lafaiete. O plano amostral foi delineado a partir de informações disponibilizadas pelo TSE(2014) e IBGE(2013).
Para o conjunto da amostra, os tamanhos são: 8,0% de homens com 16 a 24 anos, 11,4% para homens com 25 a 34 anos, 9,0% para homens com 35 a 44 anos, 12,4% para homens com 45 a 59 anos e 7,2% para homens com 60 anos ou mais. 7,5% para mulheres com 16 a 24 anos, 11,9% para mulheres com 25 a 34 anos, 10,0% para mulheres com 35 a 44 anos, 13,9% para mulheres com 45 a 59 anos e 8,7% para mulheres com 60 anos ou mais. As informações sobre nível econômico e escolaridade serão levantadas na própria pesquisa, tendo como controles a dispersão das entrevistas e seleção aleatória de setores censitários e/ou bairros. A ponderação prevista para estas variáveis é igual a 1.
Está prevista a realização de 400 entrevistas, o que fornece um erro amostral para o resultado total de no máximo 4,9 pontos percentuais considerando grau de confiança de 95%. Os intervalos de confiança serão calculados com base nos percentuais obtidos e com grau de confiança de 95%.
A relação completa dos bairros/regiões pesquisados será encaminhada a esse tribunal após a publicação dos resultados.
";"Os pesquisadores foram treinados especificamente para este projeto, com simulação de entrevistas e discussão de todas as questões. O trabalho de campo é fiscalizado por Coordenadores de Equipe, especialmente treinados para esta tarefa.
Do total dos questionários preenchidos, parte será sorteada de forma aleatória para conferência, via telefone, através de novo contato com o entrevistado, garantindo um mínimo de vinte por cento de checagem. Nesse contato são verificadas respostas fornecidas pelo entrevistado assim como adequação aos parâmetros amostrais previamente definidos. Todos os procedimentos acima são realizados por profissionais especializados e com vasta experiência na condução e controle de pesquisas de opinião.
Todos os pesquisadores elaboram um relatório de campo reportando as características das pesquisas e a percepção dos entrevistados em relação às questões realizadas.
";"A relação completa dos bairros/regiões pesquisados será encaminhada a esse tribunal após a publicação dos resultados."
"27/02/2023";"15:36:19";2014;3;"Eleições Gerais 2014";"MG";"MG";"MINAS GERAIS";"MG001752014";"2014-09-26 00:00:00";"#NE";"06154093000195";"Multidados comunicação Ltda";"#NE";"Governador, Senador, Deputado Federal, Deputado Estadual";"2014-09-27 00:00:00";"2014-09-29 00:00:00";607;"7683";"ELMO HENRIQUE DE MORAES";"5000,00";"MUNICÍPIO DE JUIZ DE FORA. Pesquisa quantitativa, que consiste na realização de entrevistas pessoais, com a aplicação de questionários estruturados e padronizados junto a uma amostra representativa do eleitorado do município de JUIZ DE FORA, ESTADO DE MINAS GERAIS.  O conjunto do eleitorado com 16 anos ou mais foi tomado como universo da pesquisa.";"Plano Amostral: MUNICÍPIO DE JUIZ DE FORA, ESTADO DE MINAS GERAIS 
A. PÚBLICO PESQUISADO: Eleitores da cidade de JUIZ DE FORA, município do Estado de Minas Gerais, onde a localidade foi dividida em regiões geográficas baseadas conforme o índice populacional do censo 2010 distribuído pelo IBGE.
B. TIPO DE AMOSTRA: A amostra é estratificada por cotas e representativa para o conjunto dos eleitores do município de JUIZ DE FORA, Estado de Minas Gerais. A amostra foi selecionada em três partes: 
1º parte: Seleção probabilística das regiões, através do método PPT (Probabilidade Proporcional ao Tamanho), tomando como base o número de eleitores de cada região do município. 
2º parte: Seleção aleatória dos setores censitários ou bairros dentro do município; 
3º parte: A seleção dos respondentes é feita dentro dos setores censitários, regiões ou bairros do município através quotas proporcionais de sexo, idade, escolaridade e renda familiar de acordo com o perfil da população em estudo no município.
As entrevistas são pessoais e possuem como base a fonte de dados do IBGE através do Censo 2010 e PNAD 2012, além do Cadastro de Eleitores 2014 do TSE. 
C. TAMANHO DA AMOSTRA: 607 entrevistas. 
D. PONDERAÇÃO: Devido à metodologia amostral adotada as proporções quanto a sexo, idade, escolaridade e renda familiar da amostra são as mesmas do universo pesquisado, com base no Censo Demográfico de 2010, IBGE e no Cadastro de Eleitores 2014 do TSE. Portanto, os fatores de ponderação a serem aplicados nas variáveis de sexo, idade, escolaridade e renda familiar assumem valor igual a 1(um). 
E. ÁREA FÍSICA DE REALIZAÇÃO DA PESQUISA: A ser informada e fornecida conforme artigo 2º, inciso X 5º § da Resolução 23.400 do Tribunal Superior Eleitoral TSE datada de 27 de dezembro de 2013. 
F. INTERVALO DE CONFIANÇA/MARGEM DE ERRO: O intervalo de confiança estimado é de 95% e a margem de erro máxima estimada é de 3,8 pontos percentuais para mais ou para menos sobre os resultados. 
";"As regiões da cidade de JUIZ DE FORA, município do Estado de Minas Gerais são verificados em relação a consistência dos dados, analisado individualmente cada entrevista realizada. Todo trabalho é feito em tabletes ou questionários eletrônicos e o programa utiliza numero fixos para todas as perguntas apresentadas. O sistema também utiliza dois códigos extras, o “97”, quando o entrevistado coloca nenhuma ou que vota em branco ou nulo. O outro código extra é o “98” que significa respostas indecisas, eleitores que não sabem ou que não responderam. Os códigos extras não podem ser aplicados nas perguntas básicas: Número do questionário, região, município, sexo, idade, escolaridade e renda familiar. O próprio questionário padrão a Multidados já apresenta os códigos que podem ser aplicados a cada pergunta. Outras respostas apresentadas pelo entrevistado recebem o código “98”. O programa do questionário Multidados não permite duas respostas numa mesma pergunta. Checagem: Logo após a realização da coleta de dados, é feito o trabalho de checagem das entrevistas junto aos respondentes. O objetivo é, sobretudo, garantir que as entrevistas foram realmente realizadas e verificadas. Há perguntas do questionário que são reproduzidas para certificarmos de sua correta aplicação e há outras questões que se referem exclusivamente ao desempenho do entrevistador(a). Para a realização da pesquisa será utilizada uma equipe de entrevistadores devidamente treinada para este trabalho. Após os trabalhos de campo, os questionários são submetidos a uma fiscalização que consiste na checagem de 10% dos questionários aplicados individualmente pelos entrevistadores, para verificação das respostas e da adequação dos entrevistados aos parâmetros amostrais. ";"A área de abrangência da coleta é a cidade de JUIZ DE FORA, município do Estado de Minas Gerais. A Relação de regiões e bairros selecionados para aplicação da amostra será apresentada até o 7º dia seguinte ao Registro da pesquisa, conforme expresso no art. 2º § 5º da resolução 23.400/2013 do TSE."
"27/02/2023";"15:36:19";2014;3;"Eleições Gerais 2014";"MG";"MG";"MINAS GERAIS";"MG001792014";"2014-09-26 00:00:00";"#NE";"06154093000195";"Multidados comunicação Ltda";"#NE";"Governador, Senador, Deputado Federal, Deputado Estadual";"2014-09-28 00:00:00";"2014-09-30 00:00:00";436;"7683";"ELMO HENRIQUE DE MORAES";"3300,00";"MUNICÍPIO DE VIÇOSA. Pesquisa quantitativa, que consiste na realização de entrevistas pessoais, com a aplicação de questionários estruturados e padronizados junto a uma amostra representativa do eleitorado do município de VIÇOSA, ESTADO DE MINAS GERAIS.  O conjunto do eleitorado com 16 anos ou mais foi tomado como universo da pesquisa.";"Plano Amostral: MUNICÍPIO DE VIÇOSA, ESTADO DE MINAS GERAIS 
A. PÚBLICO PESQUISADO: Eleitores da cidade de VIÇOSA, município do Estado de Minas Gerais, onde a localidade foi dividida em regiões geográficas baseadas conforme o índice populacional do censo 2010 distribuído pelo IBGE.
B. TIPO DE AMOSTRA: A amostra é estratificada por cotas e representativa para o conjunto dos eleitores do município de VIÇOSA, Estado de Minas Gerais. A amostra foi selecionada em três partes: 
1º parte: Seleção probabilística das regiões, através do método PPT (Probabilidade Proporcional ao Tamanho), tomando como base o número de eleitores de cada região do município. 
2º parte: Seleção aleatória dos setores censitários ou bairros dentro do município; 
3º parte: A seleção dos respondentes é feita dentro dos setores censitários, regiões ou bairros do município através quotas proporcionais de sexo, idade, escolaridade e renda familiar de acordo com o perfil da população em estudo no município.
As entrevistas são pessoais e possuem como base a fonte de dados do IBGE através do Censo 2010 e PNAD 2012, além do Cadastro de Eleitores 2014 do TSE. 
C. TAMANHO DA AMOSTRA: 436 entrevistas. 
D. PONDERAÇÃO: Devido à metodologia amostral adotada as proporções quanto a sexo, idade, escolaridade e renda familiar da amostra são as mesmas do universo pesquisado, com base no Censo Demográfico de 2010, IBGE e no Cadastro de Eleitores 2014 do TSE. Portanto, os fatores de ponderação a serem aplicados nas variáveis de sexo, idade, escolaridade e renda familiar assumem valor igual a 1(um). 
E. ÁREA FÍSICA DE REALIZAÇÃO DA PESQUISA: A ser informada e fornecida conforme artigo 2º, inciso X 5º § da Resolução 23.400 do Tribunal Superior Eleitoral TSE datada de 27 de dezembro de 2013. 
F. INTERVALO DE CONFIANÇA/MARGEM DE ERRO: O intervalo de confiança estimado é de 95% e a margem de erro máxima estimada é de 3,8 pontos percentuais para mais ou para menos sobre os resultados. 
";"As regiões da cidade de VIÇOSA, município do Estado de Minas Gerais são verificados em relação a consistência dos dados, analisado individualmente cada entrevista realizada. Todo trabalho é feito em tabletes ou questionários eletrônicos e o programa utiliza numero fixos para todas as perguntas apresentadas. O sistema também utiliza dois códigos extras, o “97”, quando o entrevistado coloca nenhuma ou que vota em branco ou nulo. O outro código extra é o “98” que significa respostas indecisas, eleitores que não sabem ou que não responderam. Os códigos extras não podem ser aplicados nas perguntas básicas: Número do questionário, região, município, sexo, idade, escolaridade e renda familiar. O próprio questionário padrão a Multidados já apresenta os códigos que podem ser aplicados a cada pergunta. Outras respostas apresentadas pelo entrevistado recebem o código “98”. O programa do questionário Multidados não permite duas respostas numa mesma pergunta. Checagem: Logo após a realização da coleta de dados, é feito o trabalho de checagem das entrevistas junto aos respondentes. O objetivo é, sobretudo, garantir que as entrevistas foram realmente realizadas e verificadas. Há perguntas do questionário que são reproduzidas para certificarmos de sua correta aplicação e há outras questões que se referem exclusivamente ao desempenho do entrevistador(a). Para a realização da pesquisa será utilizada uma equipe de entrevistadores devidamente treinada para este trabalho. Após os trabalhos de campo, os questionários são submetidos a uma fiscalização que consiste na checagem de 10% dos questionários aplicados individualmente pelos entrevistadores, para verificação das respostas e da adequação dos entrevistados aos parâmetros amostrais. ";"A área de abrangência da coleta é a cidade de VIÇOSA, município do Estado de Minas Gerais. A Relação de regiões e bairros selecionados para aplicação da amostra será apresentada até o 7º dia seguinte ao Registro da pesquisa, conforme expresso no art. 2º § 5º da resolução 23.400/2013 do TSE."
"27/02/2023";"15:36:19";2014;3;"Eleições Gerais 2014";"MG";"MG";"MINAS GERAIS";"MG001762014";"2014-09-26 00:00:00";"#NE";"06154093000195";"Multidados comunicação Ltda";"#NE";"Governador, Senador, Deputado Federal, Deputado Estadual";"2014-09-27 00:00:00";"2014-09-30 00:00:00";585;"7683";"ELMO HENRIQUE DE MORAES";"4500,00";"MUNICÍPIO DE GOVERNADOR VALADARES. Pesquisa quantitativa, que consiste na realização de entrevistas pessoais, com a aplicação de questionários estruturados e padronizados junto a uma amostra representativa do eleitorado do município de GOVERNADOR VALADARES, ESTADO DE MINAS GERAIS.  O conjunto do eleitorado com 16 anos ou mais foi tomado como universo da pesquisa.";"Plano Amostral: MUNICÍPIO DE GOVERNADOR VALADARES, ESTADO DE MINAS GERAIS 
A. PÚBLICO PESQUISADO: Eleitores da cidade de GOVERNADOR VALADARES, município do Estado de Minas Gerais, onde a localidade foi dividida em regiões geográficas baseadas conforme o índice populacional do censo 2010 distribuído pelo IBGE.
B. TIPO DE AMOSTRA: A amostra é estratificada por cotas e representativa para o conjunto dos eleitores do município de GOVERNADOR VALADARES, Estado de Minas Gerais. A amostra foi selecionada em três partes: 
1º parte: Seleção probabilística das regiões, através do método PPT (Probabilidade Proporcional ao Tamanho), tomando como base o número de eleitores de cada região do município. 
2º parte: Seleção aleatória dos setores censitários ou bairros dentro do município; 
3º parte: A seleção dos respondentes é feita dentro dos setores censitários, regiões ou bairros do município através quotas proporcionais de sexo, idade, escolaridade e renda familiar de acordo com o perfil da população em estudo no município.
As entrevistas são pessoais e possuem como base a fonte de dados do IBGE através do Censo 2010 e PNAD 2012, além do Cadastro de Eleitores 2014 do TSE. 
C. TAMANHO DA AMOSTRA: 585 entrevistas. 
D. PONDERAÇÃO: Devido à metodologia amostral adotada as proporções quanto a sexo, idade, escolaridade e renda familiar da amostra são as mesmas do universo pesquisado, com base no Censo Demográfico de 2010, IBGE e no Cadastro de Eleitores 2014 do TSE. Portanto, os fatores de ponderação a serem aplicados nas variáveis de sexo, idade, escolaridade e renda familiar assumem valor igual a 1(um). 
E. ÁREA FÍSICA DE REALIZAÇÃO DA PESQUISA: A ser informada e fornecida conforme artigo 2º, inciso X 5º § da Resolução 23.400 do Tribunal Superior Eleitoral TSE datada de 27 de dezembro de 2013. 
F. INTERVALO DE CONFIANÇA/MARGEM DE ERRO: O intervalo de confiança estimado é de 95% e a margem de erro máxima estimada é de 3,8 pontos percentuais para mais ou para menos sobre os resultados. 
";"As regiões da cidade de GOVERNADOR VALADARES, município do Estado de Minas Gerais são verificados em relação a consistência dos dados, analisado individualmente cada entrevista realizada. Todo trabalho é feito em tabletes ou questionários eletrônicos e o programa utiliza numero fixos para todas as perguntas apresentadas. O sistema também utiliza dois códigos extras, o “97”, quando o entrevistado coloca nenhuma ou que vota em branco ou nulo. O outro código extra é o “98” que significa respostas indecisas, eleitores que não sabem ou que não responderam. Os códigos extras não podem ser aplicados nas perguntas básicas: Número do questionário, região, município, sexo, idade, escolaridade e renda familiar. O próprio questionário padrão a Multidados já apresenta os códigos que podem ser aplicados a cada pergunta. Outras respostas apresentadas pelo entrevistado recebem o código “98”. O programa do questionário Multidados não permite duas respostas numa mesma pergunta. Checagem: Logo após a realização da coleta de dados, é feito o trabalho de checagem das entrevistas junto aos respondentes. O objetivo é, sobretudo, garantir que as entrevistas foram realmente realizadas e verificadas. Há perguntas do questionário que são reproduzidas para certificarmos de sua correta aplicação e há outras questões que se referem exclusivamente ao desempenho do entrevistador(a). Para a realização da pesquisa será utilizada uma equipe de entrevistadores devidamente treinada para este trabalho. Após os trabalhos de campo, os questionários são submetidos a uma fiscalização que consiste na checagem de 10% dos questionários aplicados individualmente pelos entrevistadores, para verificação das respostas e da adequação dos entrevistados aos parâmetros amostrais. ";"A área de abrangência da coleta é a cidade de GOVERNADOR VALADARES, município do Estado de Minas Gerais. A Relação de regiões e bairros selecionados para aplicação da amostra será apresentada até o 7º dia seguinte ao Registro da pesquisa, conforme expresso no art. 2º § 5º da resolução 23.400/2013 do TSE."
"27/02/2023";"15:36:19";2014;3;"Eleições Gerais 2014";"MG";"MG";"MINAS GERAIS";"MG000292014";"2014-05-30 00:00:00";"#NE";"09283689000183";"PROMÍDIA PESQUISAS DE OPINIÃO PÚBLICA E MARKETING";"#NE";"Governador, Deputado Federal, Deputado Estadual";"2014-05-18 00:00:00";"2014-05-20 00:00:00";306;"7655 - A";"AUGUSTO DA SILVA ROCHA";"7500,00";"Será adotada a metodologia do tipo “survey”, com entrevistas domiciliares do tipo face-a-face. As entrevistas serão realizadas por meio de cotas proporcionais de acordo com o número de eleitores em cada setor censitário, do sexo, e da idade, de acordo com dados do Censo Demográfico de 2010. Os questionários previamente elaborados de acordo com o objetivo do estudo, realizado por pesquisadores treinados para abordagem desta natureza. Público pesquisado: eleitores residentes e domiciliados no município de Muzambinho/MG.";"O plano amostral consta de quotas proporcionais as existentes no universo de acordo com as variáveis, Região, Sexo, Faixa Etária. Escolaridade e Renda Familiar não são controladas nas quotas. Variável quanto a REGIÃO: proporcional ao setor censitário do IBGE. Variável quanto ao sexo: Masculino 49,3%, Feminino 50,7%. Idade 16 a 17 anos 3,9%, 18 a 24 anos 14,7%, 25 a 29 anos 10,5%, 30 a 39 anos 19,0%, 40 a 49 anos 18,6%, 50 anos ou mais 33,3%. Para um intervalo de confiança de 95% e um tamanho de amostra 306 entrevistas, a margem de erro máxima estimada foi 5,6 pontos percentuais, para mais ou para menos.";"Todos os questionários preenchidos recebem crítica para avaliação da consistência dos dados coletados. 20% dos questionários são separados, aleatoriamente, para ser submetida à conferência através de novos contatos com os entrevistados, medida sempre adotada e que visa garantir a qualidade e fidelidade dos dados coletados. A consistência dos dados é verificada pelo seu conteúdo e lógica. 

";"ÁREA URBANA 
ÁREA RURAL"
"27/02/2023";"15:36:19";2014;3;"Eleições Gerais 2014";"MG";"MG";"MINAS GERAIS";"MG000812014";"2014-09-04 00:00:00";"#NE";"65237786000100";"DIVIDADOS INSTITUTO DE PESQUISA OPINIÃO E MERCADO LTDA";"#NE";"Governador, Senador, Deputado Federal, Deputado Estadual";"2014-09-04 00:00:00";"2014-09-05 00:00:00";400;"7772";"DENISE MAGRI MENDES";"9900,00";"O presente trabalho constitui-se numa Pesquisa de Opinião de caráter quantitativo(survey). Essa modalidade de pesquisa implica em tratamento estatístico dos dados levantados em campo, com vistas a criar quadros com freqüências das respostas obtidas, para posterior análise e inferências. O presente relatório contém, pois os resultados quantitativos da pesquisa de opinião realizada junto à população do município de Divinópolis-MG, no dia 04 e 05 de Setembro de 2014. Pretendeu o presente estudo, conhecer a intenção de voto para Presidente, Senador, Governador de Minas Gerais, Deputado Federal e Deputado Estadual, nas próximas eleições em outubro de 2014. Para o universo de 152.121 eleitores, de Divinópolis (TSE – 2014), foram realizadas 400 (quatrocentas) entrevistas, o que garantiu, para um intervalo de confiança de 95%, uma margem máxima de erro de 4,9%. Utilizando-se o critério probabilístico por múltiplos estágios a amostra foi distribuída obedecendo a densidade populacional de cada região em que a cidade está subdividida. Em seguida, os entrevistados foram identificados segundo sexo, faixa etária, nível de escolaridade e nível de renda. A técnica utilizada foi o formulário, em razão de termos optado pela entrevista como forma de ir de encontro aos dados de que necessitamos. As vantagens que possui o uso dessa técnica reside na possibilidade de ser utilizada em uma população heterogênea, além de estabelecer rapport devido ao contato pessoal e assim, pela ação do entrevistador, conseguir a colaboração e a seriedade necessárias ao trabalho de investigação. O formulário utilizado foi composto de 12 (Doze) perguntas, elaboradas com a necessária vigilância epistemológica. As perguntas constantes do formulário são classificadas tecnicamente como de múltipla escolha, com mostruário fechado e/ou aberto. A técnica utilizada foi a do formulário, em razão de apresentar a vantagem de estabelecer um vínculo direto entre entrevistador e entrevistado, conseguindo assim a colaboração destes últimos e a seriedade nas suas respostas. ";" Para o universo de 152.121 eleitores, de Divinópolis (TSE – 2014), foram realizadas 400 (quatrocentas) entrevistas, o que garantiu, para um intervalo de confiança de 95%, uma margem máxima de erro de 4,9%.";"A DIVIDADOS opta por um trabalho de campo diretamente assistido por uma coordenação. Cada grupo de entrevistadores foi conduzido em veículo da empresa diretamente aos locais de coleta de dados, e supervisionados por um coordenador de grupo. Assim, quaisquer eventuais dúvidas, divergências, ou incongruências nas respostas obtidas foram dirimidas imediatamente na própria região de coleta; A digitação, apuração e tabulação dos resultados finais foram realizadas por programas de computador especialmente desenvolvidos pelo nosso corpo técnico.";"#NULO#"
"27/02/2023";"15:36:19";2014;3;"Eleições Gerais 2014";"MG";"MG";"MINAS GERAIS";"MG001222014";"2014-09-23 00:00:00";"#NE";"09283689000183";"PROMÍDIA PESQUISAS DE OPINIÃO PÚBLICA E MARKETING";"#NE";"Governador, Senador, Deputado Federal, Deputado Estadual";"2014-09-19 00:00:00";"2014-09-25 00:00:00";415;"7655 - A";"AUGUSTO DA SILVA ROCHA";"4200,00";"Será adotada a metodologia do tipo “survey”, com entrevistas domiciliares do tipo face-a-face. As entrevistas serão realizadas por meio de cotas proporcionais de acordo com o número de eleitores em cada setor censitário, do sexo, e da idade, de acordo com dados do Censo Demográfico de 2010. Os questionários previamente elaborados de acordo com o objetivo do estudo, realizado por pesquisadores treinados para abordagem desta natureza. Público pesquisado: eleitores residentes e domiciliados no município de Alpinópolis/MG.";"O plano amostral consta de quotas proporcionais as existentes no universo de acordo com as variáveis, Região, Sexo, Faixa Etária. Escolaridade e Renda Familiar não são controladas nas quotas. Variável quanto a REGIÃO: proporcional ao setor censitário do IBGE. Variável quanto ao sexo: Masculino 51,6%, Feminino 48,4%. Idade 16 a 17 anos 5,1%, 18 a 24 anos 15,9%, 25 a 29 anos 11,3%, 30 a 39 anos 18,8%, 40 a 49 anos 19,3%, 50 anos ou mais 29,6%. Para um intervalo de confiança de 95% e um tamanho de amostra 415 entrevistas, a margem de erro máxima estimada foi 4,75 pontos percentuais, para mais ou para menos.";"Todos os questionários preenchidos recebem crítica para avaliação da consistência dos dados coletados. 20% dos questionários são separados, aleatoriamente, para ser submetida à conferência através de novos contatos com os entrevistados, medida sempre adotada e que visa garantir a qualidade e fidelidade dos dados coletados. A consistência dos dados é verificada pelo seu conteúdo e lógica. 

";"#NULO#"
"27/02/2023";"15:36:19";2014;3;"Eleições Gerais 2014";"MG";"MG";"MINAS GERAIS";"MG001682014";"2014-09-26 00:00:00";"#NE";"09283689000183";"PROMÍDIA PESQUISAS DE OPINIÃO PÚBLICA E MARKETING";"#NE";"Governador, Senador, Deputado Federal, Deputado Estadual";"2014-09-25 00:00:00";"2014-09-30 00:00:00";523;"7655 - A";"AUGUSTO DA SILVA ROCHA";"8900,00";"Será adotada a metodologia do tipo “survey”, com entrevistas domiciliares do tipo face-a-face. As entrevistas serão realizadas por meio de cotas proporcionais de acordo com o número de eleitores em cada setor censitário, do sexo, e da idade, de acordo com dados do Censo Demográfico de 2010. Os questionários previamente elaborados de acordo com o objetivo do estudo, realizado por pesquisadores treinados para abordagem desta natureza. Público pesquisado: eleitores residentes e domiciliados no município de FORMIGA/MG.";"O plano amostral consta de quotas proporcionais as existentes no universo de acordo com as variáveis, Região, Sexo, Faixa Etária. Escolaridade e Renda Familiar não são controladas nas quotas. Variável quanto a REGIÃO: proporcional ao setor censitário do IBGE. Variável quanto ao sexo: Masculino 48,9%, Feminino 51,1%. Idade 16 a 17 anos 4,0%, 18 a 24 anos 14,9%, 25 a 29 anos 10,5%, 30 a 39 anos 19,3%, 40 a 49 anos 19,5%, 50 anos ou mais 31,7%. Para um intervalo de confiança de 95% e um tamanho de amostra 523 entrevistas, a margem de erro máxima estimada foi 4,2 pontos percentuais, para mais ou para menos.";"Todos os questionários preenchidos recebem crítica para avaliação da consistência dos dados coletados. 20% dos questionários são separados, aleatoriamente, para ser submetida à conferência através de novos contatos com os entrevistados, medida sempre adotada e que visa garantir a qualidade e fidelidade dos dados coletados. A consistência dos dados é verificada pelo seu conteúdo e lógica. 

";"#NULO#"
"27/02/2023";"15:36:19";2014;3;"Eleições Gerais 2014";"MG";"MG";"MINAS GERAIS";"MG001162014";"2014-09-20 00:00:00";"#NE";"86849395000117";"Sensus Data World Pesquisa e Consultoria S/C Ltda";"#NE";"Governador, Senador";"2014-09-21 00:00:00";"2014-09-26 00:00:00";1500;"8429 / 5ª Região";"Felipe Abrahão Coelho Fantauzzi ";"60000,00";"1.500 Entrevistas, ponderadas pelas 12 Regiões do Estado, com o sorteio aleatório de 53 Municípios por representatividade de grupos populacionais. Probabilística sistemática com cotas para Sexo, Idade, Escolaridade e Renda no Setor Censitário. ";"a) Ponderação sexo, idade, instrução, nível econômico. Sexo: 48,7% Masculino; 51,3% Feminino. Idade: 4,6% de 16 a 17 anos; 16,2% de 18 a 24 anos; 11,5% de 25 a 29 anos; 20,3% de 30 a 39 anos; 18,0% de 40 a 49 anos; 29,4% 50 anos ou mais. Instrução 34,1% até 4a Série do Ensino Fundamental 22,6% da 5a a 8a Série do Ensino Fundamental; 30,2%% da 1a a 3a Série do Ensino Médio; 13,1% Superior completo ou incompleto. Nível Econômico: 20,9% até 01 SM; 59,9% Mais de 01 até 05 SM; 12,7% Mais 05 até 10 SM; 4,5% Mais de 10 até 20 SM; 1,9% Acima 20 SM. b) Intervalo de Confiança = 95%, Margem de Erro = ± 2,5% ";"A equipe de trabalho de campo é formada por entrevistadores e coordenadores. Os entrevistadores aplicam as entrevistas individuais domiciliares em Setores Censitários do IBGE previamente sorteados pelo Instituto, dentro de um prazo pré-definido, enquanto os Coordenadores fiscalizam o trabalho dos Entrevistadores. É atribuição dos Coordenadores: 1) Garantir o cumprimento correto das entrevistas; 2) Anular questionários que não cumpram a amostra através da conferência das cotas; 3) Anular questionários preenchidos e/ou aplicados incorretamente; 4) Fazer cumprir o trabalho de campo dentro do prazo especificado. Após conclusão do trabalho de campo é realizada uma checagem de cerca de 15% dos questionários aplicados, através de verificação in loco: 1) Confirmação da existência do entrevistado; 2) Verificação de cotas (Sexo, Idade, Escolaridade e Renda); 3) Verificação da aplicação integral do questionário. 
";"Abadia dos Dourados, Andradas, Araguari, Augusto de Lima, Belo Horizonte, Betim, Bom Despacho, Brasília de Minas, Brasópolis, Capitão Enéas, Contagem, Coronel Murta, Diamantina, Divinópolis, Engenheiro Navarro, Frutal, Governador Valadares, Ibiá, Ibirité, Ipatinga, Itabira, Itaguara, Itamogi, Itumirim, Januária, Juatuba, Juiz de Fora, Laranjal, Leopoldina, Matipó, Matozinhos, Montes Claros, Muriaé, Muzambinho, Nova Lima, Oliveira, Paracatu, Passos, Pedro Leopoldo, Pirapetinga, Poços de Caldas, Ribeirão das Neves, Sabinópolis, São Bento Abade, São Gonçalo do Pará, São João del Rei, São Sebastião do Paraíso, Sete Lagoas, Sobrália, Teófilo Otoni, Timóteo, Uberaba e Uberlândia."
"27/02/2023";"15:36:19";2014;3;"Eleições Gerais 2014";"MG";"MG";"MINAS GERAIS";"MG001632014";"2014-09-25 00:00:00";"#NE";"00852501000104";"VOX OPINIÃO PESQUISA E PROJETOS LTDA";"#NE";"Governador, Senador";"2014-09-27 00:00:00";"2014-09-29 00:00:00";2400;"5ª REGIÃO Nº 8641";"MARIA CECÍLIA SACRAMENTO SOUZA";"160368,00";"Pesquisa quantitativa, que consiste na realização de entrevistas pessoais, com a aplicação de questionários estruturados e padronizados junto a uma amostra representativa do eleitorado do estado de de Minas Gerais.";"Plano Amostral:

a)	Público pesquisado: eleitores no estado de Minas Gerais.
 
b)	Tipo de amostra: A amostra é estratificada por cota e representativa para o conjunto dos eleitores do estado de Minas Gerais. A amostra foi selecionada em três estágios: 

1º estágio: seleção probabilística de municípios, através do método PPT (Probabilidade Proporcional ao Tamanho), tomando como base o número de eleitores de cada município;

2º estágio: seleção aleatória dos setores censitários ou bairros dentro do município; 

3º estágio: seleção dos respondentes dentro dos setores censitários ou bairros através de uma quota proporcional de Gênero, Idade, Escolaridade e Renda Familiar, de acordo com o perfil da população em estudo.

As entrevistas foram pessoais e domiciliares.


Fonte de dados: IBGE, Censo 2010 e PNAD 2012
			  TSE, Cadastro de Eleitores 2014

c)	Tamanho da amostra: 2.400 entrevistas.

d)	Ponderação: Devido à metodologia amostral adotada as proporções quanto a sexo, idade, escolaridade e renda familiar da amostra são as mesmas do universo pesquisado, com base no Censo Demográfico de 2010 – IBGE e no Cadastro de Eleitores 2014 do TSE. Portanto, os fatores de ponderação a serem aplicados nas variáveis sexo, idade, escolaridade e renda familiar assumem valor igual a 1(um).

e)	Área física de realização da pesquisa: A ser informada e fornecida conforme artigo 2º, inciso X 5º § da Resolução 23.400 do Tribunal Superior Eleitoral – TSE datada de 27 de dezembro de 2013. 

f)	Intervalo de Confiança/Margem de Erro: O intervalo de confiança estimado é de 95% e a margem de erro máxima estimada é de 2,0 pontos percentuais para mais ou para menos sobre os resultados encontrados no total da amostra.

g)	Checagem: Logo após a realização da coleta de dados, é feito o trabalho de checagem das entrevistas junto aos respondentes. O objetivo é, sobretudo, garantir que a entrevista foi realmente realizada e verificar como o respondente se sentiu em relação à pesquisa. Há perguntas do questionário que são reproduzidas para certificarmos de sua correta aplicação e há outras questões que se referem exclusivamente à performance do entrevistador. São aproximadamente 20% dos respondentes de cada entrevistador que irão receber o contato dos checadores.
";"Para a realização da pesquisa será utilizada uma equipe de entrevistadores e supervisores devidamente treinada para este trabalho. Após os trabalhos de campo, os questionários são submetidos a uma fiscalização que consiste no retorno a campo de 20% dos questionários aplicados individualmente pelos entrevistadores, para verificação das respostas e da adequação dos entrevistados aos parâmetros amostrais.";"SERÁ ENVIADO APÓS DIVULGAÇÃO."
"27/02/2023";"15:36:19";2014;3;"Eleições Gerais 2014";"MG";"MG";"MINAS GERAIS";"MG001942014";"2014-09-29 00:00:00";"#NE";"68802370000186";"IBOPE INTELIGÊNCIA PESQUISA E CONSULTORIA LTDA. ";"#NE";"Governador, Senador";"2014-09-29 00:00:00";"2014-10-04 00:00:00";2002;"6208-A";"Márcia Cavallari Nunes";"133933,80";"Pesquisa quantitativa, que consiste na realização de entrevistas pessoais com a aplicação de questionário estruturado junto a uma amostra representativa do eleitorado em estudo.";"Representativa do eleitorado da área em estudo, elaborada em três estágios.
No primeiro estágio faz-se um sorteio probabilístico dos municípios, onde as entrevistas serão realizadas, pelo método PPT (Probabilidade Proporcional ao Tamanho), tomando o eleitorado como base para tal seleção.
No segundo estágio faz-se um sorteio probabilístico dos setores censitários, onde as entrevistas serão realizadas, pelo método PPT (Probabilidade Proporcional ao Tamanho), tomando a população de 16 anos ou mais residente nos setores como base para tal seleção. No terceiro e último estágio, dentro dos setores sorteados, os respondentes são selecionados através de quotas amostrais proporcionais em função de variáveis significativas, a saber: IDADE: 16-24 (masculino) 19% (feminino) 18%; 25-34 (masculino) 25% (feminino) 25%; 35-44 (masculino) 20% (feminino) 20%; 45-54 (masculino) 17% (feminino) 18%; 55 e+ (masculino) 18% (feminino) 20%; INSTRUÇÃO: Até Ensino Médio (masculino) 85% (feminino) 80%; Ensino Superior (masculino) 15% (feminino) 20%; NÍVEL ECONÔMICO: Economicamente ativo (masculino) 82% (feminino) 60%; Não Economicamente ativo (masculino) 18% (feminino) 40%. 
Está prevista eventual ponderação para correção das variáveis sexo e idade, com base nos percentuais anteriormente mencionados, caso ocorram diferenças superiores a 3 pontos percentuais entre o previsto na amostra e a coleta de dados realizada. Para as variáveis de grau de instrução e nível econômico do entrevistado, o fator previsto para ponderação é 1 (resultados obtidos em campo). O nível de confiança estimado é de 95% e a margem de erro máxima estimada considerando um modelo de amostragem aleatório simples, é de 2 (dois) pontos percentuais para mais ou para menos sobre os resultados encontrados no total da amostra.
FONTE DOS DADOS: Censo 2010 | PNAD 2012 | TSE 2014 | Entre outras.
";"Para a realização da pesquisa, utiliza-se uma equipe de entrevistadores e supervisores contratados pelo IBOPE INTELIGÊNCIA PESQUISA E CONSULTORIA LTDA. devidamente treinados para o trabalho. Após os trabalhos de campo, os questionários são submetidos a uma fiscalização de cerca de 20% (vinte por cento) dos questionários aplicados pelos entrevistadores; para verificação das respostas e da adequação dos entrevistados aos parâmetros amostrais.";"A área de abrangência da coleta é o Estado de Minas Gerais. A Relação de municípios selecionados para aplicação da amostra será apresentada até o 7º dia seguinte ao Registro da pesquisa, conforme expresso no art. 2º § 5º da resolução 23.400/2013 do TSE."
"27/02/2023";"15:36:19";2014;3;"Eleições Gerais 2014";"MG";"MG";"MINAS GERAIS";"MG000612014";"2014-08-04 00:00:00";"#NE";"19090489000168";"MDA PESQUISA DE OPINIÃO PÚBLICA E CONSULTORIA ESTATÍSTICA LTDA";"#NE";"Governador, Senador";"2014-08-03 00:00:00";"2014-08-07 00:00:00";2002;"Série A No. 8109";"Marcelo Costa Souza";"75000,00";"Será adotada a metodologia quantitativa do tipo “survey”, com entrevistas pessoais, do tipo face-a-face por meio da utilização de questionário estruturado, sendo o universo representado pelos eleitores de Minas Gerais.";"O Universo desta pesquisa compreende os eleitores de Minas Gerais com idade a partir de 16 anos, residentes em 10 regiões de planejamento, a saber: Alto Paranaíba, Central, Centro Oeste, Jequitinhonha/Mucuri, Noroeste, Norte, Rio Doce, Sul de Minas, Triângulo e Zona da Mata.
O plano amostral foi delineado a partir de informações disponibilizadas pelo TSE(2014) e IBGE(2013). Inicialmente as entrevistas foram distribuídas de forma proporcional ao eleitorado por região de planejamento. Em seguida, os municípios participantes da amostra foram definidos por meio do método Probabilidade Proporcional ao Tamanho (PPT), sendo que a capital do Estado e as cidades com mais de 500.000 habitantes entraram com probablidade de seleção igual a 1. Ainda neste procedimento, leva-se em conta o controle por porte do município (até 20.000 habitantes, 20.000 a 50.000, 50.000 a 100.000, de 100.000 a 1.000.000 e acima de 1.000.000) de forma proporcional ao eleitorado. Por fim, já no município, é realizada a seleção aleatória de setores censitários ou bairros onde serão alocadas as entrevistas de forma proporcional ao universo em função do gênero e faixa etária do eleitorado.
Para o conjunto da amostra, os tamanhos são: 7,9% de homens com 16 a 24 anos, 11,5% para homens com 25 a 34 anos, 9,8% para homens com 35 a 44 anos, 12,1% para homens com 45 a 59 anos e 7,2% para homens com 60 anos ou mais. 8,0% para mulheres com 16 a 24 anos, 11,8% para mulheres com 25 a 34 anos, 10,3% para mulheres com 35 a 44 anos, 13,0% para mulheres com 45 a 59 anos e 8,4% para mulheres com 60 anos ou mais. As informações sobre nível econômico e escolaridade serão levantadas na própria pesquisa, tendo como controles a dispersão das entrevistas, seleção aleatória de setores censitários e/ou bairros, representatividade por porte do município, unidade da federação e região geográfica. A ponderação prevista para estas variáveis é igual a 1.
Está prevista a realização de 2.002 entrevistas, o que fornece um erro amostral para o resultado total de no máximo 2,2 pontos percentuais considerando grau de confiança de 95%. Os intervalos de confiança serão calculados com base nos percentuais obtidos e com grau de confiança de 95%.
A relação completa dos municípios e bairros pesquisados será encaminhada a esse tribunal após a publicação dos resultados.
";"Os pesquisadores foram treinados especificamente para este projeto, com simulação de entrevistas e discussão de todas as questões. O trabalho de campo é fiscalizado por Coordenadores de Equipe, especialmente treinados para esta tarefa.
As entrevistas são realizadas, em sua maioria, utilizando tablets e questionário eletrônico. Do total dos questionários preenchidos, parte será sorteada de forma aleatória para conferência, via telefone, através de novo contato com o entrevistado, garantindo um mínimo de vinte por cento de checagem. Nesse contato são verificadas respostas fornecidas pelo entrevistado assim como adequação aos parâmetros amostrais previamente definidos. Todos os procedimentos acima são realizados por profissionais especializados e com vasta experiência na condução e controle de pesquisas de opinião.
Todos os pesquisadores elaboram um relatório de campo reportando as características das pesquisas e a percepção dos entrevistados em relação às questões realizadas.
";"A relação completa dos municípios e bairros pesquisados será encaminhada a esse tribunal após a publicação dos resultados."
"27/02/2023";"15:36:19";2014;3;"Eleições Gerais 2014";"MG";"MG";"MINAS GERAIS";"MG000702014";"2014-08-26 00:00:00";"#NE";"00852501000104";"VOX OPINIÃO PESQUISA E PROJETOS LTDA";"#NE";"Governador, Senador";"2014-08-22 00:00:00";"2014-08-24 00:00:00";1192;"5ª REGIÃO Nº 8641";"MARIA CECÍLIA SACRAMENTO SOUZA";"79645,00";"Pesquisa quantitativa, que consiste na realização de entrevistas pessoais, com a aplicação de questionários estruturados e padronizados junto a uma amostra representativa do eleitorado do estado de Minas Gerais.";"Plano Amostral:

a)	Público pesquisado: eleitores no estado de Minas Gerais.
 
b)	Tipo de amostra: A amostra é estratificada por cota e representativa para o conjunto dos eleitores do estado de Minas Gerais. A amostra foi selecionada em três estágios: 

1º estágio: seleção probabilística de municípios, através do método PPT (Probabilidade Proporcional ao Tamanho), tomando como base o número de eleitores de cada município;

2º estágio: seleção aleatória dos setores censitários ou bairros dentro do município; 

3º estágio: seleção dos respondentes dentro dos setores censitários ou bairros através de uma quota proporcional de Gênero, Idade, Escolaridade e Renda Familiar, de acordo com o perfil da população em estudo.

As entrevistas foram pessoais e domiciliares.


Fonte de dados: IBGE, Censo 2010 e PNAD 2012
			  TSE, Cadastro de Eleitores 2014

c)	Tamanho da amostra: 1.192 entrevistas.

d)	Ponderação: Devido à metodologia amostral adotada as proporções quanto a sexo, idade, escolaridade e renda familiar da amostra são as mesmas do universo pesquisado, com base no Censo Demográfico de 2010 – IBGE e no Cadastro de Eleitores 2014 do TSE. Portanto, os fatores de ponderação a serem aplicados nas variáveis sexo, idade, escolaridade e renda familiar assumem valor igual a 1(um).

e)	Área física de realização da pesquisa: A ser informada e fornecida conforme artigo 2º, inciso X 5º § da Resolução 23.400 do Tribunal Superior Eleitoral – TSE datada de 27 de dezembro de 2013. 

f)	Intervalo de Confiança/Margem de Erro: O intervalo de confiança estimado é de 95% e a margem de erro máxima estimada é de 2,8 pontos percentuais para mais ou para menos sobre os resultados encontrados no total da amostra.

g)	Checagem: Logo após a realização da coleta de dados, é feito o trabalho de checagem das entrevistas junto aos respondentes. O objetivo é, sobretudo, garantir que a entrevista foi realmente realizada e verificar como o respondente se sentiu em relação à pesquisa. Há perguntas do questionário que são reproduzidas para certificarmos de sua correta aplicação e há outras questões que se referem exclusivamente à performance do entrevistador. São aproximadamente 20% dos respondentes de cada entrevistador que irão receber o contato dos checadores.
";"Para a realização da pesquisa será utilizada uma equipe de entrevistadores e supervisores devidamente treinada para este trabalho. Após os trabalhos de campo, os questionários são submetidos a uma fiscalização que consiste no retorno a campo de 20% dos questionários aplicados individualmente pelos entrevistadores, para verificação das respostas e da adequação dos entrevistados aos parâmetros amostrais.";"#NULO#"
"27/02/2023";"15:36:19";2014;3;"Eleições Gerais 2014";"MG";"MG";"MINAS GERAIS";"MG001192014";"2014-09-22 00:00:00";"#NE";"11047803000118";"Sinfor - Consultoria e Pesquisa Rio Preto LTDA";"#NE";"Governador, Senador, Deputado Federal, Deputado Estadual";"2014-09-14 00:00:00";"2014-09-14 00:00:00";382;"9077/5ª";"Edmilson Antônio Pereira Junior";"12033,00";" A metodologia aplicada foi a da pesquisa quantitativa por amostragem (survey); sendo esta aleatória e estratificada por setor, sexo, idade, grau de instrução, situação de trabalho e classificação socioeconômica da ABEP (Associação Brasileira de Empresas de Pesquisa). Foram realizadas entrevistas domiciliares, junto ao morador presente na residência selecionada.
Os dados são coletados de forma que todos os entrevistados possam ser ouvidos em situações idênticas. Isso quer dizer que, à frente de todos os entrevistados os entrevistadores se apresentam da mesma maneira e aplicam o mesmo conjunto de perguntas por meio de um questionário previamente elaborado e aprovado pelo cliente.
Há uma preocupação permanente com a amostragem e com a generalização dos resultados. Cada indivíduo dentro do universo amostral (município de Iturama - MG) possui chances iguais de ser entrevistado e, mesmo que diferentes pessoas analisem os números, elas chegarão a conclusões semelhantes, diante do conjunto de dados. 
";"O universo da pesquisa é composto pelos eleitores de Iturama - MG. O tamanho da amostra da amostra é de 382 entrevistas, o que corresponde a uma margem de erro de 5,0%, para mais ou para menos, e um nível de confiança 95%. 
A amostragem do município é estratificada de acordo com o número de domicílios existentes nos setores censitários (Dados obtidos pelos microdados do Censo Demográfico de 2010, IBGE), sendo que perfil dos entrevistados obedece a quotas proporcionais a sexo, idade e grau de instrução, cujas informações são do Tribunal Superior Eleitoral - 2014 (Masculino 50,15%; Feminino 49,84%. 16 a 17 anos 2,14%; 18 a 24 anos 15,12%; 25 a 34 anos 23,3%; 35 a 44 anos 20,65%; 45 a 59 anos 23,32%; 60 ou mais 15,43%. Analfabeto; Lê e Escreve; Fundamental Incompleto; Fundamental Completo, Médio Incompleto; Médio Completo; Superior Incompleto; Superior Completo) e também em relação à situação de trabalho e classificação social, de acordo com a ABEP (Empregador; Profissional Liberal; Empregado; Desempregado; Estudante; Aposentado; Dona de Casa; Funcionário Público. A; B; C; D; E).
Área 1: 52 entrevistados 13,7%
Área 2: 57 entrevistados 14,8%
Área 3: 18 entrevistados 4,8%
Área 4: 29 entrevistados 7,7%
Área 5: 31 entrevistados 8,2%
Área 6: 16 entrevistados 4,2%
Área 7: 24 entrevistados 6,2%
Área 8: 29 entrevistados 7,6%
Área 9: 26 entrevistados 6,8%
Área 10: 33 entrevistados 8,6%
Área 11: 13 entrevistados 3,4%
Área 12: 6 entrevistados 1,6%
Área 13: 21 entrevistados 5,5%
Área 14: 13 entrevistados 3,3%
Área 15: 14 entrevistados 3,6 %
";"Os questionários aplicados passam por um processo de supervisão crítica e checagem aleatória. Somente após esta criteriosa análise, os dados são tabulados no programa SPHINX Brasil (WWW.sphinxbrasil.com).";"Município de Iturama – MG."
"27/02/2023";"15:36:19";2014;3;"Eleições Gerais 2014";"MG";"MG";"MINAS GERAIS";"MG001202014";"2014-09-22 00:00:00";"#NE";"11047803000118";"Sinfor - Consultoria e Pesquisa Rio Preto LTDA";"#NE";"Governador, Senador, Deputado Federal, Deputado Estadual";"2014-09-07 00:00:00";"2014-09-07 00:00:00";382;"9077/5ª";"Edmilson Antônio Pereira Junior";"12033,00";"A metodologia aplicada foi a da pesquisa quantitativa por amostragem (survey); sendo esta aleatória e estratificada por setor, sexo, idade, grau de instrução, situação de trabalho e classificação socioeconômica da ABEP (Associação Brasileira de Empresas de Pesquisa). Foram realizadas entrevistas domiciliares, junto ao morador presente na residência selecionada.
Os dados são coletados de forma que todos os entrevistados possam ser ouvidos em situações idênticas. Isso quer dizer que, à frente de todos os entrevistados os entrevistadores se apresentam da mesma maneira e aplicam o mesmo conjunto de perguntas por meio de um questionário previamente elaborado e aprovado pelo cliente.
Há uma preocupação permanente com a amostragem e com a generalização dos resultados. Cada indivíduo dentro do universo amostral (município de Frutal e Distrito de Aparecida de Minas - MG) possui chances iguais de ser entrevistado e, mesmo que diferentes pessoas analisem os números, elas chegarão a conclusões semelhantes, diante do conjunto de dados. 
";"O universo da pesquisa é composto pelos eleitores de Frutal e do distrito de Aparecida de Minas - MG. O tamanho da amostra da amostra é de 382 entrevistas, o que corresponde a uma margem de erro de 5%, para mais ou para menos, e um nível de confiança 95%. 
A amostragem do município é estratificada de acordo com o número de domicílios existentes nos setores censitários (Dados obtidos pelos microdados do Censo Demográfico de 2010, IBGE), sendo que perfil dos entrevistados obedece a quotas proporcionais a sexo, idade e grau de instrução, cujas informações são do Tribunal Superior Eleitoral - 2014 (Masculino 48,68%; Feminino 51,24%. 16 a 17 anos 0,78%; 18 a 24 anos 13,23%; 25 a 34 anos 21,72%; 35 a 44 anos 19,25%; 45 a 59 anos 25,28%; 60 ou mais 19,74%. Analfabeto; Lê e Escreve; Fundamental Incompleto; Fundamental Completo, Médio Incompleto; Médio Completo; Superior Incompleto; Superior Completo) e também em relação à situação de trabalho e classificação social, de acordo com a ABEP (Empregador; Profissional Liberal; Empregado; Desempregado; Estudante; Aposentado; Dona de Casa; Funcionário Público. A; B; C; D; E).
Área 1: 28 entrevistados 7,30%
Área 2: 24 entrevistados 6,19%
Área 3: 26 entrevistados 6,69%
Área 4: 19 entrevistados 5,09%
Área 5: 26 entrevistados 6,79%
Área 6: 25 entrevistados 6,45%
Área 7: 26 entrevistados 6,75%
Área 8: 16 entrevistados 4,17%
Área 9: 28 entrevistados 7,33%
Área 10: 31 entrevistados 8,15%
Área 11: 23 entrevistados 5,90%
Área 12: 29 entrevistados 7,68%
Área 13: 17 entrevistados 4,32%
Área 14: 42 entrevistados 10,99%
Área 15: 24 entrevistados 6,20 %
";"Os questionários aplicados passam por um processo de supervisão crítica e checagem aleatória. Somente após esta criteriosa análise, os dados são tabulados no programa SPHINX Brasil (WWW.sphinxbrasil.com).";"Município de Frutal e distrito de Aparecida de Minas – MG."
"27/02/2023";"15:36:19";2014;3;"Eleições Gerais 2014";"MG";"MG";"MINAS GERAIS";"MG001932014";"2014-09-28 00:00:00";"#NE";"19090489000168";"MDA PESQUISA DE OPINIÃO PÚBLICA E CONSULTORIA ESTATÍSTICA LTDA";"#NE";"Governador, Senador";"2014-10-01 00:00:00";"2014-10-02 00:00:00";1500;"Série A No. 8109";"Marcelo Costa Souza";"60000,00";"Será adotada a metodologia quantitativa do tipo “survey”, com entrevistas pessoais, do tipo face-a-face por meio da utilização de questionário estruturado, sendo o universo representado pelos eleitores de Minas Gerais.";"O Universo desta pesquisa compreende os eleitores de Minas Gerais com idade a partir de 16 anos, residentes em 10 regiões de planejamento, a saber: Alto Paranaíba, Central, Centro Oeste, Jequitinhonha/Mucuri, Noroeste, Norte, Rio Doce, Sul de Minas, Triângulo e Zona da Mata.
O plano amostral foi delineado a partir de informações disponibilizadas pelo TSE(2014) e IBGE(2013). Inicialmente as entrevistas foram distribuídas de forma proporcional ao eleitorado por região de planejamento. Em seguida, os municípios participantes da amostra foram definidos por meio do método Probabilidade Proporcional ao Tamanho (PPT), sendo que a capital do Estado e as cidades com mais de 500.000 habitantes entraram com probablidade de seleção igual a 1. Ainda neste procedimento, leva-se em conta o controle por porte do município (até 20.000 habitantes, 20.000 a 50.000, 50.000 a 100.000, de 100.000 a 1.000.000 e acima de 1.000.000) de forma proporcional ao eleitorado. Por fim, já no município, é realizada a seleção aleatória de setores censitários ou bairros onde serão alocadas as entrevistas de forma proporcional ao universo em função do gênero e faixa etária do eleitorado.
Para o conjunto da amostra, os tamanhos são: 7,8% de homens com 16 a 24 anos, 11,4% para homens com 25 a 34 anos, 9,8% para homens com 35 a 44 anos, 12,1% para homens com 45 a 59 anos e 7,5% para homens com 60 anos ou mais. 7,9% para mulheres com 16 a 24 anos, 11,7% para mulheres com 25 a 34 anos, 10,3% para mulheres com 35 a 44 anos, 13,1% para mulheres com 45 a 59 anos e 8,5% para mulheres com 60 anos ou mais. As informações sobre nível econômico e escolaridade serão levantadas na própria pesquisa, tendo como controles a dispersão das entrevistas, seleção aleatória de setores censitários e/ou bairros, representatividade por porte do município, unidade da federação e região geográfica. A ponderação prevista para estas variáveis é igual a 1.
Está prevista a realização de 1.500 entrevistas, o que fornece um erro amostral para o resultado total de no máximo 2,5 pontos percentuais considerando grau de confiança de 95%. Os intervalos de confiança serão calculados com base nos percentuais obtidos e com grau de confiança de 95%.
A relação completa dos municípios e bairros pesquisados será encaminhada a esse tribunal após a publicação dos resultados.
";"Os pesquisadores foram treinados especificamente para este projeto, com simulação de entrevistas e discussão de todas as questões. O trabalho de campo é fiscalizado por Coordenadores de Equipe, especialmente treinados para esta tarefa.
As entrevistas são realizadas, em sua maioria, utilizando tablets e questionário eletrônico. Do total dos questionários preenchidos, parte será sorteada de forma aleatória para conferência, via telefone, através de novo contato com o entrevistado, garantindo um mínimo de vinte por cento de checagem. Nesse contato são verificadas respostas fornecidas pelo entrevistado assim como adequação aos parâmetros amostrais previamente definidos. Todos os procedimentos acima são realizados por profissionais especializados e com vasta experiência na condução e controle de pesquisas de opinião.
Todos os pesquisadores elaboram um relatório de campo reportando as características das pesquisas e a percepção dos entrevistados em relação às questões realizadas.
";"A relação completa dos municípios e bairros pesquisados será encaminhada a esse tribunal após a publicação dos resultados."
"27/02/2023";"15:36:19";2014;3;"Eleições Gerais 2014";"MG";"MG";"MINAS GERAIS";"MG000012014";"2014-01-03 00:00:00";"#NE";"18886742000121";"DADO PESQUISA E CONSULTORIA LTDA";"#NE";"Governador, Deputado Estadual";"2013-12-10 00:00:00";"2013-12-13 00:00:00";720;"7655-A";"Augusto da Silva Rocha";"7500,00";"1.	Público Pesquisado
População residente em BARRETOS/PR com 16 anos ou mais de idade.

2.	Metodologia
A abordagem utilizada consiste na aplicação de uma amostragem aleatória representativa da população residente com 16 anos ou mais de idade. 
A amostra é selecionada em dois estágios sendo que no primeiro faz-se uma divisão da amostra proporcionalmente ao número de habitantes acima de 16 anos de idade dentro de cada área geográfica intra-municipal.
No segundo estágio, para cada área geográfica, os respondentes são selecionados aleatoriamente respeitando-se quotas proporcionais controladas por região geográfica, sexo e faixa etária, de acordo com o perfil da população em estudo.
3.	Fonte de Dados
•	IBGE (Censo 2010) e TRE - Julho 2012.
";"Para um intervalo de confiança de 95% e um tamanho de amostra de 720 entrevistas, a margem de erro máxima estimada foi de 3,7 pontos percentuais, para mais ou para menos.
Faixa Etária	Masculino		Feminino		Total	
16 a 17 anos	4	0,50%	4	0,50%	8	1,00%
18 a 24 anos	45	6,90%	55	7,10%	100	14,00%
25 a 34 anos	80	11,00%	82	11,50%	162	22,50%
35 a 59 anos	149	20,40%	167	23,40%	316	43,90%
60 anos ou mais	59	8,00%	75	10,50%	134	18,60%
Total	337	46,90%	383	53,10%	720	100,00%

Escolaridade	%
ANALFABETO	1,5%
LÊ E ESCREVE	5,0%
ENSINO FUNDAMENTAL INCOMPLETO	34,1%
ENSINO FUNDAMENTAL COMPLETO	8,0%
ENSINO MÉDIO INCOMPLETO	22,3%
ENSINO MÉDIO COMPLETO	19,5%
SUPERIOR INCOMPLETO	4,4%
SUPERIOR COMPLETO	5,2%
Renda	%
Até  2  SM	47,1%
De 2 à 5 SM	17,0%
Mais de 5 SM	5,8%
Sem Renda	30,1%
Total	100,0%
";"A DADO mantem um fiscal em campo durante o período de coleta de dados e faz a conferencia por telefone de 10% da produção de cada entrevistador.";"Setor 01 - Caiçara	1
Setor 02 - Santa Cecília	9
Setor 03 - São Francisco	10
Setor 04 - Los Angeles	16
Setor 05 - São Domingos	1
Setor 06 - Monte Alegre	1
Setor 07 - Jockey Club	26
Setor 08 - Distrito II	2
Setor 09 - Marília	33
Setor 10 - Primavera	13
Setor 11 -Celina	32
Setor 12 - Bom Jesus	32
Setor 13 - Zequinha Amêndola	58
Setor 14 - Califórnia	12
Setor 15 - Pimenta	41
Setor 16 - Baroni	25
Setor 17 - São Benedito	13
Setor 18 - Centro 	24
Setor 19 - Praça da Bandeira	17
Setor 20 - Gonçalves	17
Setor 21 - Cristiano de Carvalho	41
Setor 22 - Distrito I	2
Setor 23 - Exposição	6
Setor 24 - Santa Casa	14
Setor 25 - Minerva	16
Setor 26 - Lagos	14
Setor 27 - América	42
Setor 28 - Rios	36
Setor 29 - Nogueira	24
Setor 30 - Campos	1
Setor 31 - Pio XII	4
Setor 32 - Soares	7
Setor 33 - Faculdade	3
Setor 34 - City Barretos	4
Setor 35 - Nova Barretos	50
Setor 36 - Campo Redondo	1
Setor 37 - Vale do Verde	4
Setor 38 - Cecap	51
Setor 39 - Ibirapuera	16
Setor 40 - Santa Clara	1
 	720

"
"27/02/2023";"15:36:19";2014;3;"Eleições Gerais 2014";"MG";"MG";"MINAS GERAIS";"MG000052014";"2014-01-09 00:00:00";"#NE";"09283689000183";"PROMÍDIA PESQUISAS DE OPINIÃO PÚBLICA E MARKETING";"#NE";"Governador, Deputado Federal, Deputado Estadual";"2014-01-07 00:00:00";"2014-01-09 00:00:00";300;"7948";"TARCÍSIO DA SILVA";"6000,00";"A abordagem utilizada consiste na aplicação de uma amostragem aleatória representativa da população residente em CAMPO DO MEIO/MG, com 16 anos ou mais de idade. A amostra é selecionada em dois estágios, sendo que no primeiro faz-se uma divisão da amostra proporcionalmente ao número de habitantes acima de 16 anos de idade dentro de cada área geográfica intra-municipal. No segundo estágio, para cada área geográfica, os respondentes são selecionados respeitando-se quotas proporcionais controladas por região geográfica, sexo e faixa etária, de acordo com o perfil da população em estudo. ";"Ponderação sexo, idade, grau de instrução e nível econômico do entrevistado; Sexo; Masculino 50,0%, Feminino 50,0%; Idade 16 a 17 anos 4,0%, 18 a 24 anos 14,7%, 25 a 29 anos 10,0%, 30 a 39 anos 19,3%, 40 a 49 anos 18,0%, 50 anos ou mais 34%; Grau de Instrução; Analfabeto 11,4%, Até a 4ª Série do Ensino Fundamental 47,7%, 5ª a 8ª Série do Ensino Fundamental 25,6%, 1ª a 3ª Série do Ensino Médio 11,6%, Superior Completo/Incompleto 3,7%. Nível Econômico; Até 1 SM 25,0%, Mais de 1 a 5 SM 67,5%, Mais de 5 a 10 SM 5,9%, Mais de 10 a 20 SM 1,4%, Mais de 20 SM 0,3%. Para um intervalo de confiança de 95% e um tamanho de amostra 300 entrevistas, a margem de erro máxima estimada foi 5,7 pontos percentuais, para mais ou para menos.";"Todos os questionários preenchidos recebem crítica para avaliação da consistência dos dados coletados. 20% dos questionários são separados, aleatoriamente, para ser submetidos à conferência através de novos contatos com os entrevistados, medida sempre adotada e que visa garantir a qualidade e fidelidade dos dados coletados. A consistência dos dados é verificada pelo seu conteúdo e lógica. ";"#NULO#"
"27/02/2023";"15:36:19";2014;3;"Eleições Gerais 2014";"MG";"MG";"MINAS GERAIS";"MG000102014";"2014-04-22 00:00:00";"#NE";"15096871000128";"Ápice Instituto de Pesquisas";"#NE";"Governador, Deputado Federal, Deputado Estadual";"2014-04-18 00:00:00";"2014-04-22 00:00:00";400;"9814";"Veruska Campos";"10000,00";"Pesquisa quantitativa com cotas de sexo, idade e região de pesquisa junto a uma amostra representativa de eleitores de Uberaba-MG. Área de abrangência: zona urbana de Uberaba";"Sexo: 47%(masculino), 53%(feminino); Idade: 13,75%(16 a 24 anos), 21,75%(25 a 34 anos), 18,5%(35 a 44 anos), 26,75%(45 a 59 anos), 19,25%(60 ou mais).ara a variável grau de instrução será utilizada a seguinte proporção como referência: 83%(até ensino médio completo ou incompleto), 17%(ensino superior incompleto e completo). Para as variáveis de grau de instrução e nível econômico do entrevistado, o fator previsto para ponderação é 1 (resultados obtidos em campo). A abordagem do entrevistado é feita em domicílio das áreas determinadas proporcionalmente pela amostra referente ao município.. O intervalo de confiança é de 95%. A margem de erro máxima é de 5,0 pp. FONTE DOS DADOS: Censo 2010 | TSE 2012
";"Após os trabalhos de campo, serão selecionados 20% dos questionários aplicados individualmente pelos entrevistadores, para a verificação das respostas e adequação dos entrevistados aos parâmetros amostrais.";"#NULO#"
"27/02/2023";"15:36:19";2014;3;"Eleições Gerais 2014";"MG";"MG";"MINAS GERAIS";"MG000822014";"2014-09-04 00:00:00";"#NE";"65237786000100";"DIVIDADOS INSTITUTO DE PESQUISA OPINIÃO E MERCADO LTDA";"#NE";"Governador, Senador, Deputado Federal, Deputado Estadual";"2014-09-05 00:00:00";"2014-09-09 00:00:00";600;"7772";"DENISE MAGRI MENDES";"8100,00";"O presente trabalho constitui-se numa Pesquisa de Opinião de caráter quantitativo(survey). Essa modalidade de pesquisa implica em tratamento estatístico dos dados levantados em campo, com vistas a criar quadros com freqüências das respostas obtidas, para posterior análise e inferências. O presente relatório contém, pois os resultados quantitativos da pesquisa de opinião realizada junto aos eleitores dos seguintes municípios em Minas Gerais: Araujos, Carmo da Mata, Carmo do Cajuru, Cláudio, Itapecerica, Nova Serrana, Perdigão, São Gonçalo do Pará, São Sebastião do Oeste, Formiga, Santo Antônio do Monte e Arcos, entre os dias 05 e 09 de Setembro de 2014. Pretendeu o presente estudo, conhecer a intenção de voto para Presidente, Senador, Governador de Minas Gerais, Deputado Federal e Deputado Estadual, nas próximas eleições em outubro de 2014. Para o universo de 238.768 eleitores, (TSE – 2014), foram realizadas 600 (seiscentas) entrevistas, o que garantiu, para um intervalo de confiança de 95%, uma margem máxima de erro de 4,0%. Utilizando-se o critério probabilístico por múltiplos estágios a amostra foi distribuída obedecendo a densidade populacional de cada região em que a cidade está subdividida. Em seguida, os entrevistados foram identificados segundo sexo, faixa etária, nível de escolaridade e nível de renda. A técnica utilizada foi o formulário, em razão de termos optado pela entrevista como forma de ir de encontro aos dados de que necessitamos. As vantagens que possui o uso dessa técnica reside na possibilidade de ser utilizada em uma população heterogênea, além de estabelecer rapport devido ao contato pessoal e assim, pela ação do entrevistador, conseguir a colaboração e a seriedade necessárias ao trabalho de investigação. O formulário utilizado foi composto de 12 (Doze) perguntas, elaboradas com a necessária vigilância epistemológica. As perguntas constantes do formulário são classificadas tecnicamente como de múltipla escolha, com mostruário fechado e/ou aberto. A técnica utilizada foi a do formulário, em razão de apresentar a vantagem de estabelecer um vínculo direto entre entrevistador e entrevistado, conseguindo assim a colaboração destes últimos e a seriedade nas suas respostas. ";"Para o universo de 238.768 eleitores, (TSE – 2014), foram realizadas 600 (seiscentas) entrevistas, o que garantiu, para um intervalo de confiança de 95%, uma margem máxima de erro de 4,0%.";"A DIVIDADOS opta por um trabalho de campo diretamente assistido por uma coordenação. Cada grupo de entrevistadores foi conduzido em veículo da empresa diretamente aos locais de coleta de dados, e supervisionados por um coordenador de grupo. Assim, quaisquer eventuais dúvidas, divergências, ou incongruências nas respostas obtidas foram dirimidas imediatamente na própria região de coleta; A digitação, apuração e tabulação dos resultados finais foram realizadas por programas de computador especialmente desenvolvidos pelo nosso corpo técnico. ";"#NULO#"
"27/02/2023";"15:36:19";2014;3;"Eleições Gerais 2014";"MG";"MG";"MINAS GERAIS";"MG000852014";"2014-09-06 00:00:00";"#NE";"10335763000147";"PRAXIS PESQUISA E MERCADO LTDA";"#NE";"Governador, Senador";"2014-09-05 00:00:00";"2014-09-09 00:00:00";1311;"8782 / 5a. Reg";"Neander Ferreira Almeida";"50000,00";"1.311 Entrevistas, ponderadas pelas 12 Regiões do Estado, com o sorteio aleatório de 47 Municípios por representatividade de grupos populacionais. Probabilística sistemática com cotas para Sexo, Idade e Renda no Setor Censitário.";"a) Ponderação sexo, idade, nível econômico. Sexo: 48% Masculino; 52% Feminino. Idade: 18% de 16 a 24 anos; 11% de 25 a 29 anos; 20% de 30 a 39 anos; 18% de 40 a 49 anos; 16% 50 a 59 anos; 17% 60 anos ou mais. Nível Econômico: 22% até 01 SM; 24% Mais de 01 até 02 SM; 36% Mais 02 até 05 SM; 12% Mais de 5 até 10 SM; 6% Acima 10 SM. b) Intervalo de Confiança = 95%, Margem de Erro = ± 3% ";"A equipe de trabalho de campo é formada por entrevistadores e coordenadores atuando em conjunto. Os entrevistadores aplicam as entrevistas individuais domiciliares em Setores Censitários do IBGE previamente sorteados pelo Instituto, dentro de um prazo pré-definido, enquanto os Coordenadores fiscalizam o trabalho dos Entrevistadores. É atribuição dos Coordenadores: 1) Garantir o cumprimento correto das entrevistas; 2) Anular questionários que não cumpram a amostra através da conferência das cotas; 3) Anular questionários preenchidos e/ou aplicados incorretamente; 4) Fazer cumprir o trabalho de campo dentro do prazo especificado. Após conclusão do trabalho de campo é realizada uma checagem de cerca de 15% dos questionários aplicados, através de verificação in loco para confirmação da existência do entrevistado, verificação das cotas e integridade no preenchimento do questionário.";"#NULO#"
"27/02/2023";"15:36:19";2014;3;"Eleições Gerais 2014";"MG";"MG";"MINAS GERAIS";"MG000782014";"2014-09-02 00:00:00";"#NE";"19090489000168";"MDA PESQUISA DE OPINIÃO PÚBLICA E CONSULTORIA ESTATÍSTICA LTDA";"#NE";"Governador, Senador";"2014-09-01 00:00:00";"2014-09-04 00:00:00";2002;"Série A No. 8109";"Marcelo Costa Souza";"75000,00";"Será adotada a metodologia quantitativa do tipo “survey”, com entrevistas pessoais, do tipo face-a-face por meio da utilização de questionário estruturado, sendo o universo representado pelos eleitores de Minas Gerais.";"O Universo desta pesquisa compreende os eleitores de Minas Gerais com idade a partir de 16 anos, residentes em 10 regiões de planejamento, a saber: Alto Paranaíba, Central, Centro Oeste, Jequitinhonha/Mucuri, Noroeste, Norte, Rio Doce, Sul de Minas, Triângulo e Zona da Mata.
O plano amostral foi delineado a partir de informações disponibilizadas pelo TSE(2014) e IBGE(2013). Inicialmente as entrevistas foram distribuídas de forma proporcional ao eleitorado por região de planejamento. Em seguida, os municípios participantes da amostra foram definidos por meio do método Probabilidade Proporcional ao Tamanho (PPT), sendo que a capital do Estado e as cidades com mais de 500.000 habitantes entraram com probablidade de seleção igual a 1. Ainda neste procedimento, leva-se em conta o controle por porte do município (até 20.000 habitantes, 20.000 a 50.000, 50.000 a 100.000, de 100.000 a 1.000.000 e acima de 1.000.000) de forma proporcional ao eleitorado. Por fim, já no município, é realizada a seleção aleatória de setores censitários ou bairros onde serão alocadas as entrevistas de forma proporcional ao universo em função do gênero e faixa etária do eleitorado.
Para o conjunto da amostra, os tamanhos são: 7,9% de homens com 16 a 24 anos, 11,5% para homens com 25 a 34 anos, 9,8% para homens com 35 a 44 anos, 12,1% para homens com 45 a 59 anos e 7,2% para homens com 60 anos ou mais. 8,0% para mulheres com 16 a 24 anos, 11,8% para mulheres com 25 a 34 anos, 10,3% para mulheres com 35 a 44 anos, 13,0% para mulheres com 45 a 59 anos e 8,4% para mulheres com 60 anos ou mais. As informações sobre nível econômico e escolaridade serão levantadas na própria pesquisa, tendo como controles a dispersão das entrevistas, seleção aleatória de setores censitários e/ou bairros, representatividade por porte do município, unidade da federação e região geográfica. A ponderação prevista para estas variáveis é igual a 1.
Está prevista a realização de 2.002 entrevistas, o que fornece um erro amostral para o resultado total de no máximo 2,2 pontos percentuais considerando grau de confiança de 95%. Os intervalos de confiança serão calculados com base nos percentuais obtidos e com grau de confiança de 95%.
A relação completa dos municípios e bairros pesquisados será encaminhada a esse tribunal após a publicação dos resultados.
";"Os pesquisadores foram treinados especificamente para este projeto, com simulação de entrevistas e discussão de todas as questões. O trabalho de campo é fiscalizado por Coordenadores de Equipe, especialmente treinados para esta tarefa.
As entrevistas são realizadas, em sua maioria, utilizando tablets e questionário eletrônico. Do total dos questionários preenchidos, parte será sorteada de forma aleatória para conferência, via telefone, através de novo contato com o entrevistado, garantindo um mínimo de vinte por cento de checagem. Nesse contato são verificadas respostas fornecidas pelo entrevistado assim como adequação aos parâmetros amostrais previamente definidos. Todos os procedimentos acima são realizados por profissionais especializados e com vasta experiência na condução e controle de pesquisas de opinião.

";"A relação completa dos municípios e bairros pesquisados será encaminhada a esse tribunal após a publicação dos resultados."
"27/02/2023";"15:36:19";2014;3;"Eleições Gerais 2014";"MG";"MG";"MINAS GERAIS";"MG000962014";"2014-09-13 00:00:00";"#NE";"03866435000101";"IPO - INSTITUTO DE PESQUISA DE OPINIÃO E  ASSESSORIA LTDA";"#NE";"Governador, Senador, Deputado Federal, Deputado Estadual";"2014-09-13 00:00:00";"2014-09-13 00:00:00";400;"9.077";"EDMILSON ANTONIO PEREIRA JUNIOR";"3000,00";"Pesquisa quantitativa, que consiste na realização de entrevistas pessoais, com a aplicação de questionários estruturados e padronizados junto a uma amostra de eleitores do universo pesquisado.";"A amostra de eleitores de Guaxupé é distribuída de forma a contemplar todas as regiões geográficas do município, a partir de quotas proporcionais ao universo, disponibilizadas pelo site do TSE (Estatísticas Eleitorais 2014), considerando as variáveis: sexo, faixa etária e grau de instrução. Adota-se, assim, a seguinte distribuição: Masculino (49%), Feminino (51%); 16-24 anos (14%), 25-34 anos (22%), 35-44 anos (19%), 45-59 anos (26%), 60 anos ou mais (19%); Analfabeto / Lê e escreve (15%), Ensino fundamental (40%), Ensino médio (37%), Ensino superior (8%). Considerando a amostra de 400 eleitores do município de Guaxupé/MG, ao nível de 95% de confiança, a margem de erro estimada é de 4,8 pontos percentuais, para mais ou para menos.";"Trabalho de campo realizado por uma equipe de entrevistadores devidamente treinados e capacitados para a aplicação dos questionários, sempre coordenados por uma pessoa da EMPO. Após a realização das entrevistas é feita a verificação dos questionários das respostas e da adequação dos entrevistados aos parâmetros amostrais, via telefone ou presencial, de 20% dos entrevistados.";"#NULO#"
"27/02/2023";"15:36:19";2014;3;"Eleições Gerais 2014";"MG";"MG";"MINAS GERAIS";"MG001052014";"2014-09-13 00:00:00";"#NE";"03866435000101";"IPO - INSTITUTO DE PESQUISA DE OPINIÃO E  ASSESSORIA LTDA";"#NE";"Governador, Senador, Deputado Federal, Deputado Estadual";"2014-09-19 00:00:00";"2014-09-19 00:00:00";400;"9.077";"EDMILSON ANTONIO PEREIRA JUNIOR";"2500,00";"Pesquisa quantitativa, que consiste na realização de entrevistas pessoais, com a aplicação de questionários estruturados e padronizados junto a uma amostra de eleitores do universo pesquisado.";"A amostra de eleitores de Cássia é distribuída de forma a contemplar todas as regiões geográficas do município, a partir de quotas proporcionais ao universo, disponibilizadas pelo site do TSE (Estatísticas Eleitorais 2014), considerando as variáveis: sexo, faixa etária e grau de instrução. Adota-se, assim, a seguinte distribuição: Masculino (50%), Feminino (50%); 16-24 anos (13%), 25-34 anos (20%), 35-44 anos (18%), 45-59 anos (25%), 60 anos ou mais (23%); Analfabeto / Lê e escreve (22%), Ensino fundamental (43%), Ensino médio (30%), Ensino superior (5%). Considerando a amostra de 400 eleitores do município de Cássia/MG, ao nível de 95% de confiança, a margem de erro estimada é de 4,8 pontos percentuais, para mais ou para menos.";"Trabalho de campo realizado por uma equipe de entrevistadores devidamente treinados e capacitados para a aplicação dos questionários, sempre coordenados por uma pessoa da EMPO. Após a realização das entrevistas é feita a verificação dos questionários das respostas e da adequação dos entrevistados aos parâmetros amostrais, via telefone ou presencial, de 20% dos entrevistados.";"#NULO#"
"27/02/2023";"15:36:19";2014;3;"Eleições Gerais 2014";"MG";"MG";"MINAS GERAIS";"MG001232014";"2014-09-23 00:00:00";"#NE";"09283689000183";"PROMÍDIA PESQUISAS DE OPINIÃO PÚBLICA E MARKETING";"#NE";"Governador, Senador, Deputado Federal, Deputado Estadual";"2014-09-19 00:00:00";"2014-09-25 00:00:00";531;"7655 - A";"AUGUSTO DA SILVA ROCHA";"4500,00";"Será adotada a metodologia do tipo “survey”, com entrevistas domiciliares do tipo face-a-face. As entrevistas serão realizadas por meio de cotas proporcionais de acordo com o número de eleitores em cada setor censitário, do sexo, e da idade, de acordo com dados do Censo Demográfico de 2010. Os questionários previamente elaborados de acordo com o objetivo do estudo, realizado por pesquisadores treinados para abordagem desta natureza. Público pesquisado: eleitores residentes e domiciliados no município de Alterosa/MG.";"O plano amostral consta de quotas proporcionais as existentes no universo de acordo com as variáveis, Região, Sexo, Faixa Etária. Escolaridade e Renda Familiar não são controladas nas quotas. Variável quanto a REGIÃO: proporcional ao setor censitário do IBGE. Variável quanto ao sexo: Masculino 51,4%, Feminino 48,6%. Idade 16 a 17 anos 4,5%, 18 a 24 anos 14,7%, 25 a 29 anos 10,2%, 30 a 39 anos 19,6%, 40 a 49 anos 18,3%, 50 anos ou mais 32,8%. Para um intervalo de confiança de 95% e um tamanho de amostra 531 entrevistas, a margem de erro máxima estimada foi 4,15 pontos percentuais, para mais ou para menos.";"Todos os questionários preenchidos recebem crítica para avaliação da consistência dos dados coletados. 20% dos questionários são separados, aleatoriamente, para ser submetida à conferência através de novos contatos com os entrevistados, medida sempre adotada e que visa garantir a qualidade e fidelidade dos dados coletados. A consistência dos dados é verificada pelo seu conteúdo e lógica. 

";"#NULO#"
"27/02/2023";"15:36:19";2014;3;"Eleições Gerais 2014";"MG";"MG";"MINAS GERAIS";"MG001412014";"2014-09-23 00:00:00";"#NE";"09283689000183";"PROMÍDIA PESQUISAS DE OPINIÃO PÚBLICA E MARKETING";"#NE";"Governador, Senador, Deputado Federal, Deputado Estadual";"2014-09-24 00:00:00";"2014-09-26 00:00:00";406;"7655 - A";"AUGUSTO DA SILVA ROCHA";"4300,00";"Será adotada a metodologia do tipo “survey”, com entrevistas domiciliares do tipo face-a-face. As entrevistas serão realizadas por meio de cotas proporcionais de acordo com o número de eleitores em cada setor censitário, do sexo, e da idade, de acordo com dados do Censo Demográfico de 2010. Os questionários previamente elaborados de acordo com o objetivo do estudo, realizado por pesquisadores treinados para abordagem desta natureza. Público pesquisado: eleitores residentes e domiciliados no município de Conceição da Aparecida/MG.";"O plano amostral consta de quotas proporcionais as existentes no universo de acordo com as variáveis, Região, Sexo, Faixa Etária. Escolaridade e Renda Familiar não são controladas nas quotas. Variável quanto a REGIÃO: proporcional ao setor censitário do IBGE. Variável quanto ao sexo: Masculino 51,0%, Feminino 49,0%. Idade 16 a 17 anos 4,2%, 18 a 24 anos 15,8%, 25 a 29 anos 10,3%, 30 a 39 anos 20,2%, 40 a 49 anos 18,2%, 50 anos ou mais 31,3%. Para um intervalo de confiança de 95% e um tamanho de amostra 406 entrevistas, a margem de erro máxima estimada foi 4,75 pontos percentuais, para mais ou para menos";"Todos os questionários preenchidos recebem crítica para avaliação da consistência dos dados coletados. 20% dos questionários são separados, aleatoriamente, para ser submetida à conferência através de novos contatos com os entrevistados, medida sempre adotada e que visa garantir a qualidade e fidelidade dos dados coletados. A consistência dos dados é verificada pelo seu conteúdo e lógica. 

";"#NULO#"
"27/02/2023";"15:36:19";2014;3;"Eleições Gerais 2014";"MG";"MG";"MINAS GERAIS";"MG001472014";"2014-09-24 00:00:00";"#NE";"86849395000117";"Sensus Data World Pesquisa e Consultoria S/C Ltda";"#NE";"Governador, Senador";"2014-09-26 00:00:00";"2014-09-30 00:00:00";1500;"8429 / 5ª Região";"Felipe Abrahão Coelho Fantauzzi ";"60000,00";"1.500 Entrevistas, ponderadas pelas 12 Regiões do Estado, com o sorteio aleatório de 53 Municípios por representatividade de grupos populacionais. Probabilística sistemática com cotas para Sexo, Idade, Escolaridade e Renda no Setor Censitário.";"a) Ponderação sexo, idade, instrução, nível econômico. Sexo: 48,7% Masculino; 51,3% Feminino. Idade: 4,6% de 16 a 17 anos; 16,2% de 18 a 24 anos; 11,5% de 25 a 29 anos; 20,3% de 30 a 39 anos; 18,0% de 40 a 49 anos; 29,4% 50 anos ou mais. Instrução 34,1% até 4a Série do Ensino Fundamental 22,6% da 5a a 8a Série do Ensino Fundamental; 30,2%% da 1a a 3a Série do Ensino Médio; 13,1% Superior completo ou incompleto. Nível Econômico: 20,9% até 01 SM; 59,9% Mais de 01 até 05 SM; 12,7% Mais 05 até 10 SM; 4,5% Mais de 10 até 20 SM; 1,9% Acima 20 SM. b) Intervalo de Confiança = 95%, Margem de Erro = ± 2,5% ";"A equipe de trabalho de campo é formada por entrevistadores e coordenadores. Os entrevistadores aplicam as entrevistas individuais domiciliares em Setores Censitários do IBGE previamente sorteados pelo Instituto, dentro de um prazo pré-definido, enquanto os Coordenadores fiscalizam o trabalho dos Entrevistadores. É atribuição dos Coordenadores: 1) Garantir o cumprimento correto das entrevistas; 2) Anular questionários que não cumpram a amostra através da conferência das cotas; 3) Anular questionários preenchidos e/ou aplicados incorretamente; 4) Fazer cumprir o trabalho de campo dentro do prazo especificado. Após conclusão do trabalho de campo é realizada uma checagem de cerca de 15% dos questionários aplicados, através de verificação in loco: 1) Confirmação da existência do entrevistado; 2) Verificação de cotas (Sexo, Idade, Escolaridade e Renda); 3) Verificação da aplicação integral do questionário. ";"#NULO#"
"27/02/2023";"15:36:19";2014;3;"Eleições Gerais 2014";"MG";"MG";"MINAS GERAIS";"MG001142014";"2014-09-18 00:00:00";"#NE";"68802370000186";"IBOPE INTELIGÊNCIA PESQUISA E CONSULTORIA LTDA. ";"#NE";"Governador, Senador";"2014-09-18 00:00:00";"2014-09-23 00:00:00";2002;"6208-A";"Márcia Cavallari Nunes";"133933,80";"Pesquisa quantitativa, que consiste na realização de entrevistas pessoais com a aplicação de questionário estruturado junto a uma amostra representativa do eleitorado em estudo.";"Representativa do eleitorado da área em estudo, elaborada em três estágios.
No primeiro estágio faz-se um sorteio probabilístico dos municípios, onde as entrevistas serão realizadas, pelo método PPT (Probabilidade Proporcional ao Tamanho), tomando o eleitorado como base para tal seleção.
No segundo estágio faz-se um sorteio probabilístico dos setores censitários, onde as entrevistas serão realizadas, pelo método PPT (Probabilidade Proporcional ao Tamanho), tomando a população de 16 anos ou mais residente nos setores como base para tal seleção. No terceiro e último estágio, dentro dos setores sorteados, os respondentes são selecionados através de quotas amostrais proporcionais em função de variáveis significativas, a saber: IDADE: 16-24 (masculino) 19% (feminino) 18%; 25-34 (masculino) 25% (feminino) 25%; 35-44 (masculino) 20% (feminino) 20%; 45-54 (masculino) 17% (feminino) 18%; 55 e+ (masculino) 18% (feminino) 20%; INSTRUÇÃO: Até Ensino Médio (masculino) 85% (feminino) 80%; Ensino Superior (masculino) 15% (feminino) 20%; NÍVEL ECONÔMICO: Economicamente ativo (masculino) 82% (feminino) 60%; Não Economicamente ativo (masculino) 18% (feminino) 40%. 
Está prevista eventual ponderação para correção das variáveis sexo e idade, com base nos percentuais anteriormente mencionados, caso ocorram diferenças superiores a 3 pontos percentuais entre o previsto na amostra e a coleta de dados realizada. Para as variáveis de grau de instrução e nível econômico do entrevistado, o fator previsto para ponderação é 1 (resultados obtidos em campo). O nível de confiança estimado é de 95% e a margem de erro máxima estimada considerando um modelo de amostragem aleatório simples, é de 2 (dois) pontos percentuais para mais ou para menos sobre os resultados encontrados no total da amostra.
FONTE DOS DADOS: Censo 2010 | PNAD 2012 | TSE 2014 | Entre outras.
";"Para a realização da pesquisa, utiliza-se uma equipe de entrevistadores e supervisores contratados pelo IBOPE INTELIGÊNCIA PESQUISA E CONSULTORIA LTDA. devidamente treinados para o trabalho. Após os trabalhos de campo, os questionários são submetidos a uma fiscalização de cerca de 20% (vinte por cento) dos questionários aplicados pelos entrevistadores; para verificação das respostas e da adequação dos entrevistados aos parâmetros amostrais.";"A área de abrangência da coleta é o Estado de Minas Gerais. A Relação de municípios selecionados para aplicação da amostra será apresentada até o 7º dia seguinte ao Registro da pesquisa, conforme expresso no art. 2º § 5º da resolução 23.400/2013 do TSE."
"27/02/2023";"15:36:19";2014;3;"Eleições Gerais 2014";"MG";"MG";"MINAS GERAIS";"MG001912014";"2014-09-28 00:00:00";"#NE";"06154093000195";"Multidados comunicação Ltda";"#NE";"Governador, Senador, Deputado Federal, Deputado Estadual";"2014-09-29 00:00:00";"2014-10-01 00:00:00";657;"7683";"ELMO HENRIQUE DE MORAES";"5500,00";"MUNICÍPIO DE UBERLÂNDIA. Pesquisa quantitativa, que consiste na realização de entrevistas pessoais, com a aplicação de questionários estruturados e padronizados junto a uma amostra representativa do eleitorado do município de UBERLÂNDIA, ESTADO DE MINAS GERAIS.  O conjunto do eleitorado com 16 anos ou mais foi tomado como universo da pesquisa.";"Plano Amostral: MUNICÍPIO DE UBERLÂNDIA, ESTADO DE MINAS GERAIS 
A. PÚBLICO PESQUISADO: Eleitores da cidade de UBERLÂNDIA, município do Estado de Minas Gerais, onde a localidade foi dividida em regiões geográficas baseadas conforme o índice populacional do censo 2010 distribuído pelo IBGE.
B. TIPO DE AMOSTRA: A amostra é estratificada por cotas e representativa para o conjunto dos eleitores do município de UBERLÂNDIA, Estado de Minas Gerais. A amostra foi selecionada em três partes: 
1º parte: Seleção probabilística das regiões, através do método PPT (Probabilidade Proporcional ao Tamanho), tomando como base o número de eleitores de cada região do município. 
2º parte: Seleção aleatória dos setores censitários ou bairros dentro do município; 
3º parte: A seleção dos respondentes é feita dentro dos setores censitários, regiões ou bairros do município através quotas proporcionais de sexo, idade, escolaridade e renda familiar de acordo com o perfil da população em estudo no município.
As entrevistas são pessoais e possuem como base a fonte de dados do IBGE através do Censo 2010 e PNAD 2012, além do Cadastro de Eleitores 2014 do TSE. 
C. TAMANHO DA AMOSTRA: 657 entrevistas. 
D. PONDERAÇÃO: Devido à metodologia amostral adotada as proporções quanto a sexo, idade, escolaridade e renda familiar da amostra são as mesmas do universo pesquisado, com base no Censo Demográfico de 2010, IBGE e no Cadastro de Eleitores 2014 do TSE. Portanto, os fatores de ponderação a serem aplicados nas variáveis de sexo, idade, escolaridade e renda familiar assumem valor igual a 1(um). 
E. ÁREA FÍSICA DE REALIZAÇÃO DA PESQUISA: A ser informada e fornecida conforme artigo 2º, inciso X 5º § da Resolução 23.400 do Tribunal Superior Eleitoral TSE datada de 27 de dezembro de 2013. 
F. INTERVALO DE CONFIANÇA/MARGEM DE ERRO: O intervalo de confiança estimado é de 95% e a margem de erro máxima estimada é de 3,8 pontos percentuais para mais ou para menos sobre os resultados. 
";"As regiões da cidade de UBERLÂNDIA, município do Estado de Minas Gerais são verificados em relação a consistência dos dados, analisado individualmente cada entrevista realizada. Todo trabalho é feito em tabletes ou questionários eletrônicos e o programa utiliza numero fixos para todas as perguntas apresentadas. O sistema também utiliza dois códigos extras, o “97”, quando o entrevistado coloca nenhuma ou que vota em branco ou nulo. O outro código extra é o “98” que significa respostas indecisas, eleitores que não sabem ou que não responderam. Os códigos extras não podem ser aplicados nas perguntas básicas: Número do questionário, região, município, sexo, idade, escolaridade e renda familiar. O próprio questionário padrão a Multidados já apresenta os códigos que podem ser aplicados a cada pergunta. Outras respostas apresentadas pelo entrevistado recebem o código “98”. O programa do questionário Multidados não permite duas respostas numa mesma pergunta. Checagem: Logo após a realização da coleta de dados, é feito o trabalho de checagem das entrevistas junto aos respondentes. O objetivo é, sobretudo, garantir que as entrevistas foram realmente realizadas e verificadas. Há perguntas do questionário que são reproduzidas para certificarmos de sua correta aplicação e há outras questões que se referem exclusivamente ao desempenho do entrevistador(a). Para a realização da pesquisa será utilizada uma equipe de entrevistadores devidamente treinada para este trabalho. Após os trabalhos de campo, os questionários são submetidos a uma fiscalização que consiste na checagem de 10% dos questionários aplicados individualmente pelos entrevistadores, para verificação das respostas e da adequação dos entrevistados aos parâmetros amostrais. ";"A área de abrangência da coleta é a cidade de UBERLÂNDIA, município do Estado de Minas Gerais. A Relação de regiões e bairros selecionados para aplicação da amostra será apresentada até o 7º dia seguinte ao Registro da pesquisa, conforme expresso no art. 2º § 5º da resolução 23.400/2013 do TSE."
"27/02/2023";"15:36:19";2014;3;"Eleições Gerais 2014";"MG";"MG";"MINAS GERAIS";"MG001812014";"2014-09-26 00:00:00";"#NE";"06154093000195";"Multidados comunicação Ltda";"#NE";"Governador, Senador, Deputado Federal, Deputado Estadual";"2014-09-28 00:00:00";"2014-09-30 00:00:00";455;"7683";"ELMO HENRIQUE DE MORAES";"4100,00";"MUNICÍPIO DE TEOFILO OTONI. Pesquisa quantitativa, que consiste na realização de entrevistas pessoais, com a aplicação de questionários estruturados e padronizados junto a uma amostra representativa do eleitorado do município de TEOFILO OTONI, ESTADO DE MINAS GERAIS.  O conjunto do eleitorado com 16 anos ou mais foi tomado como universo da pesquisa.";"Plano Amostral: MUNICÍPIO DE TEOFILO OTONI, ESTADO DE MINAS GERAIS 
A. PÚBLICO PESQUISADO: Eleitores da cidade de TEOFILO OTONI, município do Estado de Minas Gerais, onde a localidade foi dividida em regiões geográficas baseadas conforme o índice populacional do censo 2010 distribuído pelo IBGE.
B. TIPO DE AMOSTRA: A amostra é estratificada por cotas e representativa para o conjunto dos eleitores do município de TEOFILO OTONI, Estado de Minas Gerais. A amostra foi selecionada em três partes: 
1º parte: Seleção probabilística das regiões, através do método PPT (Probabilidade Proporcional ao Tamanho), tomando como base o número de eleitores de cada região do município. 
2º parte: Seleção aleatória dos setores censitários ou bairros dentro do município; 
3º parte: A seleção dos respondentes é feita dentro dos setores censitários, regiões ou bairros do município através quotas proporcionais de sexo, idade, escolaridade e renda familiar de acordo com o perfil da população em estudo no município.
As entrevistas são pessoais e possuem como base a fonte de dados do IBGE através do Censo 2010 e PNAD 2012, além do Cadastro de Eleitores 2014 do TSE. 
C. TAMANHO DA AMOSTRA: 455 entrevistas. 
D. PONDERAÇÃO: Devido à metodologia amostral adotada as proporções quanto a sexo, idade, escolaridade e renda familiar da amostra são as mesmas do universo pesquisado, com base no Censo Demográfico de 2010, IBGE e no Cadastro de Eleitores 2014 do TSE. Portanto, os fatores de ponderação a serem aplicados nas variáveis de sexo, idade, escolaridade e renda familiar assumem valor igual a 1(um). 
E. ÁREA FÍSICA DE REALIZAÇÃO DA PESQUISA: A ser informada e fornecida conforme artigo 2º, inciso X 5º § da Resolução 23.400 do Tribunal Superior Eleitoral TSE datada de 27 de dezembro de 2013. 
F. INTERVALO DE CONFIANÇA/MARGEM DE ERRO: O intervalo de confiança estimado é de 95% e a margem de erro máxima estimada é de 3,8 pontos percentuais para mais ou para menos sobre os resultados. 
";"As regiões da cidade de TEOFILO OTONI, município do Estado de Minas Gerais são verificados em relação a consistência dos dados, analisado individualmente cada entrevista realizada. Todo trabalho é feito em tabletes ou questionários eletrônicos e o programa utiliza numero fixos para todas as perguntas apresentadas. O sistema também utiliza dois códigos extras, o “97”, quando o entrevistado coloca nenhuma ou que vota em branco ou nulo. O outro código extra é o “98” que significa respostas indecisas, eleitores que não sabem ou que não responderam. Os códigos extras não podem ser aplicados nas perguntas básicas: Número do questionário, região, município, sexo, idade, escolaridade e renda familiar. O próprio questionário padrão a Multidados já apresenta os códigos que podem ser aplicados a cada pergunta. Outras respostas apresentadas pelo entrevistado recebem o código “98”. O programa do questionário Multidados não permite duas respostas numa mesma pergunta. Checagem: Logo após a realização da coleta de dados, é feito o trabalho de checagem das entrevistas junto aos respondentes. O objetivo é, sobretudo, garantir que as entrevistas foram realmente realizadas e verificadas. Há perguntas do questionário que são reproduzidas para certificarmos de sua correta aplicação e há outras questões que se referem exclusivamente ao desempenho do entrevistador(a). Para a realização da pesquisa será utilizada uma equipe de entrevistadores devidamente treinada para este trabalho. Após os trabalhos de campo, os questionários são submetidos a uma fiscalização que consiste na checagem de 10% dos questionários aplicados individualmente pelos entrevistadores, para verificação das respostas e da adequação dos entrevistados aos parâmetros amostrais. ";"A área de abrangência da coleta é a cidade de TEOFILO OTONI, município do Estado de Minas Gerais. A Relação de regiões e bairros selecionados para aplicação da amostra será apresentada até o 7º dia seguinte ao Registro da pesquisa, conforme expresso no art. 2º § 5º da resolução 23.400/2013 do TSE."
"27/02/2023";"15:36:19";2014;3;"Eleições Gerais 2014";"MG";"MG";"MINAS GERAIS";"MG001882014";"2014-09-27 00:00:00";"#NE";"00654576000172";",INSTITUTO   VERITÁ   LTDA  epp";"#NE";"Governador, Senador";"2014-09-29 00:00:00";"2014-10-02 00:00:00";3077;"7439 / 6ª Região";"Leonard Mendonça de Assis";"125000,00";"	Pesquisa quantitativa, que consiste na realização de entrevistas pessoais, com a aplicação de questionários estruturados e padronizados junto a uma amostra representativa do eleitorado do estado. ";"	a) Público pesquisado: Eleitores residentes no Estado de Minas Gerais b) tipo de amostra: A amostragem será realizada da seguinte forma: 1. Estratificação do estado por agrupamento de Microrregiões obedecendo critério geográfico e Porte dos municípios 2. Tamanho de cada estrato foi definido proporcional ao número de domicílios pertencente a cada um destes (Dados obtidos pelos microdados do CENSO Demográfico de 2010, IBGE) 3. Sorteio de Setores Censitários dentro de cada Estrato 4. Seleção das Residências segundo critério de amostragem sistemática 4. Realização de entrevistas domiciliares com sorteio dentre os moradores presentes na residência selecionada, obedecendo um quadro de Idade/Sexo gerado de maneira aleatória por um software estatístico, levando em consideração as proporções de idade e sexo constantes no sitio do TSE para o Estado. Idade e Sexo Faixa Etária Sexo FEMININO MASCULINO 16 A 24 ANOS 8,33% 8,33% 25 A 34 ANOS 11,68% 11,39% 35 A 44 ANOS 9,89% 9,44% 45 A 59 ANOS 12,41% 11,59% 60 ANOS OU MAIS 9,16% 7,79% Nível Econômico Masculino / PEA 82,68% Masculino / Não PEA 17,32% Feminino / PEA 59,69% Feminino / Não PEA 40,31% Nível de Instrução Masculino / Até 5 anos instrução 41,75% Masculino / de 6 a 9 anos de instrução 24,86% Masculino / de 10 a 12 anos de instrução 24,31% Masculino / mais de 12 anos de instrução 9,08% Feminino / Até 5 anos instrução 37,96%% Feminino / de 6 a 9 anos de instrução 21,91% Feminino / de 10 a 12 anos de instrução 27,05% Feminino / mais de 12 anos de instrução 13,07% d) Intervalo de Confiança/Margem de Erro: Para este planejamento amostral, considerando-se um intervalo de confiança de 95%, é esperado um erro máximo de 1,77 pontos percentuais na estimação da proporção das intenções de voto dos candidatos.
";"Para a realização da pesquisa será utilizada uma equipe de entrevistadores e supervisores devidamente treinada para este trabalho. Após os trabalhos de campo, os questionários são submetidos a uma fiscalização que consiste no retorno a campo de 20% dos questionários aplicados individualmente pelos entrevistadores, para verificação das respostas e da adequação dos entrevistados aos parâmetros amostrais. ";"#NULO#"
"27/02/2023";"15:36:19";2014;3;"Eleições Gerais 2014";"MG";"MG";"MINAS GERAIS";"MG000652014";"2014-08-17 00:00:00";"#NE";"00654576000172";",INSTITUTO   VERITÁ   LTDA  epp";"#NE";"Governador, Senador, Deputado Federal, Deputado Estadual";"2014-08-13 00:00:00";"2014-08-16 00:00:00";1060;"7439 / 6ª Região";"Leonard Mendonça de Assis";"30000,00";"Pesquisa quantitativa, que consiste na realização de entrevistas pessoais, com a aplicação de questionários estruturados e padronizados junto a uma amostra representativa do eleitorado do município de Uberlândia";"a) Público pesquisado: 
Eleitores residentes em UBERLÂNDIA e inscritos para votar no estado de MINAS GERAIS
 
b) Área física:
 Perímetro urbano do município de Uberlândia/MG
 
c) tipo de amostra:
A amostragem será realizada da seguinte forma:
1. Estratificação do município por agrupamento de bairros obedecendo critério geográfico
2. Tamanho de cada estrato foi definido proporcional ao número de eleitores inscritos em cada um destes 
3. Divisão em estratos será proporcional ao número de eleitores contidos em cada um destes
4. Seleção dos entrevistados utilizando entrevistas domiciliares obedecendo um quadro de idade e sexo gerado de maneira aleatória por um software estatístico, usando as proporções de idade e sexo descritas neste plano
5. Está prevista adoção de entrevistas em locais de trabalho ou em pontos de fluxo. Estes serão utilizados onde os locais sorteados não permitam adoção de entrevistas domiciliares

d)Ponderação:
Esta pesquisa é autoponderada (peso = 1), obedecendo as proporções descritas a seguir:

SEXO:
FEMININO 52,41% / MASCULINO 47,59%

Idade
 FEMININO 	 16 A 24 ANOS 	15,45%
 FEMININO 	 25 A 34 ANOS 	23,81%
 FEMININO 	 35 A 44 ANOS 	20,35%
 FEMININO 	 45 A 59 ANOS 	25,17%
 FEMININO 	 60 ANOS OU MAIS 	15,21%
 MASCULINO 	 16 A 24 ANOS 	16,51%
 MASCULINO 	 25 A 34 ANOS 	24,85%
 MASCULINO 	 35 A 44 ANOS 	20,85%
 MASCULINO 	 45 A 59 ANOS 	24,05%
 MASCULINO 	 60 ANOS OU MAIS 	13,74%

Também está prevista ponderação por nivel econômico e instrução, obedecendo as proporções descritas a seguir:
Nível Econômico
FEMININO	Não PEA	47,21%
FEMININO	PEA	52,79%
MASCULINO	Não PEA	28,06%
MASCULINO	PEA	71,94%
 
Nível de Instrução
FEMININO	Analfabeto até Ensino Médio incompleto	63,58%
FEMININO	Ensino médio completo, superior ou mais	36,42%
MASCULINO	Analfabeto até Ensino Médio incompleto	70,15%
MASCULINO	Ensino médio completo, superior ou mais	29,85%

e) Intervalo de Confiança/Margem de Erro:
Para este planejamento amostral, considerando-se um intervalo de confiança de 95%, é esperado um erro máximo de 3.0 pontos percentuais na estimação da proporção das intenções de voto dos candidatos. 
";"Para a realização da pesquisa será utilizada uma equipe de entrevistadores e supervisores devidamente treinada para este trabalho. Após os trabalhos de campo, os questionários são submetidos a uma fiscalização que consiste no retorno a campo de 20% dos questionários aplicados individualmente pelos entrevistadores, para verificação das respostas e da adequação dos entrevistados aos parâmetros amostrais. ";"#NULO#"
"27/02/2023";"15:36:19";2014;3;"Eleições Gerais 2014";"MG";"MG";"MINAS GERAIS";"MG000412014";"2014-06-06 00:00:00";"#NE";"09283689000183";"PROMÍDIA PESQUISAS DE OPINIÃO PÚBLICA E MARKETING";"#NE";"Governador, Deputado Federal, Deputado Estadual";"2014-06-04 00:00:00";"2014-06-06 00:00:00";378;"7655 - A ";"AUGUSTO DA SILVA ROCHA";"5500,00";"Será adotada a metodologia do tipo “survey”, com entrevistas domiciliares do tipo face-a-face. As entrevistas serão realizadas por meio de cotas proporcionais de acordo com o número de eleitores em cada setor censitário, do sexo, e da idade, de acordo com dados do Censo Demográfico de 2010. Os questionários previamente elaborados de acordo com o objetivo do estudo, realizado por pesquisadores treinados para abordagem desta natureza. Público pesquisado: eleitores residentes e domiciliados no município de Juruaia/MG.";"O plano amostral consta de quotas proporcionais as existentes no universo de acordo com as variáveis, Região, Sexo, Faixa Etária. Escolaridade e Renda Familiar não são controladas nas quotas. Variável quanto a REGIÃO: proporcional ao setor censitário do IBGE. Variável quanto ao sexo: Masculino 52,1%, Feminino 47,9%. Idade 16 a 24 anos 16,6%, 25 a 34 anos 23,8%, 35 a 44 anos 18,8%, 45 a 59 anos 24,0%, Acima de 60 anos 16,8%. Para um intervalo de confiança de 95% e um tamanho de amostra 378 entrevistas, a margem de erro máxima estimada foi 5,0 pontos percentuais, para mais ou para menos.";"Todos os questionários preenchidos recebem crítica para avaliação da consistência dos dados coletados. 20% dos questionários são separados, aleatoriamente, para ser submetida à conferência através de novos contatos com os entrevistados, medida sempre adotada e que visa garantir a qualidade e fidelidade dos dados coletados. A consistência dos dados é verificada pelo seu conteúdo e lógica. ";"ÁREA URBANA (SEDE)
ÁREA RURAL (MATA DO SINO)"
"27/02/2023";"15:36:19";2014;3;"Eleições Gerais 2014";"MG";"MG";"MINAS GERAIS";"MG000472014";"2014-06-16 00:00:00";"#NE";"09283689000183";"PROMÍDIA PESQUISAS DE OPINIÃO PÚBLICA E MARKETING";"#NE";"Governador, Deputado Federal, Deputado Estadual";"2014-06-16 00:00:00";"2014-06-19 00:00:00";711;"7655 3ª REGIÃO";"AGUSTO DA SILVA ROCHA";"6500,00";"Será adotada a metodologia do tipo “survey”, com entrevistas domiciliares do tipo face-a-face. As entrevistas serão realizadas por meio de cotas proporcionais de acordo com o número de eleitores em cada setor censitário, do sexo, e da idade, de acordo com dados do Censo Demográfico de 2010. Os questionários previamente elaborados de acordo com o objetivo do estudo, realizado por pesquisadores treinados para abordagem desta natureza. Público pesquisado: eleitores residentes e domiciliados no município de Passos/MG.";"O plano amostral consta de quotas proporcionais as existentes no universo de acordo com as variáveis, Região, Sexo, Faixa Etária. Escolaridade e Renda Familiar não são controladas nas quotas. Variável quanto a REGIÃO: proporcional ao setor censitário do IBGE. Variável quanto ao sexo: Masculino 48,7%, Feminino 51,3%. Idade 16 a 17 anos 4,5%, 18 a 24 anos 15,9%, 25 a 29 anos 11,1%, 30 a 39 anos 20,1%, 40 a 49 anos 18,7%, 50 anos ou mais 29,7%. Para um intervalo de confiança de 95% e um tamanho de amostra 711 entrevistas, a margem de erro máxima estimada foi 3,66 pontos percentuais, para mais ou para menos.";"Todos os questionários preenchidos recebem crítica para avaliação da consistência dos dados coletados. 20% dos questionários são separados, aleatoriamente, para ser submetida à conferência através de novos contatos com os entrevistados, medida sempre adotada e que visa garantir a qualidade e fidelidade dos dados coletados. A consistência dos dados é verificada pelo seu conteúdo e lógica. 
";"#NULO#"
"27/02/2023";"15:36:19";2014;3;"Eleições Gerais 2014";"MG";"MG";"MINAS GERAIS";"MG000532014";"2014-07-14 00:00:00";"#NE";"20507961000102";"INFO - INSTITUTO DE PESQUISA FOLHA DA MANHÃ";"#NE";"Governador, Senador, Deputado Federal, Deputado Estadual";"2014-07-05 00:00:00";"2014-07-09 00:00:00";600;"3ª. Região n° 7655-A";"Augusto da Silva Rocha";"12000,00";"A abordagem utilizada consiste na aplicação de uma amostragem aleatória representativa da população residente em PASSOS/MG, ALPINÓPOLIS/MG, PIUMHÍ/MG, ITAÚ DE MINAS/MG e SÃO SEBASTIÃO DO PARAÍSO/MG, com 16 anos ou mais de idade. A amostra é selecionada em dois estágios, sendo que no primeiro faz-se uma divisão da amostra proporcionalmente ao número de habitantes acima de 16 anos de idade dentro de cada área geográfica intra-municipal. No segundo estágio, para cada área geográfica, os respondentes são selecionados respeitando-se quotas proporcionais controladas por região geográfica, sexo e faixa etária, de acordo com o perfil da população em estudo.";"A margem de erro é de 4,0% para mais ou para menos e o índice de confiança é de 95%. O plano amostral consta de quotas proporcionais as existentes no universo de acordo com as variáveis, Região, Sexo, Faixa Etária. Escolaridade e Renda Familiar não são controladas nas quotas. Variável quanto a REGIÃO: proporcional ao setor censitário do IBGE. Faz-se o resultado após a coleta quanto a FAIXA ETÁRIA: 16 a 24   14,8%; 25 a 34  21,4%; 35 a 44  18,8%; 45 a 59  25,7%; 60 anos ou mais 19,4%; SEXO: masculino 48,3% e  feminino 51,7%; Variável quanto a ESCOLARIDADE: Até  1º.Grau Incompleto 51,3%
1º.Grau Completo até 2º. Grau Incompleto 28,8%
2º.Grau Completo até Superior Incompleto 15,6%
Superior Completo 4,3%
 Variável quanto a RENDA FAMILIAR: Até 1 SM 12,4%; Mais de 1 a 2 SM 23,0%;  Mais de 2 a 5 SM 42,0%;  Mais de 5 a 10 SM 15,0%; Acima de 10 SM 7,6%. ";"O Sistema interno de controle, verificação, conferência e fiscalização da coleta de dados, do trabalho de campo é assim descrito: durante os trabalhos de campo, 20% das entrevistas são refeitas pelos supervisores das equipes, para checar a veracidade das entrevistas e das respostas registradas pelos entrevistadores. Alem da checagem de 20% das entrevistas (externa),internamente, os dados de diferentes questões são pré-processados e cruzados entre si, permitindo fazer-se a critica dos mesmos, para verificação de eventuais inconsistências, ou seja, se existem conflitos ou contradições as respostas dadas pelos eleitores durante as entrevistas ou eventuais erros dos entrevistadores ao assinalarem aquelas respostas. Caso os testes internos comprovem a ocorrência de inconsistências nas quotas de um dos entrevistadores inferior a 3%, a quota dele é validada, mas as entrevistas comprometidas são excluídas da amostra (para poderem fazer a eventual reposição de entrevistas canceladas neste filtro, em geral, os institutos de pesquisa colhem amostras superiores as registradas), se o número de inconsistências verificado for superior a 3%, o entrevistador é afastado da empresa, a quota de entrevistas feitas por ele é cancelada e a parcela do campo comprometida ( a quota dele) é refeita integralmente. ";"#NULO#"
"27/02/2023";"15:36:19";2014;3;"Eleições Gerais 2014";"MG";"MG";"MINAS GERAIS";"MG000722014";"2014-08-26 00:00:00";"#NE";"22642565000105";"CP2 CONSULTORIA, PESQUISA E PLANEJAMENTO LTDA.";"#NE";"Governador, Senador, Deputado Federal, Deputado Estadual";"2014-08-23 00:00:00";"2014-08-28 00:00:00";163;"9866";"SARAH RIBEIRO DA SILVA";"13050,00";"A metodologia utilizada é o survey quantitativo, com realização de entrevistas pessoais e individuais através de questionário estruturado. A amostra é por cotas de sexo, idade, escolaridade, renda e local (região e bairro) de moradia.";"O universo da pesquisa é composto por eleitores de Minas Gerais, com idade a partir de 16 anos. Serão realizadas 208 entrevistas, o que permite um erro amostral máximo de 6,79% e nível de confiança de 95%. Distribuição da amostra pelo perfil dos entrevistados de acordo com cotas de sexo, idade, escolaridade e renda mensal familiar.



- Sexo: Masculino: (50%); Feninino: (50%) 
- Idade: 16 a 17 anos (4%); 18 a 24 anos: (17%); 25 a 34 anos: (22%); 35 a 44 anos: (18%); 45 a 54 anos: (17%); Mais de 55 anos: (22%) 
- Escolaridade: Até 4ª série do 1ºgrau/ Ensino Fundamental: (31%); De 5ª a 8ª série do 1º grau/ Ensino Fundamental: (26%); 2ºgrau/Ensino Médio Incompleto ou Completo: (25%);Superior e Pós graduação: (9%) 
–  Renda total de sua família: Até 2 SM: (29%); De 2 a 5 SM: (28%); De 5 a 10 SM (25%); De 10 a 20 SM (12%); Acima de 20 SM (5%)
";"Todos os questionários preenchidos recebem crítica para avaliação da consistência dos dados coletados. Vinte por cento dos questionários são separados, aleatoriamente, para serem submetidos à conferência através de novos contatos com os entrevistados, medida sempre adotada e que visa garantir a qualidade e fidelidade dos dados coletados. A consistência dos dados é verificada pelo seu conteúdo e lógica.
";"#NULO#"
"27/02/2023";"15:36:19";2014;3;"Eleições Gerais 2014";"MG";"MG";"MINAS GERAIS";"MG000842014";"2014-09-06 00:00:00";"#NE";"20507961000102";"INFO - INSTITUTO DE PESQUISA FOLHA DA MANHÃ";"#NE";"Governador, Senador, Deputado Federal, Deputado Estadual";"2014-09-02 00:00:00";"2014-09-04 00:00:00";600;"7655";"Augusto da Silva Rocha";"12000,00";"A abordagem utilizada consiste na aplicação de uma amostragem aleatória representativa da população residente em PASSOS/MG, ALPINÓPOLIS/MG, PIUMHÍ/MG, ITAÚ DE MINAS/MG e SÃO SEBASTIÃO DO PARAÍSO/MG, com 16 anos ou mais de idade. A amostra é selecionada em dois estágios, sendo que no primeiro faz-se uma divisão da amostra proporcionalmente ao número de habitantes acima de 16 anos de idade dentro de cada área geográfica intra-municipal. No segundo estágio, para cada área geográfica, os respondentes são selecionados respeitando-se quotas proporcionais controladas por região geográfica, sexo e faixa etária, de acordo com o perfil da população em estudo. ";" A margem de erro é de 4,0% para mais ou para menos e o índice de confiança é de 95%. O plano amostral consta de quotas proporcionais as existentes no universo de acordo com as variáveis, Região, Sexo, Faixa Etária. Escolaridade e Renda Familiar não são controladas nas quotas. Variável quanto a REGIÃO: proporcional ao setor censitário do IBGE. Faz-se o resultado após a coleta quanto a FAIXA ETÁRIA: 16 a 24 14,8%; 25 a 34 21,4%; 35 a 44 18,8%; 45 a 59 25,7%; 60 anos ou mais 19,4%; SEXO: masculino 48,3% e feminino 51,7%; Variável quanto a ESCOLARIDADE: Até 1º.Grau Incompleto 51,3% 1º.Grau Completo até 2º. Grau Incompleto 28,8% 2º.Grau Completo até Superior Incompleto 15,6% Superior Completo 4,3% Variável quanto a RENDA FAMILIAR: Até 1 SM 12,4%; Mais de 1 a 2 SM 23,0%; Mais de 2 a 5 SM 42,0%; Mais de 5 a 10 SM 15,0%; Acima de 10 SM 7,6%";" A margem de erro é de 4,0% para mais ou para menos e o índice de confiança é de 95%. O plano amostral consta de quotas proporcionais as existentes no universo de acordo com as variáveis, Região, Sexo, Faixa Etária. Escolaridade e Renda Familiar não são controladas nas quotas. Variável quanto a REGIÃO: proporcional ao setor censitário do IBGE. Faz-se o resultado após a coleta quanto a FAIXA ETÁRIA: 16 a 24 14,8%; 25 a 34 21,4%; 35 a 44 18,8%; 45 a 59 25,7%; 60 anos ou mais 19,4%; SEXO: masculino 48,3% e feminino 51,7%; Variável quanto a ESCOLARIDADE: Até 1º.Grau Incompleto 51,3% 1º.Grau Completo até 2º. Grau Incompleto 28,8% 2º.Grau Completo até Superior Incompleto 15,6% Superior Completo 4,3% Variável quanto a RENDA FAMILIAR: Até 1 SM 12,4%; Mais de 1 a 2 SM 23,0%; Mais de 2 a 5 SM 42,0%; Mais de 5 a 10 SM 15,0%; Acima de 10 SM 7,6%";"#NULO#"
"27/02/2023";"15:36:19";2014;3;"Eleições Gerais 2014";"MG";"MG";"MINAS GERAIS";"MG000892014";"2014-09-11 00:00:00";"#NE";"03866435000101";"IPO - INSTITUTO DE PESQUISA DE OPINIÃO E  ASSESSORIA LTDA";"#NE";"Governador, Senador, Deputado Federal, Deputado Estadual";"2014-08-15 00:00:00";"2014-08-15 00:00:00";363;"9.077";"EDMILSON ANTONIO PEREIRA JUNIOR";"2500,00";"Pesquisa quantitativa, que consiste na realização de entrevistas pessoais, com a aplicação de questionários estruturados e padronizados junto a uma amostra de eleitores do universo pesquisado.";"A amostra de eleitores de Alterosa é distribuída de forma a contemplar todas as regiões geográficas do município, a partir de quotas proporcionais ao universo, disponibilizadas pelo site do TSE (Estatísticas Eleitorais 2014), considerando as variáveis: sexo e faixa etária. Adota-se, assim, a seguinte distribuição: Masculino (51%), Feminino (49%); 16-24 anos (15%), 25-34 anos (21%), 35-44 anos (19%), 45-59 anos (25%), 60 anos ou mais (20%); Considerando a amostra de 363 eleitores do município de Alterosa/MG, ao nível de 95% de confiança, a margem de erro estimada é de 4,8 pontos percentuais, para mais ou para menos.";"Trabalho de campo realizado por uma equipe de entrevistadores devidamente treinados e capacitados para a aplicação dos questionários, sempre coordenados por uma pessoa da EMPO. Após a realização das entrevistas é feita a verificação dos questionários das respostas e da adequação dos entrevistados aos parâmetros amostrais, via telefone ou presencial, de 20% dos entrevistados.";"#NULO#"
"27/02/2023";"15:36:19";2014;3;"Eleições Gerais 2014";"MG";"MG";"MINAS GERAIS";"MG000952014";"2014-09-13 00:00:00";"#NE";"65237786000100";"DIVIDADOS INSTITUTO DE PESQUISA OPINIÃO E MERCADO LTDA";"#NE";"Governador, Deputado Federal, Deputado Estadual";"2014-09-13 00:00:00";"2014-09-13 00:00:00";400;"7772";"DENISE MAGRI MENDES";"8000,00";"O presente trabalho constitui-se numa Pesquisa de Opinião de caráter quantitativo(survey). Essa modalidade de pesquisa implica em tratamento estatístico dos dados levantados em campo, com vistas a criar quadros com freqüências das respostas obtidas, para posterior análise e inferências. O presente relatório contém, pois os resultados quantitativos da pesquisa de opinião realizada junto aos eleitores de Nova Serrana-MG, no dia 13 de Setembro de 2014. Pretendeu o presente estudo, conhecer a intenção de voto para Presidente, Senador, Governador de Minas Gerais, Deputado Federal e Deputado Estadual, nas próximas eleições em outubro de 2014. Para o universo de 46.365 eleitores, (TSE – 2014), foram realizadas 400 (quatrocentas) entrevistas, o que garantiu, para um intervalo de confiança de 95%, uma margem máxima de erro de 4,9%. Utilizando-se o critério probabilístico por múltiplos estágios a amostra foi distribuída obedecendo a densidade populacional de cada região em que a cidade está subdividida. Em seguida, os entrevistados foram identificados segundo sexo, faixa etária, nível de escolaridade e nível de renda. A técnica utilizada foi o formulário, em razão de termos optado pela entrevista como forma de ir de encontro aos dados de que necessitamos. As vantagens que possui o uso dessa técnica reside na possibilidade de ser utilizada em uma população heterogênea, além de estabelecer rapport devido ao contato pessoal e assim, pela ação do entrevistador, conseguir a colaboração e a seriedade necessárias ao trabalho de investigação. O formulário utilizado foi composto de 13 (Treze) perguntas, elaboradas com a necessária vigilância epistemológica. As perguntas constantes do formulário são classificadas tecnicamente como de múltipla escolha, com mostruário fechado e/ou aberto.";"Para o universo de 46.365 eleitores, (TSE – 2014), foram realizadas 400 (quatrocentas) entrevistas, o que garantiu, para um intervalo de confiança de 95%, uma margem máxima de erro de 4,9%. ";"A DIVIDADOS opta por um trabalho de campo diretamente assistido por uma coordenação. Cada grupo de entrevistadores foi conduzido em veículo da empresa diretamente aos locais de coleta de dados, e supervisionados por um coordenador de grupo. Assim, quaisquer eventuais dúvidas, divergências, ou incongruências nas respostas obtidas foram dirimidas imediatamente na própria região de coleta; A digitação, apuração e tabulação dos resultados finais foram realizadas por programas de computador especialmente desenvolvidos pelo nosso corpo técnico.";"#NULO#"
"27/02/2023";"15:36:19";2014;3;"Eleições Gerais 2014";"MG";"MG";"MINAS GERAIS";"MG000912014";"2014-09-11 00:00:00";"#NE";"00654576000172";",INSTITUTO   VERITÁ   LTDA  epp";"#NE";"Governador, Deputado Federal, Deputado Estadual";"2014-09-11 00:00:00";"2014-09-13 00:00:00";510;"7439 / 6ª Região";"Leonard Mendonça de Assis";"20000,00";"Pesquisa quantitativa, que consiste na realização de entrevistas pessoais, com a aplicação de questionários estruturados e padronizados junto a uma amostra representativa do eleitorado do município de Araguari";"a) Público pesquisado:
Eleitores residentes em ARAGUARI e inscritos para votar no estado de MINAS GERAIS

b) Área física: Perímetro urbano do município de ARAGUARI/MG

c) tipo de amostra:
A amostragem será realizada da seguinte forma:
1. Estratificação do município por agrupamento de bairros obedecendo critério geográfico
2. Tamanho de cada estrato foi definido proporcional ao número de eleitores inscritos em cada um destes
3. Divisão em estratos será proporcional ao número de eleitores contidos em cada um destes
4. Seleção dos entrevistados utilizando entrevistas domiciliares obedecendo um quadro de idade e sexo gerado de maneira aleatória por um software estatístico, usando as proporções de idade e sexo descritas neste plano
5. Está prevista adoção de entrevistas em locais de trabalho ou em pontos de fluxo. Estes serão utilizados onde os locais sorteados não permitam adoção de entrevistas domiciliares.

d)Ponderação:
Esta pesquisa é autoponderada (peso = 1), obedecendo as proporções descritas a seguir:

SEXO:
FEMININO 51,46% / MASCULINO 48,54%

Idade
 FEMININO 	 16 A 24 ANOS 	15,00%	 MASCULINO 	 16 A 24 ANOS 	16,04%
 FEMININO 	 25 A 34 ANOS 	21,07%	 MASCULINO 	 25 A 34 ANOS 	22,38%
 FEMININO 	 35 A 44 ANOS 	19,51%	 MASCULINO 	 35 A 44 ANOS 	20,17%
 FEMININO 	 45 A 59 ANOS 	25,14%	 MASCULINO 	 45 A 59 ANOS 	24,67%
 FEMININO 	 60 ANOS OU MAIS 	19,28%	 MASCULINO 	 60 ANOS OU MAIS 	16,75%

Também está prevista ponderação por nivel econômico e instrução, obedecendo as proporções descritas a seguir:
Nível Econômico
FEMININO	Não PEA	47,21%
FEMININO	PEA	52,79%
MASCULINO	Não PEA	28,06%
MASCULINO	PEA	71,94%

Nível de Instrução
FEMININO	Analfabeto até Ensino Médio incompleto	63,58%
FEMININO	Ensino médio completo, superior ou mais	36,42%
MASCULINO	Analfabeto até Ensino Médio incompleto	70,15%
MASCULINO	Ensino médio completo, superior ou mais	29,85%

e) Intervalo de Confiança/Margem de Erro:
Para este planejamento amostral, considerando-se um intervalo de confiança de 95%, é esperado um erro máximo de 4,35 pontos percentuais na estimação da proporção das intenções de voto dos candidatos. 
";"Para a realização da pesquisa será utilizada uma equipe de entrevistadores e supervisores devidamente treinada para este trabalho. Após os trabalhos de campo, os questionários são submetidos a uma fiscalização que consiste no retorno a campo de 20% dos questionários aplicados individualmente pelos entrevistadores, para verificação das respostas e da adequação dos entrevistados aos parâmetros amostrais. ";"#NULO#"
"27/02/2023";"15:36:19";2014;3;"Eleições Gerais 2014";"MG";"MG";"MINAS GERAIS";"MG001332014";"2014-09-23 00:00:00";"#NE";"09283689000183";"PROMÍDIA PESQUISAS DE OPINIÃO PÚBLICA E MARKETING";"#NE";"Governador, Senador, Deputado Federal, Deputado Estadual";"2014-09-19 00:00:00";"2014-09-25 00:00:00";416;"7655 - A";"AUGUSTO DA SILVA ROCHA";"4700,00";"Será adotada a metodologia do tipo “survey”, com entrevistas domiciliares do tipo face-a-face. As entrevistas serão realizadas por meio de cotas proporcionais de acordo com o número de eleitores em cada setor censitário, do sexo, e da idade, de acordo com dados do Censo Demográfico de 2010. Os questionários previamente elaborados de acordo com o objetivo do estudo, realizado por pesquisadores treinados para abordagem desta natureza. Público pesquisado: eleitores residentes e domiciliados no município de Monte Santo de Minas/MG.";"O plano amostral consta de quotas proporcionais as existentes no universo de acordo com as variáveis, Região, Sexo, Faixa Etária. Escolaridade e Renda Familiar não são controladas nas quotas. Variável quanto a REGIÃO: proporcional ao setor censitário do IBGE. Variável quanto ao sexo: Masculino 50,2%, Feminino 49,8%. Idade 16 a 17 anos 4,3%, 18 a 24 anos 14,4%, 25 a 29 anos 10,3%, 30 a 39 anos 18,5%, 40 a 49 anos 18,0%, 50 anos ou mais 34,4%. Para um intervalo de confiança de 95% e um tamanho de amostra 416 entrevistas, a margem de erro máxima estimada foi 4,7 pontos percentuais, para mais ou para menos.";"Todos os questionários preenchidos recebem crítica para avaliação da consistência dos dados coletados. 20% dos questionários são separados, aleatoriamente, para ser submetida à conferência através de novos contatos com os entrevistados, medida sempre adotada e que visa garantir a qualidade e fidelidade dos dados coletados. A consistência dos dados é verificada pelo seu conteúdo e lógica. 

";"#NULO#"
"27/02/2023";"15:36:19";2014;3;"Eleições Gerais 2014";"MG";"MG";"MINAS GERAIS";"MG001482014";"2014-09-24 00:00:00";"#NE";"22642565000105";"CP2 CONSULTORIA, PESQUISA E PLANEJAMENTO LTDA.";"#NE";"Governador, Senador, Deputado Federal, Deputado Estadual";"2014-09-25 00:00:00";"2014-09-30 00:00:00";2066;"9866";"SARAH RIBEIRO DA SILVA";"35000,00";"A metodologia utilizada é o survey quantitativo, com realização de entrevistas pessoais e individuais através de questionário estruturado. A amostra é por cotas de sexo, idade, escolaridade, renda e local (região e bairro) de moradia.";"O universo da pesquisa é composto por eleitores de Minas Gerais,com idade a partir de 16 anos. Serão realizadas 2.066 entrevistas, o que permite um erro amostral máximo de 2,16%e nível de confiança de 95%. Distribuição da amostra pelo perfil dos entrevistados de acordo com cotas de sexo, idade, escolaridade e renda mensal familiar.

Sexo:Masculino: (49,61%); Feminino:(50,39%) - Idade: 16 a 17 anos (5,71%); 18 a 24 anos: (20,33%); 25 a 34 anos: (12,68%); 35 a 44 anos: (22,85%); 45 a 54 anos: (18,39%); Mais de 55 anos: (20,04%) - Escolaridade: Até 4ª série do 1ºgrau/ Ensino Fundamental: (17,97%); De 5ª a 8ª série do 1º grau/ Ensino Fundamental: (38,23%); 2ºgrau/Ensino Médio Incompleto ou Completo:(30,98%);Superior e Pós graduação: (12,82%) –Renda total de sua família: Até 2 SM: (47,39%); De 2 a 5 SM: (27,06%); De 5 a 10 SM (16,75%); Acima de 10 SM (8,80%)
";"Todos os questionários preenchidos recebem crítica para avaliação da consistência dos dados coletados. Vinte por cento dos questionários são separados, aleatoriamente, para serem submetidos à conferência através de novos contatos com os entrevistados, medida sempre adotada e que visa garantir a qualidade e fidelidade dos dados coletados. A consistência dos dados é verificada pelo seu conteúdo e lógica.";"#NULO#"
"27/02/2023";"15:36:19";2014;3;"Eleições Gerais 2014";"MG";"MG";"MINAS GERAIS";"MG000742014";"2014-08-27 00:00:00";"#NE";"00654576000172";",INSTITUTO   VERITÁ   LTDA  epp";"#NE";"Governador, Senador, Deputado Federal, Deputado Estadual";"2014-08-26 00:00:00";"2014-08-29 00:00:00";1060;"7439 / 6ª Região";"Leonard Mendonça de Assis";"30000,00";"	Pesquisa quantitativa, que consiste na realização de entrevistas pessoais, com a aplicação de questionários estruturados e padronizados junto a uma amostra representativa do eleitorado do município de Uberlândia ";"	a) Público pesquisado: Eleitores residentes em UBERLÂNDIA e inscritos para votar no estado de MINAS GERAIS b) Área física: Perímetro urbano do município de Uberlândia/MG c) tipo de amostra: A amostragem será realizada da seguinte forma: 1. Estratificação do município por agrupamento de bairros obedecendo critério geográfico 2. Tamanho de cada estrato foi definido proporcional ao número de eleitores inscritos em cada um destes 3. Divisão em estratos será proporcional ao número de eleitores contidos em cada um destes 4. Seleção dos entrevistados utilizando entrevistas domiciliares obedecendo um quadro de idade e sexo gerado de maneira aleatória por um software estatístico, usando as proporções de idade e sexo descritas neste plano 5. Está prevista adoção de entrevistas em locais de trabalho ou em pontos de fluxo. Estes serão utilizados onde os locais sorteados não permitam adoção de entrevistas domiciliares d)Ponderação: Esta pesquisa é autoponderada (peso = 1), obedecendo as proporções descritas a seguir: SEXO: FEMININO 52,41% / MASCULINO 47,59% Idade FEMININO 16 A 24 ANOS 15,45% FEMININO 25 A 34 ANOS 23,81% FEMININO 35 A 44 ANOS 20,35% FEMININO 45 A 59 ANOS 25,17% FEMININO 60 ANOS OU MAIS 15,21% MASCULINO 16 A 24 ANOS 16,51% MASCULINO 25 A 34 ANOS 24,85% MASCULINO 35 A 44 ANOS 20,85% MASCULINO 45 A 59 ANOS 24,05% MASCULINO 60 ANOS OU MAIS 13,74% Também está prevista ponderação por nivel econômico e instrução, obedecendo as proporções descritas a seguir: Nível Econômico FEMININO Não PEA 47,21% FEMININO PEA 52,79% MASCULINO Não PEA 28,06% MASCULINO PEA 71,94% Nível de Instrução FEMININO Analfabeto até Ensino Médio incompleto 63,58% FEMININO Ensino médio completo, superior ou mais 36,42% MASCULINO Analfabeto até Ensino Médio incompleto 70,15% MASCULINO Ensino médio completo, superior ou mais 29,85% e) Intervalo de Confiança/Margem de Erro: Para este planejamento amostral, considerando-se um intervalo de confiança de 95%, é esperado um erro máximo de 3.0 pontos percentuais na estimação da proporção das intenções de voto dos candidatos. ";"Para a realização da pesquisa será utilizada uma equipe de entrevistadores e supervisores devidamente treinada para este trabalho. Após os trabalhos de campo, os questionários são submetidos a uma fiscalização que consiste no retorno a campo de 20% dos questionários aplicados individualmente pelos entrevistadores, para verificação das respostas e da adequação dos entrevistados aos parâmetros amostrais. ";"#NULO#"
"27/02/2023";"15:36:19";2014;3;"Eleições Gerais 2014";"MG";"MG";"MINAS GERAIS";"MG000092014";"2014-01-29 00:00:00";"#NE";"09283689000183";"PROMÍDIA PESQUISAS DE OPINIÃO PÚBLICA E MARKETING";"#NE";"Governador, Deputado Federal, Deputado Estadual";"2014-02-01 00:00:00";"2014-02-03 00:00:00";303;"7655-A ";"AUGUSTO DA SILVA ROCHA";"6500,00";"A abordagem utilizada consiste na aplicação de uma amostragem aleatória representativa da população residente em Lagoa da Prata/MG, controlada por três fatores: região geográfica, gênero e faixa etária. As ponderações quanto ao grau de instrução e nível econômico do entrevistado constarão do relatório final. A variável, nível econômico e grau de instrução não serão controlados no trabalho de campo, uma vez que os locais de entrevistas apresentam adequada representação do município e o espaço geográfico por si só já define o espaço social. Na fase de tabulação, compilação e análise dos dados proceder-se-á a uma verificação da relação dos referidos parâmetros, aplicando-se correções estatísticas onde se fizer necessário.";"
Ponderação sexo e idade do entrevistado; Sexo; Masculino 49,2%, Feminino 50,8%; Idade 16 a 17 anos 4,6%, 18 a 24 anos 16,2%, 25 a 29 anos 12,2%, 30 a 39 anos 21,8%, 40 a 49 anos 18,8%, 50 a 59 anos 13,2%, 60 anos ou mais 13,2%. Para um intervalo de confiança de 95% e um tamanho de amostra 303 entrevistas, a margem de erro máxima estimada foi 5,6 pontos percentuais, para mais ou para menos.
";"Todos os questionários preenchidos recebem crítica para avaliação da consistência dos dados coletados. 20% dos questionários são separados, aleatoriamente, para ser submetida à conferência através de novos contatos com os entrevistados, medida sempre adotada e que visa garantir a qualidade e fidelidade dos dados coletados. A consistência dos dados é verificada pelo seu conteúdo e lógica. ";"ÁREA URBANA 
ÁREA RURAL"
"27/02/2023";"15:36:19";2014;3;"Eleições Gerais 2014";"MG";"MG";"MINAS GERAIS";"MG000252014";"2014-05-21 00:00:00";"#NE";"00852501000104";"VOX OPINIÃO PESQUISA E PROJETOS LTDA";"#NE";"Governador, Senador";"2014-05-17 00:00:00";"2014-05-21 00:00:00";2250;"5ª Região nº 8641";"Maria Cecília Sacramento Souza";"50000,00";"Pesquisa quantitativa, que consiste na realização de entrevistas pessoais, com a aplicação de questionários estruturados e padronizados junto a uma amostra representativa do eleitorado do estado de Minas Gerais.";"Plano Amostral:

a)	Público pesquisado: eleitores no estado de Minas Gerais.
 
b)	Tipo de amostra: A amostra é representativa do eleitorado do estado de Minas Gerais e para as seguintes regiões: Belo Horizonte, Alto Paranaíba/Triângulo, Campo das Vertentes/Zona da Mata, Central Mineira/Oeste de Minas, Macro Metropolitana, Grande BH, Jequitinhonha/Vale do Mucuri, Noroeste de Minas/Norte de Minas, Sul/Sudoeste de Minas, Vale do Rio Doce. 

Houve uma expansão de 250 entrevistas em Belo Horizonte para que totalizasse 500 entrevistas e assim obter resultados em separado para a capital. Totalizando, desta forma, 2.250 entrevistas.

A amostra foi selecionada em três estágios: 

1º estágio: seleção probabilística de municípios, através do método PPT (Probabilidade Proporcional ao Tamanho), tomando como base o número de eleitores de cada município;

2º estágio: seleção aleatória dos setores censitários ou bairros dentro do município; 

3º estágio: seleção dos respondentes dentro dos setores censitários ou bairros através de uma quota proporcional de Gênero, Idade, Escolaridade e Renda Familiar, de acordo com o perfil da população em estudo.

As entrevistas foram pessoais e domiciliares.

Fonte de dados: IBGE, Censo 2010 e PNAD 2012
			  TSE, Cadastro de Eleitores 2014

c)	Tamanho da amostra: 2.250 entrevistas.

d)	Ponderação: Para obter resultados válidos para o conjunto dos eleitores do estado de Minas Gerais será aplicado fator de ponderação para corrigir a desproporção em relação ao percentual de eleitores da capital.

Ponderação da amostra:

Região	Amostra	% Eleitorado	Fator de Ponderação	Amostra ponderada
				
Capital	500	12%	0,5	250
Interior	1.750	88%	1	1.750
TOTAL	2.250			2.000

e)	Área física de realização da pesquisa: A ser informada e fornecida conforme artigo 2º, inciso X 5º § da Resolução 23.400 do Tribunal Superior Eleitoral – TSE datada de 27 de dezembro de 2013. 

f)	Intervalo de Confiança/Margem de Erro: O intervalo de confiança estimado é de 95% e a margem de erro máxima estimada é de 2,2 pontos percentuais para mais ou para menos sobre os resultados encontrados no total da amostra.

g)	Checagem: Logo após a realização da coleta de dados, é feito o trabalho de checagem das entrevistas junto aos respondentes. O objetivo é, sobretudo, garantir que a entrevista foi realmente realizada e verificar como o respondente se sentiu em relação à pesquisa. Há perguntas do questionário que são reproduzidas para certificarmos de sua correta aplicação e há outras questões que se referem exclusivamente à performance do entrevistador. São aproximadamente 20% dos respondentes de cada entrevistador que irão receber o contato dos checadores.
";"Para a realização da pesquisa será utilizada uma equipe de entrevistadores e supervisores devidamente treinada para este trabalho. Após os trabalhos de campo, os questionários são submetidos a uma fiscalização que consiste no retorno a campo de 20% dos questionários aplicados individualmente pelos entrevistadores, para verificação das respostas e da adequação dos entrevistados aos parâmetros amostrais.";"#NULO#"
"27/02/2023";"15:36:19";2014;3;"Eleições Gerais 2014";"MG";"MG";"MINAS GERAIS";"MG000382014";"2014-06-03 00:00:00";"#NE";"00654576000172";",INSTITUTO   VERITÁ   LTDA  epp";"#NE";"Governador, Deputado Federal, Deputado Estadual";"2014-05-27 00:00:00";"2014-05-30 00:00:00";422;"7439 - 6ª";"Leonard Mendonça de Assis";"16800,00";"Pesquisa quantitativa, que consiste na realização de entrevistas pessoais com a aplicação de questionários padronizados e estruturados junto a uma amostra representativa do eleitorado do município de UBERABA";"a) Público pesquisado:

Eleitores residentes no perímetro urbano do município

b) tipo de amostra:

A amostragem será realizada da seguinte forma:
1. Estratificação so município por agrupamento de Setores Censitários obedecendo critério geográfico (Agrupamento de bairros conforme divisão do IBGE para o CENSO 2010)
2. Tamanho de cada estrato foi definido proporcional ao número de domicílios pertencente a cada um destes (Dados obtidos pelos microdados do CENSO Demográfico de 2010, IBGE)
3. Seleção das Residências segundo critério de amostragem sistemática
4. Realização de entrevistas domiciliares com sorteio dentre os moradores presentes na residência selecionada, obedecendo um quadro de Idade/Sexo gerado de maneira aleatória por um software estatístico, levando em consideração as proporções de idade e sexo constantes no sitio do TSE para o município.

Idade e Sexo
Masculino 16 A 24 6,84%
Masculino 25 a 34 anos 10,97%
Masculino 35 a 44 anos 9,04%
Masculino 45 a 59 anos 11,85%
Masculino ACIMA DE 60 8,27%
Feminino 16 A 24 7,02%
Feminino 25 a 34 anos 11,57%
Feminino 35 a 44 anos 9,93%
Feminino 45 a 59 anos 13,81%
Feminino ACIMA DE 60 10,69%

Nível Econômico
Masculino / PEA 82,68% Masculino / Não PEA 17,32%
Feminino / PEA 59,69% Feminino / Não PEA 40,31%

Nível de Instrução
Masculino / Até 5 anos instrução 41,75%
Masculino / de 6 a 9 anos de instrução 24,86%
Masculino / de 10 a 12 anos de instrução 24,31%
Masculino / mais de 12 anos de instrução 9,08%
Feminino / Até 5 anos instrução 37,96%
Feminino / de 6 a 9 anos de instrução 21,91%
Feminino / de 10 a 12 anos de instrução 27,05%
Feminino / mais de 12 anos de instrução 13,07%

d) Intervalo de Confiança/Margem de Erro: Para este planejamento amostral, considerando-se um intervalo de confiança de 95%, é esperado um erro máximo de 4,77 pontos percentuais na estimação da proporção das intenções de voto dos candidatos. ";" Para a realização da pesquisa será utilizada uma equipe de entrevistadores e supervisores devidamente treinada para este trabalho. Após os trabalhos de campo, os questionários são submetidos a uma fiscalização que consiste no retorno a campo de 20% dos questionários aplicados individualmente pelos entrevistadores, para verificação das respostas e da adequação dos entrevistados aos parâmetros amostrais. ";"#NULO#"
"27/02/2023";"15:36:19";2014;3;"Eleições Gerais 2014";"MG";"MG";"MINAS GERAIS";"MG000502014";"2014-07-01 00:00:00";"#NE";"09283689000183";"PROMÍDIA PESQUISAS DE OPINIÃO PÚBLICA E MARKETING";"#NE";"Deputado Federal, Deputado Estadual";"2014-06-30 00:00:00";"2014-07-02 00:00:00";390;"7655 - A ";"AGUSTO DA SILVA ROCHA";"7200,00";"Será adotada a metodologia do tipo “survey”, com entrevistas domiciliares do tipo face-a-face. As entrevistas serão realizadas por meio de cotas proporcionais de acordo com o número de eleitores em cada setor censitário, do sexo, e da idade, de acordo com dados do Censo Demográfico de 2010. Os questionários previamente elaborados de acordo com o objetivo do estudo, realizado por pesquisadores treinados para abordagem desta natureza. Público pesquisado: eleitores residentes e domiciliados no município de Carmo do Rio Claro/MG.";"O plano amostral consta de quotas proporcionais as existentes no universo de acordo com as variáveis, Região, Sexo, Faixa Etária. Escolaridade e Renda Familiar não são controladas nas quotas. Variável quanto a REGIÃO: proporcional ao setor censitário do IBGE. Variável quanto ao sexo: Masculino 51,0%, Feminino 49,0%. Idade 16 a 24 anos 19%, 25 a 34 anos 21,2%, 35 a 44 anos 18,9%, 45 a 59 anos 24,1%, 60 anos ou mais 16,8%. Para um intervalo de confiança de 95% e um tamanho de amostra 390 entrevistas, a margem de erro máxima estimada foi 5,0 pontos percentuais, para mais ou para menos.";"Todos os questionários preenchidos recebem crítica para avaliação da consistência dos dados coletados. 20% dos questionários são separados, aleatoriamente, para ser submetida à conferência através de novos contatos com os entrevistados, medida sempre adotada e que visa garantir a qualidade e fidelidade dos dados coletados. A consistência dos dados é verificada pelo seu conteúdo e lógica. 
";"ÁREA URBANA
ÁREA RURAL"
"27/02/2023";"15:36:19";2014;3;"Eleições Gerais 2014";"MG";"MG";"MINAS GERAIS";"MG001072014";"2014-09-14 00:00:00";"#NE";"14543704000115";"VISÃO PESQUISA DE OPINIÃO PÚBLICA E MARKETING";"#NE";"Governador, Senador, Deputado Federal, Deputado Estadual";"2014-09-12 00:00:00";"2014-09-15 00:00:00";702;"7655";"AGUSTO DA SILVA ROCHA";"5800,00";"Pesquisa Quantitativa, com técnica survey de opinião e abordagem domiciliar/pessoal. ";"Utilizou se amostragem estratificada, subdivididas por extratos de sexo, idade e região. Onde cada extratos é proporcionais ao eleitorado do município pesquisado, no caso – PASSOS – MG. Sexo: Masculino 48,7% Feminino 51,3% Idade: 16 a 17 4,5% 18 a 24 15,9% 25 a 29 11,1% 30 a 39 20,1% 40 a 49 18,7% 50 ou mais 29,7% Escolaridade e renda não controladas nas quotas. Intervalo de Confiança: 95,0% Margem de erro: 3,66% para mais ou para menos Universo da pesquisa: eleitores de PASSOS - MG. Fonte de Dados: IBGE, Censo 2010 e TSE JUN/2014. ";"Para realização da pesquisa será utilizada uma equipe de entrevistadores e supervisores devidamente treinados para este trabalho. Após a coleta de dados, os questionários são submetidos a checagem de 20%. Além disso, todos os questionários passarão por verificação e crítica, para controle de qualidade. 
";"#NULO#"
"27/02/2023";"15:36:19";2014;3;"Eleições Gerais 2014";"MG";"MG";"MINAS GERAIS";"MG001452014";"2014-09-23 00:00:00";"#NE";"09283689000183";"PROMÍDIA PESQUISAS DE OPINIÃO PÚBLICA E MARKETING";"#NE";"Governador, Senador, Deputado Federal, Deputado Estadual";"2014-09-24 00:00:00";"2014-09-26 00:00:00";308;"7655 - A";"AUGUSTO DA SILVA ROCHA";"4600,00";"Será adotada a metodologia do tipo “survey”, com entrevistas domiciliares do tipo face-a-face. As entrevistas serão realizadas por meio de cotas proporcionais de acordo com o número de eleitores em cada setor censitário, do sexo, e da idade, de acordo com dados do Censo Demográfico de 2010. Os questionários previamente elaborados de acordo com o objetivo do estudo, realizado por pesquisadores treinados para abordagem desta natureza. Público pesquisado: eleitores residentes e domiciliados no município de Juruaia/MG.";"O plano amostral consta de quotas proporcionais as existentes no universo de acordo com as variáveis, Região, Sexo, Faixa Etária. Escolaridade e Renda Familiar não são controladas nas quotas. Variável quanto a REGIÃO: proporcional ao setor censitário do IBGE. Variável quanto ao sexo: Masculino 51,4%, Feminino 48,6%. Idade 16 a 17 anos 5,2%, 18 a 24 anos 18,5%, 25 a 29 anos 12%, 30 a 39 anos 19,5%, 40 a 49 anos 17,2%, 50 anos ou mais 27,6%. Para um intervalo de confiança de 95% e um tamanho de amostra 308 entrevistas, a margem de erro máxima estimada foi 5,4 pontos percentuais, para mais ou para menos.";"Todos os questionários preenchidos recebem crítica para avaliação da consistência dos dados coletados. 20% dos questionários são separados, aleatoriamente, para ser submetida à conferência através de novos contatos com os entrevistados, medida sempre adotada e que visa garantir a qualidade e fidelidade dos dados coletados. A consistência dos dados é verificada pelo seu conteúdo e lógica. 

";"#NULO#"
"27/02/2023";"15:36:19";2014;3;"Eleições Gerais 2014";"MG";"MG";"MINAS GERAIS";"MG001592014";"2014-09-24 00:00:00";"#NE";"00654576000172";",INSTITUTO   VERITÁ   LTDA  epp";"#NE";"Governador, Senador, Deputado Federal, Deputado Estadual";"2014-09-25 00:00:00";"2014-09-28 00:00:00";702;"7439 / 6ª Região";"Leonard Mendonça de Assiso";"20000,00";"Pesquisa quantitativa, que consiste na realização de entrevistas pessoais, com a aplicação de questionários estruturados e padronizados junto a uma amostra representativa do eleitorado do município de Uberaba";"a) Público pesquisado:
Eleitores residentes em UBERLÂNDIA e inscritos para votar no estado de MINAS GERAIS

b) Área física:
Perímetro urbano do município de Uberaba/MG

c) tipo de amostra:
A amostragem será realizada da seguinte forma:
1. Estratificação do município por agrupamento de bairros obedecendo critério geográfico
2. Tamanho de cada estrato foi definido proporcional ao número de eleitores inscritos em cada um destes
3. Seleção dos entrevistados utilizando entrevistas domiciliares obedecendo um quadro de idade e sexo gerado de maneira aleatória por um software estatístico, usando as proporções de idade e sexo descritas neste plano
4. Está prevista adoção de entrevistas em locais de trabalho ou em pontos de fluxo. Estes serão utilizados onde os locais sorteados não permitam adoção de entrevistas domiciliares

d)Ponderação:
Esta pesquisa é auto-ponderada (peso = 1), obedecendo as proporções descritas a seguir:

SEXO:
FEMININO 53,03% / MASCULINO 46,97%

Idade:

 FEMININO 	 16 A 24 ANOS 	13,25%	 MASCULINO 	 16 A 24 ANOS 	14,56%
 FEMININO 	 25 A 34 ANOS 	21,81%	 MASCULINO 	 25 A 34 ANOS 	23,36%
 FEMININO 	 35 A 44 ANOS 	18,73%	 MASCULINO 	 35 A 44 ANOS 	19,25%
 FEMININO 	 45 A 59 ANOS 	26,05%	 MASCULINO 	 45 A 59 ANOS 	25,23%
 FEMININO 	 60 ANOS OU MAIS 	20,16%	 MASCULINO 	 60 ANOS OU MAIS 	17,60%


Também está prevista ponderação por nivel econômico e instrução, obedecendo as proporções descritas a seguir:

Nível Econômico
FEMININO Não PEA 47,21% FEMININO PEA 52,79%
MASCULINO Não PEA 28,06% MASCULINO PEA 71,94%

Nível de Instrução

FEMININO Analfabeto até Ensino Médio incompleto 63,58%
FEMININO Ensino médio completo, superior ou mais 36,42%
MASCULINO Analfabeto até Ensino Médio incompleto 70,15%
MASCULINO Ensino médio completo, superior ou mais 29,85%

e) Intervalo de Confiança/Margem de Erro: Para este planejamento amostral, considerando-se um intervalo de confiança de 95%, é esperado um erro máximo de 3,7 pontos percentuais na estimação da proporção das intenções de voto dos candidatos. ";"Para a realização da pesquisa será utilizada uma equipe de entrevistadores e supervisores devidamente treinada para este trabalho. Após os trabalhos de campo, os questionários são submetidos a uma fiscalização que consiste no retorno a campo de 20% dos questionários aplicados individualmente pelos entrevistadores, para verificação das respostas e da adequação dos entrevistados aos parâmetros amostrais. ";"#NULO#"
"27/02/2023";"15:36:19";2014;3;"Eleições Gerais 2014";"MG";"MG";"MINAS GERAIS";"MG001922014";"2014-09-28 00:00:00";"#NE";"06154093000195";"Multidados comunicação Ltda";"#NE";"Governador, Senador, Deputado Federal, Deputado Estadual";"2014-09-30 00:00:00";"2014-10-02 00:00:00";411;"7683";"ELMO HENRIQUE DE MORAES";"3300,00";"MUNICÍPIO DE LAGOA SANTA. Pesquisa quantitativa, que consiste na realização de entrevistas pessoais, com a aplicação de questionários estruturados e padronizados junto a uma amostra representativa do eleitorado do município de LAGOA SANTA, ESTADO DE MINAS GERAIS. O conjunto do eleitorado com 16 anos ou mais foi tomado como universo da pesquisa.";"Plano Amostral: MUNICÍPIO DE LAGOA SANTA, ESTADO DE MINAS GERAIS
A. PÚBLICO PESQUISADO: Eleitores da cidade de LAGOA SANTA, município do Estado de Minas Gerais, onde a localidade foi dividida em regiões geográficas baseadas conforme o índice populacional do censo 2010 distribuído pelo IBGE.
B. TIPO DE AMOSTRA: A amostra é estratificada por cotas e representativa para o conjunto dos eleitores do município de LAGOA SANTA, Estado de Minas Gerais. A amostra foi selecionada em três partes: 
1º parte: Seleção probabilística das regiões, através do método PPT (Probabilidade Proporcional ao Tamanho), tomando como base o número de eleitores de cada região do município. 
2º parte: Seleção aleatória dos setores censitários ou bairros dentro do município; 
3º parte: A seleção dos respondentes é feita dentro dos setores censitários, regiões ou bairros do município através quotas proporcionais de sexo, idade, escolaridade e renda familiar de acordo com o perfil da população em estudo no município.
As entrevistas são pessoais e possuem como base a fonte de dados do IBGE através do Censo 2010 e PNAD 2012, além do Cadastro de Eleitores 2014 do TSE. 
C.TAMANHO DA AMOSTRA:411 entrevistas. 
D.PONDERAÇÃO: Devido à metodologia amostral adotada as proporções quanto a sexo, idade, escolaridade e renda familiar da amostra são as mesmas do universo pesquisado, com base no Censo Demográfico de 2010, IBGE e no Cadastro de Eleitores 2014 do TSE. Portanto, os fatores de ponderação a serem aplicados nas variáveis de sexo, idade, escolaridade e renda familiar assumem valor igual a 1(um). 
E. ÁREA FÍSICA DE REALIZAÇÃO DA PESQUISA: A ser informada e fornecida conforme artigo 2º, inciso X 5º § da Resolução 23.400 do Tribunal Superior Eleitoral TSE datada de 27 de dezembro de 2013. 
F. INTERVALO DE CONFIANÇA/MARGEM DE ERRO: O intervalo de confiança estimado é de 95% e a margem de erro máxima estimada é de 3,8 pontos percentuais para mais ou para menos sobre os resultados. 
";"As regiões da cidade de LAGOA SANTA, município do Estado de Minas Gerais são verificados em relação a consistência dos dados, analisado individualmente cada entrevista realizada. Todo trabalho é feito em tabletes ou questionários eletrônicos e o programa utiliza numero fixos para todas as perguntas apresentadas. O sistema também utiliza dois códigos extras, o “97”, quando o entrevistado coloca nenhuma ou que vota em branco ou nulo. O outro código extra é o “98” que significa respostas indecisas, eleitores que não sabem ou que não responderam. Os códigos extras não podem ser aplicados nas perguntas básicas: Número do questionário, região, município, sexo, idade, escolaridade e renda familiar. O próprio questionário padrão a Multidados já apresenta os códigos que podem ser aplicados a cada pergunta. Outras respostas apresentadas pelo entrevistado recebem o código “98”. O programa do questionário Multidados não permite duas respostas numa mesma pergunta. Checagem: Logo após a realização da coleta de dados, é feito o trabalho de checagem das entrevistas junto aos respondentes. O objetivo é, sobretudo, garantir que as entrevistas foram realmente realizadas e verificadas. Há perguntas do questionário que são reproduzidas para certificarmos de sua correta aplicação e há outras questões que se referem exclusivamente ao desempenho do entrevistador(a). Para a realização da pesquisa será utilizada uma equipe de entrevistadores devidamente treinada para este trabalho. Após os trabalhos de campo, os questionários são submetidos a uma fiscalização que consiste na checagem de 10% dos questionários aplicados individualmente pelos entrevistadores, para verificação das respostas e da adequação dos entrevistados aos parâmetros amostrais. ";"A área de abrangência da coleta é a cidade de LAGOA SANTA, município do Estado de Minas Gerais. A Relação de regiões e bairros selecionados para aplicação da amostra será apresentada até o 7º dia seguinte ao Registro da pesquisa, conforme expresso no art. 2º § 5º da resolução 23.400/2013 do TSE."
"27/02/2023";"15:36:19";2014;3;"Eleições Gerais 2014";"MG";"MG";"MINAS GERAIS";"MG000262014";"2014-05-23 00:00:00";"#NE";"22642565000105";"CP2 CONSULTORIA, PESQUISA E PLANEJAMENTO LTDA.";"#NE";"Governador, Senador, Deputado Federal, Deputado Estadual";"2014-05-23 00:00:00";"2014-05-27 00:00:00";2062;"8705";"Karla Imaculada de Assis";"69400,00";"A metodologia utilizada é o survey quantitativo, com realização de entrevistas pessoais e individuais através de questionário estruturado. A amostra é por cotas de sexo, idade, escolaridade, renda e local (região e bairro) de moradia.";"O universo da pesquisa é composto por eleitores de Contagem/MG, com idade a partir de 16 anos. Serão realizadas 2.062 entrevistas, o que permite um erro amostral máximo de 1,98% e nível de confiança de 95%. Distribuição da amostra pelo perfil dos entrevistados de acordo com cotas de sexo, idade, escolaridade e renda mensal familiar: 

Sexo: 
•	Masculino	49,9% 
•	Feminino	50,1% 

Idade: 
•	16 a 17 anos	5,0%
•	18 a 24  anos	20,0%
•	25 a 34 anos	15,0%
•	35 a 44 anos	22,0%
•	45 a 54 anos 	18,0%
•	Acima 55 anos 	20,0%

Escolaridade: 
•	Até 4ª série do 1º grau/ Ensino Fundamental  	          18%
•	De 5ª a 8ª série do 1º grau/ Ensino Fundamental         30%
•	2º Grau/ Ensino Médio Incompleto ou Completo            31%
•	Superior e Pós-graduação                                             13% 

Renda: 
•	até 2 salários mínimos 		47%
•	2 a 5 salários mínimos 		27%
•	5 a 10 salários mínimos 		17%
•	Acima de 10 salários mínimos 	9%
";"Todos os questionários preenchidos recebem crítica para avaliação da consistência dos dados coletados. Vinte por cento dos questionários são separados, aleatoriamente, para serem submetidos à conferência através de novos contatos com os entrevistados, medida sempre adotada e que visa garantir a qualidade e fidelidade dos dados coletados. A consistência dos dados é verificada pelo seu conteúdo e lógica.";"#NULO#"
"27/02/2023";"15:36:19";2014;3;"Eleições Gerais 2014";"MG";"MG";"MINAS GERAIS";"MG000572014";"2014-07-25 00:00:00";"#NE";"09283689000183";"PROMÍDIA PESQUISAS DE OPINIÃO PÚBLICA E MARKETING";"#NE";"Governador, Senador, Deputado Federal, Deputado Estadual";"2014-07-26 00:00:00";"2014-07-28 00:00:00";273;"7655";"AUGUSTO DA SILVA ROCHA";"6500,00";"Será adotada a metodologia do tipo “survey”, com entrevistas domiciliares do tipo face-a-face. As entrevistas serão realizadas por meio de cotas proporcionais de acordo com o número de eleitores em cada setor censitário, do sexo, e da idade, de acordo com dados do Censo Demográfico de 2010. Os questionários previamente elaborados de acordo com o objetivo do estudo, realizado por pesquisadores treinados para abordagem desta natureza. Público pesquisado: eleitores residentes e domiciliados no município de Campo Belo/MG.";"O plano amostral consta de quotas proporcionais as existentes no universo de acordo com as variáveis, Região, Sexo, Faixa Etária. Escolaridade e Renda Familiar não são controladas nas quotas. Variável quanto a REGIÃO: proporcional ao setor censitário do IBGE. Variável quanto ao sexo: Masculino 39,7%, Feminino 60,3%. Idade 16 a 17 anos 4,4%, 18 a 24 anos 10,6%, 25 a 29 anos 14,6%, 30 a 39 anos 17,9%, 40 a 49 anos 21,5%, 50 anos ou mais 31%. Para um intervalo de confiança de 95% e um tamanho de amostra 273 entrevistas, a margem de erro máxima estimada foi 5,5 pontos percentuais, para mais ou para menos.";"Todos os questionários preenchidos recebem crítica para avaliação da consistência dos dados coletados. 20% dos questionários são separados, aleatoriamente, para ser submetida à conferência através de novos contatos com os entrevistados, medida sempre adotada e que visa garantir a qualidade e fidelidade dos dados coletados. A consistência dos dados é verificada pelo seu conteúdo e lógica. 

";"#NULO#"
"27/02/2023";"15:36:19";2014;3;"Eleições Gerais 2014";"MG";"MG";"MINAS GERAIS";"MG000662014";"2014-08-20 00:00:00";"#NE";"22642565000105";"CP2 CONSULTORIA, PESQUISA E PLANEJAMENTO LTDA.";"#NE";"Governador, Senador, Deputado Federal, Deputado Estadual";"2014-08-06 00:00:00";"2014-08-12 00:00:00";1000;"9866";"SARAH RIBEIRO DA SILVA";"35000,00";"A metodologia utilizada é o survey quantitativo, com realização de entrevistas pessoais e individuais através de questionário estruturado. A amostra é por cotas de sexo, idade, escolaridade, renda e local (região e bairro) de moradia.";"O universo da pesquisa é composto por eleitores de Betim,  com idade a partir de 18 anos . Serão realizadas 1.000 entrevistas, o que permite um erro amostral máximo de 5,66% e nível de confiança de 95%. Distribuição da amostra pelo perfil dos entrevistados de acordo com cotas de sexo, idade, escolaridade e renda mensal familiar: 

Sexo: Masculino: (51,3%); Feninino:(48,7%) - Idade: 35 a 44 anos (24,9%); 25 a 34 anos (23,5%); 18 a 24 anos (22,2%) 55 anos ou mais (15,1%) 45 a 54 anos (14,3%) - Escolaridade: 2 grau completo ou incompleto (41,6%) De 5a a 8a série do 1 grau (26,7%) Até 4a série do 1 grau (21,2%) Superior completo ou incompleto (10,5%) - Renda total se sua família: Mais de 2 SM a 5 SM	 (42,3%) Até 2 SM (27,7%) Mais de 5 SM a 10 SM	 (21,0%) Mais de 10 SM a 20 SM (6,2%) Acima de 20 SM (2,7%)
";"Todos os questionários preenchidos recebem crítica para avaliação da consistência dos dados coletados. Vinte por cento dos questionários são separados, aleatoriamente, para serem submetidos à conferência através de novos contatos com os entrevistados, medida sempre adotada e que visa garantir a qualidade e fidelidade dos dados coletados. A consistência dos dados é verificada pelo seu conteúdo e lógica.";"#NULO#"
"27/02/2023";"15:36:19";2014;3;"Eleições Gerais 2014";"MG";"MG";"MINAS GERAIS";"MG001082014";"2014-09-15 00:00:00";"#NE";"00852501000104";"VOX OPINIÃO PESQUISA E PROJETOS LTDA";"#NE";"Governador, Senador";"2014-09-16 00:00:00";"2014-09-18 00:00:00";2400;"5ª REGIÃO Nº 8641";"MARIA CECÍLIA SACRAMENTO SOUZA";"160368,00";"Pesquisa quantitativa, que consiste na realização de entrevistas pessoais, com a aplicação de questionários estruturados e padronizados junto a uma amostra representativa do eleitorado do estado de Minas Gerais.";"Plano Amostral:

a)	Público pesquisado: eleitores no estado de Minas Gerais.
 
b)	Tipo de amostra: A amostra é estratificada por cota e representativa para o conjunto dos eleitores do estado de Minas Gerais. A amostra foi selecionada em três estágios: 

1º estágio: seleção probabilística de municípios, através do método PPT (Probabilidade Proporcional ao Tamanho), tomando como base o número de eleitores de cada município;

2º estágio: seleção aleatória dos setores censitários ou bairros dentro do município; 

3º estágio: seleção dos respondentes dentro dos setores censitários ou bairros através de uma quota proporcional de Gênero, Idade, Escolaridade e Renda Familiar, de acordo com o perfil da população em estudo.

As entrevistas foram pessoais e domiciliares.


Fonte de dados: IBGE, Censo 2010 e PNAD 2012
			  TSE, Cadastro de Eleitores 2014

c)	Tamanho da amostra: 2.400 entrevistas.

d)	Ponderação: Devido à metodologia amostral adotada as proporções quanto a sexo, idade, escolaridade e renda familiar da amostra são as mesmas do universo pesquisado, com base no Censo Demográfico de 2010 – IBGE e no Cadastro de Eleitores 2014 do TSE. Portanto, os fatores de ponderação a serem aplicados nas variáveis sexo, idade, escolaridade e renda familiar assumem valor igual a 1(um).

e)	Área física de realização da pesquisa: A ser informada e fornecida conforme artigo 2º, inciso X 5º § da Resolução 23.400 do Tribunal Superior Eleitoral – TSE datada de 27 de dezembro de 2013. 

f)	Intervalo de Confiança/Margem de Erro: O intervalo de confiança estimado é de 95% e a margem de erro máxima estimada é de 2,0 pontos percentuais para mais ou para menos sobre os resultados encontrados no total da amostra.

g)	Checagem: Logo após a realização da coleta de dados, é feito o trabalho de checagem das entrevistas junto aos respondentes. O objetivo é, sobretudo, garantir que a entrevista foi realmente realizada e verificar como o respondente se sentiu em relação à pesquisa. Há perguntas do questionário que são reproduzidas para certificarmos de sua correta aplicação e há outras questões que se referem exclusivamente à performance do entrevistador. São aproximadamente 20% dos respondentes de cada entrevistador que irão receber o contato dos checadores.
";"Para a realização da pesquisa será utilizada uma equipe de entrevistadores e supervisores devidamente treinada para este trabalho. Após os trabalhos de campo, os questionários são submetidos a uma fiscalização que consiste no retorno a campo de 20% dos questionários aplicados individualmente pelos entrevistadores, para verificação das respostas e da adequação dos entrevistados aos parâmetros amostrais.";"SERÁ ENVIADO APÓS DIVULGAÇÃO."
"27/02/2023";"15:36:19";2014;3;"Eleições Gerais 2014";"MG";"MG";"MINAS GERAIS";"MG001102014";"2014-09-15 00:00:00";"#NE";"06154093000195";"Multidados comunicação Ltda";"#NE";"Governador, Senador";"2014-09-16 00:00:00";"2014-09-19 00:00:00";1254;"7683";"ELMO HENRIQUE DE MORAES";"40000,00";"Pesquisa quantitativa, que consiste na realização de entrevistas pessoais, com a aplicação de questionários estruturados e padronizados junto a uma amostra representativa do eleitorado do Estado de Minas Gerais. O conjunto do eleitorado com 16 anos ou mais foi tomado como universo da pesquisa.";"Plano Amostral:
a) PÚBLICO PESQUISADO: Eleitores do Estado de Minas Gerais, divididos em  14 mesorregiões, microrregiões ou regiões e são apresentados da seguinte maneira:  CAPITAL que 1 município, GRANDE BELO HORIZONTE que possui 10 municípios, região METROPOLITANA que possui 7 municípios, TRIÂNGULO MINEIRO E ALTO PARANAÍBA tem 9 municípios, o VALE DO JEQUITINHONHA ficou com 4 municípios, o VALE DO MUCURI tem 2 municípios, já a região SUL E O SUDOESTE DE MINAS tem 13 municípios, a ZONA DA MATA mineira possui 11 municípios, o NORTE DE MINAS tem 7 municípios, a região NOROESTE tem 2 municípios, o VALE DO RIO DOCE tem 9 municípios, a região OESTE de Minas é composta por 5 municípios, a CAMPO DAS VERTENTES é formada por 3 municípios e finalizando a CENTRAL MINEIRA tem 2 municípios.
b) TIPO DE AMOSTRA: A amostra é estratificada por cotas e representativa para o conjunto dos eleitores do Estado de Minas Gerais. A amostra foi selecionada em três partes: 1º parte: Seleção probabilística de municípios, através do método PPT (Probabilidade Proporcional ao Tamanho), tomando como base o número de eleitores de cada município. Também será levada em consideração a  influência do município ou das cidades polos. 2º parte: Seleção aleatória dos setores censitários ou bairros urbanos ou rurais dentro dos municípios; 3º parte: A seleção dos respondentes é feita dentro dos setores censitários ou regiões ou bairros dos municípios através quotas proporcionais de sexo, idade, escolaridade e renda familiar de acordo com o perfil da população em estudo. 
As entrevistas são pessoais e possui como base a fonte de dados do  IBGE através do Censo 2010 e PNAD 2012, além do Cadastro de Eleitores 2014 do TSE.  A definição de sexo responde a 49% de homens e 51% de mulheres. As idades foram definidas com  os seguintes valores:  15% para eleitores de 16 a 24 anos, 22% de eleitores de 25 a 34 anos, 20% de 35 a 44 anos, 25% de 45 a 59 anos e 18% mais de 60 anos. Para as variáveis de grau de instrução (escolaridade) e nível econômico do entrevistado (renda familiar), o fator previsto para ponderação é 1 (resultados obtidos em campo).
c) Tamanho da amostra: 1.254 entrevistas.
d) Ponderação:  Devido à metodologia amostral adotada as proporções quanto a sexo, idade, escolaridade e renda familiar da amostra são as mesmas do universo pesquisado, com base no Censo Demográfico de 2010, IBGE e no Cadastro de Eleitores 2014 do TSE. Portanto, os fatores de ponderação a serem aplicados nas variáveis de sexo, idade, escolaridade e renda familiar assumem valor igual a 1(um).
e) Área física de realização da pesquisa: A ser informada e fornecida conforme artigo 2º, inciso X 5º § da Resolução 23.400 do Tribunal Superior Eleitoral TSE datada de 27 de dezembro de 2013.
f) Intervalo de Confiança/Margem de Erro: O intervalo de confiança estimado é de 95% e a margem de erro máxima estimada é de 2,8 pontos percentuais para mais ou para menos sobre os resultados. 
";"Os 85 municípios são verificados em relação a consistência dos dados, analisado individualmente cada entrevista realizada. Todo trabalho é feito em tabletes ou questionários eletrônicos e o programa utiliza numero fixos para todas as perguntas apresentadas. O sistema também utiliza dois códigos extras, o “97”, quando o entrevistado coloca nenhuma ou que vota em branco ou nulo. O outro código extra é o “98” que significa respostas indecisas, eleitores que não sabem ou que não responderam.
Os códigos extras não podem ser aplicados nas perguntas básicas: Número do questionário, região, município, sexo, idade, escolaridade e renda familiar. O próprio questionário padrão a Multidados já apresenta os códigos que podem ser aplicados a cada pergunta.
Outras respostas apresentadas pelo entrevistado recebem o código “98”. 
O programa do questionário Multidados não permite duas respostas numa mesma pergunta.
Checagem: Logo após a realização da coleta de dados, é feito o trabalho de checagem das entrevistas junto aos respondentes. O objetivo é, sobretudo, garantir que as entrevistas foram realmente realizadas e verificadas. Há perguntas do questionário que são reproduzidas para certificarmos de sua correta aplicação e há outras questões que se referem exclusivamente ao desempenho do entrevistador(a). 
Para a realização da pesquisa será utilizada uma equipe de entrevistadores devidamente treinada para este trabalho. Após os trabalhos de campo, os questionários são submetidos a uma fiscalização que consiste na checagem de 10% dos questionários aplicados individualmente pelos entrevistadores, para verificação das respostas e da adequação dos entrevistados aos parâmetros amostrais.
";"A área de abrangência da coleta é o Estado de Minas Gerais.  A Relação de municípios selecionados para aplicação da amostra será apresentada até o 7º dia seguinte ao Registro da pesquisa, conforme expresso no art. 2º § 5º da resolução 23.400/2013 do TSE."
"27/02/2023";"15:36:19";2014;3;"Eleições Gerais 2014";"MG";"MG";"MINAS GERAIS";"MG001672014";"2014-09-26 00:00:00";"#NE";"86849395000117";"Sensus Data World Pesquisa e Consultoria S/C Ltda";"#NE";"Governador, Senador";"2014-09-30 00:00:00";"2014-10-03 00:00:00";1500;"8429 / 5ª Região";"Felipe Abrahão Coelho Fantauzzi ";"60000,00";"1.500 Entrevistas, ponderadas pelas 12 Regiões do Estado, com o sorteio aleatório de 53 Municípios por representatividade de grupos populacionais. Probabilística sistemática com cotas para Sexo, Idade, Escolaridade e Renda no Setor Censitário.";" a) Ponderação sexo, idade, instrução, nível econômico. Sexo: 48,7% Masculino; 51,3% Feminino. Idade: 4,6% de 16 a 17 anos; 16,2% de 18 a 24 anos; 11,5% de 25 a 29 anos; 20,3% de 30 a 39 anos; 18,0% de 40 a 49 anos; 29,4% 50 anos ou mais. Instrução 34,1% até 4a Série do Ensino Fundamental 22,6% da 5a a 8a Série do Ensino Fundamental; 30,2%% da 1a a 3a Série do Ensino Médio; 13,1% Superior completo ou incompleto. Nível Econômico: 20,9% até 01 SM; 59,9% Mais de 01 até 05 SM; 12,7% Mais 05 até 10 SM; 4,5% Mais de 10 até 20 SM; 1,9% Acima 20 SM. b) Intervalo de Confiança = 95%, Margem de Erro = ± 2,5% ";"A equipe de trabalho de campo é formada por entrevistadores e coordenadores. Os entrevistadores aplicam as entrevistas individuais domiciliares em Setores Censitários do IBGE previamente sorteados pelo Instituto, dentro de um prazo pré-definido, enquanto os Coordenadores fiscalizam o trabalho dos Entrevistadores. É atribuição dos Coordenadores: 1) Garantir o cumprimento correto das entrevistas; 2) Anular questionários que não cumpram a amostra através da conferência das cotas; 3) Anular questionários preenchidos e/ou aplicados incorretamente; 4) Fazer cumprir o trabalho de campo dentro do prazo especificado. Após conclusão do trabalho de campo é realizada uma checagem de cerca de 15% dos questionários aplicados, através de verificação in loco: 1) Confirmação da existência do entrevistado; 2) Verificação de cotas (Sexo, Idade, Escolaridade e Renda); 3) Verificação da aplicação integral do questionário. ";"#NULO#"
"27/02/2023";"15:36:19";2014;3;"Eleições Gerais 2014";"MG";"MG";"MINAS GERAIS";"MG001742014";"2014-09-26 00:00:00";"#NE";"20507961000102";"INFO - INSTITUTO DE PESQUISA FOLHA DA MANHÃ";"#NE";"Governador, Senador, Deputado Federal, Deputado Estadual";"2014-09-23 00:00:00";"2014-09-25 00:00:00";600;"7655";"Augusto da Silva Rocha";"12000,00";"A abordagem utilizada consiste na aplicação de uma amostragem aleatória representativa da população residente em PASSOS/MG, ALPINÓPOLIS/MG, PIUMHÍ/MG, ITAÚ DE MINAS/MG e SÃO SEBASTIÃO DO PARAÍSO/MG, com 16 anos ou mais de idade. A amostra é selecionada em dois estágios, sendo que no primeiro faz-se uma divisão da amostra proporcionalmente ao número de habitantes acima de 16 anos de idade dentro de cada área geográfica intra-municipal. No segundo estágio, para cada área geográfica, os respondentes são selecionados respeitando-se quotas proporcionais controladas por região geográfica, sexo e faixa etária, de acordo com o perfil da população em estudo. ";"A margem de erro é de 4,0% para mais ou para menos e o índice de confiança é de 95%. O plano amostral consta de quotas proporcionais as existentes no universo de acordo com as variáveis, Região, Sexo, Faixa Etária. Escolaridade e Renda Familiar não são controladas nas quotas. Variável quanto a REGIÃO: proporcional ao setor censitário do IBGE. Faz-se o resultado após a coleta quanto a FAIXA ETÁRIA: 16 a 24 14,8%; 25 a 34 21,4%; 35 a 44 18,8%; 45 a 59 25,7%; 60 anos ou mais 19,4%; SEXO: masculino 48,3% e feminino 51,7%; Variável quanto a ESCOLARIDADE: Até 1º.Grau Incompleto 51,3% 1º.Grau Completo até 2º. Grau Incompleto 28,8% 2º.Grau Completo até Superior Incompleto 15,6% Superior Completo 4,3% Variável quanto a RENDA FAMILIAR: Até 1 SM 12,4%; Mais de 1 a 2 SM 23,0%; Mais de 2 a 5 SM 42,0%; Mais de 5 a 10 SM 15,0%; Acima de 10 SM 7,6% ";"Todos os questionários preenchidos recebem crítica para avaliação da consistência dos dados coletados. 20% dos questionários são separados aleatoriamente para ser submetido à conferência através de novo contato com os entrevistados, medida sempre adotada e que visa garantir a qualidade e fidelidade dos dados coletados. A consistência dos dados é verificada pelo seu conteúdo e lógica. 
";"#NULO#"
"27/02/2023";"15:36:19";2014;3;"Eleições Gerais 2014";"MG";"MG";"MINAS GERAIS";"MG001892014";"2014-09-27 00:00:00";"#NE";"09283689000183";"PROMÍDIA PESQUISAS DE OPINIÃO PÚBLICA E MARKETING";"#NE";"Governador, Senador, Deputado Federal, Deputado Estadual";"2014-09-28 00:00:00";"2014-09-30 00:00:00";273;"7655 - A";"AUGUSTO DA SILVA ROCHA";"5600,00";"Será adotada a metodologia do tipo survey, com entrevistas domiciliares do tipo face-a-face. As entrevistas serão realizadas por meio de cotas proporcionais de acordo com o número de eleitores em cada setor censitário, do sexo, e da idade, de acordo com dados do Censo Demográfico de 2010. Os questionários previamente elaborados de acordo com o objetivo do estudo, realizado por pesquisadores treinados para abordagem desta natureza. Público pesquisado: eleitores residentes e domiciliados no município de Campo Belo/MG.";"O plano amostral consta de quotas proporcionais as existentes no universo de acordo com as variáveis, Região, Sexo, Faixa Etária. Escolaridade e Renda Familiar não são controladas nas quotas. Variável quanto a REGIÃO: proporcional ao setor censitário do IBGE. Variável quanto ao sexo: Masculino 39,7%, Feminino 60,3%. Idade 16 a 17 anos 4,4%, 18 a 24 anos 10,6%, 25 a 29 anos 14,6%, 30 a 39 anos 17,9%, 40 a 49 anos 21,5%, 50 anos ou mais 31%. Para um intervalo de confiança de 95% e um tamanho de amostra 273 entrevistas, a margem de erro máxima estimada foi 5,5 pontos percentuais, para mais ou para menos.";"Todos os questionários preenchidos recebem crítica para avaliação da consistência dos dados coletados. 20% dos questionários são separados, aleatoriamente, para ser submetida à conferência através de novos contatos com os entrevistados, medida sempre adotada e que visa garantir a qualidade e fidelidade dos dados coletados. A consistência dos dados é verificada pelo seu conteúdo e lógica. 

";"#NULO#"
"27/02/2023";"15:36:19";2014;3;"Eleições Gerais 2014";"MG";"MG";"MINAS GERAIS";"MG001802014";"2014-09-26 00:00:00";"#NE";"06154093000195";"Multidados comunicação Ltda";"#NE";"Governador, Senador, Deputado Federal, Deputado Estadual";"2014-09-28 00:00:00";"2014-09-30 00:00:00";493;"7683";"ELMO HENRIQUE DE MORAES";"4300,00";"MUNICÍPIO DE IPATINGA. Pesquisa quantitativa, que consiste na realização de entrevistas pessoais, com a aplicação de questionários estruturados e padronizados junto a uma amostra representativa do eleitorado do município de IPATINGA, ESTADO DE MINAS GERAIS.  O conjunto do eleitorado com 16 anos ou mais foi tomado como universo da pesquisa.";"Plano Amostral: MUNICÍPIO DE IPATINGA, ESTADO DE MINAS GERAIS 
A. PÚBLICO PESQUISADO: Eleitores da cidade de IPATINGA, município do Estado de Minas Gerais, onde a localidade foi dividida em regiões geográficas baseadas conforme o índice populacional do censo 2010 distribuído pelo IBGE.
B. TIPO DE AMOSTRA: A amostra é estratificada por cotas e representativa para o conjunto dos eleitores do município de IPATINGA, Estado de Minas Gerais. A amostra foi selecionada em três partes: 
1º parte: Seleção probabilística das regiões, através do método PPT (Probabilidade Proporcional ao Tamanho), tomando como base o número de eleitores de cada região do município. 
2º parte: Seleção aleatória dos setores censitários ou bairros dentro do município; 
3º parte: A seleção dos respondentes é feita dentro dos setores censitários, regiões ou bairros do município através quotas proporcionais de sexo, idade, escolaridade e renda familiar de acordo com o perfil da população em estudo no município.
As entrevistas são pessoais e possuem como base a fonte de dados do IBGE através do Censo 2010 e PNAD 2012, além do Cadastro de Eleitores 2014 do TSE. 
C. TAMANHO DA AMOSTRA: 493 entrevistas. 
D. PONDERAÇÃO: Devido à metodologia amostral adotada as proporções quanto a sexo, idade, escolaridade e renda familiar da amostra são as mesmas do universo pesquisado, com base no Censo Demográfico de 2010, IBGE e no Cadastro de Eleitores 2014 do TSE. Portanto, os fatores de ponderação a serem aplicados nas variáveis de sexo, idade, escolaridade e renda familiar assumem valor igual a 1(um). 
E. ÁREA FÍSICA DE REALIZAÇÃO DA PESQUISA: A ser informada e fornecida conforme artigo 2º, inciso X 5º § da Resolução 23.400 do Tribunal Superior Eleitoral TSE datada de 27 de dezembro de 2013. 
F. INTERVALO DE CONFIANÇA/MARGEM DE ERRO: O intervalo de confiança estimado é de 95% e a margem de erro máxima estimada é de 3,8 pontos percentuais para mais ou para menos sobre os resultados. 
";"As regiões da cidade de IPATINGA, município do Estado de Minas Gerais são verificados em relação a consistência dos dados, analisado individualmente cada entrevista realizada. Todo trabalho é feito em tabletes ou questionários eletrônicos e o programa utiliza numero fixos para todas as perguntas apresentadas. O sistema também utiliza dois códigos extras, o “97”, quando o entrevistado coloca nenhuma ou que vota em branco ou nulo. O outro código extra é o “98” que significa respostas indecisas, eleitores que não sabem ou que não responderam. Os códigos extras não podem ser aplicados nas perguntas básicas: Número do questionário, região, município, sexo, idade, escolaridade e renda familiar. O próprio questionário padrão a Multidados já apresenta os códigos que podem ser aplicados a cada pergunta. Outras respostas apresentadas pelo entrevistado recebem o código “98”. O programa do questionário Multidados não permite duas respostas numa mesma pergunta. Checagem: Logo após a realização da coleta de dados, é feito o trabalho de checagem das entrevistas junto aos respondentes. O objetivo é, sobretudo, garantir que as entrevistas foram realmente realizadas e verificadas. Há perguntas do questionário que são reproduzidas para certificarmos de sua correta aplicação e há outras questões que se referem exclusivamente ao desempenho do entrevistador(a). Para a realização da pesquisa será utilizada uma equipe de entrevistadores devidamente treinada para este trabalho. Após os trabalhos de campo, os questionários são submetidos a uma fiscalização que consiste na checagem de 10% dos questionários aplicados individualmente pelos entrevistadores, para verificação das respostas e da adequação dos entrevistados aos parâmetros amostrais. ";"A área de abrangência da coleta é a cidade de IPATINGA, município do Estado de Minas Gerais. A Relação de regiões e bairros selecionados para aplicação da amostra será apresentada até o 7º dia seguinte ao Registro da pesquisa, conforme expresso no art. 2º § 5º da resolução 23.400/2013 do TSE."
"27/02/2023";"15:36:19";2014;3;"Eleições Gerais 2014";"MG";"MG";"MINAS GERAIS";"MG001862014";"2014-09-27 00:00:00";"#NE";"06154093000195";"Multidados comunicação Ltda";"#NE";"Governador, Senador";"2014-09-29 00:00:00";"2014-10-01 00:00:00";1254;"7683";"ELMO HENRIQUE DE MORAES";"40000,00";"Metodologia de pesquisa: Pesquisa quantitativa, que consiste na realização de entrevistas pessoais, com a aplicação de questionários estruturados e padronizados junto a uma amostra representativa do eleitorado do Estado de Minas Gerais. O conjunto do eleitorado com 16 anos ou mais foi tomado como universo da pesquisa.";"Plano Amostral: a) PÚBLICO PESQUISADO: Eleitores do Estado de Minas Gerais, divididos em 14 mesorregiões, microrregiões ou regiões e são apresentados da seguinte maneira: CAPITAL que 1 município, GRANDE BELO HORIZONTE que possui 10 municípios, região METROPOLITANA que possui 7 municípios, TRIÂNGULO MINEIRO E ALTO PARANAÍBA tem 9 municípios, o VALE DO JEQUITINHONHA ficou com 4 municípios, o VALE DO MUCURI tem 2 municípios, já a região SUL E O SUDOESTE DE MINAS tem 13 municípios, a ZONA DA MATA mineira possui 11 municípios, o NORTE DE MINAS tem 7 municípios, a região NOROESTE tem 2 municípios, o VALE DO RIO DOCE tem 9 municípios, a região OESTE de Minas é composta por 5 municípios, a CAMPO DAS VERTENTES é formada por 3 municípios e finalizando a CENTRAL MINEIRA tem 2 municípios. b) TIPO DE AMOSTRA: A amostra é estratificada por cotas e representativa para o conjunto dos eleitores do Estado de Minas Gerais. A amostra foi selecionada em três partes: 1º parte: Seleção probabilística de municípios, através do método PPT (Probabilidade Proporcional ao Tamanho), tomando como base o número de eleitores de cada município. Também será levada em consideração a influência do município ou das cidades polos. 2º parte: Seleção aleatória dos setores censitários ou bairros urbanos ou rurais dentro dos municípios; 3º parte: A seleção dos respondentes é feita dentro dos setores censitários ou regiões ou bairros dos municípios através quotas proporcionais de sexo, idade, escolaridade e renda familiar de acordo com o perfil da população em estudo. As entrevistas são pessoais e possui como base a fonte de dados do IBGE através do Censo 2010 e PNAD 2012, além do Cadastro de Eleitores 2014 do TSE. A definição de sexo responde a 48% de homens e 52% de mulheres. As idades foram definidas com os seguintes valores: 15% para eleitores de 16 a 24 anos, 22% de eleitores de 25 a 34 anos, 20% de 35 a 44 anos, 25% de 45 a 59 anos e 18% mais de 60 anos. As idades poderão ter intervalos de 2,8% para mais ou para menos no geral da amostra de idade. Para as variáveis de grau de instrução (escolaridade) e nível econômico do entrevistado (renda familiar), o fator previsto para ponderação é 1 (resultados obtidos em campo). c) Tamanho da amostra: 1.254 entrevistas. d) Ponderação: Devido à metodologia amostral adotada as proporções quanto a sexo, idade, escolaridade e renda familiar da amostra são as mesmas do universo pesquisado, com base no Censo Demográfico de 2010, IBGE e no Cadastro de Eleitores 2014 do TSE. Portanto, os fatores de ponderação a serem aplicados nas variáveis de sexo, idade, escolaridade e renda familiar assumem valor igual a 1(um). e) Área física de realização da pesquisa: A ser informada e fornecida conforme artigo 2º, inciso X 5º § da Resolução 23.400 do Tribunal Superior Eleitoral TSE datada de 27 de dezembro de 2013. f) Intervalo de Confiança/Margem de Erro: O intervalo de confiança estimado é de 95% e a margem de erro máxima estimada é de 2,8 pontos percentuais para mais ou para menos sobre os resultados. ";"Os 85 municípios são verificados em relação a consistência dos dados, analisado individualmente cada entrevista realizada. Todo trabalho é feito em tabletes ou questionários eletrônicos e o programa utiliza numero fixos para todas as perguntas apresentadas. O sistema também utiliza dois códigos extras, o “97”, quando o entrevistado coloca nenhuma ou que vota em branco ou nulo. O outro código extra é o “98” que significa respostas indecisas, eleitores que não sabem ou que não responderam. Os códigos extras não podem ser aplicados nas perguntas básicas: Número do questionário, região, município, sexo, idade, escolaridade e renda familiar. O próprio questionário padrão a Multidados já apresenta os códigos que podem ser aplicados a cada pergunta. Outras respostas apresentadas pelo entrevistado recebem o código “98”. O programa do questionário Multidados não permite duas respostas numa mesma pergunta. Checagem: Logo após a realização da coleta de dados, é feito o trabalho de checagem das entrevistas junto aos respondentes. O objetivo é, sobretudo, garantir que as entrevistas foram realmente realizadas e verificadas. Há perguntas do questionário que são reproduzidas para certificarmos de sua correta aplicação e há outras questões que se referem exclusivamente ao desempenho do entrevistador(a). Para a realização da pesquisa será utilizada uma equipe de entrevistadores devidamente treinada para este trabalho. Após os trabalhos de campo, os questionários são submetidos a uma fiscalização que consiste na checagem de 10% dos questionários aplicados individualmente pelos entrevistadores, para verificação das respostas e da adequação dos entrevistados aos parâmetros amostrais. ";"A área de abrangência da coleta é o Estado de Minas Gerais. A Relação de municípios selecionados para aplicação da amostra será apresentada até o 7º dia seguinte ao Registro da pesquisa, conforme expresso no art. 2º § 5º da resolução 23.400/2013 do TSE. "
"27/02/2023";"15:36:19";2014;3;"Eleições Gerais 2014";"MG";"MG";"MINAS GERAIS";"MG000032014";"2014-01-03 00:00:00";"#NE";"09283689000183";"PROMÍDIA PESQUISAS DE OPINIÃO PÚBLICA E MARKETING";"#NE";"Governador, Deputado Federal, Deputado Estadual";"2014-01-05 00:00:00";"2014-01-07 00:00:00";390;"7948";"TARCÍSIO DA SILVA";"5400,00";"A abordagem utilizada consiste na aplicação de uma amostragem aleatória representativa da população residente em Pouso Alegre, com 16 anos ou mais de idade. A amostra é selecionada em dois estágios, sendo que no primeiro faz-se uma divisão da amostra proporcionalmente ao número de habitantes acima de 16 anos de idade dentro de cada área geográfica intra-municipal. No segundo estágio, para cada área geográfica, os respondentes são selecionados respeitando-se quotas proporcionais controladas por região geográfica, sexo e faixa etária, de acordo com o perfil da população em estudo. 

";"Ponderação sexo, idade, grau de instrução e nível econômico do entrevistado; Sexo; Masculino 49%, Feminino 51%; Idade 16 a 17 anos 5,1%, 18 a 24 anos 16,1%, 25 a 29 anos 12%, 30 a 39 anos 21,2%, 40 a 49 anos 18,6%, 50 anos ou mais 27%; Grau de Instrução; Analfabeto 5,2%, Até a 4ª Série do Ensino Fundamental 32%, 5ª a 8ª Série do Ensino Fundamental 30,7%, 1ª a 3ª Série do Ensino Médio 21,3%, Superior Completo/Incompleto 10,8%. Nível Econômico; Até 1 SM 10,5%, Mais de 1 a 5 SM 61,9%, Mais de 5 a 10 SM 18,8%, Mais de 10 a 20 SM 6,6%, Mais de 20 SM 2,2%. Para um intervalo de confiança de 95% e um tamanho de amostra 390 entrevistas, a margem de erro máxima estimada foi 5,1 pontos percentuais, para mais ou para menos.";"Todos os questionários preenchidos recebem crítica para avaliação da consistência dos dados coletados. 20% dos questionários são separados, aleatoriamente, para ser submetidos à conferência através de novos contatos com os entrevistados, medida sempre adotada e que visa garantir a qualidade e fidelidade dos dados coletados. A consistência dos dados é verificada pelo seu conteúdo e lógica. ";"#NULO#"
"27/02/2023";"15:36:19";2014;3;"Eleições Gerais 2014";"MG";"MG";"MINAS GERAIS";"MG000462014";"2014-06-10 00:00:00";"#NE";"13697811000135";"Instituto de Pesquisa Plurimus";"#NE";"Governador, Deputado Federal, Deputado Estadual";"2014-06-12 00:00:00";"2014-06-15 00:00:00";400;"8900";"Carlos Henrique Flores";"10000,00";" A abordagem utilizada consiste na aplicação de uma amostragem aleatória representativa da população residente na Zona Urbana de Uberaba/MG, controlada por três fatores: região geográfica, gênero e faixa etária. As ponderações quanto ao grau de instrução e nível econômico do entrevistado constarão do relatório final. A variável, nível econômico e grau de instrução não serão controlados no trabalho de campo, uma vez que os locais de entrevistas apresentam adequada representação do município e o espaço geográfico por si só já define o espaço social. Na fase de tabulação, compilação e análise dos dados proceder-se-á a uma verificação da relação dos referidos parâmetros, aplicando-se correções estatísticas onde se fizer necessário. ";"Ponderação sexo e idade do entrevistado; Sexo; Masculino 46,58%, Feminino 53,32%; Idade 16 a 17 anos 0,71%, 18 a 24 anos 12,82%, 25 a 34 anos 21,86%, 35 a 44 anos 19,03%, 45 a 59 anos 25,66%, 60 a 69 anos 10,52%, 70 anos ou mais 9,4%. Para um intervalo de confiança de 95% e um tamanho de amostra 400 entrevistas, a margem de erro máxima estimada foi 5 (cinco) pontos percentuais, para mais ou para menos, sobre o total encontrado na amostra. ";"Todos os questionários preenchidos recebem crítica para avaliação da consistência dos dados coletados. 20% dos questionários são separados, aleatoriamente, para ser submetida à conferência através de novos contatos com os entrevistados, medida sempre adotada e que visa garantir a qualidade e fidelidade dos dados coletados. A consistência dos dados é verificada pelo seu conteúdo e lógica. ";"#NULO#"
"27/02/2023";"15:36:19";2014;3;"Eleições Gerais 2014";"MG";"MG";"MINAS GERAIS";"MG000672014";"2014-08-20 00:00:00";"#NE";"22642565000105";"CP2 CONSULTORIA, PESQUISA E PLANEJAMENTO LTDA.";"#NE";"Governador, Senador, Deputado Federal, Deputado Estadual";"2014-08-21 00:00:00";"2014-08-25 00:00:00";2066;"9866";"SARAH RIBEIRO DA SILVA";"35000,00";"A metodologia utilizada é o survey quantitativo, com realização de entrevistas pessoais e individuais através de questionário estruturado. A amostra é por cotas de sexo, idade, escolaridade, renda e local (região e bairro) de moradia.";"O universo da pesquisa é composto por eleitores de Minas Gerais, com idade a partir de 16 anos. Serão realizadas 2.066 entrevistas, o que permite um erro amostral máximo de 2,16% e nível de confiança de 95%. Distribuição da amostra pelo perfil dos entrevistados de acordo com cotas de sexo, idade, escolaridade e renda mensal familiar.

Sexo: Masculino: (49,18%); Feninino: (50,82%) - Idade: 15 a 17 anos (5,32%); 18 a 24 anos: (20,28%); 25 a 34 anos: (13,41%); 35 a 44 anos: (22,80%); 45 a 54 anos: (18,15%); Mais de 55 anos: (20,04%) - Escolaridade: Até 4ª série do 1ºgrau/ Ensino Fundamental: (18,01%); De 5ª a 8ª série do 1º grau/ Ensino Fundamental: (38,09%); 2ºgrau/Ensino Médio Incompleto ou Completo: (31,17%);Superior e Pós graduação: (12,73%) –  Renda total de sua família: Até 2 SM: (47,73%); De 2 a 5 SM: (27,25%); De 5 a 10 SM (16,51%); Acima de 10 SM (8,52%)
";"Todos os questionários preenchidos recebem crítica para avaliação da consistência dos dados coletados. Vinte por cento dos questionários são separados, aleatoriamente, para serem submetidos à conferência através de novos contatos com os entrevistados, medida sempre adotada e que visa garantir a qualidade e fidelidade dos dados coletados. A consistência dos dados é verificada pelo seu conteúdo e lógica.";"#NULO#"
"27/02/2023";"15:36:19";2014;3;"Eleições Gerais 2014";"MG";"MG";"MINAS GERAIS";"MG000802014";"2014-09-04 00:00:00";"#NE";"07630546000175";"DATAFOLHA INSTITUTO DE PESQUISAS LTDA.";"#NE";"Governador, Senador";"2014-09-08 00:00:00";"2014-09-09 00:00:00";1328;"72.49A";"Renata Nunes César";"145800,00";"Pesquisa do tipo quantitativo, por amostragem, com aplicação de questionário estruturado e abordagem pessoal em pontos de fluxo populacional. O conjunto do eleitorado do Estado de Minas Gerais com 16 anos ou mais foi tomado como universo da pesquisa.";"Universo: Eleitorado do Estado de Minas Gerais, com 16 anos ou mais. Tamanho da amostra: A amostra prevista é de 1.328 entrevistas. Técnica de amostragem: A amostra é estratificada por porte dos municípios e natureza dos municípios (região metropolitana ou interior). Em cada estrato, num primeiro estágio, são sorteados os municípios que farão parte do levantamento. Num segundo estágio, são sorteados os bairros e pontos de abordagem onde serão aplicadas as entrevistas.  Por fim, os entrevistados são selecionados aleatoriamente para responder ao questionário, de acordo com cotas de sexo e faixa etária. Nessa amostra, o estrato referente à capital foi desproporcionalizado para permitir detalhamento. Nos resultados finais, as corretas proporções serão restabelecidas através de ponderação. A amostra prevista é de 1.328 questionários, sendo 416 na capital. Os dados utilizados para definição e seleção da amostra são baseados no TSE (eleitorado julho 2014) e IBGE (Censo 2010 e Estimativas 2013). Os dados relativos a sexo e faixa etária são: Sexo masculino 48%, feminino: 52%, 16 a 24 anos 15%, 25 a 34 anos 22%, 35 a 44 anos 20%, 45 a 59 anos 25% e 60 anos ou mais 18%. Ponderação dos resultados: No processamento dos dados é realizada ponderação referente à proporção de cada cidade na amostra para correta representação. Está prevista a eventual ponderação para correção nos tamanhos dos segmentos da tabela acima considerando as variáveis sexo e faixa etária. Para as variáveis grau de instrução e nível econômico do entrevistado (renda familiar mensal), o fator previsto para ponderação é 1 (resultados obtidos em campo). Área física: Serão realizadas entrevistas em 55 municípios, localizados no Estado de Minas Gerais. Margem de Erro: A margem de erro máxima prevista é de 3 pontos percentuais para mais ou para menos, considerando um nível de confiança de 95%. Os intervalos de confiança serão calculados considerando os resultados obtidos para um nível de confiança de 95%.";"Os pesquisadores envolvidos na realização desta pesquisa são treinados pelo Instituto e recebem instruções específicas para cada projeto realizado. A maior parte da coleta será feita com a utilização de tablet e questionário eletrônico. São checados, no mínimo, 30% dos questionários de cada pesquisador, seja in loco por supervisores de campo ou, posteriormente, por telefone. Internamente, todo o material é verificado e codificado. Antes do processamento final e emissão dos resultados, realiza-se processo de consistência dos dados.";"A relação completa dos municípios e bairros pesquisados será encaminhada a esse tribunal posteriormente, até o sétimo dia seguinte à data de registro da pesquisa, conforme a Resolução 23.400/2013 do TSE, no art.2º §5º."
"27/02/2023";"15:36:19";2014;3;"Eleições Gerais 2014";"MG";"MG";"MINAS GERAIS";"MG001012014";"2014-09-13 00:00:00";"#NE";"03866435000101";"IPO - INSTITUTO DE PESQUISA DE OPINIÃO E  ASSESSORIA LTDA";"#NE";"Governador, Senador, Deputado Federal, Deputado Estadual";"2014-09-16 00:00:00";"2014-09-16 00:00:00";400;"9.077";"EDMILSON ANTONIO PEREIRA JUNIOR";"2500,00";"Pesquisa quantitativa, que consiste na realização de entrevistas pessoais, com a aplicação de questionários estruturados e padronizados junto a uma amostra de eleitores do universo pesquisado.";"A amostra de eleitores de Itaú de Minas é distribuída de forma a contemplar todas as regiões geográficas do município, a partir de quotas proporcionais ao universo, disponibilizadas pelo site do TSE (Estatísticas Eleitorais 2014), considerando as variáveis: sexo, faixa etária e grau de instrução. Adota-se, assim, a seguinte distribuição: Masculino (49%), Feminino (51%); 16-24 anos (13%), 25-34 anos (21%), 35-44 anos (18%), 45-59 anos (28%), 60 anos ou mais (20%); Analfabeto / Lê e escreve (12%), Ensino fundamental (43%), Ensino médio (40%), Ensino superior (5%). Considerando a amostra de 400 eleitores do município de Itaú de Minas/MG, ao nível de 95% de confiança, a margem de erro estimada é de 4,8 pontos percentuais, para mais ou para menos.";"Trabalho de campo realizado por uma equipe de entrevistadores devidamente treinados e capacitados para a aplicação dos questionários, sempre coordenados por uma pessoa da EMPO. Após a realização das entrevistas é feita a verificação dos questionários das respostas e da adequação dos entrevistados aos parâmetros amostrais, via telefone ou presencial, de 20% dos entrevistados.";"#NULO#"
"27/02/2023";"15:36:19";2014;3;"Eleições Gerais 2014";"MG";"MG";"MINAS GERAIS";"MG001042014";"2014-09-13 00:00:00";"#NE";"03866435000101";"IPO - INSTITUTO DE PESQUISA DE OPINIÃO E  ASSESSORIA LTDA";"#NE";"Governador, Senador, Deputado Federal, Deputado Estadual";"2014-09-18 00:00:00";"2014-09-18 00:00:00";400;"9.077";"EDMILSON ANTONIO PEREIRA JUNIOR";"2500,00";"Pesquisa quantitativa, que consiste na realização de entrevistas pessoais, com a aplicação de questionários estruturados e padronizados junto a uma amostra de eleitores do universo pesquisado.";"A amostra de eleitores de Areado é distribuída de forma a contemplar todas as regiões geográficas do município, a partir de quotas proporcionais ao universo, disponibilizadas pelo site do TSE (Estatísticas Eleitorais 2014), considerando as variáveis: sexo, faixa etária e grau de instrução. Adota-se, assim, a seguinte distribuição: Masculino (50%), Feminino (50%); 16-24 anos (16%), 25-34 anos (22%), 35-44 anos (18%), 45-59 anos (24%), 60 anos ou mais (20%); Analfabeto / Lê e escreve (17%), Ensino fundamental (45%), Ensino médio (33%), Ensino superior (5%). Considerando a amostra de 400 eleitores do município de Areado/MG, ao nível de 95% de confiança, a margem de erro estimada é de 4,8 pontos percentuais, para mais ou para menos.";"Trabalho de campo realizado por uma equipe de entrevistadores devidamente treinados e capacitados para a aplicação dos questionários, sempre coordenados por uma pessoa da EMPO. Após a realização das entrevistas é feita a verificação dos questionários das respostas e da adequação dos entrevistados aos parâmetros amostrais, via telefone ou presencial, de 20% dos entrevistados.";"#NULO#"
"27/02/2023";"15:36:19";2014;3;"Eleições Gerais 2014";"MG";"MG";"MINAS GERAIS";"MG001242014";"2014-09-23 00:00:00";"#NE";"09283689000183";"PROMÍDIA PESQUISAS DE OPINIÃO PÚBLICA E MARKETING";"#NE";"Governador, Senador, Deputado Federal, Deputado Estadual";"2014-09-19 00:00:00";"2014-09-25 00:00:00";316;"7655 - A";"AUGUSTO DA SILVA ROCHA";"4100,00";"Será adotada a metodologia do tipo “survey”, com entrevistas domiciliares do tipo face-a-face. As entrevistas serão realizadas por meio de cotas proporcionais de acordo com o número de eleitores em cada setor censitário, do sexo, e da idade, de acordo com dados do Censo Demográfico de 2010. Os questionários previamente elaborados de acordo com o objetivo do estudo, realizado por pesquisadores treinados para abordagem desta natureza. Público pesquisado: eleitores residentes e domiciliados no município de Areado/MG.";"O plano amostral consta de quotas proporcionais as existentes no universo de acordo com as variáveis, Região, Sexo, Faixa Etária. Escolaridade e Renda Familiar não são controladas nas quotas. Variável quanto a REGIÃO: proporcional ao setor censitário do IBGE. Variável quanto ao sexo: Masculino 50,0%, Feminino 50,0%. Idade 16 a 17 anos 4,9%, 18 a 24 anos 15,1%, 25 a 29 anos 11,3%, 30 a 39 anos 19,0%, 40 a 49 anos 17,7%, 50 anos ou mais 32,0%. Para um intervalo de confiança de 95% e um tamanho de amostra 316 entrevistas, a margem de erro máxima estimada foi 5,4 pontos percentuais, para mais ou para menos.";"Todos os questionários preenchidos recebem crítica para avaliação da consistência dos dados coletados. 20% dos questionários são separados, aleatoriamente, para ser submetida à conferência através de novos contatos com os entrevistados, medida sempre adotada e que visa garantir a qualidade e fidelidade dos dados coletados. A consistência dos dados é verificada pelo seu conteúdo e lógica. 

";"#NULO#"
"27/02/2023";"15:36:19";2014;3;"Eleições Gerais 2014";"MG";"MG";"MINAS GERAIS";"MG001282014";"2014-09-23 00:00:00";"#NE";"09283689000183";"PROMÍDIA PESQUISAS DE OPINIÃO PÚBLICA E MARKETING";"#NE";"Governador, Senador, Deputado Federal, Deputado Estadual";"2014-09-19 00:00:00";"2014-09-25 00:00:00";523;"7655 - A";"AUGUSTO DA SILVA ROCHA";"4800,00";"Será adotada a metodologia do tipo “survey”, com entrevistas domiciliares do tipo face-a-face. As entrevistas serão realizadas por meio de cotas proporcionais de acordo com o número de eleitores em cada setor censitário, do sexo, e da idade, de acordo com dados do Censo Demográfico de 2010. Os questionários previamente elaborados de acordo com o objetivo do estudo, realizado por pesquisadores treinados para abordagem desta natureza. Público pesquisado: eleitores residentes e domiciliados no município de Guaxupé/MG.";"O plano amostral consta de quotas proporcionais as existentes no universo de acordo com as variáveis, Região, Sexo, Faixa Etária. Escolaridade e Renda Familiar não são controladas nas quotas. Variável quanto a REGIÃO: proporcional ao setor censitário do IBGE. Variável quanto ao sexo: Masculino 51,4%, Feminino 48,6%. Idade 16 a 17 anos 4,6%, 18 a 24 anos 15,9%, 25 a 29 anos 10,9%, 30 a 39 anos 19,3%, 40 a 49 anos 18,4%, 50 anos ou mais 31,0%. Para um intervalo de confiança de 95% e um tamanho de amostra 523 entrevistas, a margem de erro máxima estimada foi 4,25 pontos percentuais, para mais ou para menos.";"Todos os questionários preenchidos recebem crítica para avaliação da consistência dos dados coletados. 20% dos questionários são separados, aleatoriamente, para ser submetida à conferência através de novos contatos com os entrevistados, medida sempre adotada e que visa garantir a qualidade e fidelidade dos dados coletados. A consistência dos dados é verificada pelo seu conteúdo e lógica. 

";"#NULO#"
"27/02/2023";"15:36:19";2014;3;"Eleições Gerais 2014";"MG";"MG";"MINAS GERAIS";"MG001522014";"2014-09-24 00:00:00";"#NE";"09283689000183";"PROMÍDIA PESQUISAS DE OPINIÃO PÚBLICA E MARKETING";"#NE";"Governador, Senador, Deputado Federal, Deputado Estadual";"2014-09-24 00:00:00";"2014-09-26 00:00:00";390;"7655 - A";"AUGUSTO DA SILVA ROCHA";"3000,00";"Será adotada a metodologia do tipo “survey”, com entrevistas domiciliares do tipo face-a-face. As entrevistas serão realizadas por meio de cotas proporcionais de acordo com o número de eleitores em cada setor censitário, do sexo, e da idade, de acordo com dados do Censo Demográfico de 2010. Os questionários previamente elaborados de acordo com o objetivo do estudo, realizado por pesquisadores treinados para abordagem desta natureza. Público pesquisado: eleitores residentes e domiciliados no município de Carmo do Rio Claro/MG.";"O plano amostral consta de quotas proporcionais as existentes no universo de acordo com as variáveis, Região, Sexo, Faixa Etária. Escolaridade e Renda Familiar não são controladas nas quotas. Variável quanto a REGIÃO: proporcional ao setor censitário do IBGE. Variável quanto ao sexo: Masculino 51,0%, Feminino 49,0%. Idade 16 a 24 anos 18,7%, 25 a 34 anos 21,2%, 35 a 44 anos 19,0%, 45 a 59 anos 24,1%, 60 anos ou mais 17,0%. Para um intervalo de confiança de 95% e um tamanho de amostra 390 entrevistas, a margem de erro máxima estimada foi 5,0 pontos percentuais, para mais ou para menos.";"Todos os questionários preenchidos recebem crítica para avaliação da consistência dos dados coletados. 20% dos questionários são separados, aleatoriamente, para ser submetida à conferência através de novos contatos com os entrevistados, medida sempre adotada e que visa garantir a qualidade e fidelidade dos dados coletados. A consistência dos dados é verificada pelo seu conteúdo e lógica. 

";"ÁREA URBANA
ÁREA RURAL"
"27/02/2023";"15:36:19";2014;3;"Eleições Gerais 2014";"MG";"MG";"MINAS GERAIS";"MG001172014";"2014-09-21 00:00:00";"#NE";"06154093000195";"Multidados comunicação Ltda";"#NE";"Governador, Senador";"2014-09-23 00:00:00";"2014-09-26 00:00:00";1254;"7683";"ELMO HENRIQUE DE MORAES";"40000,00";"Pesquisa quantitativa, que consiste na realização de entrevistas pessoais, com a aplicação de questionários estruturados e padronizados junto a uma amostra representativa do eleitorado do Estado de Minas Gerais. O conjunto do eleitorado com 16 anos ou mais foi tomado como universo da pesquisa.";"Plano Amostral:
a) PÚBLICO PESQUISADO: Eleitores do Estado de Minas Gerais, divididos em  14 mesorregiões, microrregiões ou regiões e são apresentados da seguinte maneira:  CAPITAL que 1 município, GRANDE BELO HORIZONTE que possui 10 municípios, região METROPOLITANA que possui 7 municípios, TRIÂNGULO MINEIRO E ALTO PARANAÍBA tem 9 municípios, o VALE DO JEQUITINHONHA ficou com 4 municípios, o VALE DO MUCURI tem 2 municípios, já a região SUL E O SUDOESTE DE MINAS tem 13 municípios, a ZONA DA MATA mineira possui 11 municípios, o NORTE DE MINAS tem 7 municípios, a região NOROESTE tem 2 municípios, o VALE DO RIO DOCE tem 9 municípios, a região OESTE de Minas é composta por 5 municípios, a CAMPO DAS VERTENTES é formada por 3 municípios e finalizando a CENTRAL MINEIRA tem 2 municípios.
b) TIPO DE AMOSTRA: A amostra é estratificada por cotas e representativa para o conjunto dos eleitores do Estado de Minas Gerais. A amostra foi selecionada em três partes: 1º parte: Seleção probabilística de municípios, através do método PPT (Probabilidade Proporcional ao Tamanho), tomando como base o número de eleitores de cada município. Também será levada em consideração a  influência do município ou das cidades polos. 2º parte: Seleção aleatória dos setores censitários ou bairros urbanos ou rurais dentro dos municípios; 3º parte: A seleção dos respondentes é feita dentro dos setores censitários ou regiões ou bairros dos municípios através quotas proporcionais de sexo, idade, escolaridade e renda familiar de acordo com o perfil da população em estudo. 
As entrevistas são pessoais e possui como base a fonte de dados do  IBGE através do Censo 2010 e PNAD 2012, além do Cadastro de Eleitores 2014 do TSE.  A definição de sexo responde a 48% de homens e 52% de mulheres. As idades foram definidas com  os seguintes valores:  15% para eleitores de 16 a 24 anos, 22% de eleitores de 25 a 34 anos, 20% de 35 a 44 anos, 25% de 45 a 59 anos e 18% mais de 60 anos. As idades poderão ter intervalos de 2,8% para mais ou para menos no geral da amostra de idade.  Para as variáveis de grau de instrução (escolaridade) e nível econômico do entrevistado (renda familiar), o fator previsto para ponderação é 1 (resultados obtidos em campo).
c) Tamanho da amostra: 1.254 entrevistas.
d) Ponderação:  Devido à metodologia amostral adotada as proporções quanto a sexo, idade, escolaridade e renda familiar da amostra são as mesmas do universo pesquisado, com base no Censo Demográfico de 2010, IBGE e no Cadastro de Eleitores 2014 do TSE. Portanto, os fatores de ponderação a serem aplicados nas variáveis de sexo, idade, escolaridade e renda familiar assumem valor igual a 1(um).
e) Área física de realização da pesquisa: A ser informada e fornecida conforme artigo 2º, inciso X 5º § da Resolução 23.400 do Tribunal Superior Eleitoral TSE datada de 27 de dezembro de 2013.
f) Intervalo de Confiança/Margem de Erro: O intervalo de confiança estimado é de 95% e a margem de erro máxima estimada é de 2,8 pontos percentuais para mais ou para menos sobre os resultados. 
";"Os 85 municípios são verificados em relação a consistência dos dados, analisado individualmente cada entrevista realizada. Todo trabalho é feito em tabletes ou questionários eletrônicos e o programa utiliza numero fixos para todas as perguntas apresentadas. O sistema também utiliza dois códigos extras, o “97”, quando o entrevistado coloca nenhuma ou que vota em branco ou nulo. O outro código extra é o “98” que significa respostas indecisas, eleitores que não sabem ou que não responderam.
Os códigos extras não podem ser aplicados nas perguntas básicas: Número do questionário, região, município, sexo, idade, escolaridade e renda familiar. O próprio questionário padrão a Multidados já apresenta os códigos que podem ser aplicados a cada pergunta.
Outras respostas apresentadas pelo entrevistado recebem o código “98”. 
O programa do questionário Multidados não permite duas respostas numa mesma pergunta.
Checagem: Logo após a realização da coleta de dados, é feito o trabalho de checagem das entrevistas junto aos respondentes. O objetivo é, sobretudo, garantir que as entrevistas foram realmente realizadas e verificadas. Há perguntas do questionário que são reproduzidas para certificarmos de sua correta aplicação e há outras questões que se referem exclusivamente ao desempenho do entrevistador(a). 
Para a realização da pesquisa será utilizada uma equipe de entrevistadores devidamente treinada para este trabalho. Após os trabalhos de campo, os questionários são submetidos a uma fiscalização que consiste na checagem de 10% dos questionários aplicados individualmente pelos entrevistadores, para verificação das respostas e da adequação dos entrevistados aos parâmetros amostrais.

";"A área de abrangência da coleta é o Estado de Minas Gerais.  A Relação de municípios selecionados para aplicação da amostra será apresentada até o 7º dia seguinte ao Registro da pesquisa, conforme expresso no art. 2º § 5º da resolução 23.400/2013 do TSE."
"27/02/2023";"15:36:19";2014;3;"Eleições Gerais 2014";"MG";"MG";"MINAS GERAIS";"MG001182014";"2014-09-22 00:00:00";"#NE";"06154093000195";"Multidados comunicação Ltda";"#NE";"Governador, Senador, Deputado Federal, Deputado Estadual";"2014-09-23 00:00:00";"2014-09-26 00:00:00";417;"7683";"ELMO HENRIQUE DE MORAES";"4000,00";"MUNICÍPIO DE BELO HORIZONTE. Pesquisa quantitativa, que consiste na realização de entrevistas pessoais, com a aplicação de questionários estruturados e padronizados junto a uma amostra representativa do eleitorado do município de BELO HORIZONTE, ESTADO DE MINAS GERAIS. O conjunto do eleitorado com 16 anos ou mais foi tomado como universo da pesquisa.";"Plano Amostral: MUNICÍPIO DE BELO HORIZONTE - MG
a) PÚBLICO PESQUISADO: Eleitores do MUNICÍPIO DE BELO HORIZONTE, Estado de Minas Gerais, e foram divididos em  9 regiões.
b) TIPO DE AMOSTRA: A amostra é estratificada por cotas e representativa para o conjunto dos eleitores do município de BELO HORIZONTE, Estado de Minas Gerais. A amostra foi selecionada em três partes: 1º parte: Seleção probabilística de regiões, através do método PPT (Probabilidade Proporcional ao Tamanho), tomando como base o número de eleitores de cada região. 2º parte: Seleção aleatória dos setores censitários ou bairros urbanos dentro do município; 3º parte: A seleção dos respondentes é feita dentro dos setores censitários ou regiões ou bairros do município através quotas proporcionais de sexo, idade, escolaridade e renda familiar de acordo com o perfil da população em estudo. 
As entrevistas são pessoais e possuem como base a fonte de dados do  IBGE através do Censo 2010 e PNAD 2012, além do Cadastro de Eleitores 2014 do TSE.  A definição de sexo responde a 48% de homens e 52% de mulheres. As idades foram definidas com  os seguintes valores:  15% para eleitores de 16 a 24 anos, 22% de eleitores de 25 a 34 anos, 20% de 35 a 44 anos, 25% de 45 a 59 anos e 18% mais de 60 anos. As idades poderão ter intervalos de 3,5% para mais ou para menos no geral da amostra de idade.  Para as variáveis de grau de instrução (escolaridade) e nível econômico do entrevistado (renda familiar), o fator previsto para ponderação é 1 (resultados obtidos em campo).
c) Tamanho da amostra: 417 entrevistas.
d) Ponderação:  Devido à metodologia amostral adotada as proporções quanto a sexo, idade, escolaridade e renda familiar da amostra são as mesmas do universo pesquisado, com base no Censo Demográfico de 2010, IBGE e no Cadastro de Eleitores 2014 do TSE. Portanto, os fatores de ponderação a serem aplicados nas variáveis de sexo, idade, escolaridade e renda familiar assumem valor igual a 1(um).
e) Área física de realização da pesquisa: A ser informada e fornecida conforme artigo 2º, inciso X 5º § da Resolução 23.400 do Tribunal Superior Eleitoral TSE datada de 27 de dezembro de 2013.
f) Intervalo de Confiança/Margem de Erro: O intervalo de confiança estimado é de 95% e a margem de erro máxima estimada é de 3,5 pontos percentuais para mais ou para menos sobre os resultados. 
";"As 9 regiões do município de Belo Horizonte, capital do Estado de Minas Gerais são verificados em relação a consistência dos dados, analisado individualmente cada entrevista realizada. Todo trabalho é feito em tabletes ou questionários eletrônicos e o programa utiliza numero fixos para todas as perguntas apresentadas. O sistema também utiliza dois códigos extras, o “97”, quando o entrevistado coloca nenhuma ou que vota em branco ou nulo. O outro código extra é o “98” que significa respostas indecisas, eleitores que não sabem ou que não responderam.
Os códigos extras não podem ser aplicados nas perguntas básicas: Número do questionário, região, município, sexo, idade, escolaridade e renda familiar. O próprio questionário padrão a Multidados já apresenta os códigos que podem ser aplicados a cada pergunta.
Outras respostas apresentadas pelo entrevistado recebem o código “98”. 
O programa do questionário Multidados não permite duas respostas numa mesma pergunta.
Checagem: Logo após a realização da coleta de dados, é feito o trabalho de checagem das entrevistas junto aos respondentes. O objetivo é, sobretudo, garantir que as entrevistas foram realmente realizadas e verificadas. Há perguntas do questionário que são reproduzidas para certificarmos de sua correta aplicação e há outras questões que se referem exclusivamente ao desempenho do entrevistador(a). 
Para a realização da pesquisa será utilizada uma equipe de entrevistadores devidamente treinada para este trabalho. Após os trabalhos de campo, os questionários são submetidos a uma fiscalização que consiste na checagem de 10% dos questionários aplicados individualmente pelos entrevistadores, para verificação das respostas e da adequação dos entrevistados aos parâmetros amostrais.
";"A área de abrangência da coleta é o município de BELO HORIZONTE, capital do Estado de Minas Gerais.  A Relação de regiões e bairros selecionados para aplicação da amostra será apresentada até o 7º dia seguinte ao Registro da pesquisa, conforme expresso no art. 2º § 5º da resolução 23.400/2013 do TSE."
"27/02/2023";"15:36:19";2014;3;"Eleições Gerais 2014";"MG";"MG";"MINAS GERAIS";"MG001642014";"2014-09-25 00:00:00";"#NE";"68802370000186";"IBOPE INTELIGÊNCIA PESQUISA E CONSULTORIA LTDA. ";"#NE";"Governador, Senador";"2014-09-25 00:00:00";"2014-09-30 00:00:00";2002;"6208-A";"Márcia Cavallari Nunes";"133933,80";"Pesquisa quantitativa, que consiste na realização de entrevistas pessoais com a aplicação de questionário estruturado junto a uma amostra representativa do eleitorado em estudo.";"Representativa do eleitorado da área em estudo, elaborada em três estágios.
No primeiro estágio faz-se um sorteio probabilístico dos municípios, onde as entrevistas serão realizadas, pelo método PPT (Probabilidade Proporcional ao Tamanho), tomando o eleitorado como base para tal seleção.
No segundo estágio faz-se um sorteio probabilístico dos setores censitários, onde as entrevistas serão realizadas, pelo método PPT (Probabilidade Proporcional ao Tamanho), tomando a população de 16 anos ou mais residente nos setores como base para tal seleção. No terceiro e último estágio, dentro dos setores sorteados, os respondentes são selecionados através de quotas amostrais proporcionais em função de variáveis significativas, a saber:IDADE: 16-24 (masculino) 19% (feminino) 18%; 25-34 (masculino) 25% (feminino) 25%; 35-44 (masculino) 20% (feminino) 20%; 45-54 (masculino) 17% (feminino) 18%; 55 e+ (masculino) 18% (feminino) 20%; INSTRUÇÃO: Até Ensino Médio (masculino) 85% (feminino) 80%; Ensino Superior (masculino) 15% (feminino) 20%; NÍVEL ECONÔMICO: Economicamente ativo (masculino) 82% (feminino) 60%; Não Economicamente ativo (masculino) 18% (feminino) 40%. 
Está prevista eventual ponderação para correção das variáveis sexo e idade, com base nos percentuais anteriormente mencionados, caso ocorram diferenças superiores a 3 pontos percentuais entre o previsto na amostra e a coleta de dados realizada. Para as variáveis de grau de instrução e nível econômico do entrevistado, o fator previsto para ponderação é 1 (resultados obtidos em campo). O nível de confiança estimado é de 95% e a margem de erro máxima estimada considerando um modelo de amostragem aleatório simples, é de 2 (dois) pontos percentuais para mais ou para menos sobre os resultados encontrados no total da amostra.
FONTE DOS DADOS: Censo 2010 | PNAD 2012 | TSE 2014 | Entre outras.
";"Para a realização da pesquisa, utiliza-se uma equipe de entrevistadores e supervisores contratados pelo IBOPE INTELIGÊNCIA PESQUISA E CONSULTORIA LTDA. devidamente treinados para o trabalho. Após os trabalhos de campo, os questionários são submetidos a uma fiscalização de cerca de 20% (vinte por cento) dos questionários aplicados pelos entrevistadores; para verificação das respostas e da adequação dos entrevistados aos parâmetros amostrais.";"A área de abrangência da coleta é o Estado de Minas Gerais. A Relação de municípios selecionados para aplicação da amostra será apresentada até o 7º dia seguinte ao Registro da pesquisa, conforme expresso no art. 2º § 5º da resolução 23.400/2013 do TSE."
"27/02/2023";"15:36:19";2014;3;"Eleições Gerais 2014";"MG";"MG";"MINAS GERAIS";"MG001772014";"2014-09-26 00:00:00";"#NE";"06154093000195";"Multidados comunicação Ltda";"#NE";"Governador, Senador, Deputado Federal, Deputado Estadual";"2014-09-27 00:00:00";"2014-09-30 00:00:00";603;"7683";"ELMO HENRIQUE DE MORAES";"5000,00";"MUNICÍPIO DE MONTES CLAROS. Pesquisa quantitativa, que consiste na realização de entrevistas pessoais, com a aplicação de questionários estruturados e padronizados junto a uma amostra representativa do eleitorado do município de MONTES CLAROS, ESTADO DE MINAS GERAIS.  O conjunto do eleitorado com 16 anos ou mais foi tomado como universo da pesquisa.";"Plano Amostral: MUNICÍPIO DE MONTES CLAROS, ESTADO DE MINAS GERAIS 
A. PÚBLICO PESQUISADO: Eleitores da cidade de MONTES CLAROS, município do Estado de Minas Gerais, onde a localidade foi dividida em regiões geográficas baseadas conforme o índice populacional do censo 2010 distribuído pelo IBGE.
B. TIPO DE AMOSTRA: A amostra é estratificada por cotas e representativa para o conjunto dos eleitores do município de MONTES CLAROS, Estado de Minas Gerais. A amostra foi selecionada em três partes: 
1º parte: Seleção probabilística das regiões, através do método PPT (Probabilidade Proporcional ao Tamanho), tomando como base o número de eleitores de cada região do município. 
2º parte: Seleção aleatória dos setores censitários ou bairros dentro do município; 
3º parte: A seleção dos respondentes é feita dentro dos setores censitários, regiões ou bairros do município através quotas proporcionais de sexo, idade, escolaridade e renda familiar de acordo com o perfil da população em estudo no município.
As entrevistas são pessoais e possuem como base a fonte de dados do IBGE através do Censo 2010 e PNAD 2012, além do Cadastro de Eleitores 2014 do TSE. 
C. TAMANHO DA AMOSTRA: 603 entrevistas. 
D. PONDERAÇÃO: Devido à metodologia amostral adotada as proporções quanto a sexo, idade, escolaridade e renda familiar da amostra são as mesmas do universo pesquisado, com base no Censo Demográfico de 2010, IBGE e no Cadastro de Eleitores 2014 do TSE. Portanto, os fatores de ponderação a serem aplicados nas variáveis de sexo, idade, escolaridade e renda familiar assumem valor igual a 1(um). 
E. ÁREA FÍSICA DE REALIZAÇÃO DA PESQUISA: A ser informada e fornecida conforme artigo 2º, inciso X 5º § da Resolução 23.400 do Tribunal Superior Eleitoral TSE datada de 27 de dezembro de 2013. 
F. INTERVALO DE CONFIANÇA/MARGEM DE ERRO: O intervalo de confiança estimado é de 95% e a margem de erro máxima estimada é de 3,8 pontos percentuais para mais ou para menos sobre os resultados. 
";"As regiões da cidade de MONTES CLAROS, município do Estado de Minas Gerais são verificados em relação a consistência dos dados, analisado individualmente cada entrevista realizada. Todo trabalho é feito em tabletes ou questionários eletrônicos e o programa utiliza numero fixos para todas as perguntas apresentadas. O sistema também utiliza dois códigos extras, o “97”, quando o entrevistado coloca nenhuma ou que vota em branco ou nulo. O outro código extra é o “98” que significa respostas indecisas, eleitores que não sabem ou que não responderam. Os códigos extras não podem ser aplicados nas perguntas básicas: Número do questionário, região, município, sexo, idade, escolaridade e renda familiar. O próprio questionário padrão a Multidados já apresenta os códigos que podem ser aplicados a cada pergunta. Outras respostas apresentadas pelo entrevistado recebem o código “98”. O programa do questionário Multidados não permite duas respostas numa mesma pergunta. Checagem: Logo após a realização da coleta de dados, é feito o trabalho de checagem das entrevistas junto aos respondentes. O objetivo é, sobretudo, garantir que as entrevistas foram realmente realizadas e verificadas. Há perguntas do questionário que são reproduzidas para certificarmos de sua correta aplicação e há outras questões que se referem exclusivamente ao desempenho do entrevistador(a). Para a realização da pesquisa será utilizada uma equipe de entrevistadores devidamente treinada para este trabalho. Após os trabalhos de campo, os questionários são submetidos a uma fiscalização que consiste na checagem de 10% dos questionários aplicados individualmente pelos entrevistadores, para verificação das respostas e da adequação dos entrevistados aos parâmetros amostrais. ";"A área de abrangência da coleta é a cidade de MONTES CLAROS, município do Estado de Minas Gerais. A Relação de regiões e bairros selecionados para aplicação da amostra será apresentada até o 7º dia seguinte ao Registro da pesquisa, conforme expresso no art. 2º § 5º da resolução 23.400/2013 do TSE."
"27/02/2023";"15:36:19";2014;3;"Eleições Gerais 2014";"MG";"MG";"MINAS GERAIS";"MG000182014";"2014-05-19 00:00:00";"#NE";"00654576000172";",INSTITUTO   VERITÁ   LTDA  epp";"#NE";"Governador";"2014-05-19 00:00:00";"2014-05-24 00:00:00";3077;"7439 /6ª Região";"Leonard Mendonça de Assis";"123000,00";"Pesquisa quantitativa, que consiste na realização de entrevistas pessoais, com a aplicação de questionários estruturados e padronizados junto a uma amostra representativa do eleitorado do estado. ";"a) Público pesquisado: Eleitores residentes no Estado de Minas Gerais
b) tipo de amostra: A amostragem será realizada da seguinte forma:
1. Estratificação do estado por agrupamento de Microrregiões obedecendo critério geográfico e Porte dos municípios
2. Tamanho de cada estrato foi definido proporcional ao número de domicílios pertencente a cada um destes (Dados obtidos pelos microdados do CENSO Demográfico de 2010, IBGE)
3. Sorteio de Setores Censitários dentro de cada Estrato
4. Seleção das Residências segundo critério de amostragem sistemática
4. Realização de entrevistas domiciliares com sorteio dentre os moradores presentes na residência selecionada, obedecendo um quadro de Idade/Sexo gerado de maneira aleatória por um software estatístico, levando em consideração as proporções de idade e sexo constantes no sitio do TSE para o Estado.

Idade e Sexo

Faixa Etária	Sexo		
	 FEMININO 	 MASCULINO 
 16 A 24 ANOS 	8,33%	8,33%
 25 A 34 ANOS 	11,68%	11,39%
 35 A 44 ANOS 	9,89%	9,44%
 45 A 59 ANOS 	12,41%	11,59%
 60 ANOS OU MAIS 	9,16%	7,79%


Nível Econômico

Masculino / PEA 82,68%
Masculino / Não PEA 17,32%
Feminino / PEA 59,69%
Feminino / Não PEA 40,31%

Nível de Instrução
Masculino / Até 5 anos instrução 41,75%
Masculino / de 6 a 9 anos de instrução 24,86%
Masculino / de 10 a 12 anos de instrução 24,31%
Masculino / mais de 12 anos de instrução 9,08%
Feminino / Até 5 anos instrução 37,96%%
Feminino / de 6 a 9 anos de instrução 21,91%
Feminino / de 10 a 12 anos de instrução 27,05%
Feminino / mais de 12 anos de instrução 13,07%

d) Intervalo de Confiança/Margem de Erro: Para este planejamento amostral, considerando-se um intervalo de confiança de 95%, é esperado um erro máximo de 1,77 pontos percentuais na estimação da proporção das intenções de voto dos candidatos. ";"	Para a realização da pesquisa será utilizada uma equipe de entrevistadores e supervisores devidamente treinada para este trabalho. Após os trabalhos de campo, os questionários são submetidos a uma fiscalização que consiste no retorno a campo de 20% dos questionários aplicados individualmente pelos entrevistadores, para verificação das respostas e da adequação dos entrevistados aos parâmetros amostrais. ";"#NULO#"
"27/02/2023";"15:36:19";2014;3;"Eleições Gerais 2014";"MG";"MG";"MINAS GERAIS";"MG000072014";"2014-01-21 00:00:00";"#NE";"09283689000183";"PROMÍDIA PESQUISAS DE OPINIÃO PÚBLICA E MARKETING";"#NE";"Governador, Deputado Federal, Deputado Estadual";"2014-01-18 00:00:00";"2014-01-20 00:00:00";394;"7948";"TARCÍSIO DA SILVA";"5200,00";"A abordagem utilizada consiste na aplicação de uma amostragem aleatória representativa da população residente em Piumhi/MG, controlada por três fatores: região geográfica, gênero e faixa etária. As ponderações quanto ao grau de instrução e nível econômico do entrevistado constarão do relatório final. A variável, nível econômico e grau de instrução não serão controlados no trabalho de campo, uma vez que os locais de entrevistas apresentam adequada representação do município e o espaço geográfico por si só já define o espaço social. Na fase de tabulação, compilação e análise dos dados proceder-se-á a uma verificação da relação dos referidos parâmetros, aplicando-se correções estatísticas onde se fizer necessário.";"Ponderação sexo e idade do entrevistado; Sexo; Masculino 50,0%, Feminino 50,0%; Idade 16 a 17 anos 7,1%, 18 a 24 anos 12,9%, 25 a 29 anos 9,6%, 30 a 39 anos 19,3%, 40 a 49 anos 17,2%, 50 anos ou mais 33,9%. Para um intervalo de confiança de 95% e um tamanho de amostra 394 entrevistas, a margem de erro máxima estimada foi 5,0 pontos percentuais, para mais ou para menos.";"Todos os questionários preenchidos recebem crítica para avaliação da consistência dos dados coletados. 20% dos questionários são separados, aleatoriamente, para ser submetida à conferência através de novos contatos com os entrevistados, medida sempre adotada e que visa garantir a qualidade e fidelidade dos dados coletados. A consistência dos dados é verificada pelo seu conteúdo e lógica. ";"#NULO#"
"27/02/2023";"15:36:19";2014;3;"Eleições Gerais 2014";"MG";"MG";"MINAS GERAIS";"MG000352014";"2014-05-31 00:00:00";"#NE";"68802370000186";"IBOPE INTELIGÊNCIA PESQUISA E CONSULTORIA LTDA. ";"#NE";"Governador, Senador, Deputado Federal, Deputado Estadual";"2014-05-28 00:00:00";"2014-05-31 00:00:00";406;"6208-A";"Márcia Cavallari Nunes";"29500,00";"Pesquisa quantitativa, que consiste na realização de entrevistas pessoais e presenciais, com a aplicação de questionário estruturado junto a uma amostra representativa do eleitorado em estudo.";"Representativo do eleitorado da área em estudo, elaborada em dois estágios. No primeiro estágio faz-se um sorteio probabilístico dos setores censitários, onde as entrevistas serão realizadas, pelo método PPT (Probabilidade Proporcional ao Tamanho), tomando o eleitorado como base para tal seleção. No segundo e último estágio, dentro dos setores sorteados, os respondentes são selecionados através de quotas amostrais proporcionais em função de variáveis significativas, a saber: IDADE: 16-24 (masculino) 19% (feminino) 17%; 25-34 (masculino) 24% (feminino) 23%; 35-44 (masculino) 21% (feminino) 20%; 45-54 (masculino) 17% (feminino) 18%; 55 e+ (masculino) 20% (feminino) 22%; INSTRUÇÃO: Até Ensino Médio (masculino) 79% (feminino) 74%; Ensino Superior (masculino) 21% (feminino) 26%; NÍVEL ECONÔMICO: Economicamente ativo (masculino) 84% (feminino) 64%; Não Economicamente ativo (masculino) 16% (feminino) 36%. Está prevista eventual ponderação para correção das variáveis sexo e idade, com base nos percentuais anteriormente mencionados, caso ocorram diferenças superiores a 3 pontos percentuais entre o previsto na amostra e a coleta de dados realizada. Para as variáveis de grau de instrução e nível econômico do entrevistado, o fator previsto para ponderação é 1 (resultados obtidos em campo). O nível de confiança estimado é de 95% e a margem de erro máxima estimada considerando um modelo de amostragem aleatório simples, é de 5 (cinco) pontos percentuais para mais ou para menos sobre os resultados encontrados no total da amostra. FONTE DOS DADOS: Censo 2010 | PNAD 2012 | TSE 2012";"Para a realização da pesquisa, utiliza-se uma equipe de entrevistadores e supervisores contratados pelo IBOPE INTELIGÊNCIA PESQUISA E CONSULTORIA LTDA. devidamente treinados para o trabalho. Após os trabalhos de campo, os questionários são submetidos a uma fiscalização de 20% (vinte por cento) dos questionários aplicados pelos entrevistadores; para verificação das respostas e da adequação dos entrevistadores aos parâmetros amostrais.";"A área de abrangência da coleta é município de Uberlândia no Estado de Minas Gerais. A relação dos bairros selecionados para aplicação da amostra será apresentada até o 7º dia seguinte ao registro da pesquisa, conforme expresso no art. 2º, §5º da Resolução 23.400/2013 do TSE."
"27/02/2023";"15:36:19";2014;3;"Eleições Gerais 2014";"MG";"MG";"MINAS GERAIS";"MG000592014";"2014-07-30 00:00:00";"#NE";"22642565000105";"CP2 CONSULTORIA, PESQUISA E PLANEJAMENTO LTDA.";"#NE";"Governador, Senador, Deputado Federal, Deputado Estadual";"2014-07-31 00:00:00";"2014-08-06 00:00:00";1827;"9866";"SARAH RIBEIRO DA SILVA";"26000,00";"A metodologia utilizada é o survey quantitativo, com realização de entrevistas pessoais e individuais através de questionário estruturado. A amostra é por cotas de sexo, idade, escolaridade, renda e local (região e bairro) de moradia. ";" O universo da pesquisa é composto por eleitores de Minas Gerais, com idade a partir de 16 anos. Serão realizadas 1.827 entrevistas, o que permite um erro amostral máximo de 2,29% e nível de confiança de 95%. Distribuição da amostra pelo perfil dos entrevistados de acordo com cotas de sexo, idade, escolaridade e renda mensal familiar: Sexo: •	Masculino	52% •	Feminino 48%; Idade: •	16 a 17 anos	5,0% •	18 a 24 anos	21,0% •	25 a 34 anos	14,0% •	35 a 44 anos	21,0% •	45 a 54 anos 18,0% •	Acima 55 anos 21,0%; Escolaridade: •	Até 4ª série do 1º grau/ Ensino Fundamental 18% •	De 5ª a 8ª série do 1º grau/ Ensino Fundamental 39% •	2º Grau/ Ensino Médio Incompleto ou Completo 31% •	Superior e Pós-graduação 12% Renda: •	até 2 salários mínimos 49% •	2 a 5 salários mínimos 26% •	5 a 10 salários mínimos 17% •	Acima de 10 salários mínimos 8% ";"Todos os questionários preenchidos recebem crítica para avaliação da consistência dos dados coletados. Vinte por cento dos questionários são separados, aleatoriamente, para serem submetidos à conferência através de novos contatos com os entrevistados, medida sempre adotada e que visa garantir a qualidade e fidelidade dos dados coletados. A consistência dos dados é verificada pelo seu conteúdo e lógica. Dados relativos aos municípios e bairros abrangidos pela pesquisa. Na ausência de delimitação do bairro, será identificada a área em que foi realizada a pesquisa (conforme §6º. do art. 1º. da Resolução-TSE nº. 23.364/2011, o pedido de registro será complementado pela entrega destes dados ao Tribunal Eleitoral em um prazo de até 24 horas, contado da divulgação do respectivo resultado): Anexo. ";"#NULO#"
"27/02/2023";"15:36:19";2014;3;"Eleições Gerais 2014";"MG";"MG";"MINAS GERAIS";"MG000622014";"2014-08-07 00:00:00";"#NE";"00852501000104";"VOX OPINIÃO PESQUISA E PROJETOS LTDA";"#NE";"Governador, Senador";"2014-08-01 00:00:00";"2014-08-07 00:00:00";2000;"5ª REGIÃO Nº 8641";"MARIA CECÍLIA SACRAMENTO SOUZA";"180000,00";"Pesquisa quantitativa, que consiste na realização de entrevistas pessoais, com a aplicação de questionários estruturados e padronizados junto a uma amostra representativa do eleitorado do estado de Minas Gerais.";"Plano Amostral:

a)	Público pesquisado: eleitores no estado de Minas Gerais.
 
b)	Tipo de amostra: A amostra é estratificada por cota e representativa para o conjunto dos eleitores do estado de Minas Gerais. A amostra foi selecionada em três estágios: 

1º estágio: seleção probabilística de municípios, através do método PPT (Probabilidade Proporcional ao Tamanho), tomando como base o número de eleitores de cada município;

2º estágio: seleção aleatória dos setores censitários ou bairros dentro do município; 

3º estágio: seleção dos respondentes dentro dos setores censitários ou bairros através de uma quota proporcional de Gênero, Idade, Escolaridade e Renda Familiar, de acordo com o perfil da população em estudo.

As entrevistas foram pessoais e domiciliares.


Fonte de dados: IBGE, Censo 2010 e PNAD 2012
			  TSE, Cadastro de Eleitores 2014

c)	Tamanho da amostra: 2.000 entrevistas.

d)	Ponderação: Devido à metodologia amostral adotada as proporções quanto a sexo, idade, escolaridade e renda familiar da amostra são as mesmas do universo pesquisado, com base no Censo Demográfico de 2010 – IBGE e no Cadastro de Eleitores 2014 do TSE. Portanto, os fatores de ponderação a serem aplicados nas variáveis sexo, idade, escolaridade e renda familiar assumem valor igual a 1(um).

e)	Área física de realização da pesquisa: A ser informada e fornecida conforme artigo 2º, inciso X 5º § da Resolução 23.400 do Tribunal Superior Eleitoral – TSE datada de 27 de dezembro de 2013. 

f)	Intervalo de Confiança/Margem de Erro: O intervalo de confiança estimado é de 95% e a margem de erro máxima estimada é de 2,2 pontos percentuais para mais ou para menos sobre os resultados encontrados no total da amostra.

g)	Checagem: Logo após a realização da coleta de dados, é feito o trabalho de checagem das entrevistas junto aos respondentes. O objetivo é, sobretudo, garantir que a entrevista foi realmente realizada e verificar como o respondente se sentiu em relação à pesquisa. Há perguntas do questionário que são reproduzidas para certificarmos de sua correta aplicação e há outras questões que se referem exclusivamente à performance do entrevistador. São aproximadamente 20% dos respondentes de cada entrevistador que irão receber o contato dos checadores.
";"Para a realização da pesquisa será utilizada uma equipe de entrevistadores e supervisores devidamente treinada para este trabalho. Após os trabalhos de campo, os questionários são submetidos a uma fiscalização que consiste no retorno a campo de 20% dos questionários aplicados individualmente pelos entrevistadores, para verificação das respostas e da adequação dos entrevistados aos parâmetros amostrais.";"Será enviado após divulgação."
"27/02/2023";"15:36:19";2014;3;"Eleições Gerais 2014";"MG";"MG";"MINAS GERAIS";"MG000862014";"2014-09-08 00:00:00";"#NE";"09283689000183";"PROMÍDIA PESQUISAS DE OPINIÃO PÚBLICA E MARKETING";"#NE";"Governador, Senador, Deputado Federal, Deputado Estadual";"2014-09-04 00:00:00";"2014-09-08 00:00:00";702;"7655 3ª REGIÃO";"AGUSTO DA SILVA ROCHA";"8500,00";"Será adotada a metodologia do tipo “survey”, com entrevistas domiciliares do tipo face-a-face. As entrevistas serão realizadas por meio de cotas proporcionais de acordo com o número de eleitores em cada setor censitário, do sexo, e da idade, de acordo com dados do Censo Demográfico de 2010. Os questionários previamente elaborados de acordo com o objetivo do estudo, realizado por pesquisadores treinados para abordagem desta natureza. Público pesquisado: eleitores residentes e domiciliados no município de Passos/MG.";"consta de quotas proporcionais as existentes no universo de acordo com as variáveis, Região, Sexo, Faixa Etária. Escolaridade e Renda Familiar não são controladas nas quotas. Variável quanto a REGIÃO: proporcional ao setor censitário do IBGE. Variável quanto ao sexo: Masculino 48,7%, Feminino 51,3%. Idade 16 a 17 anos 4,5%, 18 a 24 anos 15,9%, 25 a 29 anos 11,1%, 30 a 39 anos 20,1%, 40 a 49 anos 18,7%, 50 anos ou mais 29,7%. Para um intervalo de confiança de 95% e um tamanho de amostra 702 entrevistas, a margem de erro máxima estimada foi 3,66 pontos percentuais, para mais ou para menos.";"Todos os questionários preenchidos recebem crítica para avaliação da consistência dos dados coletados. 20% dos questionários são separados, aleatoriamente, para ser submetida à conferência através de novos contatos com os entrevistados, medida sempre adotada e que visa garantir a qualidade e fidelidade dos dados coletados. A consistência dos dados é verificada pelo seu conteúdo e lógica. ";"1	Centro
	São Francisco
2	Canjeranus
	Penha
	Santa Casa
	São Benedito
3	Aeroporto
	Belo Horizonte
	Muarama
	Universitário
4	Bela Vista
	Coimbras
	Polivalente
	Santa Luzia
	Vila Rica
	Vila São José
5	Cohab
6	Nossa Senhora Aparecida
	Nossa Senhora das Graças
	PASSOS (demais setores) – Área Rural
7	Aclimação
	Califórnia
	Jardim Colégio de Passos
	João Paulo II
	Vila Rica
"
"27/02/2023";"15:36:19";2014;3;"Eleições Gerais 2014";"MG";"MG";"MINAS GERAIS";"MG001022014";"2014-09-13 00:00:00";"#NE";"03866435000101";"IPO - INSTITUTO DE PESQUISA DE OPINIÃO E  ASSESSORIA LTDA";"#NE";"Governador, Senador, Deputado Federal, Deputado Estadual";"2014-09-17 00:00:00";"2014-09-17 00:00:00";400;"9.077";"EDMILSON ANTONIO PEREIRA JUNIOR";"2500,00";"Pesquisa quantitativa, que consiste na realização de entrevistas pessoais, com a aplicação de questionários estruturados e padronizados junto a uma amostra de eleitores do universo pesquisado.";"A amostra de eleitores de Muzambinho é distribuída de forma a contemplar todas as regiões geográficas do município, a partir de quotas proporcionais ao universo, disponibilizadas pelo site do TSE (Estatísticas Eleitorais 2014), considerando as variáveis: sexo, faixa etária e grau de instrução. Adota-se, assim, a seguinte distribuição: Masculino (50%), Feminino (50%); 16-24 anos (14%), 25-34 anos (20%), 35-44 anos (19%), 45-59 anos (26%), 60 anos ou mais (21%); Analfabeto / Lê e escreve (15%), Ensino fundamental (44%), Ensino médio (35%), Ensino superior (6%) Considerando a amostra de 400 eleitores do município de Muzambinho/MG, ao nível de 95% de confiança, a margem de erro estimada é de 4,8 pontos percentuais, para mais ou para menos.";"Trabalho de campo realizado por uma equipe de entrevistadores devidamente treinados e capacitados para a aplicação dos questionários, sempre coordenados por uma pessoa da EMPO. Após a realização das entrevistas é feita a verificação dos questionários das respostas e da adequação dos entrevistados aos parâmetros amostrais, via telefone ou presencial, de 20% dos entrevistados.";"#NULO#"
"27/02/2023";"15:36:19";2014;3;"Eleições Gerais 2014";"MG";"MG";"MINAS GERAIS";"MG001612014";"2014-09-25 00:00:00";"#NE";"09283689000183";"PROMÍDIA PESQUISAS DE OPINIÃO PÚBLICA E MARKETING";"#NE";"Governador, Senador, Deputado Federal, Deputado Estadual";"2014-09-19 00:00:00";"2014-09-25 00:00:00";180;"7655 - A";"AUGUSTO DA SILVA ROCHA";"5500,00";"Será adotada a metodologia do tipo “survey”, com entrevistas domiciliares do tipo face-a-face. As entrevistas serão realizadas por meio de cotas proporcionais de acordo com o número de eleitores em cada setor censitário, do sexo, e da idade, de acordo com dados do Censo Demográfico de 2010. Os questionários previamente elaborados de acordo com o objetivo do estudo, realizado por pesquisadores treinados para abordagem desta natureza. Público pesquisado: eleitores residentes e domiciliados no município de São Pedro da União/MG.";"
O plano amostral consta de quotas proporcionais as existentes no universo de acordo com as variáveis, Região, Sexo, Faixa Etária. Escolaridade e Renda Familiar não são controladas nas quotas. Variável quanto a REGIÃO: proporcional ao setor censitário do IBGE. Variável quanto ao sexo: Masculino 52,8%, Feminino 47,2%. Idade 16 a 17 anos 4,7%, 18 a 24 anos 13,5%, 25 a 29 anos 9,0%, 30 a 39 anos 17,0%, 40 a 49 anos 17,8%, 50 anos ou mais 38,0%. Para um intervalo de confiança de 95% e um tamanho de amostra 180 entrevistas, a margem de erro máxima estimada foi 7,3 pontos percentuais, para mais ou para menos.
";"
Todos os questionários preenchidos recebem crítica para avaliação da consistência dos dados coletados. 20% dos questionários são separados, aleatoriamente, para ser submetida à conferência através de novos contatos com os entrevistados, medida sempre adotada e que visa garantir a qualidade e fidelidade dos dados coletados. A consistência dos dados é verificada pelo seu conteúdo e lógica. 
";"#NULO#"
"27/02/2023";"15:36:19";2014;3;"Eleições Gerais 2014";"MG";"MG";"MINAS GERAIS";"MG001972014";"2014-09-29 00:00:00";"#NE";"00654576000172";",INSTITUTO   VERITÁ   LTDA  epp";"#NE";"Governador, Senador, Deputado Federal, Deputado Estadual";"2014-09-30 00:00:00";"2014-10-03 00:00:00";1040;"7439 / 6ª Região";"Leonard Mendonça de Assis";"30000,00";"Pesquisa quantitativa, que consiste na realização de entrevistas pessoais, com a aplicação de questionários estruturados e padronizados junto a uma amostra representativa do eleitorado do município de Uberlândia ";"	a) Público pesquisado: Eleitores residentes em UBERLÂNDIA e inscritos para votar no estado de MINAS GERAIS b) Área física: Perímetro urbano do município de Uberlândia/MG c) tipo de amostra: A amostragem será realizada da seguinte forma: 1. Estratificação do município por agrupamento de bairros obedecendo critério geográfico 2. Tamanho de cada estrato foi definido proporcional ao número de eleitores inscritos em cada um destes 3. Divisão em estratos será proporcional ao número de eleitores contidos em cada um destes 4. Seleção dos entrevistados utilizando entrevistas domiciliares obedecendo um quadro de idade e sexo gerado de maneira aleatória por um software estatístico, usando as proporções de idade e sexo descritas neste plano 5. Está prevista adoção de entrevistas em locais de trabalho ou em pontos de fluxo. Estes serão utilizados onde os locais sorteados não permitam adoção de entrevistas domiciliares d)Ponderação: Esta pesquisa é autoponderada (peso = 1), obedecendo as proporções descritas a seguir: SEXO: FEMININO 52,41% / MASCULINO 47,59% Idade FEMININO 16 A 24 ANOS 15,45% FEMININO 25 A 34 ANOS 23,81% FEMININO 35 A 44 ANOS 20,35% FEMININO 45 A 59 ANOS 25,17% FEMININO 60 ANOS OU MAIS 15,21% MASCULINO 16 A 24 ANOS 16,51% MASCULINO 25 A 34 ANOS 24,85% MASCULINO 35 A 44 ANOS 20,85% MASCULINO 45 A 59 ANOS 24,05% MASCULINO 60 ANOS OU MAIS 13,74% Também está prevista ponderação por nivel econômico e instrução, obedecendo as proporções descritas a seguir: Nível Econômico FEMININO Não PEA 47,21% FEMININO PEA 52,79% MASCULINO Não PEA 28,06% MASCULINO PEA 71,94% Nível de Instrução FEMININO Analfabeto até Ensino Médio incompleto 63,58% FEMININO Ensino médio completo, superior ou mais 36,42% MASCULINO Analfabeto até Ensino Médio incompleto 70,15% MASCULINO Ensino médio completo, superior ou mais 29,85% e) Intervalo de Confiança/Margem de Erro: Para este planejamento amostral, considerando-se um intervalo de confiança de 95%, é esperado um erro máximo de 3 pontos percentuais na estimação da proporção das intenções de voto dos candidatos. ";"Para a realização da pesquisa será utilizada uma equipe de entrevistadores e supervisores devidamente treinada para este trabalho. Após os trabalhos de campo, os questionários são submetidos a uma fiscalização que consiste no retorno a campo de 20% dos questionários aplicados individualmente pelos entrevistadores, para verificação das respostas e da adequação dos entrevistados aos parâmetros amostrais";"#NULO#"
"27/02/2023";"15:36:19";2014;3;"Eleições Gerais 2014";"MG";"MG";"MINAS GERAIS";"MG001652014";"2014-09-25 00:00:00";"#NE";"08253732000103";"REDE PESQUISA DE OPINIÃO E PLANEJAMENTO S/S LTDA";"#NE";"Governador, Senador, Deputado Federal, Deputado Estadual";"2014-09-27 00:00:00";"2014-09-29 00:00:00";400;"7695 5ª REGIÃO";"EDIMEIRE APARECIDA NOGUEIRA COLETI ";"6000,00";"Método quantitativo, ""survey"", com entrevistas individuais, ""face à face"", domiciliares com aplicação de questionário estruturados. A amostra é composta por cotas de sexo, e faixa etária da população eleitora no município de Pouso Alegre/MG";"O plano amostral e ponderação quanto a sexo, idade,considera o universo de eleitores aptos a votarem no município de Pouso Alegre/MG, segundo dados fornecidos pelo TSE (Tribunal Superior Eleitoral, julho de 2014). O tamanho da amostra é de 400 indivíduos. A margem de erro para a amostra é de 4,9% para mais ou para menos. O intervalo de confiança é de 95%. A técnica de amostragem: Do parâmetro de eleitores estabelecemos a estratificação respeitando a proporcionalidade das variáveis que atuam como filtros adequados da amostragem: sexo, idade. Masculino 48%; Feminino 52%. Faixa etária 16 a 24 anos 16%; 25 a 44 anos 42%; 45 a 59 anos 25%; acima de 60 anos 16%. ";"Os entrevistadores são devidamente selecionados e treinados em técnicas de abordagem e moderação de entrevistas e especificamente recebem treinamento teórico e prático sobre o questionário a ser aplicado. Ocorre supervisão ""in loco"", durante toda a fase de aplicação dos questionários e os mesmos são checados unitariamente antes de serem digitados. Durante todo o processo de campo e digitação dos questionários é verificada a compatibilidade da amostra recolhida com o Plano Amostral original. 10% dos questionários são sorteados para conferência por via telefônica junto aos entrevistados. ";"#NULO#"
"27/02/2023";"15:36:19";2014;3;"Eleições Gerais 2014";"MG";"MG";"MINAS GERAIS";"MG002022014";"2014-09-30 00:00:00";"#NE";"68802370000186";"IBOPE INTELIGÊNCIA PESQUISA E CONSULTORIA LTDA. ";"#NE";"Governador, Senador";"2014-10-05 00:00:00";"2014-10-05 00:00:00";6000;"6208-A";"Márcia Cavallari Nunes";"133933,80";"Pesquisa quantitativa, que consiste na realização de entrevistas pessoais, com a aplicação de questionário estruturado junto a uma amostra representativa dos votantes em estudo.";"Representativa do eleitorado da área em estudo, elaborada em três estágios. No primeiro estágio fez-se um sorteio probabilístico dos municípios pesquisados, pelo método PPT (Probabilidade Proporcional ao Tamanho), com base na população de votantes (TSE 2014, excluindo abstenção 1º turno 2006 e 2010) de cada município.
Em um segundo estágio, dentro dos municípios sorteados foram selecionados, também pelo método PPT, os locais de votação com base no número de votantes de cada local de votação. No terceiro estágio, dentro dos locais de votação sorteados, os respondentes foram selecionados através de quotas amostrais, proporcionais em função de variáveis significativas, a saber: Sexo, Idade, de acordo com o perfil dos votantes. Devido à metodologia amostral adotada, a pesquisa é auto-ponderada, ou seja, as proporções do universo pesquisado estão previstas na amostra, não sendo necessário qualquer tipo de ponderação quanto à sexo, idade, grau de instrução e nível econômico.
O intervalo de confiança estimado é de 99% e a margem de erro máxima estimada considerando um modelo de amostragem aleatório simples, é de 2 (dois) pontos percentuais para mais ou para menos sobre os resultados encontrados no total da amostra.
";"Para a realização da pesquisa, utiliza-se uma equipe de entrevistadores e supervisores contratados pelo IBOPE INTELIGÊNCIA PESQUISA E CONSULTORIA LTDA. devidamente treinados para o trabalho. Após os trabalhos de campo, os questionários são submetidos a uma fiscalização de cerca de 20% (vinte por cento) dos questionários aplicados pelos entrevistadores; para verificação das respostas e da adequação dos entrevistadores aos parâmetros amostrais.";"A área de abrangência da coleta é o Estado de Minas Gerais. A relação dos municípios selecionados para aplicação da amostra será apresentada até o 7º dia seguinte ao registro da pesquisa, conforme expresso no art. 2º, §5º da Resolução 23.400/2013 do TSE."
"27/02/2023";"15:36:19";2014;3;"Eleições Gerais 2014";"MG";"MG";"MINAS GERAIS";"MG000172014";"2014-05-19 00:00:00";"#NE";"00654576000172";",INSTITUTO   VERITÁ   LTDA  epp";"#NE";"Governador, Deputado Federal, Deputado Estadual";"2014-05-15 00:00:00";"2014-05-18 00:00:00";402;"7439 /6ª Região";"Leonard Mendonça de Assis";"17000,00";"	Pesquisa quantitativa, que consiste na realização de entrevistas pessoais, com a aplicação de questionários estruturados e padronizados junto a uma amostra representativa do eleitorado do município de PATOS DE MINAS. ";"a) Público pesquisado: Eleitores residentes no município de PATOS DE MINAS
b) tipo de amostra: A amostragem será realizada da seguinte forma: 1. Estratificação do município por agrupamento de Setores Censitários obedecendo critério geográfico (Agrupamento de bairros conforme divisão do IBGE para o CENSO 2010)
2. Tamanho de cada estrato foi definido proporcional ao número de domicílios pertencente a cada um destes (Dados obtidos pelos microdados do CENSO Demográfico de 2010, IBGE)
3. Seleção das Residências segundo critério de amostragem sistemática
4. Realização de entrevistas domiciliares com sorteio dentre os moradores presentes na residência selecionada, obedecendo um quadro de Idade/Sexo gerado de maneira aleatória por um software estatístico, levando em consideração as proporções de idade e sexo constantes no sitio do TSE para o município.

Idade e Sexo

Faixa Etária	Sexo		
	 FEMININO 	 MASCULINO 
 16 A 24 ANOS 	7,77%	7,45%
 25 A 34 ANOS 	10,74%	10,39%
 35 A 44 ANOS 	10,4%	9,37%
 45 A 59 ANOS 	13,55%	12,46%
 60 ANOS OU MAIS 	9,71%	8,15%

Nível Econômico

Masculino / PEA 82,68%
Masculino / Não PEA 17,32%
Feminino / PEA 59,69%
Feminino / Não PEA 40,31%

Nível de Instrução
Masculino / Até 5 anos instrução 41,75%
Masculino / de 6 a 9 anos de instrução 24,86%
Masculino / de 10 a 12 anos de instrução 24,31%
Masculino / mais de 12 anos de instrução 9,08%
Feminino / Até 5 anos instrução 37,96%%
Feminino / de 6 a 9 anos de instrução 21,91%
Feminino / de 10 a 12 anos de instrução 27,05%
Feminino / mais de 12 anos de instrução 13,07%

d) Intervalo de Confiança/Margem de Erro: Para este planejamento amostral, considerando-se um intervalo de confiança de 95%, é esperado um erro máximo de 4,88 pontos percentuais na estimação da proporção das intenções de voto dos candidatos. ";"	Para a realização da pesquisa será utilizada uma equipe de entrevistadores e supervisores devidamente treinada para este trabalho. Após os trabalhos de campo, os questionários são submetidos a uma fiscalização que consiste no retorno a campo de 20% dos questionários aplicados individualmente pelos entrevistadores, para verificação das respostas e da adequação dos entrevistados aos parâmetros amostrais. ";"#NULO#"
"27/02/2023";"15:36:19";2014;3;"Eleições Gerais 2014";"MG";"MG";"MINAS GERAIS";"MG000512014";"2014-07-02 00:00:00";"#NE";"09283689000183";"PROMÍDIA PESQUISAS DE OPINIÃO PÚBLICA E MARKETING";"#NE";"Deputado Federal, Deputado Estadual";"2014-07-02 00:00:00";"2014-07-04 00:00:00";380;"7655 -A";"AGUSTO DA SILVA ROCHA";"6500,00";"Será adotada a metodologia do tipo “survey”, com entrevistas domiciliares do tipo face-a-face. As entrevistas serão realizadas por meio de cotas proporcionais de acordo com o número de eleitores em cada setor censitário, do sexo, e da idade, de acordo com dados do Censo Demográfico de 2010. Os questionários previamente elaborados de acordo com o objetivo do estudo, realizado por pesquisadores treinados para abordagem desta natureza. Público pesquisado: eleitores residentes e domiciliados no município de Conceição da Aparecida/MG.";"O plano amostral consta de quotas proporcionais as existentes no universo de acordo com as variáveis, Região, Sexo, Faixa Etária. Escolaridade e Renda Familiar não são controladas nas quotas. Variável quanto a REGIÃO: proporcional ao setor censitário do IBGE. Variável quanto ao sexo: Masculino 51,0%, Feminino 49,0%. Idade 16 a 17 anos 4,5%, 18 a 24 anos 15,1%, 25 a 29 anos 10,3%, 30 a 39 anos 19,8%, 40 a 49 anos 17,9%, 50 anos ou mais 32,4%. Para um intervalo de confiança de 95% e um tamanho de amostra 380 entrevistas, a margem de erro máxima estimada foi 5,0 pontos percentuais, para mais ou para menos.";"Todos os questionários preenchidos recebem crítica para avaliação da consistência dos dados coletados. 20% dos questionários são separados, aleatoriamente, para ser submetida à conferência através de novos contatos com os entrevistados, medida sempre adotada e que visa garantir a qualidade e fidelidade dos dados coletados. A consistência dos dados é verificada pelo seu conteúdo e lógica. 
";"#NULO#"
"27/02/2023";"15:36:19";2014;3;"Eleições Gerais 2014";"MG";"MG";"MINAS GERAIS";"MG000992014";"2014-09-13 00:00:00";"#NE";"03866435000101";"IPO - INSTITUTO DE PESQUISA DE OPINIÃO E  ASSESSORIA LTDA";"#NE";"Governador, Senador, Deputado Federal, Deputado Estadual";"2014-09-15 00:00:00";"2014-09-15 00:00:00";400;"9.077";"EDMILSON ANTONIO PEREIRA JUNIOR";"2500,00";"Pesquisa quantitativa, que consiste na realização de entrevistas pessoais, com a aplicação de questionários estruturados e padronizados junto a uma amostra de eleitores do universo pesquisado.";"A amostra de eleitores de São Sebastião do Paraiso é distribuída de forma a contemplar todas as regiões geográficas do município, a partir de quotas proporcionais ao universo, disponibilizadas pelo site do TSE (Estatísticas Eleitorais 2014), considerando as variáveis: sexo, faixa etária e grau de instrução. Adota-se, assim, a seguinte distribuição: Masculino (48%), Feminino (52%); 16-24 anos (14%), 25-34 anos (22%), 35-44 anos (19%), 45-59 anos (25%), 60 anos ou mais (20%); Analfabeto / Lê e escreve (16%), Ensino fundamental (44%), Ensino médio (34%), Ensino superior (6%). Considerando a amostra de 400 eleitores do município de São Sebastião do Paraíso/MG, ao nível de 95% de confiança, a margem de erro estimada é de 4,8 pontos percentuais, para mais ou para menos.";"Trabalho de campo realizado por uma equipe de entrevistadores devidamente treinados e capacitados para a aplicação dos questionários, sempre coordenados por uma pessoa da EMPO. Após a realização das entrevistas é feita a verificação dos questionários das respostas e da adequação dos entrevistados aos parâmetros amostrais, via telefone ou presencial, de 20% dos entrevistados.";"#NULO#"
"27/02/2023";"15:36:19";2014;3;"Eleições Gerais 2014";"MG";"MG";"MINAS GERAIS";"MG001212014";"2014-09-22 00:00:00";"#NE";"11047803000118";"Sinfor - Consultoria e Pesquisa Rio Preto LTDA";"#NE";"Governador, Senador, Deputado Federal, Deputado Estadual";"2014-09-11 00:00:00";"2014-09-14 00:00:00";1021;"9077/5ª";"Edmilson Antônio Pereira Junior";"32224,50";" A metodologia aplicada foi a da pesquisa quantitativa por amostragem (survey); sendo esta aleatória e estratificada por área, sexo, idade, formação escolar, situação de trabalho e classificação socioeconômica da ABEP (Associação Brasileira de Empresas e Pesquisa).
Os dados são coletados de forma que todos os entrevistados possam ser ouvidos em situações idênticas. Isso quer dizer que, à frente de todos os entrevistados os entrevistadores se apresentam da mesma maneira e aplicam o mesmo conjunto de perguntas por meio de um questionário previamente elaborado e aprovado pelo cliente.
Há uma preocupação permanente com a amostragem e com a generalização dos resultados. Cada indivíduo dentro do universo amostral (na região do Pontal do Rio Grande) possui chances iguais de ser entrevistado e, mesmo que diferentes pessoas analisem os números, elas chegarão a conclusões semelhantes, diante do conjunto de dados. 
";"Plano amostral e ponderação quanto a sexo, idade, grau de instrução e nível econômico do entrevistado; intervalo de confiança e margem de erro: O universo da pesquisa é composto por eleitores da região do Pontal do Rio Grande – MG.
Foram realizadas 1021 entrevistas, o que permite 4%, para mais ou para menos e nível de confiança 95%. Tipo da amostra: A amostragem é realizada da seguinte forma: 1. Estratificação do município segundo agrupamento de bairros 2. Alocação de entrevistas, proporcional ao número de domicílios pertencente a cada região (Dados obtidos pelos microdados do CENSO Demográfico de 2010, IBGE).
Realização de entrevistas domiciliares. Entrevista do morador presente na residência selecionada em cada um dos setores. As entrevistas obedecerão a uma quota proporcional a gênero e idade, baseadas em informações do Tribunal Superior Eleitoral, TSE 2014, na região do Pontal do Rio Grande compreendendo os municípios de:
•	16 questionários Água Comprida 1,6%
•	150 questionários Campina Verde 14,7%
•	56 questionários Campo Florido 5,5%
•	74 questionários Carneirinho 7,3%
•	23 questionários Comendador Gomes 2,3% 
•	 189 questionários Conceição das Alagoas 18,5%
•	118 questionários Fronteira 11,6%
•	109 questionários Itapagipe 10,7%
•	55 questionários Limeira do Oeste 5,4%
•	39 questionários Pirajuba 3,8 %
•	84 questionários Planura 8,2%
•	46 questionários São Francisco de Sales 4,5%
•	34 questionários União de Minas 3,3%
•	 28 questionários Veríssimo 2,7%
Formação escolar: analfabeto; Lê e Escreve; Fundamental Incompleto; Fundamental Completo, Médio Incompleto; Médio Completo; Superior Incompleto; Superior Completo. Situação de Trabalho: Empregador; Profissional Liberal; Empregado; Desempregado; Estudante; Aposentado; Dona de Casa; Funcionário Público. 
";"Os questionários aplicados passam por um processo de supervisão crítica e checagem aleatória. Somente após esta criteriosa análise, os dados são tabulados no programa SPHINX Brasil (WWW.sphinxbrasil.com).";"Região do Pontal do Rio Grande – MG, compreendendo as cidades: Água Comprida, Campina Verde, Campo Florido Carneirinho, Comendador Gomes, Conceição das Alagoas, Fronteira, Itapagipe, Limeira do Oeste, Pirajuba, Planura, São Francisco de Sales, União de Minas e Veríssimo."
"27/02/2023";"15:36:19";2014;3;"Eleições Gerais 2014";"MG";"MG";"MINAS GERAIS";"MG001702014";"2014-09-26 00:00:00";"#NE";"09283689000183";"PROMÍDIA PESQUISAS DE OPINIÃO PÚBLICA E MARKETING";"#NE";"Governador, Senador, Deputado Federal, Deputado Estadual";"2014-09-25 00:00:00";"2014-09-26 00:00:00";316;"7655 - A";"AUGUSTO DA SILVA ROCHA";"8500,00";"Será adotada a metodologia do tipo “survey”, com entrevistas domiciliares do tipo face-a-face. As entrevistas serão realizadas por meio de cotas proporcionais de acordo com o número de eleitores em cada setor censitário, do sexo, e da idade, de acordo com dados do Censo Demográfico de 2010. Os questionários previamente elaborados de acordo com o objetivo do estudo, realizado por pesquisadores treinados para abordagem desta natureza. Público pesquisado: eleitores residentes e domiciliados no município de Piumhi/MG.";"O plano amostral consta de quotas proporcionais as existentes no universo de acordo com as variáveis, Região, Sexo, Faixa Etária. Escolaridade e Renda Familiar não são controladas nas quotas. Variável quanto a REGIÃO: proporcional ao setor censitário do IBGE. Variável quanto ao sexo: Masculino 49,7%, Feminino 50,3%. Idade 16 a 17 anos 4,1%, 18 a 24 anos 14,9%, 25 a 29 anos 11,4%, 30 a 39 anos 19,6%, 40 a 49 anos 19,0%, 50 anos ou mais 31%. Para um intervalo de confiança de 95% e um tamanho de amostra 316 entrevistas, a margem de erro máxima estimada foi 5,5 pontos percentuais, para mais ou para menos.";"Todos os questionários preenchidos recebem crítica para avaliação da consistência dos dados coletados. 20% dos questionários são separados, aleatoriamente, para ser submetida à conferência através de novos contatos com os entrevistados, medida sempre adotada e que visa garantir a qualidade e fidelidade dos dados coletados. A consistência dos dados é verificada pelo seu conteúdo e lógica. ";"#NULO#"
"27/02/2023";"15:36:19";2014;3;"Eleições Gerais 2014";"MG";"MG";"MINAS GERAIS";"MG001842014";"2014-09-27 00:00:00";"#NE";"08695087000170";"i9 AGENCIA DE ASSESSORIA & CONSULTORIA POLITICA E SOCIAL LTDA";"#NE";"Governador, Senador, Deputado Federal, Deputado Estadual";"2014-09-27 00:00:00";"2014-10-02 00:00:00";600;"9103 5ª REGIÃO";"Luciano Rios Scherrer";"6000,00";"A abordagem utilizada consiste na aplicação de uma amostragem aleatória representativa da população 
residente em Ipatinga, com 16 anos ou mais de idade. A amostra é selecionada em três estágios. No 
primeiro faz-se uma estratificação dos setores censitários do município por região geográfica. No 
segundo estágio, utilizando uma amostragem proporcional ao número de habitantes acima de 16 anos 
de idade, são selecionados os setores censitários a serem pesquisados. Finalmente, no terceiro estágio os respondentes são selecionados aleatoriamente respeitando-se quotas proporcionais controladas por região geográfica, sexo e faixa etária, de acordo com o perfil da população em estudo.";"Tamanho da amostra, margem de erro e intervalo de confiança Para um nível de confiança de 95% e um tamanho de amostra de 600 entrevistas, a margem de erro máxima estimada foi de 4,0 pontos percentuais, para mais ou para menos. Em função da abordagem utilizada neste planejamento amostral (amostragem por quotas), as ponderações por sexo,  idade, grau de instrução e nível econômico não são necessárias, pois, sendo conhecidas essas características da população, o método adotado consiste em retomar tais características na amostra, em proporções reduzidas. Neste caso, espera-se que a composição da amostra, por sexo,  idade, grau de instrução e nível econômico seja proporcionalmente semelhante àquela da população.";"Todos os questionários preenchidos recebem crítica para avaliação da consistência dos dados coletados. 10% dos questionários são separados, aleatoriamente, para serem submetidos à conferência com os entrevistados, medida que visa garantir a qualidade dos dados coletados. A consistência dos dados é verificada pelo seu conteúdo e lógica. ";"#NULO#"
"27/02/2023";"15:36:19";2014;3;"Eleições Gerais 2014";"MG";"MG";"MINAS GERAIS";"MG001952014";"2014-09-29 00:00:00";"#NE";"09283689000183";"PROMÍDIA PESQUISAS DE OPINIÃO PÚBLICA E MARKETING";"#NE";"Governador, Senador, Deputado Federal, Deputado Estadual";"2014-09-29 00:00:00";"2014-09-30 00:00:00";702;"7655 - A";"AUGUSTO DA SILVA ROCHA";"4000,00";"Será adotada a metodologia do tipo survey, com entrevistas domiciliares do tipo face-a-face. As entrevistas serão realizadas por meio de cotas proporcionais de acordo com o número de eleitores em cada setor censitário, do sexo, e da idade, de acordo com dados do Censo Demográfico de 2010. Os questionários previamente elaborados de acordo com o objetivo do estudo, realizado por esquisadores treinados para abordagem desta natureza. Público pesquisado: eleitores residentes e domiciliados no município de Passos/MG.";"consta de quotas proporcionais as existentes no universo de acordo com as variáveis, Região, Sexo, Faixa Etária. Escolaridade e Renda Familiar não são controladas nas quotas. Variável quanto a REGIÃO: proporcional ao setor censitário do IBGE. Variável quanto ao sexo: Masculino 48,7%, Feminino 51,3%. Idade 16 a 17 anos 4,5%, 18 a 24 anos 15,9%, 25 a 29 anos 11,1%, 30 a 39 anos 20,1%, 40 a 49 anos 18,7%, 50 anos ou mais 29,7%. Para um intervalo de confiança de 95% e um tamanho de amostra 702 entrevistas, a margem de erro máxima estimada foi 3,66 pontos percentuais, para mais ou para menos.";"Todos os questionários preenchidos recebem crítica para avaliação da consistência dos dados coletados. 20% dos questionários são separados, aleatoriamente, para ser submetida à conferência através de novos contatos com os entrevistados, medida sempre adotada e que visa garantir a qualidade e fidelidade dos dados coletados. A consistência dos dados é verificada pelo seu conteúdo e lógica.";"#NULO#"
"27/02/2023";"15:36:19";2014;3;"Eleições Gerais 2014";"MG";"MG";"MINAS GERAIS";"MG001782014";"2014-09-26 00:00:00";"#NE";"06154093000195";"Multidados comunicação Ltda";"#NE";"Governador, Senador, Deputado Federal, Deputado Estadual";"2014-09-28 00:00:00";"2014-09-30 00:00:00";414;"7683";"ELMO HENRIQUE DE MORAES";"3700,00";"MUNICÍPIO DE MANHUAÇU. Pesquisa quantitativa, que consiste na realização de entrevistas pessoais, com a aplicação de questionários estruturados e padronizados junto a uma amostra representativa do eleitorado do município de MANHUAÇU, ESTADO DE MINAS GERAIS.  O conjunto do eleitorado com 16 anos ou mais foi tomado como universo da pesquisa.";"Plano Amostral: MUNICÍPIO DE MANHUAÇU, ESTADO DE MINAS GERAIS 
A. PÚBLICO PESQUISADO: Eleitores da cidade de MANHUAÇU, município do Estado de Minas Gerais, onde a localidade foi dividida em regiões geográficas baseadas conforme o índice populacional do censo 2010 distribuído pelo IBGE.
B. TIPO DE AMOSTRA: A amostra é estratificada por cotas e representativa para o conjunto dos eleitores do município de MANHUAÇU, Estado de Minas Gerais. A amostra foi selecionada em três partes: 
1º parte: Seleção probabilística das regiões, através do método PPT (Probabilidade Proporcional ao Tamanho), tomando como base o número de eleitores de cada região do município. 
2º parte: Seleção aleatória dos setores censitários ou bairros dentro do município; 
3º parte: A seleção dos respondentes é feita dentro dos setores censitários, regiões ou bairros do município através quotas proporcionais de sexo, idade, escolaridade e renda familiar de acordo com o perfil da população em estudo no município.
As entrevistas são pessoais e possuem como base a fonte de dados do IBGE através do Censo 2010 e PNAD 2012, além do Cadastro de Eleitores 2014 do TSE. 
C. TAMANHO DA AMOSTRA: 414 entrevistas. 
D. PONDERAÇÃO: Devido à metodologia amostral adotada as proporções quanto a sexo, idade, escolaridade e renda familiar da amostra são as mesmas do universo pesquisado, com base no Censo Demográfico de 2010, IBGE e no Cadastro de Eleitores 2014 do TSE. Portanto, os fatores de ponderação a serem aplicados nas variáveis de sexo, idade, escolaridade e renda familiar assumem valor igual a 1(um). 
E. ÁREA FÍSICA DE REALIZAÇÃO DA PESQUISA: A ser informada e fornecida conforme artigo 2º, inciso X 5º § da Resolução 23.400 do Tribunal Superior Eleitoral TSE datada de 27 de dezembro de 2013. 
F. INTERVALO DE CONFIANÇA/MARGEM DE ERRO: O intervalo de confiança estimado é de 95% e a margem de erro máxima estimada é de 3,8 pontos percentuais para mais ou para menos sobre os resultados. 
";"As regiões da cidade de MANHUAÇU, município do Estado de Minas Gerais são verificados em relação a consistência dos dados, analisado individualmente cada entrevista realizada. Todo trabalho é feito em tabletes ou questionários eletrônicos e o programa utiliza numero fixos para todas as perguntas apresentadas. O sistema também utiliza dois códigos extras, o “97”, quando o entrevistado coloca nenhuma ou que vota em branco ou nulo. O outro código extra é o “98” que significa respostas indecisas, eleitores que não sabem ou que não responderam. Os códigos extras não podem ser aplicados nas perguntas básicas: Número do questionário, região, município, sexo, idade, escolaridade e renda familiar. O próprio questionário padrão a Multidados já apresenta os códigos que podem ser aplicados a cada pergunta. Outras respostas apresentadas pelo entrevistado recebem o código “98”. O programa do questionário Multidados não permite duas respostas numa mesma pergunta. Checagem: Logo após a realização da coleta de dados, é feito o trabalho de checagem das entrevistas junto aos respondentes. O objetivo é, sobretudo, garantir que as entrevistas foram realmente realizadas e verificadas. Há perguntas do questionário que são reproduzidas para certificarmos de sua correta aplicação e há outras questões que se referem exclusivamente ao desempenho do entrevistador(a). Para a realização da pesquisa será utilizada uma equipe de entrevistadores devidamente treinada para este trabalho. Após os trabalhos de campo, os questionários são submetidos a uma fiscalização que consiste na checagem de 10% dos questionários aplicados individualmente pelos entrevistadores, para verificação das respostas e da adequação dos entrevistados aos parâmetros amostrais. ";"A área de abrangência da coleta é a cidade de MANHUAÇU, município do Estado de Minas Gerais. A Relação de regiões e bairros selecionados para aplicação da amostra será apresentada até o 7º dia seguinte ao Registro da pesquisa, conforme expresso no art. 2º § 5º da resolução 23.400/2013 do TSE."
"27/02/2023";"15:36:19";2014;3;"Eleições Gerais 2014";"MG";"MG";"MINAS GERAIS";"MG001872014";"2014-09-27 00:00:00";"#NE";"00654576000172";",INSTITUTO   VERITÁ   LTDA  epp";"#NE";"Governador, Senador, Deputado Federal, Deputado Estadual";"2014-10-01 00:00:00";"2014-10-02 00:00:00";400;"7439 / 6ª Região";"Leonard Mendonça de Assis";"16000,00";"Pesquisa quantitativa, que consiste na realização de entrevistas pessoais, com a aplicação de questionários estruturados e padronizados junto a uma amostra representativa do eleitorado
";"a) Público pesquisado:
Eleitores residentes em UBERLÂNDIA e inscritos para votar no estado de MINAS GERAIS

b) Área física:
Perímetro urbano do município de Coromandel/MG

c) tipo de amostra:
A amostragem será realizada da seguinte forma:
1. Estratificação do município por agrupamento de bairros obedecendo critério geográfico
2. Tamanho de cada estrato foi definido proporcional ao número de eleitores inscritos em cada um destes
3. Seleção dos entrevistados utilizando entrevistas domiciliares obedecendo um quadro de idade e sexo gerado de maneira aleatória por um software estatístico, usando as proporções de idade e sexo descritas neste plano
4. Está prevista adoção de entrevistas em locais de trabalho ou em pontos de fluxo. Estes serão utilizados onde os locais sorteados não permitam adoção de entrevistas domiciliares

d)Ponderação:
Esta pesquisa é autoponderada (peso = 1), obedecendo as proporções descritas a seguir:

SEXO:
FEMININO 49,32% / MASCULINO 50,68%

Idade:
 FEMININO 	 16 A 24 ANOS 	14,65%	 MASCULINO 	 16 A 24 ANOS 	14,10%
 FEMININO 	 25 A 34 ANOS 	20,44%	 MASCULINO 	 25 A 34 ANOS 	20,61%
 FEMININO 	 35 A 44 ANOS 	20,76%	 MASCULINO 	 35 A 44 ANOS 	20,40%
 FEMININO 	 45 A 59 ANOS 	24,56%	 MASCULINO 	 45 A 59 ANOS 	26,20%
 FEMININO 	 60 ANOS OU MAIS 	19,59%	 MASCULINO 	 60 ANOS OU MAIS 	18,68%

Também está prevista ponderação por nivel econômico e instrução, obedecendo as proporções descritas a seguir:

Nível Econômico
FEMININO Não PEA 47,21% FEMININO PEA 52,79%
MASCULINO Não PEA 28,06% MASCULINO PEA 71,94%

Nível de Instrução

FEMININO Analfabeto até Ensino Médio incompleto 63,58%
FEMININO Ensino médio completo, superior ou mais 36,42%
MASCULINO Analfabeto até Ensino Médio incompleto 70,15%
MASCULINO Ensino médio completo, superior ou mais 29,85%

e) Intervalo de Confiança/Margem de Erro: Para este planejamento amostral, considerando-se um intervalo de confiança de 95%, é esperado um erro máximo de 4,9 pontos percentuais na estimação da proporção das intenções de voto dos candidatos. ";"Para a realização da pesquisa será utilizada uma equipe de entrevistadores e supervisores devidamente treinada para este trabalho. Após os trabalhos de campo, os questionários são submetidos a uma fiscalização que consiste no retorno a campo de 20% dos questionários aplicados individualmente pelos entrevistadores, para verificação das respostas e da adequação dos entrevistados aos parâmetros amostrais.";"#NULO#"
"27/02/2023";"15:36:19";2014;3;"Eleições Gerais 2014";"MG";"MG";"MINAS GERAIS";"MG000082014";"2014-01-27 00:00:00";"#NE";"09283689000183";"PROMÍDIA PESQUISAS DE OPINIÃO PÚBLICA E MARKETING";"#NE";"Governador, Deputado Federal, Deputado Estadual";"2014-01-25 00:00:00";"2014-01-27 00:00:00";300;"7948";"TARCÍSIO DA SILVA";"5000,00";"A abordagem utilizada consiste na aplicação de uma amostragem aleatória representativa da população residente em Aguanil/MG, controlada por três fatores: região geográfica, gênero e faixa etária. As ponderações quanto ao grau de instrução e nível econômico do entrevistado constarão do relatório final. A variável, nível econômico e grau de instrução não serão controlados no trabalho de campo, uma vez que os locais de entrevistas apresentam adequada representação do município e o espaço geográfico por si só já define o espaço social. Na fase de tabulação, compilação e análise dos dados proceder-se-á a uma verificação da relação dos referidos parâmetros, aplicando-se correções estatísticas onde se fizer necessário.";"Ponderação sexo e idade do entrevistado; Sexo; Masculino 50,6%, Feminino 49,4%; Idade 16 a 17 anos 3,6%, 18 a 24 anos 14,0%, 25 a 29 anos 10,0%, 30 a 39 anos 18,0%, 40 a 49 anos 18,6%, 50 anos ou mais 35,8%. Para um intervalo de confiança de 95% e um tamanho de amostra 300 entrevistas, a margem de erro máxima estimada foi 5,5 pontos percentuais, para mais ou para menos.";"Todos os questionários preenchidos recebem crítica para avaliação da consistência dos dados coletados. 20% dos questionários são separados, aleatoriamente, para ser submetida à conferência através de novos contatos com os entrevistados, medida sempre adotada e que visa garantir a qualidade e fidelidade dos dados coletados. A consistência dos dados é verificada pelo seu conteúdo e lógica. ";"#NULO#"
"27/02/2023";"15:36:19";2014;3;"Eleições Gerais 2014";"MG";"MG";"MINAS GERAIS";"MG000202014";"2014-05-20 00:00:00";"#NE";"09283689000183";"PROMÍDIA PESQUISAS DE OPINIÃO PÚBLICA E MARKETING";"#NE";"Governador, Deputado Federal, Deputado Estadual";"2014-05-10 00:00:00";"2014-05-13 00:00:00";273;"CONRE 7655 - A ";"AUGUSTO DA SILVA ROCHA";"7500,00";"Será adotada a metodologia do tipo “survey”, com entrevistas domiciliares do tipo face-a-face. As entrevistas serão realizadas por meio de cotas proporcionais de acordo com o número de eleitores em cada setor censitário, do sexo, e da idade, de acordo com dados do Censo Demográfico de 2010. Os questionários previamente elaborados de acordo com o objetivo do estudo, realizado por pesquisadores treinados para abordagem desta natureza. Público pesquisado: eleitores residentes e domiciliados no município de Campo Belo/MG.";"O plano amostral consta de quotas proporcionais as existentes no universo de acordo com as variáveis, Região, Sexo, Faixa Etária. Escolaridade e Renda Familiar não são controladas nas quotas. Variável quanto a REGIÃO: proporcional ao setor censitário do IBGE. Variável quanto ao sexo: Masculino 40%, Feminino 60%. Idade 16 a 17 anos 4,3%, 18 a 24 anos 10,6%, 25 a 29 anos 14,6%, 30 a 39 anos 17,9%, 40 a 49 anos 21,6%, 50 anos ou mais 31,0%. Para um intervalo de confiança de 95% e um tamanho de amostra 273 entrevistas, a margem de erro máxima estimada foi 5,5 pontos percentuais, para mais ou para menos.";"Todos os questionários preenchidos recebem crítica para avaliação da consistência dos dados coletados. 20% dos questionários são separados, aleatoriamente, para ser submetida à conferência através de novos contatos com os entrevistados, medida sempre adotada e que visa garantir a qualidade e fidelidade dos dados coletados. A consistência dos dados é verificada pelo seu conteúdo e lógica. ";"#NULO#"
"27/02/2023";"15:36:19";2014;3;"Eleições Gerais 2014";"MG";"MG";"MINAS GERAIS";"MG000282014";"2014-05-30 00:00:00";"#NE";"09283689000183";"PROMÍDIA PESQUISAS DE OPINIÃO PÚBLICA E MARKETING";"#NE";"Governador, Deputado Federal, Deputado Estadual";"2014-05-27 00:00:00";"2014-05-29 00:00:00";350;"7655 - A ";"AUGUSTO DA SILVA ROCHA";"7900,00";"Será adotada a metodologia do tipo “survey”, com entrevistas domiciliares do tipo face-a-face. As entrevistas serão realizadas por meio de cotas proporcionais de acordo com o número de eleitores em cada setor censitário, do sexo, e da idade, de acordo com dados do Censo Demográfico de 2010. Os questionários previamente elaborados de acordo com o objetivo do estudo, realizado por pesquisadores treinados para abordagem desta natureza. Público pesquisado: eleitores residentes e domiciliados no município de Guapé/MG.";"O plano amostral consta de quotas proporcionais as existentes no universo de acordo com as variáveis, Região, Sexo, Faixa Etária. Escolaridade e Renda Familiar não são controladas nas quotas. Variável quanto a REGIÃO: proporcional ao setor censitário do IBGE. Variável quanto ao sexo: Masculino 53%, Feminino 47%. Idade 16 a 17 anos 4%, 18 a 24 anos 14%, 25 a 29 anos 9,7%, 30 a 39 anos 18,2%, 40 a 49 anos 17,1%, 50 anos ou mais 37%. Para um intervalo de confiança de 95% e um tamanho de amostra 350 entrevistas, a margem de erro máxima estimada foi 5,3 pontos percentuais, para mais ou para menos.";"Todos os questionários preenchidos recebem crítica para avaliação da consistência dos dados coletados. 20% dos questionários são separados, aleatoriamente, para ser submetida à conferência através de novos contatos com os entrevistados, medida sempre adotada e que visa garantir a qualidade e fidelidade dos dados coletados. A consistência dos dados é verificada pelo seu conteúdo e lógica. 

";"ÁREA URBANA (SEDE DO MUNICÍPIO)
ÁREA RURAL "
"27/02/2023";"15:36:19";2014;3;"Eleições Gerais 2014";"MG";"MG";"MINAS GERAIS";"MG000342014";"2014-05-30 00:00:00";"#NE";"09028982000102";"Instituto Ver Pesquisa e Comunicação Ltda";"#NE";"Governador, Senador, Deputado Federal, Deputado Estadual";"2014-05-31 00:00:00";"2014-06-02 00:00:00";400;"7822 ";"Nilson Jose Batista";"12800,00";"A metodologia utilizada foi pesquisa de opinião quantitativa, com realização de entrevistas pessoais e domiciliares através de questionário estruturado com pesquisadores treinados para o tipo de pesquisa em questão.
A pesquisa será realizada entre os dias 31 de maio e 02 de junho de 2014.
";"Serão realizadas 400 (quatrocentas) entrevistas com os eleitores, capazes de gerar resultados representativos para o conjunto de eleitores de Lavras. A amostra para o município (400 entrevistas) será selecionada a partir de quotas amostrais, proporcionais a partir de variáveis significativas, a saber sexo e faixa etária. A amostra será coletada seguindo proporcionalmente a distribuição de homens e mulheres (Masculino 48%; Feminino: 52%) e faixa etária (16 e 17 anos: 1%; 18 a 24 anos: 15%; 25 a 34 anos: 23%; 35 a 44 anos: 19%; 45 a 59 anos: 25%; 60 anos ou mais: 17%) dos eleitores, dados estes fornecidos pelo site do TSE.Devido à metodologia amostral adotada, a pesquisa é auto-ponderada, ou seja, as proporções do universo pesquisado estão previstas na amostra, não sendo necessário nenhum tipo de ponderação quanto à sexo, idade, grau de instrução e nível econômico dos respondentes.Área física de realização dos trabalhos: Município de Lavras. A seleção foi feita a partir de setores censitários e os respectivos números dos setores serão encaminhados a esta zona eleitoral posteriormente, junto com a apresentação dos resultados.
A margem de erro estimada é de ± 5,0 % e o intervalo de confiança é de 95%.



";"A coleta de dados será realizada entre os dias 31 de maio e 02 de junho de 2014 por entrevistadores e supervisores contratados pelo Instituto Ver Pesquisa e Comunicação Ltda devidamente treinados para o tipo de trabalho. Serão checados 20% dos questionários realizados por cada entrevistador através de entrevistas pessoais e por telefone para verificação das respostas e da adequação dos entrevistadores aos parâmetros amostrais.";"#NULO#"
"27/02/2023";"15:36:19";2014;3;"Eleições Gerais 2014";"MG";"MG";"MINAS GERAIS";"MG000582014";"2014-07-25 00:00:00";"#NE";"68802370000186";"IBOPE INTELIGÊNCIA PESQUISA E CONSULTORIA LTDA. ";"#NE";"Governador, Senador";"2014-07-26 00:00:00";"2014-07-30 00:00:00";1512;"6208-A";"Márcia Cavallari Nunes";"101152,80";"Pesquisa quantitativa, que consiste na realização de entrevistas pessoais, com a aplicação de questionário estruturado junto a uma amostra representativa do eleitorado em estudo.";"Representativo do eleitorado da área em estudo, elaborada em três estágios. No primeiro estágio faz-se um sorteio probabilístico dos municípios, onde as entrevistas serão realizadas, pelo método PPT (Probabilidade Proporcional ao Tamanho), tomando o eleitorado como base para tal seleção. No segundo estágio faz-se um sorteio probabilístico dos setores censitários, onde as entrevistas serão realizadas, pelo método PPT (Probabilidade Proporcional ao Tamanho), tomando a população de 16 anos ou mais residente nos setores como base para tal seleção. No terceiro e último estágio, dentro dos setores sorteados, os respondentes são selecionados através de quotas amostrais proporcionais em função de variáveis significativas, a saber: IDADE: 16-24 (masculino) 20% (feminino) 18%; 25-34 (masculino) 24% (feminino) 24%; 35-44 (masculino) 20% (feminino) 20%; 45-54 (masculino) 17% (feminino) 17%; 55 e+ (masculino) 19% (feminino) 21%; INSTRUÇÃO: Até Ensino Médio (masculino) 86% (feminino) 80%; Ensino Superior (masculino) 14% (feminino) 20%; NÍVEL ECONÔMICO: Economicamente ativo (masculino) 81% (feminino) 59%; Não Economicamente ativo (masculino) 19% (feminino) 41%. Está prevista eventual ponderação para correção das variáveis sexo e idade, com base nos percentuais anteriormente mencionados, caso ocorram diferenças superiores a 3 pontos percentuais entre o previsto na amostra e a coleta de dados realizada. Para as variáveis de grau de instrução e nível econômico do entrevistado, o fator previsto para ponderação é 1 (resultados obtidos em campo). O nível de confiança estimado é de 95% e a margem de erro máxima estimada considerando um modelo de amostragem aleatório simples, é de 3 (três) pontos percentuais para mais ou para menos sobre os resultados encontrados no total da amostra. FONTE DOS DADOS: Censo 2010 | PNAD 2012 | TSE 2012 | Entre outras.";"Para a realização da pesquisa, utiliza-se uma equipe de entrevistadores e supervisores contratados pelo IBOPE INTELIGÊNCIA PESQUISA E CONSULTORIA LTDA. devidamente treinados para o trabalho. Após os trabalhos de campo, os questionários são submetidos a uma fiscalização de cerca de 20% (vinte por cento) dos questionários aplicados pelos entrevistadores; para verificação das respostas e da adequação dos entrevistadores aos parâmetros amostrais.";"A área de abrangência da coleta é o Estado de Minas Gerais. A relação dos municípios selecionados para aplicação da amostra será apresentada até o 7º dia seguinte ao registro da pesquisa, conforme expresso no art. 2º, §5º da Resolução 23.400/2013 do TSE."
"27/02/2023";"15:36:19";2014;3;"Eleições Gerais 2014";"MG";"MG";"MINAS GERAIS";"MG000692014";"2014-08-21 00:00:00";"#NE";"68802370000186";"IBOPE INTELIGÊNCIA PESQUISA E CONSULTORIA LTDA. ";"#NE";"Governador, Senador";"2014-08-23 00:00:00";"2014-08-26 00:00:00";1806;"6208-A";"Márcia Cavallari Nunes";"120821,40";"Pesquisa quantitativa, que consiste na realização de entrevistas pessoais com a aplicação de questionário estruturado junto a uma amostra representativa do eleitorado em estudo.";"Representativa do eleitorado da área em estudo, elaborada em três estágios.
No primeiro estágio faz-se um sorteio probabilístico nos municípios, onde as entrevistas serão realizadas, pelo método PPT (Probabilidade Proporcional ao Tamanho), tomando o eleitorado como base para tal seleção.
No segundo estágio faz-se um sorteio probabilístico dos setores censitários, onde as entrevistas serão realizadas, pelo método PPT (Probabilidade Proporcional ao Tamanho), tomando a população de 16 anos ou mais residente nos setores como base para tal seleção.
No terceiro e último estágio, dentro dos setores sorteados, os respondentes são selecionados através de quotas amostrais proporcionais em função de variáveis significativas, a saber: IDADE: 16-24 (masculino) 19% (feminino) 18%; 25-34 (masculino) 25% (feminino) 25%; 35-44 (masculino) 20% (feminino) 20%; 45-54 (masculino) 17% (feminino) 18%; 55 e+ (masculino) 18% (feminino) 20%; INSTRUÇÃO: Até Ensino Médio (masculino) 85% (feminino) 80%; Ensino Superior (masculino) 15% (feminino) 20%; NÍVEL ECONÔMICO: Economicamente ativo (masculino) 82% (feminino) 60%; Não Economicamente ativo (masculino) 18% (feminino) 40%. 
Está prevista eventual ponderação para correção das variáveis sexo e idade, com base nos percentuais anteriormente mencionados, caso ocorram diferenças superiores a 3 pontos percentuais entre o previsto na amostra e a coleta de dados realizada. Para as variáveis de grau de instrução e nível econômico do entrevistado, o fator previsto para ponderação é 1 (resultados obtidos em campo). O nível de confiança estimado é de 95% e a margem de erro máxima estimada considerando um modelo de amostragem aleatório simples, é de 2 (dois) pontos percentuais para mais ou para menos sobre os resultados encontrados no total da amostra.
FONTE DOS DADOS: Censo 2010 | PNAD 2012 | TSE 2014| Entre outras.
";"Para a realização da pesquisa, utiliza-se uma equipe de entrevistadores e supervisores contratados pelo IBOPE INTELIGÊNCIA PESQUISA E CONSULTORIA LTDA. devidamente treinados para o trabalho. Após os trabalhos de campo, os questionários são submetidos a uma fiscalização de cerca de 20% (vinte por cento) dos questionários aplicados pelos entrevistadores; para verificação das respostas e da adequação dos entrevistados aos parâmetros amostrais.";"A área de abrangência da coleta é o Estado de Minas Gerais. A Relação de municípios selecionados para aplicação da amostra será apresentada até o 7º dia seguinte ao Registro da pesquisa, conforme expresso no art. 2º § 5º da resolução 23.400/2013 do TSE."
"27/02/2023";"15:36:19";2014;3;"Eleições Gerais 2014";"MG";"MG";"MINAS GERAIS";"MG001252014";"2014-09-23 00:00:00";"#NE";"09283689000183";"PROMÍDIA PESQUISAS DE OPINIÃO PÚBLICA E MARKETING";"#NE";"Governador, Senador, Deputado Federal, Deputado Estadual";"2014-09-19 00:00:00";"2014-09-25 00:00:00";216;"7655 - A";"AUGUSTO DA SILVA ROCHA";"4360,00";"Será adotada a metodologia do tipo “survey”, com entrevistas domiciliares do tipo face-a-face. As entrevistas serão realizadas por meio de cotas proporcionais de acordo com o número de eleitores em cada setor censitário, do sexo, e da idade, de acordo com dados do Censo Demográfico de 2010. Os questionários previamente elaborados de acordo com o objetivo do estudo, realizado por pesquisadores treinados para abordagem desta natureza. Público pesquisado: eleitores residentes e domiciliados no município de Cabo Verde/MG.";"O plano amostral consta de quotas proporcionais as existentes no universo de acordo com as variáveis, Região, Sexo, Faixa Etária. Escolaridade e Renda Familiar não são controladas nas quotas. Variável quanto a REGIÃO: proporcional ao setor censitário do IBGE. Variável quanto ao sexo: Masculino 54,6%, Feminino 45,4%. Idade 16 a 17 anos 5,1%, 18 a 24 anos 17,6%, 25 a 29 anos 11,6%, 30 a 39 anos 20,4%, 40 a 49 anos 17,6%, 50 anos ou mais 27,8%. Para um intervalo de confiança de 95% e um tamanho de amostra 216 entrevistas, a margem de erro máxima estimada foi 6,6 pontos percentuais, para mais ou para menos.";"Todos os questionários preenchidos recebem crítica para avaliação da consistência dos dados coletados. 20% dos questionários são separados, aleatoriamente, para ser submetida à conferência através de novos contatos com os entrevistados, medida sempre adotada e que visa garantir a qualidade e fidelidade dos dados coletados. A consistência dos dados é verificada pelo seu conteúdo e lógica. 

";"#NULO#"
"27/02/2023";"15:36:19";2014;3;"Eleições Gerais 2014";"MG";"MG";"MINAS GERAIS";"MG001572014";"2014-09-24 00:00:00";"#NE";"09283689000183";"PROMÍDIA PESQUISAS DE OPINIÃO PÚBLICA E MARKETING";"#NE";"Governador, Senador, Deputado Federal, Deputado Estadual";"2014-09-24 00:00:00";"2014-09-26 00:00:00";531;"7655 - A";"AUGUSTO DA SILVA ROCHA";"3000,00";"Será adotada a metodologia do tipo “survey”, com entrevistas domiciliares do tipo face-a-face. As entrevistas serão realizadas por meio de cotas proporcionais de acordo com o número de eleitores em cada setor censitário, do sexo, e da idade, de acordo com dados do Censo Demográfico de 2010. Os questionários previamente elaborados de acordo com o objetivo do estudo, realizado por pesquisadores treinados para abordagem desta natureza. Público pesquisado: eleitores residentes e domiciliados no município de Alterosa/MG.";"O plano amostral consta de quotas proporcionais as existentes no universo de acordo com as variáveis, Região, Sexo, Faixa Etária. Escolaridade e Renda Familiar não são controladas nas quotas. Variável quanto a REGIÃO: proporcional ao setor censitário do IBGE. Variável quanto ao sexo: Masculino 51,4%, Feminino 48,6%. Idade 16 a 17 anos 4,5%, 18 a 24 anos 14,7%, 25 a 29 anos 10,2%, 30 a 39 anos 19,6%, 40 a 49 anos 18,3%, 50 anos ou mais 32,8%. Para um intervalo de confiança de 95% e um tamanho de amostra 531 entrevistas, a margem de erro máxima estimada foi 4,15 pontos percentuais, para mais ou para menos.";"Todos os questionários preenchidos recebem crítica para avaliação da consistência dos dados coletados. 20% dos questionários são separados, aleatoriamente, para ser submetida à conferência através de novos contatos com os entrevistados, medida sempre adotada e que visa garantir a qualidade e fidelidade dos dados coletados. A consistência dos dados é verificada pelo seu conteúdo e lógica. 

";"#NULO#"
"27/02/2023";"15:36:19";2014;3;"Eleições Gerais 2014";"MG";"MG";"MINAS GERAIS";"MG001422014";"2014-09-23 00:00:00";"#NE";"09283689000183";"PROMÍDIA PESQUISAS DE OPINIÃO PÚBLICA E MARKETING";"#NE";"Governador, Senador, Deputado Federal, Deputado Estadual";"2014-09-24 00:00:00";"2014-09-26 00:00:00";523;"7655 - A";"AUGUSTO DA SILVA ROCHA";"5800,00";"Será adotada a metodologia do tipo “survey”, com entrevistas domiciliares do tipo face-a-face. As entrevistas serão realizadas por meio de cotas proporcionais de acordo com o número de eleitores em cada setor censitário, do sexo, e da idade, de acordo com dados do Censo Demográfico de 2010. Os questionários previamente elaborados de acordo com o objetivo do estudo, realizado por pesquisadores treinados para abordagem desta natureza. Público pesquisado: eleitores residentes e domiciliados no município de Guaxupé/MG.";"O plano amostral consta de quotas proporcionais as existentes no universo de acordo com as variáveis, Região, Sexo, Faixa Etária. Escolaridade e Renda Familiar não são controladas nas quotas. Variável quanto a REGIÃO: proporcional ao setor censitário do IBGE. Variável quanto ao sexo: Masculino 51,4%, Feminino 48,6%. Idade 16 a 17 anos 4,6%, 18 a 24 anos 15,9%, 25 a 29 anos 10,9%, 30 a 39 anos 19,3%, 40 a 49 anos 18,4%, 50 anos ou mais 31,0%. Para um intervalo de confiança de 95% e um tamanho de amostra 523 entrevistas, a margem de erro máxima estimada foi 4,25 pontos percentuais, para mais ou para menos.";"Todos os questionários preenchidos recebem crítica para avaliação da consistência dos dados coletados. 20% dos questionários são separados, aleatoriamente, para ser submetida à conferência através de novos contatos com os entrevistados, medida sempre adotada e que visa garantir a qualidade e fidelidade dos dados coletados. A consistência dos dados é verificada pelo seu conteúdo e lógica. 

";"#NULO#"
"27/02/2023";"15:36:19";2014;3;"Eleições Gerais 2014";"MG";"MG";"MINAS GERAIS";"MG001512014";"2014-09-24 00:00:00";"#NE";"09283689000183";"PROMÍDIA PESQUISAS DE OPINIÃO PÚBLICA E MARKETING";"#NE";"Governador, Senador, Deputado Federal, Deputado Estadual";"2014-09-24 00:00:00";"2014-09-26 00:00:00";416;"7655 - A";"AUGUSTO DA SILVA ROCHA";"3000,00";"Será adotada a metodologia do tipo “survey”, com entrevistas domiciliares do tipo face-a-face. As entrevistas serão realizadas por meio de cotas proporcionais de acordo com o número de eleitores em cada setor censitário, do sexo, e da idade, de acordo com dados do Censo Demográfico de 2010. Os questionários previamente elaborados de acordo com o objetivo do estudo, realizado por pesquisadores treinados para abordagem desta natureza. Público pesquisado: eleitores residentes e domiciliados no município de Monte Santo de Minas/MG";"O plano amostral consta de quotas proporcionais as existentes no universo de acordo com as variáveis, Região, Sexo, Faixa Etária. Escolaridade e Renda Familiar não são controladas nas quotas. Variável quanto a REGIÃO: proporcional ao setor censitário do IBGE. Variável quanto ao sexo: Masculino 50,2%, Feminino 49,8%. Idade 16 a 17 anos 4,3%, 18 a 24 anos 14,4%, 25 a 29 anos 10,3%, 30 a 39 anos 18,5%, 40 a 49 anos 18,0%, 50 anos ou mais 34,4%. Para um intervalo de confiança de 95% e um tamanho de amostra 416 entrevistas, a margem de erro máxima estimada foi 4,7 pontos percentuais, para mais ou para menos.";"Todos os questionários preenchidos recebem crítica para avaliação da consistência dos dados coletados. 20% dos questionários são separados, aleatoriamente, para ser submetida à conferência através de novos contatos com os entrevistados, medida sempre adotada e que visa garantir a qualidade e fidelidade dos dados coletados. A consistência dos dados é verificada pelo seu conteúdo e lógica. 

";"#NULO#"
"27/02/2023";"15:36:19";2014;3;"Eleições Gerais 2014";"MG";"MG";"MINAS GERAIS";"MG001622014";"2014-09-25 00:00:00";"#NE";"09283689000183";"PROMÍDIA PESQUISAS DE OPINIÃO PÚBLICA E MARKETING";"#NE";"Governador, Senador, Deputado Federal, Deputado Estadual";"2014-09-19 00:00:00";"2014-09-25 00:00:00";214;"7655 - A";"AUGUSTO DA SILVA ROCHA";"4600,00";"Será adotada a metodologia do tipo “survey”, com entrevistas domiciliares do tipo face-a-face. As entrevistas serão realizadas por meio de cotas proporcionais de acordo com o número de eleitores em cada setor censitário, do sexo, e da idade, de acordo com dados do Censo Demográfico de 2010. Os questionários previamente elaborados de acordo com o objetivo do estudo, realizado por pesquisadores treinados para abordagem desta natureza. Público pesquisado: eleitores residentes e domiciliados no município de Bom Jesus da Penha/MG.";"O plano amostral consta de quotas proporcionais as existentes no universo de acordo com as variáveis, Região, Sexo, Faixa Etária. Escolaridade e Renda Familiar não são controladas nas quotas. Variável quanto a REGIÃO: proporcional ao setor censitário do IBGE. Variável quanto ao sexo: Masculino 52,0%, Feminino 48,0%. Idade 16 a 17 anos 4,4%, 18 a 24 anos 12,9%, 25 a 29 anos 9,6%, 30 a 39 anos 19,6%, 40 a 49 anos 20,1%, 50 anos ou mais 33,4%. Para um intervalo de confiança de 95% e um tamanho de amostra 214 entrevistas, a margem de erro máxima estimada foi 6,6 pontos percentuais, para mais ou para menos.";"Todos os questionários preenchidos recebem crítica para avaliação da consistência dos dados coletados. 20% dos questionários são separados, aleatoriamente, para ser submetida à conferência através de novos contatos com os entrevistados, medida sempre adotada e que visa garantir a qualidade e fidelidade dos dados coletados. A consistência dos dados é verificada pelo seu conteúdo e lógica. 

";"#NULO#"
"27/02/2023";"15:36:19";2014;3;"Eleições Gerais 2014";"MG";"MG";"MINAS GERAIS";"MG001722014";"2014-09-26 00:00:00";"#NE";"09283689000183";"PROMÍDIA PESQUISAS DE OPINIÃO PÚBLICA E MARKETING";"#NE";"Governador, Senador, Deputado Federal, Deputado Estadual";"2014-09-24 00:00:00";"2014-09-26 00:00:00";700;"7655 - A";"AUGUSTO DA SILVA ROCHA";"9600,00";"Será adotada a metodologia do tipo “survey”, com entrevistas domiciliares do tipo face-a-face. As entrevistas serão realizadas por meio de cotas proporcionais de acordo com o número de eleitores em cada setor censitário, do sexo, e da idade, de acordo com dados do Censo Demográfico de 2010. Os questionários previamente elaborados de acordo com o objetivo do estudo, realizado por pesquisadores treinados para abordagem desta natureza. Público pesquisado: eleitores residentes e domiciliados no município de ALFENAS/MG.";"O plano amostral consta de quotas proporcionais as existentes no universo de acordo com as variáveis, Região, Sexo, Faixa Etária. Escolaridade e Renda Familiar não são controladas nas quotas. Variável quanto a REGIÃO: proporcional ao setor censitário do IBGE. Variável quanto ao sexo: Masculino 48,2%, Feminino 51,8%. Idade 16 a 17 anos 4,6%, 18 a 24 anos 17,1%, 25 a 29 anos 11,8%, 30 a 39 anos 21,0%, 40 a 49 anos 19,7%, 50 anos ou mais 25,8%. Para um intervalo de confiança de 95% e um tamanho de amostra 700 entrevistas, a margem de erro máxima estimada foi 3,7 pontos percentuais, para mais ou para menos.";"Todos os questionários preenchidos recebem crítica para avaliação da consistência dos dados coletados. 20% dos questionários são separados, aleatoriamente, para ser submetida à conferência através de novos contatos com os entrevistados, medida sempre adotada e que visa garantir a qualidade e fidelidade dos dados coletados. A consistência dos dados é verificada pelo seu conteúdo e lógica. 

";"ÁREA URBANA
ÁREA RURAL"
"27/02/2023";"15:36:19";2014;3;"Eleições Gerais 2014";"MG";"MG";"MINAS GERAIS";"MG001152014";"2014-09-19 00:00:00";"#NE";"07630546000175";"DATAFOLHA INSTITUTO DE PESQUISAS LTDA.";"#NE";"Governador, Senador";"2014-09-25 00:00:00";"2014-09-26 00:00:00";1458;"72.49A";"Renata Nunes César";"145800,00";"Pesquisa do tipo quantitativo, por amostragem, com aplicação de questionário estruturado e abordagem pessoal em pontos de fluxo populacional. O conjunto do eleitorado do Estado de Minas Gerais com 16 anos ou mais foi tomado como universo da pesquisa.";"Universo: Eleitorado do Estado de Minas Gerais, com 16 anos ou mais. Tamanho da amostra: A amostra prevista é de 1.458 entrevistas. Técnica de amostragem: A amostra é estratificada por porte dos municípios e natureza dos municípios (região metropolitana ou interior). Em cada estrato, num primeiro estágio, são sorteados os municípios que farão parte do levantamento. Num segundo estágio, são sorteados os bairros e pontos de abordagem onde serão aplicadas as entrevistas.  Por fim, os entrevistados são selecionados aleatoriamente para responder ao questionário, de acordo com cotas de sexo e faixa etária. Nessa amostra, o estrato referente à capital foi desproporcionalizado para permitir detalhamento. Nos resultados finais, as corretas proporções serão restabelecidas através de ponderação. A amostra prevista é de 1.458 questionários, sendo 416 na capital. Os dados utilizados para definição e seleção da amostra são baseados no TSE (eleitorado julho 2014) e IBGE (Censo 2010 e Estimativas 2014). Os dados relativos a sexo e faixa etária são: Sexo masculino 48%, feminino: 52%, 16 a 24 anos 15%, 25 a 34 anos 22%, 35 a 44 anos 20%, 45 a 59 anos 25% e 60 anos ou mais 18%. Ponderação dos resultados: No processamento dos dados é realizada ponderação referente à proporção de cada cidade na amostra para correta representação. Está prevista a eventual ponderação para correção nos tamanhos dos segmentos da tabela acima considerando as variáveis sexo e faixa etária. Para as variáveis grau de instrução e nível econômico do entrevistado (renda familiar mensal), o fator previsto para ponderação é 1 (resultados obtidos em campo). Área física: Serão realizadas entrevistas em 63 municípios, localizados no Estado de Minas Gerais. Margem de Erro: A margem de erro máxima prevista é de 3 pontos percentuais para mais ou para menos, considerando um nível de confiança de 95%. Os intervalos de confiança serão calculados considerando os resultados obtidos para um nível de confiança de 95%.";"Os pesquisadores envolvidos na realização desta pesquisa são treinados pelo Instituto e recebem instruções específicas para cada projeto realizado. A maior parte da coleta será feita com a utilização de tablet e questionário eletrônico. São checados, no mínimo, 30% dos questionários de cada pesquisador, seja in loco por supervisores de campo ou, posteriormente, por telefone. Internamente, todo o material é verificado e codificado. Antes do processamento final e emissão dos resultados, realiza-se processo de consistência dos dados.";"A relação completa dos municípios e bairros pesquisados será encaminhada a esse tribunal posteriormente, até o sétimo dia seguinte à data de registro da pesquisa, conforme a Resolução 23.400/2013 do TSE, no art.2º §5º."
"27/02/2023";"15:36:19";2014;3;"Eleições Gerais 2014";"MG";"MG";"MINAS GERAIS";"MG000232014";"2014-05-21 00:00:00";"#NE";"09283689000183";"PROMÍDIA PESQUISAS DE OPINIÃO PÚBLICA E MARKETING";"#NE";"Governador, Deputado Federal, Deputado Estadual";"2014-05-17 00:00:00";"2014-05-19 00:00:00";316;"7655 - A ";"AGUSTO DA SILVA ROCHA";"7200,00";"Será adotada a metodologia do tipo “survey”, com entrevistas domiciliares do tipo face-a-face. As entrevistas serão realizadas por meio de cotas proporcionais de acordo com o número de eleitores em cada setor censitário, do sexo, e da idade, de acordo com dados do Censo Demográfico de 2010. Os questionários previamente elaborados de acordo com o objetivo do estudo, realizado por pesquisadores treinados para abordagem desta natureza. Público pesquisado: eleitores residentes e domiciliados no município de Piumhi/MG.";"O plano amostral consta de quotas proporcionais as existentes no universo de acordo com as variáveis, Região, Sexo, Faixa Etária. Escolaridade e Renda Familiar não são controladas nas quotas. Variável quanto a REGIÃO: proporcional ao setor censitário do IBGE. Variável quanto ao sexo: Masculino 49,7%, Feminino 50,3%. Idade 16 a 17 anos 4,1%, 18 a 24 anos 14,9%, 25 a 29 anos 11,4%, 30 a 39 anos 19,6%, 40 a 49 anos 19%, 50 anos ou mais 31%. Para um intervalo de confiança de 95% e um tamanho de amostra 316 entrevistas, a margem de erro máxima estimada foi 5,5 pontos percentuais, para mais ou para menos.";"Todos os questionários preenchidos recebem crítica para avaliação da consistência dos dados coletados. 20% dos questionários são separados, aleatoriamente, para ser submetida à conferência através de novos contatos com os entrevistados, medida sempre adotada e que visa garantir a qualidade e fidelidade dos dados coletados. A consistência dos dados é verificada pelo seu conteúdo e lógica. 

";"#NULO#"
"27/02/2023";"15:36:19";2014;3;"Eleições Gerais 2014";"MG";"MG";"MINAS GERAIS";"MG000302014";"2014-05-30 00:00:00";"#NE";"09283689000183";"PROMÍDIA PESQUISAS DE OPINIÃO PÚBLICA E MARKETING";"#NE";"Governador, Deputado Federal, Deputado Estadual";"2014-05-22 00:00:00";"2014-05-24 00:00:00";411;"7655 - A";"AUGUSTO DA SILVA ROCHA";"9500,00";"Será adotada a metodologia do tipo “survey”, com entrevistas domiciliares do tipo face-a-face. As entrevistas serão realizadas por meio de cotas proporcionais de acordo com o número de eleitores em cada setor censitário, do sexo, e da idade, de acordo com dados do Censo Demográfico de 2010. Os questionários previamente elaborados de acordo com o objetivo do estudo, realizado por pesquisadores treinados para abordagem desta natureza. Público pesquisado: eleitores residentes e domiciliados no município de Varginha/MG.";"O plano amostral consta de quotas proporcionais as existentes no universo de acordo com as variáveis, Região, Sexo, Faixa Etária. Escolaridade e Renda Familiar não são controladas nas quotas. Variável quanto a REGIÃO: proporcional ao setor censitário do IBGE. Variável quanto ao sexo: Masculino 48,0%, Feminino 52,0%. Idade 16 a 17 anos 4,2%, 18 a 24 anos 15,9%, 25 a 29 anos 11,9%, 30 a 39 anos 21,0%, 40 a 49 anos 18,3%, 50 anos ou mais 28,7%. Para um intervalo de confiança de 95% e um tamanho de amostra 411 entrevistas, a margem de erro máxima estimada foi 4,9 pontos percentuais, para mais ou para menos.";"Todos os questionários preenchidos recebem crítica para avaliação da consistência dos dados coletados. 20% dos questionários são separados, aleatoriamente, para ser submetida à conferência através de novos contatos com os entrevistados, medida sempre adotada e que visa garantir a qualidade e fidelidade dos dados coletados. A consistência dos dados é verificada pelo seu conteúdo e lógica. ";"Centro
Floresta
Jardim Andere 
Vale dos Ipês
Santa Luíza
Canaã
Fátima
Catanduvas
Vila Pinto
Bela Vista
Boa Vista
Bom Pastor
Campos Elíseos
Barcelona
Santa Maria
Vargem
Cidade Nova
Santana
Sion
Padre Vitor
Damasco
Centenário
Rezende
Parque de Exposições
Imaculada Conceição
Urupês
Industrial Miguel de Luca
Industrial JK
Parque Mariela
Jardim Áurea
Área Urbana XXXI - Parque Rinaldo
Área Urbana XXX-Corcetti
Área Urbana XVII - Pinheiros
ÁREA RURAL
"
"27/02/2023";"15:36:19";2014;3;"Eleições Gerais 2014";"MG";"MG";"MINAS GERAIS";"MG000632014";"2014-08-08 00:00:00";"#NE";"07630546000175";"DATAFOLHA INSTITUTO DE PESQUISAS LTDA.";"#NE";"Governador, Senador";"2014-08-12 00:00:00";"2014-08-14 00:00:00";1248;"72.49A";"Renata Nunes César";"145800,00";"Pesquisa do tipo quantitativo, por amostragem, com aplicação de questionário estruturado e abordagem pessoal em pontos de fluxo populacional. O conjunto do eleitorado do Estado de Minas Gerais com 16 anos ou mais foi tomado como universo da pesquisa.";"Universo: Eleitorado do Estado de Minas Gerais, com 16 anos ou mais. Tamanho da amostra: A amostra prevista é de 1.248 entrevistas. Técnica de amostragem: A amostra é estratificada por porte dos municípios e natureza dos municípios (região metropolitana ou interior). Em cada estrato, num primeiro estágio, são sorteados os municípios que farão parte do levantamento. Num segundo estágio, são sorteados os bairros e pontos de abordagem onde serão aplicadas as entrevistas.  Por fim, os entrevistados são selecionados aleatoriamente para responder ao questionário, de acordo com cotas de sexo e faixa etária. Nessa amostra, o estrato referente à capital foi desproporcionalizado para permitir detalhamento. Nos resultados finais, as corretas proporções serão restabelecidas através de ponderação. A amostra prevista é de 1.248 questionários, sendo 416 na capital. Os dados utilizados para definição e seleção da amostra são baseados no TSE (eleitorado julho 2014) e IBGE (Censo 2010 e Estimativas 2013). Os dados relativos a sexo e faixa etária são: Sexo masculino 48%, feminino: 52%, 16 a 24 anos 15%, 25 a 34 anos 22%, 35 a 44 anos 20%, 45 a 59 anos 25% e 60 anos ou mais 18%. Ponderação dos resultados: No processamento dos dados é realizada ponderação referente à proporção de cada cidade na amostra para correta representação. Está prevista a eventual ponderação para correção nos tamanhos dos segmentos da tabela acima considerando as variáveis sexo e faixa etária. Para as variáveis grau de instrução e nível econômico do entrevistado (renda familiar mensal), o fator previsto para ponderação é 1 (resultados obtidos em campo). Área física: Serão realizadas entrevistas em 50 municípios, localizados no Estado de Minas Gerais. Margem de Erro: A margem de erro máxima prevista é de 3 pontos percentuais para mais ou para menos, considerando um nível de confiança de 95%. Os intervalos de confiança serão calculados considerando os resultados obtidos para um nível de confiança de 95%.";"Os pesquisadores envolvidos na realização desta pesquisa são treinados pelo Instituto e recebem instruções específicas para cada projeto realizado. A maior parte da coleta será feita com a utilização de tablet e questionário eletrônico. São checados, no mínimo, 30% dos questionários de cada pesquisador, seja in loco por supervisores de campo ou, posteriormente, por telefone. Internamente, todo o material é verificado e codificado. Antes do processamento final e emissão dos resultados, realiza-se processo de consistência dos dados.";"A relação completa dos municípios e bairros pesquisados será encaminhada a esse tribunal posteriormente, até o sétimo dia seguinte à data de registro da pesquisa, conforme a Resolução 23.400/2013 do TSE, no art.2º §5º."
"27/02/2023";"15:36:19";2014;3;"Eleições Gerais 2014";"MG";"MG";"MINAS GERAIS";"MG000712014";"2014-08-26 00:00:00";"#NE";"22642565000105";"CP2 CONSULTORIA, PESQUISA E PLANEJAMENTO LTDA.";"#NE";"Governador, Senador, Deputado Federal, Deputado Estadual";"2014-08-23 00:00:00";"2014-08-28 00:00:00";480;"9866";"SARAH RIBEIRO DA SILVA";"13050,00";"A metodologia utilizada é o survey quantitativo, com realização de entrevistas pessoais e individuais através de questionário estruturado. A amostra é por cotas de sexo, idade, escolaridade, renda e local (região e bairro) de moradia.";"O universo da pesquisa é composto por eleitores de Minas Gerais, com idade a partir de 16 anos. Serão realizadas 480 entrevistas, o que permite um erro amostral máximo de 4,47% e nível de confiança de 95%. Distribuição da amostra pelo perfil dos entrevistados de acordo com cotas de sexo, idade, escolaridade e renda mensal familiar. - Sexo: Masculino: (52%); Feninino: (48%) 
- Idade: 16 a 17 anos (5%); 18 a 24 anos: (18%); 25 a 34 anos: (23%); 35 a 44 anos: (18%); 45 a 54 anos: (18%); Mais de 55 anos: (18%) 
- Escolaridade: Até 4ª série do 1ºgrau/ Ensino Fundamental: (13%); De 5ª a 8ª série do 1º grau/ Ensino Fundamental: (27%); 2ºgrau/Ensino Médio Incompleto ou Completo: (41%);Superior e Pós graduação: (19%) 
–  Renda total de sua família: Até 2 SM: (20%); De 2 a 5 SM: (35%); De 5 a 10 SM (23%); De 10 a 20 SM (14%); Acima de 20 SM (9%)
";"Todos os questionários preenchidos recebem crítica para avaliação da consistência dos dados coletados. Vinte por cento dos questionários são separados, aleatoriamente, para serem submetidos à conferência através de novos contatos com os entrevistados, medida sempre adotada e que visa garantir a qualidade e fidelidade dos dados coletados. A consistência dos dados é verificada pelo seu conteúdo e lógica.";"#NULO#"
"27/02/2023";"15:36:19";2014;3;"Eleições Gerais 2014";"MG";"MG";"MINAS GERAIS";"MG000732014";"2014-08-26 00:00:00";"#NE";"22642565000105";"CP2 CONSULTORIA, PESQUISA E PLANEJAMENTO LTDA.";"#NE";"Governador, Senador, Deputado Federal, Deputado Estadual";"2014-08-23 00:00:00";"2014-08-28 00:00:00";163;"9866";"SARAH RIBEIRO DA SILVA";"13050,00";"A metodologia utilizada é o survey quantitativo, com realização de entrevistas pessoais e individuais através de questionário estruturado. A amostra é por cotas de sexo, idade, escolaridade, renda e local (região e bairro) de moradia.
";"O universo da pesquisa é composto por eleitores de Minas Gerais, com idade a partir de 16 anos. Serão realizadas 480 entrevistas, o que permite um erro amostral máximo de 7,67% e nível de confiança de 95%. Distribuição da amostra pelo perfil dos entrevistados de acordo com cotas de sexo, idade, escolaridade e renda mensal familiar.



- Sexo: Masculino: (50%); Feninino: (50%) 
- Idade: 16 a 17 anos (5%); 18 a 24 anos: (15%); 25 a 34 anos: (22%); 35 a 44 anos: (20%); 45 a 54 anos: (19%); Mais de 55 anos: (20%) 
- Escolaridade: Até 4ª série do 1ºgrau/ Ensino Fundamental: (31%); De 5ª a 8ª série do 1º grau/ Ensino Fundamental: (32%); 2ºgrau/Ensino Médio Incompleto ou Completo: (29%);Superior e Pós graduação: (7%) 
–  Renda total de sua família: Até 2 SM: (25%); De 2 a 5 SM: (31%); De 5 a 10 SM (25%); De 10 a 20 SM (13%); Acima de 20 SM (6%)
";"Todos os questionários preenchidos recebem crítica para avaliação da consistência dos dados coletados. Vinte por cento dos questionários são separados, aleatoriamente, para serem submetidos à conferência através de novos contatos com os entrevistados, medida sempre adotada e que visa garantir a qualidade e fidelidade dos dados coletados. A consistência dos dados é verificada pelo seu conteúdo e lógica.";"#NULO#"
"27/02/2023";"15:36:19";2014;3;"Eleições Gerais 2014";"MG";"MG";"MINAS GERAIS";"MG000972014";"2014-09-13 00:00:00";"#NE";"03866435000101";"IPO - INSTITUTO DE PESQUISA DE OPINIÃO E  ASSESSORIA LTDA";"#NE";"Governador, Senador, Deputado Federal, Deputado Estadual";"2014-09-17 00:00:00";"2014-09-17 00:00:00";400;"9.077";"EDMILSON ANTONIO PEREIRA JUNIOR";"3000,00";"Pesquisa quantitativa, que consiste na realização de entrevistas pessoais, com a aplicação de questionários estruturados e padronizados junto a uma amostra de eleitores do universo pesquisado.";"A amostra de eleitores de Guaranésia é distribuída de forma a contemplar todas as regiões geográficas do município, a partir de quotas proporcionais ao universo, disponibilizadas pelo site do TSE (Estatísticas Eleitorais 2014), considerando as variáveis: sexo, faixa etária e grau de instrução. Adota-se, assim, a seguinte distribuição: Masculino (51%), Feminino (49%); 16-24 anos (15%), 25-34 anos (23%), 35-44 anos (19%), 45-59 anos (25%), 60 anos ou mais (18%); Analfabeto / Lê e escreve (21%), Ensino fundamental (43%), Ensino médio (32%), Ensino superior (4%).  Considerando a amostra de 400 eleitores do município de Guaranésia/MG, ao nível de 95% de confiança, a margem de erro estimada é de 4,8 pontos percentuais, para mais ou para menos.
";"Trabalho de campo realizado por uma equipe de entrevistadores devidamente treinados e capacitados para a aplicação dos questionários, sempre coordenados por uma pessoa da EMPO. Após a realização das entrevistas é feita a verificação dos questionários das respostas e da adequação dos entrevistados aos parâmetros amostrais, via telefone ou presencial, de 20% dos entrevistados.";"#NULO#"
"27/02/2023";"15:36:19";2014;3;"Eleições Gerais 2014";"MG";"MG";"MINAS GERAIS";"MG001312014";"2014-09-23 00:00:00";"#NE";"09283689000183";"PROMÍDIA PESQUISAS DE OPINIÃO PÚBLICA E MARKETING";"#NE";"Governador, Senador, Deputado Federal, Deputado Estadual";"2014-09-19 00:00:00";"2014-09-25 00:00:00";308;"7655 - A";"AUGUSTO DA SILVA ROCHA";"4300,00";"Será adotada a metodologia do tipo “survey”, com entrevistas domiciliares do tipo face-a-face. As entrevistas serão realizadas por meio de cotas proporcionais de acordo com o número de eleitores em cada setor censitário, do sexo, e da idade, de acordo com dados do Censo Demográfico de 2010. Os questionários previamente elaborados de acordo com o objetivo do estudo, realizado por pesquisadores treinados para abordagem desta natureza. Público pesquisado: eleitores residentes e domiciliados no município de Juruaia/MG.";"O plano amostral consta de quotas proporcionais as existentes no universo de acordo com as variáveis, Região, Sexo, Faixa Etária. Escolaridade e Renda Familiar não são controladas nas quotas. Variável quanto a REGIÃO: proporcional ao setor censitário do IBGE. Variável quanto ao sexo: Masculino 51,4%, Feminino 48,6%. Idade 16 a 17 anos 5,2%, 18 a 24 anos 18,5%, 25 a 29 anos 12%, 30 a 39 anos 19,5%, 40 a 49 anos 17,2%, 50 anos ou mais 27,6%. Para um intervalo de confiança de 95% e um tamanho de amostra 308 entrevistas, a margem de erro máxima estimada foi 5,4 pontos percentuais, para mais ou para menos.";"Todos os questionários preenchidos recebem crítica para avaliação da consistência dos dados coletados. 20% dos questionários são separados, aleatoriamente, para ser submetida à conferência através de novos contatos com os entrevistados, medida sempre adotada e que visa garantir a qualidade e fidelidade dos dados coletados. A consistência dos dados é verificada pelo seu conteúdo e lógica. 

";"#NULO#"
"27/02/2023";"15:36:19";2014;3;"Eleições Gerais 2014";"MG";"MG";"MINAS GERAIS";"MG001372014";"2014-09-23 00:00:00";"#NE";"09283689000183";"PROMÍDIA PESQUISAS DE OPINIÃO PÚBLICA E MARKETING";"#NE";"Governador, Senador, Deputado Federal, Deputado Estadual";"2014-09-19 00:00:00";"2014-09-25 00:00:00";379;"7655 - A";"AUGUSTO DA SILVA ROCHA";"4800,00";"Será adotada a metodologia do tipo “survey”, com entrevistas domiciliares do tipo face-a-face. As entrevistas serão realizadas por meio de cotas proporcionais de acordo com o número de eleitores em cada setor censitário, do sexo, e da idade, de acordo com dados do Censo Demográfico de 2010. Os questionários previamente elaborados de acordo com o objetivo do estudo, realizado por pesquisadores treinados para abordagem desta natureza. Público pesquisado: eleitores residentes e domiciliados no município de Pratápolis/MG.";"O plano amostral consta de quotas proporcionais as existentes no universo de acordo com as variáveis, Região, Sexo, Faixa Etária. Escolaridade e Renda Familiar não são controladas nas quotas. Variável quanto a REGIÃO: proporcional ao setor censitário do IBGE. Variável quanto ao sexo: Masculino 50,0%, Feminino 50,0%. Idade 16 a 24 anos 16%, 25 a 34 anos 19,7%, 35 a 44 anos 19,0%, 45 a 59 anos 26,3%, 60 anos ou mais 19,0%. Para um intervalo de confiança de 95% e um tamanho de amostra 379 entrevistas, a margem de erro máxima estimada foi 5,0 pontos percentuais, para mais ou para menos.";"Todos os questionários preenchidos recebem crítica para avaliação da consistência dos dados coletados. 20% dos questionários são separados, aleatoriamente, para ser submetida à conferência através de novos contatos com os entrevistados, medida sempre adotada e que visa garantir a qualidade e fidelidade dos dados coletados. A consistência dos dados é verificada pelo seu conteúdo e lógica. 

";"#NULO#"
"27/02/2023";"15:36:19";2014;3;"Eleições Gerais 2014";"MG";"MG";"MINAS GERAIS";"MG001562014";"2014-09-24 00:00:00";"#NE";"09283689000183";"PROMÍDIA PESQUISAS DE OPINIÃO PÚBLICA E MARKETING";"#NE";"Governador, Senador, Deputado Federal, Deputado Estadual";"2014-09-24 00:00:00";"2014-09-26 00:00:00";415;"7655 - A";"AUGUSTO DA SILVA ROCHA";"3000,00";"Será adotada a metodologia do tipo “survey”, com entrevistas domiciliares do tipo face-a-face. As entrevistas serão realizadas por meio de cotas proporcionais de acordo com o número de eleitores em cada setor censitário, do sexo, e da idade, de acordo com dados do Censo Demográfico de 2010. Os questionários previamente elaborados de acordo com o objetivo do estudo, realizado por pesquisadores treinados para abordagem desta natureza. Público pesquisado: eleitores residentes e domiciliados no município de Alpinópolis/MG.";"O plano amostral consta de quotas proporcionais as existentes no universo de acordo com as variáveis, Região, Sexo, Faixa Etária. Escolaridade e Renda Familiar não são controladas nas quotas. Variável quanto a REGIÃO: proporcional ao setor censitário do IBGE. Variável quanto ao sexo: Masculino 51,6%, Feminino 48,4%. Idade 16 a 17 anos 5,1%, 18 a 24 anos 15,9%, 25 a 29 anos 11,3%, 30 a 39 anos 18,8%, 40 a 49 anos 19,3%, 50 anos ou mais 29,6%. Para um intervalo de confiança de 95% e um tamanho de amostra 415 entrevistas, a margem de erro máxima estimada foi 4,75 pontos percentuais, para mais ou para menos.";"Todos os questionários preenchidos recebem crítica para avaliação da consistência dos dados coletados. 20% dos questionários são separados, aleatoriamente, para ser submetida à conferência através de novos contatos com os entrevistados, medida sempre adotada e que visa garantir a qualidade e fidelidade dos dados coletados. A consistência dos dados é verificada pelo seu conteúdo e lógica. 

";"#NULO#"
"27/02/2023";"15:36:19";2014;3;"Eleições Gerais 2014";"MG";"MG";"MINAS GERAIS";"MG001582014";"2014-09-24 00:00:00";"#NE";"09283689000183";"PROMÍDIA PESQUISAS DE OPINIÃO PÚBLICA E MARKETING";"#NE";"Governador, Senador, Deputado Federal, Deputado Estadual";"2014-09-24 00:00:00";"2014-09-26 00:00:00";304;"7655 - A";"AUGUSTO DA SILVA ROCHA";"3000,00";"Será adotada a metodologia do tipo “survey”, com entrevistas domiciliares do tipo face-a-face. As entrevistas serão realizadas por meio de cotas proporcionais de acordo com o número de eleitores em cada setor censitário, do sexo, e da idade, de acordo com dados do Censo Demográfico de 2010. Os questionários previamente elaborados de acordo com o objetivo do estudo, realizado por pesquisadores treinados para abordagem desta natureza. Público pesquisado: eleitores residentes e domiciliados no município de Itaú de Minas/MG.";"O plano amostral consta de quotas proporcionais as existentes no universo de acordo com as variáveis, Região, Sexo, Faixa Etária. Escolaridade e Renda Familiar não são controladas nas quotas. Variável quanto a REGIÃO: proporcional ao setor censitário do IBGE. Variável quanto ao sexo: Masculino 49,0%, Feminino 51,0%. Idade 16 a 17 anos 4,3%, 18 a 24 anos 15,8%, 25 a 29 anos 10,2%, 30 a 39 anos 18,4%, 40 a 49 anos 20,4%, 50 anos ou mais 30,9%. Para um intervalo de confiança de 95% e um tamanho de amostra 304 entrevistas, a margem de erro máxima estimada foi 5,5 pontos percentuais, para mais ou para menos.";"Todos os questionários preenchidos recebem crítica para avaliação da consistência dos dados coletados. 20% dos questionários são separados, aleatoriamente, para ser submetida à conferência através de novos contatos com os entrevistados, medida sempre adotada e que visa garantir a qualidade e fidelidade dos dados coletados. A consistência dos dados é verificada pelo seu conteúdo e lógica. ";"#NULO#"
"27/02/2023";"15:36:19";2014;3;"Eleições Gerais 2014";"MG";"MG";"MINAS GERAIS";"MG001822014";"2014-09-27 00:00:00";"#NE";"09283689000183";"PROMÍDIA PESQUISAS DE OPINIÃO PÚBLICA E MARKETING";"#NE";"Governador, Senador, Deputado Federal, Deputado Estadual";"2014-09-25 00:00:00";"2014-09-28 00:00:00";1000;"7655 - A";"AUGUSTO DA SILVA ROCHA";"18000,00";"Pesquisa quantitativa, que consiste na realização de entrevistas pessoais com a aplicação de questionário estruturado junto a uma amostra representativa do eleitorado em estudo.
";"A amostra é selecionada em dois estágios sendo que no primeiro faz-se uma divisão da amostra proporcionalmente ao número de habitantes acima de 16 anos de idade dentro de cada área geográfica intra-municipal. População residente em  Muzambinho, Guaxupé, Itaú de Minas, Areado, Nova Resende, Juruaia, Conceição da Aparecida,  Monte Belo, Alterosa, Alpinópolis, Monte Santo de Minas, Cabo Verde, Carmo do Rio Claro, Passos, Pratápolis, São Pedro da União, Bom Jesus da Penha, Botelhos, Bom Jesus da Penha,  Muzambinho/MG com 16 anos ou mais de idade.
No segundo estágio, para cada área geográfica, os respondentes são selecionados aleatoriamente respeitando-se quotas proporcionais controladas por região geográfica, sexo e faixa etária, de acordo com o perfil da população em estudo. Fonte de Dados IBGE (Censo 2010); TSE - Jun/14
Para um intervalo de confiança de 95% e um tamanho de amostra de 1000 entrevistas, a margem de erro máxima estimada foi de 3.1 pontos percentuais, para mais ou para menos. ";"Todos os questionários preenchidos recebem crítica para avaliação da consistência dos dados coletados. 20% dos questionários são separados, aleatoriamente, para ser submetida à conferência através de novos contatos com os entrevistados, medida sempre adotada e que visa garantir a qualidade e fidelidade dos dados coletados. A consistência dos dados é verificada pelo seu conteúdo e lógica. 

";"#NULO#"
"27/02/2023";"15:36:19";2014;3;"Eleições Gerais 2014";"MG";"MG";"MINAS GERAIS";"MG001132014";"2014-09-17 00:00:00";"#NE";"00654576000172";",INSTITUTO   VERITÁ   LTDA  epp";"#NE";"Governador, Deputado Federal, Deputado Estadual";"2014-09-19 00:00:00";"2014-09-21 00:00:00";1630;"7439 / 6ª Região";"Leonard Mendonça de Assis";"30000,00";"Pesquisa quantitativa, que consiste na realização de entrevistas pessoais, com a aplicação de questionários estruturados e padronizados junto a uma amostra representativa do eleitorado do município de Uberlândia
";"a) Público pesquisado: Eleitores residentes em UBERLÂNDIA e inscritos para votar no estado de MINAS GERAIS b) Área física: Perímetro urbano do município de Uberlândia/MG c) tipo de amostra: A amostragem será realizada da seguinte forma: 1. Estratificação do município por agrupamento de bairros obedecendo critério geográfico 2. Tamanho de cada estrato foi definido proporcional ao número de eleitores inscritos em cada um destes 3. Divisão em estratos será proporcional ao número de eleitores contidos em cada um destes 4. Seleção dos entrevistados utilizando entrevistas domiciliares obedecendo um quadro de idade e sexo gerado de maneira aleatória por um software estatístico, usando as proporções de idade e sexo descritas neste plano 5. Está prevista adoção de entrevistas em locais de trabalho ou em pontos de fluxo. Estes serão utilizados onde os locais sorteados não permitam adoção de entrevistas domiciliares d)Ponderação: Esta pesquisa é autoponderada (peso = 1), obedecendo as proporções descritas a seguir: SEXO: FEMININO 52,41% / MASCULINO 47,59% Idade FEMININO 16 A 24 ANOS 15,45% FEMININO 25 A 34 ANOS 23,81% FEMININO 35 A 44 ANOS 20,35% FEMININO 45 A 59 ANOS 25,17% FEMININO 60 ANOS OU MAIS 15,21% MASCULINO 16 A 24 ANOS 16,51% MASCULINO 25 A 34 ANOS 24,85% MASCULINO 35 A 44 ANOS 20,85% MASCULINO 45 A 59 ANOS 24,05% MASCULINO 60 ANOS OU MAIS 13,74% Também está prevista ponderação por nivel econômico e instrução, obedecendo as proporções descritas a seguir: Nível Econômico FEMININO Não PEA 47,21% FEMININO PEA 52,79% MASCULINO Não PEA 28,06% MASCULINO PEA 71,94% Nível de Instrução FEMININO Analfabeto até Ensino Médio incompleto 63,58% FEMININO Ensino médio completo, superior ou mais 36,42% MASCULINO Analfabeto até Ensino Médio incompleto 70,15% MASCULINO Ensino médio completo, superior ou mais 29,85% e) Intervalo de Confiança/Margem de Erro: Para este planejamento amostral, considerando-se um intervalo de confiança de 95%, é esperado um erro máximo de 2.5 pontos percentuais na estimação da proporção das intenções de voto dos candidatos.
";"Para a realização da pesquisa será utilizada uma equipe de entrevistadores e supervisores devidamente treinada para este trabalho. Após os trabalhos de campo, os questionários são submetidos a uma fiscalização que consiste no retorno a campo de 20% dos questionários aplicados individualmente pelos entrevistadores, para verificação das respostas e da adequação dos entrevistados aos parâmetros amostrais. ";"#NULO#"
