"DT_GERACAO";"HH_GERACAO";"AA_ELEICAO";"CD_ELEICAO";"NM_ELEICAO";"SG_UF";"SG_UE";"NM_UE";"NR_PROTOCOLO_REGISTRO";"DT_REGISTRO";"ST_PESQUISA_PROPRIA";"NR_CNPJ_EMPRESA";"NM_EMPRESA";"NM_EMPRESA_FANTASIA";"DS_CARGO";"DT_INICIO_PESQUISA";"DT_FIM_PESQUISA";"QT_ENTREVISTADO";"CD_CONRE";"NM_ESTATISTICO_RESP";"VR_PESQUISA";"DS_METODOLOGIA_PESQUISA";"DS_PLANO_AMOSTRAL";"DS_SISTEMA_CONTROLE";"DS_DADO_MUNICIPIO"
"27/02/2023";"15:36:19";2014;3;"Eleições Gerais 2014";"PR";"PR";"PARANÁ";"PR000042014";"2014-07-19 00:00:00";"#NE";"07278993000107";"glauco vital da silva - instituto de pesquisa visão";"#NE";"Governador, Senador, Deputado Federal, Deputado Estadual";"2014-07-21 00:00:00";"2014-07-24 00:00:00";1067;"7655";"Augusto da Silva Rocha";"20000,00";"1.	Público Pesquisado
População residente em Curitiba/PR com 16 anos ou mais de idade.

2.	Metodologia
A abordagem utilizada consiste na aplicação de uma amostragem aleatória representativa da população residente com 16 anos ou mais de idade. 
A amostra é selecionada em dois estágios sendo que no primeiro faz-se uma divisão da amostra proporcionalmente ao número de habitantes acima de 16 anos de idade dentro de cada área geográfica intra-municipal.
No segundo estágio, para cada área geográfica, os respondentes são selecionados aleatoriamente respeitando-se quotas proporcionais controladas por região geográfica, sexo e faixa etária, de acordo com o perfil da população em estudo.
3.	Fonte de Dados
•	IBGE (Censo 2010); TSE - Jun/14
4.	Tamanho da amostra, margem de erro e intervalo de confiança
Para um intervalo de confiança de 95% e um tamanho de amostra de 1.067  entrevistas, a margem de erro máxima estimada foi de 3,0 pontos percentuais, para mais ou para menos.
";"5.	Ponderações
Em função da abordagem utilizada no segundo estágio (amostragem por cotas), as ponderações por sexo e idade não são necessárias, pois, sendo conhecidas essas características da população, o método adotado consiste em retomar tais características na amostra, em proporções reduzidas. Neste caso, espera-se que a composição da amostra, por sexo e idade, seja proporcionalmente semelhante àquela da população. Entretanto, caso as proporções da amostra não sejam semelhantes àquelas da população em estudo, as ponderações serão realizadas de acordo com as informações do Censo Demográfico de 2010 e TSE Jun/14.
Em anexo a este plano amostral, são apresentadas nos quadros 1, 2 e 3, respectivamente, os fatores de ponderação por sexo, idade,  escolaridade e renda  segundo informações do Censo Demográfico de 
2010 (IBGE). 
Quadro 1 – Distribuição por Faixa Etária e Sexo
Faixa Etária	Masculino	Feminino	Total
16 a 17 anos	3	0,3%	3	0,4%	6	0,7%
18 a 24 anos	72	6,8%	75	7,1%	147	13,9%
25 a 34 anos	116	10,9%	128	12,0%	244	23,0%
35 a 44 anos	103	9,7%	118	11,1%	221	20,9%
45 a 59 anos	125	11,8%	156	14,7%	281	26,4%
60 anos ou mais	69	6,5%	99	8,6%	168	15,2%
Total	488	46,1%	579	53,9%	1067	100,0%

Quadro2 – Distribuição por Escolaridade
Escolaridade	%
Até  1º.Grau Incompleto	17,8%
1º.Grau Completo até 2º. Grau Incompleto	17,3%
2º.Grau Completo até Superior Incompleto	40,2%
Superior Completo	24,7%
 	 
Total	100,0%

Quadro3 – Distribuição por Renda Mensal Domiciliar (Salário Mínimo)
Renda	%
Até  1 SM	4,7%
De 1 à 2 SM	12,3%
De 2 à 5 SM	35,4%
De 5 à 10 SM	25,4%
Mais de 10 SM	22,2%
 	 
Total	100,0%
";"O Sistema interno de controle, verificação, conferência e fiscalização da coleta de dados, do trabalho de campo é assim descrito: durante os trabalhos de campo, 20% das entrevistas são refeitas pelos supervisores das equipes, para checar a veracidade das entrevistas e das respostas registradas pelos entrevistadores. Alem da checagem de 20% das entrevistas (externa),internamente, os dados de diferentes questões são pré-processados e cruzados entre si, permitindo fazer-se a critica dos mesmos, para verificação de eventuais inconsistências, ou seja, se existem conflitos ou contradições as respostas dadas pelos eleitores durante as entrevistas ou eventuais erros dos entrevistadores ao assinalarem aquelas respostas. Caso os testes internos comprovem a ocorrência de inconsistências nas quotas de um dos entrevistadores inferior a 3%, a quota dele é validada, mas as entrevistas comprometidas são excluídas da amostra (para poderem fazer a eventual reposição de entrevistas canceladas neste filtro, em geral, os institutos de pesquisa colhem amostras superiores as registradas), se o número de inconsistências verificado for superior a 3%, o entrevistador é afastado da empresa, a quota de entrevistas feitas por ele é cancelada e a parcela do campo comprometida ( a quota dele) é refeita integralmente. ";"#NULO#"
"27/02/2023";"15:36:19";2014;3;"Eleições Gerais 2014";"PR";"PR";"PARANÁ";"PR000132014";"2014-08-07 00:00:00";"#NE";"07278993000107";"glauco vital da silva - instituto de pesquisa visão";"#NE";"Deputado Federal, Deputado Estadual";"2014-08-08 00:00:00";"2014-08-13 00:00:00";800;"7655";"Augusto da Silva Rocha";"20000,00";"2.	Metodologia
A abordagem utilizada consiste na aplicação de uma amostragem aleatória representativa da população residente com 16 anos ou mais de idade. 
A amostra é selecionada em dois estágios sendo que no primeiro faz-se uma divisão da amostra proporcionalmente ao número de habitantes acima de 16 anos de idade dentro de cada área geográfica intra-municipal.
No segundo estágio, para cada área geográfica, os respondentes são selecionados aleatoriamente respeitando-se quotas proporcionais controladas por região geográfica, sexo e faixa etária, de acordo com o perfil da população em estudo.
3.	Fonte de Dados
•	IBGE (Censo 2010); TSE 
";"4.	Tamanho da amostra, margem de erro e intervalo de confiança
Para um intervalo de confiança de 95% e um tamanho de amostra de 800  entrevistas, a margem de erro máxima estimada foi de 3,0 pontos percentuais, para mais ou para menos.
5.	Ponderações
Em função da abordagem utilizada no segundo estágio (amostragem por cotas), as ponderações por sexo e idade não são necessárias, pois, sendo conhecidas essas características da população, o método adotado consiste em retomar tais características na amostra, em proporções reduzidas. Neste caso, espera-se que a composição da amostra, por sexo e idade, seja proporcionalmente semelhante àquela da população. Entretanto, caso as proporções da amostra não sejam semelhantes àquelas da população em estudo, as ponderações serão realizadas de acordo com as informações do Censo Demográfico de 2010 e TSE.
Em anexo a este plano amostral, são apresentadas nos quadros 1, 2 e 3, respectivamente, os fatores de ponderação por sexo, idade,  escolaridade e renda  segundo informações do Censo Demográfico de 
2010 (IBGE). 
Quadro 1 – Distribuição por Faixa Etária e Sexo
Faixa Etária	Masculino	Feminino	Total
16 a 17 anos	4	0.4%	4	0.4%	8	0.8%
18 a 24 anos	68	6.4%	74	7.0%	142	13.5%
25 a 34 anos	104	9.8%	118	11.2%	222	21.0%
35 a 44 anos	89	8.4%	109	10.3%	198	18.8%
45 a 59 anos	127	12.0%	160	15.1%	287	27.1%
60 anos ou mais	90	8.3%	116	10.6%	206	18.9%
Total	482	45.4%	581	54.6%	1063	100.0%

Quadro2 – Distribuição por Escolaridade
Escolaridade	%
Até  1º.Grau Incompleto	23.7%
1º.Grau Completo até 2º. Grau Incompleto	17.6%
2º.Grau Completo até Superior Incompleto	37.6%
Superior Completo	21.1%
 	 
Total	100,0%

Quadro3 – Distribuição por Renda Mensal Domiciliar (Salário Mínimo)
Renda	%
Até  1 SM	7.1%
De 1 à 2 SM	13.4%
De 2 à 5 SM	40.7%
De 5 à 10 SM	25.6%
Mais de 10 SM	13.2%
 	 
Total	100,0%

O Instituto Visão firma o compromisso de cumprir o plano amostral neste instrumento, tomando as devidas precauções no que se refere ao cumprimento das quotas nos seus diversos estratos inclusive por área geográfica.

";"O Sistema interno de controle, verificação, conferência e fiscalização da coleta de dados, do trabalho de campo é assim descrito: durante os trabalhos de campo, 20% das entrevistas são refeitas pelos supervisores das equipes, para checar a veracidade das entrevistas e das respostas registradas pelos entrevistadores.

Alem da checagem de 20% das entrevistas (externa),internamente, os dados de diferentes questões são pré-processados e cruzados entre si, permitindo fazer-se a critica dos mesmos, para verificação de eventuais inconsistências, ou seja, se existem conflitos ou contradições as respostas dadas pelos eleitores durante as entrevistas ou eventuais erros dos entrevistadores ao assinalarem aquelas respostas. Caso os testes internos comprovem a ocorrência de inconsistências nas quotas de um dos entrevistadores inferior a 3%, a quota dele é validada, mas as entrevistas comprometidas são excluídas da amostra (para poderem fazer a eventual reposição de entrevistas canceladas neste filtro, em geral, os institutos de pesquisa colhem amostras superiores as registradas), se o número de inconsistências verificado for superior a 3%, o entrevistador é afastado da empresa, a quota de entrevistas feitas por ele é cancelada e a parcela do campo comprometida ( a quota dele) é refeita integralmente. 

 ";"#NULO#"
"27/02/2023";"15:36:19";2014;3;"Eleições Gerais 2014";"PR";"PR";"PARANÁ";"PR000222014";"2014-08-14 00:00:00";"#NE";"00481961000165";"Radar Inteligência Ltda.";"#NE";"Governador, Senador";"2014-08-08 00:00:00";"2014-08-13 00:00:00";1199;"8159-A";"José Mario de Lima";"48500,00";"Pesquisa quantitativa que consiste na realização de entrevistas pessoais, com a aplicação de questionários estruturados e padronizados junto a uma amostra representativa do eleitorado em estudo.";"Sexo - Masculino: 48,7%; Feminino: 51,3%; Idade -16 a 24 anos – 17,7%; 25 a 34 anos -22,9%;35 a 44 anos –20,5%; 45 a 59 anos – 23,8%; Acima de 59 anos – 15,1%. Grau de Instrução: Analfabeto 6,8 %;Ensino Fundamental Incompleto e Completo 47,4 %; Ensino Médio Incompleto e Completo 37,0 %; Ensino Superior Incompleto e Completo 8,8%; Nível Econômico: Até R$ 1.448,00 (2 SM)44,1 %; De R$ 1.448,00 a R$ 3.620,00 ( 2 a 5 SM) 42,4%; Mais de R$ 3.620,00 ( Mais de 5 SM) 6,6%; Não Informou a renda 6,9%; O intervalo de confiança é de 95,5% e a margem de erro é de 2,9% para mais ou para menos.";"Todas as entrevistas foram conferidas e criticadas individualmente pelo sistema de controle interno da empresa, e posteriormente tabuladas em um software específico para este fim. Todo o trabalho de coleta de dados (entrevistas) foi  coordenado e fiscalizado por um profissional treinado com este objetivo. Utilizamos  para cada área trabalhada grade de cotas de sexo , idade, proporcionalmente, de acordo com o perfil do eleitor do universo pesquisado. Foram observadas a distribuição do eleitorado por grau de instrução e área de residência (urbana e rural).";"As entrevistas foram realizadas em 45 cidades do Estado do Paraná, quais sejam;Curitiba 208 entrevistas; Araucária 25 entrevistas; Campo Largo 22 entrevistas; Colombo 38 entrevistas; Paranaguá 27 entrevistas; São José dos Pinhais 47 entrevistas; Pinhais 24 entrevistas; Apucarana 28 entrevistas; Arapongas 24 entrevistas; Cambé 22 entrevistas; Cornélio Procópio 12 entrevistas; Rolândia 14 entrevistas; Londrina 111 entrevistas; Mandaguari 7 entrevistas; Marialva 7 entrevistas; Maringá 68 entrevistas; Paranavaí 17 entrevistas; Sarandi 16 entrevistas; Campo Mourão 23 entrevistas; Cianorte 18 entrevistas; Umuarama 27 entrevistas; Castro 13 entrevistas; Ponta Grossa 60 entrevistas; Guarapuava 38 entrevistas; Irati 13 entrevistas; Telemaco Borba 14 entrevistas; Cascavel 51 entrevistas; Foz do Iguaçu 49 entrevistas; Toledo 23 entrevistas; Francisco Beltrão 20 entrevistas; Pato Branco 18 entrevistas; Laranjeiras do Sul 7 entrevistas; Pitanga 9 entrevistas; Prudentópolis 11 entrevistas; São Mateus do Sul 9 entrevistas; União da Vitória 13 entrevistas; Marechal Candido Rondon 9 entrevistas, Medianeira 8 entrevistas; Cruzeiro do Oeste 6 entrevistas; Goioerê 8 entrevistas; Ubiratã 5 entrevistas; Chopinzinho 6 entrevistas; Coronel Vivida 5 entrevistas; Dois Vizinhos 9 entrevistas; Palmas 10 entrevistas."
"27/02/2023";"15:36:19";2014;3;"Eleições Gerais 2014";"PR";"PR";"PARANÁ";"PR000352014";"2014-09-13 00:00:00";"#NE";"07630546000175";"DATAFOLHA INSTITUTO DE PESQUISAS LTDA.";"#NE";"Governador, Senador";"2014-09-17 00:00:00";"2014-09-18 00:00:00";1280;"72.49A";"Renata Nunes César";"81415,38";"Pesquisa do tipo quantitativo, por amostragem, com aplicação de questionário estruturado e abordagem pessoal em pontos de fluxo populacional. O conjunto do eleitorado do Estado do Paraná com 16 anos ou mais foi tomado como universo da pesquisa.";"Universo: Eleitorado do Estado do Paraná, com 16 anos ou mais. Tamanho da amostra: A amostra prevista é de 1.280 entrevistas. Técnica de amostragem: A amostra é estratificada por porte dos municípios e natureza dos municípios (região metropolitana ou interior). Em cada estrato, num primeiro estágio, são sorteados os municípios que farão parte do levantamento. Num segundo estágio, são sorteados os bairros e pontos de abordagem onde serão aplicadas as entrevistas.  Por fim, os entrevistados são selecionados aleatoriamente para responder ao questionário, de acordo com cotas de sexo e faixa etária. Nessa amostra, o estrato referente à capital foi desproporcionalizado para permitir detalhamento. Nos resultados finais, as corretas proporções serão restabelecidas através de ponderação. A amostra prevista é de 1.280 questionários, sendo 416 na capital. Os dados utilizados para definição e seleção da amostra são baseados no TSE (eleitorado julho 2014) e IBGE (Censo 2010 e Estimativas 2014). Os dados relativos a sexo e faixa etária são: Sexo masculino 48%, feminino: 52%, 16 a 24 anos 16%, 25 a 34 anos 22%, 35 a 44 anos 20%, 45 a 59 anos 25% e 60 anos ou mais 17%. Ponderação dos resultados: No processamento dos dados é realizada ponderação referente à proporção de cada cidade na amostra para correta representação. Está prevista a eventual ponderação para correção nos tamanhos dos segmentos da tabela acima considerando as variáveis sexo e faixa etária. Para as variáveis grau de instrução e nível econômico do entrevistado (renda familiar mensal), o fator previsto para ponderação é 1 (resultados obtidos em campo). Área física: Serão realizadas entrevistas em 48 municípios, localizados no Estado do Paraná. Margem de Erro: A margem de erro máxima prevista é de 3 pontos percentuais para mais ou para menos, considerando um nível de confiança de 95%. Os intervalos de confiança serão calculados considerando os resultados obtidos para um nível de confiança de 95%.";"Os pesquisadores envolvidos na realização desta pesquisa são treinados pelo Instituto e recebem instruções específicas para cada projeto realizado. A maior parte da coleta será feita com a utilização de tablet e questionário eletrônico. São checados, no mínimo, 30% dos questionários de cada pesquisador, seja in loco por supervisores de campo ou, posteriormente, por telefone. Internamente, todo o material é verificado e codificado. Antes do processamento final e emissão dos resultados, realiza-se processo de consistência dos dados.";"A relação completa dos municípios e bairros pesquisados será encaminhada a esse tribunal posteriormente, até o sétimo dia seguinte à data de registro da pesquisa, conforme a Resolução 23.400/2013 do TSE, no art.2º §5º."
"27/02/2023";"15:36:19";2014;3;"Eleições Gerais 2014";"PR";"PR";"PARANÁ";"PR000012014";"2014-05-20 00:00:00";"#NE";"06195852000168";"Data Vox Brasil Assessoria e Pesquisa Ltda - ME";"#NE";"Governador";"2014-05-21 00:00:00";"2014-05-24 00:00:00";600;"9834-A";"Diego Henrique Carvalho Camacho";"12000,00";"A pesquisa quantitativa, que consiste na realização de entrevistas pessoais residenciais, com aplicação de questionário estruturado junto a uma amostra representativa do eleitorado em estudo. O conjunto de eleitorado da Cidade de Maringá foi tomado como universo da pesquisa. ";"O Planejamento amostral consiste em uma ASS (amostragem aleatória simples) feita em 2 (dois) estágios, sendo o primeiro estágio o sorteio de setores censitários (os setores censitários seguem divisão feita pelo IBGE no ultimo senso), No segundo e último estágio, dentro dos setores sorteados, os respondentes são selecionados através de quotas amostrais proporcionais em função de variáveis significativas, a saber: Sexo, Idade, Grau de instrução e Nível Econômico, de acordo com o perfil do eleitorado. A amostra de 600 entrevistas nos permite fazer inferências sobre o universo pesquisado (eleitores de Maringá - PR) com uma margem de erro máxima aproximada de 4,0 (quatro) pontos percentuais para mais ou para menos com um intervalo de confiança de 95,0%. As ponderações feitas para sexo e faixa etária serão de acordo com as ultimas estatísticas do TSE (março de 2014) que são Sexo Masculino (45,33%), Sexo Feminino (54,67%) Faixa Etária: 16 a 24 anos (15,07%), 25 a 34 anos (20,85%), 35 a 44 anos (18,73%), 45 a 59 anos (26,97%) e acima de 60 anos (18,38%) e para renda familiar e mensal e grau de escolaridade o fator previsto para ponderação é igual a 1 (não haverá correções por renda familiar e grau de escolaridade, uma vez que a pesquisa não é feita por quotas, sendo considerado os valores encontrados no campo, os quais serão apresentados no relatório da pesquisa). FONTE: TSE 2014 E IBGE CENSO 2010 ";"Os entrevistadores utilizados pela empresa são selecionados e treinados para o trabalho de campo, cada entrevistador estará identificado com crachá contendo o nome da empresa e o telefone da mesma. Os coordenadores de campo acompanharão ""in loco"" a coleta de dados, além de serem conferidos posteriores a partir do telefone do entrevistado ou endereço (pelo menos 20% dos entrevistados) para garantir a veracidade dos dados. . Internamente, todo o material é criticado, codificado, digitado e, antes do processamento final, realiza-se a conferência da digitação (consistência dos dados). ";"A área de abrangência da coleta dos dados é formada pelo município de Maringá. A relação dos bairros selecionados (setores censitários) para a aplicação da amostra será apresentada após a divulgação do resultado da pesquisa, conforme previsto no artigo 2º, parágrafo 5º, da Resolução 23.400/2013 do TSE. "
"27/02/2023";"15:36:19";2014;3;"Eleições Gerais 2014";"PR";"PR";"PARANÁ";"PR000392014";"2014-09-19 00:00:00";"#NE";"07630546000175";"DATAFOLHA INSTITUTO DE PESQUISAS LTDA.";"#NE";"Governador, Senador";"2014-09-25 00:00:00";"2014-09-26 00:00:00";1344;"72.49A";"Renata Nunes César";"81415,38";"Pesquisa do tipo quantitativo, por amostragem, com aplicação de questionário estruturado e abordagem pessoal em pontos de fluxo populacional. O conjunto do eleitorado do Estado do Paraná com 16 anos ou mais foi tomado como universo da pesquisa.";"Universo: Eleitorado do Estado do Paraná, com 16 anos ou mais. Tamanho da amostra: A amostra prevista é de 1.344 entrevistas. Técnica de amostragem: A amostra é estratificada por porte dos municípios e natureza dos municípios (região metropolitana ou interior). Em cada estrato, num primeiro estágio, são sorteados os municípios que farão parte do levantamento. Num segundo estágio, são sorteados os bairros e pontos de abordagem onde serão aplicadas as entrevistas.  Por fim, os entrevistados são selecionados aleatoriamente para responder ao questionário, de acordo com cotas de sexo e faixa etária. Nessa amostra, o estrato referente à capital foi desproporcionalizado para permitir detalhamento. Nos resultados finais, as corretas proporções serão restabelecidas através de ponderação. A amostra prevista é de 1.344 questionários, sendo 416 na capital. Os dados utilizados para definição e seleção da amostra são baseados no TSE (eleitorado julho 2014) e IBGE (Censo 2010 e Estimativas 2014). Os dados relativos a sexo e faixa etária são: Sexo masculino 48%, feminino: 52%, 16 a 24 anos 16%, 25 a 34 anos 22%, 35 a 44 anos 20%, 45 a 59 anos 25% e 60 anos ou mais 17%. Ponderação dos resultados: No processamento dos dados é realizada ponderação referente à proporção de cada cidade na amostra para correta representação. Está prevista a eventual ponderação para correção nos tamanhos dos segmentos da tabela acima considerando as variáveis sexo e faixa etária. Para as variáveis grau de instrução e nível econômico do entrevistado (renda familiar mensal), o fator previsto para ponderação é 1 (resultados obtidos em campo). Área física: Serão realizadas entrevistas em 51 municípios, localizados no Estado do Paraná. Margem de Erro: A margem de erro máxima prevista é de 3 pontos percentuais para mais ou para menos, considerando um nível de confiança de 95%. Os intervalos de confiança serão calculados considerando os resultados obtidos para um nível de confiança de 95%.";"Os pesquisadores envolvidos na realização desta pesquisa são treinados pelo Instituto e recebem instruções específicas para cada projeto realizado. A maior parte da coleta será feita com a utilização de tablet e questionário eletrônico. São checados, no mínimo, 30% dos questionários de cada pesquisador, seja in loco por supervisores de campo ou, posteriormente, por telefone. Internamente, todo o material é verificado e codificado. Antes do processamento final e emissão dos resultados, realiza-se processo de consistência dos dados.";"A relação completa dos municípios e bairros pesquisados será encaminhada a esse tribunal posteriormente, até o sétimo dia seguinte à data de registro da pesquisa, conforme a Resolução 23.400/2013 do TSE, no art.2º §5º."
"27/02/2023";"15:36:19";2014;3;"Eleições Gerais 2014";"PR";"PR";"PARANÁ";"PR000062014";"2014-07-24 00:00:00";"#NE";"00654576000172";",INSTITUTO   VERITÁ   LTDA  epp";"#NE";"Governador, Senador";"2014-07-28 00:00:00";"2014-08-01 00:00:00";2302;"7439 / 6ª Região";"Leonard Mendonça de Assis";"93000,00";"Pesquisa quantitativa, que consiste na realização de entrevistas pessoais, com a aplicação de questionários estruturados e padronizados junto a uma amostra representativa do eleitorado do estado. ";" a) Público pesquisado: 
 Eleitores residentes no Estado do PARANÁ
 b) tipo de amostra:
A amostragem será realizada da seguinte forma:
1. Estratificação do estado por agrupamento de Microrregiões obedecendo critério geográfico e Porte dos municípios
2. Tamanho de cada estrato foi definido proporcional ao número de domicílios pertencente a cada um destes (Dados obtidos pelos microdados do CENSO Demográfico de 2010, IBGE)
3. Sorteio de Setores Censitários dentro de cada Estrato 
4. Seleção das Residências segundo critério de amostragem sistemática 
5. Realização de entrevistas domiciliares com sorteio dentre os moradores presentes na residência selecionada, obedecendo um quadro de Idade/Sexo gerado de maneira aleatória por um software estatístico, levando em consideração as proporções de idade e sexo constantes no sitio do TSE para o Estado.

Idade e Sexo
 FEMININO, 16 A 24 ANOS; 8,61% 	 / 	 MASCULINO, 16 A 24 ANOS; 8,59% 
 FEMININO, 25 A 34 ANOS; 11,49% 	 / 	 MASCULINO, 25 A 34 ANOS; 10,96% 
 FEMININO, 35 A 44 ANOS; 10,46% 	 / 	 MASCULINO, 35 A 44 ANOS; 9,71% 
 FEMININO, 45 A 59 ANOS; 12,91% 	 / 	 MASCULINO, 45 A 59 ANOS; 11,63% 
 FEMININO, 60 ANOS OU MAIS; 8,24% 	 / 	 MASCULINO, 60 ANOS OU MAIS; 7,41% 

Nível Econômico
 Masculino / PEA 82,68% Masculino / Não PEA 17,32%
 Feminino / PEA 59,69% Feminino / Não PEA 40,31%
Nível de Instrução
 Masculino / Até 5 anos instrução 41,75%
 Masculino / de 6 a 9 anos de instrução 24,86%
 Masculino / de 10 a 12 anos de instrução 24,31%
 Masculino / mais de 12 anos de instrução 9,08%
 Feminino / Até 5 anos instrução 37,96%
 Feminino / de 6 a 9 anos de instrução 21,91%
 Feminino / de 10 a 12 anos de instrução 27,05%
 Feminino / mais de 12 anos de instrução 13,07%

c) Intervalo de Confiança/Margem de Erro:
Para este planejamento amostral, considerando-se um intervalo de confiança de 95%, é esperado um erro máximo de 2,05 pontos percentuais na estimação da proporção das intenções de voto dos candidatos. ";"Para a realização da pesquisa será utilizada uma equipe de entrevistadores e supervisores devidamente treinada para este trabalho. Após os trabalhos de campo, os questionários são submetidos a uma fiscalização que consiste no retorno a campo de 20% dos questionários aplicados individualmente pelos entrevistadores, para verificação das respostas e da adequação dos entrevistados aos parâmetros amostrais. ";"#NULO#"
"27/02/2023";"15:36:19";2014;3;"Eleições Gerais 2014";"PR";"PR";"PARANÁ";"PR000162014";"2014-08-11 00:00:00";"#NE";"07217379000135";"VOX DATA PESQUISA ASSESSORIA E PUBLICIDADE LTDA - ME";"#NE";"Governador, Senador, Deputado Federal, Deputado Estadual";"2014-08-11 00:00:00";"2014-08-16 00:00:00";780;"7655";"Augusto da Silva Rocha";"2500,00";"A abordagem utilizada consiste na aplicação de uma amostragem aleatória representativa da população residente com 16 anos ou mais de idade. 
A amostra é selecionada em dois estágios sendo que no primeiro faz-se uma divisão da amostra proporcionalmente ao número de habitantes acima de 16 anos de idade dentro de cada área geográfica intra-municipal.
No segundo estágio, para cada área geográfica, os respondentes são selecionados aleatoriamente respeitando-se quotas proporcionais controladas por região geográfica, sexo e faixa etária, de acordo com o perfil da população em estudo.";"""A margem de erro é de 3,5% para mais ou para menos e o índice de confiança é de 95%. O plano amostral consta de quotas proporcionais as existentes no universo de acordo com as variáveis, Região, Sexo, Faixa Etária. Escolaridade e Renda Familiar não são controladas nas quotas. Variável quanto a REGIÃO: proporcional ao setor censitário do IBGE. Faz-se o resultado após a coleta quanto a FAIXA ETÁRIA: 16 a 24   17,2%; 25 a 34  22,7%; 35 a 44  20,3%; 45 a 59  24,7%; 60 anos ou mais 15,1%; SEXO: masculino 47,0% e  feminino 53,0%; Variável quanto a ESCOLARIDADE: Até  1º.Grau Incompleto 37,8%
1º.Grau Completo até 2º. Grau Incompleto 32,8%
2º.Grau Completo até Superior Incompleto 23,6%
Superior Completo 5,8%
 Variável quanto a RENDA FAMILIAR: Até 1 SM 8,3%; Mais de 1 a 2 SM 18,6%;  Mais de 2 a 5 SM 41,7%;  Mais de 5 a 10 SM 20,1%; Acima de 10 SM 11,3%. """;"O Sistema interno de controle, verificação, conferência e fiscalização da coleta de dados, do trabalho de campo é assim descrito: durante os trabalhos de campo, 20% das entrevistas são refeitas pelos supervisores das equipes, para checar a veracidade das entrevistas e das respostas registradas pelos entrevistadores. Alem da checagem de 20% das entrevistas (externa),internamente, os dados de diferentes questões são pré-processados e cruzados entre si, permitindo fazer-se a critica dos mesmos, para verificação de eventuais inconsistências, ou seja, se existem conflitos ou contradições as respostas dadas pelos eleitores durante as entrevistas ou eventuais erros dos entrevistadores ao assinalarem aquelas respostas. Caso os testes internos comprovem a ocorrência de inconsistências nas quotas de um dos entrevistadores inferior a 3%, a quota dele é validada, mas as entrevistas comprometidas são excluídas da amostra (para poderem fazer a eventual reposição de entrevistas canceladas neste filtro, em geral, os institutos de pesquisa colhem amostras superiores as registradas), se o número de inconsistências verificado for superior a 3%, o entrevistador é afastado da empresa, a quota de entrevistas feitas por ele é cancelada e a parcela do campo comprometida ( a quota dele) é refeita integralmente. ";"REGIÃO NORTE: INTERLAGOS (Interlagos, Tarumã e Abelha), BRASMADEIRA (Brasmadeira, Tocantins 1, Tocantins 2, Rio Branco, Jardim Paraná, Garbim e Jardim Cuiabá), FLORESTA (Floresta, Clarito), BRASILIA (Alvorada, Consolata, Verdes Campos, Brasilia 1 e Brasilia 2), MORUMBI (Morumbi, Lago Azul), PERIOLO (Periolo, Jardim Belo Horizonte, Conjunto São Francisco e Ipanema).

REGIÃO SUL: UNIVERSITÁRIO (Universitário, São Luiz, Parque Cascavel, Turisparque, Santa Catarina, Imperial e Panorâmico), SANTA FELICIDADE (Santa Felicidade, Petrópolis e Jardim Horizonte), GUARUJÁ (Guarujá, Indianara Ghislandi), XIV DE NOVEMBRO (XIV de Novembro, Esplanada, Jardim Montreal e Quebec), PARQUE SÃO PAULO (São Paulo), PIONEIROS CATARINENSE (Pioneiros Catarinenses e Ninho da Cobra), FACULDADE, JARDIM UNIÃO.

REGIÃO LESTE: CASCAVEL VELHO (Cascavel Velho, Nova Itália, Presidente e Jardim Veneza), SÃO CRISTOVÃO (São Cristovão, Loteamento Pinheiros, Jardim Aparecida, Jardim França, Primavera, Vila Aparecida), JARDIM GRAMADO, PACAEMBU (Pacaembu e Nacional), REGIÃO DO LAGO (Caravelle, Itamarati e Nova York), CATARATAS (Cataratas, Loteamento São Francisco, Colméia e Morada do Sol).

REGIÃO OESTE: CANCELLI, ALTO ALEGRE, COQUEIRAL (Coqueiral e Aclimação), PARQUE VERDE (Parque Verde, Jardim Cidade Verde e Terra Nova 2), TROPICAL (Cristal e Recanto Tropical), SANTA CRUZ (Santa Cruz, Jardim Santo Onofre, Jardim Fag e Paulo Godoy), CANADA.

REGIÃO CENTRAL: CENTRO, COUNTRY, MARIA LUIZA, NEVA (Vila Tolentino).

DISTRITOS: Sede Alvorada, Juvinópolis, Rio do Salto, São João do Oeste, Espigão Azul e São Salvador."
"27/02/2023";"15:36:19";2014;3;"Eleições Gerais 2014";"PR";"PR";"PARANÁ";"PR000252014";"2014-08-21 00:00:00";"#NE";"04756345000120";"Lopes e Faleiro Ltda";"#NE";"Governador, Senador";"2014-08-09 00:00:00";"2014-08-18 00:00:00";2625;"CFE-CONRE 3 R 9063-A	";"Liniane Gazola";"41000,00";"A metodologia utilizada pela Lopes e Faleiro Ltda é a de pesquisa quantitativa, probabilística, por amostragem representativa do eleitorado do estado do Paraná, com entrevistas pessoais através de questionário padronizado e estruturado para a coleta. As cotas serão distribuídas por sexo, idade, grau de instrução e divisão geográfica. ";"Eleitorado do Estado do Paraná, com 16 anos ou mais. A amostra prevista é de 2.625 entrevistas. Técnica de amostragem: A amostra é estratificada por mesorregião paranaense (IBGE 2012). No primeiro estagio foi realizada Amostragem estratificada para seleção dos municípios. Num segundo estágio, foi realizado uma amostragem aleatória dos elementos amostrais para responder ao questionário, de acordo com cotas de sexo, faixa etária e renda familiar. Nos resultados finais, as corretas proporções serão restabelecidas através de ponderação. Os dados utilizados para definição e seleção da amostra são baseados no TSE (eleitorado julho 2014) e IBGE (Censo 2010 e Estimativas 2013). Os dados relativos a sexo e faixa etária são: Sexo masculino 48%, feminino: 52%, 16 a 24 anos 16%, 25 a 34 anos 22%, 35 a 44 anos 20%, 45 a 59 anos 25% e 60 anos ou mais 17%. Área física: Serão realizadas entrevistas em 31 municípios, localizados no Estado do Paraná. A margem de erro máxima prevista é de 2 pontos percentuais para mais ou para menos, considerando um nível de confiança de 98%, com variância máxima p=0,5";"A coleta de dados é feita por entrevistadores da Lopes e Faleiro Ltda , devidamente treinados para pesquisas de opinião, e a fiscalização de campo por supervisor que acompanha o trabalho. Os questionários aplicados são criticados e revisados na totalidade pelos supervisores internos. O trabalho de controle, verificação e checagem é realizado por meio eletrônico no CPD da empresa. As planilhas são digitadas e redigitadas. ";"A área de abrangência da coleta é formada pelos município do estado do Parana"
"27/02/2023";"15:36:19";2014;3;"Eleições Gerais 2014";"PR";"PR";"PARANÁ";"PR000242014";"2014-08-20 00:00:00";"#NE";"68802370000186";"IBOPE INTELIGÊNCIA PESQUISA E CONSULTORIA LTDA. ";"#NE";"Governador, Senador";"2014-08-21 00:00:00";"2014-08-25 00:00:00";1008;"6208-A";"Márcia Cavallari Nunes";"60480,00";"Pesquisa quantitativa, que consiste na realização de entrevistas pessoais com a aplicação de questionário estruturado junto a uma amostra representativa do eleitorado em estudo.";"Representativa do eleitorado da área em estudo, elaborada em três estágios.
No primeiro estágio faz-se um sorteio probabilístico nos municípios, onde as entrevistas serão realizadas, pelo método PPT (Probabilidade Proporcional ao Tamanho), tomando o eleitorado como base para tal seleção.
No segundo estágio faz-se um sorteio probabilístico dos setores censitários, onde as entrevistas serão realizadas, pelo método PPT (Probabilidade Proporcional ao Tamanho), tomando a população de 16 anos ou mais residente nos setores como base para tal seleção. No terceiro e último estágio, dentro dos setores sorteados, os respondentes são selecionados através de quotas amostrais proporcionais em função de variáveis significativas, a saber: IDADE: 16-24 (masculino) 19% (feminino) 17%; 25-34 (masculino) 23% (feminino) 23%; 35-44 (masculino) 21% (feminino) 21%; 45-54 (masculino) 18% (feminino) 19%; 55 e+ (masculino) 19% (feminino) 20%; INSTRUÇÃO: Até Ensino Médio (masculino) 82% (feminino) 78%; Ensino Superior (masculino) 18% (feminino) 22%; NÍVEL ECONÔMICO: Economicamente ativo (masculino) 83% (feminino) 60%; Não Economicamente ativo (masculino) 17% (feminino) 40%. 
Está prevista eventual ponderação para correção das variáveis sexo e idade, com base nos percentuais anteriormente mencionados, caso ocorram diferenças superiores a 3 pontos percentuais entre o previsto na amostra e a coleta de dados realizada. Para as variáveis de grau de instrução e nível econômico do entrevistado, o fator previsto para ponderação é 1 (resultados obtidos em campo). O nível de confiança estimado é de 95% e a margem de erro máxima estimada considerando um modelo de amostragem aleatório simples, é de 3 (três) pontos percentuais para mais ou para menos sobre os resultados encontrados no total da amostra.
FONTE DOS DADOS: Censo 2010 | PNAD 2012 | TSE 2014
";"Para a realização da pesquisa, utiliza-se uma equipe de entrevistadores e supervisores contratados pelo IBOPE INTELIGÊNCIA PESQUISA E CONSULTORIA LTDA. devidamente treinados para o trabalho. Após os trabalhos de campo, os questionários são submetidos a uma fiscalização de cerca de 20% (vinte por cento) dos questionários aplicados pelos entrevistadores; para verificação das respostas e da adequação dos entrevistados aos parâmetros amostrais.";"A área de abrangência da coleta é o Estado do Paraná. A Relação de municípios selecionados para aplicação da amostra será apresentada até o 7 dia seguinte ao Registro da pesquisa, conforme expresso no art. 2º § 5º da resolução 23.400/2013 do TSE."
"27/02/2023";"15:36:19";2014;3;"Eleições Gerais 2014";"PR";"PR";"PARANÁ";"PR000302014";"2014-08-30 00:00:00";"#NE";"07278993000107";"glauco vital da silva - instituto de pesquisa visão";"#NE";"Governador, Senador, Deputado Federal, Deputado Estadual";"2014-09-01 00:00:00";"2014-09-03 00:00:00";1057;"7655";"Augusto da Silva Rocha";"15000,00";"A abordagem utilizada consiste na aplicação de uma amostragem aleatória representativa da população residente com 16 anos ou mais de idade. 
A amostra é selecionada em dois estágios sendo que no primeiro faz-se uma divisão da amostra proporcionalmente ao número de habitantes acima de 16 anos de idade dentro de cada área geográfica intra-municipal.
No segundo estágio, para cada área geográfica, os respondentes são selecionados aleatoriamente respeitando-se quotas proporcionais controladas por região geográfica, sexo e faixa etária, de acordo com o perfil da população em estudo.•	IBGE (Censo 2010); TSE Para um intervalo de confiança de 95% e um tamanho de amostra de 1057  entrevistas, a margem de erro máxima estimada foi de 3,0 pontos percentuais, para mais ou para menos.
";"Em função da abordagem utilizada no segundo estágio (amostragem por cotas), as ponderações por sexo e idade não são necessárias, pois, sendo conhecidas essas características da população, o método adotado consiste em retomar tais características na amostra, em proporções reduzidas. Neste caso, espera-se que a composição da amostra, por sexo e idade, seja proporcionalmente semelhante àquela da população. Entretanto, caso as proporções da amostra não sejam semelhantes àquelas da população em estudo, as ponderações serão realizadas de acordo com as informações do Censo Demográfico de 2010 e TSE.
Em anexo a este plano amostral, são apresentadas nos quadros 1, 2 e 3, respectivamente, os fatores de ponderação por sexo, idade,  escolaridade e renda  segundo informações do Censo Demográfico de 
2010 (IBGE). 
Quadro 1 – Distribuição por Faixa Etária e Sexo
Faixa Etária	Masculino	Feminino	Total
16 a 17 anos	4	0,4%	4	0,4%	8	0,8%
18 a 24 anos	84	8,0%	82	7,8%	166	15,8%
25 a 34 anos	119	11,3%	125	11,8%	244	23,2%
35 a 44 anos	106	10,1%	111	10,6%	217	20,7%
45 a 59 anos	122	11,6%	129	12,3%	251	23,9%
60 anos ou mais	80	7,3%	91	8,3%	171	15,6%
Total	515	48,8%	542	51,2%	1.057	100,0%

Quadro2 – Distribuição por Escolaridade
Escolaridade	%
Até  1º.Grau Incompleto	      45,0 
1º.Grau Completo até 2º. Grau Incompleto	      34,3 
2º.Grau Completo até Superior Incompleto	
      17,3 

Superior Completo	        3,3 
 	 
Total	100%

Quadro3 – Distribuição por Renda Mensal Domiciliar (Salário Mínimo)
Renda	%
Até  1 SM	13,8%
De 1 à 2 SM	21,8%
De 2 à 5 SM	39,6%
De 5 à 10 SM	18,3%
Mais de 10 SM	6,6%
 	 
Total	100,0%

O Instituto Visão firma o compromisso de cumprir o plano amostral neste instrumento, tomando as devidas precauções no que se refere ao cumprimento das quotas nos seus diversos estratos inclusive por área geográfica.

";"O Sistema interno de controle, verificação, conferência e fiscalização da coleta de dados, do trabalho de campo é assim descrito: durante os trabalhos de campo, 20% das entrevistas são refeitas pelos supervisores das equipes, para checar a veracidade das entrevistas e das respostas registradas pelos entrevistadores.
Alem da checagem de 20% das entrevistas (externa),internamente, os dados de diferentes questões são pré-processados e cruzados entre si, permitindo fazer-se a critica dos mesmos, para verificação de eventuais inconsistências, ou seja, se existem conflitos ou contradições as respostas dadas pelos eleitores durante as entrevistas ou eventuais erros dos entrevistadores ao assinalarem aquelas respostas. Caso os testes internos comprovem a ocorrência de inconsistências nas quotas de um dos entrevistadores inferior a 3%, a quota dele é validada, mas as entrevistas comprometidas são excluídas da amostra (para poderem fazer a eventual reposição de entrevistas canceladas neste filtro, em geral, os institutos de pesquisa colhem amostras superiores as registradas), se o número de inconsistências verificado for superior a 3%, o entrevistador é afastado da empresa, a quota de entrevistas feitas por ele é cancelada e a parcela do campo comprometida ( a quota dele) é refeita integralmente. 
 ";"#NULO#"
"27/02/2023";"15:36:19";2014;3;"Eleições Gerais 2014";"PR";"PR";"PARANÁ";"PR000292014";"2014-08-30 00:00:00";"#NE";"68802370000186";"IBOPE INTELIGÊNCIA PESQUISA E CONSULTORIA LTDA. ";"#NE";"Governador, Senador";"2014-08-30 00:00:00";"2014-09-04 00:00:00";1008;"6208-A";"Márcia Cavallari Nunes";"60480,00";"Pesquisa quantitativa, que consiste na realização de entrevistas pessoais com a aplicação de questionário estruturado junto a uma amostra representativa do eleitorado em estudo.";"Representativa do eleitorado da área em estudo, elaborada em três estágios.
No primeiro estágio faz-se um sorteio probabilístico nos municípios, onde as entrevistas serão realizadas, pelo método PPT (Probabilidade Proporcional ao Tamanho), tomando o eleitorado como base para tal seleção.
No segundo estágio faz-se um sorteio probabilístico dos setores censitários, onde as entrevistas serão realizadas, pelo método PPT (Probabilidade Proporcional ao Tamanho), tomando a população de 16 anos ou mais residente nos setores como base para tal seleção. No terceiro e último estágio, dentro dos setores sorteados, os respondentes são selecionados através de quotas amostrais proporcionais em função de variáveis significativas, a saber: IDADE: 16-24 (masculino) 19% (feminino) 17%; 25-34 (masculino) 23% (feminino) 23%; 35-44 (masculino) 21% (feminino) 21%; 45-54 (masculino) 18% (feminino) 19%; 55 e+ (masculino) 19% (feminino) 20%; INSTRUÇÃO: Até Ensino Médio (masculino) 82% (feminino) 78%; Ensino Superior (masculino) 18% (feminino) 22%; NÍVEL ECONÔMICO: Economicamente ativo (masculino) 83% (feminino) 60%; Não Economicamente ativo (masculino) 17% (feminino) 40%. 
Está prevista eventual ponderação para correção das variáveis sexo e idade, com base nos percentuais anteriormente mencionados, caso ocorram diferenças superiores a 3 pontos percentuais entre o previsto na amostra e a coleta de dados realizada. Para as variáveis de grau de instrução e nível econômico do entrevistado, o fator previsto para ponderação é 1 (resultados obtidos em campo). O nível de confiança estimado é de 95% e a margem de erro máxima estimada considerando um modelo de amostragem aleatório simples, é de 3 (três) pontos percentuais para mais ou para menos sobre os resultados encontrados no total da amostra.
FONTE DOS DADOS: Censo 2010 | PNAD 2012 | TSE 2014 | Entre outras.
";"Para a realização da pesquisa, utiliza-se uma equipe de entrevistadores e supervisores contratados pelo IBOPE INTELIGÊNCIA PESQUISA E CONSULTORIA LTDA. devidamente treinados para o trabalho. Após os trabalhos de campo, os questionários são submetidos a uma fiscalização de cerca de 20% (vinte por cento) dos questionários aplicados pelos entrevistadores; para verificação das respostas e da adequação dos entrevistados aos parâmetros amostrais.";"A área de abrangência da coleta é o Estado do Paraná. A Relação de municípios selecionados para aplicação da amostra será apresentada até o 7º dia seguinte ao Registro da pesquisa, conforme expresso no art. 2º § 5º da resolução 23.400/2013 do TSE."
"27/02/2023";"15:36:19";2014;3;"Eleições Gerais 2014";"PR";"PR";"PARANÁ";"PR000342014";"2014-09-10 00:00:00";"#NE";"00481961000165";"Radar Inteligência Ltda.";"#NE";"Governador, Senador";"2014-09-09 00:00:00";"2014-09-13 00:00:00";1199;"8159-A";"José Mario de Lima";"48500,00";"Pesquisa quantitativa que consiste na realização de entrevistas pessoais, com a aplicação de questionários estruturados e padronizados junto a uma amostra representativa do eleitorado em estudo.";"Sexo - Masculino:580 entrevistas; Feminino: 619 entrevistas; Idade -16 a 24 anos – 189 entrevistas; 25 a 34 anos -263 entrevistas;35 a 44 anos –239 entrevistas; 45 a 59 anos – 305 entrevistas; Acima de 59 anos – 203 entrevistas. Grau de Instrução: Até Ensino fundamental completo 618 entrevistas;Ensino Médio Incompleto e Completo 433 entrevistas; Ensino Superior Incompleto e Completo 148 entrevistas; Nível Econômico: Até R$ 1.448,00 (2 SM)568 entrevistas; De R$ 1.448,00 a R$ 3.620,00 ( 2 a 5 SM) 546 entrevistas; Mais de R$ 3.620,00 ( Mais de 5 SM) 85 entrevistas; O intervalo de confiança é de 95,5% e a margem de erro é de 2,9% para mais ou para menos.";"Todas as entrevistas serão conferidas e criticadas individualmente pelo sistema de controle interno da empresa, e posteriormente tabuladas em um software específico para este fim. Todo o trabalho de coleta de dados (entrevistas) será coordenado e fiscalizado por um profissional treinado com este objetivo. Utilizaremos para cada área trabalhada grade de cotas de sexo , idade, proporcionalmente, de acordo com o perfil do eleitor do universo pesquisado. serão observadas a distribuição do eleitorado por grau de instrução e área de residência (urbana e rural). ";"As entrevistas serão realizadas em 45 cidades do Estado do Paraná, quais sejam;Curitiba 207 entrevistas; Araucária 25 entrevistas; Campo Largo 22 entrevistas; Colombo 38 entrevistas; Paranaguá 28 entrevistas; São José dos Pinhais 47 entrevistas; Pinhais 24 entrevistas; Apucarana 28 entrevistas; Arapongas 24 entrevistas; Cambé 22 entrevistas; Cornélio Procópio 12 entrevistas; Rolândia 14 entrevistas; Londrina 112 entrevistas; Mandaguari 7 entrevistas; Marialva 7 entrevistas; Maringá 68 entrevistas; Paranavaí 17 entrevistas; Sarandi 16 entrevistas; Campo Mourão 23 entrevistas; Cianorte 18 entrevistas; Umuarama 27 entrevistas; Castro 13 entrevistas; Ponta Grossa 60 entrevistas; Guarapuava 37 entrevistas; Irati 13 entrevistas; Telemaco Borba 14 entrevistas; Cascavel 51 entrevistas; Foz do Iguaçu 49 entrevistas; Toledo 23 entrevistas; Francisco Beltrão 20 entrevistas; Pato Branco 18 entrevistas; Laranjeiras do Sul 7 entrevistas; Pitanga 9 entrevistas; Prudentópolis 11 entrevistas; São Mateus do Sul 9 entrevistas; União da Vitória 13 entrevistas; Marechal Candido Rondon 9 entrevistas, Medianeira 8 entrevistas; Cruzeiro do Oeste 6 entrevistas; Goioerê 8 entrevistas; Ubiratã 5 entrevistas; Chopinzinho 6 entrevistas; Coronel Vivida 5 entrevistas; Dois Vizinhos 9 entrevistas; Palmas 10 entrevistas. "
"27/02/2023";"15:36:19";2014;3;"Eleições Gerais 2014";"PR";"PR";"PARANÁ";"PR000382014";"2014-09-15 00:00:00";"#NE";"07217379000135";"VOX DATA PESQUISA ASSESSORIA E PUBLICIDADE LTDA - ME";"#NE";"Governador, Senador, Deputado Federal, Deputado Estadual";"2014-09-15 00:00:00";"2014-09-20 00:00:00";780;"7655-A";"Augusto da Silva Rocha";"5000,00";"A abordagem utilizada consiste na aplicação de uma amostragem aleatória representativa da população residente com 16 anos ou mais de idade. 
A amostra é selecionada em dois estágios sendo que no primeiro faz-se uma divisão da amostra proporcionalmente ao número de habitantes acima de 16 anos de idade dentro de cada área geográfica intra-municipal.
No segundo estágio, para cada área geográfica, os respondentes são selecionados aleatoriamente respeitando-se quotas proporcionais controladas por região geográfica, sexo e faixa etária, de acordo com o perfil da população em estudo.";"Em função da abordagem utilizada no segundo estágio (amostragem por cotas), as ponderações por sexo e idade não são necessárias, pois, sendo conhecidas essas características da população, o método adotado consiste em retomar tais características na amostra, em proporções reduzidas. Neste caso, espera-se que a composição da amostra, por sexo e idade, seja proporcionalmente semelhante àquela da população. Entretanto, caso as proporções da amostra não sejam semelhantes àquelas da população em estudo, as ponderações serão realizadas de acordo com as informações do Censo Demográfico de 2010 e TSE Jun/14.
Em anexo a este plano amostral, são apresentadas nos quadros 1, 2 e 3, respectivamente, os fatores de ponderação por sexo, idade, escolaridade e renda  segundo informações do Censo Demográfico de 
2010 (IBGE). 





Quadro 1 – Distribuição por Faixa Etária e Sexo
Faixa Etária	Masculino	Feminino	Total
16 a 17 anos	5	0,6%	5	0,7%	10	1,3%
18 a 24 anos	60	7,7%	63	8,1%	123	15,9%
25 a 34 anos	85	11,0%	91	11,8%	176	22,7%
35 a 44 anos	73	9,5%	84	10,8%	157	20,3%
45 a 59 anos	88	11,3%	104	13,4%	192	24,7%
60 anos ou mais	53	6,9%	69	8,1%	122	15,1%
Total	364	47,0%	416	53,0%	780	100,0%

Quadro2 – Distribuição por Escolaridade
Escolaridade	%
Até  1º.Grau Incompleto	37,8%
1º.Grau Completo até 2º. Grau Incompleto	32,8%
2º.Grau Completo até Superior Incompleto	23,6%
Superior Completo	5,8%
 	 
Total	100,0%

Quadro3 – Distribuição por Renda Mensal Domiciliar (Salário Mínimo)
Renda	%
Até  1 SM	8,3%
De 1 à 2 SM	18,6%
De 2 à 5 SM	41,7%
De 5 à 10 SM	20,1%
Mais de 10 SM	11,3%
 	 
Total	100,0%";"O Sistema interno de controle, verificação, conferência e fiscalização da coleta de dados, do trabalho de campo é assim descrito: durante os trabalhos de campo, 20% das entrevistas são refeitas pelos supervisores das equipes, para checar a veracidade das entrevistas e das respostas registradas pelos entrevistadores. Alem da checagem de 20% das entrevistas (externa),internamente, os dados de diferentes questões são pré-processados e cruzados entre si, permitindo fazer-se a critica dos mesmos, para verificação de eventuais inconsistências, ou seja, se existem conflitos ou contradições as respostas dadas pelos eleitores durante as entrevistas ou eventuais erros dos entrevistadores ao assinalarem aquelas respostas. Caso os testes internos comprovem a ocorrência de inconsistências nas quotas de um dos entrevistadores inferior a 3%, a quota dele é validada, mas as entrevistas comprometidas são excluídas da amostra (para poderem fazer a eventual reposição de entrevistas canceladas neste filtro, em geral, os institutos de pesquisa colhem amostras superiores as registradas), se o número de inconsistências verificado for superior a 3%, o entrevistador é afastado da empresa, a quota de entrevistas feitas por ele é cancelada e a parcela do campo comprometida ( a quota dele) é refeita integralmente. ";"REGIÃO NORTE: INTERLAGOS (Interlagos, Tarumã e Abelha), BRASMADEIRA (Brasmadeira, Tocantins 1, Tocantins 2, Rio Branco, Jardim Paraná, Garbim e Jardim Cuiabá), FLORESTA (Floresta, Clarito), BRASILIA (Alvorada, Consolata, Verdes Campos, Brasilia 1 e Brasilia 2), MORUMBI (Morumbi, Lago Azul), PERIOLO (Periolo, Jardim Belo Horizonte, Conjunto São Francisco e Ipanema).

REGIÃO SUL: UNIVERSITÁRIO (Universitário, São Luiz, Parque Cascavel, Turisparque, Santa Catarina, Imperial e Panorâmico), SANTA FELICIDADE (Santa Felicidade, Petrópolis e Jardim Horizonte), GUARUJÁ (Guarujá, Indianara Ghislandi), XIV DE NOVEMBRO (XIV de Novembro, Esplanada, Jardim Montreal e Quebec), PARQUE SÃO PAULO (São Paulo), PIONEIROS CATARINENSE (Pioneiros Catarinenses e Ninho da Cobra), FACULDADE, JARDIM UNIÃO.

REGIÃO LESTE: CASCAVEL VELHO (Cascavel Velho, Nova Itália, Presidente e Jardim Veneza), SÃO CRISTOVÃO (São Cristovão, Loteamento Pinheiros, Jardim Aparecida, Jardim França, Primavera, Vila Aparecida), JARDIM GRAMADO, PACAEMBU (Pacaembu e Nacional), REGIÃO DO LAGO (Caravelle, Itamarati e Nova York), CATARATAS (Cataratas, Loteamento São Francisco, Colméia e Morada do Sol).

REGIÃO OESTE: CANCELLI, ALTO ALEGRE, COQUEIRAL (Coqueiral e Aclimação), PARQUE VERDE (Parque Verde, Jardim Cidade Verde e Terra Nova 2), TROPICAL (Cristal e Recanto Tropical), SANTA CRUZ (Santa Cruz, Jardim Santo Onofre, Jardim Fag e Paulo Godoy), CANADA.

REGIÃO CENTRAL: CENTRO, COUNTRY, MARIA LUIZA, NEVA (Vila Tolentino).

DISTRITOS: Sede Alvorada, Juvinópolis, Rio do Salto, São João do Oeste, Espigão Azul e São Salvador."
"27/02/2023";"15:36:19";2014;3;"Eleições Gerais 2014";"PR";"PR";"PARANÁ";"PR000022014";"2014-06-07 00:00:00";"#NE";"10340949000194";"OPINIAO PESQUISA E ASSESSORIA LTDA";"#NE";"Governador, Senador, Deputado Federal, Deputado Estadual";"2014-06-08 00:00:00";"2014-06-11 00:00:00";600;"9066-A";"Andressa kutschenko";"9000,00";"Foz do Iguaçú-Paraná: Pesquisa quantitativa, por amostragem, com aplicação de questionário estruturado, com perguntas abertas e fechadas, e abordagem pessoal em domicílios. Será realizada uma amostragem aleatória em três estágios: proporcional (bairros), simples (quadras) e sistemática (domicílios). Dentro dos bairros serão sorteadas quadras, sendo que nas quadras sorteadas, os domicílios serão selecionados por amostragem sistemática. Nas regiões de grande concentração de prédios, serão entrevistados passantes e moradores das quadras selecionadas. Será realizada apenas uma entrevista por residência com o morador, eleitor do município, apto a responder a pesquisa. ";"A pesquisa tem como população alvo o eleitorado do município de Foz do Iguaçu. A amostra é baseada em uma margem de erro de 4% e intervalo de confiança de 95%, resultando em 600 eleitores. As ponderações utilizadas na pesquisa serão: Sexo – Masculino: 46,9%/ Feminino: 53,1%; Faixa etária (anos)- 16 a 24: 17,1%/25 a 34 anos: 23,4%/ 35 a 44: 21,8%/ 45 a 59: 24,6%/ 60 anos ou mais = 13,1%; Grau de instrução –Até o Ensino Fundamental Completo: 54,9 %/ Ensino Médio Completo e Incompleto: 36,6%/ Superior Completo e Incompleto: 8,5 %.O nível econômico (salários mínimos nacional) – 0 a 2 s.m.: 57% / 2 a 5 s.m.: 30% / acima de 5 s. m.: 13%. ";"Todas as entrevistas serão aplicadas por entrevistadores do quadro próprio da empresa devidamente treinados sendo estes eleitores e moradores de fora da cidade pesquisada e acompanhados em campo por coordenador que além de fiscalizar o trabalho dos entrevistadores os distribui proporcionalmente em campo, a fim de cobrir todas as áreas a serem entrevistadas, respeitando criteriosamente as cotas e perfis estabelecidos na metodologia, além de fazer uma checagem de pelo menos 25% dos questionários realizados. Todos os questionários são assinados e identificados com o RG de cada pesquisador que o aplicou em campo. ";"Foram considerados na pesquisa os bairros pertencentes a 7regiões do município de Foz do Iguaçu, com as respectivas ponderações - Região do Três Lagoas (Região 1): 8,9% / Região da Vila C (Região 2): 13,3% / Região do São Francisco, Morumbi e Campos do Iguaçu(Região 3): 23,4% / Regiões do Porto Meira (Região 4): 12,1% / Região do Jardim São Paulo e da Vila Carimã (Região 5): 8,0% / Região do Centro, do Jardim América e Vila Yolanda (Região 6): 19,4% / Região do Parque Imperatriz e Vila A (Região 7): 14,9%. (Fonte de dados: IBGE,2012)."
"27/02/2023";"15:36:19";2014;3;"Eleições Gerais 2014";"PR";"PR";"PARANÁ";"PR000142014";"2014-08-08 00:00:00";"#NE";"07630546000175";"DATAFOLHA INSTITUTO DE PESQUISAS LTDA.";"#NE";"Governador, Senador";"2014-08-12 00:00:00";"2014-08-14 00:00:00";1248;"72.49A";"Renata Nunes César";"81415,38";"Pesquisa do tipo quantitativo, por amostragem, com aplicação de questionário estruturado e abordagem pessoal em pontos de fluxo populacional. O conjunto do eleitorado do Estado do Paraná com 16 anos ou mais foi tomado como universo da pesquisa.";"Universo: Eleitorado do Estado do Paraná, com 16 anos ou mais. Tamanho da amostra: A amostra prevista é de 1.248 entrevistas. Técnica de amostragem: A amostra é estratificada por porte dos municípios e natureza dos municípios (região metropolitana ou interior). Em cada estrato, num primeiro estágio, são sorteados os municípios que farão parte do levantamento. Num segundo estágio, são sorteados os bairros e pontos de abordagem onde serão aplicadas as entrevistas.  Por fim, os entrevistados são selecionados aleatoriamente para responder ao questionário, de acordo com cotas de sexo e faixa etária. Nessa amostra, o estrato referente à capital foi desproporcionalizado para permitir detalhamento. Nos resultados finais, as corretas proporções serão restabelecidas através de ponderação. A amostra prevista é de 1.248 questionários, sendo 416 na capital. Os dados utilizados para definição e seleção da amostra são baseados no TSE (eleitorado julho 2014) e IBGE (Censo 2010 e Estimativas 2013). Os dados relativos a sexo e faixa etária são: Sexo masculino 48%, feminino: 52%, 16 a 24 anos 16%, 25 a 34 anos 22%, 35 a 44 anos 20%, 45 a 59 anos 25% e 60 anos ou mais 17%. Ponderação dos resultados: No processamento dos dados é realizada ponderação referente à proporção de cada cidade na amostra para correta representação. Está prevista a eventual ponderação para correção nos tamanhos dos segmentos da tabela acima considerando as variáveis sexo e faixa etária. Para as variáveis grau de instrução e nível econômico do entrevistado (renda familiar mensal), o fator previsto para ponderação é 1 (resultados obtidos em campo). Área física: Serão realizadas entrevistas em 46 municípios, localizados no Estado do Paraná. Margem de Erro: A margem de erro máxima prevista é de 3 pontos percentuais para mais ou para menos, considerando um nível de confiança de 95%. Os intervalos de confiança serão calculados considerando os resultados obtidos para um nível de confiança de 95%.";"Os pesquisadores envolvidos na realização desta pesquisa são treinados pelo Instituto e recebem instruções específicas para cada projeto realizado. A maior parte da coleta será feita com a utilização de tablet e questionário eletrônico. São checados, no mínimo, 30% dos questionários de cada pesquisador, seja in loco por supervisores de campo ou, posteriormente, por telefone. Internamente, todo o material é verificado e codificado. Antes do processamento final e emissão dos resultados, realiza-se processo de consistência dos dados.";"A relação completa dos municípios e bairros pesquisados será encaminhada a esse tribunal posteriormente, até o sétimo dia seguinte à data de registro da pesquisa, conforme a Resolução 23.400/2013 do TSE, no art.2º §5º."
"27/02/2023";"15:36:19";2014;3;"Eleições Gerais 2014";"PR";"PR";"PARANÁ";"PR000282014";"2014-08-28 00:00:00";"#NE";"07217379000135";"VOX DATA PESQUISA ASSESSORIA E PUBLICIDADE LTDA - ME";"#NE";"Governador, Senador, Deputado Federal, Deputado Estadual";"2014-09-01 00:00:00";"2014-09-03 00:00:00";500;"7655-A";"Augusto da Silva Rocha";"5000,00";"A abordagem utilizada consiste na aplicação de uma amostragem aleatória representativa da população residente com 16 anos ou mais de idade. 
A amostra é selecionada em dois estágios sendo que no primeiro faz-se uma divisão da amostra proporcionalmente ao número de habitantes acima de 16 anos de idade dentro de cada área geográfica intra-municipal.
No segundo estágio, para cada área geográfica, os respondentes são selecionados aleatoriamente respeitando-se quotas proporcionais controladas por região geográfica, sexo e faixa etária, de acordo com o perfil da população em estudo.";"Para um intervalo de confiança de 95% e um tamanho de amostra de 500 entrevistas, a margem de erro máxima estimada foi de 4,38 pontos percentuais, para mais ou para menos.

Em função da abordagem utilizada no segundo estágio (amostragem por cotas), as ponderações por sexo e idade não são necessárias, pois, sendo conhecidas essas características da população, o método adotado consiste em retomar tais características na amostra, em proporções reduzidas. Neste caso, espera-se que a composição da amostra, por sexo e idade, seja proporcionalmente semelhante àquela da população. Entretanto, caso as proporções da amostra não sejam semelhantes àquelas da população em estudo, as ponderações serão realizadas de acordo com as informações do Censo Demográfico de 2010 e TSE Jun/14.
Em anexo a este plano amostral, são apresentadas nos quadros 1, 2 e 3, respectivamente, os fatores de ponderação por sexo, idade,  escolaridade e renda  segundo informações do Censo Demográfico de 
2010 (IBGE). 
Quadro 1 – Distribuição por Faixa Etária e Sexo
Faixa Etária	Masculino	Feminino	Total
16 a 17 anos	3	0,6%	4	0,8%	7	1,4%
18 a 24 anos	38	7,7%	40	8,1%	78	15,8%
25 a 34 anos	55	11,0%	59	11,8%	114	22,8%
35 a 44 anos	47	9,5%	54	10,8%	101	20,3%
45 a 59 anos	56	11,3%	67	13,4%	123	24,7%
60 anos ou mais	36	6,9%	41	8,1%	77	15,0%
Total	235	47,0%	265	53,0%	500	100,0%

Quadro2 – Distribuição por Escolaridade
Escolaridade	%
Até  1º.Grau Incompleto	44,5%
1º.Grau Completo até 2º. Grau Incompleto	30,7%
2º.Grau Completo até Superior Incompleto	19,9%
Superior Completo	4,9%
 	 
Total	100,0%

Quadro3 – Distribuição por Renda Mensal Domiciliar (Salário Mínimo)
Renda	%
Até  1 SM	15,8%
De 1 à 2 SM	22,3%
De 2 à 5 SM	37,9%
De 5 à 10 SM	16,3%
Mais de 10 SM	7,7%
 	 
Total	100,0%";"O Sistema interno de controle, verificação, conferência e fiscalização da coleta de dados, do trabalho de campo é assim descrito: durante os trabalhos de campo, 20% das entrevistas são refeitas pelos supervisores das equipes, para checar a veracidade das entrevistas e das respostas registradas pelos entrevistadores. Alem da checagem de 20% das entrevistas (externa),internamente, os dados de diferentes questões são pré-processados e cruzados entre si, permitindo fazer-se a critica dos mesmos, para verificação de eventuais inconsistências, ou seja, se existem conflitos ou contradições as respostas dadas pelos eleitores durante as entrevistas ou eventuais erros dos entrevistadores ao assinalarem aquelas respostas. Caso os testes internos comprovem a ocorrência de inconsistências nas quotas de um dos entrevistadores inferior a 3%, a quota dele é validada, mas as entrevistas comprometidas são excluídas da amostra (para poderem fazer a eventual reposição de entrevistas canceladas neste filtro, em geral, os institutos de pesquisa colhem amostras superiores as registradas), se o número de inconsistências verificado for superior a 3%, o entrevistador é afastado da empresa, a quota de entrevistas feitas por ele é cancelada e a parcela do campo comprometida ( a quota dele) é refeita integralmente. ";"#NULO#"
"27/02/2023";"15:36:19";2014;3;"Eleições Gerais 2014";"PR";"PR";"PARANÁ";"PR000442014";"2014-09-26 00:00:00";"#NE";"04914964000104";"REAL PESQUISAS LTDA";"#NE";"Governador, Deputado Federal, Deputado Estadual";"2014-09-29 00:00:00";"2014-10-01 00:00:00";629;"8128-A ";"Nilson Lopes dos Santos";"5000,00";" Pesquisa quantitativa de amostragem aleatória simples, com abordagem pessoal e aplicação de questionário estruturado em pontos de fluxo populacional, por amostragem. ";" Para o universo de eleitores da cidade de Toledo com 16 anos ou mais a amostra prevista é de 629 entrevistas. Essa amostra será aplicada proporcionalmente ao número de eleitores da cidade tomando como base os dados do TSE do cadastro de eleitores de julho de 2014 sendo as entrevistas realizadas nos arredores/proximidades dos locais das seções eleitorais conforme descrito no quadro apropriado deste registro. Também será feita ponderação dos eleitores quanto a sexo (52% do sexo feminino e 48% do sexo masculino) e faixa etária (16 a 24 anos com 16%, 25 a 34 anos com 23%, 35 a 44 anos com 20%, 44 a 59 anos com 26% e eleitores com 60 anos ou mais 16%). Para as variáveis grau de instrução e renda familiar o fator de ponderação é igual a 1 (não haverá correção uma vez que a pesquisa não é feita por cotas, sendo considerados os valores em campo que serão apresentados no relatório da pesquisa). A margem de erro máxima prevista é de 3,1 pontos percentuais para mais ou para menos, considerando um nível de confiança de 94%. ";"A equipe responsável pelo trabalho de campo será especificamente instruída para os fins previstos, recebendo recomendações técnicas e orientações para aplicação do questionário, de acordo com os procedimentos usuais em investigações quantitativas, especialmente as recomendações subscritas pela ANEP – Associação Nacional das Empresas de Pesquisas. O trabalho de campo é acompanhado pela gerência operacional da Sigha Pesquisas, que mantém contato permanente com as equipes externas. Além deste acompanhamento o supervisor da equipe fará verificação em campo de entrevistas e uma parcela de 20% dos questionários são confrontados também por telefone. A crítica dos questionários será feita em vários momentos para que na ocorrência de dúvidas ou problemas o questionário retorne ao entrevistador. Os dados serão processados eletronicamente registrando os questionários com software específico para pesquisa e em equipamentos próprios. A consistência dos dados será obtida através de sucessivos cruzamentos de dados, verificações e testes estatísticos que visavam todos detectar falhas de preenchimento ou digitação. Caso seja detectado algum defeito, buscar-se-á sua causa e aplicar-se-á método adequado para solucioná-la. O processo também é testado por um sistema de auditoria operacional interno, onde uma parcela dos questionários será selecionada e seus dados confrontados com os arquivos eletrônicos. ";"Foram escolhidas localidades que possuem mais de 1% dos eleitores da cidade, a distribuição dos questionários foi feito observando-se a proporcionalidade de eleitores destas localidades. Desta forma foram assim distribuídos. CENTRO	27,54%	173 JARDIM PORTO ALEGRE	7,82%	49 JARDIM PANORAMA	6,81%	43 VILA PIONEIRO	6,39%	40 JARDIM EUROPA	5,13%	32 VILA INDUSTRIAL	4,92%	31 BOA ESPERANCA	4,66%	29 JARDIM MARACANA	4,37%	27 VILA PIONEIRO	3,71%	23 JARDIM COOPAGRO	3,56%	22 CONJUNTO HABITACIONAL SAO FRANCISCO	3,32%	21 JARDIM COOPAGRO	3,19%	20 JARDIM AMERICA	3,14%	20 CESAR PARK	2,84%	18 NOVO SARANDI - ZONA RURAL	2,53%	16 VILA OPERARIA	2,49%	16 JARDIM GISELA	2,48%	16 "
"27/02/2023";"15:36:19";2014;3;"Eleições Gerais 2014";"PR";"PR";"PARANÁ";"PR000452014";"2014-09-26 00:00:00";"#NE";"07630546000175";"DATAFOLHA INSTITUTO DE PESQUISAS LTDA.";"#NE";"Governador, Senador";"2014-10-01 00:00:00";"2014-10-02 00:00:00";1392;"72.49A";"Renata Nunes César";"81415,38";"Pesquisa do tipo quantitativo, por amostragem, com aplicação de questionário estruturado e abordagem pessoal em pontos de fluxo populacional. O conjunto do eleitorado do Estado do Paraná com 16 anos ou mais foi tomado como universo da pesquisa.";"Universo: Eleitorado do Estado do Paraná, com 16 anos ou mais. Tamanho da amostra: A amostra prevista é de 1.392 entrevistas. Técnica de amostragem: A amostra é estratificada por porte dos municípios e natureza dos municípios (região metropolitana ou interior). Em cada estrato, num primeiro estágio, são sorteados os municípios que farão parte do levantamento. Num segundo estágio, são sorteados os bairros e pontos de abordagem onde serão aplicadas as entrevistas.  Por fim, os entrevistados são selecionados aleatoriamente para responder ao questionário, de acordo com cotas de sexo e faixa etária. Nessa amostra, o estrato referente à capital foi desproporcionalizado para permitir detalhamento. Nos resultados finais, as corretas proporções serão restabelecidas através de ponderação. A amostra prevista é de 1.392 questionários, sendo 416 na capital. Os dados utilizados para definição e seleção da amostra são baseados no TSE (eleitorado julho 2014) e IBGE (Censo 2010 e Estimativas 2014). Os dados relativos a sexo e faixa etária são: Sexo masculino 48%, feminino: 52%, 16 a 24 anos 16%, 25 a 34 anos 22%, 35 a 44 anos 20%, 45 a 59 anos 25% e 60 anos ou mais 17%. Ponderação dos resultados: No processamento dos dados é realizada ponderação referente à proporção de cada cidade na amostra para correta representação. Está prevista a eventual ponderação para correção nos tamanhos dos segmentos da tabela acima considerando as variáveis sexo e faixa etária. Para as variáveis grau de instrução e nível econômico do entrevistado (renda familiar mensal), o fator previsto para ponderação é 1 (resultados obtidos em campo). Área física: Serão realizadas entrevistas em 54 municípios, localizados no Estado do Paraná. Margem de Erro: A margem de erro máxima prevista é de 3 pontos percentuais para mais ou para menos, considerando um nível de confiança de 95%. Os intervalos de confiança serão calculados considerando os resultados obtidos para um nível de confiança de 95%.";"Os pesquisadores envolvidos na realização desta pesquisa são treinados pelo Instituto e recebem instruções específicas para cada projeto realizado. A maior parte da coleta será feita com a utilização de tablet e questionário eletrônico. São checados, no mínimo, 30% dos questionários de cada pesquisador, seja in loco por supervisores de campo ou, posteriormente, por telefone. Internamente, todo o material é verificado e codificado. Antes do processamento final e emissão dos resultados, realiza-se processo de consistência dos dados.";"A relação completa dos municípios e bairros pesquisados será encaminhada a esse tribunal posteriormente, até o sétimo dia seguinte à data de registro da pesquisa, conforme a Resolução 23.400/2013 do TSE, no art.2º §5º."
"27/02/2023";"15:36:19";2014;3;"Eleições Gerais 2014";"PR";"PR";"PARANÁ";"PR000472014";"2014-09-29 00:00:00";"#NE";"68802370000186";"IBOPE INTELIGÊNCIA PESQUISA E CONSULTORIA LTDA. ";"#NE";"Governador, Senador";"2014-09-29 00:00:00";"2014-10-04 00:00:00";1512;"6208-A";"Márcia Cavallari Nunes";"90720,00";"Pesquisa quantitativa, que consiste na realização de entrevistas pessoais com a aplicação de questionário estruturado junto a uma amostra representativa do eleitorado em estudo.";"Representativa do eleitorado da área em estudo, elaborada em três estágios.
No primeiro estágio faz-se um sorteio probabilístico dos municípios, onde as entrevistas serão realizadas, pelo método PPT (Probabilidade Proporcional ao Tamanho), tomando o eleitorado como base para tal seleção.
No segundo estágio faz-se um sorteio probabilístico dos setores censitários, onde as entrevistas serão realizadas, pelo método PPT (Probabilidade Proporcional ao Tamanho), tomando a população de 16 anos ou mais residente nos setores como base para tal seleção. No terceiro e último estágio, dentro dos setores sorteados, os respondentes são selecionados através de quotas amostrais proporcionais em função de variáveis significativas, a saber:IDADE: 16-24 (masculino) 19% (feminino) 17%; 25-34 (masculino) 23% (feminino) 23%; 35-44 (masculino) 21% (feminino) 21%; 45-54 (masculino) 18% (feminino) 19%; 55 e+ (masculino) 19% (feminino) 20%; INSTRUÇÃO: Até Ensino Médio (masculino) 82% (feminino) 78%; Ensino Superior (masculino) 18% (feminino) 22%; NÍVEL ECONÔMICO: Economicamente ativo (masculino) 83% (feminino) 60%; Não Economicamente ativo (masculino) 17% (feminino) 40%. 
Está prevista eventual ponderação para correção das variáveis sexo e idade, com base nos percentuais anteriormente mencionados, caso ocorram diferenças superiores a 3 pontos percentuais entre o previsto na amostra e a coleta de dados realizada. Para as variáveis de grau de instrução e nível econômico do entrevistado, o fator previsto para ponderação é 1 (resultados obtidos em campo). O nível de confiança estimado é de 95% e a margem de erro máxima estimada considerando um modelo de amostragem aleatório simples, é de 3 (três) pontos percentuais para mais ou para menos sobre os resultados encontrados no total da amostra.
FONTE DOS DADOS: Censo 2010 | PNAD 2012 | TSE 2014 | Entre outras.
";"Para a realização da pesquisa, utiliza-se uma equipe de entrevistadores e supervisores contratados pelo IBOPE INTELIGÊNCIA PESQUISA E CONSULTORIA LTDA. devidamente treinados para o trabalho. Após os trabalhos de campo, os questionários são submetidos a uma fiscalização de cerca de 20% (vinte por cento) dos questionários aplicados pelos entrevistadores; para verificação das respostas e da adequação dos entrevistados aos parâmetros amostrais.";"A área de abrangência da coleta é o Estado do Paraná. A Relação de municípios selecionados para aplicação da amostra será apresentada até o 7º dia seguinte ao Registro da pesquisa, conforme expresso no art. 2º § 5º da resolução 23.400/2013 do TSE."
"27/02/2023";"15:36:19";2014;3;"Eleições Gerais 2014";"PR";"PR";"PARANÁ";"PR000262014";"2014-08-21 00:00:00";"#NE";"06195852000168";"Data Vox Brasil Assessoria e Pesquisa Ltda - ME";"#NE";"Governador, Senador";"2014-08-22 00:00:00";"2014-08-27 00:00:00";1536;"9834-A";"Diego Henrique Carvalho Camacho";"49500,00";"A pesquisa quantitativa, que consiste na realização de entrevistas pessoais residenciais, com aplicação de questionário estruturado junto a uma amostra representativa do eleitorado em estudo. O conjunto de eleitorado do estado do Paraná foi tomado como universo da pesquisa. 
";"O Planejamento amostral consiste em uma ASS (amostragem aleatória simples) feita em 3 (três) estágios, sendo o primeiro estágio o sorteio das cidades do estado (feito proporcionalmente de acordo com o numero de eleitores de cada cidade), o segundo estagio são sorteados os setores censitários de cada cidade (os setores censitários seguem divisão feita pelo IBGE no ultimo senso), no terceiro e último estágio, dentro dos setores sorteados, os respondentes são selecionados através de quotas amostrais proporcionais em função de variáveis significativas, a saber: Sexo, Idade, Grau de instrução e Nível Econômico, de acordo com o perfil do eleitorado. A amostra de 1536 entrevistas nos permite fazer inferências sobre o universo pesquisado (eleitores do estado do Paraná) com uma margem de erro máxima aproximada de 2,5 pontos percentuais para mais ou para menos com um intervalo de confiança de 95,0%. As ponderações feitas para sexo e faixa etária serão de acordo com as ultimas estatísticas do TSE (julho 2014) que são Sexo Masculino (48%), Sexo Feminino (52%) Faixa Etária: 16 a 24 anos (15,8%), 25 a 34 anos (22,0%), 35 a 44 anos (20,0%), 45 a 59 anos (25,2%) e acima de 60 anos (17,0%) e para renda familiar e mensal e grau de escolaridade o fator previsto para ponderação é igual a 1 (não haverá correções por renda familiar e grau de escolaridade, uma vez que a pesquisa não é feita por quotas, sendo considerado os valores encontrados no campo, os quais serão apresentados no relatório da pesquisa). FONTE: TSE 2014 E IBGE CENSO 2010 ";"Os entrevistadores utilizados pela empresa são selecionados e treinados para o trabalho de campo, cada entrevistador estará identificado com crachá contendo o nome da empresa e o telefone da mesma. Os coordenadores de campo acompanharão ""in loco"" a coleta de dados, além de serem conferidos posteriores a partir do telefone do entrevistado ou endereço (pelo menos 20% dos entrevistados) para garantir a veracidade dos dados. Internamente, todo o material é criticado, codificado, digitado e, antes do processamento final, realiza-se a conferência da digitação (consistência dos dados). ";"A área de abrangência da coleta dos dados é o Estado do Paraná. A Relação com os municípios selecionados para aplicação da amostra será informada até o 7 dia seguinte ao Registro da pesquisa, conforme previsto no art. 2º § 5º da resolução 23.400/2013 do TSE. 
"
"27/02/2023";"15:36:19";2014;3;"Eleições Gerais 2014";"PR";"PR";"PARANÁ";"PR000212014";"2014-08-14 00:00:00";"#NE";"04914964000104";"REAL PESQUISAS LTDA";"#NE";"Governador, Deputado Federal, Deputado Estadual";"2014-08-15 00:00:00";"2014-08-17 00:00:00";629;"8128-A";"Nilson Lopes dos Santos";"5000,00";"Pesquisa quantitativa de amostragem aleatória simples, com abordagem pessoal e aplicação de questionário estruturado em pontos de fluxo populacional, por amostragem. 
";"Para o universo de eleitores da cidade de Toledo com 16 anos ou mais a amostra prevista é de 629 entrevistas. Essa amostra será aplicada proporcionalmente ao número de eleitores da cidade tomando como base os dados do TSE do cadastro de eleitores de julho de 2014 sendo as entrevistas realizadas nos arredores/proximidades dos locais das seções eleitorais conforme descrito no quadro apropriado deste registro.  Também será feita ponderação dos eleitores quanto a sexo (52% do sexo feminino e 48% do sexo masculino) e faixa etária (16 a 24 anos com 16%, 25 a 34 anos com 23%, 35 a 44 anos com 20%, 44 a 59 anos com 26% e eleitores com 60 anos ou mais 16%). Para as variáveis grau de instrução e renda familiar o fator de ponderação é igual a 1 (não haverá correção uma vez que a pesquisa não é feita por cotas, sendo considerados os valores em campo que serão apresentados no relatório da pesquisa).
A margem de erro máxima prevista é de 3,1 pontos percentuais para mais ou para menos, considerando um nível de confiança de 94%.

";"A equipe responsável pelo trabalho de campo será especificamente instruída para os fins previstos, recebendo recomendações técnicas e orientações para aplicação do questionário, de acordo com os procedimentos usuais em investigações quantitativas, especialmente as recomendações subscritas pela ANEP – Associação Nacional das Empresas de Pesquisas. 
O trabalho de campo é acompanhado pela gerência operacional da Sigha  Pesquisas, que mantém contato permanente com as equipes externas. 
Além deste acompanhamento o supervisor da equipe fará verificação em campo de entrevistas e uma parcela de 20% dos questionários são confrontados também por telefone.
A crítica dos questionários será feita em vários momentos para que na ocorrência de dúvidas ou problemas o questionário retorne ao entrevistador. Os dados serão processados eletronicamente registrando os questionários com software específico para pesquisa e em equipamentos próprios. 
A consistência dos dados será obtida através de sucessivos cruzamentos de dados, verificações e testes estatísticos que visavam todos detectar falhas de preenchimento ou digitação. Caso seja detectado algum defeito, buscar-se-á sua causa e aplicar-se-á método adequado para solucioná-la.
O processo também é testado por um sistema de auditoria operacional interno, onde uma parcela dos questionários será selecionada e seus dados confrontados com os arquivos eletrônicos. 

";"Foram escolhidas localidades que possuem mais de 1% dos eleitores da cidade, a distribuição dos questionários foi feito observando-se a proporcionalidade de eleitores destas localidades. Desta forma foram assim distribuídos.
CENTRO	27,54%	173
JARDIM PORTO ALEGRE	7,82%	49
JARDIM PANORAMA	6,81%	43
VILA PIONEIRO	6,39%	40
JARDIM EUROPA	5,13%	32
VILA INDUSTRIAL	4,92%	31
BOA ESPERANCA	4,66%	29
JARDIM MARACANA	4,37%	27
VILA PIONEIRO	3,71%	23
JARDIM COOPAGRO	3,56%	22
CONJUNTO HABITACIONAL SAO FRANCISCO	3,32%	21
JARDIM COOPAGRO	3,19%	20
JARDIM AMERICA	3,14%	20
CESAR PARK	2,84%	18
NOVO SARANDI - ZONA RURAL	2,53%	16
VILA OPERARIA	2,49%	16
JARDIM GISELA	2,48%	16

"
"27/02/2023";"15:36:19";2014;3;"Eleições Gerais 2014";"PR";"PR";"PARANÁ";"PR000312014";"2014-09-04 00:00:00";"#NE";"07630546000175";"DATAFOLHA INSTITUTO DE PESQUISAS LTDA.";"#NE";"Governador, Senador";"2014-09-08 00:00:00";"2014-09-09 00:00:00";1248;"72.49A";"Renata Nunes César";"81415,38";"Pesquisa do tipo quantitativo, por amostragem, com aplicação de questionário estruturado e abordagem pessoal em pontos de fluxo populacional. O conjunto do eleitorado do Estado do Paraná com 16 anos ou mais foi tomado como universo da pesquisa.";"Universo: Eleitorado do Estado do Paraná, com 16 anos ou mais. Tamanho da amostra: A amostra prevista é de 1.248 entrevistas. Técnica de amostragem: A amostra é estratificada por porte dos municípios e natureza dos municípios (região metropolitana ou interior). Em cada estrato, num primeiro estágio, são sorteados os municípios que farão parte do levantamento. Num segundo estágio, são sorteados os bairros e pontos de abordagem onde serão aplicadas as entrevistas.  Por fim, os entrevistados são selecionados aleatoriamente para responder ao questionário, de acordo com cotas de sexo e faixa etária. Nessa amostra, o estrato referente à capital foi desproporcionalizado para permitir detalhamento. Nos resultados finais, as corretas proporções serão restabelecidas através de ponderação. A amostra prevista é de 1.248 questionários, sendo 416 na capital. Os dados utilizados para definição e seleção da amostra são baseados no TSE (eleitorado julho 2014) e IBGE (Censo 2010 e Estimativas 2013). Os dados relativos a sexo e faixa etária são: Sexo masculino 48%, feminino: 52%, 16 a 24 anos 16%, 25 a 34 anos 22%, 35 a 44 anos 20%, 45 a 59 anos 25% e 60 anos ou mais 17%. Ponderação dos resultados: No processamento dos dados é realizada ponderação referente à proporção de cada cidade na amostra para correta representação. Está prevista a eventual ponderação para correção nos tamanhos dos segmentos da tabela acima considerando as variáveis sexo e faixa etária. Para as variáveis grau de instrução e nível econômico do entrevistado (renda familiar mensal), o fator previsto para ponderação é 1 (resultados obtidos em campo). Área física: Serão realizadas entrevistas em 46 municípios, localizados no Estado do Paraná. Margem de Erro: A margem de erro máxima prevista é de 3 pontos percentuais para mais ou para menos, considerando um nível de confiança de 95%. Os intervalos de confiança serão calculados considerando os resultados obtidos para um nível de confiança de 95%.";"Os pesquisadores envolvidos na realização desta pesquisa são treinados pelo Instituto e recebem instruções específicas para cada projeto realizado. A maior parte da coleta será feita com a utilização de tablet e questionário eletrônico. São checados, no mínimo, 30% dos questionários de cada pesquisador, seja in loco por supervisores de campo ou, posteriormente, por telefone. Internamente, todo o material é verificado e codificado. Antes do processamento final e emissão dos resultados, realiza-se processo de consistência dos dados.";"A relação completa dos municípios e bairros pesquisados será encaminhada a esse tribunal posteriormente, até o sétimo dia seguinte à data de registro da pesquisa, conforme a Resolução 23.400/2013 do TSE, no art.2º §5º."
"27/02/2023";"15:36:19";2014;3;"Eleições Gerais 2014";"PR";"PR";"PARANÁ";"PR000362014";"2014-09-13 00:00:00";"#NE";"11371501000109";"INSTITUTO PORTINARI MULTICULTURAL LTDA";"#NE";"Governador, Senador";"2014-09-16 00:00:00";"2014-09-18 00:00:00";602;"8653-A";"ADERCIO APARECIDO DE MELO";"8000,00";"A técnica utilizada para a realização desta pesquisa é a amostragem probabilística domiciliar, selecionando a amostra em dois estágios. No primeiro estágio são selecionados os setores onde as entrevistas serão realizadas, através do método de 'Probabilidade Proporcional ao Tamanho', tendo como base o número de Eleitores em cada um desses setores. No segundo estágio foi feita a seleção dos entrevistados utilizando-se quotas proporcionais ao perfil da população em função das variáveis populacionais sexo, idade, nível econômico e grau de instrução, tendo como base para isso os dados disponíveis no TSE e no IBGE. Os dados foram processados e tabulados por um sistema informatizado de processamento de dados. ";"Número de Eleitores TSE 352.796 47% MASCULINO 53% FEMININO População Censitária -Total IBGE 2010 506.701 habitantes REGIÃO URBANA DO MUNICÍPIO: NORTE: 25% das entrevistas SUL: 15% das entrevistas CENTRO: 22% das entrevistas LESTE: 18% das entrevistas OESTE: 20% das entrevistas. ZONA ELEITORAL: 41ª. Zona Eleitoral 14,3%, 42ª. Zona Eleitoral 11,6%, 146ª. Zona Eleitoral 5,5%, 157ª. Zona Eleitoral 21,1%, 189ª. Zona Eleitoral 11,4 %, 190ª. Zona Eleitoral 20,3%, 191ª. Zona Eleitoral 15,9%. FAIXA ETÁRIA 0 a 9 Anos 13,0% 10 a 19 Anos 16,0% 20 a 34 Anos 25,5% 35 a 59 Anos 32,5% 60 Anos e + 13,0% GRAU DE INSTRUÇÃO ANALFABETO 7,0% PRIMÁRIO 35,0% SECUNDÁRIO 46,0% SUPERIOR 12,0% Critério de Classificação Econômica Brasil O Critério de Classificação Econômica Brasil, enfatiza sua função de estimar o poder de compra das pessoas e famílias urbanas, abandonando a pretensão de classificar a população em termos de “classes sociais”. A divisão de mercado definida abaixo é exclusivamente de classes econômicas. Classe econômica A1 são aquelas pessoas que têm renda familiar média mensal a partir de R$9.733,47 segundo a ABEP Critério Brasil; Classe econômica A2 são aquelas pessoas que têm renda familiar média mensal de R$6.563,73 a R$9.733,46 segundo a ABEP Critério Brasil; Classe econômica B1 são aquelas pessoas que têm renda familiar média mensal de R$3.479,36 a R$6.563,72 segundo a ABEP Critério Brasil; Classe econômica B2 são aquelas pessoas que têm renda familiar média mensal de R$2.012,67 a R$3.479,35 segundo a ABEP Critério Brasil; Classe econômica C são aquelas pessoas que têm renda familiar média mensal de R$726,26 a R$2.012,66 segundo a ABEP Critério Brasil; Classe econômica D são aquelas pessoas que têm renda familiar média mensal de R$484,97 a R$726,25 segundo a ABEP Critério Brasil; Classe econômica E são aquelas pessoas que têm renda familiar média mensal de R$276,70 a R$484,96 segundo a ABEP Critério Brasil; A margem de erro é de três pontos percentuais para mais ou para menos, com intervalo de confiança de 95% (noventa e cinco por cento), considerando a variância máxima igual a p=0,50. ";"Após cuidadoso planejamento e a escolha dos bairros da região da cidade, os pesquisadores vão a campo para a coleta de dados. No questionário, além das perguntas específicas da pesquisa, consta o endereço do domicílio visitado e o nome da pessoa entrevistada. Obtidos os dados, eles são cuidadosamente criticados, à procura de possíveis falhas, imperfeições e erros que possam influir sensivelmente nos resultados. Paralelamente a isto, são sorteados alguns domicílios e é feita nova visita ou telefonema para saber se realmente aquela entrevista foi realizada. Finalmente, os dados são processados e totalizados para a confecção de tabelas e gráficos. ";"Método: 1ª. Etapa: Amostragem probabilística domiciliar, estratificada por cotas. A amostra é estratificada, dividida em categorias que correspondem à divisão do público a ser entrevistado quanto a sexo, grau de instrução, região da cidade, classe social e faixa etária. BAIRROS VISITADOS: Norte (01): Coliseu, Jd. Império do Sol, Pacaembu, Sta Mônica, Alpes, Ouro Verde. Norte (02): Parigot de Souza, José Giordano, Vivi Xavier, Violin, Maria Cecília, Semiramis. Norte (03): Catuaí, Novo Amparo, Lindoia, Mister Thomas, Farid Libos. Sul (01): Guanabara, Cláudia, Bela Suiça, Petrópolis, Mediterrâneo, Palhano. Sul (02): Cafezal, São Lourenço, Três Marcos, Jamile Dequech, Ouro Branco, União da Vitória. Centro(01): Agari, Vila Nova, Recreio, Vila Portuguesa, Casoni. Centro (02): Jd. Canadá, Londrilar, Quadrilátero Central Goias. Centro (03): Vila Brasil, Higienópolis, Ypiranga, Londrilar, Ipanema. Leste (01): Sta Teresinha, Castelo, Ernani Moura Lima, Yara,Waldemar Hauer, Vila Isabel, Ideal. Leste (02): Brasilia, Aeroporto, Antares, Cervejaria, Interlagos, Morumbi. Oeste (01): Quebec, Araxá, Bancários, Champagnat, San Remo, Jd. Edy. Oeste (02): Bandeirantes, Jamaica, Industrial, Tókio, Olímpico, Sabará. Oeste (03): Shangri-lá, Jd. Do Sol, Leonor, Sta Rita II, Santiago, Jd. Leste-Oeste. Rural: Warta, Paiquerê, Irerê, Guaravera, São Luiz e Patrimônio Regina. "
"27/02/2023";"15:36:19";2014;3;"Eleições Gerais 2014";"PR";"PR";"PARANÁ";"PR000422014";"2014-09-24 00:00:00";"#NE";"68802370000186";"IBOPE INTELIGÊNCIA PESQUISA E CONSULTORIA LTDA. ";"#NE";"Governador, Senador";"2014-09-24 00:00:00";"2014-09-29 00:00:00";1204;"6208-A";"Márcia Cavallari Nunes";"72240,00";"Pesquisa quantitativa, que consiste na realização de entrevistas pessoais com a aplicação de questionário estruturado junto a uma amostra representativa do eleitorado em estudo.";"Representativa do eleitorado da área em estudo, elaborada em três estágios.
No primeiro estágio faz-se um sorteio probabilístico dos municípios, onde as entrevistas serão realizadas, pelo método PPT (Probabilidade Proporcional ao Tamanho), tomando o eleitorado como base para tal seleção.
No segundo estágio faz-se um sorteio probabilístico dos setores censitários, onde as entrevistas serão realizadas, pelo método PPT (Probabilidade Proporcional ao Tamanho), tomando a população de 16 anos ou mais residente nos setores como base para tal seleção. No terceiro e último estágio, dentro dos setores sorteados, os respondentes são selecionados através de quotas amostrais proporcionais em função de variáveis significativas, a saber: 
IDADE: 16-24 (masculino) 19% (feminino) 17%; 25-34 (masculino) 23% (feminino) 23%; 35-44 (masculino) 21% (feminino) 21%; 45-54 (masculino) 18% (feminino) 19%; 55 e+ (masculino) 19% (feminino) 20%; INSTRUÇÃO: Até Ensino Médio (masculino) 82% (feminino) 78%; Ensino Superior (masculino) 18% (feminino) 22%; NÍVEL ECONÔMICO: Economicamente ativo (masculino) 82% (feminino) 60%; Não Economicamente ativo (masculino) 18% (feminino) 40%. 
Está prevista eventual ponderação para correção das variáveis sexo e idade, com base nos percentuais anteriormente mencionados, caso ocorram diferenças superiores a 3 pontos percentuais entre o previsto na amostra e a coleta de dados realizada. Para as variáveis de grau de instrução e nível econômico do entrevistado, o fator previsto para ponderação é 1 (resultados obtidos em campo). O nível de confiança estimado é de 95% e a margem de erro máxima estimada considerando um modelo de amostragem aleatório simples, é de 3 (três) pontos percentuais para mais ou para menos sobre os resultados encontrados no total da amostra.
FONTE DOS DADOS: Censo 2010 | PNAD 2012 | TSE 2014 | Entre outras.
";"Para a realização da pesquisa, utiliza-se uma equipe de entrevistadores e supervisores contratados pelo IBOPE INTELIGÊNCIA PESQUISA E CONSULTORIA LTDA. devidamente treinados para o trabalho. Após os trabalhos de campo, os questionários são submetidos a uma fiscalização de cerca de 20% (vinte por cento) dos questionários aplicados pelos entrevistadores; para verificação das respostas e da adequação dos entrevistados aos parâmetros amostrais.";"A área de abrangência da coleta é o Estado do Paraná. A Relação de municípios selecionados para aplicação da amostra será apresentada até o 7º dia seguinte ao Registro da pesquisa, conforme expresso no art. 2º § 5º da resolução 23.400/2013 do TSE."
"27/02/2023";"15:36:19";2014;3;"Eleições Gerais 2014";"PR";"PR";"PARANÁ";"PR000032014";"2014-07-11 00:00:00";"#NE";"07217379000135";"VOX DATA PESQUISA ASSESSORIA E PUBLICIDADE LTDA - ME";"#NE";"Governador, Senador, Deputado Federal, Deputado Estadual";"2014-07-15 00:00:00";"2014-07-19 00:00:00";500;"7655";"Augusto da Silva Rocha";"5000,00";"A abordagem utilizada consiste na aplicação de uma amostragem aleatória representativa da população residente em Cascavel/PR, com 16 anos ou mais de idade. A amostra é selecionada em dois estágios, sendo que no primeiro faz-se uma divisão da amostra proporcionalmente ao número de habitantes acima de 16 anos de idade dentro de cada área geográfica intra-municipal. No segundo estágio, para cada área geográfica, os respondentes são selecionados respeitando-se quotas proporcionais controladas por região geográfica, sexo e faixa etária, de acordo com o perfil da população em estudo.";"""A margem de erro é de 4,38% para mais ou para menos e o índice de confiança é de 95%. O plano amostral consta de quotas proporcionais as existentes no universo de acordo com as variáveis, Região, Sexo, Faixa Etária. Escolaridade e Renda Familiar não são controladas nas quotas. Variável quanto a REGIÃO: proporcional ao setor censitário do IBGE. Faz-se o resultado após a coleta quanto a FAIXA ETÁRIA: 16 a 24   17,2%; 25 a 34  22,7%; 35 a 44  20,3%; 45 a 59  24,7%; 60 anos ou mais 15,1%; SEXO: masculino 47,0% e  feminino 53,0%; Variável quanto a ESCOLARIDADE: Até  1º.Grau Incompleto 37,8%
1º.Grau Completo até 2º. Grau Incompleto 32,8%
2º.Grau Completo até Superior Incompleto 23,6%
Superior Completo 5,8%
 Variável quanto a RENDA FAMILIAR: Até 1 SM 8,3%; Mais de 1 a 2 SM 18,6%;  Mais de 2 a 5 SM 41,7%;  Mais de 5 a 10 SM 20,1%; Acima de 10 SM 11,3%.";"O Sistema interno de controle, verificação, conferência e fiscalização da coleta de dados, do trabalho de campo é assim descrito: durante os trabalhos de campo, 20% das entrevistas são refeitas pelos supervisores das equipes, para checar a veracidade das entrevistas e das respostas registradas pelos entrevistadores. Alem da checagem de 20% das entrevistas (externa),internamente, os dados de diferentes questões são pré-processados e cruzados entre si, permitindo fazer-se a critica dos mesmos, para verificação de eventuais inconsistências, ou seja, se existem conflitos ou contradições as respostas dadas pelos eleitores durante as entrevistas ou eventuais erros dos entrevistadores ao assinalarem aquelas respostas. Caso os testes internos comprovem a ocorrência de inconsistências nas quotas de um dos entrevistadores inferior a 3%, a quota dele é validada, mas as entrevistas comprometidas são excluídas da amostra (para poderem fazer a eventual reposição de entrevistas canceladas neste filtro, em geral, os institutos de pesquisa colhem amostras superiores as registradas), se o número de inconsistências verificado for superior a 3%, o entrevistador é afastado da empresa, a quota de entrevistas feitas por ele é cancelada e a parcela do campo comprometida ( a quota dele) é refeita integralmente. ";"INTERLAGOS (Interlagos, Tarumã e Abelha), BRASMADEIRA (Brasmadeira, Tocantins 1, Tocantins 2, Rio Branco, Jardim Paraná, Garbim e Jardim Cuiabá), FLORESTA (Floresta, Clarito), BRASILIA (Alvorada, Consolata, Verdes Campos, Brasilia 1 e Brasilia 2), MORUMBI (Morumbi, Lago Azul), PERIOLO (Periolo, Jardim Belo Horizonte, Conjunto São Francisco e Ipanema), UNIVERSITÁRIO (Universitário, São Luiz, Parque Cascavel, Turisparque, Santa Catarina, Imperial e Panorâmico), SANTA FELICIDADE (Santa Felicidade, Petrópolis e Jardim Horizonte), GUARUJÁ (Guarujá, Indianara Ghislandi), XIV DE NOVEMBRO (XIV de Novembro, Esplanada, Jardim Montreal e Quebec), PARQUE SÃO PAULO (São Paulo), PIONEIROS CATARINENSE (Pioneiros Catarinenses e Ninho da Cobra), FACULDADE, JARDIM UNIÃO, CASCAVEL VELHO (Cascavel Velho, Nova Itália, Presidente e Jardim Veneza), SÃO CRISTOVÃO (São Cristovão, Loteamento Pinheiros, Jardim Aparecida, Jardim França, Primavera, Vila Aparecida), JARDIM GRAMADO, PACAEMBU (Pacaembu e Nacional), REGIÃO DO LAGO (Caravelle, Itamarati e Nova York), CATARATAS (Cataratas, Loteamento São Francisco, Colméia e Morada do Sol), CANCELLI, ALTO ALEGRE, COQUEIRAL (Coqueiral e Aclimação), PARQUE VERDE (Parque Verde, Jardim Cidade Verde e Terra Nova 2), TROPICAL (Cristal e Recanto Tropical), SANTA CRUZ (Santa Cruz, Jardim Santo Onofre, Jardim Fag e Paulo Godoy), CANADA, CENTRO, COUNTRY, MARIA LUIZA, NEVA (Vila Tolentino)."
"27/02/2023";"15:36:19";2014;3;"Eleições Gerais 2014";"PR";"PR";"PARANÁ";"PR000122014";"2014-08-07 00:00:00";"#NE";"07278993000107";"glauco vital da silva - instituto de pesquisa visão";"#NE";"Governador, Senador";"2014-08-08 00:00:00";"2014-08-13 00:00:00";800;"7655";"Augusto da Silva Rocha";"20000,00";"2.	Metodologia
A abordagem utilizada consiste na aplicação de uma amostragem aleatória representativa da população residente com 16 anos ou mais de idade. 
A amostra é selecionada em dois estágios sendo que no primeiro faz-se uma divisão da amostra proporcionalmente ao número de habitantes acima de 16 anos de idade dentro de cada área geográfica intra-municipal.
No segundo estágio, para cada área geográfica, os respondentes são selecionados aleatoriamente respeitando-se quotas proporcionais controladas por região geográfica, sexo e faixa etária, de acordo com o perfil da população em estudo.
3.	Fonte de Dados
•	IBGE (Censo 2010); TSE 
";"4.	Tamanho da amostra, margem de erro e intervalo de confiança
Para um intervalo de confiança de 95% e um tamanho de amostra de 800  entrevistas, a margem de erro máxima estimada foi de 3,0 pontos percentuais, para mais ou para menos.
5.	Ponderações
Em função da abordagem utilizada no segundo estágio (amostragem por cotas), as ponderações por sexo e idade não são necessárias, pois, sendo conhecidas essas características da população, o método adotado consiste em retomar tais características na amostra, em proporções reduzidas. Neste caso, espera-se que a composição da amostra, por sexo e idade, seja proporcionalmente semelhante àquela da população. Entretanto, caso as proporções da amostra não sejam semelhantes àquelas da população em estudo, as ponderações serão realizadas de acordo com as informações do Censo Demográfico de 2010 e TSE.
Em anexo a este plano amostral, são apresentadas nos quadros 1, 2 e 3, respectivamente, os fatores de ponderação por sexo, idade,  escolaridade e renda  segundo informações do Censo Demográfico de 
2010 (IBGE). 
Quadro 1 – Distribuição por Faixa Etária e Sexo
Faixa Etária	Masculino	Feminino	Total
16 a 17 anos	4	0.4%	4	0.4%	8	0.8%
18 a 24 anos	68	6.4%	74	7.0%	142	13.5%
25 a 34 anos	104	9.8%	118	11.2%	222	21.0%
35 a 44 anos	89	8.4%	109	10.3%	198	18.8%
45 a 59 anos	127	12.0%	160	15.1%	287	27.1%
60 anos ou mais	90	8.3%	116	10.6%	206	18.9%
Total	482	45.4%	581	54.6%	1063	100.0%

Quadro2 – Distribuição por Escolaridade
Escolaridade	%
Até  1º.Grau Incompleto	23.7%
1º.Grau Completo até 2º. Grau Incompleto	17.6%
2º.Grau Completo até Superior Incompleto	37.6%
Superior Completo	21.1%
 	 
Total	100,0%

Quadro3 – Distribuição por Renda Mensal Domiciliar (Salário Mínimo)
Renda	%
Até  1 SM	7.1%
De 1 à 2 SM	13.4%
De 2 à 5 SM	40.7%
De 5 à 10 SM	25.6%
Mais de 10 SM	13.2%
 	 
Total	100,0%

O Instituto Visão firma o compromisso de cumprir o plano amostral neste instrumento, tomando as devidas precauções no que se refere ao cumprimento das quotas nos seus diversos estratos inclusive por área geográfica.

";"O Sistema interno de controle, verificação, conferência e fiscalização da coleta de dados, do trabalho de campo é assim descrito: durante os trabalhos de campo, 20% das entrevistas são refeitas pelos supervisores das equipes, para checar a veracidade das entrevistas e das respostas registradas pelos entrevistadores.

Alem da checagem de 20% das entrevistas (externa),internamente, os dados de diferentes questões são pré-processados e cruzados entre si, permitindo fazer-se a critica dos mesmos, para verificação de eventuais inconsistências, ou seja, se existem conflitos ou contradições as respostas dadas pelos eleitores durante as entrevistas ou eventuais erros dos entrevistadores ao assinalarem aquelas respostas. Caso os testes internos comprovem a ocorrência de inconsistências nas quotas de um dos entrevistadores inferior a 3%, a quota dele é validada, mas as entrevistas comprometidas são excluídas da amostra (para poderem fazer a eventual reposição de entrevistas canceladas neste filtro, em geral, os institutos de pesquisa colhem amostras superiores as registradas), se o número de inconsistências verificado for superior a 3%, o entrevistador é afastado da empresa, a quota de entrevistas feitas por ele é cancelada e a parcela do campo comprometida ( a quota dele) é refeita integralmente. 

 ";"#NULO#"
"27/02/2023";"15:36:19";2014;3;"Eleições Gerais 2014";"PR";"PR";"PARANÁ";"PR000372014";"2014-09-14 00:00:00";"#NE";"68802370000186";"IBOPE INTELIGÊNCIA PESQUISA E CONSULTORIA LTDA. ";"#NE";"Governador, Senador";"2014-09-14 00:00:00";"2014-09-19 00:00:00";1204;"6208-A";"Márcia Cavallari Nunes";"72240,00";"Pesquisa quantitativa, que consiste na realização de entrevistas pessoais com a aplicação de questionário estruturado junto a uma amostra representativa do eleitorado em estudo.";"Representativa do eleitorado da área em estudo, elaborada em três estágios.
No primeiro estágio faz-se um sorteio probabilístico dos municípios, onde as entrevistas serão realizadas, pelo método PPT (Probabilidade Proporcional ao Tamanho), tomando o eleitorado como base para tal seleção.
No segundo estágio faz-se um sorteio probabilístico dos setores censitários, onde as entrevistas serão realizadas, pelo método PPT (Probabilidade Proporcional ao Tamanho), tomando a população de 16 anos ou mais residente nos setores como base para tal seleção. No terceiro e último estágio, dentro dos setores sorteados, os respondentes são selecionados através de quotas amostrais proporcionais em função de variáveis significativas, a saber: IDADE: 16-24 (masculino) 19% (feminino) 17%; 25-34 (masculino) 23% (feminino) 23%; 35-44 (masculino) 21% (feminino) 21%; 45-54 (masculino) 18% (feminino) 19%; 55 e+ (masculino) 19% (feminino) 20%; INSTRUÇÃO: Até Ensino Médio (masculino) 82% (feminino) 78%; Ensino Superior (masculino) 18% (feminino) 22%; NÍVEL ECONÔMICO: Economicamente ativo (masculino) 82% (feminino) 60%; Não Economicamente ativo (masculino) 18% (feminino) 40%. 
Está prevista eventual ponderação para correção das variáveis sexo e idade, com base nos percentuais anteriormente mencionados, caso ocorram diferenças superiores a 3 pontos percentuais entre o previsto na amostra e a coleta de dados realizada. Para as variáveis de grau de instrução e nível econômico do entrevistado, o fator previsto para ponderação é 1 (resultados obtidos em campo). O nível de confiança estimado é de 95% e a margem de erro máxima estimada considerando um modelo de amostragem aleatório simples, é de 3 (três) pontos percentuais para mais ou para menos sobre os resultados encontrados no total da amostra.
FONTE DOS DADOS: Censo 2010 | PNAD 2012 | TSE 2014 | Entre outras.
";"Para a realização da pesquisa, utiliza-se uma equipe de entrevistadores e supervisores contratados pelo IBOPE INTELIGÊNCIA PESQUISA E CONSULTORIA LTDA. devidamente treinados para o trabalho. Após os trabalhos de campo, os questionários são submetidos a uma fiscalização de cerca de 20% (vinte por cento) dos questionários aplicados pelos entrevistadores; para verificação das respostas e da adequação dos entrevistados aos parâmetros amostrais.";"A área de abrangência da coleta é o Estado do Paraná. A Relação de municípios selecionados para aplicação da amostra será apresentada até o 7º dia seguinte ao Registro da pesquisa, conforme expresso no art. 2º § 5º da resolução 23.400/2013 do TSE."
"27/02/2023";"15:36:19";2014;3;"Eleições Gerais 2014";"PR";"PR";"PARANÁ";"PR000512014";"2014-09-30 00:00:00";"#NE";"68802370000186";"IBOPE INTELIGÊNCIA PESQUISA E CONSULTORIA LTDA. ";"#NE";"Governador, Senador";"2014-10-05 00:00:00";"2014-10-05 00:00:00";5000;"6208-A";"Márcia Cavallari Nunes";"90720,00";"Pesquisa quantitativa, que consiste na realização de entrevistas pessoais, com a aplicação de questionário estruturado junto a uma amostra representativa dos votantes em estudo.";"Representativa do eleitorado da área em estudo, elaborada em três estágios. No primeiro estágio fez-se um sorteio probabilístico dos municípios pesquisados, pelo método PPT (Probabilidade Proporcional ao Tamanho), com base na população de votantes (TSE 2014, excluindo abstenção 1º turno 2006 e 2010) de cada município.
Em um segundo estágio, dentro dos municípios sorteados foram selecionados, também pelo método PPT, os locais de votação com base no número de votantes de
cada local de votação. No terceiro estágio, dentro dos locais de votação sorteados, os respondentes foram selecionados através de quotas amostrais, proporcionais em função de variáveis significativas, a saber: Sexo, Idade, de acordo com o perfil dos votantes. Devido à metodologia amostral adotada, a pesquisa é auto-ponderada, ou seja, as proporções do universo pesquisado estão previstas na amostra, não sendo necessário qualquer tipo de ponderação quanto à sexo, idade, grau de instrução e nível econômico.
O intervalo de confiança estimado é de 99% e a margem de erro máxima estimada considerando um modelo de amostragem aleatório simples, é de 2 (dois) pontos percentuais para mais ou para menos sobre os resultados encontrados no total da amostra.
";"Para a realização da pesquisa, utiliza-se uma equipe de entrevistadores e supervisores contratados pelo IBOPE INTELIGÊNCIA PESQUISA E CONSULTORIA LTDA. devidamente treinados para o trabalho. Após os trabalhos de campo, os questionários são submetidos a uma fiscalização de cerca de 20% (vinte por cento) dos questionários aplicados pelos entrevistadores; para verificação das respostas e da adequação dos entrevistadores aos parâmetros amostrais.";"A área de abrangência da coleta é o Estado Paraná. A relação dos municípios selecionados para aplicação da amostra será apresentada até o 7º dia seguinte ao registro da pesquisa, conforme expresso no art. 2º, §5º da Resolução 23.400/2013 do TSE."
"27/02/2023";"15:36:19";2014;3;"Eleições Gerais 2014";"PR";"PR";"PARANÁ";"PR000322014";"2014-09-09 00:00:00";"#NE";"00654576000172";",INSTITUTO   VERITÁ   LTDA  epp";"#NE";"Governador, Senador";"2014-09-13 00:00:00";"2014-09-15 00:00:00";2200;"7439 / 6ª Região";"Leonard Mendonça de Assis";"88000,00";"Pesquisa quantitativa, que consiste na realização de entrevistas pessoais, com a aplicação de questionários estruturados e padronizados junto a uma amostra representativa do eleitorado do estado de Parana";"a) Público pesquisado: 
Eleitores residentes e inscritos para votar no estado de Paraná
b) Área física:
 Estado de Paraná
 
c) tipo de amostra:
A amostragem será realizada da seguinte forma:
1. Estratificação do estado por agrupamento de Microrregiões obedecendo critério geográfico e Porte dos municípios
2. Tamanho de cada estrato foi definido proporcional ao número de eleitores inscritos em cada um destes 
3. Divisão em estratos contendo aproximadamente o mesmo número de eleitores
4. Seleção dos entrevistados utilizando entrevistas domiciliares obedecendo um quadro de idade e sexo gerado de maneira aleatória por um software estatístico, usando as proporções de idade e sexo descritas neste plano
5. Está prevista adoção de entrevistas em locais de trabalho ou em pontos de fluxo. Estes serão utilizados onde os locais sorteados não permitam adoção de entrevistas domiciliares

d)Ponderação:
Esta pesquisa é autoponderada (peso = 1), obedecendo as proporções descritas a seguir:

SEXO:
FEMININO 51,7% / MASCULINO 48,3%

Idade
 FEMININO 	 16 A 24 ANOS 	16,64%
 FEMININO 	 25 A 34 ANOS 	22,22%
 FEMININO 	 35 A 44 ANOS 	20,23%
 FEMININO 	 45 A 59 ANOS 	24,97%
 FEMININO 	 60 ANOS OU MAIS 	15,93%
 MASCULINO 	 16 A 24 ANOS 	17,79%
 MASCULINO 	 25 A 34 ANOS 	22,70%
 MASCULINO 	 35 A 44 ANOS 	20,10%
 MASCULINO 	 45 A 59 ANOS 	24,07%
 MASCULINO 	 60 ANOS OU MAIS 	15,34%

Também está prevista ponderação por nivel econômico e instrução, obedecendo as proporções descritas a seguir:
Nível Econômico
FEMININO	Não PEA	46,42%
FEMININO	PEA	53,58%
MASCULINO	Não PEA	27,12%
MASCULINO	PEA	72,88%

Nível de Instrução
FEMININO	Analfabeto até Ensino Médio incompleto	61,01%
FEMININO	Ensino médio completo, superior ou mais	38,99%
MASCULINO	Analfabeto até Ensino Médio incompleto	63,03%
MASCULINO	Ensino médio completo, superior ou mais	36,97%

e) Intervalo de Confiança/Margem de Erro:
Para este planejamento amostral, considerando-se um intervalo de confiança de 95%, é esperado um erro máximo de 2,09 pontos percentuais na estimação da proporção das intenções de voto dos candidatos. 
";"Para a realização da pesquisa será utilizada uma equipe de entrevistadores e supervisores devidamente treinada para este trabalho. Após os trabalhos de campo, os questionários são submetidos a uma fiscalização que consiste no retorno a campo de 20% dos questionários aplicados individualmente pelos entrevistadores, para verificação das respostas e da adequação dos entrevistados aos parâmetros amostrais. ";"#NULO#"
