"DT_GERACAO";"HH_GERACAO";"AA_ELEICAO";"CD_ELEICAO";"NM_ELEICAO";"SG_UF";"SG_UE";"NM_UE";"NR_PROTOCOLO_REGISTRO";"DT_REGISTRO";"ST_PESQUISA_PROPRIA";"NR_CNPJ_EMPRESA";"NM_EMPRESA";"NM_EMPRESA_FANTASIA";"DS_CARGO";"DT_INICIO_PESQUISA";"DT_FIM_PESQUISA";"QT_ENTREVISTADO";"CD_CONRE";"NM_ESTATISTICO_RESP";"VR_PESQUISA";"DS_METODOLOGIA_PESQUISA";"DS_PLANO_AMOSTRAL";"DS_SISTEMA_CONTROLE";"DS_DADO_MUNICIPIO"
"27/02/2023";"15:36:19";2014;3;"Eleições Gerais 2014";"GO";"GO";"GOIÁS";"GO000012014";"2014-01-27 00:00:00";"#NE";"05850850000100";"Fortiori Pesquisa Diagnóstico e Marketing Ltda";"#NE";"Governador, Senador";"2014-01-18 00:00:00";"2014-01-24 00:00:00";1000;"8631";"Alexandre Vasconcelos Lima";"60000,00";"A pesquisa da Fortiori é uma pesquisa quantitativa, através de realização de entrevistas pessoais, por abordagem randômica, com aplicação de questionários junto à amostra definida da população.";".         Plano Amostral:

Universo – eleitores residentes e domiciliados no Estado de Goiás 

Tipo de amostra – amostra não probabilística, por cotas proporcionais às variáveis sexo, idade, grau de instrução  e local de moradia.

Tamanho da amostra – 1000  entrevistas

Sexo
Homens =   47%
Mulheres = 53%


Idade 
16 a 24 anos = 24%
25 a 34 anos = 26%
35 a 49 anos = 28%
50 e mais =      22%

Escolaridade
Primário = 11%
1º grau =   43%
2º grau =   37%
Superior =  9%

Nível Sócio Econômico
A –   5%
B – 10%
C – 20%
D – 30%
E – 35%

";"Intervalo de confiança e margem de erro
Para um intervalo de confiança de 95%, a pesquisa apresenta margem de erro máxima de 3,1%.

Sistema interno de controle e fiscalização
Trabalho de coleta de dados será feito por 11 entrevistadores devidamente treinados e acompanhado in loco por 3 supervisores. Será feita uma checagem de 20%  ainda no campo e  de mais 10% através do telefone.
";"Goiânia  - Centro; St. Oeste; St.Sul; Campinas; Balneário Meia Ponte;Centro Oeste; Vila Nova; Jardim América; St. Bueno; Pedro Ludovico; Parque das Laranjeiras; Redenção; Capuava; Canaã; Jd. Novo Mundo; Vila Pedroso; St; Morais; Vera Cruz; Novo Horizonte; Sudoeste; Guanabara; St. São Judas Tadeu; Finsocial; Nova Esperança; Jd. Curitiba; Jd. Primavera;  Senador Canedo; Inhumas; Bela Vista; Hidrolândia; Guapó; Teresópolis; Trindade; Anápolis( Jundiaí; Vila Jaiara; Centro; Br. Lourdes; Jd. América); Aparecida de Goiânia( Vila Brasília; Garavelo; Centro; Buriti Sereno; Br. Independência);
 Itumbiara; Caldas Novas; Santa Crus de Goiás; Goiatuba; Morrinhos;
Catalão; Pires do Rio; Ipameri; Urutaí;
  Rio Verde; Jataí; Quirinópolis; Santa Helena; Acreúna;Indiara; Santo Antônio da Barra; Cesarina; Aparecida do Rio Doce;
  Ceres; Jaraguá; São Francisco; Goianésia; Porangatu; Uruaçu; Niquelândia;
   Iporá; Goiás; São Luiz de Montes Belos; Itaberaí; Itapuranga; Sanclerlândia; Fazenda Nova;
  Luziânia; Formosa; Águas Lindas; Alexânia; Abadiânia; Valparaíso;Corumbá; Cocalzinho; Santo Antônio do Descoberto;
 Posse; Iaciara; Alvorada do Norte."
"27/02/2023";"15:36:19";2014;3;"Eleições Gerais 2014";"GO";"GO";"GOIÁS";"GO000262014";"2014-03-17 00:00:00";"#NE";"02678167000131";"SERPES - PESQUISAS DE OPINIÃO E MERCADO LTDA";"#NE";"Governador, Senador";"2014-03-17 00:00:00";"2014-03-21 00:00:00";801;"6221";"Rui Costa Abrantes";"34300,00";"Objetivos: Aferir a intenção de voto espontânea e estimulada dos candidatos a Governador de Goiás, Senador por Goiás e Presidente da República e respectivas rejeições  mediante a aplicação de questionário estruturado à uma amostra representativa do universo do eleitorado do Estado de Goiás.
Tipo de entrevista: Domiciliar e presencial em pelo menos 90% da amostra planejada; 10% ou menos em pontos de fluxo.
";"Tamanho do universo: 4242023 (Dados do TRE de março de 2014)
Tamanho da amostra: 801 eleitores.
Intervalo de confiança: 5%.
Margem de Erro Amostral: Máxima de 3,46 pontos percentuais para mais ou para menos nos dados da  amostra global. Nos dados das amostras parciais (estratos),  essa poderá ser maior. 
Tipo de amostra: Auto-ponderada por quotas proporcionais às existentes no universo de acordo com as variáveis e região geográfica. A seleção do eleitor no domicílio (um por domicílio) é acidental de acordo com as quotas de ponderação.
Ponderação quanto ao sexo:  48% do sexo Masculino e 52% do sexo Feminino.
Ponderação quanto à faixa etária: 17% de 16 a 24 anos, 24% de 25 a 34 anos, 29% de 35 a 49 anos e 30% de 50 anos ou mais.
Ponderação quanto ao nível de instrução: 18% de Lê e escreve, 38% de Fundamental, 34% de Médio e 10% de Curso superior.
Ponderação quanto ao nível socioeconômico: 20% de Alta e 80% de Baixa.
Ponderação quanto a região: Capital 20%, Centro 23%, Norte 9%, Entorno 18%, Sul 11%, Sudoeste 11% e Noroeste 8%.
";"Todo entrevistador foi previamente treinado para a realização desta prévia eleitoral, tanto na parte teórica como na prática, além de receberem as orientações específicas para esta pesquisa.
O SERPES coloca um supervisor para cada equipe de quatro entrevistadores. O supervisor tem a responsabilidade e é treinado para distribuir os entrevistadores nos diversos setores censitários, acompanhar, orientar, corrigir ou invalidar o trabalho deles e conferir por si ou por entrevistador designado 20% das entrevistas. A coleta de dados será feita por cinco equipes de um supervisor e quatro entrevistadores em cada.
";"#NULO#"
"27/02/2023";"15:36:19";2014;3;"Eleições Gerais 2014";"GO";"GO";"GOIÁS";"GO000412014";"2014-06-17 00:00:00";"#NE";"01096445000180";"GRUPOM CONSULTORIA EMPRESARIAL LTDA";"#NE";"Governador";"2014-06-13 00:00:00";"2014-06-17 00:00:00";1021;"6221";"RUI COSTA ABRANTES";"26000,00";"Pesquisa quantitativa, que consiste na realização de entrevistas pessoais e domiciliares, com a aplicação de questionário estruturado junto a uma amostra representativa do eleitorado em estudo. ";"Representativa do eleitorado da área em estudo, elaborada em dois momentos. No primeiro momento faz-se um sorteio probabilístico dos setores censitários onde as entrevistas serão realizadas, pelo método PPP (Probabilidade Proporcional à População), tomando o eleitorado como base para tal seleção (dados do TSE). No segundo momento, dentro dos setores sorteados, os respondentes são selecionados através de quotas amostrais, proporcionais em função das variáveis: Sexo, Idade e Grau de Instrução, de acordo com o perfil do eleitorado. O nível econômico é assegurado através do controle das variáveis descritas acima. Não haverá necessidade de ponderação posterior, pois a distribuição amostral baseada nos setores censitários do IBGE, censo de 2010, harmoniza e torna fidedigna a representatividade da população. O intervalo de confiança estimado é de 95% e a margem de erro máxima estimada considerando um modelo de amostragem aleatório simples, é de 3,1 pontos percentuais para mais ou para menos sobre os resultados encontrados no total da amostra. ";"Para a realização da pesquisa utiliza-se equipe de entrevistadores e supervisores contratados pela GRUPOM devidamente treinados para o trabalho. Após os trabalhos de campo as entrevistas/questionários são submetidos a uma fiscalização de até 20%. A coleta de dados será realizada por meio eletrônico  “Tablet” onde os dados do respondente são arquivados e transmitido diretamente ao sistema de forma a evitar qualquer interferência nos resultados.";"#NULO#"
"27/02/2023";"15:36:19";2014;3;"Eleições Gerais 2014";"GO";"GO";"GOIÁS";"GO000492014";"2014-07-18 00:00:00";"#NE";"01403730000104";"EPP - EMPRESA DE PESQUISA E CONSULTORIA LTDA";"#NE";"Governador, Senador";"2014-07-17 00:00:00";"2014-07-20 00:00:00";1500;"8631";"Alexandre Vasconcelos Lima";"35000,00";"A metodologia utilizada foi pesquisa quantitativa do tipo survey, com aplicação de questionário face a face, sendo que a seleção do eleitor respeito o critério das cotas amostrais, proporcionais ao universo. Foi entrevista somente uma pessoa por domicílio. ";"Universo: Eleitores do Estado de Goiás, com 16 anos ou mais. Perfil dos entrevistados: Segmentação nas condições filtro da sondagem - sexo (masculino e feminino), faixa etária (16 a 24 anos, 25 a 34 anos, 35 a 44 anos, 45 a 59 anos, acima de 60 anos) e grau de instrução (analfabeto, ensino fundamental, ensino médio, superior). Sendo autoponderada para grau de instrução e nível econômico. Nível de confiança = 95,0%. Margem de erro= 2,5% para mais ou para menos. Amostra: 1.500 eleitores. ";"Questionário estruturado com perguntas para respostas espontâneas e estimuladas. 20% das amostras foram checadas, garantindo se assim, a autenticidade e qualidade do trabalho. Processo de entrevistas tipo “ESCALA”, onde somente serão abordados, no máximo, dois moradores por quadra, necessariamente, residentes em lados opostos e com distância mínima de 03 casas. Os entrevistadores foram treinados pela empresa antes da aplicação dos questionários.  ";"arquivo anexo."
"27/02/2023";"15:36:19";2014;3;"Eleições Gerais 2014";"GO";"GO";"GOIÁS";"GO000852014";"2014-08-19 00:00:00";"#NE";"20240913000192";"MA+ CONSULTORIA E SERVICOS";"#NE";"Governador";"2014-08-13 00:00:00";"2014-08-13 00:00:00";400;"8925";"MARQUINANE MOURA BARROS";"2498,77";"A metodologia da pesquisa foi do tipo qualitativa, com amostragem por quotas proporcionais a sexo, faixa etária, renda familiar e nível de escolaridade. O instrumento de coleta de dados foi com questões abertas e fechadas.";"Foi adotada o sistema de amostragem, utilizando quotas proporcionais, em função das seguintes variáveis:
BAIRRO, SEXO FAIXA ETÁRIA, RENDA FAMILIAR, GRAU DE ESCOLARIDADE E RELIGIÃO, utilizando
como referência, dados do TRE - GO.
O nível de confiança estimado é de 95% e a margem de erro máxima estimada considerando um modelo de
amostragem aleatório simples, é de 4 (quatro) pontos percentuais para mais ou para menos sobre os
resultados encontrados no total da amostra.";"Os trabalhos de campo, foram realizados por entrevistadores da MA+ CONSULTORIA E SERVIÇOS,
selecionados e treinados pela supervisão de campo. A tabulação e controle dos dados,foram realizados na sede da empresa na cidade de APARECIDA DE GOIÂNIA-GO, sob o acompanhamento do estatístico responsável.";"AMOSTRAGEM POR MUNICIPIO: NERÓPOLIS - GO 400 ENTREVISTADOS
AMOSTRAGEM POR BAIRROS: CENTRO 87; SÃO PAULO 67; BOTAFOGO I 56; ALDA TAVARES 39; PARK DAS AMERICAS 39; MORUMBI 26; JD.PARAÍSO 19; ALTO BELA 17; JD.AMÉLIA 11; OUTROS 9; JOSÉ HONORATO 8; SÃO JOÃO BATISTA 6; SETOR SUL 5; ZONA RURAL 5; DOM FELIPE 5; DOM BOSCO 4; CAMPO ALEGRE 4; BOTAFOGO II 4."
"27/02/2023";"15:36:19";2014;3;"Eleições Gerais 2014";"GO";"GO";"GOIÁS";"GO000962014";"2014-08-24 00:00:00";"#NE";"20240913000192";"MA+ CONSULTORIA E SERVICOS";"#NE";"Governador";"2014-08-23 00:00:00";"2014-08-24 00:00:00";319;"8925";"MARQUINANE MOURA BARROS";"1810,31";"A metodologia da pesquisa foi do tipo qualitativa, com amostragem por quotas proporcionais a sexo, faixa etária, renda familiar e nível de escolaridade. O instrumento de coleta de dados foi com questões abertas e fechadas.";"Foi adotada o sistema de amostragem, utilizando quotas proporcionais, em função das seguintes variáveis:
BAIRRO, SEXO FAIXA ETÁRIA, RENDA FAMILIAR, GRAU DE ESCOLARIDADE E RELIGIÃO, utilizando
como referência, dados do TRE - GO.
O nível de confiança estimado é de 95% e a margem de erro máxima estimada considerando um modelo de
amostragem aleatório simples, é de 2 (Dois) pontos percentuais para mais ou para menos sobre os
resultados encontrados no total da amostra.";"Os trabalhos de campo, foram realizados por entrevistadores da MA+ CONSULTORIA E SERVIÇOS,
selecionados e treinados pela supervisão de campo. A tabulação e controle dos dados, foram realizados na sede da empresa na cidade de Aparecida de Goiânia - GO, sob o acompanhamento do estatístico responsável.";"AMOSTRAGEM POR MUNICIPIO: MAMBAÍ - GO - 319 ENTREVISTADOS
AMOSTRAGEM POR BAIRROS: CENTRO 211; NOVO MAMBAÍ 52; ZONA RURAL 32; OUTROS 20; MORADA NOVA 4;
"
"27/02/2023";"15:36:19";2014;3;"Eleições Gerais 2014";"GO";"GO";"GOIÁS";"GO001022014";"2014-08-26 00:00:00";"#NE";"05850850000100";"Fortiori Pesquisa Diagnóstico e Marketing Ltda";"#NE";"Governador, Senador";"2014-08-25 00:00:00";"2014-08-28 00:00:00";1000;"8631";"Alexandre Vasconcelos Lima";"30000,00";"A pesquisa da Fortiori é uma pesquisa quantitativa, através de realização de entrevistas pessoais, por abordagem randômica, com aplicação de questionários junto à amostra definida da população. 
";"Universo – eleitores residentes e domiciliados no Estado de Goiás. Tipo de amostra – amostra não probabilística, por cotas proporcionais às variáveis sexo, idade, grau de instrução e local de moradia. Tamanho da amostra – 1000 entrevistas. Sexo Homens = 50% Mulheres = 50% Idade 16 a 24 anos = 23% 25 a 34 anos = 28% 35 a 49 anos = 28% 50 e mais = 22% Escolaridade Primário = 24% 1º grau = 50% 2º grau = 23% Superior = 4% Nível Sócio Econômico A – 5% B – 10% C – 20% D – 30% E – 35% Para um intervalo de confiança de 95%, a pesquisa apresenta margem de erro máxima de 3,1%. ";"Sistema interno de controle e fiscalização Trabalho de coleta de dados será feito por 13 entrevistadores devidamente treinados e acompanhado in loco por 4 supervisores. Será feita uma checagem de 20% ainda no campo e de mais 10% através do telefone ";"Goiânia - Centro; St. Oeste; St.Sul; Campinas; Balneário Meia Ponte;Centro Oeste; Vila Nova; Jardim América; St. Bueno; Pedro Ludovico; Parque das Laranjeiras; Capuava; Canaã; Jd. Novo Mundo; Vila Pedroso; Vera Cruz; Novo Horizonte; Sudoeste; Guanabara; St. São Judas Tadeu; Finsocial; Nova Esperança; Jd. Curitiba; Jd. Primavera; Senador Canedo; Inhumas;Itauçu;Brazabrantes; Bela Vista; Hidrolândia; Guapó; Teresópolis; Trindade; Anápolis( Jundiaí; Vila Jaiara; Centro; Br. Lourdes; Jd. América); Aparecida de Goiânia( Vila Brasília; Garavelo; Centro; Buriti Sereno; Br. Independência); Itumbiara; Caldas Novas; Santa Crus de Goiás; Goiatuba; Morrinhos; Catalão; Pires do Rio; Ipameri; Urutaí; Rio Verde; Jataí; Quirinópolis; Santa Helena; Acreúna;Indiara; Santo Antônio da Barra; Palmeiras; Ceres; Jaraguá; São Francisco; Goianésia; Porangatu; Uruaçu; Niquelândia; Iporá; Goiás; São Luiz de Montes Belos; Itaberaí; Itapuranga; Sanclerlândia; Fazenda Nova; Luziânia; Formosa; Águas Lindas; Alexânia; Abadiânia; Valparaíso;Corumbá; Pirinópolis; Santo Antônio do Descoberto; Posse; Iaciara; Alvorada do Norte. "
"27/02/2023";"15:36:19";2014;3;"Eleições Gerais 2014";"GO";"GO";"GOIÁS";"GO001412014";"2014-09-20 00:00:00";"#NE";"05850850000100";"Fortiori Pesquisa Diagnóstico e Marketing Ltda";"#NE";"Governador, Senador, Deputado Federal, Deputado Estadual";"2014-09-22 00:00:00";"2014-09-23 00:00:00";320;"8631";"Alexandre Vasconcelos Lima";"6000,00";"A pesquisa da Fortiori é uma pesquisa quantitativa, através de realização de entrevistas pessoais, por abordagem randômica, com aplicação de questionários junto à amostra definida da população da cidade de Luziânia. 
";"Tamanho da amostra – 320 entrevistas Sexo Homens = 47% Mulheres = 53% Idade 16 a 24 anos = 24% 25 a 34 anos = 26% 35 a 49 anos = 28% 50 e mais = 22% Escolaridade Primário = 11% 1º grau = 43% 2º grau = 37% Superior = 9% Nível Sócio Econômico A – 5% B – 10% C – 20% D – 30% E – 35%. Para um intervalo de confiança de 95%, a pesquisa apresenta margem de erro máxima de 4,9%. ";"Sistema interno de controle e fiscalização Trabalho de coleta de dados será feito por 3 entrevistadores devidamente treinados e acompanhado in loco por 1 supervisor.Será feita uma checagem de 20% ainda no campo e de mais 10% através do telefone 
";"Centro,
Aeroporto , 
Sta Luzia ,
St. Fumal 
Rosario,
St. Pres. Kennedy,
St.Norte Maravilha ,
Br. São Caetano ,
St. Leste ,
Estrela Dalva II,
Estrela Dalva V ,
Estrela Dalva I,
Estrela  Dalva VII,
St Mandu/ Mandu II ,
Pq. Santa Fé ,
Vila Guara ,
São Judas Tadeu,
Pq. Alvorada,
St. Norte ,
Pq. JK - 02,
Res. Alto Caraibas ,
Sol Nascente ,
Cidade Osfaya,
Pq Mingone I,
Pq Mingone II ,
Jd. Marilia,
Jd. Ingá ,
Pq. Estrela Dalva IX ,
Pq. Estrela Dalva,
Jd. Jockey Club,
Jd. Zuleika ,
Jd. Planalto,
"
"27/02/2023";"15:36:19";2014;3;"Eleições Gerais 2014";"GO";"GO";"GOIÁS";"GO001342014";"2014-09-18 00:00:00";"#NE";"01096445000180";"GRUPOM CONSULTORIA EMPRESARIAL LTDA";"#NE";"Governador, Senador";"2014-09-19 00:00:00";"2014-09-22 00:00:00";1011;"6221";"RUI COSTA ABRANTES";"51500,00";"Pesquisa quantitativa, que consiste na realização de entrevistas pessoais e domiciliares, com a aplicação de questionário estruturado junto a uma amostra representativa do eleitorado em estudo. ";"Representativa do eleitorado da área em estudo, elaborada em dois momentos. No primeiro momento faz-se um sorteio probabilístico dos setores censitários onde as entrevistas serão realizadas, pelo método PPP (Probabilidade Proporcional à População), tomando o eleitorado como base para tal seleção (dados do TSE). No segundo momento, dentro dos setores sorteados, os respondentes são selecionados através de quotas amostrais, proporcionais em função das variáveis: Sexo, Idade e Grau de Instrução, de acordo com o perfil do eleitorado. O nível econômico é assegurado através do controle das variáveis descritas acima. Não haverá necessidade de ponderação posterior, pois a distribuição amostral baseada nos setores censitários do IBGE, censo de 2010, harmoniza e torna fidedigna a representatividade da população. O intervalo de confiança estimado é de 95% e a margem de erro máxima estimada considerando um modelo de amostragem aleatório simples, é de 3,1 pontos percentuais para mais ou para menos sobre os resultados encontrados no total da amostra. ";"Para a realização da pesquisa utiliza-se equipe de entrevistadores e supervisores contratados pela GRUPOM devidamente treinados para o trabalho. Após os trabalhos de campo as entrevistas/questionários são submetidos a uma fiscalização de até 20%. A coleta de dados será realizada por meio eletrônico, “Tablet”, onde os dados do respondente são arquivados e transmitido diretamente ao sistema de forma a evitar qualquer interferência nos resultados.";"#NULO#"
"27/02/2023";"15:36:19";2014;3;"Eleições Gerais 2014";"GO";"GO";"GOIÁS";"GO001892014";"2014-10-09 00:00:00";"#NE";"20252668000133";"Instituto ARTHUR OLIVEIRA OLIVEIRA -  M.E";"#NE";"Governador";"2014-10-10 00:00:00";"2014-10-14 00:00:00";1200;"8602";"Diogo de Mello Brito da Silva";"25000,00";"Pesquisa quantitativa, que consiste na realização de entrevistas pessoais e domiciliares, com a aplicação de questionário estruturado junto a uma amostra representativa do eleitorado em estudo.";"1. Metodologia: a)	Margem de erro = 2,9% para mais ou para menos b)	Nível de confiança = 95% c)	Universo: Aproximadamente : 3.698.021 eleitores d)	Amostra: 1.200 questionários 1.1	Definição da Amostra: •	Filtro: ser residente no Estado de Goiás e estar em condições do exercício de voto. •	Entrevistas: Ambos os sexos, uniresidencias, por sorteio de quadras e domicílios. •	A seleção do eleitor é acidental, de acordo com as cotas de ponderação segundo sexo, idade, grau de instrução, nível socioeconômico e distribuição geográfica. •	Entrevistas estratificadas, urbanas/rurais, com a amostragem probabilística para todos os setores censitários – TRE-GO/IBGE. •	Coleta de dados: dias 23 a 27 de Setembro de 2014. 1.2 Variáveis de ponderação da amostra: 1.2.1 Sexo: a) Masculino = 48,3 % - b) Feminino = 51,7 % 1.2.2 Faixas etárias: a) De 16 a 24 = 17 %	b) De 25 a 34 = 24 %	c) De 35 a 44 = 22 %	d) De 45 a 59 = 22 % e) acima de 60 anos = 12 % 1.2.3 Instrução do Eleitor: a) Analfabeto =	4% b) Fundamental =	49% c) Médio	=	35% d) Superior	=	12% A pesquisa foi autoponderada para nível socioeconômico (peso da variável = 1). ";"Checagem de, pelo menos, 20% dos questionários aplicados através de Supervisores de campo. Cada grupo de 06 pesquisadores = 01 Supervisor de Checagem Identificação de nome e endereço do entrevistado nos questionários aplicados. Nos casos em que o entrevistado se disponha a fornecer o telefone, checagem aleatória de um mínimo de três questões respondidas, por cada grupo de 20 entrevistados.
Processo de entrevista tipo “escada” onde somente serão abordados, no máximo, dois eleitores por face de quadra, necessariamente, residentes em lados opostos e com distância mínima de 10 casas.

Vale ressaltar que os questionários foram distribuídos em todas as regiões administrativas do Estado de Goias, de acordo com o peso eleitoral de cada uma das cidades. A coleta de dados será feita entre os dias 10 a 14 de Outubro de  2014.
Para a realização do trabalho em pauta, foram envolvidos os profissionais abaixo especificados:

a) 16 (dezesseis) pesquisadores;
b) 4 (quatro) coordenadores;
c) 1 (um) tabulador;
d) 1 (um) estatístico;
e) 1 (um) responsável pela pesquisa.";"Todas as regiões administrativas, urbanas em 60 (Sessenta) cidades, divididas em sete micro-regioes. Conforme segue abaixo :
Região I  	= 	*Capital (20%)
Região II 	= 	Centro (23%) : Aparecida de Goiânia*, Anapólis*, Senador                 Canedo,Trindade, Itaberaí, Goianira, Corumbá de Goiás, Inhumas, Neropólis, Guapó, Pirenopolis, Petrolina.
Regiao III 	=	Entorno (18%) : Cidade Ocidental, Luziania, Formosa, Valparaizo, Aguas Lindas, Planaltina de Goiás, Novo Gama, Santo Antonio do Descoberto, Posse e Alvorada.
Regiao IV 	=	Sudoeste (11%) : Rio Verde, Jataí, Mineiros, Santa Helena de Goias, Palmeiras de Goiás, Maurilândia, Quirinopolis, Acreuna, Indiara
Região V   	=	Sul (11%) : Itumbiara, Caldas Novas, Morrinhos, Pontalina, Catalão, Ipameri, Pires do Rio, Bom Jesus, Goiatuba, Vianópolis.
Região VI	=	Norte (9%) : Goianésia, Porangatu, Campinorte, Niquelandia, Uruaçu, Ceres, Jaragua,Mara Rosa, Itapaci.
Regiao VII	=	Noroeste (8%) : Ipora, São Miguel do Araguaia, Cidade de Goiás, Faina, Anicuns, São Luiz Montes Belos, Mozarlândia, Nazario, Aragarças, Sanclelândia.
•	Goiania* : Bairros a serem pesquisados : Centro, Jd. Guanabara, Vila Mutirão, Nova Esperança, Parque Atheneu, Setor Pedro Ludovico, Setor Novo Horizonte, Setor Sul, Jardim América, Vila Nova.
•	Anapolis* : Centro, Jundiai, Bairro Nossa Senhora de Lourdes, Setor Maracanã, Vila Jaiara, Bairro JK, Calixtopolis
•	Aparecida de Goiânia* : Centro, Setor Garavelo, Setor Cidade Livre, Bairro Independência, Cruzeiro do Sul, Madre Germana, Papillom Parque.
"
"27/02/2023";"15:36:19";2014;3;"Eleições Gerais 2014";"GO";"GO";"GOIÁS";"GO001942014";"2014-10-17 00:00:00";"#NE";"05850850000100";"Fortiori Pesquisa Diagnóstico e Marketing Ltda";"#NE";"Governador";"2014-10-17 00:00:00";"2014-10-20 00:00:00";1000;"8631";"Alexandre Vasconcelos Lima";"30000,00";" A pesquisa da Fortiori é uma pesquisa quantitativa, através de realização de entrevistas pessoais, por abordagem randômica, com aplicação de questionários junto à amostra definida da população. 
";" Universo – eleitores residentes e domiciliados no Estado de Goiás. Tipo de amostra – amostra não probabilística, por cotas proporcionais às variáveis sexo, idade, grau de instrução e local de moradia. Tamanho da amostra – 1000 entrevistas. Sexo Homens = 50% Mulheres = 50% Idade 16 a 24 anos = 23% 25 a 34 anos = 28% 35 a 49 anos = 28% 50 e mais = 22% Escolaridade Primário = 24% 1º grau = 50% 2º grau = 23% Superior = 4% Nível Sócio Econômico A – 5% B – 10% C – 20% D – 30% E – 35% Para um intervalo de confiança de 95%, a pesquisa apresenta margem de erro máxima de 3,1%. ";"Sistema interno de controle e fiscalização Trabalho de coleta de dados será feito por 14 entrevistadores devidamente treinados e acompanhado in loco por 4 supervisores. Será feita uma checagem de 20% ainda no campo e de mais 10% através do telefone 
";"Goiânia - Centro; St. Oeste; St.Sul; Campinas; Balneário Meia Ponte;Centro Oeste; Vila Nova; Jardim América; St. Bueno; Pedro Ludovico; Parque das Laranjeiras; Capuava; Canaã; Jd. Novo Mundo; Vila Pedroso; Vera Cruz; Novo Horizonte; Sudoeste; Guanabara; St. São Judas Tadeu; Finsocial; Nova Esperança; Jd. Curitiba; Jd. Primavera; Senador Canedo; Inhumas;Itauçu;Brazabrantes; Bela Vista; Hidrolândia; Guapó; Teresópolis; Trindade; Anápolis( Jundiaí; Vila Jaiara; Centro; Br. Lourdes; Jd. América); Aparecida de Goiânia( Vila Brasília; Garavelo; Centro; Buriti Sereno; Br. Independência); Itumbiara; Caldas Novas; Santa Crus de Goiás; Goiatuba; Morrinhos; Catalão; Pires do Rio; Ipameri; Urutaí; Rio Verde; Jataí; Quirinópolis; Santa Helena; Acreúna;Indiara; Santo Antônio da Barra; Palmeiras; Ceres; Jaraguá; São Francisco; Goianésia; Porangatu; Uruaçu; Niquelândia; Iporá; Goiás; São Luiz de Montes Belos; Itaberaí; Itapuranga; Sanclerlândia; Fazenda Nova; Luziânia; Formosa; Águas Lindas; Alexânia; Abadiânia; Valparaíso;Corumbá; Pirenópolis; Santo Antônio do Descoberto; Posse; Iaciara; Alvorada do Norte; Minaçu; Padre Bernardo;Cidade Ocidental;Padre Bernardo; Campinorte;Novo Gama;Planaltina; 
"
"27/02/2023";"15:36:19";2014;3;"Eleições Gerais 2014";"GO";"GO";"GOIÁS";"GO002002014";"2014-10-20 00:00:00";"#NE";"02678167000131";"SERPES - PESQUISAS DE OPINIÃO E MERCADO LTDA";"#NE";"Governador";"2014-10-21 00:00:00";"2014-10-24 00:00:00";801;"6221";"Rui Costa Abrantes";"34300,00";"Aferir a intenção de voto espontânea e estimulada dos candidatos a Governador de Goiás e Presidente da República e respectivas rejeições mediante a aplicação de questionário estruturado à uma amostra representativa do universo do eleitorado de Estado de Goiás. Tipo de entrevista: Domiciliar e presencial em pelo menos 90% da amostra planejada; 10% ou menos em pontos de fluxo. ";"
Tamanho do universo: 4331733 (Dados do TRE de julho de 2014) Tamanho da amostra: 801 eleitores. Nível de confiança: 95%. Margem de Erro Amostral: Máxima de 3,46 pontos percentuais para mais ou para menos nos dados da amostra global. Nos dados das amostras parciais (estratos), essa poderá ser maior. Tipo de amostra: Auto-ponderada por quotas proporcionais às existentes no universo de acordo com as variáveis e região geográfica. A seleção do eleitor no domicílio (um por domicílio) é acidental de acordo com as quotas de ponderação. Ponderação quanto ao sexo: 48% do sexo Masculino e 52% do sexo Feminino. Ponderação quanto à faixa etária: 16% de 16 a 24 anos, 24% de 25 a 34 anos, 29% de 35 a 49 anos e 31% de 50 anos ou mais. Ponderação quanto ao nível de instrução: 16% de Lê e escreve, 36% de Fundamental, 36% de Médio e 12% de Curso superior. Ponderação quanto ao nível socioeconômico: 20% de Alta e 80% de Baixa. Ponderação quanto a região: Capital 21%, Centro 21%, Norte 9%, Entorno 18%, Sul 11%, Sudoeste 12% e Noroeste 8%. ";"Todo entrevistador foi previamente treinado para a realização desta prévia eleitoral, tanto na parte teórica como na prática, além de receberem as orientações específicas para esta pesquisa. O SERPES coloca um supervisor para cada equipe de quatro entrevistadores. O supervisor tem a responsabilidade e é treinado para distribuir os entrevistadores nos diversos setores censitários, acompanhar, orientar, corrigir ou invalidar o trabalho deles e conferir por si ou por entrevistador designado 20% das entrevistas. A coleta de dados será feita por sete equipes de um supervisor e quatro entrevistadores.";"#NULO#"
"27/02/2023";"15:36:19";2014;3;"Eleições Gerais 2014";"GO";"GO";"GOIÁS";"GO000292014";"2014-03-24 00:00:00";"#NE";"00945330000150";"Instituto Verus Assessoria e Pesquisa de Marketing Ltda - EPP";"#NE";"Governador, Senador";"2014-03-21 00:00:00";"2014-03-26 00:00:00";1200;"6221";"RUI DA COSTA ABRANTES ";"20000,00";"Pesquisa realizada com metodologia quantitativa através de amostragem por quotas proporcionais às variáveis: sexo, faixa etária (conforme dados do TSE) e localização geográfica.  Entrevistas face-a-face, junto à população com 16 anos ou mais, eleitores e residentes nos municípios pesquisados.";"A amostra contará com 1.200 entrevistas válidas junto ao eleitorado dos municípios pesquisados; Ponderação: Ponderação quanto a sexo e faixa etária do respondente e áreas físicas de realização do trabalho: A metodologia adotada utilizou auto-ponderação quanto às variáveis sexo, faixa etária e região geográfica do estado, sendo aplicada nas áreas físicas dos municípios selecionados descritos no plano amostral apresentado. As variáveis: grau de instrução e nível econômico não foram objetos de controle da amostra. Intervalo de confiança: 95.5%; Margem de erro: Máxima de 2,9% para mais ou para menos nos dados da amostra global.
Plano amostral: Sexo – Masculino: 48,3%, Feminino: 51,7%
Faixa Etária - De 16 a 24 anos: 16,9%, De 25 a 34 anos: 24,0%, De 35 a 44 anos: 21,2%, De 45 acima: 37,9%.
";"30% (trinta por cento) de todo material retornado do campo foi objeto de fiscalização e checagem junto ao próprio entrevistado, quando todos os dados e respostas foram conferidos. Trabalho realizado por fiscais de campo paralelamente ao andamento ao trabalho de campo.";"DISTRIBUIÇÃO GEOGRÁFICA
REGIÕES - AMOSTRA
- GOIÂNIA - AMOSTRA = 255
- REGIÃO METROPOLITANA DE GOIÂNIA - AMOSTRA = 174; (Municípios pesquisados: Aparecida de Goiânia, Trindade, Senador Canedo e Inhumas)
- REGIÃO CENTRO (EIXO BR-153) - AMOSTRA = 136; (Municípios pesquisados: Anápolis, Goianésia, Jaraguá, Rubiataba, Uruana e Carmo do Rio Verde)
- REGIÃO NORTE - AMOSTRA = 65; (Municípios pesquisados: Porangatu, Minaçu, Niquelândia e Uruaçu)
- REGIÃO NORDESTE - AMOSTRA = 35; (Municípios pesquisados: Posse e Alvorada do Norte)
- REGIÃO ENTORNO DO DISTRITO FEDERAL - AMOSTRA = 171; (Municípios pesquisados: Luziânia, Formosa, Águas Lindas de Goiás, Valparaíso de Goiás, Planaltina de Goiás, Novo Gama, Santo Antônio do Descoberto, Cidade Ocidental e Alexânia)
- REGIÃO SUDESTE (ESTRADA DE FERRO) - AMOSTRA = 53; (Municípios pesquisados: Catalão, Pires do Rio e Ipameri)
- REGIÃO SUL - AMOSTRA = 89; (Municípios pesquisados: Itumbiara, Caldas Novas, Morrinhos e Goiatuba)
- REGIÃO SUDOESTE - AMOSTRA = 112; (Municípios pesquisados: Rio Verde, Jataí, Mineiros, Quirinópolis, Santa Helena de Goiás e Acreúna)
- REGIÃO OESTE - AMOSTRA = 78; (Municípios pesquisados: Iporá, São Luiz de Montes Belos, Anicuns e Palmeiras de Goiás)
- REGIÃO NOROESTE (ESTRADA DE BOI) - AMOSTRA = 32; (Municípios pesquisados: Itaberaí, Goiás e Itapuranga)
"
"27/02/2023";"15:36:19";2014;3;"Eleições Gerais 2014";"GO";"GO";"GOIÁS";"GO000352014";"2014-05-26 00:00:00";"#NE";"01096445000180";"GRUPOM CONSULTORIA EMPRESARIAL LTDA";"#NE";"Governador";"2014-05-24 00:00:00";"2014-05-27 00:00:00";404;"6221";"RUI COSTA ABRANTES";"14000,00";"Pesquisa quantitativa, que consiste na realização de entrevistas pessoais e domiciliares, com a aplicação de questionário estruturado junto a uma amostra representativa do eleitorado em estudo. ";"Representativa do eleitorado da área em estudo, elaborada em dois momentos. No primeiro momento faz-se um sorteio probabilístico dos setores censitários onde as entrevistas serão realizadas, pelo método PPP (Probabilidade Proporcional à População), tomando o eleitorado como base para tal seleção (dados do TSE). No segundo momento, dentro dos setores sorteados, os respondentes são selecionados através de quotas amostrais, proporcionais em função das variáveis: Sexo, Idade e Grau de Instrução, de acordo com o perfil do eleitorado. O nível econômico é assegurado através do controle das variáveis descritas acima. Não haverá necessidade de ponderação posterior, pois a distribuição amostral baseada nos setores censitários do IBGE, censo de 2010, harmoniza e torna fidedigna a representatividade da população. O intervalo de confiança estimado é de 95% e a margem de erro máxima estimada considerando um modelo de amostragem aleatório simples, é de 4,8 pontos percentuais para mais ou para menos sobre os resultados encontrados no total da amostra. ";"Para a realização da pesquisa utiliza-se equipe de entrevistadores e supervisores contratados pela GRUPOM devidamente treinados para o trabalho. Após os trabalhos de campo as entrevistas/questionários são submetidos a uma fiscalização de até 20%. A coleta de dados será realizada por meio eletrônico e “Tablet” onde os dados do respondente são arquivados e transmitidos diretamente ao sistema de forma a evitar qualquer interferência nos resultados.";"CIDADE DE RIO VERDE-GO, ZONA URBANA, BAIRROS: Br Anhanguera,  Br Eldorado,  Br Liberdade,  Br Martins,  Br Odilia,  Br Popular,  Br Promissão,  Br São Felipe,  Br São João,  Br São Joaquim,  Br Solar Campestre,  Br Sto Agostinho,  Br Sto Antônio de Lisboa,  Centro,  Cj Maristela,  Cj Maurício Arantes,  Cj Morada do Sol,  Cj Valdeci Pires,  Jd Adriana,  Jd América,  Jd América Prolongamento,  Jd Diniz,  Jd Eleonora,  Jd Goiás,  Jd Neves,  Jd Presidente,  Jd Primavera,  Lot Céu Azul,  Lot Gameleira,  Parque Dom Miguel,  Pq Bandeirantes,  Pq das Laranjeiras,  Pq dos Jatobás,  Res Buriti,  Res Canaã,  Res Maranata,  Res Monte Sião,  Res Serra Dourada,  Res Veneza,  St Campestre,  St Dona Gercina,  St Pauzanes,  St Universitário,  Vila Menezes,  Vl Amália,  Vl Andé Luiz,  Vl Bailão,  Vl Borges,  Vl Carolina,  Vl Dona Auta,  Vl Mariana,  Vl Mariana 2,  Vl Mutirão,  Vl Renovação,  Vl Rocha,  Vl Rosalina,  Vl Sta Cruz,  Vl Verde."
"27/02/2023";"15:36:19";2014;3;"Eleições Gerais 2014";"GO";"GO";"GOIÁS";"GO000582014";"2014-08-04 00:00:00";"#NE";"01403730000104";"EPP - EMPRESA DE PESQUISA E CONSULTORIA LTDA";"#NE";"Governador, Senador";"2014-08-02 00:00:00";"2014-08-05 00:00:00";1502;"8631";"Alexandre Vasconcelos Lima";"35000,00";"A metodologia utilizada foi pesquisa quantitativa do tipo survey, com aplicação de questionário face a face, sendo que a seleção do eleitor respeito o critério das cotas amostrais, proporcionais ao universo. Foi entrevista somente uma pessoa por domicílio.";"Universo: Eleitores do Estado de Goiás, com 16 anos ou mais. Perfil dos entrevistados: Segmentação nas condições filtro da sondagem - sexo (masculino e feminino), faixa etária (16 a 24 anos, 25 a 34 anos, 35 a 44 anos, 45 a 59 anos, acima de 60 anos) e grau de instrução (analfabeto / kê e escreve, ensino fundamental, ensino médio, superior). Sendo autoponderada para a variável nível sócio-econômico. Nível de confiança = 95,0%. Margem de erro= 2,5% para mais ou para menos. Amostra: 1.502 eleitores. Sexo: Masculino - 48,1, Feminino - 51,9%. Faixa Etária: 16 a 24 anos - 16,91%, 25 a 34 anos - 23,81%, 35 a 44 anos - 21,21%, 45 a 59 anos	- 23,54%, 60 anos ou mais 14,51%. Grau de Instrução: ANALFABETO - 3,87, LÊ E ESCREVE - 11,86%, ENSINO FUNDAMENTAL - 35,78%, ENSINO MÉDIO - 36,22%, SUPERIOR - 12,27%. ";"Questionário estruturado com perguntas para respostas espontâneas e estimuladas. 20% das amostras foram checadas, garantindo se assim, a autenticidade e qualidade do trabalho. Processo de entrevistas tipo “ESCALA”, onde somente serão abordados, no máximo, dois moradores por quadra, necessariamente, residentes em lados opostos e com distância mínima de 03 casas. Os entrevistadores foram treinados pela empresa antes da aplicação dos questionários.";"A área de abrangência da coleta é o Estado de Goiás. A relação dos municípios selecionados para aplicação da amostra será apresentada até o 7º dia seguinte ao registro da pesquisa, conforme expresso no art. 2º, §5º da Resolução 23.400/2013 do TSE."
"27/02/2023";"15:36:19";2014;3;"Eleições Gerais 2014";"GO";"GO";"GOIÁS";"GO000862014";"2014-08-21 00:00:00";"#NE";"07364626000126";"SIGMA CONSULTORIA E PESQUISAS LTDA";"#NE";"Governador, Senador, Deputado Federal, Deputado Estadual";"2014-08-26 00:00:00";"2014-08-29 00:00:00";602;"8631";"Alexandre Vasconcelos Lima";"4000,00";"Pesquisa quantitativa, que consiste na realização de entrevistas pessoais, com a aplicação de questionários estruturados e padronizados junto a uma amostra representativa do eleitorado do município de Rio Verde.";"Representativa do eleitorado da área em estudo, elaborada em três estágios. No primeiro estágio faz-se um sorteio probabilístico nos bairros, onde as entrevistas serão realizadas, pelo método PPT (Probabilidade Proporcional ao Tamanho), tomando o eleitorado como base para tal seleção. No segundo estágio faz-se um sorteio probabilístico dos setores censitários, onde as entrevistas serão realizadas, pelo método PPT (Probabilidade Proporcional ao Tamanho), tomando a população de 16 anos ou mais residente nos setores como base para tal seleção. No terceiro e último estágio, dentro dos setores sorteados, os respondentes são selecionados através de quotas amostrais proporcionais em função de variáveis significativas, a saber: IDADE: 16-24 (masculino) 15,0% (feminino) 16,1%; 25-34 (masculino) 27,2% (feminino) 26,3%; 35-44 (masculino) 21,5% (feminino) 21,1%; 45-59 (masculino) 22,5% (feminino) 23,2%; 60 e+ (masculino) 13,8% (feminino) 13,3%; INSTRUÇÃO: Até Ensino Médio (masculino) 92,0% (feminino) 89,4%; Ensino Superior (masculino) 8,0% (feminino) 10,6%; NÍVEL ECONÔMICO: Economicamente ativo (masculino) 83% (feminino) 60%; Não Economicamente ativo (masculino) 17% (feminino) 40%. Está prevista eventual ponderação para correção das variáveis sexo e idade, com base nos percentuais anteriormente mencionados, caso ocorram diferenças superiores a 3 pontos percentuais entre o previsto na amostra e a coleta de dados realizada. Para as variáveis de grau de instrução e nível econômico do entrevistado, o fator previsto para ponderação é 1 (resultados obtidos em campo). O nível de confiança estimado é de 95% e a margem de erro máxima estimada considerando um modelo de amostragem aleatório simples, é de 3 (três) pontos percentuais para mais ou para menos sobre os resultados encontrados no total da amostra. FONTE DOS DADOS: Censo 2010 | PNAD 2012 | TSE 2014 ";"Para a realização da pesquisa, utiliza-se uma equipe de entrevistadores e supervisores contratados pela SIGMA CONSULTORIA E PESQUISAS LTDA. devidamente treinados para o trabalho. Após os trabalhos de campo, os questionários são submetidos a uma fiscalização de cerca de 20% (vinte por cento) dos questionários aplicados pelos entrevistadores; para verificação das respostas e da adequação dos entrevistados aos parâmetros amostrais.";"A área de abrangência da coleta é a Cidade de Rio Verde. A Relação de bairros selecionados para aplicação da amostra será a seguinte;
REGIÃO NORTE – B. Popular, B. São João, B. São Joaquim, Prol. B. Martins, St. Pauzanes (acima da av. Pauzanes)B. Eldorado, Prol. B. Eldorado, B. Anhanguera, B. Primavera, B. Martins, Res. Arco Íris (lado norte), Dimpe, Cj. Mauricio Arantes, Cj. Valdeci Pires, St. Dom Miguel, B. Liberdade, Cj. Céu Azul, Pq. dos Girassóis, Vl. Borges, Vl. Rosalina Borges, Prol. Vl. Borges A e B, Vl. André Luiz, St. Pauzanes (baixo Pauzanes). 
REGIÃO SUL – Bairro Promissão, Sta Cruz I e II, São Tomaz I e II, Vl. Mariana, Vl. Maria Rocha, Prol. Vl. Mariana I e II, Res. Dona Ilza, Res. Atalaia, St. Serra Dourada, Jardim Helena, St. dos Funcionários, Pq. das Paineiras, Res. Recanto do Bosque, Vl. Renovação, Vl. Amália II, B. Gameleira I e II, Vl. Mutirão, St. Sta Genoveva e Jd. das Margaridas. 
REGIÃO LESTE – Pq. Bandeirante (acima da Rua 14, no módulo esportivo), St. Alvorada, Nova Vila Maria, Bairro Paraguassu, Vl. Maria, Vl. Gomes, Jd. Goiás (acima da Rua 12), B. São Felipe, B. Sto Agostinho, B. Sto Antonio de Lisboa, Res. Dos Buritis, Res. Veneza, Res. Arco Íris (lado leste), Res. Dona Gercina e Res. Maranata. 
REGIÃO OESTE – Res. Laussane, St. Campestre, Solar do Agreste A e B, Pq. dos Buritis I e II, Villa Miafiori, Jd. Eleonora, Pq. Bougainville, Res. Terra Cota, Pq. Laranjeiras, Prol. Pq. Laranjeiras, Bairro de Lourdes, Jd. Presidente, Bairro Odília, Res. Pq. dos Ipês, Res. Por do Sol, Res. Água Santa, Res. Tocantins, Res. Araguaia, St. Universitário, Pq. dos Jatobás, Res. Interlagos, B. Vitória Régia, St. Morada do Sol, Vl. Verde e Cj. Morada do Sol, Res. Canaã, Vl. Serpró, Jd. Mondale, St. Sta Luzia, Vl. Dona Alta, Vl. Moreira Ataídes, Vila Meneses, Pq. Betel. 
SETOR CENTRAL – Vl. Sta Bárbara, Vl. Sto André, Vl. Olinda, B. Medeiros, Prol. Jd. América, Jd. Cruvinel, Jd. Diniz, Jd. América, Setor Central, Jd. Marconal, Vl. Morais, St. Oeste, Jd. das Neves, B. das Acácias e Jd. Goiás (abaixo da Rua 12), Jd. Adriana, Vl. Rocha, Vl. Baylão, Prol. Vl. Baylão, Jd. Bela Vista, Vl. Dinara, Vl. Carolina, Vl. Santo Antonio, Bairro Maristela, Vl. Amália, Vl. Modelo, Prol. Pq. Bandeirante, Jd. Brasília, Pq. Bandeirante"
"27/02/2023";"15:36:19";2014;3;"Eleições Gerais 2014";"GO";"GO";"GOIÁS";"GO001162014";"2014-09-06 00:00:00";"#NE";"01096445000180";"GRUPOM CONSULTORIA EMPRESARIAL LTDA";"#NE";"Governador, Senador";"2014-09-08 00:00:00";"2014-09-11 00:00:00";1011;"6221";"RUI COSTA ABRANTES";"51500,00";"Pesquisa quantitativa, que consiste na realização de entrevistas pessoais e domiciliares, com a aplicação de questionário estruturado junto a uma amostra representativa do eleitorado em estudo. ";"Representativa do eleitorado da área em estudo, elaborada em dois momentos. No primeiro momento faz-se um sorteio probabilístico dos setores censitários onde as entrevistas serão realizadas, pelo método PPP (Probabilidade Proporcional à População), tomando o eleitorado como base para tal seleção (dados do TSE). No segundo momento, dentro dos setores sorteados, os respondentes são selecionados através de quotas amostrais, proporcionais em função das variáveis: Sexo, Idade e Grau de Instrução, de acordo com o perfil do eleitorado. O nível econômico é assegurado através do controle das variáveis descritas acima. Não haverá necessidade de ponderação posterior, pois a distribuição amostral baseada nos setores censitários do IBGE, censo de 2010, harmoniza e torna fidedigna a representatividade da população. O intervalo de confiança estimado é de 95% e a margem de erro máxima estimada considerando um modelo de amostragem aleatório simples, é de 3,1 pontos percentuais para mais ou para menos sobre os resultados encontrados no total da amostra. ";"Para a realização da pesquisa utiliza-se equipe de entrevistadores e supervisores contratados pela GRUPOM devidamente treinados para o trabalho. Após os trabalhos de campo as entrevistas/questionários são submetidos a uma fiscalização de até 20%. A coleta de dados será realizada por meio eletrônico, “Tablet”, onde os dados do respondente são arquivados e transmitido diretamente ao sistema de forma a evitar qualquer interferência nos resultados.";"#NULO#"
"27/02/2023";"15:36:19";2014;3;"Eleições Gerais 2014";"GO";"GO";"GOIÁS";"GO001312014";"2014-09-16 00:00:00";"#NE";"05850850000100";"Fortiori Pesquisa Diagnóstico e Marketing Ltda";"#NE";"Governador, Senador";"2014-09-15 00:00:00";"2014-09-18 00:00:00";1000;"8631.";"Alexandre Vasconcelos Lima";"30000,00";"A pesquisa da Fortiori é uma pesquisa quantitativa, através de realização de entrevistas pessoais, por abordagem randômica, com aplicação de questionários junto à amostra definida da população. 
";"Universo – eleitores residentes e domiciliados no Estado de Goiás. Tipo de amostra – amostra não probabilística, por cotas proporcionais às variáveis sexo, idade, grau de instrução e local de moradia. Tamanho da amostra – 1000 entrevistas. Sexo Homens = 50% Mulheres = 50% Idade 16 a 24 anos = 23% 25 a 34 anos = 28% 35 a 49 anos = 28% 50 e mais = 22% Escolaridade Primário = 24% 1º grau = 50% 2º grau = 23% Superior = 4% Nível Sócio Econômico A – 5% B – 10% C – 20% D – 30% E – 35% Para um intervalo de confiança de 95%, a pesquisa apresenta margem de erro máxima de 3,1%. 
";" Sistema interno de controle e fiscalização Trabalho de coleta de dados será feito por 14 entrevistadores devidamente treinados e acompanhado in loco por 4 supervisores. Será feita uma checagem de 20% ainda no campo e de mais 10% através do telefone ";"Goiânia - Centro; St. Oeste; St.Sul; Campinas; Balneário Meia Ponte;Centro Oeste; Vila Nova; Jardim América; St. Bueno; Pedro Ludovico; Parque das Laranjeiras; Capuava; Canaã; Jd. Novo Mundo; Vila Pedroso; Vera Cruz; Novo Horizonte; Sudoeste; Guanabara; St. São Judas Tadeu; Finsocial; Nova Esperança; Jd. Curitiba; Jd. Primavera; Senador Canedo; Inhumas;Itauçu;Brazabrantes; Bela Vista; Hidrolândia; Guapó; Teresópolis; Trindade; Anápolis( Jundiaí; Vila Jaiara; Centro; Br. Lourdes; Jd. América); Aparecida de Goiânia( Vila Brasília; Garavelo; Centro; Buriti Sereno; Br. Independência); Itumbiara; Caldas Novas; Santa Crus de Goiás; Goiatuba; Morrinhos; Catalão; Pires do Rio; Ipameri; Urutaí; Rio Verde; Jataí; Quirinópolis; Santa Helena; Acreúna;Indiara; Santo Antônio da Barra; Palmeiras; Ceres; Jaraguá; São Francisco; Goianésia; Porangatu; Uruaçu; Niquelândia; Iporá; Goiás; São Luiz de Montes Belos; Itaberaí; Itapuranga; Sanclerlândia; Fazenda Nova; Luziânia; Formosa; Águas Lindas; Alexânia; Abadiânia; Valparaíso;Corumbá; Pirinópolis; Santo Antônio do Descoberto; Posse; Iaciara; Alvorada do Norte; Minaçu; Padre Bernardo;Cidade Ocidental;Cocalzinho "
"27/02/2023";"15:36:19";2014;3;"Eleições Gerais 2014";"GO";"GO";"GOIÁS";"GO001582014";"2014-09-26 00:00:00";"#NE";"07397712000135";"INSTITUTO CALCULUS DE JORNALISMO E PESQUISA  LTDA";"#NE";"Governador, Deputado Federal, Deputado Estadual";"2014-09-23 00:00:00";"2014-09-26 00:00:00";500;"8631";"Alexandre Vasconcelos Lima";"5000,00";"Metodologia quantitativa survey, pesquisas endereçadas a bairros da cidade de Itumbiara/GO, executadas através de questionário estruturado aplicados por entrevistadores treinados.";"Ponderação quanto ao sexo: De sexo Masculino: 48%; de sexo Feminino: 52% - Ponderação quanto à faixa etária: 16 a 24 anos: 15,20%; 25 a 34 anos: 21,86%; 35 a 44 anos: 20,34%; 45 a 55 anos: 24,67%; 55 anos ou mais: 17,93%. - Ponderação quanto ao nível de instrução: Analfabeto: 4,35%; Primário: 19,31%; Fundamental: 39,53%; Médio 34,8%; Superior: 6,33%. A pesquisa é autoponderada para o nível sócio-econômico. Intervalo de confiança de 95% e margem de erro máxima de 3.5% pontos percentuais, para mais ou para menos. 
";"CONTROLE INTERNO/INSTRUMENTAL: - Questionário estruturado com perguntas para respostas espontâneas e estimuladas. - Equipe: 4 pesquisadores de campo uniformizados, 01 coordenador e 01 supervisor. Aproximadamente 20% das amostras foram chegadas, garantindo se assim, a autenticidade e qualidade do trabalho. Processo de entrevistas tipo “ESCALA”, onde somente serão abordados, no máximo, dois eleitores por quadra, necessariamente, residentes em lados opostos e com distância mínima de 05 casas. – RESULTADO DA PESQUISA: Em atendimento ao Art. 33, da Lei n. 9.504 e Instrução 112 do TSE, informamos que esta pesquisa não será divulgada antes do prazo, respeitando todas as exigências legais. ";"Pesquisa realizada no município de Itumbiara-GO. Bairros pesquisados: Marolina, Norma Gibaldi, Remi Martins, Sebastião de Moura, Ladário, Dionária Rocha, Vila Mutirão, Dom veloso, Cidade Jardim, Vila Vitória l e ll, Novo Horizonte, Planalto, Morada dos Sonhos, Olintha Guimarães, Zenom Borges, Dona Guri,Nova Veneza,Santos Dumont, Paranaíba, Santa Inez, Ferreira da Costa, Brasília, Vila de Furnas, Village Beira- Rio,Alto da Boa Vista, Nova Aurora, Jardim America, Região Central,Afonso Pena, Social, Jardim Liberdade. Selma Di Angelis, São Judas Tadeu, Luz, Buriti l, Buriti ll, Buriti lll, Vila Beatriz, Bairro Rodoviário, Karfan, Maria Luiza, Ulisses Guimarães,Dona Sinica, Nossa Senhora da Saúde, Santa Maria e Vila dos Machados e Morumbi."
"27/02/2023";"15:36:19";2014;3;"Eleições Gerais 2014";"GO";"GO";"GOIÁS";"GO001482014";"2014-09-22 00:00:00";"#NE";"02678167000131";"SERPES - PESQUISAS DE OPINIÃO E MERCADO LTDA";"#NE";"Governador, Senador";"2014-09-22 00:00:00";"2014-09-26 00:00:00";801;"6221";"Rui Costa Abrantes";"34300,00";"Objetivos: Aferir a intenção de voto espontânea e estimulada dos candidatos a Governador de Goiás, Senador por Goiás e Presidente da República e respectivas rejeições mediante a aplicação de questionário estruturado à uma amostra representativa do universo do eleitorado de Estado de Goiás. Tipo de entrevista: Domiciliar e presencial em pelo menos 90% da amostra planejada; 10% ou menos em pontos de fluxo. ";"Tamanho do universo: 4331733 (Dados do TRE de julho de 2014) Tamanho da amostra: 801 eleitores. Nível de confiança: 95%. Margem de Erro Amostral: Máxima de 3,46 pontos percentuais para mais ou para menos nos dados da amostra global. Nos dados das amostras parciais (estratos), essa poderá ser maior. Tipo de amostra: Auto-ponderada por quotas proporcionais às existentes no universo de acordo com as variáveis e região geográfica. A seleção do eleitor no domicílio (um por domicílio) é acidental de acordo com as quotas de ponderação. Ponderação quanto ao sexo: 48% do sexo Masculino e 52% do sexo Feminino. Ponderação quanto à faixa etária: 16% de 16 a 24 anos, 24% de 25 a 34 anos, 29% de 35 a 49 anos e 31% de 50 anos ou mais. Ponderação quanto ao nível de instrução: 16% de Lê e escreve, 36% de Fundamental, 36% de Médio e 12% de Curso superior. Ponderação quanto ao nível socioeconômico: 20% de Alta e 80% de Baixa. Ponderação quanto a região: Capital 22%, Centro 21%, Norte 10%, Entorno 18%, Sul 11%, Sudoeste 12% e Noroeste 8%. ";"Todo entrevistador foi previamente treinado para a realização desta prévia eleitoral, tanto na parte teórica como na prática, além de receberem as orientações específicas para esta pesquisa. O SERPES coloca um supervisor para cada equipe de quatro entrevistadores. O supervisor tem a responsabilidade e é treinado para distribuir os entrevistadores nos diversos setores censitários, acompanhar, orientar, corrigir ou invalidar o trabalho deles e conferir por si ou por entrevistador designado 20% das entrevistas. A coleta de dados será feita por cinco equipes de um supervisor e quatro entrevistadores.";"#NULO#"
"27/02/2023";"15:36:19";2014;3;"Eleições Gerais 2014";"GO";"GO";"GOIÁS";"GO001762014";"2014-09-27 00:00:00";"#NE";"06972255000100";"INSTITUTO NEROPOLINO DE PESQUISA-LTDA";"#NE";"Governador, Senador, Deputado Federal, Deputado Estadual";"2014-09-30 00:00:00";"2014-09-30 00:00:00";500;"8631";"Alexandre Vasconcelos Lima";"9000,00";"A pesquisa foi do tipo quantitativa “survey”. As entrevistas foram realizadas em domicílio e endereçadas a setores censitários da cidade de Rio Verde, executadas através de questionário estruturado e questões para respostas espontâneas e estimuladas. ";"Universo: Eleitores “ Rio Verde - Goiás ” Tamanho da Amostra: 500 eleitores Nível de Confiança: 95 % Margem Máxima de Erro: 3,5 % pontos percentuais para mais ou para menos Tipo de Amostra: por sorteio de quadras e domicílios em cada quadra. A seleção do eleitor é acidental de acordo com as cotas de ponderação – segundo sexo, idade e nível de escolaridade. A pesquisa foi autoponderada para a variável nível socioeconômico. Pesos dos extratos da população e da amostra: sexo masculino: 50,2% e feminino : 49,8%. Faixa etária: 16 a 24 anos = 18,1% - 25 a 34 anos = 26,3% - 35 a 44 anos = 20,9% - 45 a 59 anos = 22,1 % + de 60 anos = 12,6% Instrução: Analfabeto = 3,5% - Fundamental = 46,8 % - Médio = 38,9 % - Superior = 10,8 %. ";"A pesquisa ocorreu na cidade de Rio Verde-GO: Região I ( Centro, Jardim Goiás); Região II (Renovação,Promissão, Mariana, Margarida, V. Mutirão,São Thomaz,Gameleira); Região III (Morada do Sol, Presidente, Campestre, Pq. Laranjeiras, Elionora, V.Verde, Universitário, Olinda); Região IV (Canãa, mordali, Serpró, Bethel, Menezes, Setor Dona Alta); Região V (Jd. America, B.Martins, v. Borges, Setor Medeiros, Setor Pauzanes); Região VI (Popular, Valdeci Pires, Dom Miguel, Primavera, Pq. Eldorado); Região VII (Bandeirantes, V.Maria, Antonio Lisboa, Santo Agostinho, Setor Carolina, V. Rocha); e Região VIII (POVOADOS).";"A pesquisa ocorreu na cidade de Rio Verde-GO: Região I ( Centro, Jardim Goiás); Região II (Renovação,Promissão, Mariana, Margarida, V. Mutirão,São Thomaz,Gameleira); Região III (Morada do Sol, Presidente, Campestre, Pq. Laranjeiras, Elionora, V.Verde, Universitário, Olinda); Região IV (Canãa, mordali, Serpró, Bethel, Menezes, Setor Dona Alta); Região V (Jd. America, B.Martins, v. Borges, Setor Medeiros, Setor Pauzanes); Região VI (Popular, Valdeci Pires, Dom Miguel, Primavera, Pq. Eldorado); Região VII (Bandeirantes, V.Maria, Antonio Lisboa, Santo Agostinho, Setor Carolina, V. Rocha); e Região VIII (POVOADOS)."
"27/02/2023";"15:36:19";2014;3;"Eleições Gerais 2014";"GO";"GO";"GOIÁS";"GO001912014";"2014-10-10 00:00:00";"#NE";"68802370000186";"IBOPE INTELIGÊNCIA PESQUISA E CONSULTORIA LTDA. ";"#NE";"Governador";"2014-10-10 00:00:00";"2014-10-15 00:00:00";812;"6208-A";"Márcia Cavallari Nunes";"54322,80";"Pesquisa quantitativa, que consiste na realização de entrevistas pessoais com a aplicação de questionário estruturado junto a uma amostra representativa do eleitorado em estudo.";"Representativa do eleitorado da área em estudo, elaborada em três estágios.
No primeiro estágio faz-se um sorteio probabilístico dos municípios, onde as entrevistas serão realizadas, pelo método PPT (Probabilidade Proporcional ao Tamanho), tomando o eleitorado como base para tal seleção.
No segundo estágio faz-se um sorteio probabilístico dos setores censitários, onde as entrevistas serão realizadas, pelo método PPT (Probabilidade Proporcional ao Tamanho), tomando a população de 16 anos ou mais residente nos setores como base para tal seleção. No terceiro e último estágio, dentro dos setores sorteados, os respondentes são selecionados através de quotas amostrais proporcionais em função de variáveis significativas, a saber:IDADE: 16-24 (masculino) 20% (feminino) 17%; 25-34 (masculino) 26% (feminino) 26%; 35-44 (masculino) 22% (feminino) 22%; 45-54 (masculino) 17% (feminino) 17%; 55 e+ (masculino) 16% (feminino) 18%; INSTRUÇÃO: Até Ensino Médio (masculino) 85% (feminino) 80%; Ensino Superior (masculino) 15% (feminino) 20%; NÍVEL ECONÔMICO: Economicamente ativo (masculino) 83% (feminino) 58%; Não Economicamente ativo (masculino) 17% (feminino) 42%. 
Está prevista eventual ponderação para correção das variáveis sexo e idade, com base nos percentuais anteriormente mencionados, caso ocorram diferenças superiores a 3 pontos percentuais entre o previsto na amostra e a coleta de dados realizada. Para as variáveis de grau de instrução e nível econômico do entrevistado, o fator previsto para ponderação é 1 (resultados obtidos em campo). O nível de confiança estimado é de 95% e a margem de erro máxima estimada considerando um modelo de amostragem aleatório simples, é de 3 (três) pontos percentuais para mais ou para menos sobre os resultados encontrados no total da amostra.
FONTE DOS DADOS: Censo 2010 | PNAD 2012 | TSE 2014 | Entre outras.
";"Para a realização da pesquisa, utiliza-se uma equipe de entrevistadores e supervisores contratados pelo IBOPE INTELIGÊNCIA PESQUISA E CONSULTORIA LTDA. devidamente treinados para o trabalho. Após os trabalhos de campo, os questionários são submetidos a uma fiscalização de cerca de 20% (vinte por cento) dos questionários aplicados pelos entrevistadores; para verificação das respostas e da adequação dos entrevistados aos parâmetros amostrais.";"A área de abrangência da coleta é o Estado de Goiás. A Relação de municípios selecionados para aplicação da amostra será apresentada até o 7º dia seguinte ao Registro da pesquisa, conforme expresso no art. 2º § 5º da resolução 23.400/2013 do TSE."
"27/02/2023";"15:36:19";2014;3;"Eleições Gerais 2014";"GO";"GO";"GOIÁS";"GO000172014";"2014-02-22 00:00:00";"#NE";"05281052000105";"Vega Pesquisa e Comunicação Ltda";"#NE";"Governador";"2014-02-23 00:00:00";"2014-02-23 00:00:00";400;"8631";"Alexandre Vasconcelos Lima ";"3000,00";"Pesquisa quantitativa, que consiste na realização de entrevistas domiciliares pessoais face-a-face, com a aplicação de questionários estruturados e padronizados junto a uma amostra representativa da população a ser pesquisada. Amostra probabilística estratificada pela variável regional, com base em dados do IBGE 2010 e do TSE de 2013";"Plano amostral e ponderação quanto a sexo, idade, grau de instrução e nível econômico do entrevistado; intervalo de confiança e margem de erro: Tamanho do universo: 67.771 (Dados do TSE de dezembro de 2013) Tamanho da amostra: Mínimo de 350 eleitores. Intervalo de confiança: 95%. Margem de Erro Amostral: Máxima de 3,9 pontos percentuais para mais ou para menos nos dados da amostra global.) entrevistas residenciais. d) Ponderação: por se tratar de amostragem probabilística estratificada às variáveis demográficas, a pesquisa é autoponderada, ou seja, as proporções do universo pesquisado estão contidas na amostra. e) Área física de realização da pesquisa. Zona urbana da cidade de Valparaiso de Goiás-GO";"Sistema interno de controle e verificação, conferência e fiscalização da coleta de dados e do trabalho de campo: Todo entrevistador foi previamente treinado para a realização desta prévia eleitoral, tanto na parte teórica como na prática, além de receberem as orientações específicas para esta pesquisa. Sendo um supervisor para cada equipe de quatro entrevistadores. A coleta de dados será feita por uma equipe de um supervisor e quatro entrevistadores. ";"Bairros: Valparaiso de Goiás
Jardim Ceu Azul
Chácaras Anhanguera
Chácaras Lourdes Meireles
Parque Cruzeiro do Sul
Morada Nobre
Novo Jardim Oriente
Jardim Oriente
Parque São Bernardo
Vila Planalto
Valparaiso II
Ipanema
Lado esquerdo da BR sentido Brasília-Minas
Cidade Jardins
Explanda II
Centro de Valparaiso
Parque Explanada – III
Valparaiso – I
Parque Marajó
Parque Santa Rita de Cássia
Vila Isabel
Parque Explanada –IV e IV
"
"27/02/2023";"15:36:19";2014;3;"Eleições Gerais 2014";"GO";"GO";"GOIÁS";"GO000192014";"2014-02-22 00:00:00";"#NE";"05281052000105";"Vega Pesquisa e Comunicação Ltda";"#NE";"Governador";"2014-02-24 00:00:00";"2014-02-24 00:00:00";300;"8631";"Alexandre Vasconcelos Lima ";"3000,00";"Metodologia de pesquisa: Pesquisa quantitativa, que consiste na realização de entrevistas domiciliares pessoais face-a-face, com a aplicação de questionários estruturados e padronizados junto a uma amostra representativa da população a ser pesquisada. Amostra probabilística estratificada pela variável regional, com base em dados do IBGE 2010 e do TSE de 2013";"Plano amostral e ponderação quanto a sexo, idade, grau de instrução e nível econômico do entrevistado; intervalo de confiança e margem de erro: Tamanho do universo: 18.067 (Dados do TSE de dezembro de 2013) Tamanho da amostra: Mínimo de 300 eleitores. Intervalo de confiança: 95%. Margem de Erro Amostral: Máxima de 4,0 pontos percentuais para mais ou para menos nos dados da amostra global.) entrevistas residenciais. d) Ponderação: por se tratar de amostragem probabilística estratificada às variáveis demográficas, a pesquisa é autoponderada, ou seja, as proporções do universo pesquisado estão contidas na amostra. e) Área física de realização da pesquisa: Zona urbana da cidade de Pirenópolis-GO";"Sistema interno de controle e verificação, conferência e fiscalização da coleta de dados e do trabalho de campo: Todo entrevistador foi previamente treinado para a realização desta prévia eleitoral, tanto na parte teórica como na prática, além de receberem as orientações específicas para esta pesquisa. Sendo um supervisor para cada equipe de quatro entrevistadores. A coleta de dados será feita por uma equipe de um supervisor e quatro entrevistadores. ";"Bairros: Cidade de Pirenópolis-GO
Vila Pompeu
Vila Pompeu I
Bairro do Carmo
Vila Pequizeiro
Vila Matutina
Alto da Lapa
Vila Peia
Vila Zizito
Vila Couro
Centro
Vila Pratinha
Vila Estrela Dalva
Jardim Kubistchek
Vila Teodora de Oliveira
Vila Alto do Bonfim
Vila Nhonho Godinho
Vila Nenen Jaime
Setor Meia Ponte
Jardim Pireneus
Vila Santa Bárbara
Jardim Santa Bárbara
Vila Cintra
Vila Boa
Vila Maria Vulpina
Alto da Lapa
"
"27/02/2023";"15:36:19";2014;3;"Eleições Gerais 2014";"GO";"GO";"GOIÁS";"GO000252014";"2014-03-15 00:00:00";"#NE";"01096445000180";"GRUPOM CONSULTORIA EMPRESARIAL LTDA";"#NE";"Governador";"2014-03-11 00:00:00";"2014-03-16 00:00:00";1220;"6221";"RUI COSTA ABRANTES";"20000,00";"Pesquisa quantitativa, que consiste na realização de entrevistas pessoais e domiciliares, com a aplicação de questionário estruturado junto a uma amostra representativa do eleitorado em estudo. ";"Representativa do eleitorado da área em estudo, elaborada em dois momentos. No primeiro momento faz-se um sorteio probabilístico dos setores censitários onde as entrevistas serão realizadas, pelo método PPP (Probabilidade Proporcional à População), tomando o eleitorado como base para tal seleção (dados do TSE). No segundo momento, dentro dos setores sorteados, os respondentes são selecionados através de quotas amostrais, proporcionais em função das variáveis: Sexo, Idade e Grau de Instrução, de acordo com o perfil do eleitorado. O nível econômico é assegurado através do controle das variáveis descritas acima. Não haverá necessidade de ponderação posterior, pois a distribuição amostral baseada nos setores censitários do IBGE, censo de 2010, harmoniza e torna fidedigna a representatividade da população. O intervalo de confiança estimado é de 95% e a margem de erro máxima estimada considerando um modelo de amostragem aleatório simples, é de 2,8 pontos percentuais para mais ou para menos sobre os resultados encontrados no total da amostra. ";"Para a realização da pesquisa utiliza-se equipe de entrevistadores e supervisores contratados pela GRUPOM devidamente treinados para o trabalho. Após os trabalhos de campo as entrevistas/questionários são submetidos a uma fiscalização de até 20%. A coleta de dados será realizada por meio eletrônico  “Palm Top” e “Tablet” onde os dados do respondente são arquivados e transmitido diretamente ao sistema de forma a evitar qualquer interferência nos resultados.";"#NULO#"
"27/02/2023";"15:36:19";2014;3;"Eleições Gerais 2014";"GO";"GO";"GOIÁS";"GO000362014";"2014-06-02 00:00:00";"#NE";"01096445000180";"GRUPOM CONSULTORIA EMPRESARIAL LTDA";"#NE";"Governador";"2014-05-31 00:00:00";"2014-06-03 00:00:00";388;"6221";"RUI COSTA ABRANTES";"13400,00";"Pesquisa quantitativa, que consiste na realização de entrevistas pessoais e domiciliares, com a aplicação de questionário estruturado junto a uma amostra representativa do eleitorado em estudo. ";"Representativa do eleitorado da área em estudo, elaborada em dois momentos. No primeiro momento faz-se um sorteio probabilístico dos setores censitários onde as entrevistas serão realizadas, pelo método PPP (Probabilidade Proporcional à População), tomando o eleitorado como base para tal seleção (dados do TSE). No segundo momento, dentro dos setores sorteados, os respondentes são selecionados através de quotas amostrais, proporcionais em função das variáveis: Sexo, Idade e Grau de Instrução, de acordo com o perfil do eleitorado. O nível econômico é assegurado através do controle das variáveis descritas acima. Não haverá necessidade de ponderação posterior, pois a distribuição amostral baseada nos setores censitários do IBGE, censo de 2010, harmoniza e torna fidedigna a representatividade da população. O intervalo de confiança estimado é de 95% e a margem de erro máxima estimada considerando um modelo de amostragem aleatório simples, é de 4,9 pontos percentuais para mais ou para menos sobre os resultados encontrados no total da amostra. ";"Para a realização da pesquisa utiliza-se equipe de entrevistadores e supervisores contratados pela GRUPOM devidamente treinados para o trabalho. Após os trabalhos de campo as entrevistas/questionários são submetidos a uma fiscalização de até 20%. A coleta de dados será realizada por meio eletrônico e “Tablet” onde os dados do respondente são arquivados e transmitidos diretamente ao sistema de forma a evitar qualquer interferência nos resultados.";"CIDADE DE CATALÃO-GO, ZONA URBANA, BAIRROS: Br Américas,  Br Castelo Branco,  Br dos Lucas,  Br Evelina Nour,  Br Mãe de Deus,  Br Monsenhor Souza,  Br Nossa Senhora de Fátima,  Br São Francisco,  Br São João,  Br São José,  Br Sta Rita,  Br Sto Antônio,  Br Teotônio Vilela,  Centro,  Jd América,  Jd Bela Vista,  Jd Brasília,  Jd Ipanema,  Jd Paraíso,  Jd Paulista,  Jd Planalto,  Jd Primavera,  Lot Goianiese,  Lot Jd Catalão,  Lot Lago das Mansões,  Lot Leão,  Lot Paineiras,  Lot Pontal Norte,  Lot Santa Cruz,  Lot Sta Helena Li,  Lot Três Cruzes,  Res Maria Amélia,  Res Parati,  St Aeroporto,  St Progresso,  St Sta Mônica,  St Universitário,  Vl Chaud,  Vl Cruzeiro,  Vl Cruzeiro 2,  Vl Dona Erondina,  Vl Liberdade,  Vl Margon,  Vl Mutirão,  Vl Sta Terezinha,  Vl União,  Vl Wilson Guimaraes."
"27/02/2023";"15:36:19";2014;3;"Eleições Gerais 2014";"GO";"GO";"GOIÁS";"GO000632014";"2014-08-09 00:00:00";"#NE";"68802370000186";"IBOPE INTELIGÊNCIA PESQUISA E CONSULTORIA LTDA. ";"#NE";"Governador, Senador";"2014-08-10 00:00:00";"2014-08-14 00:00:00";812;"6208-A";"Márcia Cavallari Nunes";"54322,80";"Pesquisa quantitativa, que consiste na realização de entrevistas pessoais, com a aplicação de questionário estruturado junto a uma amostra representativa do eleitorado em estudo.";"Representativa do eleitorado da área em estudo, elaborada em três estágios. No primeiro estágio faz-se um sorteio probabilístico dos municípios, onde as entrevistas serão realizadas, pelo método PPT (Probabilidade Proporcional ao Tamanho), tomando o eleitorado como base para tal seleção. No segundo estágio faz-se um sorteio probabilístico dos setores censitários, onde as entrevistas serão realizadas, pelo método PPT (Probabilidade Proporcional ao Tamanho), tomando a população de 16 anos ou mais residente nos setores como base para tal seleção. No terceiro e último estágio, dentro dos setores sorteados, os respondentes são selecionados através de quotas amostrais proporcionais em função de variáveis significativas, a saber: IDADE: 16-24 (masculino) 20% (feminino) 18%; 25-34 (masculino) 25% (feminino) 25%; 35-44 (masculino) 21% (feminino) 21%; 45-54 (masculino) 16% (feminino) 17%; 55 e+ (masculino) 18% (feminino) 20%; INSTRUÇÃO: Até Ensino Médio (masculino) 85% (feminino) 80%; Ensino Superior (masculino) 15% (feminino) 20%; NÍVEL ECONÔMICO: Economicamente ativo (masculino) 82% (feminino) 57%; Não Economicamente ativo (masculino) 18% (feminino) 43%. Está prevista eventual ponderação para correção das variáveis sexo e idade, com base nos percentuais anteriormente mencionados, caso ocorram diferenças superiores a 3 pontos percentuais entre o previsto na amostra e a coleta de dados realizada. Para as variáveis de grau de instrução e nível econômico do entrevistado, o fator previsto para ponderação é 1 (resultados obtidos em campo). O nível de confiança estimado é de 95% e a margem de erro máxima estimada considerando um modelo de amostragem aleatório simples, é de 3 (três) pontos percentuais para mais ou para menos sobre os resultados encontrados no total da amostra. FONTE DOS DADOS: Censo 2010 | PNAD 2012 | TSE 2012 | Entre outras.";"Para a realização da pesquisa, utiliza-se uma equipe de entrevistadores e supervisores contratados pelo IBOPE INTELIGÊNCIA PESQUISA E CONSULTORIA LTDA. devidamente treinados para o trabalho. Após os trabalhos de campo, os questionários são submetidos a uma fiscalização de cerca de 20% (vinte por cento) dos questionários aplicados pelos entrevistadores; para verificação das respostas e da adequação dos entrevistadores aos parâmetros amostrais.";"A área de abrangência da coleta é do Estado de Goiás. A relação dos municípios selecionados para aplicação da amostra será apresentada até o 7º dia seguinte ao registro da pesquisa, conforme expresso no art. 2º, §5º da Resolução 23.400/2013 do TSE."
"27/02/2023";"15:36:19";2014;3;"Eleições Gerais 2014";"GO";"GO";"GOIÁS";"GO000682014";"2014-08-15 00:00:00";"#NE";"20252668000133";"Instituto ARTHUR OLIVEIRA OLIVEIRA -  M.E";"#NE";"Governador, Senador, Deputado Federal, Deputado Estadual";"2014-08-15 00:00:00";"2014-08-16 00:00:00";500;"8602";"Diogo de Mello Brito da Silva";"4000,00";"Pesquisa quantitativa, que consiste na realização de entrevistas pessoais e domiciliares, com a aplicação de questionário estruturado junto a uma amostra representativa do eleitorado em estudo. ";"1. Metodologia:
a) Margem de erro = 3,9% para mais ou para menos
b) Nível de confiança = 95%
c) Universo: 76.709  eleitores
d) Amostra: 500 questionários
2.Variáveis de ponderação da amostra:
2.1 Sexo:     
a)   Masculino = 47,6 %      -   b) Feminino = 52,4 %
2.2 Faixas etárias:
a) De 16 a 24 = 18,8 %		b) De 25 a 34 = 24,6 %	
c) De 35 a 44 = 21,5 %		d) De 45 a 59 = 22,0 %
e) acima de 60 anos = 13,1 %
2.3 Instrução do Eleitor:
a)  Analfabeto 	=	 5,2 %
b)  Fundamental 	=	50,5%
c)  Médio		=	34,9%
d) Superior		=	  9,4%
2.4 Nível Socioeconômico: 
a) Nivel Alto = 80,0 %   
b) Nivel Baixo  = 20 %";"Checagem de, pelo menos, 20% dos questionários aplicados através de Supervisores de campo. Cada grupo de 06 pesquisadores = 01 Supervisor de Checagem Identificação de nome e endereço do entrevistado nos questionários aplicados. Nos casos em que o entrevistado se disponha a fornecer o telefone, checagem aleatória de um mínimo de três questões respondidas, por cada grupo de 20 entrevistados. Processo de entrevista tipo “escada” onde somente serão abordados, no máximo, dois eleitores por face de quadra, necessariamente, residentes em lados opostos e com distância mínima de 10 casas. ";"Município de Trindade - Goiás
Bairros: Centro / Setor Oeste/ Setor Sul /Setor Sol Dourado / Barro Preto / Setor Perpetuo Socorro / Vila Redenção / Vila Primavera / Setor Santo Afonso /Setor Maisa I e II / Setor Dona Iris I e II / Jardim Floresta / Jardim Ipanema / Setor Pontakayana / Setor Marista / Parque dos Buritis /Setor Pai Eterno / Setor Vida Nova / Setor Serra Dourada / Setor Samara / SetorMonte Sinai / Vila Maria/ Setor Santuario / Setor Ana Rosa / Setor Santo Anofre / Jardim Salvador / Setor São Braz / Jardim Cristina/."
"27/02/2023";"15:36:19";2014;3;"Eleições Gerais 2014";"GO";"GO";"GOIÁS";"GO000922014";"2014-08-24 00:00:00";"#NE";"20240913000192";"MA+ CONSULTORIA E SERVICOS";"#NE";"Governador";"2014-08-22 00:00:00";"2014-08-24 00:00:00";404;"8925";"MARQUINANE MOURA BARROS";"2498,77";"A metodologia da pesquisa foi do tipo qualitativa, com amostragem por quotas proporcionais a sexo, faixa etária, renda familiar e nível de escolaridade. O instrumento de coleta de dados foi com questões abertas e fechadas.";"Foi adotada o sistema de amostragem, utilizando quotas proporcionais, em função das seguintes variáveis:
BAIRRO, SEXO FAIXA ETÁRIA, RENDA FAMILIAR, GRAU DE ESCOLARIDADE E RELIGIÃO, utilizando
como referência, dados do TRE - GO.
O nível de confiança estimado é de 95% e a margem de erro máxima estimada considerando um modelo de
amostragem aleatório simples, é de 2 (Dois) pontos percentuais para mais ou para menos sobre os
resultados encontrados no total da amostra.";"Os trabalhos de campo, foram realizados por entrevistadores da MA+ CONSULTORIA E SERVIÇOS,
selecionados e treinados pela supervisão de campo. A tabulação e controle dos dados, foram realizados na sede da empresa na cidade de Aparecida de Goiânia - GO, sob o acompanhamento do estatístico responsável.";"AMOSTRAGEM POR MUNICIPIO: PALMEIRAS DE GOIÁS - GO - 404 ENTREVISTADOS
AMOSTRAGEM POR BAIRROS: CENTRO 78; CASTELO BRANCO 46; ST MARTINS 29; BARILOCHE 21; TEMPO NOVO 21; JAÇANA 20; VL SÃO JOSÉ 20; OUTROS 18; JD DAS OLIVEIRAS 16; VILA RÉSIO 15; MAJOR SINFONIA 14; BOA VISTA 14; GOIANINHA 11; VL AURORA 10; ZONA RURAL 10; SÃO JOÃO 9; JD ALVORADA 9; ST OESTE 9; JD AMAZONAS 8; BOA ESPERANÇA 8; ST MORAES 7; ST REAL 7; ST AEROPORTO 4;
"
"27/02/2023";"15:36:19";2014;3;"Eleições Gerais 2014";"GO";"GO";"GOIÁS";"GO000992014";"2014-08-24 00:00:00";"#NE";"05281052000105";"Vega Pesquisa e Comunicação Ltda";"#NE";"Governador, Senador";"2014-08-25 00:00:00";"2014-08-27 00:00:00";1000;"8631";"Alexandre Vasconcelos Lima ";"20000,00";"Metodologia de pesquisa: Pesquisa quantitativa, que consiste na realização de entrevistas domiciliares pessoais face-a-face, com a aplicação de questionários estruturados e padronizados junto a uma amostra representativa da população a ser pesquisada. Amostra probabilística estratificada pela variável regional, com base em dados do IBGE 2010 e do TSE de 2013";" Plano amostral e ponderação quanto a sexo, idade, grau de instrução e nível econômico do entrevistado, margem de erro e nível de confiança: Plano amostral e ponderação quanto a sexo, idade, grau de instrução e nível econômico do entrevistado; intervalo de confiança e margem de erro: Tamanho do universo: 4.219.655 (Dados do TSE de dezembro de 2013) Tamanho da amostra: Mínimo de 1.000 eleitores. Intervalo de confiança: 95%. Margem de Erro Amostral: Máxima de 3,0 pontos percentuais para mais ou para menos nos dados da amostra global.) entrevistas residenciais. d) Ponderação: por se tratar de amostragem probabilística estratificada às variáveis demográficas, a pesquisa é autoponderada, ou seja, as proporções do universo pesquisado estão contidas na amostra. e) Área física de realização da pesquisa ";" Sistema interno de controle e verificação, conferência e fiscalização da coleta de dados e do trabalho de campo: Sistema interno de controle e verificação, conferência e fiscalização da coleta de dados e do trabalho de campo: Todo entrevistador foi previamente treinado para a realização desta prévia eleitoral, tanto na parte teórica como na prática, além de receberem as orientações específicas para esta pesquisa. Sendo um supervisor para cada equipe de quatro entrevistadores. A coleta de dados será feita por 06 equipes com um supervisor e entrevistadores. ";"Cidades do Estado de Goiás. ARAGUAPAZ ACREÚNA ÁGUAS LINDAS DE GOIÁS ANÁPOLIS - ( Jundiaí; Vila Jaiara; Centro; Bairro de Lourdes, Recanto do Sol, Paraiso, Jd. América, Aeroporto); ANICUNS APARECIDA DE GOIÂNIA ( Vila Brasília; Garavelo; Centro; Buriti Sereno; Bairro Independência); BARRO ALTO, CALDAS NOVAS CAMPINORTE CERES FAINA FORMOSA GOIANÉSIA GOIÂNIA Centro; Setor Oeste; Setor Sul; Campinas; Balneário Meia Ponte;Centro Oeste; Vila Nova; Jardim América; Setor Bueno; Pedro Ludovico; Parque das Laranjeiras; Redenção; Capuava; Canaã; Jardim Novo Mundo; Vila Pedroso; Setor Morais; Vera Cruz; Novo Horizonte; Sudoeste; Guanabara; Setor São Judas Tadeu; Finsocial; Nova Esperança; Jardim Curitiba; Primavera; GOIANIRA GOIÁS GOIATUBA INDIARA INHUMAS IPORÁ ITABERAÍ Itapirapuã ITAPURANGA ITUMBIARA JARAGUÁ JATAÍ JUSSARA LUZIÂNIA MARA ROSA MINAÇÚ Montes Claros MORRINHOS MOZARLÂNDIA NERÓPOLIS NIQUELÂNDIA NOVO GAMA PALMEIRAS DE GOIÁS PIRACANJUBA PLANALTINA PORANGATU POSSE RIO VERDE SANTA HELENA DE GOIÁS SANTO ANTONIO SÃO LUIZ DE MONTES BELOS SENADOR CANEDO TRINDADE URUAÇU VALPARAÍSO "
"27/02/2023";"15:36:19";2014;3;"Eleições Gerais 2014";"GO";"GO";"GOIÁS";"GO001092014";"2014-09-03 00:00:00";"#NE";"01403730000104";"EPP - EMPRESA DE PESQUISA E CONSULTORIA LTDA";"#NE";"Governador, Senador";"2014-09-01 00:00:00";"2014-09-02 00:00:00";2014;"8631";"Alexandre Vasconcelos Lima";"15000,00";"Pesquisa quantitativa, com aplicação de questionário face-a-face. Ouviu-se apenas uma pessoa por domicílio, depois de identificada como eleitora da cidade pesquisada.";"Dados Amostrais: 
- Universo: Eleitores do município de Goiânia (GO), com 16 anos ou mais.
- Amostra: Foram ouvidos 2014 eleitores.
- Nível de confiança = 95,0%.
- Margem de erro = 2,0% para mais ou para menos.
- Período de Campo: A coleta de dados foi realizada no período de 01 e 02 de setembro de 2014, nos horários compreendidos entre 8h00 e 18h00.
A pesquisa foi ponderada pelas variáveis sexo e faixa etária:
SEXO: (masculino) 47% (feminino) 53%; IDADE: 16-24 (masculino) 20% (feminino) 19%; 25-29 (masculino) 14%(feminino) 13%; 30-39 (masculino) 23% (feminino) 22%; 40-49 (masculino) 18% (feminino) 18%; 50 e+ (masculino) 24% (feminino) 27%. Está prevista eventual ponderação para correção das variáveis sexo e idade, com base nos percentuais anteriormente mencionados, caso ocorram diferenças superiores a 3 pontos percentuais entre o previsto na amostra e a coleta de dados realizada. Para as demais variáveis (grau de instrução e nível econômico) o fator previsto para a ponderação é igual a 1.";"Controle Interno e Instrumental:
- Questionário estruturado com perguntas para respostas espontâneas e estimuladas.
- Equipe: 12 entrevistadores devidamente treinados e uniformizados, acompanhados por dois supervisores de campo.
- Todos os questionários passaram por filtro de qualidade ao retornarem de campo. Aproximadamente 20% das amostras foram checadas, garantindo-se assim a autenticidade do trabalho.
";"A pesquisa foi realizada na cidade de Goiânia-GO, nos seguintes setores:
1ª Zona: Setor Aeroporto, Setor Central, Setor Norte-Ferroviário, Setor Oeste, Setor Sul.
2ª Zona: Jardim Balneário Meia Ponte, Jardim Diamantina, Recanto do Bosque, Vila Santa Helena, Campinas, Centro-Oeste, Setor Coimbra, Criméia Oeste, Setor dos Funcionários, Marechal Rondon, Perim, Urias Magalhães, Vila Abajá, Vila Clemente, Vila Irani, Vila Isaura, Maria Dilce, Vila Paraíso.
126ª Zona: Jardim Goiás, Setor Leste Universitário, Setor Leste Vila Nova.
127ª Zona: Jardim América, Parque Amazônia, Setor Bueno, Setor Nova Suíça, Sol Nascente.
133ª Zona: Alto da Glória, Chácara do Governador, Conjunto Fabiana, Conjunto Anhanguera, Jardim Vitória, Jardim da Luz, Jardim Mariliza, Parque Atheneu, Parque das Laranjeiras, Vila Redenção, Setor Pedro Ludovico, Santa Cruz, Santo Antônio, Setor Bela Vista.
134ª Zona: Capuava, Cidade Jardim, Conjunto Castelo Branco, João Vaz, Setor Aeroviário, Setor Rodoviário, Vila Aurora, Vila Canaã, Vila Santa Tereza, Vila São José.
135ª Zona: Aruanã I, Aruanã II, Conjunto Caiçara, Conjunto Riviera, Jardim Novo Mundo, Jardim das Aroeiras, Jardim Dom Fernando I, Jardim Dom Fernando II, Jardim Lageado, Jardim Santo Hilário, Parque das Amendoeiras, Recanto das Minas Gerais, Setor Água Branca, Vila Pedroso.
136ª Zona: Celina Park, Condomínio das Esmeraldas, Condomínio Marques de Abreu, Conjunto Baliza, Conjunto Cachoeira Dourada, Conjunto Monte Carlo, Conjunto Vera Cruz I II e V, Jardim Ana Lúcia, Jardim Itaipu, Jardim Planalto, Jardim Vila Boa, Jardim Europa, Jardim Presidente, Madre Germana II, Parque Anhanguera, Parque dos Buritis, Parque Santa Rita, Setor Novo Horizonte, Setor Oriente Ville, Setor Sudoeste, Setor União, Faiçalville, Setor Garavelo B, Setor Rio Formoso, Setor Vereda dos Buritis, Vila Alvorada, Vila Mauá.
146ª Zona: Bairro Feliz, Conjunto Itatiaia, Criméia Leste, Goiânia II, Setor Jaó, Jardim Guanabara I II e III, Negrão de Lima, Nova Vila, Setor Osvaldo Rosa, Setor Santa Genoveva, São Judas Tadeu, Jardim Pompéia, Vale dos Sonhos, Vila Monticelli, Vila Morais, Vila Yate, Vila Viana
147ª Zona: Bairro da Vitória III, Bairro Floresta, Bairro Goiá, Bairro São Carlos, Goiânia Viva, Jardim Curitiba I, Jardim Curitiba II, Jardim Curitiba III, Jardim Liberdade, Jardim Nova Esperança, Jardim Petrópolis, Jardim Primavera, João Braz, Lorena Park, Morada do Sol, Parque Oeste Industrial, Recreio São Joaquim, Setor Cândida de Moraes, Setor Finsocial, Solange Park, Setor Novo Planalto, São Francisco, Vila Mutirão, Vila Regina. 
"
"27/02/2023";"15:36:19";2014;3;"Eleições Gerais 2014";"GO";"GO";"GOIÁS";"GO001152014";"2014-09-06 00:00:00";"#NE";"07397712000135";"INSTITUTO CALCULUS DE JORNALISMO E PESQUISA  LTDA";"#NE";"Governador, Deputado Federal, Deputado Estadual";"2014-09-09 00:00:00";"2014-09-11 00:00:00";400;"8631";"Alexandre Vasconcelos Lima";"5000,00";"Metodologia quantitativa survey, pesquisas endereçadas a bairros da cidade de Itumbiara/GO, executadas através de questionário estruturado aplicados por entrevistadores treinados.";"Ponderação quanto ao sexo: De sexo Masculino: 48%; de sexo Feminino: 52% - Ponderação quanto à faixa etária: 16 a 24 anos: 15,20%; 25 a 34 anos: 21,86%; 35 a 44 anos: 20,34%; 45 a 55 anos: 24,67%; 55 anos ou mais: 17,93%. - Ponderação quanto ao nível de instrução: Analfabeto: 4,35%; Primário: 19,31%; Fundamental: 39,53%; Médio 34,8%; Superior: 6,33%. A pesquisa é autoponderada para o nível sócio-econômico. Intervalo de confiança de 95% e margem de erro máxima de 4% pontos percentuais, para mais ou para menos.";"CONTROLE INTERNO/INSTRUMENTAL: - Questionário estruturado com perguntas para respostas espontâneas e estimuladas. - Equipe: 4 pesquisadores de campo uniformizados, 01 coordenador e 01 supervisor. Aproximadamente 20% das amostras foram chegadas, garantindo se assim, a autenticidade e qualidade do trabalho. Processo de entrevistas tipo “ESCALA”, onde somente serão abordados, no máximo, dois eleitores por quadra, necessariamente, residentes em lados opostos e com distância mínima de 05 casas. – RESULTADO DA PESQUISA: Em atendimento ao Art. 33, da Lei n. 9.504 e Instrução 112 do TSE, informamos que esta pesquisa não será divulgada antes do prazo, respeitando todas as exigências legais. ";"Pesquisa realizada no município de Itumbiara-GO. Bairros pesquisados: Marolina, Norma Gibaldi, Remi Martins, Sebastião de Moura, Ladário, Dionária Rocha, Vila Mutirão, Dom veloso, Cidade Jardim, Vila Vitória l e ll, Novo Horizonte, Planalto, Morada dos Sonhos, Olintha Guimarães, Zenom Borges, Dona Guri,Nova Veneza,Santos Dumont, Paranaíba, Santa Inez, Ferreira da Costa, Brasília, Vila de Furnas, Village Beira- Rio,Alto da Boa Vista, Nova Aurora, Jardim America, Região Central,Afonso Pena, Social, Jardim Liberdade. Selma Di Angelis, São Judas Tadeu, Luz, Buriti l, Buriti ll, Buriti lll, Vila Beatriz, Bairro Rodoviário, Karfan, Maria Luiza, Ulisses Guimarães,Dona Sinica, Nossa Senhora da Saúde, Santa Maria e Vila dos Machados e Morumbi. "
"27/02/2023";"15:36:19";2014;3;"Eleições Gerais 2014";"GO";"GO";"GOIÁS";"GO001242014";"2014-09-13 00:00:00";"#NE";"20240913000192";"MA+ CONSULTORIA E SERVICOS";"#NE";"Governador, Senador";"2014-09-10 00:00:00";"2014-09-13 00:00:00";8758;"8925";"MARQUINANE MOURA BARROS";"9544,86";"Pesquisa quantitativa, que consiste na realização de entrevistas pessoais e domiciliares, com a aplicação de
questionário estruturado junto a uma amostra representativa do eleitorado em estudo.";"Foi adotada o sistema de amostragem, utilizando quotas proporcionais, em função das seguintes variáveis:
BAIRRO, SEXO FAIXA ETÁRIA, RENDA FAMILIAR, GRAU DE ESCOLARIDADE E RELIGIÃO, utilizando
como referência, dados do TRE - GO.
O nível de confiança estimado é de 95% e a margem de erro máxima estimada considerando um modelo de
amostragem aleatório simples, é de 2 (DOIS) pontos percentuais para mais ou para menos sobre os
resultados encontrados no total da amostra.";"Os trabalhos de campo, foram realizados por entrevistadores da MA+ CONSULTORIA E SERVIÇOS,
selecionados e treinados pela supervisão de campo. A tabulação e controle dos dados, foram realizados na
sede da empresa na cidade de APARECIDA DE GOIÂNIA-GO, sob o acompanhamento do estatístico responsável.";"AMOSTRAGEM: 
NERÓPOLIS: 404;OURO VERDE DE GOIÁS: 244;PALMEIRAS DE GOIÁS: 300;JOVIÂNIA: 295;BRITÂNIA: 298;CRISTALINA: 413;MORRINHOS: 400;ITUMBIARA: 700;FAINA: 298;SÃO LUÍS DOS MONTES BELOS: 404;IPAMERI: 470;MAMBAÍ: 306;SÃO MIGUEL DO PASSA QUATRO:294;PIRES DO RIO: 393;ALTO HORIZONTE: 190;CAMPINORTE: 280;MARA ROSA: 350;LEOPOLDO DE BULHÕES: 200;SILVÂNIA: 260;VIANÓPOLIS: 308;MINAÇÚ: 390;PORANGATU: 456;SIMOLÃNDIA: 230;FLORES DE GOIÁS: 344;ALVORADA DO NORTE: 293;DAMIANÓPOLIS: 238."
"27/02/2023";"15:36:19";2014;3;"Eleições Gerais 2014";"GO";"GO";"GOIÁS";"GO001192014";"2014-09-08 00:00:00";"#NE";"02678167000131";"SERPES - PESQUISAS DE OPINIÃO E MERCADO LTDA";"#NE";"Governador, Senador";"2014-09-08 00:00:00";"2014-09-12 00:00:00";801;"6221";"Rui Costa Abrantes";"34300,00";"Objetivos: Aferir a intenção de voto espontânea e estimulada dos candidatos a Governador de Goiás, Senador por Goiás e Presidente da República e respectivas rejeições mediante a aplicação de questionário estruturado à uma amostra representativa do universo do eleitorado de Estado de Goiás. Tipo de entrevista: Domiciliar e presencial em pelo menos 90% da amostra planejada; 10% ou menos em pontos de fluxo. ";"Plano amostral e ponderação quanto a sexo, idade, grau de instrução e nível econômico do entrevistado, margem de erro e nível de confiança. Tamanho do universo: 4331733 (Dados do TRE de julho de 2014) Tamanho da amostra: 801 eleitores. Nível de confiança: 95%. Margem de Erro Amostral: Máxima de 3,46 pontos percentuais para mais ou para menos nos dados da amostra global. Nos dados das amostras parciais (estratos), essa poderá ser maior. Tipo de amostra: Auto-ponderada por quotas proporcionais às existentes no universo de acordo com as variáveis e região geográfica. A seleção do eleitor no domicílio (um por domicílio) é acidental de acordo com as quotas de ponderação. Ponderação quanto ao sexo: 48% do sexo Masculino e 52% do sexo Feminino. Ponderação quanto à faixa etária: 16% de 16 a 24 anos, 24% de 25 a 34 anos, 29% de 35 a 49 anos e 31% de 50 anos ou mais. Ponderação quanto ao nível de instrução: 16% de Lê e escreve, 36% de Fundamental, 36% de Médio e 12% de Curso superior. Ponderação quanto ao nível socioeconômico: 20% de Alta e 80% de Baixa. Ponderação quanto a região: Capital 20%, Centro 23%, Norte 9%, Entorno 18%, Sul 11%, Sudoeste 11% e Noroeste 8%. ";"Sistema interno de controle e verificação, conferência e fiscalização da coleta de dados e do trabalho de campo: Todo entrevistador foi previamente treinado para a realização desta prévia eleitoral, tanto na parte teórica como na prática, além de receberem as orientações específicas para esta pesquisa. O SERPES coloca um supervisor para cada equipe de quatro entrevistadores. O supervisor tem a responsabilidade e é treinado para distribuir os entrevistadores nos diversos setores censitários, acompanhar, orientar, corrigir ou invalidar o trabalho deles e conferir por si ou por entrevistador designado 20% das entrevistas. A coleta de dados será feita por cinco equipes de um supervisor e quatro entrevistadores.";"#NULO#"
"27/02/2023";"15:36:19";2014;3;"Eleições Gerais 2014";"GO";"GO";"GOIÁS";"GO001382014";"2014-09-19 00:00:00";"#NE";"01403730000104";"EPP - EMPRESA DE PESQUISA E CONSULTORIA LTDA";"#NE";"Governador, Senador";"2014-09-17 00:00:00";"2014-09-17 00:00:00";279;"8631";"Alexandre Vasconcelos Lima";"5000,00";"Pesquisa quantitativa, com aplicação de questionário face-a-face. Ouviu-se apenas uma pessoa por domicílio, depois de identificada como eleitora da cidade pesquisada.";"Dados Amostrais: - Universo: Eleitores do município de Trindade (GO), com 16 anos ou mais. - Amostra: Foram ouvidos 279 eleitores. - Nível de confiança = 95,0%. - Margem de erro = 4,9% para mais ou para menos. - Período de Campo: A coleta de dados foi realizada no dia 18 de setembro de 2014, no horário compreendido entre 8h00 e 18h00. A pesquisa foi ponderada pelas variáveis sexo e faixa etária: SEXO: (masculino) 48,1% (feminino) 51,9%; IDADE: 16-24 16,91%; 25-34 23,81%; 35-44 21,21%; 45-59 23,54%; 60 e+ 14,51%. Está prevista eventual ponderação para correção das variáveis sexo e idade, com base nos percentuais anteriormente mencionados, caso ocorram diferenças superiores a 3 pontos percentuais entre o previsto na amostra e a coleta de dados realizada. Para as demais variáveis (grau de instrução e nível econômico) o fator previsto para a ponderação é igual a 1. ";"- Questionário estruturado com perguntas para respostas espontâneas e estimuladas. - Equipe: entrevistadores devidamente treinados e uniformizados, acompanhados por supervisores de campo. - Todos os questionários passaram por filtro de qualidade ao retornarem de campo. Aproximadamente 20% das amostras foram checadas, garantindo-se assim a autenticidade do trabalho ";"BAIRROS DE TRINDADE (GO): CENTRO, BELA VISTA, DONA ÍRIS I e II, ESTRELA DO ORIENTE, JARDIM DAS TAMAREIRAS, JARDIM IPANEMA, JARDIM IPANEMA, JARDIM MARISTA, JARDIM SÃO SALVADOR, JOÃO BRAZ, MAYSA I, II e III, RENATA PARK, SAMARAH, SETOR OESTE, SETOR PALMARES, SETOR PONTAKAYANA, SETOR SANTUÁRIO, SETOR SUL, VILA MARIA, VILA PAI ETERNO, VILA REDENÇÃO."
"27/02/2023";"15:36:19";2014;3;"Eleições Gerais 2014";"GO";"GO";"GOIÁS";"GO001282014";"2014-09-15 00:00:00";"#NE";"02678167000131";"SERPES - PESQUISAS DE OPINIÃO E MERCADO LTDA";"#NE";"Governador, Senador";"2014-09-16 00:00:00";"2014-09-19 00:00:00";801;"6221";"Rui Costa Abrantes";"34300,00";"Objetivos: Aferir a intenção de voto espontânea e estimulada dos candidatos a Governador de Goiás, Senador por Goiás e Presidente da República e respectivas rejeições mediante a aplicação de questionário estruturado à uma amostra representativa do universo do eleitorado de Estado de Goiás. Tipo de entrevista: Domiciliar e presencial em pelo menos 90% da amostra planejada; 10% ou menos em pontos de fluxo. ";"Tamanho do universo: 4331733 (Dados do TRE de julho de 2014) Tamanho da amostra: 801 eleitores. Nível de confiança: 95%. Margem de Erro Amostral: Máxima de 3,46 pontos percentuais para mais ou para menos nos dados da amostra global. Nos dados das amostras parciais (estratos), essa poderá ser maior. Tipo de amostra: Auto-ponderada por quotas proporcionais às existentes no universo de acordo com as variáveis e região geográfica. A seleção do eleitor no domicílio (um por domicílio) é acidental de acordo com as quotas de ponderação. Ponderação quanto ao sexo: 48% do sexo Masculino e 52% do sexo Feminino. Ponderação quanto à faixa etária: 16% de 16 a 24 anos, 24% de 25 a 34 anos, 29% de 35 a 49 anos e 31% de 50 anos ou mais. Ponderação quanto ao nível de instrução: 16% de Lê e escreve, 36% de Fundamental, 36% de Médio e 12% de Curso superior. Ponderação quanto ao nível socioeconômico: 20% de Alta e 80% de Baixa. Ponderação quanto a região: Capital 20%, Centro 23%, Norte 9%, Entorno 18%, Sul 11%, Sudoeste 11% e Noroeste 8%. ";"Todo entrevistador foi previamente treinado para a realização desta prévia eleitoral, tanto na parte teórica como na prática, além de receberem as orientações específicas para esta pesquisa. O SERPES coloca um supervisor para cada equipe de quatro entrevistadores. O supervisor tem a responsabilidade e é treinado para distribuir os entrevistadores nos diversos setores censitários, acompanhar, orientar, corrigir ou invalidar o trabalho deles e conferir por si ou por entrevistador designado 20% das entrevistas. A coleta de dados será feita por cinco equipes de um supervisor e quatro entrevistadores. ";"#NULO#"
"27/02/2023";"15:36:19";2014;3;"Eleições Gerais 2014";"GO";"GO";"GOIÁS";"GO001252014";"2014-09-13 00:00:00";"#NE";"00654576000172";",INSTITUTO   VERITÁ   LTDA  epp";"#NE";"Governador, Senador";"2014-09-15 00:00:00";"2014-09-18 00:00:00";2203;"7439 / 6ª Região";"Leonard Mendonça de Assis";"70000,00";"Pesquisa quantitativa, que consiste na realização de entrevistas pessoais, com a aplicação de questionários estruturados e padronizados junto a uma amostra representativa do eleitorado do estado de GOIÁS ";"a) Público pesquisado: Eleitores residentes no Estado de GOIÁS e inscritos para votar neste estado b) tipo de amostra: A amostragem será realizada da seguinte forma: 1. Estratificação do estado por agrupamento de Microrregiões obedecendo critério geográfico e Porte dos municípios 2. Tamanho de cada estrato foi definido proporcional ao número de eleitores inscritos em cada um destes 3. Divisão em estratos contendo aproximadamente o mesmo número de eleitores 4. Seleção dos entrevistados utilizando entrevistas domiciliares obedecendo um quadro de idade e sexo gerado de maneira aleatória por um software estatístico, usando as proporções de idade e sexo descritas neste plano 5. Está prevista adoção de entrevistas em locais de trabalho ou em pontos de fluxo. Estes serão utilizados onde os locais sorteados não permitam adoção de entrevistas domiciliares Ponderação: Esta pesquisa é autoponderada (peso = 1) para idade e sexo, obedecendo as proporções descritas a seguir: SEXO: FEMININO 51,7% / MASCULINO 48,3% Idade FEMININO 16 A 24 ANOS 17,50% FEMININO 25 A 34 ANOS 24,42% FEMININO 35 A 44 ANOS 21,28% FEMININO 45 A 59 ANOS 23,02% FEMININO 60 ANOS OU MAIS 13,78% MASCULINO 16 A 24 ANOS 18,23% MASCULINO 25 A 34 ANOS 24,27% MASCULINO 35 A 44 ANOS 20,89% MASCULINO 45 A 59 ANOS 22,55% MASCULINO 60 ANOS OU MAIS 14,06% Também está prevista ponderação por Nivel econômico e instrução, obedecendo as proporções descritas a seguir: Nível Econômico FEMININO Não PEA 48,89% FEMININO PEA 51,11% MASCULINO Não PEA 26,18% MASCULINO PEA 73,82% Nível de Instrução FEMININO Analfabeto até Ensino Médio incompleto 60,46% FEMININO Ensino médio comleto, superior ou mais 39,54% MASCULINO Analfabeto até Ensino Médio incompleto 67,45% MASCULINO Ensino médio completo, superior ou mais 32,55% c) Intervalo de Confiança/Margem de Erro: Para este planejamento amostral, considerando-se um intervalo de confiança de 95%, é esperado um erro máximo de 2.09 pontos percentuais na estimação da proporção das intenções de voto dos candidatos. d) Área física: ESTA PESQUISA MEDIRÁ APENAS O ESTADO DE GOIÁS, serão sorteados aproximadamente 40 municípios ";"Para a realização da pesquisa será utilizada uma equipe de entrevistadores e supervisores devidamente treinada para este trabalho. Após os trabalhos de campo, os questionários são submetidos a uma fiscalização que consiste no retorno a campo de 20% dos questionários aplicados individualmente pelos entrevistadores, para verificação das respostas e da adequação dos entrevistados aos parâmetros amostrais. ";"#NULO#"
"27/02/2023";"15:36:19";2014;3;"Eleições Gerais 2014";"GO";"GO";"GOIÁS";"GO000322014";"2014-05-02 00:00:00";"#NE";"05850850000100";"Fortiori Pesquisa Diagnóstico e Marketing Ltda";"#NE";"Governador";"2014-05-02 00:00:00";"2014-05-06 00:00:00";1000;"8631";"Alexandre Vasconcelos Lima";"20000,00";"A pesquisa da Fortiori é uma pesquisa quantitativa, através de realização de entrevistas pessoais, por abordagem randômica, com aplicação de questionários junto à amostra definida da população.";"Tamanho da amostra – 1000 entrevistas Sexo Homens = 47% Mulheres = 53% Idade 16 a 24 anos = 24% 25 a 34 anos = 26% 35 a 49 anos = 28% 50 e mais = 22% Escolaridade Primário = 11% 1º grau = 43% 2º grau = 37% Superior = 9% Nível Sócio Econômico A – 5% B – 10% C – 20% D – 30% E – 35% 
";" Intervalo de confiança e margem de erro Para um intervalo de confiança de 95%, a pesquisa apresenta margem de erro máxima de 3,1%. Sistema interno de controle e fiscalização Trabalho de coleta de dados será feito por 11 entrevistadores devidamente treinados e acompanhado in loco por 3 supervisores. Será feita uma checagem de 20% ainda no campo e de mais 10% através do telefone. ";"Goiânia - Centro; St. Oeste; St.Sul; Campinas; Balneário Meia Ponte;Centro Oeste; Vila Nova; Jardim América; St. Bueno; Pedro Ludovico; Parque das Laranjeiras; Redenção; Capuava; Canaã; Jd. Novo Mundo; Vila Pedroso; St; Morais; Vera Cruz; Novo Horizonte; Sudoeste; Guanabara; St. São Judas Tadeu; Finsocial; Nova Esperança; Jd. Curitiba; Jd. Primavera; Senador Canedo; Inhumas; Bela Vista; Hidrolândia; Guapó; Teresópolis; Trindade; Anápolis( Jundiaí; Vila Jaiara; Centro; Br. Lourdes; Jd. América); Aparecida de Goiânia( Vila Brasília; Garavelo; Centro; Buriti Sereno; Br. Independência); Itumbiara; Caldas Novas; Santa Crus de Goiás; Goiatuba; Morrinhos; Catalão; Pires do Rio; Ipameri; Urutaí; Rio Verde; Jataí; Quirinópolis; Santa Helena; Acreúna;Indiara; Palmeiras ;Santo Antônio da Barra; Cesarina; Aparecida do Rio Doce; Ceres; Jaraguá; São Francisco; Goianésia; Porangatu; Uruaçu; Niquelândia; Iporá; Goiás; São Luiz de Montes Belos; Itaberaí; Itapuranga; Sanclerlândia; Fazenda Nova; Luziânia; Formosa; Águas Lindas; Alexânia; Abadiânia; Valparaíso;Corumbá; Pirenópolis; Santo Antônio do Descoberto; Posse; Iaciara; Alvorada do Norte. "
"27/02/2023";"15:36:19";2014;3;"Eleições Gerais 2014";"GO";"GO";"GOIÁS";"GO001372014";"2014-09-19 00:00:00";"#NE";"01403730000104";"EPP - EMPRESA DE PESQUISA E CONSULTORIA LTDA";"#NE";"Governador, Senador";"2014-09-18 00:00:00";"2014-09-18 00:00:00";298;"8631";"Alexandre Vasconcelos Lima";"5000,00";"Pesquisa quantitativa, com aplicação de questionário face-a-face. Ouviu-se apenas uma pessoa por domicílio, depois de identificada como eleitora da cidade pesquisada. ";"Dados Amostrais: - Universo: Eleitores do município de Catalão (GO), com 16 anos ou mais. - Amostra: Foram ouvidos 298 eleitores. - Nível de confiança = 95,0%. - Margem de erro = 4,9% para mais ou para menos. - Período de Campo: A coleta de dados foi realizada no dia 18 de setembro de 2014, no horário compreendido entre 8h00 e 18h00. A pesquisa foi ponderada pelas variáveis sexo e faixa etária: SEXO: (masculino) 48,1% (feminino) 51,9%; IDADE: 16-24 16,91%; 25-34 23,81%; 35-44 21,21%; 45-59 23,54%; 60 e+ 14,51%. Está prevista eventual ponderação para correção das variáveis sexo e idade, com base nos percentuais anteriormente mencionados, caso ocorram diferenças superiores a 3 pontos percentuais entre o previsto na amostra e a coleta de dados realizada. Para as demais variáveis (grau de instrução e nível econômico) o fator previsto para a ponderação é igual a 1. ";"- Questionário estruturado com perguntas para respostas espontâneas e estimuladas. - Equipe: entrevistadores devidamente treinados e uniformizados, acompanhados por supervisores de campo. - Todos os questionários passaram por filtro de qualidade ao retornarem de campo. Aproximadamente 20% das amostras foram checadas, garantindo-se assim a autenticidade do trabalho ";"BAIRROS DE CATALÃO (GO): CENTRO, EVELINA NOUR, JARDIM AMÉRICA, JARDIM BRASÍLIA, JARDIM PARAÍSO, JARDIM PRIMAVERA, PARQUE DAS MANGUEIRAS, PIO GOMES, SANTA HELENA, SANTO ANTÔNIO, SÃO JOSÉ e SÃO JOÃO, SETOR AEROPORTO, IPANEMA, SETOR PROGRESSO, SETOR SANTA CRUZ, SETOR SANTA RITA, SETOR UNIVERSITÁRIO, TEOTÔNIO VILELA, VILA CHAUD, VILA CRUZEIRO I, VILA CRUZEIRO II, VILA ERONDINA, VILA LIBERDADE, VILA MARGON."
"27/02/2023";"15:36:19";2014;3;"Eleições Gerais 2014";"GO";"GO";"GOIÁS";"GO001452014";"2014-09-20 00:00:00";"#NE";"15015873000145";"Diagnóstico Pesquisas de Comportamento Eirele";"#NE";"Governador, Deputado Federal, Deputado Estadual";"2014-09-23 00:00:00";"2014-09-23 00:00:00";400;"8631";"Alexandre Vasconcelos Lima";"4000,00";"Pesquisa quantitativa, com aplicação de questionário face-a-face. Ouviu-se apenas uma pessoa por domicílio, depois de identificada como eleitora da cidade pesquisada.";"Dados Amostrais: - Universo: Eleitores do município de Rio Verde (GO), com 16 anos ou mais. - Amostra: Foram ouvidos 400 eleitores. - Nível de confiança = 95,0%. - Margem de erro = 3,9% para mais ou para menos. - Período de Campo: A coleta de dados foi realizada no dia 18 de setembro de 2014, no horário compreendido entre 8h00 e 18h00. A pesquisa foi ponderada pelas variáveis sexo e faixa etária: SEXO: (masculino) 48,1% (feminino) 51,9%; IDADE: 16-24 16,91%; 25-34 23,81%; 35-44 21,21%; 45-59 23,54%; 60 e+ 14,51%. Está prevista eventual ponderação para correção das variáveis sexo e idade, com base nos percentuais anteriormente mencionados, caso ocorram diferenças superiores a 3 pontos percentuais entre o previsto na amostra e a coleta de dados realizada. Para as demais variáveis (grau de instrução e nível econômico) o fator previsto para a ponderação é igual a 1.";"Sistema interno de controle e verificação, conferência e fiscalização da coleta de dados e do trabalho de campo: Sistema interno de controle e verificação, conferência e fiscalização da coleta de dados e do trabalho de campo: Todo entrevistador foi previamente treinado para a realização desta prévia eleitoral, tanto na parte teórica como na prática, além de receberem as orientações específicas para esta pesquisa. Checagem de 20% dos questionários aplicados.";"BAIRROS DE RIO VERDE (GO): Zona Oeste Morada do Sol; Jardim Presidente; Laranjeiras; Setor Universitário; Água
Santa; Interlagos.
Zona Noroeste Canaã; Betel; Vila Menezes; Santa Luzia.
Zona Sudoeste Campestre; Vila Mariana; Promissão; Santa Cruz I e II; Jardim
Floresta; Setor dos Funcionários; São Tomás I, e II; Jardim Atalaia; Jardim Helena;
Serra Dourada.
Zona Sul Renovação; Vila Amália I e II; Mutirão; Jardim das Margaridas; Gameleiras I
e II; Vila Carolina; Santo Antônio; Promissão, Bandeirantes; Jardim Brasília; Jardim
Adriana.
Zona Central Centro; Jardim Marconal"
"27/02/2023";"15:36:19";2014;3;"Eleições Gerais 2014";"GO";"GO";"GOIÁS";"GO001722014";"2014-09-27 00:00:00";"#NE";"16769294000150";"LEON ALVES CORREA";"#NE";"Governador, Senador, Deputado Federal, Deputado Estadual";"2014-09-27 00:00:00";"2014-09-28 00:00:00";600;"8717";"Alan Ioshikazu Ofuji";"4800,00";"A pesquisa será realizada em 44 (quarenta e quatro) bairros/setores do município de Jataí do estado de Goiás, em dois estágios. No primeiro estágio é feito o sorteio dos bairros/setores e ruas do município. No segundo estágio, será feito a seleção das casas de forma aleatória, sorteando-se a primeira casa a ser entrevistada, se será da direita para a esquerda ou vice versa e intercalando-se de três em três casas. Caso o entrevistador não consiga acesso ao morador, será feito a pesquisa na próxima casa, subsequente ao número sorteado. O entrevistador seguirá rigorosamente todas as determinações descritas a seguir: a) Entrevistar apenas 01 eleitor por residência; b) Não entrevistar eleitores em trânsito; c) Não entrevistar no comércio; d) Não identificar o eleitor entrevistado e nem o endereço, pegar apenas o telefone; e) Não informar os eleitores, quando solicitarem, os candidatos mais lembrados nem sugerir respostas; f) Se limitar exclusivamente às perguntas e às respostas o questionário; g) Ao anotar as respostas, sempre o faça as vistas do entrevistado.";"Amostra Aleatória Simples para a proporção. Margem de erro máxima de 4 pontos percentuais para mais ou para menos, nos casos p=50%, para 0,05 de significância (ou nível de confiança de 95%) tendo o município de Jataí de Goiás como universo da pesquisa. Foram selecionados os bairros, setores censitários, quarteirões e domicílio através do método PPP (Probabilidade Proporcional á População), tomando como base o número de moradores do município de Jataí/GO. Nº DE ELEITORES: 66.105 (TSE/2014). Controle de cotas para as variáveis gênero e idade, a saber: Gênero Masculino com idade de 16 a 24 anos (7,38%); Gênero Masculino com idade de 25 a 34 anos (11,48%); Gênero Masculino com idade de 35 a 44 anos (10,24%); Gênero Masculino com idade de 45 a 59 anos (11,4%); Gênero Masculino com idade de 60 anos ou mais (8,15%); Gênero Feminino com idade de 16 a 24 anos (7,91%); Gênero Feminino com idade de 25 a 34 anos (12,05%); Gênero Feminino com idade de 35 a 44 anos (10,82%); Gênero Feminino com idade de 45 a 59 anos (11,77%); Gênero Feminino com idade de 60 anos ou mais (8,8%). As variáveis grau de instrução e nível econômico serão submetidas ao acaso, sendo ponderadas caso a distribuição da amostra apresente diferença de 5% ou mais em relação à distribuição do universo.";"Questionário estruturado com perguntas para resposta estimulada. Grupo com 10 (dez) pesquisadores devidamente uniformizados, com crachás, treinados para atuarem com competência com Questionário em campo. O grupo também conta com 1 (um) coordenador capacitado para o trabalho distribuindo os pesquisadores nas devidas ruas ou avenidas. Haverá checagem do total de 20% dos questionários para garantir a autenticidade dos mesmos.";"A distribuição quantitativa de entrevistas por bairro/setor está discriminada no arquivo anexo."
"27/02/2023";"15:36:19";2014;3;"Eleições Gerais 2014";"GO";"GO";"GOIÁS";"GO001802014";"2014-09-28 00:00:00";"#NE";"06288268000157";"PODIUM CONSULTORIA, MARKETING E PESQUISA LTDA";"#NE";"Governador, Senador, Deputado Federal, Deputado Estadual";"2014-09-29 00:00:00";"2014-10-02 00:00:00";2000;"8631";"Alexandre Vasconcelos Lima";"20000,00";"Pesquisa quantitativa, que consiste na realização de entrevistas domiciliares pessoais face-a-face, com a
aplicação de questionários estruturados e padronizados junto a uma amostra representativa da população a ser pesquisada. Amostra probabilística estratificada pelas variáveis com proporcionalidade de sexo, faixa etária, escolaridade, nível econômico e divisão de área física, com base em dados do IBGE 2010 e do TRE GO de 2014.";"a) Público pesquisado: eleitores residentes e domiciliados no Estado de Goiás. b) Tipo de amostra: Amostra probabilística estratificada pelas variáveis com proporcionalidade de sexo, faixa etária, escolaridade, nível econômico e divisão de área física, com base em dados do IBGE 2010 e do TRE GO de 2014. c) Tamanho da amostra: serão realizadas 2000 (duas mil) entrevistas residenciais. d) Ponderação: por se tratar de amostragem probabilística estratificada, a pesquisa é autoponderada, ou seja, as proporções do universo pesquisado estão contidas na amostra. e) Área física de realização da pesquisa: a pesquisa será realizada no Estado de Goiás, abrangendo todas as suas regiões. f) Intervalo de confiança / margem de erro: O intervalo de confiança estimado é de 95% e a margem de erro máxima estimada é de 2,1% para mais ou para menos sobre os resultados encontrados no total da amostra.";"Para a realização da pesquisa será utilizada uma equipe de entrevistadores, fiscais e supervisores devidamente treinados para este trabalho. Os supervisores trabalham em conjunto com os entrevistadores, fazendo a correção, fiscalização e supervisão da porcentagem dos questionários definida, ali mesmo no campo. Após os trabalhos de campo, os questionários serão submetidos a uma nova fiscalização que consiste no retorno a campo de 10% dos questionários aplicados individualmente pelos entrevistadores, para verificação das respostas e da adequação dos entrevistados aos parâmetros amostrais.";"#NULO#"
"27/02/2023";"15:36:19";2014;3;"Eleições Gerais 2014";"GO";"GO";"GOIÁS";"GO000342014";"2014-05-19 00:00:00";"#NE";"01096445000180";"GRUPOM CONSULTORIA EMPRESARIAL LTDA";"#NE";"Governador, Senador";"2014-05-14 00:00:00";"2014-05-21 00:00:00";1404;"6221";"RUI COSTA ABRANTES";"22000,00";"Pesquisa quantitativa, que consiste na realização de entrevistas pessoais e domiciliares, com a aplicação de questionário estruturado junto a uma amostra representativa do eleitorado em estudo. ";"Representativa do eleitorado da área em estudo, elaborada em dois momentos. No primeiro momento faz-se um sorteio probabilístico dos setores censitários onde as entrevistas serão realizadas, pelo método PPP (Probabilidade Proporcional à População), tomando o eleitorado como base para tal seleção (dados do TSE). No segundo momento, dentro dos setores sorteados, os respondentes são selecionados através de quotas amostrais, proporcionais em função das variáveis: Sexo, Idade e Grau de Instrução, de acordo com o perfil do eleitorado. O nível econômico é assegurado através do controle das variáveis descritas acima. Não haverá necessidade de ponderação posterior, pois a distribuição amostral baseada nos setores censitários do IBGE, censo de 2010, harmoniza e torna fidedigna a representatividade da população. O intervalo de confiança estimado é de 95% e a margem de erro máxima estimada considerando um modelo de amostragem aleatório simples, é de 2,6 pontos percentuais para mais ou para menos sobre os resultados encontrados no total da amostra. ";"Para a realização da pesquisa utiliza-se equipe de entrevistadores e supervisores contratados pela GRUPOM devidamente treinados para o trabalho. Após os trabalhos de campo as entrevistas/questionários são submetidos a uma fiscalização de até 20%. A coleta de dados será realizada por meio eletrônico  “Palm Top” e “Tablet” onde os dados do respondente são arquivados e transmitido diretamente ao sistema de forma a evitar qualquer interferência nos resultados.";"#NULO#"
"27/02/2023";"15:36:19";2014;3;"Eleições Gerais 2014";"GO";"GO";"GOIÁS";"GO000552014";"2014-07-29 00:00:00";"#NE";"05850850000100";"Fortiori Pesquisa Diagnóstico e Marketing Ltda";"#NE";"Governador, Senador";"2014-07-29 00:00:00";"2014-08-02 00:00:00";800;"8631.";"Alexandre Vasconcelos Lima";"30000,00";"A pesquisa da Fortiori é uma pesquisa quantitativa, através de realização de entrevistas pessoais, por abordagem randômica, com aplicação de questionários junto à amostra definida da população. 
";"Universo – eleitores residentes e domiciliados no Estado de Goiás. Tipo de amostra – amostra não probabilística, por cotas proporcionais às variáveis sexo, idade, grau de instrução e local de moradia. Tamanho da amostra – 800 entrevistas. Sexo Homens = 50% Mulheres = 50% Idade 16 a 24 anos = 23% 25 a 34 anos = 28% 35 a 49 anos = 28% 50 e mais = 22% Escolaridade Primário = 24% 1º grau = 50% 2º grau = 23% Superior = 4% Nível Sócio Econômico A – 5% B – 10% C – 20% D – 30% E – 35% Para um intervalo de confiança de 95%, a pesquisa apresenta margem de erro máxima de 3,4%. ";"Sistema interno de controle e fiscalização Trabalho de coleta de dados será feito por 17 entrevistadores devidamente treinados e acompanhado in loco por 5 supervisores. Será feita uma checagem de 20% ainda no campo e de mais 10% através do telefone";"Goiânia - Centro; St. Oeste; St.Sul; Campinas; Balneário Meia Ponte;Centro Oeste; Vila Nova; Jardim América; St. Bueno; Pedro Ludovico; Parque das Laranjeiras; Capuava; Canaã; Jd. Novo Mundo; Vila Pedroso; Vera Cruz; Novo Horizonte; Sudoeste; Guanabara; St. São Judas Tadeu; Finsocial; Nova Esperança; Jd. Curitiba; Jd. Primavera; Senador Canedo; Inhumas;Itauçu;Brazabrantes; Bela Vista; Hidrolândia; Guapó; Teresópolis; Trindade; Anápolis( Jundiaí; Vila Jaiara; Centro; Br. Lourdes; Jd. América); Aparecida de Goiânia( Vila Brasília; Garavelo; Centro; Buriti Sereno; Br. Independência); Itumbiara; Caldas Novas; Santa Crus de Goiás; Goiatuba; Morrinhos; Catalão; Pires do Rio; Ipameri; Urutaí; Rio Verde; Jataí; Quirinópolis; Santa Helena; Acreúna;Indiara; Santo Antônio da Barra; Palmeiras; Ceres; Jaraguá; São Francisco; Goianésia; Porangatu; Uruaçu; Niquelândia; Iporá; Goiás; São Luiz de Montes Belos; Itaberaí; Itapuranga; Sanclerlândia; Fazenda Nova; Luziânia; Formosa; Águas Lindas; Alexânia; Abadiânia; Valparaíso;Corumbá; Pirinópolis; Santo Antônio do Descoberto; Posse; Iaciara; Alvorada do Norte. 
"
"27/02/2023";"15:36:19";2014;3;"Eleições Gerais 2014";"GO";"GO";"GOIÁS";"GO000842014";"2014-08-19 00:00:00";"#NE";"33403221000160";"Ernando Ferreira Gomes Lopes DADOSFOLHA";"#NE";"Governador, Senador, Deputado Federal, Deputado Estadual";"2014-08-22 00:00:00";"2014-08-27 00:00:00";595;"6221";"Rui da Costa Abrantes";"3000,00";"Objetivos: Aferir a intenção de voto espontânea e estimulada e a rejeição dos candidatos a Governador  de Goiás, aferir a intenção de voto espontânea e estimulada dos candidatos a Senador por Goiás e aferir a intenção de voto espontânea para deputado estadual e deputado federal, mediante a aplicação de questionário estruturado à uma amostra representativa do universo do eleitorado de Itumbiara. Tipo de entrevista: Domiciliar e presencial em pelo menos 90% da amostra planejada; 10%  em pontos de fluxo. ";"Ponderação quanto ao sexo: De sexo Masculino: 48%; de sexo Feminino: 52% - Ponderação quanto à faixa etária: 16 a 24 anos: 15,00%; 25 a 34 anos: 22,00%; 35 a 44 anos: 20,00%; 45 a 59 anos: 25,00%; 60 anos acima: 18,00%. - Ponderação quanto ao nível de instrução: Analfabeto: 4,00%; Primário: 15,00%; 1º Grau: 40,00%; 2º Grau 35,00%; Superior: 6,00%- Ponderação quanto ao nível sócio econômico: Nível alto: 20%; Nível baixo: 80%. Intervalo de confiança de 95% e margem de erro máxima de 4% pontos percentuais, para mais ou para menos. ";"Todo entrevistador foi previamente treinado para a realização desta prévia eleitoral, tanto na parte teórica como na prática, além de receberem as orientações específicas para esta PESQUISA. O DADOSFOLHA colocou um fiscal para equipe de três entrevistadores. O fiscal tem a responsabilidade e é treinado para distribuir os entrevistadores nos diversos setores censitários, acompanhar, orientar, corrigir ou invalidar o trabalho deles e conferir por si ou por entrevistador designado cerca de 20% das entrevistas ";"Dona Sinica, Ulysses Guimarães, Nossa Senhora da Saúde, Santa Maria, São João, Santa Rita, Buritis I, II e III, São Sebastião, Rodoviário, Karfan, Jardim América, Alto da Boa Vista, Nova Aurora, Afonso Pena, Bela Vista, Social, Jardim Liberdade, São Judas Tadeu, Celma di Ângelis, Trindade, Centro, Parque Imperial, Village Beira Rio, Furnas, Jardim Primavera, Morumbi I e II, Brasília, Ferreira da Costa, Santa Inês, Paranaíba, Anhanguera, Vila Vitória  I e II, Cidade Jardim, Jardim Leonora, Nova Itumbiara, Jardim Adelaíde, Vila Mutirão, Dom Veloso, Marolina, Norma Gibaldi, Santa Helena, Remy Martins, Prefeito Zé Moisés, Ladário Cardoso, Jardim Bandeirantes, Dionária Rocha, Planalto, Novo Horizonte, Olinta Guimarães, Dona Ernestina, Alto do Trindade, Juca Arantes, Dona Guri Rodrigues, Zenon Borges, Morada dos Sonhos, Alcides Rodrigues, Dom Bosco, Nova Veneza, Santos Dumont e Alto do Trindade."
"27/02/2023";"15:36:19";2014;3;"Eleições Gerais 2014";"GO";"GO";"GOIÁS";"GO001742014";"2014-09-27 00:00:00";"#NE";"00654576000172";",INSTITUTO   VERITÁ   LTDA  epp";"#NE";"Governador, Senador";"2014-09-30 00:00:00";"2014-10-02 00:00:00";2203;"7439 / 6ª Região";"Leonard Mendonça de Assis";"70000,00";"Pesquisa quantitativa, que consiste na realização de entrevistas pessoais, com a aplicação de questionários estruturados e padronizados junto a uma amostra representativa do eleitorado do estado de GOIÁS ";"a) Público pesquisado: Eleitores residentes no Estado de GOIÁS e inscritos para votar neste estado b) tipo de amostra: A amostragem será realizada da seguinte forma: 1. Estratificação do estado por agrupamento de Microrregiões obedecendo critério geográfico e Porte dos municípios 2. Tamanho de cada estrato foi definido proporcional ao número de eleitores inscritos em cada um destes 3. Divisão em estratos contendo aproximadamente o mesmo número de eleitores 4. Seleção dos entrevistados utilizando entrevistas domiciliares obedecendo um quadro de idade e sexo gerado de maneira aleatória por um software estatístico, usando as proporções de idade e sexo descritas neste plano 5. Está prevista adoção de entrevistas em locais de trabalho ou em pontos de fluxo. Estes serão utilizados onde os locais sorteados não permitam adoção de entrevistas domiciliares Ponderação: Esta pesquisa é auto-ponderada (peso = 1) para idade e sexo, obedecendo as proporções descritas a seguir: SEXO: FEMININO 51,7% / MASCULINO 48,3% Idade FEMININO 16 A 24 ANOS 17,50% FEMININO 25 A 34 ANOS 24,42% FEMININO 35 A 44 ANOS 21,28% FEMININO 45 A 59 ANOS 23,02% FEMININO 60 ANOS OU MAIS 13,78% MASCULINO 16 A 24 ANOS 18,23% MASCULINO 25 A 34 ANOS 24,27% MASCULINO 35 A 44 ANOS 20,89% MASCULINO 45 A 59 ANOS 22,55% MASCULINO 60 ANOS OU MAIS 14,06% Também está prevista ponderação por Nível econômico e instrução, obedecendo as proporções descritas a seguir: Nível Econômico FEMININO Não PEA 48,89% FEMININO PEA 51,11% MASCULINO Não PEA 26,18% MASCULINO PEA 73,82% Nível de Instrução FEMININO Analfabeto até Ensino Médio incompleto 60,46% FEMININO Ensino médio completo, superior ou mais 39,54% MASCULINO Analfabeto até Ensino Médio incompleto 67,45% MASCULINO Ensino médio completo, superior ou mais 32,55% c) Intervalo de Confiança/Margem de Erro: Para este planejamento amostral, considerando-se um intervalo de confiança de 95%, é esperado um erro máximo de 2.09 pontos percentuais na estimação da proporção das intenções de voto dos candidatos. d) Área física: ESTA PESQUISA MEDIRÁ APENAS O ESTADO DE GOIÁS, serão sorteados aproximadamente 40 municípios.";"Para a realização da pesquisa será utilizada uma equipe de entrevistadores e supervisores devidamente treinada para este trabalho. Após os trabalhos de campo, os questionários são submetidos a uma fiscalização que consiste no retorno a campo de 20% dos questionários aplicados individualmente pelos entrevistadores, para verificação das respostas e da adequação dos entrevistados aos parâmetros amostrais. ";"#NULO#"
"27/02/2023";"15:36:19";2014;3;"Eleições Gerais 2014";"GO";"GO";"GOIÁS";"GO001992014";"2014-10-20 00:00:00";"#NE";"68802370000186";"IBOPE INTELIGÊNCIA PESQUISA E CONSULTORIA LTDA. ";"#NE";"Governador";"2014-10-20 00:00:00";"2014-10-25 00:00:00";812;"6208-A";"Márcia Cavallari Nunes";"54322,80";"Pesquisa quantitativa, que consiste na realização de entrevistas pessoais com a aplicação de questionário estruturado junto a uma amostra representativa do eleitorado em estudo.";"Representativa do eleitorado da área em estudo, elaborada em três estágios.
No primeiro estágio faz-se um sorteio probabilístico dos municípios, onde as entrevistas serão realizadas, pelo método PPT (Probabilidade Proporcional ao Tamanho), tomando o eleitorado como base para tal seleção.
No segundo estágio faz-se um sorteio probabilístico dos setores censitários, onde as entrevistas serão realizadas, pelo método PPT (Probabilidade Proporcional ao Tamanho), tomando a população de 16 anos ou mais residente nos setores como base para tal seleção. No terceiro e último estágio, dentro dos setores sorteados, os respondentes são selecionados através de quotas amostrais proporcionais em função de variáveis significativas, a saber:IDADE: 16-24 (masculino) 20% (feminino) 17%; 25-34 (masculino) 26% (feminino) 26%; 35-44 (masculino) 22% (feminino) 22%; 45-54 (masculino) 17% (feminino) 17%; 55 e+ (masculino) 16% (feminino) 18%; INSTRUÇÃO: Até Ensino Médio (masculino) 85% (feminino) 80%; Ensino Superior (masculino) 15% (feminino) 20%; NÍVEL ECONÔMICO: Economicamente ativo (masculino) 83% (feminino) 58%; Não Economicamente ativo (masculino) 17% (feminino) 42%. 
Está prevista eventual ponderação para correção das variáveis sexo e idade, com base nos percentuais anteriormente mencionados, caso ocorram diferenças superiores a 3 pontos percentuais entre o previsto na amostra e a coleta de dados realizada. Para as variáveis de grau de instrução e nível econômico do entrevistado, o fator previsto para ponderação é 1 (resultados obtidos em campo). O nível de confiança estimado é de 95% e a margem de erro máxima estimada considerando um modelo de amostragem aleatório simples, é de 3 (três) pontos percentuais para mais ou para menos sobre os resultados encontrados no total da amostra.
FONTE DOS DADOS: Censo 2010 | PNAD 2012 | TSE 2014 | Entre outras.
";"Para a realização da pesquisa, utiliza-se uma equipe de entrevistadores e supervisores contratados pelo IBOPE INTELIGÊNCIA PESQUISA E CONSULTORIA LTDA. devidamente treinados para o trabalho. Após os trabalhos de campo, os questionários são submetidos a uma fiscalização de cerca de 20% (vinte por cento) dos questionários aplicados pelos entrevistadores; para verificação das respostas e da adequação dos entrevistados aos parâmetros amostrais.";"A área de abrangência da coleta é o Estado de Goiás. A Relação de municípios selecionados para aplicação da amostra será apresentada até o 7º dia seguinte ao Registro da pesquisa, conforme expresso no art. 2º § 5º da resolução 23.400/2013 do TSE."
"27/02/2023";"15:36:19";2014;3;"Eleições Gerais 2014";"GO";"GO";"GOIÁS";"GO000152014";"2014-02-12 00:00:00";"#NE";"05281052000105";"Vega Pesquisa e Comunicação Ltda";"#NE";"Governador, Senador";"2014-02-15 00:00:00";"2014-02-15 00:00:00";300;"8631";"Alexandre Vasconcelos Lima ";"3000,00";"Metodologia de pesquisa: Pesquisa quantitativa, que consiste na realização de entrevistas domiciliares pessoais face-a-face, com a aplicação de questionários estruturados e padronizados junto a uma amostra representativa da população a ser pesquisada. Amostra probabilística estratificada pela variável regional, com base em dados do IBGE 2010 e do TSE de 2012";"Plano amostral e ponderação quanto a sexo, idade, grau de instrução e nível econômico do entrevistado; intervalo de confiança e margem de erro: Tamanho do universo:Cidade de Goiás 20.418 (Dados do TSE de 2013) Tamanho da amostra: Mínimo de 300 eleitores. Intervalo de confiança: 95%. Margem de Erro Amostral: Máxima de 3,9 pontos percentuais para mais ou para menos nos dados da amostra global.) entrevistas residenciais. d) Ponderação: por se tratar de amostragem probabilística estratificada às variáveis demográficas, a pesquisa é autoponderada,  para as variáveis sexo, idade, grau de instrução e nível econômico.. e) Área física de realização da pesquisa. Cidade de Goiás. ";"Sistema interno de controle e verificação, conferência e fiscalização da coleta de dados e do trabalho de campo: Todo entrevistador foi previamente treinado para a realização desta prévia eleitoral, tanto na parte teórica como na prática, além de receberem as orientações específicas para esta pesquisa. Sendo um supervisor para cada equipe de quatro entrevistadores. A coleta de dados será feita por uma equipe de um supervisor e quatro entrevistadores. ";"A pesquisa será realizada somente na cidade de Goiás-Go - Envolvendo toda a zona urbana."
"27/02/2023";"15:36:19";2014;3;"Eleições Gerais 2014";"GO";"GO";"GOIÁS";"GO000222014";"2014-03-01 00:00:00";"#NE";"33403221000160";"Ernando Ferreira Gomes Lopes DADOSFOLHA";"#NE";"Governador, Senador, Deputado Federal, Deputado Estadual";"2014-03-10 00:00:00";"2014-03-11 00:00:00";200;"6221 (1ª Região e 5ª Região) ";"Rui da Costa Abrantes";"2500,00";"Objetivos: Aferir a intenção de voto espontânea e estimulada e a rejeição dos candidatos a Governador e Senador; aferir a intenção de voto espontânea para deputado federal e estadual, no âmbito do município de Goiatuba, mediante a aplicação de questionário estruturado à uma amostra representativa do universo do eleitorado de Goiatuba. Tipo de entrevista: Domiciliar e presencial em pelo menos 90% da amostra planejada; 10% ou menos em pontos de fluxo. ";"Ponderação quanto ao sexo: De sexo Masculino: 49,00%; de sexo Feminino: 51,00% - Ponderação quanto à faixa etária: 16 a 24 anos: 16,00%; 25 a 34 anos: 21,00%; 35 a 44 anos: 20,00%; 45 a 59 anos: 24,00%; 60 anos acima: 19,00%. - Ponderação quanto ao nível de instrução: Analfabeto: 6,00%; Primário: 16,00%; 1º Grau: 42,00%; 2º Grau 30,00%; Superior: 6,00%- Ponderação quanto ao nível sócio econômico: Nível alto: 20%; Nível baixo: 80%. Intervalo de confiança de 95% e margem máxima de erro de cinco pontos percentuais, para mais ou para menos. ";"Todo entrevistador foi previamente treinado para a realização desta prévia eleitoral, tanto na parte teórica como na prática, além de receberem as orientações específicas para esta pesquisa. O DADOSFOLHA colocou um fiscal para esta equipe de dois entrevistadores. O fiscal tem a responsabilidade e é treinado para distribuir os entrevistadores nos diversos setores censitários, acompanhar, orientar, corrigir ou invalidar o trabalho deles e conferir por si ou por entrevistador designado cerca de 20% das entrevistas ";"A pesquisa será feita nos bairros Recreio dos Bandeirantes, Imperial, Centro, João Vicente, Garcia, Serra Dourada, Santa Paula, Dergo, Village, Jardim Iguaçú, São Francisco, Vila Esperança, Novo Horizonte, Primavera, Maranata, Bananeiras, Vila Esplanada, Buriti Park, Bouganvile, Casego, Oeste, Alto da Serra, Vila Betânia e Carola. "
"27/02/2023";"15:36:19";2014;3;"Eleições Gerais 2014";"GO";"GO";"GOIÁS";"GO000372014";"2014-06-05 00:00:00";"#NE";"05850850000100";"Fortiori Pesquisa Diagnóstico e Marketing Ltda";"#NE";"Governador, Senador, Deputado Federal, Deputado Estadual";"2014-06-04 00:00:00";"2014-06-06 00:00:00";300;"8631.";"Alexandre Vasconcelos Lima";"5000,00";"
A pesquisa da Fortiori é uma pesquisa quantitativa, através de realização de entrevistas pessoais, por abordagem randômica, com aplicação de questionários junto à amostra definida da população.
";"Universo – eleitores residentes e domiciliados na cidade de Uruaçu

Tipo de amostra – amostra não probabilística, por cotas proporcionais às variáveis sexo, idade, grau de instrução  e local de moradia.

Tamanho da amostra – 300 entrevistas.

Sexo
Homens =   50%
Mulheres = 50%







Idade 
16 a 24 anos = 23%
25 a 34 anos = 28%
35 a 49 anos = 28%
50 e mais =      22%

Escolaridade
Primário = 24%
1º grau =   50%
2º grau =   23%
Superior =  4%

Nível Sócio Econômico

A – 5%
B – 10%
C – 20%
D – 30%
E – 35% 

Para um intervalo de confiança de 95%, a pesquisa apresenta margem de erro máxima de 4,9%.";"Trabalho de coleta de dados será feito por  4 entrevistadores devidamente treinados e acompanhado in loco por 1 supervisor. Será feita uma checagem de 20%  ainda no campo e  de mais 10% através do telefone.";"Centro;
JK;
São Sebastião ;
São Vicente ;
Stor Aeroporto  ;
Vl. Dourada ;
Vila União ;
Vl. Primavera;
Vl. Nova ;
Br. Copacabana ;
Jd.Bela Vista ;
Vl. Santana ;
St. Oeste ;
Rozen Park;
Vl. Xique Xique ;
Vl D. Elvira ;
Agua Branca;
Vl. Boa Vista ;
Jd. Santa Helena;
Vila Carvalho;
"
"27/02/2023";"15:36:19";2014;3;"Eleições Gerais 2014";"GO";"GO";"GOIÁS";"GO000422014";"2014-06-30 00:00:00";"#NE";"02678167000131";"SERPES - PESQUISAS DE OPINIÃO E MERCADO LTDA";"#NE";"Governador, Senador";"2014-06-29 00:00:00";"2014-07-04 00:00:00";801;"6221";"Rui Costa Abrantes";"34300,00";"Objetivos: Aferir a intenção de voto espontânea e estimulada dos candidatos a Governador de Goiás, Senador por Goiás e Presidente da República e respectivas rejeições mediante a aplicação de questionário estruturado à uma amostra representativa do universo do eleitorado do Estado de Goiás. 
Tipo de entrevista: Domiciliar e presencial em pelo menos 90% da amostra planejada; 10% ou menos em pontos de fluxo.";"Tamanho do universo: 4332655 (Dados do TRE de maio de 2014)
Tamanho da amostra: 801 eleitores.
Nível de confiança: 95%.
Margem de Erro Amostral: Máxima de 3,46 pontos percentuais para mais ou para menos nos dados da amostra global. Nos dados das amostras parciais (estratos), essa poderá ser maior.
Tipo de amostra: Auto-ponderada por quotas proporcionais às existentes no universo de acordo com as variáveis e região geográfica. A seleção do eleitor no domicílio (um por domicílio) é acidental de acordo com as quotas de ponderação.
Ponderação quanto ao sexo: 48% do sexo Masculino e 52% do sexo Feminino.
Ponderação quanto à faixa etária: 17% de 16 a 24 anos, 24% de 25 a 34 anos, 29% de 35 a 49 anos e 30% de 50 anos ou mais.
Ponderação quanto ao nível de instrução: 18% de Lê e escreve, 38% de Fundamental, 34% de Médio e 10% de Curso superior.
Ponderação quanto ao nível socioeconômico: 20% de Alta e 80% de Baixa.
Ponderação quanto a região: Capital 20%, Centro 23%, Norte 9%, Entorno 18%, Sul 11%, Sudoeste 11% e Noroeste 8%.";"Todo entrevistador foi previamente treinado para a realização desta prévia eleitoral, tanto na parte teórica como na prática, além de receberem as orientações específicas para esta pesquisa. 
O SERPES coloca um supervisor para cada equipe de quatro entrevistadores. O supervisor tem a responsabilidade e é treinado para distribuir os entrevistadores nos diversos setores censitários, acompanhar, orientar, corrigir ou invalidar o trabalho deles e conferir por si ou por entrevistador designado 20% das entrevistas. A coleta de dados será feita por quatro equipes de um supervisor e quatro entrevistadores em cada.";"#NULO#"
"27/02/2023";"15:36:19";2014;3;"Eleições Gerais 2014";"GO";"GO";"GOIÁS";"GO000432014";"2014-07-02 00:00:00";"#NE";"02678167000131";"SERPES - PESQUISAS DE OPINIÃO E MERCADO LTDA";"#NE";"Governador, Senador, Deputado Federal, Deputado Estadual";"2014-07-03 00:00:00";"2014-07-05 00:00:00";401;"6221";"Rui Costa Abrantes";"14500,00";"Objetivos: Aferir a intenção de voto espontânea e estimulada dos candidatos a Governador de Goiás, Senador por Goiás, Presidente da República, Deputado Estadual e Deputado Federal mediante a aplicação de questionário estruturado à uma amostra representativa do universo do eleitorado de Caldas Novas.
Tipo de entrevista: Domiciliar e presencial em pelo menos 90% da amostra planejada; 10% ou menos em pontos de fluxo.
";"Tamanho do universo: 52236 (Dados do TRE de maio de 2014)
Tamanho da amostra: 401 eleitores.
Nível de confiança: 95%.
Margem de Erro Amostral: Máxima de 4,88 pontos percentuais para mais ou para menos nos dados da  amostra global. Nos dados das amostras parciais (estratos),  essa poderá ser maior. 
Tipo de amostra: Auto-ponderada por quotas proporcionais às existentes no universo de acordo com as variáveis. A seleção do eleitor no domicílio (um por domicílio) é acidental de acordo com as quotas de ponderação.
Ponderação quanto ao sexo:  48% do sexo Masculino e 52% do sexo Feminino.
Ponderação quanto à faixa etária: 17% de 16 a 24 anos, 24% de 25 a 34 anos, 30% de 35 a 49 anos e 29% de 50 anos ou mais.
Ponderação quanto ao nível de instrução: 15% de Lê e escreve, 42% de Fundamental, 36% de Médio e 7% de Curso superior.
Ponderação quanto ao nível socioeconômico: 20% de Nível alto e 80% de Nível baixo.
";"Todo entrevistador foi previamente treinado para a realização desta prévia eleitoral, tanto na parte teórica como na prática, além de receberem as orientações específicas para esta pesquisa.
O SERPES coloca um supervisor para cada equipe de quatro entrevistadores. O supervisor tem a responsabilidade e é treinado para distribuir os entrevistadores nos diversos setores censitários, acompanhar, orientar, corrigir ou invalidar o trabalho deles e conferir por si ou por entrevistador designado 20% das entrevistas. A coleta de dados será feita por uma equipe de um supervisor e quatro entrevistadores.
";"Bandeirantes, Caldas do Oeste, Centro, Estância dos Buritis, Estância Itaguaí, Estância Itaguaí II, Estância Itaguaí III, Estância Itaici, Estância Itaici II, Estância Itajá, Estância Itanhangá, Jardim Paraíso I, Jardim Paraíso II, Jardim Roma, Lago das Brisas (Nordestino), Mara Morena, Nova Vila, Olegário Pinto, Parque das Brisas, Parque das Brisas I, Parque Real, Popular, Santa Efigênia, São José e Setor Oeste"
"27/02/2023";"15:36:19";2014;3;"Eleições Gerais 2014";"GO";"GO";"GOIÁS";"GO000652014";"2014-08-11 00:00:00";"#NE";"05850850000100";"Fortiori Pesquisa Diagnóstico e Marketing Ltda";"#NE";"Governador, Senador";"2014-08-10 00:00:00";"2014-08-13 00:00:00";1000;"8631.";"Alexandre Vasconcelos Lima";"30000,00";"A pesquisa da Fortiori é uma pesquisa quantitativa, através de realização de entrevistas pessoais, por abordagem randômica, com aplicação de questionários junto à amostra definida da população. 
";"Universo – eleitores residentes e domiciliados no Estado de Goiás. Tipo de amostra – amostra não probabilística, por cotas proporcionais às variáveis sexo, idade, grau de instrução e local de moradia. Tamanho da amostra – 800 entrevistas. Sexo Homens = 50% Mulheres = 50% Idade 16 a 24 anos = 23% 25 a 34 anos = 28% 35 a 49 anos = 28% 50 e mais = 22% Escolaridade Primário = 24% 1º grau = 50% 2º grau = 23% Superior = 4% Nível Sócio Econômico A – 5% B – 10% C – 20% D – 30% E – 35% Para um intervalo de confiança de 95%, a pesquisa apresenta margem de erro máxima de 3,1%. ";"Sistema interno de controle e fiscalização Trabalho de coleta de dados será feito por 17 entrevistadores devidamente treinados e acompanhado in loco por 5 supervisores. Será feita uma checagem de 20% ainda no campo e de mais 10% através do telefone ";"Goiânia - Centro; St. Oeste; St.Sul; Campinas; Balneário Meia Ponte;Centro Oeste; Vila Nova; Jardim América; St. Bueno; Pedro Ludovico; Parque das Laranjeiras; Capuava; Canaã; Jd. Novo Mundo; Vila Pedroso; Vera Cruz; Novo Horizonte; Sudoeste; Guanabara; St. São Judas Tadeu; Finsocial; Nova Esperança; Jd. Curitiba; Jd. Primavera; Senador Canedo; Inhumas;Itauçu;Brazabrantes; Bela Vista; Hidrolândia; Guapó; Teresópolis; Trindade; Anápolis( Jundiaí; Vila Jaiara; Centro; Br. Lourdes; Jd. América); Aparecida de Goiânia( Vila Brasília; Garavelo; Centro; Buriti Sereno; Br. Independência); Itumbiara; Caldas Novas; Santa Crus de Goiás; Goiatuba; Morrinhos; Catalão; Pires do Rio; Ipameri; Urutaí; Rio Verde; Jataí; Quirinópolis; Santa Helena; Acreúna;Indiara; Santo Antônio da Barra; Palmeiras; Ceres; Jaraguá; São Francisco; Goianésia; Porangatu; Uruaçu; Niquelândia; Iporá; Goiás; São Luiz de Montes Belos; Itaberaí; Itapuranga; Sanclerlândia; Fazenda Nova; Luziânia; Formosa; Águas Lindas; Alexânia; Abadiânia; Valparaíso;Corumbá; Pirinópolis; Santo Antônio do Descoberto; Posse; Iaciara; Alvorada do Norte. "
"27/02/2023";"15:36:19";2014;3;"Eleições Gerais 2014";"GO";"GO";"GOIÁS";"GO000722014";"2014-08-15 00:00:00";"#NE";"20252668000133";"Instituto ARTHUR OLIVEIRA OLIVEIRA -  M.E";"#NE";"Governador, Senador, Deputado Federal, Deputado Estadual";"2014-08-14 00:00:00";"2014-08-15 00:00:00";600;"8602";"Diogo de Mello Brito da Silva";"5000,00";"Pesquisa quantitativa, que consiste na realização de entrevistas pessoais e domiciliares, com a aplicação de questionário estruturado junto a uma amostra representativa do eleitorado em estudo. ";"1. Metodologia:
a)	Margem de erro = 3,9% para mais ou para menos
b)	Nível de confiança = 95%
c)	Universo: 283.581  eleitores
d)	Amostra: 600 questionários
2. Variáveis de ponderação da amostra:
2.1 Sexo:     
a)   Masculino = 52,1 %     
b) Feminino = 47,9 %
2.2 Faixas etárias:
a) De 16 a 24 = 18,6 %		b) De 25 a 34 = 27,1 %	
c) De 35 a 44 = 22,6 %		d) De 45 a 59 = 21,8 %
e) acima de 60 anos = 8,9 %
2.3 Instrução do Eleitor:
a)  Analfabeto 	=	 2,6 %
b)  Fundamental 	=	48,3%
c)  Médio		=	40,2%
d) Superior		=	  8,9%
2.4 Nível Socioeconômico: 
a) Até R$ 1.086,00				b) R$ 1.087,00 a 2.172,00
c) R$ 2.173,00 a 3.620,00			d) R$ 3.621,00 a 7.240,00
e) Acima R$ 7.24100
Nivel Alto = 80,0 %   -  Nivel Baixo  = 20 %
";"Checagem de, pelo menos, 20% dos questionários aplicados através de Supervisores de campo. Cada grupo de 06 pesquisadores = 01 Supervisor de Checagem Identificação de nome e endereço do entrevistado nos questionários aplicados. Nos casos em que o entrevistado se disponha a fornecer o telefone, checagem aleatória de um mínimo de três questões respondidas, por cada grupo de 20 entrevistados. Processo de entrevista tipo “escada” onde somente serão abordados, no máximo, dois eleitores por face de quadra, necessariamente, residentes em lados opostos e com distância mínima de 10 casas. ";"Município: Aparecida de Goiânia - Goiás
Bairros: Centro,Vila Souza , Expansul, Planicie , Ipiranga, Jd. Cristal, Solar Parq, Jardim Atlântico, Santa Luzia,  Vila Alzira,Jardim Palmares, Jardim Bela Vista, São Pedro, Garavelo, Tiradentes, Itaipú, Nova Cidade, Madre Germana, Aeroporto Sul, Alto Paraiso, Buriti Sereno, Jardim Tropical, Jardim Colorado, Center Ville, Veiga Jardim, Papillom Parque, Portal Sul, Conde dos Arcos, Americam park, Jardim Veneza, Mansões Paraiso, Cruzeiro do Sul, Nova Era, Vila Brasilia, Vila Sul,  Cidade São Luiz, Jd. Monte Serrat, Porto Real, Jardim Marinês , Bairro Hilda, Vera Cruz, Vila São Tomaz,Cidade Livre, Independência, Colina Azul, Jd. Cristalino, Monte Cristo, Riviera, Nova Esperança, Ibirapuera.
"
"27/02/2023";"15:36:19";2014;3;"Eleições Gerais 2014";"GO";"GO";"GOIÁS";"GO000942014";"2014-08-24 00:00:00";"#NE";"20240913000192";"MA+ CONSULTORIA E SERVICOS";"#NE";"Governador";"2014-08-23 00:00:00";"2014-08-24 00:00:00";298;"8925";"MARQUINANE MOURA BARROS";"1498,10";"A metodologia da pesquisa foi do tipo qualitativa, com amostragem por quotas proporcionais a sexo, faixa etária, renda familiar e nível de escolaridade. O instrumento de coleta de dados foi com questões abertas e fechadas.";"Foi adotada o sistema de amostragem, utilizando quotas proporcionais, em função das seguintes variáveis:
BAIRRO, SEXO FAIXA ETÁRIA, RENDA FAMILIAR, GRAU DE ESCOLARIDADE E RELIGIÃO, utilizando
como referência, dados do TRE - GO.
O nível de confiança estimado é de 95% e a margem de erro máxima estimada considerando um modelo de
amostragem aleatório simples, é de 2 (Dois) pontos percentuais para mais ou para menos sobre os
resultados encontrados no total da amostra.";"Os trabalhos de campo, foram realizados por entrevistadores da MA+ CONSULTORIA E SERVIÇOS,
selecionados e treinados pela supervisão de campo. A tabulação e controle dos dados, foram realizados na sede da empresa na cidade de Aparecida de Goiânia - GO, sob o acompanhamento do estatístico responsável.";"AMOSTRAGEM POR MUNICÍPIO: BRITÂNIA - GO - 298 ENTREVISTADOS
AMOSTRAGEM POR BAIRROS: CENTRO 216; MUTIRÃO 21; VERA CRUZ 19; OUTROS 15; ZONA RURAL 10; ESPERANÇA 9; VILA GOIÁS 8;
"
"27/02/2023";"15:36:19";2014;3;"Eleições Gerais 2014";"GO";"GO";"GOIÁS";"GO001402014";"2014-09-20 00:00:00";"#NE";"01403730000104";"EPP - EMPRESA DE PESQUISA E CONSULTORIA LTDA";"#NE";"Governador, Senador";"2014-09-17 00:00:00";"2014-09-17 00:00:00";286;"8631";"Alexandre Vasconcelos Lima";"5000,00";"Pesquisa quantitativa, com aplicação de questionário face-a-face. Ouviu-se apenas uma pessoa por domicílio, depois de identificada como eleitora da cidade pesquisada.";" Dados Amostrais: - Universo: Eleitores do município de Planaltina de Goiás (GO), com 16 anos ou mais. - Amostra: Foram ouvidos 286 eleitores. - Nível de confiança = 95,0%. - Margem de erro = 4,9% para mais ou para menos. - Período de Campo: A coleta de dados foi realizada no dia 18 de setembro de 2014, no horário compreendido entre 8h00 e 18h00. A pesquisa foi ponderada pelas variáveis sexo e faixa etária: SEXO: (masculino) 48,1% (feminino) 51,9%; IDADE: 16-24 16,91%; 25-34 23,81%; 35-44 21,21%; 45-59 23,54%; 60 e+ 14,51%. Está prevista eventual ponderação para correção das variáveis sexo e idade, com base nos percentuais anteriormente mencionados, caso ocorram diferenças superiores a 3 pontos percentuais entre o previsto na amostra e a coleta de dados realizada. Para as demais variáveis (grau de instrução e nível econômico) o fator previsto para a ponderação é igual a 1. ";"- Questionário estruturado com perguntas para respostas espontâneas e estimuladas. - Equipe: entrevistadores devidamente treinados e uniformizados, acompanhados por supervisores de campo. - Todos os questionários passaram por filtro de qualidade ao retornarem de campo. Aproximadamente 20% das amostras foram checadas, garantindo-se assim a autenticidade do trabalho ";"BAIRROS DE PLANALTINA DE GOIÁS (GO): Brasilinha / Centro Comercial / Centro Residencial / Imigrantes / Itapuã I e II / Paquetá I e II / Setor Norte / Setor Sul / Setor Leste / Setor Oeste. "
"27/02/2023";"15:36:19";2014;3;"Eleições Gerais 2014";"GO";"GO";"GOIÁS";"GO001512014";"2014-09-22 00:00:00";"#NE";"09599855000155";"CONSTAR SOLUÇÕES ORGANIZACIONAIS SOCIEDADE CIVIL LTDA";"#NE";"Governador, Senador, Deputado Federal, Deputado Estadual";"2014-09-23 00:00:00";"2014-09-25 00:00:00";800;"8717";"Alan Ioshikazu Ofuji";"5000,00";"O universo da pesquisa são os eleitores do perímetro urbano de Mineiros – GO, Método quantitativo probabilístico estratificado aleatório. No 1º estágio serão selecionados os bairros/setores de Mineiros/GO e no 2º estágio serão sorteados os eleitores com idade superior a 16 anos conforme as cortas pré definidas. Fontes de dados Censo 2010 do IBGE e TSE 2014. ";"A margem de erro é de 3,46% para mais ou para menos e o nível de confiança é de 95%. O plano amostral consta de quotas proporcionais às existentes no universo de acordo com as variáveis, Sexo e Escolaridade. As demais variáveis de perfil do entrevistados foram submetidas ao acaso na seleção. Controle de contas será feito conforme as variáveis a saber: SEXO: 48,6% para masculino e 51,4% para feminino. ESCOLARIDADE: 55,81% de analfabeto até fundamental incompleto, 24,15% de fundamental completo e médio incompleto, 16,27% de médio completo e superior incompleto e 3,77% de Superior completo. A distribuição por bairro/setor será feita de forma equalitária, sendo feito 25 entrevistas em cada um dos bairros relacionados. Caso a seleção aleatória resulte em distribuição de faixa etária com diferença superior a 5% da distribuição do universo, será feito ponderação dos dados.";"Entrevistas pessoais e individuais feita em domicílios residenciais com utilização de questionário elaborado de acordo com o objetivo da pesquisa. O trabalho é acompanhado por um supervisor e a checagem de campo é de 100% das entrevistas. A digitação e análise dos dados são feitas pelo responsável técnico da empresa. Todos os questionários são filtrados e checados antes de serem digitados. Ao final são conferidos novamente por outro supervisor de digitação.";"REGIÃO NORTE – Setor Leontino, Setor Ioris, Setor Cruvinel, Alcira de Rezende, Mutirão IV e Setor Coqueiros; REGIÃO SUL – Setor Bela Vista, Jd. das Perobeiras, Setor Taninho, Setor Boa Vista, Bairro Popular, Bairro Martins, Setor São José, Bairro Nova República, Setor Nossa Senhora Aparecida, Setor Teodoro de Souza e Cohacol ; REGIÃO LESTE – Setor São João, Setor Mineirinho, Setor Aeroporto, Setor Santa Izabel, Setor pecuária, Setor Manoel Abrão, Marcelino Teodoro e 31 de Outubro ; REGIÃO OESTE – Bairro São Bento, Setor Primavera, Setor Cambaúva, Setor Divino Espírito Santo e Setor Oeste ; SETOR CENTRAL – Centro e Setor Nossa Senhora de Fátima."
"27/02/2023";"15:36:19";2014;3;"Eleições Gerais 2014";"GO";"GO";"GOIÁS";"GO001832014";"2014-09-29 00:00:00";"#NE";"03303870000128";"EXATA OP OPINIÃO PÚBLICA LTDA";"#NE";"Governador, Senador, Deputado Federal";"2014-09-30 00:00:00";"2014-10-03 00:00:00";1500;"7278";"HERCULES CAPIBARIBE JUNIOR";"29000,00";"metodologia por contas com distribuição auto ponderada com base nos pesos do TSE,IBGE e de um levantamento próprio LPE.";"SEXO	PORC%
MASCULINO	48%
FEMININO	52%
TOTAL	100%

IDADE	PORC%
16 A 18	4%
19 A 30	19%
31 A 40	20%
41 A 50	21%
51 A 60	20%
MAIS DE 60	16%
TOTAL	100%

CLASSE	PORC%
E	23%
D	34%
C 	24%
B	13%
A	6%
TOTAL	100%

INSTRUÇÃO	PORC%
BÁSICO	29%
MÉDIO	47%
SUPERIOR	24%
TOTAL	100%

margem de erro de 2% e intervalo de confiança de 95%";"checagem, verificação e fiscalização de 100% da amostra on line via GPS, 100% a prova de fraudes.";"FORMOSA
LUZIÂNIA
VALPARAISO DE GOÍAS
ÁGUAS LINDAS DE GOIÁS
NOVO GAMA
PLANALTINA"
"27/02/2023";"15:36:19";2014;3;"Eleições Gerais 2014";"GO";"GO";"GOIÁS";"GO001002014";"2014-08-24 00:00:00";"#NE";"00654576000172";",INSTITUTO   VERITÁ   LTDA  epp";"#NE";"Governador, Senador";"2014-08-25 00:00:00";"2014-08-28 00:00:00";2203;"7439 / 6ª Região";"Leonard Mendonça de Assis";"71000,00";"Pesquisa quantitativa, que consiste na realização de entrevistas pessoais, com a aplicação de questionários estruturados e padronizados junto a uma amostra representativa do eleitorado do estado de GOIÁS ";"	a) Público pesquisado: Eleitores residentes no Estado de GOIÁS e inscritos para votar neste estado b) tipo de amostra: A amostragem será realizada da seguinte forma: 1. Estratificação do estado por agrupamento de Microrregiões obedecendo critério geográfico e Porte dos municípios 2. Tamanho de cada estrato foi definido proporcional ao número de eleitores inscritos em cada um destes 3. Divisão em estratos contendo aproximadamente o mesmo número de eleitores 4. Seleção dos entrevistados utilizando entrevistas domiciliares obedecendo um quadro de idade e sexo gerado de maneira aleatória por um software estatístico, usando as proporções de idade e sexo descritas neste plano 5. Está prevista adoção de entrevistas em locais de trabalho ou em pontos de fluxo. Estes serão utilizados onde os locais sorteados não permitam adoção de entrevistas domiciliares Ponderação: Esta pesquisa é autoponderada (peso = 1) para idade e sexo, obedecendo as proporções descritas a seguir: SEXO: FEMININO 51,7% / MASCULINO 48,3% Idade FEMININO 16 A 24 ANOS 17,50% FEMININO 25 A 34 ANOS 24,42% FEMININO 35 A 44 ANOS 21,28% FEMININO 45 A 59 ANOS 23,02% FEMININO 60 ANOS OU MAIS 13,78% MASCULINO 16 A 24 ANOS 18,23% MASCULINO 25 A 34 ANOS 24,27% MASCULINO 35 A 44 ANOS 20,89% MASCULINO 45 A 59 ANOS 22,55% MASCULINO 60 ANOS OU MAIS 14,06% Também está prevista ponderação por Nivel econômico e instrução, obedecendo as proporções descritas a seguir: Nível Econômico FEMININO Não PEA 48,89% FEMININO PEA 51,11% MASCULINO Não PEA 26,18% MASCULINO PEA 73,82% Nível de Instrução FEMININO Analfabeto até Ensino Médio incompleto 60,46% FEMININO Ensino médio comleto, superior ou mais 39,54% MASCULINO Analfabeto até Ensino Médio incompleto 67,45% MASCULINO Ensino médio completo, superior ou mais 32,55% c) Intervalo de Confiança/Margem de Erro: Para este planejamento amostral, considerando-se um intervalo de confiança de 95%, é esperado um erro máximo de 2.09 pontos percentuais na estimação da proporção das intenções de voto dos candidatos. d) Área física: ESTA PESQUISA MEDIRÁ APENAS O ESTADO DE GOIÁS, serão sorteados aproximadamente 40 municípios ";"	Para a realização da pesquisa será utilizada uma equipe de entrevistadores e supervisores devidamente treinada para este trabalho. Após os trabalhos de campo, os questionários são submetidos a uma fiscalização que consiste no retorno a campo de 20% dos questionários aplicados individualmente pelos entrevistadores, para verificação das respostas e da adequação dos entrevistados aos parâmetros amostrais. ";"#NULO#"
"27/02/2023";"15:36:19";2014;3;"Eleições Gerais 2014";"GO";"GO";"GOIÁS";"GO001882014";"2014-10-09 00:00:00";"#NE";"05850850000100";"Fortiori Pesquisa Diagnóstico e Marketing Ltda";"#NE";"Governador";"2014-10-08 00:00:00";"2014-10-11 00:00:00";1000;"8631.";"Alexandre Vasconcelos Lima";"30000,00";"A pesquisa da Fortiori é uma pesquisa quantitativa, através de realização de entrevistas pessoais, por abordagem randômica, com aplicação de questionários junto à amostra definida da população. 
";"Universo – eleitores residentes e domiciliados no Estado de Goiás. Tipo de amostra – amostra não probabilística, por cotas proporcionais às variáveis sexo, idade, grau de instrução e local de moradia. Tamanho da amostra – 1000 entrevistas. Sexo Homens = 50% Mulheres = 50% Idade 16 a 24 anos = 23% 25 a 34 anos = 28% 35 a 49 anos = 28% 50 e mais = 22% Escolaridade Primário = 24% 1º grau = 50% 2º grau = 23% Superior = 4% Nível Sócio Econômico A – 5% B – 10% C – 20% D – 30% E – 35% Para um intervalo de confiança de 95%, a pesquisa apresenta margem de erro máxima de 3,1%. 
";" Sistema interno de controle e fiscalização Trabalho de coleta de dados será feito por 14 entrevistadores devidamente treinados e acompanhado in loco por 4 supervisores. Será feita uma checagem de 20% ainda no campo e de mais 10% através do telefone";"Goiânia - Centro; St. Oeste; St.Sul; Campinas; Balneário Meia Ponte;Centro Oeste; Vila Nova; Jardim América; St. Bueno; Pedro Ludovico; Parque das Laranjeiras; Capuava; Canaã; Jd. Novo Mundo; Vila Pedroso; Vera Cruz; Novo Horizonte; Sudoeste; Guanabara; St. São Judas Tadeu; Finsocial; Nova Esperança; Jd. Curitiba; Jd. Primavera; Senador Canedo; Inhumas;Itauçu;Brazabrantes; Bela Vista; Hidrolândia; Guapó; Teresópolis; Trindade; Anápolis( Jundiaí; Vila Jaiara; Centro; Br. Lourdes; Jd. América); Aparecida de Goiânia( Vila Brasília; Garavelo; Centro; Buriti Sereno; Br. Independência); Itumbiara; Caldas Novas; Santa Crus de Goiás; Goiatuba; Morrinhos; Catalão; Pires do Rio; Ipameri; Urutaí; Rio Verde; Jataí; Quirinópolis; Santa Helena; Acreúna;Indiara; Santo Antônio da Barra; Palmeiras; Ceres; Jaraguá; São Francisco; Goianésia; Porangatu; Uruaçu; Niquelândia; Iporá; Goiás; São Luiz de Montes Belos; Itaberaí; Itapuranga; Sanclerlândia; Fazenda Nova; Luziânia; Formosa; Águas Lindas; Alexânia; Abadiânia; Valparaíso;Corumbá; Pirinópolis; Santo Antônio do Descoberto; Posse; Iaciara; Alvorada do Norte; Minaçu; Padre Bernardo;Cidade Ocidental;Padre Bernardo; Campinorte;Novo Gama;Planaltina; "
"27/02/2023";"15:36:19";2014;3;"Eleições Gerais 2014";"GO";"GO";"GOIÁS";"GO000142014";"2014-02-12 00:00:00";"#NE";"05281052000105";"Vega Pesquisa e Comunicação Ltda";"#NE";"Governador, Senador";"2014-02-15 00:00:00";"2014-02-15 00:00:00";300;"8631";"Alexandre Vasconcelos Lima ";"3000,00";"Metodologia de pesquisa: Pesquisa quantitativa, que consiste na realização de entrevistas domiciliares pessoais face-a-face, com a aplicação de questionários estruturados e padronizados junto a uma amostra representativa da população a ser pesquisada. Amostra probabilística estratificada pela variável regional, com base em dados do IBGE 2010 e do TSE de 2013";"Plano amostral e ponderação quanto a sexo, idade, grau de instrução e nível econômico do entrevistado; intervalo de confiança e margem de erro: Tamanho do universo: Ceres-GO  15.322 (Dados do TSE de 2012) Tamanho da amostra: Mínimo de 300 eleitores. Intervalo de confiança: 95%. Margem de Erro Amostral: Máxima de 3,9 pontos percentuais para mais ou para menos nos dados da amostra global.) entrevistas residenciais. d) Ponderação: por se tratar de amostragem probabilística estratificada às variáveis demográficas, a pesquisa é autoponderada,  foi autoponderada para as variáveis sexo, idade, grau de instrução e nível econômico.. e) Área física de realização da pesquisa. Ceres Go";"Sistema interno de controle e verificação, conferência e fiscalização da coleta de dados e do trabalho de campo: Todo entrevistador foi previamente treinado para a realização desta prévia eleitoral, tanto na parte teórica como na prática, além de receberem as orientações específicas para esta pesquisa. Sendo um supervisor para cada equipe de quatro entrevistadores. A coleta de dados será feita por uma equipe de um supervisor e quatro entrevistadores. ";"A pesquisa será realizada na cidade de Ceres-GO somente na zona urbana. Bairros: Morada Verde, Jardim Sorriso, Nova Vila, Vila Nova, São francisco, Jardim Ribeiro, Setor Central, conj. Bernardo Sayão, Vila Pedroso, Cruzeiro, Multirão, Esperança e Bela Vista."
"27/02/2023";"15:36:19";2014;3;"Eleições Gerais 2014";"GO";"GO";"GOIÁS";"GO000212014";"2014-02-28 00:00:00";"#NE";"01403730000104";"EPP - EMPRESA DE PESQUISA E CONSULTORIA LTDA";"#NE";"Governador, Senador, Deputado Federal, Deputado Estadual";"2014-02-28 00:00:00";"2014-03-07 00:00:00";1100;"CONRE 8631";"Alexandre Vasconcelos Lima";"30000,00";"A metodologia utilizada foi pesquisa quantitativa, com aplicação de questionário face a face, sendo que a seleção do eleitor respeito o critério das cotas amostrais, proporcionais ao universo. Foi entrevista somente uma pessoa por domicílio";"Universo: Eleitores do Estado de Goiás, com 16 anos ou mais.
Perfil dos entrevistados: Segmentação nas condições filtro da sondagem - sexo (masculino e 
feminino), faixa etária (16 a 24 anos, 25 a 34 anos, 35 a 44 anos, 45 a 59 anos, acima de 60 anos) e 
grau de instrução (analfabeto, ensino fundamental, ensino médio, superior). Sendo autoponderada para grau de instrução e nível econômico.
Nível de confiança = 95,0%.
Margem de erro= 3,0% para mais ou para menos.
Amostra: Foram ouvidos 1.100 eleitores.
";"Questionário estruturado com perguntas para respostas espontâneas e estimuladas.
Equipe: 08 pesquisadores de campo uniformizados e devidamente treinados, 02 
coordenadores e 01 supervisor.
20% das amostras foram checadas, garantindo se assim, a autenticidade e 
qualidade do trabalho.
Processo de entrevistas tipo “ESCALA”, onde somente serão abordados, no máximo, dois 
moradores por quadra, necessariamente, residentes em lados opostos e com distância 
mínima de 03 casas.";"Região Metropolitana de Goiânia: Goiânia, Aparecida de Goiânia, Bela Vista de Goiás, 
Hidrolândia, Inhumas, Senador Canedo, Trindade, Nerópolis. Nordeste Goiano: Alto Paraíso de 
Goiás, Posse, Campos Belos, Iaciara, Alvorada do Norte. Norte Goiano: Porangatu, Uruaçu, São 
Miguel do Araguaia, Mara Rosa, Trombas. Centro Goiano: Anápolis, Ceres, Damolândia, Goianésia, 
Itapaci, São Luiz do Norte. Entorno do Distrito Federal: Águas Lindas de Goiás, Formosa, 
Luziânia, Novo Gama, Santo Antônio do Descoberto, Valparaíso de Goiás, Vila Boa. Noroeste 
Goiano: Aruanã, Cidade de Goiás, Itaberaí, Itapuranga, Matrinchã. Oeste Goiano: Aragarças, 
Britânia, Iporá, Jussara, Palmeiras de Goiás, São Luís de Montes Belos. Sudeste Goiano: Catalão, 
Ipameri, Orizona, Ouvidor, Silvânia. Sudoeste Goiano: Caçu, Jataí, Mineiros, Quirinópolis, Rio 
Verde, Santa Helena de Goiás, São Simão. Sul Goiano: Aloândia, Caldas Novas, Goiatuba, 
Itumbiara, Morrinhos, Piracanjuba."
"27/02/2023";"15:36:19";2014;3;"Eleições Gerais 2014";"GO";"GO";"GOIÁS";"GO000302014";"2014-04-09 00:00:00";"#NE";"33403221000160";"Ernando Ferreira Gomes Lopes DADOSFOLHA";"#NE";"Governador, Senador, Deputado Federal, Deputado Estadual";"2014-04-03 00:00:00";"2014-04-03 00:00:00";200;"6221 (1ª Região e 5ª Região) ";"Rui da Costa Abrantes";"2500,00";" Objetivos: Aferir a intenção de voto espontânea e estimulada e a rejeição dos pretensos candidatos a Governador de Goiás, aferir a intenção de voto espontânea para senador, deputado estadual e deputado federal, bem como avaliação do desempenho da administração municipal de Cachoeira Dourada, mediante a aplicação de questionário estruturado à uma amostra representativa do universo do eleitorado de Cachoeira Dourada. Tipo de entrevista: Domiciliar e presencial em pelo menos 90% da amostra planejada; 10% ou menos em pontos de fluxo. ";"Ponderação quanto ao sexo: De sexo Masculino: 50,00%; de sexo Feminino: 50,00% - Ponderação quanto à faixa etária: 16 a 24 anos: 15,00%; 25 a 34 anos: 21,00%; 35 a 44 anos: 20,00%; 45 a 59 anos: 26,00%; 60 anos acima: 18,00%. - Ponderação quanto ao nível de instrução: Analfabeto: 7,00%; Primário: 17,00%; 1º Grau: 46,00%; 2º Grau 26,00%; Superior: 4,00%- Ponderação quanto ao nível sócio econômico: Nível alto: 20%; Nível baixo: 80%. Intervalo de confiança de 95% e margem de erro máxima de 5% pontos percentuais, para mais ou para menos. ";" Todo entrevistador foi previamente treinado para a realização desta prévia eleitoral, tanto na parte teórica como na prática, além de receberem as orientações específicas para esta pesquisa. O DADOSFOLHA colocará um fiscal para esta equipe de três entrevistadores. O fiscal tem a responsabilidade e é treinado para distribuir os entrevistadores nos diversos setores censitários, acompanhar, orientar, corrigir ou invalidar o trabalho deles e conferir por si ou por entrevistador designado cerca de 20% das entrevistas ";"Vila Operária, Vila Operadora, Centro, Sudoeste, Cerâmica, conjunto Marcondes Braga, Noroeste, conjunto Antônio Venâncio, Vila União, Vila Gaguinho, Nilópolis e Almerindonópolis. "
"27/02/2023";"15:36:19";2014;3;"Eleições Gerais 2014";"GO";"GO";"GOIÁS";"GO000612014";"2014-08-07 00:00:00";"#NE";"20252668000133";"Instituto ARTHUR OLIVEIRA OLIVEIRA -  M.E";"#NE";"Governador, Senador";"2014-08-06 00:00:00";"2014-08-09 00:00:00";1200;"8602";"Diogo de Mello Brito da Silva";"25000,00";"Pesquisa quantitativa, que consiste na realização de entrevistas pessoais e domiciliares, com a aplicação de questionário estruturado junto a uma amostra representativa do eleitorado em estudo. ";"1. Metodologia:
a)	Margem de erro = 2,9% para mais ou para menos
b)	Nível de confiança = 95%
c)	Universo: Aproximadamente  : 3.698.021  eleitores
d)	Amostra: 1.200 questionários

1.1	Definição da Amostra:
•	Filtro: ser residente no Estado de Goiás e estar em condições do exercício de voto.
•	Entrevistas: Ambos os sexos, uniresidencias, por sorteio de quadras e domicílios.
•	A seleção do eleitor é acidental, de acordo com as cotas de ponderação segundo sexo, idade, grau de instrução, nível socioeconômico e distribuição geográfica.
•	Entrevistas estratificadas, urbanas/rurais, com a amostragem probabilística para todos os setores censitários – TER-GO/IBGE.
•	Coleta de dados: dias 06 a 09 de Agosto de 2014.

1.2 Variáveis de ponderação da amostra:

1.2.1 Faixas etárias:
a) De 16 a 24 = 17 %		b) De 25 a 34 = 24 %	
c) De 35 a 44 = 22 %		d) De 45 a 59 = 22 %
e) acima de 60 anos = 12 %

1.2.2 Instrução do Eleitor:
a)  Analfabeto 	=	  4%
b)  Fundamental 	=	49%
c)  Médio		=	35%
d) Superior		=	12%

1.2.3 Nível Socioeconômico: Nivel Alto = 80,0 %   -  Nivel Baixo  = 20 %
";"Checagem de, pelo menos, 20% dos questionários aplicados através de Supervisores de campo. Cada grupo de 06 pesquisadores = 01 Supervisor de Checagem Identificação de nome e endereço do entrevistado nos questionários aplicados. Nos casos em que o entrevistado se disponha a fornecer o telefone, checagem aleatória de um mínimo de três questões respondidas, por cada grupo de 20 entrevistados.
Processo de entrevista tipo “escada” onde somente serão abordados, no máximo, dois eleitores por face de quadra, necessariamente, residentes em lados opostos e com distância mínima de 10 casas.
";"Região I  	= 	Capital (20%)
Região II 	= 	Centro (23%) : Aparecida de Goiânia, Anapólis, Senador Canedo,Trindade, Itaberaí, Goianira, Corumbá de Goiás, Inhumas, Neropólis, Guapó, Pirenopolis, Petrolina.
Regiao III 	=	Entorno (18%) : Cidade Ocidental, Luziania, Formosa, Valparaizo, Aguas Lindas, Planaltina de Goiás, Novo Gama, Santo Antonio do Descoberto, Posse e Alvorada.
Regiao IV 	=	Sudoeste (11%) : Rio Verde, Jataí, Mineiros, Santa Helena de Goias, Plameiras de Goiás, Maurilândia, Quirinopolis, Acreuna, Indiara
Região V   	=	Sul (11%) : Itumbiara, Caldas Novas, Morrinhos, Pontalina, Catalao, Ipameri, Pires do Rio, Bom Jesus, Goiatuba, Cristianopolis.
Região VI	=	Norte (9%) : Goianésia, Porangatu, Minaçu, Niquelandia, Uruaçu, Ceres, Jaragua, Itapaci.
Regiao VII	=	Noroeste (8%) : Ipora, São Miguel do Araguaia, Cidade de Goiás, Faina, Anicuns, São Luiz Montes Belos, Mozarlândia, Avelinopolis, Aragarças, Sanclelandia.

•	Goiania: Bairros a serem pesquisados : Centro, Jd. Guanabara, Vila Mutirão, Nova Esperança, Parque Atheneu, Setor Pedro Ludovico, Setor Novo Horizonte, Setor Sul, Jardim América, Vila Nova.
•	Anapolis: Centro, Jundiai, Bairro Nossa Senhora de Lourdes, Setor Maracanã, Vila Jaiara, Bairro JK, Calixtopolis
•	Aparecida de Goiânia: Centro, Setor Garavelo, Setor Cidade Livre, Bairro Independência, Cruzeiro do Sul, Madre Germana, Papillom Parque.
"
"27/02/2023";"15:36:19";2014;3;"Eleições Gerais 2014";"GO";"GO";"GOIÁS";"GO000692014";"2014-08-15 00:00:00";"#NE";"20252668000133";"Instituto ARTHUR OLIVEIRA OLIVEIRA -  M.E";"#NE";"Governador, Senador, Deputado Federal, Deputado Estadual";"2014-08-14 00:00:00";"2014-08-15 00:00:00";600;"8602";"Diogo de Mello Brito da Silva";"5000,00";"Pesquisa quantitativa, que consiste na realização de entrevistas pessoais e domiciliares, com a aplicação de questionário estruturado junto a uma amostra representativa do eleitorado em estudo. ";"1. Metodologia:
a)	Margem de erro = 3,9% para mais ou para menos
b)	Nível de confiança = 95%
c)	Universo: 250.082  eleitores
d)	Amostra: 600 questionários
2. Variáveis de ponderação da amostra:
2.1 Sexo:     
a)   Masculino = 47,2 %      -   b) Feminino = 52,8 %
2.2 Faixas etárias:
a) De 16 a 24 = 17,1 %		b) De 25 a 34 = 23,5 %	
c) De 35 a 44 = 20,7 %		d) De 45 a 59 = 23,5 %
e) acima de 60 anos = 14,8 %
2.3 Instrução do Eleitor:
a)  Analfabeto 	=	 2,4 %
b)  Fundamental 	=	40,2%
c)  Médio		=	37,9%
d) Superior		=	19,4%
2.4 Nível Socioeconômico: 
Nivel Alto = 80,0 %   -  Nivel Baixo  = 20 %
";"Checagem de, pelo menos, 20% dos questionários aplicados através de Supervisores de campo. Cada grupo de 06 pesquisadores = 01 Supervisor de Checagem Identificação de nome e endereço do entrevistado nos questionários aplicados. Nos casos em que o entrevistado se disponha a fornecer o telefone, checagem aleatória de um mínimo de três questões respondidas, por cada grupo de 20 entrevistados. Processo de entrevista tipo “escada” onde somente serão abordados, no máximo, dois eleitores por face de quadra, necessariamente, residentes em lados opostos e com distância mínima de 10 casas. ";"Município de Anápolis - Goiás. Bairros:  Centro /Cidade Industrial / Munir Calixto/ Jardim Alvorada / Campos Elisios / Setor Aeroporto/ Bairro Nossa Senhora de Lourdes / Vila Sul / Jardim Palmares Filostro Machado / Parque /Brasilia / Jardim Italia/ Vila Norte / Morada do Sol/ / Araguaia / Setor Ipê / Setor D. Bosco / Setor Bandeiras / Setor Pireneus/ Jaiara / Nova Vila / Progresso / Jardins das Américas/Harmonia/ Alexandrina / Itamaraty / São Lourenço / Antonio Fernandes/ São Joaquim / Fabril / Petropolis / Jd. Goiano / Jd. Suiço/ Calixtópolis / Viviam Parque / Vila Mariana / Setor Paraiso/ Calixtolândia / Polo Centro / Itatiaia/ Bairro Sha. Abadia / Vila Gois / Pedro Ludovico / Parque  Primavera/ Santo André / Arco Verde / Setor Sul / Vila Formosa /  Jd.America/ Jundiai/Nova Capital/Setor JK / Anápolis City/ Macaranazinho/Boa Vista /Santa Izabel/Universitario/Cidade Jardim/ Centro/Maracanã/Santa Terezinha/,"
"27/02/2023";"15:36:19";2014;3;"Eleições Gerais 2014";"GO";"GO";"GOIÁS";"GO000872014";"2014-08-23 00:00:00";"#NE";"01096445000180";"GRUPOM CONSULTORIA EMPRESARIAL LTDA";"#NE";"Governador, Senador";"2014-08-24 00:00:00";"2014-08-27 00:00:00";1011;"6221";"RUI COSTA ABRANTES";"51500,00";"Pesquisa quantitativa, que consiste na realização de entrevistas pessoais e domiciliares, com a aplicação de questionário estruturado junto a uma amostra representativa do eleitorado em estudo. ";"Representativa do eleitorado da área em estudo, elaborada em dois momentos. No primeiro momento faz-se um sorteio probabilístico dos setores censitários onde as entrevistas serão realizadas, pelo método PPP (Probabilidade Proporcional à População), tomando o eleitorado como base para tal seleção (dados do TSE). No segundo momento, dentro dos setores sorteados, os respondentes são selecionados através de quotas amostrais, proporcionais em função das variáveis: Sexo, Idade e Grau de Instrução, de acordo com o perfil do eleitorado. O nível econômico é assegurado através do controle das variáveis descritas acima. Não haverá necessidade de ponderação posterior, pois a distribuição amostral baseada nos setores censitários do IBGE, censo de 2010, harmoniza e torna fidedigna a representatividade da população. O intervalo de confiança estimado é de 95% e a margem de erro máxima estimada considerando um modelo de amostragem aleatório simples, é de 3,1 pontos percentuais para mais ou para menos sobre os resultados encontrados no total da amostra. ";"Para a realização da pesquisa utiliza-se equipe de entrevistadores e supervisores contratados pela GRUPOM devidamente treinados para o trabalho. Após os trabalhos de campo as entrevistas/questionários são submetidos a uma fiscalização de até 20%. A coleta de dados será realizada por meio eletrônico, “Tablet”, onde os dados do respondente são arquivados e transmitido diretamente ao sistema de forma a evitar qualquer interferência nos resultados.";"#NULO#"
"27/02/2023";"15:36:19";2014;3;"Eleições Gerais 2014";"GO";"GO";"GOIÁS";"GO001072014";"2014-08-30 00:00:00";"#NE";"00654576000172";",INSTITUTO   VERITÁ   LTDA  epp";"#NE";"Governador, Senador";"2014-09-01 00:00:00";"2014-09-04 00:00:00";2203;"7439 / 6ª Região";"Leonard Mendonça de Assis";"70000,00";"Pesquisa quantitativa, que consiste na realização de entrevistas pessoais, com a aplicação de questionários estruturados e padronizados junto a uma amostra representativa do eleitorado do estado de GOIÁS
";"	a) Público pesquisado: Eleitores residentes no Estado de GOIÁS e inscritos para votar neste estado b) tipo de amostra: A amostragem será realizada da seguinte forma: 1. Estratificação do estado por agrupamento de Microrregiões obedecendo critério geográfico e Porte dos municípios 2. Tamanho de cada estrato foi definido proporcional ao número de eleitores inscritos em cada um destes 3. Divisão em estratos contendo aproximadamente o mesmo número de eleitores 4. Seleção dos entrevistados utilizando entrevistas domiciliares obedecendo um quadro de idade e sexo gerado de maneira aleatória por um software estatístico, usando as proporções de idade e sexo descritas neste plano 5. Está prevista adoção de entrevistas em locais de trabalho ou em pontos de fluxo. Estes serão utilizados onde os locais sorteados não permitam adoção de entrevistas domiciliares Ponderação: Esta pesquisa é autoponderada (peso = 1) para idade e sexo, obedecendo as proporções descritas a seguir: SEXO: FEMININO 51,7% / MASCULINO 48,3% Idade FEMININO 16 A 24 ANOS 17,50% FEMININO 25 A 34 ANOS 24,42% FEMININO 35 A 44 ANOS 21,28% FEMININO 45 A 59 ANOS 23,02% FEMININO 60 ANOS OU MAIS 13,78% MASCULINO 16 A 24 ANOS 18,23% MASCULINO 25 A 34 ANOS 24,27% MASCULINO 35 A 44 ANOS 20,89% MASCULINO 45 A 59 ANOS 22,55% MASCULINO 60 ANOS OU MAIS 14,06% Também está prevista ponderação por Nivel econômico e instrução, obedecendo as proporções descritas a seguir: Nível Econômico FEMININO Não PEA 48,89% FEMININO PEA 51,11% MASCULINO Não PEA 26,18% MASCULINO PEA 73,82% Nível de Instrução FEMININO Analfabeto até Ensino Médio incompleto 60,46% FEMININO Ensino médio comleto, superior ou mais 39,54% MASCULINO Analfabeto até Ensino Médio incompleto 67,45% MASCULINO Ensino médio completo, superior ou mais 32,55% c) Intervalo de Confiança/Margem de Erro: Para este planejamento amostral, considerando-se um intervalo de confiança de 95%, é esperado um erro máximo de 2.09 pontos percentuais na estimação da proporção das intenções de voto dos candidatos. d) Área física: ESTA PESQUISA MEDIRÁ APENAS O ESTADO DE GOIÁS, serão sorteados aproximadamente 40 municípios ";"Para a realização da pesquisa será utilizada uma equipe de entrevistadores e supervisores devidamente treinada para este trabalho. Após os trabalhos de campo, os questionários são submetidos a uma fiscalização que consiste no retorno a campo de 20% dos questionários aplicados individualmente pelos entrevistadores, para verificação das respostas e da adequação dos entrevistados aos parâmetros amostrais. ";"#NULO#"
"27/02/2023";"15:36:19";2014;3;"Eleições Gerais 2014";"GO";"GO";"GOIÁS";"GO001012014";"2014-08-25 00:00:00";"#NE";"02678167000131";"SERPES - PESQUISAS DE OPINIÃO E MERCADO LTDA";"#NE";"Governador, Senador";"2014-08-25 00:00:00";"2014-08-29 00:00:00";801;"6221";"Rui Costa Abrantes";"34300,00";"Objetivos: Aferir a intenção de voto espontânea e estimulada dos candidatos a Governador de Goiás, Senador por Goiás e Presidente da República e respectivas rejeições mediante a aplicação de questionário estruturado à uma amostra representativa do universo do eleitorado de Estado de Goiás. Tipo de entrevista: Domiciliar e presencial em pelo menos 90% da amostra planejada; 10% ou menos em pontos de fluxo. ";"Tamanho do universo: 4331733 (Dados do TRE de julho de 2014) Tamanho da amostra: 801 eleitores. Nível de confiança: 95%. Margem de Erro Amostral: Máxima de 3,46 pontos percentuais para mais ou para menos nos dados da amostra global. Nos dados das amostras parciais (estratos), essa poderá ser maior. Tipo de amostra: Auto-ponderada por quotas proporcionais às existentes no universo de acordo com as variáveis e região geográfica. A seleção do eleitor no domicílio (um por domicílio) é acidental de acordo com as quotas de ponderação. Ponderação quanto ao sexo: 48% do sexo Masculino e 52% do sexo Feminino. Ponderação quanto à faixa etária: 17% de 16 a 24 anos, 24% de 25 a 34 anos, 29% de 35 a 49 anos e 30% de 50 anos ou mais. Ponderação quanto ao nível de instrução: 18% de Lê e escreve, 38% de Fundamental, 34% de Médio e 10% de Curso superior. Ponderação quanto ao nível socioeconômico: 20% de Alta e 80% de Baixa. Ponderação quanto a região: Capital 20%, Centro 23%, Norte 9%, Entorno 18%, Sul 11%, Sudoeste 11% e Noroeste 8%. ";"Todo entrevistador foi previamente treinado para a realização desta prévia eleitoral, tanto na parte teórica como na prática, além de receberem as orientações específicas para esta pesquisa. O SERPES coloca um supervisor para cada equipe de quatro entrevistadores. O supervisor tem a responsabilidade e é treinado para distribuir os entrevistadores nos diversos setores censitários, acompanhar, orientar, corrigir ou invalidar o trabalho deles e conferir por si ou por entrevistador designado 20% das entrevistas. A coleta de dados será feita por cinco equipes de um supervisor e quatro entrevistadores. ";"#NULO#"
"27/02/2023";"15:36:19";2014;3;"Eleições Gerais 2014";"GO";"GO";"GOIÁS";"GO001182014";"2014-09-06 00:00:00";"#NE";"06288268000157";"PODIUM CONSULTORIA, MARKETING E PESQUISA LTDA";"#NE";"Governador, Senador, Deputado Federal, Deputado Estadual";"2014-09-05 00:00:00";"2014-09-08 00:00:00";1000;"8631";"Alexandre Vasconcelos Lima";"5100,00";"Pesquisa quantitativa, que consiste na realização de entrevistas domiciliares pessoais face-a-face, com a aplicação de questionários estruturados e padronizados junto a uma amostra representativa da população a ser pesquisada. Amostra probabilística estratificada pelas variáveis com proporcionalidade de sexo, faixa etária, escolaridade, nível econômico e divisão de área física, com base em dados do IBGE 2010 e do TRE – GO de 2014.";"a) Público pesquisado: eleitores residentes e domiciliados no município de Aparecida de Goiânia - GO. b) Tipo de amostra: Amostra probabilística estratificada pelas variáveis com proporcionalidade de sexo, faixa etária, escolaridade, nível econômico e divisão de área física, com base em dados do IBGE 2010 e do TRE – GO de 2014. c) Tamanho da amostra: serão realizadas 1000 (uma mil) entrevistas residenciais. d) Ponderação: por se tratar de amostragem probabilística estratificada, a pesquisa é autoponderada, ou seja, as proporções do universo pesquisado estão contidas na amostra. e) Área física de realização da pesquisa: a pesquisa será realizada no município de Aparecida de Goiânia - GO, abrangendo todas as suas regiões. f) Intervalo de confiança / margem de erro: O intervalo de confiança estimado é de 95% e a margem de erro máxima estimada é de 3,0% para mais ou para menos sobre os resultados encontrados no total da amostra.";"Para a realização da pesquisa será utilizada uma equipe de entrevistadores, fiscais e supervisores devidamente treinados para este trabalho. Os supervisores trabalham em conjunto com os entrevistadores, fazendo a correção, fiscalização e supervisão da porcentagem dos questionários definida, ali mesmo no campo. Após os trabalhos de campo, os questionários serão submetidos a uma nova fiscalização que consiste no retorno a campo de 10% dos questionários aplicados individualmente pelos entrevistadores, para verificação das respostas e da adequação dos entrevistados aos parâmetros amostrais.";"#NULO#"
"27/02/2023";"15:36:19";2014;3;"Eleições Gerais 2014";"GO";"GO";"GOIÁS";"GO001432014";"2014-09-20 00:00:00";"#NE";"05281052000105";"Vega Pesquisa e Comunicação Ltda";"#NE";"Governador, Senador";"2014-09-22 00:00:00";"2014-09-24 00:00:00";1000;"8631";"Alexandre Vasconcelos Lima ";"20000,00";" Metodologia de pesquisa: Pesquisa quantitativa, que consiste na realização de entrevistas domiciliares pessoais face-a-face, com a aplicação de questionários estruturados e padronizados junto a uma amostra representativa da população a ser pesquisada. Amostra probabilística estratificada pela variável regional, com base em dados do IBGE 2010 e do TSE de 2013";"Plano amostral e ponderação quanto a sexo, idade, grau de instrução e nível econômico do entrevistado, margem de erro e nível de confiança: Plano amostral e ponderação quanto a sexo, idade, grau de instrução e nível econômico do entrevistado; intervalo de confiança e margem de erro: Tamanho do universo: 4.219.655 (Dados do TSE de dezembro de 2013) Tamanho da amostra: Mínimo de 1.000 eleitores. Intervalo de confiança: 95%. Margem de Erro Amostral: Máxima de 3,0 pontos percentuais para mais ou para menos nos dados da amostra global.) entrevistas residenciais. d) Ponderação: por se tratar de amostragem probabilística estratificada às variáveis demográficas, a pesquisa é autoponderada, ou seja, as proporções do universo pesquisado estão contidas na amostra. e) Área física de realização da pesquisa ";"Sistema interno de controle e verificação, conferência e fiscalização da coleta de dados e do trabalho de campo: Sistema interno de controle e verificação, conferência e fiscalização da coleta de dados e do trabalho de campo: Todo entrevistador foi previamente treinado para a realização desta prévia eleitoral, tanto na parte teórica como na prática, além de receberem as orientações específicas para esta pesquisa. Sendo um supervisor para cada equipe de quatro entrevistadores. A coleta de dados será feita por 06 equipes com um supervisor e entrevistadores.";"Cidades do Estado de Goiás. ARAGUAPAZ ACREÚNA ÁGUAS LINDAS DE GOIÁS ANÁPOLIS - ( Jundiaí; Vila Jaiara; Centro; Bairro de Lourdes, Recanto do Sol, Paraiso, Jd. América, Aeroporto); ANICUNS APARECIDA DE GOIÂNIA ( Vila Brasília; Garavelo; Centro; Buriti Sereno; Bairro Independência); BARRO ALTO, CALDAS NOVAS CAMPINORTE CERES FAINA FORMOSA GOIANÉSIA GOIÂNIA Centro; Setor Oeste; Setor Sul; Campinas; Balneário Meia Ponte;Centro Oeste; Vila Nova; Jardim América; Setor Bueno; Pedro Ludovico; Parque das Laranjeiras; Redenção; Capuava; Canaã; Jardim Novo Mundo; Vila Pedroso; Setor Morais; Vera Cruz; Novo Horizonte; Sudoeste; Guanabara; Setor São Judas Tadeu; Finsocial; Nova Esperança; Jardim Curitiba; Primavera; GOIANIRA GOIÁS GOIATUBA INDIARA INHUMAS IPORÁ ITABERAÍ Itapirapuã ITAPURANGA ITUMBIARA JARAGUÁ JATAÍ JUSSARA LUZIÂNIA MARA ROSA MINAÇÚ Montes Claros MORRINHOS MOZARLÂNDIA NERÓPOLIS NIQUELÂNDIA NOVO GAMA PALMEIRAS DE GOIÁS PIRACANJUBA PLANALTINA PORANGATU POSSE RIO VERDE SANTA HELENA DE GOIÁS SANTO ANTONIO SÃO LUIZ DE MONTES BELOS SENADOR CANEDO TRINDADE URUAÇU VALPARAÍSO "
"27/02/2023";"15:36:19";2014;3;"Eleições Gerais 2014";"GO";"GO";"GOIÁS";"GO001462014";"2014-09-21 00:00:00";"#NE";"05850850000100";"Fortiori Pesquisa Diagnóstico e Marketing Ltda";"#NE";"Governador, Senador";"2014-09-22 00:00:00";"2014-09-25 00:00:00";1000;"8631.";"Alexandre Vasconcelos Lima";"30000,00";" A pesquisa da Fortiori é uma pesquisa quantitativa, através de realização de entrevistas pessoais, por abordagem randômica, com aplicação de questionários junto à amostra definida da população. 
";"Universo – eleitores residentes e domiciliados no Estado de Goiás. Tipo de amostra – amostra não probabilística, por cotas proporcionais às variáveis sexo, idade, grau de instrução e local de moradia. Tamanho da amostra – 1000 entrevistas. Sexo Homens = 50% Mulheres = 50% Idade 16 a 24 anos = 23% 25 a 34 anos = 28% 35 a 49 anos = 28% 50 e mais = 22% Escolaridade Primário = 24% 1º grau = 50% 2º grau = 23% Superior = 4% Nível Sócio Econômico A – 5% B – 10% C – 20% D – 30% E – 35% Para um intervalo de confiança de 95%, a pesquisa apresenta margem de erro máxima de 3,1%. 
";"Sistema interno de controle e fiscalização Trabalho de coleta de dados será feito por 14 entrevistadores devidamente treinados e acompanhado in loco por 4 supervisores. Será feita uma checagem de 20% ainda no campo e de mais 10% através do telefone ";"Goiânia - Centro; St. Oeste; St.Sul; Campinas; Balneário Meia Ponte;Centro Oeste; Vila Nova; Jardim América; St. Bueno; Pedro Ludovico; Parque das Laranjeiras; Capuava; Canaã; Jd. Novo Mundo; Vila Pedroso; Vera Cruz; Novo Horizonte; Sudoeste; Guanabara; St. São Judas Tadeu; Finsocial; Nova Esperança; Jd. Curitiba; Jd. Primavera; Senador Canedo; Inhumas;Itauçu;Brazabrantes; Bela Vista; Hidrolândia; Guapó; Teresópolis; Trindade; Anápolis( Jundiaí; Vila Jaiara; Centro; Br. Lourdes; Jd. América); Aparecida de Goiânia( Vila Brasília; Garavelo; Centro; Buriti Sereno; Br. Independência); Itumbiara; Caldas Novas; Santa Crus de Goiás; Goiatuba; Morrinhos; Catalão; Pires do Rio; Ipameri; Urutaí; Rio Verde; Jataí; Quirinópolis; Santa Helena; Acreúna;Indiara; Santo Antônio da Barra; Palmeiras; Ceres; Jaraguá; São Francisco; Goianésia; Porangatu; Uruaçu; Niquelândia; Iporá; Goiás; São Luiz de Montes Belos; Itaberaí; Itapuranga; Sanclerlândia; Fazenda Nova; Luziânia; Formosa; Águas Lindas; Alexânia; Abadiânia; Valparaíso;Corumbá; Pirinópolis; Santo Antônio do Descoberto; Posse; Iaciara; Alvorada do Norte; Minaçu; Padre Bernardo;Cidade Ocidental;Cocalzinho "
"27/02/2023";"15:36:19";2014;3;"Eleições Gerais 2014";"GO";"GO";"GOIÁS";"GO001732014";"2014-09-27 00:00:00";"#NE";"10791900000158";"SILVANDETH VIEIRA DA SILVA ";"#NE";"Governador, Senador, Deputado Federal, Deputado Estadual";"2014-09-02 00:00:00";"2014-09-03 00:00:00";385;"8956";"FRANCY ANNE VIEIRA BARBOSA";"6000,00";"ACIDENTAL E ESTRATIFICADA PROPORCIONAL AO PESO DAS VARIAVEIS DE SEXO,FAIXA ETARIA E NIVEL DE INSTRUCAO. SENDO PESQUISADO SOMENTE UMA PESSOA POR RESIDENCIA DEPOIS DE IDENTIFICADO COMO ELEITOR E MORADOR DA CIDADE.";"SEXO MASCULINO 49,87% FEMININO 50,13%
FAIXA ETARIA: 16 A 24 16,87% 25 A 34 25,34% 35 A 44 20,30% 45 A 59 22,61% 60 ANOS ACIMA 14,89%
ESCOLARIDADE: ANALFABETO 4,37% ENSINO FUNDAMENTAL 58,06% ENSINO MEDIO 30,21% SUPERIOR 7,36%";"A COLETA SERA REALIZADA COM PERGUNTAS ESPONTANEAS E ESTIMULADAS.
AS ENTREVISTAS SERAM REALIZADAS POR UMA EQUIPE DE 5 PESQUISADORES E FISCALIZADAS POR UM SUPERVISOR QUE FARA A CHECAGEM DE 10% DAS AMOSTRAS,VERIFICANDO ASSIM A VERACIDADE DAS MESMA.";"CENTRO 
NOVA REPUBLICA,MUTIRAO I II III , PQ.DOS JATOBAS , SETOR JOSE DE OLIVEIRA MARTINS,SETOR IORIZ,SETOR LEONTINO,SETOR CRUVINEL,SETOR MARTINS,VILA ISABEL,SETOR AEROPORTO,SETO SAO SEBASTIAO,COSTA NERI
COHACOL I II III,MUNDINHO,TEODORO DE GOMES,VILA TRINTA E UM DE OUTUBRO,SAO BENTO,NOSSA SENHORA DE FATIMA.
TEODORO DE SOUSA, JARDIM GOIAS.
CARVALHO 




CARVALHO
"
"27/02/2023";"15:36:19";2014;3;"Eleições Gerais 2014";"GO";"GO";"GOIÁS";"GO000132014";"2014-02-12 00:00:00";"#NE";"05281052000105";"Vega Pesquisa e Comunicação Ltda";"#NE";"Governador, Senador";"2014-02-15 00:00:00";"2014-02-15 00:00:00";300;"8631";"Alexandre Vasconcelos Lima ";"3000,00";"Metodologia de pesquisa: Pesquisa quantitativa, que consiste na realização de entrevistas domiciliares pessoais face-a-face, com a aplicação de questionários estruturados e padronizados junto a uma amostra representativa da população a ser pesquisada. Amostra probabilística estratificada pela variável regional, com base em dados do IBGE 2010 e do TSE de 2012";": Plano amostral e ponderação quanto a sexo, idade, grau de instrução e nível econômico do entrevistado; intervalo de confiança e margem de erro: Tamanho do universo:cidade de Silvânia-GO  14.589 (Dados do TSE de  2013) Tamanho da amostra: Mínimo de 300 eleitores. Intervalo de confiança: 95%. Margem de Erro Amostral: Máxima de 3,9 pontos percentuais para mais ou para menos nos dados da amostra global.) entrevistas residenciais. d) Ponderação: por se tratar de amostragem probabilística estratificada às variáveis demográficas, a pesquisa é autoponderada, para as variáveis sexo, idade, grau de instrução e nível econômico.. e) Área física de realização da pesquisa- Silvânia GO.
";"Sistema interno de controle e verificação, conferência e fiscalização da coleta de dados e do trabalho de campo: Todo entrevistador foi previamente treinado para a realização desta prévia eleitoral, tanto na parte teórica como na prática, além de receberem as orientações específicas para esta pesquisa. Sendo um supervisor para cada equipe de quatro entrevistadores. A coleta de dados será feita por uma equipe de um supervisor e quatro entrevistadores. ";"A pesquisa será realizada na cidade de Silvânia-GO somente na zona urbana- Bairros: Conjunto Habitacional Leonides Cotrim, Park Residencial Anchieta, Das Pedrinhas, Conselheiro Manoel Caetano, São Sebastião e Setor Central."
"27/02/2023";"15:36:19";2014;3;"Eleições Gerais 2014";"GO";"GO";"GOIÁS";"GO000092014";"2014-02-11 00:00:00";"#NE";"01096445000180";"GRUPOM CONSULTORIA EMPRESARIAL LTDA";"#NE";"Governador";"2014-01-30 00:00:00";"2014-02-06 00:00:00";408;"6221";"RUI COSTA ABRANTES";"14000,00";"Pesquisa quantitativa, que consiste na realização de entrevistas pessoais e domiciliares, com a aplicação de questionário estruturado junto a uma amostra representativa do eleitorado em estudo. ";"Representativa do eleitorado da área em estudo, elaborada em dois momentos. No primeiro momento faz-se um sorteio probabilístico dos setores censitários onde as entrevistas serão realizadas, pelo método PPP (Probabilidade Proporcional à População), tomando o eleitorado como base para tal seleção (dados do TSE). No segundo momento, dentro dos setores sorteados, os respondentes são selecionados através de quotas amostrais, proporcionais em função das variáveis: Sexo, Idade e Grau de Instrução, de acordo com o perfil do eleitorado. O nível econômico é assegurado através do controle das variáveis descritas acima. Não haverá necessidade de ponderação posterior, pois a distribuição amostral baseada nos setores censitários do IBGE, censo de 2010, harmoniza e torna fidedigna a representatividade da população. O intervalo de confiança estimado é de 95% e a margem de erro máxima estimada considerando um modelo de amostragem aleatório simples, é de 4,8 pontos percentuais para mais ou para menos sobre os resultados encontrados no total da amostra. ";"Para a realização da pesquisa utiliza-se equipe de entrevistadores e supervisores contratados pela GRUPOM devidamente treinados para o trabalho. Após os trabalhos de campo as entrevistas/questionários são submetidos a uma fiscalização de até 20%. A coleta de dados será realizada por meio eletrônico  “Palm Top” e “Tablet” onde os dados do respondente são arquivados e transmitido diretamente ao sistema de forma a evitar qualquer interferência nos resultados.";"CIDADE DE RIO VERDE-GO, ZONA URBANA, BAIRROS: Br Maristela,  Br Martins,  Br Popular,  Br Promissão,  Br Santo André,  Br São Felipe,  Br São Joaquim,  Br São Tomaz,  Br Stº Agostinho,  Br Stº Antônio de Lisboa,  Br Universitário,  Br Vitória Régia,  Centro,  Céu Azul,  Cj Dona Gercina,  Cj Liberdade,  Cj Maurício Arantes,  Cj Valdeci Pires,  Dom Miguel,  Jd Adriana,  Jd América,  Jd das Margaridas,  Jd Eleonora,  Jd Goiás,  Jd Mondale,  Jd Neves,  Jd Presidente,  Lot Gameleira,  Nova Vila Maria,  Pq Bandeirantes,  Pq Betel,  Pq das Acássias,  Pq das Laranjeiras,  Res Canaã,  Res Maranata,  Res Monte Sião,  Res Veneza,  São João,  Solar Campestre,  St Morada do Sol,  St Pauzanes,  Vl Amália,  Vl André Luiz,  Vl Bailão,  Vl Borges,  Vl Carolina,  Vl Maria,  Vl Mariana,  Vl Mariana 2,  Vl Medeiros,  Vl Mutirão,  Vl Olinda,  Vl Renovação,  Vl Rocha,  Vl Serpro,  Vl Verde."
"27/02/2023";"15:36:19";2014;3;"Eleições Gerais 2014";"GO";"GO";"GOIÁS";"GO000712014";"2014-08-15 00:00:00";"#NE";"20252668000133";"Instituto ARTHUR OLIVEIRA OLIVEIRA -  M.E";"#NE";"Governador, Senador, Deputado Federal, Deputado Estadual";"2014-08-15 00:00:00";"2014-08-17 00:00:00";800;"8602";"Diogo de Mello Brito da Silva";"8000,00";"Pesquisa quantitativa, que consiste na realização de entrevistas pessoais e domiciliares, com a aplicação de questionário estruturado junto a uma amostra representativa do eleitorado em estudo. ";"1. Metodologia:
a)	Margem de erro = 3,9% para mais ou para menos
b)	Nível de confiança = 95%
c)	Universo: 901.000  eleitores
d)	Amostra: 800 questionários
2. Variáveis de ponderação da amostra:
2.1 Sexo:     
a)   Masculino = 47,6 %      
b) Feminino = 52,4 %
2.2 Faixas etárias:
a) De 16 a 24 = 15,6 %		b) De 25 a 34 = 25,3 %	
c) De 35 a 44 = 21,3 %		d) De 45 a 59 = 24,2 %
e) acima de 60 anos = 13,6 %
2.3 Instrução do Eleitor:
a)  Analfabeto 	=	  1,1 %
b)  Fundamental 	=	29,2%
c)  Médio		=	40,7%
d) Superior		=         29,0%
2.4 Nível Socioeconômico: 
a) Até R$ 1.086,00				b) R$ 1.087,00 a 2.172,00
c) R$ 2.173,00 a 3.620,00			d) R$ 3.621,00 a 7.240,00
e) Acima R$ 7.24100
Nivel Alto = 80,0 %   -  Nivel Baixo  = 20 %";"Checagem de, pelo menos, 20% dos questionários aplicados através de Supervisores de campo. Cada grupo de 06 pesquisadores = 01 Supervisor de Checagem Identificação de nome e endereço do entrevistado nos questionários aplicados. Nos casos em que o entrevistado se disponha a fornecer o telefone, checagem aleatória de um mínimo de três questões respondidas, por cada grupo de 20 entrevistados. Processo de entrevista tipo “escada” onde somente serão abordados, no máximo, dois eleitores por face de quadra, necessariamente, residentes em lados opostos e com distância mínima de 10 casas. ";"Município: Goiânia
Todas as regiões administrativas, urbanas  conforme segue relação dos bairros :
1a. Zona (6,4 %): Centro /Setor Sul / Setor Oeste/Norte Ferroviario / Setor Aeroporto.
2a. Zona ( 10,8 %): Campinas / Balneário Meia Ponte / Urias Magalhães / Marechal Rondom / Setor Coimbra / Criméia Oeste / Criméia Leste / Setor Centro-Oeste / Vila Paraíso / Vila Santa Helena / Vila Abajá / Setor Perim / Maria Dilce / Vila Cristina.
126a. Zona (3,9 %): Jardim Goiás / Setor Universitário / Vila Nova.
127a. Zona (9,1%): Setor Bueno / Setor Nova Suiça / Jardim América / Parque Amazonas.
133a. Zona (9,6 %): Setor Marista / Chácara do Governador/Parque Atheneu / Setor Pedro Ludovico / Conjunto Anhanguera / Jardim Bela Vista / Parque das Laranjeiras / Conjunto Fabiana / Parque Santa Cruz / Setor Santo Antônio / Vila Redenção.
134a. Zona (5,2 %): Cidade Jardim / Setor Capuava / Setor São José / Setor Morada Nova / Setor Castelo Branco / Vila Canaã / Setor Rodoviario / Vila Aurora / Vila São Vaz.
135a. Zona: Setor Novo Mundo / Setor Santo Hilario / Vila Pedroso / Jardim das Aroeiras / Residencial D. Fernando / Setor Uiapuru / Setor Riviera / Vila Caiçara / Setor Aruana / Setor Amendoiras. 
136a. Zona (19,2 %): Parque Santa Rita / Jardim Europa / Setor Rio Formoso / Setor Sudoeste / Setor Celina Park / Setor Novo Horizonte / Vila Mauá / Setor Cachoeira Dourada / Setor Planalto / Vila Vera Cruz / Parque Anhanguera / Vila Boa / Setor União / Vila Alvorada.
146a. Zona (9,6 %): Setor Itatiaia / Setor Santa Genoveva / Vila Pompeia / Jardim Guanabara I,II,III / Setor Osvaldo Rosa / Setor Goiania 2 / Setor Jaó / Setor Nova Vila / Setor Negrão de Lima / Vila Montecelli / Vila Moraes / Bairro Feliz / Setor São Judas Tadeu.
147a. Zona (17,3 %): Setor Curitiba I e IV / Setor São Carlos / Setor Lorena Parque / Setor Liberdade / Setor Nova Esperança / Parque  Planalto /Setor Solange Parque / Setor Morada do Sol / Setor Primavera / Setor Goiânia Viva / Vila Mutirão / Finsocial / Bairro Goya / Setor Candida de Moraes / Setor João Braz / Setor Santos Dumont / Vila Regina.
"
"27/02/2023";"15:36:19";2014;3;"Eleições Gerais 2014";"GO";"GO";"GOIÁS";"GO000972014";"2014-08-24 00:00:00";"#NE";"20240913000192";"MA+ CONSULTORIA E SERVICOS";"#NE";"Governador";"2014-08-23 00:00:00";"2014-08-24 00:00:00";294;"8956";"MARQUINANE MOURA BARROS";"1498,22";"A metodologia da pesquisa foi do tipo qualitativa, com amostragem por quotas proporcionais a sexo, faixa etária, renda familiar e nível de escolaridade. O instrumento de coleta de dados foi com questões abertas e fechadas.";"Foi adotada o sistema de amostragem, utilizando quotas proporcionais, em função das seguintes variáveis:
BAIRRO, SEXO FAIXA ETÁRIA, RENDA FAMILIAR, GRAU DE ESCOLARIDADE E RELIGIÃO, utilizando
como referência, dados do TRE - GO.
O nível de confiança estimado é de 95% e a margem de erro máxima estimada considerando um modelo de
amostragem aleatório simples, é de 2 (Dois) pontos percentuais para mais ou para menos sobre os
resultados encontrados no total da amostra.";"Os trabalhos de campo, foram realizados por entrevistadores da MA+ CONSULTORIA E SERVIÇOS,
selecionados e treinados pela supervisão de campo. A tabulação e controle dos dados, foram realizados na sede da empresa na cidade de Aparecida de Goiânia - GO, sob o acompanhamento do estatístico responsável.";"AMOSTRAGEM POR MUNICIPIO: SÃO MIGUEL DO PASSA QUATRO - GO - 294 ENTREVISTADOS
AMOSTRAGEM POR BAIRROS: CENTRO 148; SAO BRAZ 44; PEDRO JOSE 42; SANTA RITA 32; ZONA RURAL 13; JD PRIMAVERA 10; RES. TOBIAS 5;
"
"27/02/2023";"15:36:19";2014;3;"Eleições Gerais 2014";"GO";"GO";"GOIÁS";"GO001422014";"2014-09-20 00:00:00";"#NE";"00654576000172";",INSTITUTO   VERITÁ   LTDA  epp";"#NE";"Governador, Senador";"2014-09-22 00:00:00";"2014-09-24 00:00:00";2203;"7439 / 6ª Região";"Leonard Mendonça de Assis";"70000,00";"	Pesquisa quantitativa, que consiste na realização de entrevistas pessoais, com a aplicação de questionários estruturados e padronizados junto a uma amostra representativa do eleitorado do estado de GOIÁS
";"a) Público pesquisado: Eleitores residentes no Estado de GOIÁS e inscritos para votar neste estado b) tipo de amostra: A amostragem será realizada da seguinte forma: 1. Estratificação do estado por agrupamento de Microrregiões obedecendo critério geográfico e Porte dos municípios 2. Tamanho de cada estrato foi definido proporcional ao número de eleitores inscritos em cada um destes 3. Divisão em estratos contendo aproximadamente o mesmo número de eleitores 4. Seleção dos entrevistados utilizando entrevistas domiciliares obedecendo um quadro de idade e sexo gerado de maneira aleatória por um software estatístico, usando as proporções de idade e sexo descritas neste plano 5. Está prevista adoção de entrevistas em locais de trabalho ou em pontos de fluxo. Estes serão utilizados onde os locais sorteados não permitam adoção de entrevistas domiciliares Ponderação: Esta pesquisa é auto-ponderada (peso = 1) para idade e sexo, obedecendo as proporções descritas a seguir: SEXO: FEMININO 51,7% / MASCULINO 48,3% Idade FEMININO 16 A 24 ANOS 17,50% FEMININO 25 A 34 ANOS 24,42% FEMININO 35 A 44 ANOS 21,28% FEMININO 45 A 59 ANOS 23,02% FEMININO 60 ANOS OU MAIS 13,78% MASCULINO 16 A 24 ANOS 18,23% MASCULINO 25 A 34 ANOS 24,27% MASCULINO 35 A 44 ANOS 20,89% MASCULINO 45 A 59 ANOS 22,55% MASCULINO 60 ANOS OU MAIS 14,06% Também está prevista ponderação por Nível econômico e instrução, obedecendo as proporções descritas a seguir: Nível Econômico FEMININO Não PEA 48,89% FEMININO PEA 51,11% MASCULINO Não PEA 26,18% MASCULINO PEA 73,82% Nível de Instrução FEMININO Analfabeto até Ensino Médio incompleto 60,46% FEMININO Ensino médio completo, superior ou mais 39,54% MASCULINO Analfabeto até Ensino Médio incompleto 67,45% MASCULINO Ensino médio completo, superior ou mais 32,55% c) Intervalo de Confiança/Margem de Erro: Para este planejamento amostral, considerando-se um intervalo de confiança de 95%, é esperado um erro máximo de 2.09 pontos percentuais na estimação da proporção das intenções de voto dos candidatos. d) Área física: ESTA PESQUISA MEDIRÁ APENAS O ESTADO DE GOIÁS, serão sorteados aproximadamente 40 municípios ";"Para a realização da pesquisa será utilizada uma equipe de entrevistadores e supervisores devidamente treinada para este trabalho. Após os trabalhos de campo, os questionários são submetidos a uma fiscalização que consiste no retorno a campo de 20% dos questionários aplicados individualmente pelos entrevistadores, para verificação das respostas e da adequação dos entrevistados aos parâmetros amostrais. ";"#NULO#"
"27/02/2023";"15:36:19";2014;3;"Eleições Gerais 2014";"GO";"GO";"GOIÁS";"GO001792014";"2014-09-28 00:00:00";"#NE";"06288268000157";"PODIUM CONSULTORIA, MARKETING E PESQUISA LTDA";"#NE";"Governador, Senador, Deputado Federal, Deputado Estadual";"2014-09-29 00:00:00";"2014-10-02 00:00:00";1000;"8631";"Alexandre Vasconcelos Lima";"5000,00";"Pesquisa quantitativa, que consiste na realização de entrevistas domiciliares pessoais face-a-face, com a
aplicação de questionários estruturados e padronizados junto a uma amostra representativa da população a ser pesquisada. Amostra probabilística estratificada pelas variáveis com proporcionalidade de sexo, faixa etária, escolaridade, nível econômico e divisão de área física, com base em dados do IBGE 2010 e do TRE GO de 2014.";"a) Público pesquisado: eleitores residentes e domiciliados no município de Aparecida de Goiânia - GO. b) Tipo de amostra: Amostra probabilística estratificada pelas variáveis com proporcionalidade de sexo, faixa etária, escolaridade, nível econômico e divisão de área física, com base em dados do IBGE 2010 e do TRE GO de 2014. c) Tamanho da amostra: serão realizadas 1000 (uma mil) entrevistas residenciais. d) Ponderação: por se tratar de amostragem probabilística estratificada, a pesquisa é autoponderada, ou seja, as proporções do universo pesquisado estão contidas na amostra. e) Área física de realização da pesquisa: a pesquisa será realizada no município de Aparecida de Goiânia - GO, abrangendo todas as suas regiões. f) Intervalo de confiança / margem de erro: O intervalo de confiança estimado é de 95% e a margem de erro máxima estimada é de 3,0% para mais ou para menos sobre os resultados encontrados no total da amostra.";"Para a realização da pesquisa será utilizada uma equipe de entrevistadores, fiscais e supervisores
devidamente treinados para este trabalho. Os supervisores trabalham em conjunto com os entrevistadores,
fazendo a correção, fiscalização e supervisão da porcentagem dos questionários definida, ali mesmo no campo. Após os trabalhos de campo, os questionários serão submetidos a uma nova fiscalização que consiste no retorno a campo de 10% dos questionários aplicados individualmente pelos entrevistadores, para verificação das respostas e da adequação dos entrevistados aos parâmetros amostrais.";"#NULO#"
"27/02/2023";"15:36:19";2014;3;"Eleições Gerais 2014";"GO";"GO";"GOIÁS";"GO001572014";"2014-09-25 00:00:00";"#NE";"01096445000180";"GRUPOM CONSULTORIA EMPRESARIAL LTDA";"#NE";"Governador, Senador";"2014-09-27 00:00:00";"2014-09-30 00:00:00";1011;"6221";"RUI COSTA ABRANTES";"51500,00";"Pesquisa quantitativa, que consiste na realização de entrevistas pessoais e domiciliares, com a aplicação de questionário estruturado junto a uma amostra representativa do eleitorado em estudo. ";"Representativa do eleitorado da área em estudo, elaborada em dois momentos. No primeiro momento faz-se um sorteio probabilístico dos setores censitários onde as entrevistas serão realizadas, pelo método PPP (Probabilidade Proporcional à População), tomando o eleitorado como base para tal seleção (dados do TSE). No segundo momento, dentro dos setores sorteados, os respondentes são selecionados através de quotas amostrais, proporcionais em função das variáveis: Sexo, Idade e Grau de Instrução, de acordo com o perfil do eleitorado. O nível econômico é assegurado através do controle das variáveis descritas acima. Não haverá necessidade de ponderação posterior, pois a distribuição amostral baseada nos setores censitários do IBGE, censo de 2010, harmoniza e torna fidedigna a representatividade da população. O intervalo de confiança estimado é de 95% e a margem de erro máxima estimada considerando um modelo de amostragem aleatório simples, é de 3,1 pontos percentuais para mais ou para menos sobre os resultados encontrados no total da amostra. ";"Para a realização da pesquisa utiliza-se equipe de entrevistadores e supervisores contratados pela GRUPOM devidamente treinados para o trabalho. Após os trabalhos de campo as entrevistas/questionários são submetidos a uma fiscalização de até 20%. A coleta de dados será realizada por meio eletrônico, “Tablet”, onde os dados do respondente são arquivados e transmitido diretamente ao sistema de forma a evitar qualquer interferência nos resultados.";"#NULO#"
"27/02/2023";"15:36:19";2014;3;"Eleições Gerais 2014";"GO";"GO";"GOIÁS";"GO001872014";"2014-10-07 00:00:00";"#NE";"02678167000131";"SERPES - PESQUISAS DE OPINIÃO E MERCADO LTDA";"#NE";"Governador";"2014-10-08 00:00:00";"2014-10-11 00:00:00";801;"6221";"Rui Costa Abrantes";"34300,00";"Objetivos: Aferir a intenção de voto espontânea e estimulada dos candidatos a Governador de Goiás e Presidente da República e respectivas rejeições mediante a aplicação de questionário estruturado à uma amostra representativa do universo do eleitorado de Estado de Goiás. Tipo de entrevista: Domiciliar e presencial em pelo menos 90% da amostra planejada; 10% ou menos em pontos de fluxo. ";"Tamanho do universo: 4331733 (Dados do TRE de julho de 2014) Tamanho da amostra: 801 eleitores. Nível de confiança: 95%. Margem de Erro Amostral: Máxima de 3,46 pontos percentuais para mais ou para menos nos dados da amostra global. Nos dados das amostras parciais (estratos), essa poderá ser maior. Tipo de amostra: Auto-ponderada por quotas proporcionais às existentes no universo de acordo com as variáveis e região geográfica. A seleção do eleitor no domicílio (um por domicílio) é acidental de acordo com as quotas de ponderação. Ponderação quanto ao sexo: 48% do sexo Masculino e 52% do sexo Feminino. Ponderação quanto à faixa etária: 16% de 16 a 24 anos, 24% de 25 a 34 anos, 29% de 35 a 49 anos e 31% de 50 anos ou mais. Ponderação quanto ao nível de instrução: 16% de Lê e escreve, 36% de Fundamental, 36% de Médio e 12% de Curso superior. Ponderação quanto ao nível socioeconômico: 20% de Alta e 80% de Baixa. Ponderação quanto a região: Capital 21%, Centro 21%, Norte 9%, Entorno 18%, Sul 11%, Sudoeste 12% e Noroeste 8%. ";"Todo entrevistador foi previamente treinado para a realização desta prévia eleitoral, tanto na parte teórica como na prática, além de receberem as orientações específicas para esta pesquisa. O SERPES coloca um supervisor para cada equipe de quatro entrevistadores. O supervisor tem a responsabilidade e é treinado para distribuir os entrevistadores nos diversos setores censitários, acompanhar, orientar, corrigir ou invalidar o trabalho deles e conferir por si ou por entrevistador designado 20% das entrevistas. A coleta de dados será feita por sete equipes de um supervisor e quatro entrevistadores. ";"#NULO#"
"27/02/2023";"15:36:19";2014;3;"Eleições Gerais 2014";"GO";"GO";"GOIÁS";"GO001952014";"2014-10-17 00:00:00";"#NE";"01403730000104";"EPP - EMPRESA DE PESQUISA E CONSULTORIA LTDA";"#NE";"Governador";"2014-10-17 00:00:00";"2014-10-20 00:00:00";1501;"8631";"Alexandre Vasconcelos Lima";"25000,00";" A metodologia utilizada foi pesquisa quantitativa do tipo survey, com aplicação de questionário face a face, sendo que a seleção do eleitor respeito o critério das cotas amostrais, proporcionais ao universo. Foi entrevista somente uma pessoa por domicílio. ";"Universo: Eleitores do Estado de Goiás, com 16 anos ou mais. Perfil dos entrevistados: Segmentação nas condições filtro da sondagem - sexo (masculino e feminino), faixa etária (16 a 24 anos, 25 a 34 anos, 35 a 44 anos, 45 a 59 anos, acima de 60 anos), grau de instrução (analfabeto / lê e escreve, ensino fundamental, ensino médio, superior) e nível sócio-econômico (Classe A, Classe B, Classe C, Classe D e Classe E). Nível de confiança = 95,0%. Margem de erro= 2,5% para mais ou para menos. Amostra: 1.501 eleitores. Sexo: Masculino - 48,1, Feminino - 51,9%. Faixa Etária: 16 a 24 anos - 16,91%, 25 a 34 anos - 23,81%, 35 a 44 anos - 21,21%, 45 a 59 anos	- 23,55%, 60 anos ou mais 14,51%. Grau de Instrução: Analfabeto - 3,87, Lê e Escreve - 11,86%, Ensino Fundamental - 35,78%, Ensino Médio - 36,22%, Superior - 12,27%. Nível Sócio-econômico: Classe A – 5%, Classe B – 10%, Classe C – 20%, Classe D – 30% e Classe E – 35%.";"Questionário estruturado com perguntas para respostas espontâneas e estimuladas. 20% das amostras foram checadas, garantindo se assim, a autenticidade e qualidade do trabalho. Processo de entrevistas tipo “ESCALA”, onde somente serão abordados, no máximo, dois moradores por quadra, necessariamente, residentes em lados opostos e com distância mínima de 03 casas. Os entrevistadores foram treinados pela empresa antes da aplicação dos questionários.";"arquivo anexo."
"27/02/2023";"15:36:19";2014;3;"Eleições Gerais 2014";"GO";"GO";"GOIÁS";"GO000232014";"2014-03-05 00:00:00";"#NE";"05281052000105";"Vega Pesquisa e Comunicação Ltda";"#NE";"Governador";"2014-03-05 00:00:00";"2014-03-08 00:00:00";1000;"8631";"Alexandre Vasconcelos Lima";"20000,00";"Metodologia de pesquisa: Pesquisa quantitativa, que consiste na realização de entrevistas domiciliares pessoais face-a-face, com a aplicação de questionários estruturados e padronizados junto a uma amostra representativa da população a ser pesquisada. Amostra probabilística estratificada pela variável regional, com base em dados do IBGE 2010 e do TSE de 2013";": Plano amostral e ponderação quanto a sexo, idade, grau de instrução e nível econômico do entrevistado; intervalo de confiança e margem de erro: Tamanho do universo: 4.219.655 (Dados do TSE de dezembro de 2013) Tamanho da amostra: Mínimo de 1.000 eleitores. Intervalo de confiança: 95%. Margem de Erro Amostral: Máxima de 3,5 pontos percentuais para mais ou para menos nos dados da amostra global.) entrevistas residenciais. d) Ponderação: por se tratar de amostragem probabilística estratificada às variáveis demográficas, a pesquisa é autoponderada, ou seja, as proporções do universo pesquisado estão contidas na amostra. e) Área física de realização da pesquisa ";"Sistema interno de controle e verificação, conferência e fiscalização da coleta de dados e do trabalho de campo: Todo entrevistador foi previamente treinado para a realização desta prévia eleitoral, tanto na parte teórica como na prática, além de receberem as orientações específicas para esta pesquisa. Sendo um supervisor para cada equipe de quatro entrevistadores. A coleta de dados será feita por 05 equipes com um supervisor e entrevistadores. ";"Cidades do Estado de Goiás.
ACREÚNA
ÁGUAS LINDAS DE GOIÁS
ANÁPOLIS - ( Jundiaí; Vila Jaiara; Centro; Bairro de Lourdes, Recanto do Sol, Paraiso, Jd. América, Aeroporto);

ANICUNS
APARECIDA DE GOIÂNIA ( Vila Brasília; Garavelo; Centro; Buriti Sereno; Bairro Independência);
ARAGARÇAS
BELA VISTA DE GOIÁS
BOM JESUS DE GOIÁS
CAÇU
CAIAPÔNIA
CALDAS NOVAS
CAMPOS BELOS
CATALÃO
CAVALCANTE
CERES
CIDADE OCIDENTAL
CRIXÁS
FAZENDA NOVA
FIRMINÓPOLIS
FORMOSA
GOIANÁPOLIS
GOIANÉSIA
GOIÂNIA Centro; Setor Oeste; Setor Sul; Campinas; Balneário Meia Ponte;Centro Oeste; Vila Nova; Jardim América; Setor Bueno; Pedro Ludovico; Parque das Laranjeiras; Redenção; Capuava; Canaã; Jardim Novo Mundo; Vila Pedroso; Setor Morais; Vera Cruz; Novo Horizonte; Sudoeste; Guanabara; Setor São Judas Tadeu; Finsocial; Nova Esperança; Jardim Curitiba; Primavera; 

GOIANIRA
GOIÁS
GOIATUBA
GUAPÓ
HIDROLÂNDIA
INDIARA
INHUMAS
IPAMERI
IPORÁ
ITABERAÍ
ITAPACI
ITAPURANGA
ITUMBIARA
JARAGUÁ
JATAÍ
JUSSARA
LUZIÂNIA
MARA ROSA
MINAÇÚ
MINEIROS
MORRINHOS
MOZARLÂNDIA
NERÓPOLIS
NIQUELÂNDIA
NOVO GAMA
ORIZONA
PALMEIRAS DE GOIÁS
PETROLINA DE GOIÁS
PIRACANJUBA
PIRANHAS
PIRES DO RIO
PLANALTINA
PONTALINA
PORANGATU
POSSE
QUIRINÓPOLIS
RIO VERDE
RUBIATABA
SANTA HELENA DE GOIÁS
SANTA TEREZINHA DE GOIÁS
SÃO DOMINGOS
SÃO LUIZ DE MONTES BELOS
SÃO MIGUEL DO ARAGUAIA
SÃO SIMÃO
SENADOR CANEDO
SILVÂNIA
TRINDADE
URUAÇU
URUANA
VALPARAÍSO
VIANÓPOLIS
"
"27/02/2023";"15:36:19";2014;3;"Eleições Gerais 2014";"GO";"GO";"GOIÁS";"GO000272014";"2014-03-21 00:00:00";"#NE";"05850850000100";"Fortiori Pesquisa Diagnóstico e Marketing Ltda";"#NE";"Governador, Senador, Deputado Federal, Deputado Estadual";"2014-03-17 00:00:00";"2014-03-22 00:00:00";1000;"8631.";"Alexandre Vasconcelos Lima";"30000,00";"A pesquisa da Fortiori é uma pesquisa quantitativa, através de realização de entrevistas pessoais, por abordagem randômica, com aplicação de questionários junto à amostra definida da população. ";"Tamanho da amostra – 1000 entrevistas Sexo Homens = 47% Mulheres = 53% Idade 16 a 24 anos = 24% 25 a 34 anos = 26% 35 a 49 anos = 28% 50 e mais = 22% Escolaridade Primário = 11% 1º grau = 43% 2º grau = 37% Superior = 9% Nível Sócio Econômico A – 5% B – 10% C – 20% D – 30% E – 35% ";"Intervalo de confiança e margem de erro Para um intervalo de confiança de 95%, a pesquisa apresenta margem de erro máxima de 3,1%. Sistema interno de controle e fiscalização Trabalho de coleta de dados será feito por 11 entrevistadores devidamente treinados e acompanhado in loco por 3 supervisores. Será feita uma checagem de 20% ainda no campo e de mais 10% através do telefone. ";":Goiânia - Centro; St. Oeste; St.Sul; Campinas; Balneário Meia Ponte;Centro Oeste; Vila Nova; Jardim América; St. Bueno; Pedro Ludovico; Parque das Laranjeiras; Redenção; Capuava; Canaã; Jd. Novo Mundo; Vila Pedroso; St; Morais; Vera Cruz; Novo Horizonte; Sudoeste; Guanabara; St. São Judas Tadeu; Finsocial; Nova Esperança; Jd. Curitiba; Jd. Primavera; Senador Canedo; Inhumas; Bela Vista; Hidrolândia; Guapó; Teresópolis; Trindade; Anápolis( Jundiaí; Vila Jaiara; Centro; Br. Lourdes; Jd. América); Aparecida de Goiânia( Vila Brasília; Garavelo; Centro; Buriti Sereno; Br. Independência); Itumbiara; Caldas Novas; Santa Crus de Goiás; Goiatuba; Morrinhos; Catalão; Pires do Rio; Ipameri; Urutaí; Rio Verde; Jataí; Quirinópolis; Santa Helena; Acreúna;Indiara; Santo Antônio da Barra; Cesarina; Aparecida do Rio Doce; Ceres; Jaraguá; São Francisco; Goianésia; Porangatu; Uruaçu; Niquelândia; Iporá; Goiás; São Luiz de Montes Belos; Itaberaí; Itapuranga; Sanclerlândia; Fazenda Nova; Luziânia; Formosa; Águas Lindas; Alexânia; Abadiânia; Valparaíso;Corumbá; Cocalzinho; Santo Antônio do Descoberto; Posse; Iaciara; Alvorada do Norte. "
"27/02/2023";"15:36:19";2014;3;"Eleições Gerais 2014";"GO";"GO";"GOIÁS";"GO000312014";"2014-04-22 00:00:00";"#NE";"33403221000160";"Ernando Ferreira Gomes Lopes DADOSFOLHA";"#NE";"Governador, Senador, Deputado Federal, Deputado Estadual";"2014-04-29 00:00:00";"2014-05-01 00:00:00";400;"6221 (1ª Região e 5ª Região) ";"Rui da Costa Abrantes";"3000,00";"Objetivos: Aferir a intenção de voto espontânea e estimulada e a rejeição dos candidatos a Governador de Goiâs, e aferir a intenção de voto espontânea para deputado estadual, federal e senador, bem como avaliar o desempenho da administração municipal, saber quem foi o melhor prefeito da história de Itumbiara e se o eleitorado votaria novamente em Zé Gomes da Rocha para prefeito, mediante a aplicação de questionário estruturado à uma amostra representativa do universo do eleitorado de Itumbiara. Tipo de entrevista: Domiciliar e presencial em pelo menos 90% da amostra planejada; 10% ou menos em pontos de fluxo. ";"Ponderação quanto ao sexo: De sexo Masculino: 48%; de sexo Feminino: 52% - Ponderação quanto à faixa etária: 16 a 24 anos: 15,00%; 25 a 34 anos: 22,00%; 35 a 44 anos: 20,00%; 45 a 59 anos: 25,00%; 60 anos acima: 18,00%. - Ponderação quanto ao nível de instrução: Analfabeto: 4,00%; Primário: 15,00%; 1º Grau: 40,00%; 2º Grau 35,00%; Superior: 6,00%- Ponderação quanto ao nível sócio econômico: Nível alto: 20%; Nível baixo: 80%. Intervalo de confiança de 95% e margem de erro máxima de 5% pontos percentuais, para mais ou para menos. ";"Todo entrevistador foi previamente treinado para a realização desta prévia eleitoral, tanto na parte teórica como na prática, além de receberem as orientações específicas para esta pesquisa. O DADOSFOLHA colocou um fiscal para esta equipe de três entrevistadores. O fiscal tem a responsabilidade e é treinado para distribuir os entrevistadores nos diversos setores censitários, acompanhar, orientar, corrigir ou invalidar o trabalho deles e conferir por si ou por entrevistador designado cerca de 20% das entrevistas ";"Dona Sinica, Ulysses Guimarães, Nossa Senhora da Saúde, Santa Maria, São João, Santa Rita, Buritis I, II e III, São Sebastião, Rodoviário, Karfan, Jardim América, Alto da Boa Vista, Nova Aurora, Afonso Pena, Bela Vista, Social, Jardim Liberdade, São Judas Tadeu, Celma di Ângelis, Trindade, Centro, Parque Imperial, Village Beira Rio, Furnas, Jardim Primavera, Morumbi I e II, Brasília, Ferreira da Costa, Santa Inês, Paranaíba, Anhanguera, Vila Vitória I e II, Cidade Jardim, Jardim Leonora, Nova Itumbiara, Jardim Adelaíde, Vila Mutirão, Dom Veloso, Marolina, Norma Gibaldi, Santa Helena, Remy Martins, Prefeito Zé Moisés, Ladário Cardoso, Jardim Bandeirantes, Dionária Rocha, Planalto, Novo Horizonte, Olinta Guimarães, Dona Ernestina, Alto do Trindade, Juca Arantes, Dona Guri Rodrigues, Zenon Borges, Morada dos Sonhos, Alcides Rodrigues, Dom Bosco, Nova Veneza, Santos Dumont. "
"27/02/2023";"15:36:19";2014;3;"Eleições Gerais 2014";"GO";"GO";"GOIÁS";"GO000562014";"2014-07-29 00:00:00";"#NE";"07397712000135";"INSTITUTO CALCULUS DE JORNALISMO E PESQUISA  LTDA";"#NE";"Governador, Senador, Deputado Federal, Deputado Estadual";"2014-07-30 00:00:00";"2014-08-06 00:00:00";400;"8631";"Alexandre Vasconcelos Lima";"5000,00";"Metodologia quantitativa survey, pesquisas endereçadas a bairros da cidade de Itumbiara/GO, executadas através de questionário estruturado aplicados por entrevistadores treinados e questões para respostas espontâneas e estimuladas. ";"Ponderação quanto ao sexo: De sexo Masculino: 48%; de sexo Feminino: 52% - Ponderação quanto à faixa etária: 16 a 24 anos: 15,20%; 25 a 34 anos: 21,86%; 35 a 44 anos: 20,34%; 45 a 55 anos: 24,67%; 55 anos ou mais: 17,93%. - Ponderação quanto ao nível de instrução: Analfabeto: 4,35%; Primário: 19,31%; Fundamental: 39,53%; Médio 34,8%; Superior: 6,33%. A pesquisa é autoponderada para o nível sócio-econômico.
Intervalo de confiança de 95% e margem de erro máxima de 4% pontos percentuais, para mais ou para menos. ";"CONTROLE INTERNO/INSTRUMENTAL: - Questionário estruturado com perguntas para respostas espontâneas e estimuladas. - Equipe: 4 pesquisadores de campo uniformizados, 01 coordenador e 01 supervisor. Aproximadamente 20% das amostras foram chegadas, garantindo se assim, a autenticidade e qualidade do trabalho. Processo de entrevistas tipo “ESCALA”, onde somente serão abordados, no máximo, dois eleitores por quadra, necessariamente, residentes em lados opostos e com distância mínima de 05 casas. – RESULTADO DA PESQUISA: Em atendimento ao Art. 33, da Lei n. 9.504 e Instrução 112 do TSE, informamos que esta pesquisa não será divulgada antes do prazo, respeitando todas as exigências legais.";"Pesquisa realizada no município de Itumbiara-GO.
Bairros pesquisados: Marolina, Norma Gibaldi, Remi Martins, Sebastião de Moura, Ladário, Dionária Rocha, Vila Mutirão, Dom veloso, Cidade Jardim, Vila Vitória l e ll, Novo Horizonte, Planalto, Morada dos Sonhos, Olintha Guimarães, Zenom Borges, Dona Guri,Nova Veneza,Santos Dumont, Paranaíba, Santa Inez, Ferreira da Costa, Brasília, Vila de Furnas, Village Beira- Rio,Alto da Boa Vista, Nova Aurora, Jardim America, Região Central,Afonso Pena, Social, Jardim Liberdade. Selma Di Angelis, São Judas Tadeu, Luz, Buriti l, Buriti ll, Buriti lll, Vila Beatriz, Bairro Rodoviário, Karfan, Maria Luiza, Ulisses Guimarães,Dona Sinica, Nossa Senhora da Saúde, Santa Maria e Vila dos Machados e Morumbi."
"27/02/2023";"15:36:19";2014;3;"Eleições Gerais 2014";"GO";"GO";"GOIÁS";"GO000512014";"2014-07-25 00:00:00";"#NE";"00852501000104";"VOX OPINIÃO PESQUISA E PROJETOS LTDA";"#NE";"Governador, Senador";"2014-07-24 00:00:00";"2014-07-27 00:00:00";1000;"5ª REGIÃO Nº 8641";"MARIA CECÍLIA SACRAMENTO SOUZA";"49184,00";"Pesquisa quantitativa, que consiste na realização de entrevistas pessoais, com a aplicação de questionários estruturados e padronizados junto a uma amostra representativa do eleitorado do estado de Goiás.";"Plano Amostral:

a)	Público pesquisado: eleitores no estado de Goiás.
 
b)	Tipo de amostra: A amostra é estratificada por cota e representativa para o conjunto dos eleitores do estado de Goiás. A amostra foi selecionada em três estágios: 

1º estágio: seleção probabilística de municípios, através do método PPT (Probabilidade Proporcional ao Tamanho), tomando como base o número de eleitores de cada município;

2º estágio: seleção aleatória dos setores censitários ou bairros dentro do município; 

3º estágio: seleção dos respondentes dentro dos setores censitários ou bairros através de uma quota proporcional de Gênero, Idade, Escolaridade e Renda Familiar, de acordo com o perfil da população em estudo.

As entrevistas foram pessoais e domiciliares.


Fonte de dados: IBGE, Censo 2010 e PNAD 2012
			  TSE, Cadastro de Eleitores 2014

c)	Tamanho da amostra: 1.000 entrevistas.

d)	Ponderação: Devido à metodologia amostral adotada as proporções quanto a sexo, idade, escolaridade e renda familiar da amostra são as mesmas do universo pesquisado, com base no Censo Demográfico de 2010 – IBGE e no Cadastro de Eleitores 2014 do TSE. Portanto, os fatores de ponderação a serem aplicados nas variáveis sexo, idade, escolaridade e renda familiar assumem valor igual a 1(um).

e)	Área física de realização da pesquisa: A ser informada e fornecida conforme artigo 2º, inciso X 5º § da Resolução 23.400 do Tribunal Superior Eleitoral – TSE datada de 27 de dezembro de 2013. 

f)	Intervalo de Confiança/Margem de Erro: O intervalo de confiança estimado é de 95% e a margem de erro máxima estimada é de 3,1 pontos percentuais para mais ou para menos sobre os resultados encontrados no total da amostra.

g)	Checagem: Logo após a realização da coleta de dados, é feito o trabalho de checagem das entrevistas junto aos respondentes. O objetivo é, sobretudo, garantir que a entrevista foi realmente realizada e verificar como o respondente se sentiu em relação à pesquisa. Há perguntas do questionário que são reproduzidas para certificarmos de sua correta aplicação e há outras questões que se referem exclusivamente à performance do entrevistador. São aproximadamente 20% dos respondentes de cada entrevistador que irão receber o contato dos checadores.
";"Para a realização da pesquisa será utilizada uma equipe de entrevistadores e supervisores devidamente treinada para este trabalho. Após os trabalhos de campo, os questionários são submetidos a uma fiscalização que consiste no retorno a campo de 20% dos questionários aplicados individualmente pelos entrevistadores, para verificação das respostas e da adequação dos entrevistados aos parâmetros amostrais.";"Será enviado após divulgação."
"27/02/2023";"15:36:19";2014;3;"Eleições Gerais 2014";"GO";"GO";"GOIÁS";"GO001202014";"2014-09-09 00:00:00";"#NE";"05281052000105";"Vega Pesquisa e Comunicação Ltda";"#NE";"Governador, Senador";"2014-09-10 00:00:00";"2014-09-12 00:00:00";1000;"8631";"Alexandre Vasconcelos Lima ";"20000,00";"Metodologia de pesquisa: Pesquisa quantitativa, que consiste na realização de entrevistas domiciliares pessoais face-a-face, com a aplicação de questionários estruturados e padronizados junto a uma amostra representativa da população a ser pesquisada. Amostra probabilística estratificada pela variável regional, com base em dados do IBGE 2010 e do TSE de 2013 ";" Plano amostral e ponderação quanto a sexo, idade, grau de instrução e nível econômico do entrevistado, margem de erro e nível de confiança: Plano amostral e ponderação quanto a sexo, idade, grau de instrução e nível econômico do entrevistado; intervalo de confiança e margem de erro: Tamanho do universo: 4.219.655 (Dados do TSE de dezembro de 2013) Tamanho da amostra: Mínimo de 1.000 eleitores. Intervalo de confiança: 95%. Margem de Erro Amostral: Máxima de 3,0 pontos percentuais para mais ou para menos nos dados da amostra global.) entrevistas residenciais. d) Ponderação: por se tratar de amostragem probabilística estratificada às variáveis demográficas, a pesquisa é autoponderada, ou seja, as proporções do universo pesquisado estão contidas na amostra. e) Área física de realização da pesquisa";"Sistema interno de controle e verificação, conferência e fiscalização da coleta de dados e do trabalho de campo: Sistema interno de controle e verificação, conferência e fiscalização da coleta de dados e do trabalho de campo: Todo entrevistador foi previamente treinado para a realização desta prévia eleitoral, tanto na parte teórica como na prática, além de receberem as orientações específicas para esta pesquisa. Sendo um supervisor para cada equipe de quatro entrevistadores. A coleta de dados será feita por 06 equipes com um supervisor e entrevistadores. ";"Cidades do Estado de Goiás. ARAGUAPAZ ACREÚNA ÁGUAS LINDAS DE GOIÁS ANÁPOLIS - ( Jundiaí; Vila Jaiara; Centro; Bairro de Lourdes, Recanto do Sol, Paraiso, Jd. América, Aeroporto); ANICUNS APARECIDA DE GOIÂNIA ( Vila Brasília; Garavelo; Centro; Buriti Sereno; Bairro Independência); BARRO ALTO, CALDAS NOVAS CAMPINORTE CERES FAINA FORMOSA GOIANÉSIA GOIÂNIA Centro; Setor Oeste; Setor Sul; Campinas; Balneário Meia Ponte;Centro Oeste; Vila Nova; Jardim América; Setor Bueno; Pedro Ludovico; Parque das Laranjeiras; Redenção; Capuava; Canaã; Jardim Novo Mundo; Vila Pedroso; Setor Morais; Vera Cruz; Novo Horizonte; Sudoeste; Guanabara; Setor São Judas Tadeu; Finsocial; Nova Esperança; Jardim Curitiba; Primavera; GOIANIRA GOIÁS GOIATUBA INDIARA INHUMAS IPORÁ ITABERAÍ Itapirapuã ITAPURANGA ITUMBIARA JARAGUÁ JATAÍ JUSSARA LUZIÂNIA MARA ROSA MINAÇÚ Montes Claros MORRINHOS MOZARLÂNDIA NERÓPOLIS NIQUELÂNDIA NOVO GAMA PALMEIRAS DE GOIÁS PIRACANJUBA PLANALTINA PORANGATU POSSE RIO VERDE SANTA HELENA DE GOIÁS SANTO ANTONIO SÃO LUIZ DE MONTES BELOS SENADOR CANEDO TRINDADE URUAÇU VALPARAÍSO"
"27/02/2023";"15:36:19";2014;3;"Eleições Gerais 2014";"GO";"GO";"GOIÁS";"GO001712014";"2014-09-26 00:00:00";"#NE";"25022229000158";"EDIMAR DIVINO GOVEIA COMUNICACAO E CIA LTDA ";"#NE";"Deputado Estadual";"2014-09-22 00:00:00";"2014-09-24 00:00:00";734;"8602";"Diogo de Mello Brito da Silva";"5000,00";"Pesquisa quantitativa, com aplicação de questionário face-a-face. Ouviu-se apenas uma pessoa por domicílio, depois de identificada como eleitora da cidade pesquisada. ";"Universo: Eleitores do Estado de Goiás, com 16 anos ou mais. Perfil dos entrevistados: Segmentação nas condições filtro da sondagem - sexo (masculino e feminino), faixa etária (16 a 20 anos, 21 a 35 anos, 36 a 50 anos, acima de 51 anos) e grau de instrução (ensino fundamental, ensino médio e ensino superior). Sendo autoponderada para grau de instrução e nivel econômico. Nivel de confiança = 95,0%. Margem de erro = 4,0% para mais ou para menos. Amostra: 734 eleitores. ";"- Questionário estruturado com perguntas para respostas espontâneas e estimuladas. - Equipe: entrevistadores devidamente treinados e uniformizados, acompanhados por supervisores de campo. - Todos os questionários passaram por filtro de qualidade ao retornarem de campo. Aproximadamente 20% das amostras foram checadas, garantindo-se assim a autenticidade do trabalho ";"A pesquisa foi realizada nas cidade de Itapuranga-GO e Piracanjuba-GO. As entrevistas foram realizadas no Centro de cada cidade e nos principais bairros."
"27/02/2023";"15:36:19";2014;3;"Eleições Gerais 2014";"GO";"GO";"GOIÁS";"GO001922014";"2014-10-13 00:00:00";"#NE";"02678167000131";"SERPES - PESQUISAS DE OPINIÃO E MERCADO LTDA";"#NE";"Governador";"2014-10-14 00:00:00";"2014-10-17 00:00:00";801;"6221";"Rui Costa Abrantes";"34300,00";"Aferir a intenção de voto espontânea e estimulada dos candidatos a Governador de Goiás e Presidente da República e respectivas rejeições mediante a aplicação de questionário estruturado à uma amostra representativa do universo do eleitorado de Estado de Goiás. Tipo de entrevista: Domiciliar e presencial em pelo menos 90% da amostra planejada; 10% ou menos em pontos de fluxo. ";"Tamanho do universo: 4331733 (Dados do TRE de julho de 2014) Tamanho da amostra: 801 eleitores. Nível de confiança: 95%. Margem de Erro Amostral: Máxima de 3,46 pontos percentuais para mais ou para menos nos dados da amostra global. Nos dados das amostras parciais (estratos), essa poderá ser maior. Tipo de amostra: Auto-ponderada por quotas proporcionais às existentes no universo de acordo com as variáveis e região geográfica. A seleção do eleitor no domicílio (um por domicílio) é acidental de acordo com as quotas de ponderação. Ponderação quanto ao sexo: 48% do sexo Masculino e 52% do sexo Feminino. Ponderação quanto à faixa etária: 16% de 16 a 24 anos, 24% de 25 a 34 anos, 29% de 35 a 49 anos e 31% de 50 anos ou mais. Ponderação quanto ao nível de instrução: 16% de Lê e escreve, 36% de Fundamental, 36% de Médio e 12% de Curso superior. Ponderação quanto ao nível socioeconômico: 20% de Alta e 80% de Baixa. Ponderação quanto a região: Capital 21%, Centro 21%, Norte 9%, Entorno 18%, Sul 11%, Sudoeste 12% e Noroeste 8%.";"Todo entrevistador foi previamente treinado para a realização desta prévia eleitoral, tanto na parte teórica como na prática, além de receberem as orientações específicas para esta pesquisa. O SERPES coloca um supervisor para cada equipe de quatro entrevistadores. O supervisor tem a responsabilidade e é treinado para distribuir os entrevistadores nos diversos setores censitários, acompanhar, orientar, corrigir ou invalidar o trabalho deles e conferir por si ou por entrevistador designado 20% das entrevistas. A coleta de dados será feita por sete equipes de um supervisor e quatro entrevistadores. ";"#NULO#"
"27/02/2023";"15:36:19";2014;3;"Eleições Gerais 2014";"GO";"GO";"GOIÁS";"GO001932014";"2014-10-16 00:00:00";"#NE";"68802370000186";"IBOPE INTELIGÊNCIA PESQUISA E CONSULTORIA LTDA. ";"#NE";"Governador";"2014-10-16 00:00:00";"2014-10-21 00:00:00";812;"6208-A";"Márcia Cavallari Nunes";"54322,80";"Pesquisa quantitativa, que consiste na realização de entrevistas pessoais com a aplicação de questionário estruturado junto a uma amostra representativa do eleitorado em estudo.";"Representativa do eleitorado da área em estudo, elaborada em três estágios.
No primeiro estágio faz-se um sorteio probabilístico dos municípios, onde as entrevistas serão realizadas, pelo método PPT (Probabilidade Proporcional ao Tamanho), tomando o eleitorado como base para tal seleção.
No segundo estágio faz-se um sorteio probabilístico dos setores censitários, onde as entrevistas serão realizadas, pelo método PPT (Probabilidade Proporcional ao Tamanho), tomando a população de 16 anos ou mais residente nos setores como base para tal seleção. No terceiro e último estágio, dentro dos setores sorteados, os respondentes são selecionados através de quotas amostrais proporcionais em função de variáveis significativas, a saber:IDADE: 16-24 (masculino) 20% (feminino) 17%; 25-34 (masculino) 26% (feminino) 26%; 35-44 (masculino) 22% (feminino) 22%; 45-54 (masculino) 17% (feminino) 17%; 55 e+ (masculino) 16% (feminino) 18%; INSTRUÇÃO: Até Ensino Médio (masculino) 85% (feminino) 80%; Ensino Superior (masculino) 15% (feminino) 20%; NÍVEL ECONÔMICO: Economicamente ativo (masculino) 83% (feminino) 58%; Não Economicamente ativo (masculino) 17% (feminino) 42%. 
Está prevista eventual ponderação para correção das variáveis sexo e idade, com base nos percentuais anteriormente mencionados, caso ocorram diferenças superiores a 3 pontos percentuais entre o previsto na amostra e a coleta de dados realizada. Para as variáveis de grau de instrução e nível econômico do entrevistado, o fator previsto para ponderação é 1 (resultados obtidos em campo). O nível de confiança estimado é de 95% e a margem de erro máxima estimada considerando um modelo de amostragem aleatório simples, é de 3 (três) pontos percentuais para mais ou para menos sobre os resultados encontrados no total da amostra.
FONTE DOS DADOS: Censo 2010 | PNAD 2012 | TSE 2014 | Entre outras.
";"Para a realização da pesquisa, utiliza-se uma equipe de entrevistadores e supervisores contratados pelo IBOPE INTELIGÊNCIA PESQUISA E CONSULTORIA LTDA. devidamente treinados para o trabalho. Após os trabalhos de campo, os questionários são submetidos a uma fiscalização de cerca de 20% (vinte por cento) dos questionários aplicados pelos entrevistadores; para verificação das respostas e da adequação dos entrevistados aos parâmetros amostrais.";"A área de abrangência da coleta é o Estado de Goiás. A Relação de municípios selecionados para aplicação da amostra será apresentada até o 7º dia seguinte ao Registro da pesquisa, conforme expresso no art. 2º § 5º da resolução 23.400/2013 do TSE."
"27/02/2023";"15:36:19";2014;3;"Eleições Gerais 2014";"GO";"GO";"GOIÁS";"GO000162014";"2014-02-17 00:00:00";"#NE";"01096445000180";"GRUPOM CONSULTORIA EMPRESARIAL LTDA";"#NE";"Governador";"2014-01-28 00:00:00";"2014-02-07 00:00:00";400;"6221";"RUI COSTA ABRANTES";"14000,00";"Pesquisa quantitativa, que consiste na realização de entrevistas pessoais e domiciliares, com a aplicação de questionário estruturado junto a uma amostra representativa do eleitorado em estudo. ";"Representativa do eleitorado da área em estudo, elaborada em dois momentos. No primeiro momento faz-se um sorteio probabilístico dos setores censitários onde as entrevistas serão realizadas, pelo método PPP (Probabilidade Proporcional à População), tomando o eleitorado como base para tal seleção (dados do TSE). No segundo momento, dentro dos setores sorteados, os respondentes são selecionados através de quotas amostrais, proporcionais em função das variáveis: Sexo, Idade e Grau de Instrução, de acordo com o perfil do eleitorado. O nível econômico é assegurado através do controle das variáveis descritas acima. Não haverá necessidade de ponderação posterior, pois a distribuição amostral baseada nos setores censitários do IBGE, censo de 2010, harmoniza e torna fidedigna a representatividade da população. O intervalo de confiança estimado é de 95% e a margem de erro máxima estimada considerando um modelo de amostragem aleatório simples, é de 4,9 pontos percentuais para mais ou para menos sobre os resultados encontrados no total da amostra. ";"Para a realização da pesquisa utiliza-se equipe de entrevistadores e supervisores contratados pela GRUPOM devidamente treinados para o trabalho. Após os trabalhos de campo as entrevistas/questionários são submetidos a uma fiscalização de até 20%. A coleta de dados será realizada por meio eletrônico  “Palm Top” e “Tablet” onde os dados do respondente são arquivados e transmitido diretamente ao sistema de forma a evitar qualquer interferência nos resultados.";"CIDADE DE APARECIDA DE GOIÂNIA-GO, ZONA URBANA, BAIRROS: AMERICAN PARK,  BAIRRO CARDOSO,  BAIRRO ILDA,  BAIRRO INDEPENDÊNCIA,  BAIRRO NOSSA SENHORA DE LOURDES,  BAIRRO NOVA CIDADE,  CENTRO DE APARECIDA,  CHÁCARA SÃO PEDRO,  CIDADE SATELITE SÃO LUIZ,  CIDADE VERA CRUZ,  CONJUNTO CRUZEIRO DO SUL,  CONJUNTO LIBERDADE,  CONJUNTO RESIDENCIAL ANA ROSA,  CONJUNTO RESIDENCIAL CAMPOS ELÍSIOS,  EXPANSUL,  INDEPENDÊNCIA MANSÕES,  JARDIM ALTO PARAÍSO,  JARDIM BELA VISTA,  JARDIM BELO HORIZONTE,  JARDIM BOA ESPERANÇA,  JARDIM BONANZA,  JARDIM BURITI SERENO,  JARDIM CASA GRANDE,  JARDIM DA LUZ,  JARDIM DAS CASCATAS,  JARDIM DOS BURITIS,  JARDIM DOS GIRASSOIS,  JARDIM DOS IPÊS,  JARDIM HELVÉCIA,  JARDIM HIMALAIA,  JARDIM MARIA INES,  JARDIM MONTSERRAT,  JARDIM NOVA ERA,  JARDIM NOVA OLINDA 1 e 2 ETAPA,  JARDIM OLÍMPICO,  JARDIM PROGRESSO,  JARDIM REPOUSO,  JARDIM RIVIERA,  JARDIM TIRADENTES,  JARDIM TROPICAL,  LOTEAMENTO RES ANDRADE REIS,  MANSÕES PARAÍSO,  PAPILON PARK,  PARQUE FLAMBOYANT,  PARQUE IBIRAPUERA,  PARQUE REAL DE GOIÂNIA,  PARQUE SANTA CECILIA,  PARQUE VEIGA JARDIM,  PONTAL SUL,  RESIDENCIAL BRASICON I,  RESIDENCIAL CARAIBAS,  RESIDENCIAL POR DO SOL,  RESIDENCIAL VILLAGE GARAVELO,  SETOR AEROPORTO SUL,  SETOR ARAGUAIA,  SETOR BELO HORIZONTE,  SETOR COLINA AZUL,  SETOR COLONIAL SUL,  SETOR COMENDADOR WALMOR,  SETOR CONDE DOS ARCOS,  SETOR GARAVELO,  SETOR GARAVELO RESIDENCIAL PARK,  SETOR MADRE GERMANA,  SETOR MARISTA SUL,  SETOR RESIDENCIAL SERRAS DAS BRISAS,  SETOR SERRA DOURADA,  SETOR SERRA DOURADA II,  SETOR SERRA DOURADA III,  SETOR TOCANTINS,  SÍTIO SANTA LUZIA,  VILA ALZIRA,  VILA BRASÍLIA,  VILA IZAURA,  VILA MARIA,  VILA MARIANA,  VILA OLIVEIRA,  VILA ROMANA,  VILA SÃO TOMÁS."
"27/02/2023";"15:36:19";2014;3;"Eleições Gerais 2014";"GO";"GO";"GOIÁS";"GO000402014";"2014-06-17 00:00:00";"#NE";"00654576000172";",INSTITUTO   VERITÁ   LTDA  epp";"#NE";"Governador, Deputado Federal, Deputado Estadual";"2014-06-18 00:00:00";"2014-06-21 00:00:00";2065;"7439 / 6ª Região";"Leonard Mendonça de Assis";"82600,00";"Pesquisa quantitativa, que consiste na realização de entrevistas pessoais, com a aplicação de questionários estruturados e padronizados junto a uma amostra representativa do eleitorado do estado de GOIAS";"a) Público pesquisado: 
Eleitores residentes no Estado de Goiás 
b) tipo de amostra:
 A amostragem será realizada da seguinte forma:
1. Estratificação do estado por agrupamento de Microrregiões obedecendo critério geográfico e Porte dos municípios
2. Tamanho de cada estrato foi definido proporcional ao número de domicílios pertencente a cada um destes (Dados obtidos pelos microdados do CENSO Demográfico de 2010, IBGE) 
3. Sorteio de Setores Censitários dentro de cada Estrato
4. Seleção das Residências segundo critério de amostragem sistemática
5. Realização de entrevistas domiciliares com sorteio dentre os moradores presentes na residência selecionada, obedecendo um quadro de Idade/Sexo gerado de maneira aleatória por um software estatístico, levando em consideração as proporções de idade e sexo constantes no sitio do TSE para o Estado
Idade e Sexo
 FEMININO, 16 A 24 ANOS; 8,55% 
 FEMININO, 25 A 34 ANOS; 12,38% 
 FEMININO, 35 A 44 ANOS; 11,11% 
 FEMININO, 45 A 59 ANOS; 12,37% 
 FEMININO, 60 ANOS OU MAIS; 7,5% 
 MASCULINO, 16 A 24 ANOS; 8,18% 
 MASCULINO, 25 A 34 ANOS; 11,49% 
 MASCULINO, 35 A 44 ANOS; 10,14% 
 MASCULINO, 45 A 59 ANOS; 11,23% 
 MASCULINO, 60 ANOS OU MAIS; 7,05% 
Nível Econômico
Masculino / PEA 82,68%
Masculino / Não PEA 17,32%
 Feminino / PEA 59,69%
Feminino / Não PEA 40,31%
Nível de Instrução
 Masculino / Até 5 anos instrução 41,75% Masculino / de 6 a 9 anos de instrução 24,86% Masculino / de 10 a 12 anos de instrução 24,31% Masculino / mais de 12 anos de instrução 9,08% Feminino / Até 5 anos instrução 37,96%% Feminino / de 6 a 9 anos de instrução 21,91% Feminino / de 10 a 12 anos de instrução 27,05% Feminino / mais de 12 anos de instrução 13,07%
 d) Intervalo de Confiança/Margem de Erro: 
Para este planejamento amostral, considerando-se um intervalo de confiança de 95%, é esperado um erro máximo de 2,16 pontos percentuais na estimação da proporção das intenções de voto dos candidatos. (ESTA PESQUISA MEDIRÁ APENAS O ESTADO DE GOIÁS) ";"Para a realização da pesquisa será utilizada uma equipe de entrevistadores e supervisores devidamente treinada para este trabalho. Após os trabalhos de campo, os questionários são submetidos a uma fiscalização que consiste no retorno a campo de 20% dos questionários aplicados individualmente pelos entrevistadores, para verificação das respostas e da adequação dos entrevistados aos parâmetros amostrais. 
";"#NULO#"
"27/02/2023";"15:36:19";2014;3;"Eleições Gerais 2014";"GO";"GO";"GOIÁS";"GO001172014";"2014-09-06 00:00:00";"#NE";"05850850000100";"Fortiori Pesquisa Diagnóstico e Marketing Ltda";"#NE";"Governador, Senador";"2014-09-09 00:00:00";"2014-09-11 00:00:00";1000;"8631.";"Alexandre Vasconcelos Lima";"30000,00";"A pesquisa da Fortiori é uma pesquisa quantitativa, através de realização de entrevistas pessoais, por abordagem randômica, com aplicação de questionários junto à amostra definida da população. 
";"Universo – eleitores residentes e domiciliados no Estado de Goiás. Tipo de amostra – amostra não probabilística, por cotas proporcionais às variáveis sexo, idade, grau de instrução e local de moradia. Tamanho da amostra – 1000 entrevistas. Sexo Homens = 50% Mulheres = 50% Idade 16 a 24 anos = 23% 25 a 34 anos = 28% 35 a 49 anos = 28% 50 e mais = 22% Escolaridade Primário = 24% 1º grau = 50% 2º grau = 23% Superior = 4% Nível Sócio Econômico A – 5% B – 10% C – 20% D – 30% E – 35% Para um intervalo de confiança de 95%, a pesquisa apresenta margem de erro máxima de 3,1%. 
";"Sistema interno de controle e fiscalização Trabalho de coleta de dados será feito por 16 entrevistadores devidamente treinados e acompanhado in loco por 5 supervisores. Será feita uma checagem de 20% ainda no campo e de mais 10% através do telefone 
";"Goiânia - Centro; St. Oeste; St.Sul; Campinas; Balneário Meia Ponte;Centro Oeste; Vila Nova; Jardim América; St. Bueno; Pedro Ludovico; Parque das Laranjeiras; Capuava; Canaã; Jd. Novo Mundo; Vila Pedroso; Vera Cruz; Novo Horizonte; Sudoeste; Guanabara; St. São Judas Tadeu; Finsocial; Nova Esperança; Jd. Curitiba; Jd. Primavera; Senador Canedo; Inhumas;Itauçu;Brazabrantes; Bela Vista; Hidrolândia; Guapó; Teresópolis; Trindade; Anápolis( Jundiaí; Vila Jaiara; Centro; Br. Lourdes; Jd. América); Aparecida de Goiânia( Vila Brasília; Garavelo; Centro; Buriti Sereno; Br. Independência); Itumbiara; Caldas Novas; Santa Crus de Goiás; Goiatuba; Morrinhos; Catalão; Pires do Rio; Ipameri; Urutaí; Rio Verde; Jataí; Quirinópolis; Santa Helena; Acreúna;Indiara; Santo Antônio da Barra; Palmeiras; Ceres; Jaraguá; São Francisco; Goianésia; Porangatu; Uruaçu; Niquelândia; Iporá; Goiás; São Luiz de Montes Belos; Itaberaí; Itapuranga; Sanclerlândia; Fazenda Nova; Luziânia; Formosa; Águas Lindas; Alexânia; Abadiânia; Valparaíso;Corumbá; Pirinópolis; Santo Antônio do Descoberto; Posse; Iaciara; Alvorada do Norte; Minaçu; Padre Bernardo;Cidade Ocidental;Cocalzinho 
"
"27/02/2023";"15:36:19";2014;3;"Eleições Gerais 2014";"GO";"GO";"GOIÁS";"GO001122014";"2014-09-05 00:00:00";"#NE";"68802370000186";"IBOPE INTELIGÊNCIA PESQUISA E CONSULTORIA LTDA. ";"#NE";"Governador, Senador";"2014-09-05 00:00:00";"2014-09-10 00:00:00";812;"6208-A";"Márcia Cavallari Nunes";"54322,80";"Pesquisa quantitativa, que consiste na realização de entrevistas pessoais com a aplicação de questionário estruturado junto a uma amostra representativa do eleitorado em estudo.";"Representativa do eleitorado da área em estudo, elaborada em três estágios.
No primeiro estágio faz-se um sorteio probabilístico nos municípios, onde as entrevistas serão realizadas, pelo método PPT (Probabilidade Proporcional ao Tamanho), tomando o eleitorado como base para tal seleção.
No segundo estágio faz-se um sorteio probabilístico dos setores censitários, onde as entrevistas serão realizadas, pelo método PPT (Probabilidade Proporcional ao Tamanho), tomando a população de 16 anos ou mais residente nos setores como base para tal seleção. No terceiro e último estágio, dentro dos setores sorteados, os respondentes são selecionados através de quotas amostrais proporcionais em função de variáveis significativas, a saber: IDADE: 16-24 (masculino) 20% (feminino) 17%; 25-34 (masculino) 26% (feminino) 26%; 35-44 (masculino) 22% (feminino) 22%; 45-54 (masculino) 17% (feminino) 17%; 55 e+ (masculino) 16% (feminino) 18%; INSTRUÇÃO: Até Ensino Médio (masculino) 85% (feminino) 80%; Ensino Superior (masculino) 15% (feminino) 20%; NÍVEL ECONÔMICO: Economicamente ativo (masculino) 83% (feminino) 58%; Não Economicamente ativo (masculino) 17% (feminino) 42%. 
Está prevista eventual ponderação para correção das variáveis sexo e idade, com base nos percentuais anteriormente mencionados, caso ocorram diferenças superiores a 3 pontos percentuais entre o previsto na amostra e a coleta de dados realizada. Para as variáveis de grau de instrução e nível econômico do entrevistado, o fator previsto para ponderação é 1 (resultados obtidos em campo). O nível de confiança estimado é de 95% e a margem de erro máxima estimada considerando um modelo de amostragem aleatório simples, é de 3 (três) pontos percentuais para mais ou para menos sobre os resultados encontrados no total da amostra.
FONTE DOS DADOS: Censo 2010 | PNAD 2012 | TSE 2014 | Entre outras.
";"Para a realização da pesquisa, utiliza-se uma equipe de entrevistadores e supervisores contratados pelo IBOPE INTELIGÊNCIA PESQUISA E CONSULTORIA LTDA. devidamente treinados para o trabalho. Após os trabalhos de campo, os questionários são submetidos a uma fiscalização de cerca de 20% (vinte por cento) dos questionários aplicados pelos entrevistadores; para verificação das respostas e da adequação dos entrevistados aos parâmetros amostrais.";"A área de abrangência da coleta é o Estado do Goiás. A Relação de municípios selecionados para aplicação da amostra será apresentada até o 7º dia seguinte ao Registro da pesquisa, conforme expresso no art. 2º § 5º da resolução 23.400/2013 do TSE."
"27/02/2023";"15:36:19";2014;3;"Eleições Gerais 2014";"GO";"GO";"GOIÁS";"GO001322014";"2014-09-16 00:00:00";"#NE";"05281052000105";"Vega Pesquisa e Comunicação Ltda";"#NE";"Governador, Senador";"2014-09-18 00:00:00";"2014-09-19 00:00:00";700;"8631";"Alexandre Vasconcelos Lima ";"12000,00";"Metodologia de pesquisa: Pesquisa quantitativa, que consiste na realização de entrevistas domiciliares pessoais face-a-face, com a aplicação de questionários estruturados e padronizados junto a uma amostra representativa da população a ser pesquisada. Amostra probabilística estratificada pela variável regional, com base em dados do IBGE 2010 e do TSE de 2013 ";" Plano amostral e ponderação quanto a sexo, idade, grau de instrução e nível econômico do entrevistado, margem de erro e nível de confiança: Plano amostral e ponderação quanto a sexo, idade, grau de instrução e nível econômico do entrevistado; intervalo de confiança e margem de erro: Tamanho do universo: 95.766 (Dados do TSE de dezembro de 2013) Tamanho da amostra: Mínimo de 700 eleitores. Intervalo de confiança: 95%. Margem de Erro Amostral: Máxima de 4,0 pontos percentuais para mais ou para menos nos dados da amostra global.) entrevistas residenciais. d) Ponderação: por se tratar de amostragem probabilística estratificada às variáveis demográficas, a pesquisa é autoponderada, ou seja, as proporções do universo pesquisado estão contidas na amostra. e) Área física de realização da pesquisa Cidades a serem pesquisadas somente zona urbana: Goianésia, Jaraguá, Abadiânia e Goianápolis. ";"Sistema interno de controle e verificação, conferência e fiscalização da coleta de dados e do trabalho de campo: Sistema interno de controle e verificação, conferência e fiscalização da coleta de dados e do trabalho de campo: Todo entrevistador foi previamente treinado para a realização desta prévia eleitoral, tanto na parte teórica como na prática, além de receberem as orientações específicas para esta pesquisa. Sendo um supervisor para cada equipe de quatro entrevistadores. A coleta de dados será feita por 04 equipes com um supervisor e entrevistadores. ";"Cidades a serem pesquisadas somente zona urbana: Goianésia, Jaraguá, Abadiânia e Goianápolis."
"27/02/2023";"15:36:19";2014;3;"Eleições Gerais 2014";"GO";"GO";"GOIÁS";"GO001552014";"2014-09-23 00:00:00";"#NE";"14433837000139";"IPCM - INSTITUTO DE PESQUISA, COMUNICAÇÃO E MARKETING LTDA";"#NE";"Governador, Senador, Deputado Federal, Deputado Estadual";"2014-09-26 00:00:00";"2014-09-27 00:00:00";800;"8631";"ALEXANDRE VASCONCELOS LIMA";"4000,00";"A metodologia utilizada foi a pesquisa quantitativa, com aplicação de questionário face a face, sendo que a seleção do eleitor respeitará o critério das cotas amostrais, proporcionais ao universo. Será entrevistado somente uma pessoa por domicílio.";"Universo: Eleitores da cidade de Itumbiara-GO, com 16 anos ou mais.
Perfil dos Entrevistados: Segmentação nas condições filtro da sondagem - sexo (masculino e feminino), faixa etária (16 a 24 anos, 25 a 34 anos, 35 a 44 anos, 45 a 59 anos e acima de 60) e grau de instrução (analfabeto, lê e escreve, ensino fundamental, ensino médio e ensino superior). Sendo autoponderada para grau de instrução e nível econômico.
Nivel de confiança: 95,0%
Margem de erro: 3,0% para mais ou para menos.
Amostra: 800 eleitores da cidade de Itumbiara-GO.";"Questionário estruturado com perguntas para respostas espontâneas e estimuladas.
Equipe: 04 pesquisadores de campo uniformizados e devidamente treinados, 01 coordenador e 01 supervisor.
20% das amostras serão checadas, garantindo se assim, a autenticidade e qualidade do trabalho.
Processo de entrevistas ""escala"", onde somente serão abordados, no máximo, dois moradores por quadra, necessariamente residentes em lados opostos e com distância minima de 03 casas.";" CENTRO, BAIRRO ALVORADA, SETOR SOCIAL, ALTO DA BOA VISTA, VILA BEATRIZ, JARDIM AMÉRICA, SETOR SENADOR PEDRO LUDOVICO, BAIRRO NOVA AURORA, SETOR AFONSO PENA, SETOR KARFAN, SETOR BURITIS I, II E III, VILA SÃO SEBASTIÃO, JARDIM SANTA RITA, MORADA DO SOL, SETOR SÃO JUDAS TADEU, JARDIM LIBERDADE, CONJUNTO DONA MARALINA, CONJUNTO NORMA GIBALDE, SETOR JOSÉ MOISÉS, REMY MARTINS, JARDIM ADELAIDE, VILA MUTIRÃO, JARDIM BANDEIRANTES, CONJUNTO JUCA ARANTES, CONJ. MORADA DOS SONHOS, CONJUNTO ALCIDES RODRIGUES, JARDIM BRASÍLIA, JARDIM PRIMAVERA, SETOR MORUMBI, VILA FURNAS, PARQUE IMPERIAL, VILLAGE BEIRA RIO, JARDIM SANTA INÊS, SETOR PARANAÍBA, SETOR OESTE, SETOR SANTOS DUMONT, NOSSA SENHORA DA SAÚDE, CONJUNTO DONA SINICA, SETOR ULISSES GUIMARÃES, VILA SANTA MARIA, VILA SÃO JOSÉ, NOVO HORIZONTE, JARDIM PLANALTO, JARDIM DOM BOSCO, SETOR ALTO TRINDADE, JARDIM LEONORA I E II, CIDADE JARDIM, VILA VITÓRIA I E II, JARDIM NOVA ITUMBIARA "
"27/02/2023";"15:36:19";2014;3;"Eleições Gerais 2014";"GO";"GO";"GOIÁS";"GO000382014";"2014-06-08 00:00:00";"#NE";"00945330000150";"Instituto Verus Assessoria e Pesquisa de Marketing Ltda - EPP";"#NE";"Governador";"2014-06-01 00:00:00";"2014-06-06 00:00:00";1200;"6221";"RUI DA COSTA ABRANTES";"20000,00";"Pesquisa realizada com metodologia quantitativa através de amostragem por quotas proporcionais às variáveis: sexo, faixa etária (conforme dados do TSE) e localização geográfica.  Entrevistas face-a-face, junto a indivíduos com pretensão de votar nas próximas eleições, residentes há mais de um ano nos municípios selecionados com idade igual ou superior a 16 anos.";"A amostra contou com 1.200 entrevistas válidas junto ao eleitorado dos municípios pesquisados; Ponderação: Ponderação quanto a sexo e faixa etária do respondente e áreas físicas de realização do trabalho: A metodologia adotada utilizou auto-ponderação quanto às variáveis sexo, faixa etária e região geográfica do estado, sendo aplicada nas áreas físicas dos municípios selecionados descritos no plano amostral apresentado. As variáveis  grau de instrução e nível econômico não foram objetos de controle da amostra. ; Intervalo de confiança: 95.5%; Margem de erro: Máxima de 2,9% para mais ou para menos nos dados da amostra global.
Plano amostral: Sexo – Masculino: 48,3%, Feminino: 51,7%
Faixa Etária - De 16 a 24 anos: 16,9%, De 25 a 34 anos: 24,0%, De 35 a 44 anos: 21,2%, De 45 acima: 37,9%.
";"20% (vinte por cento) de todo material retornado do campo foi objeto de fiscalização e checagem junto ao próprio entrevistado, quando todos os dados e respostas foram conferidos. Trabalho realizado por fiscais de campo paralelamente ao andamento ao trabalho de campo.";"DISTRIBUIÇÃO GEOGRÁFICA
REGIÕES - AMOSTRA
- GOIÂNIA - AMOSTRA =255
- REGIÃO METROPOLITANA DE GOIÂNIA - AMOSTRA = 174 (Municípios pesquisados: Aparecida de Goiânia, Trindade, Senador Canedo e Inhumas)
- REGIÃO CENTRO (EIXO BR-153) - AMOSTRA = 136; (Municípios pesquisados: Anápolis, Goianésia, Jaraguá, Rubiataba, Uruana e Carmo do Rio Verde)
- REGIÃO NORTE - AMOSTRA = 65; (Municípios pesquisados: Porangatu, Minaçu, Niquelândia e Uruaçu)
- REGIÃO NORDESTE - AMOSTRA = 35; (Municípios pesquisados: Posse e Alvorada do Norte)
- REGIÃO ENTORNO DO DISTRITO FEDERAL - AMOSTRA = 171; (Municípios pesquisados: Luziânia, Formosa, Águas Lindas de Goiás, Valparaíso de Goiás, Planaltina de Goiás, Novo Gama, Santo Antônio do Descoberto, Cidade Ocidental e Alexânia)
- REGIÃO SUDESTE (ESTRADA DE FERRO) - AMOSTRA = 53; (Municípios pesquisados: Catalão, Pires do Rio e Ipameri)
- REGIÃO SUL - AMOSTRA = 89; (Municípios pesquisados: Itumbiara, Caldas Novas, Morrinhos e Goiatuba)
- REGIÃO SUDOESTE - AMOSTRA = 112; (Municípios pesquisados: Rio Verde, Jataí, Mineiros, Quirinópolis, Santa Helena de Goiás e Acreúna)
- REGIÃO OESTE - AMOSTRA = 78; (Municípios pesquisados: Iporá, São Luiz de Montes Belos, Anicuns e Palmeiras de Goiás)
- REGIÃO NOROESTE (ESTRADA DE BOI) - AMOSTRA = 32; (Municípios pesquisados: Itaberaí, Goiás e Itapuranga)
"
"27/02/2023";"15:36:19";2014;3;"Eleições Gerais 2014";"GO";"GO";"GOIÁS";"GO000392014";"2014-06-16 00:00:00";"#NE";"05850850000100";"Fortiori Pesquisa Diagnóstico e Marketing Ltda";"#NE";"Governador, Senador";"2014-06-15 00:00:00";"2014-06-19 00:00:00";800;"8631.";"Alexandre Vasconcelos Lima";"60000,00";"A pesquisa da Fortiori é uma pesquisa quantitativa, através de realização de entrevistas pessoais, por abordagem randômica, com aplicação de questionários junto à amostra definida da população";" Tamanho da amostra – 1000 entrevistas Sexo Homens = 47% Mulheres = 53% Idade 16 a 24 anos = 24% 25 a 34 anos = 26% 35 a 49 anos = 28% 50 e mais = 22% Escolaridade Primário = 11% 1º grau = 43% 2º grau = 37% Superior = 9% Nível Sócio Econômico A – 5% B – 10% C – 20% D – 30% E – 35% . Intervalo de confiança e margem de erro Para um intervalo de confiança de 95%, a pesquisa apresenta margem de erro máxima de 3,5%.";" Sistema interno de controle e fiscalização Trabalho de coleta de dados será feito por 18 entrevistadores devidamente treinados e acompanhado in loco por 5 supervisores. Será feita uma checagem de 20% ainda no campo e de mais 10% através do telefone. 
";"Goiânia;Senador Canedo; Inhumas; Bela Vista; Hidrolândia; Guapó; Teresópolis; Trindade; Anápolis; Aparecida de Goiânia; Itumbiara; Caldas Novas; Santa Crus de Goiás; Goiatuba; Morrinhos; Catalão; Pires do Rio; Ipameri; Urutaí; Rio Verde; Jataí; Quirinópolis; Santa Helena; Acreúna;Indiara; Santo Antônio da Barra; Cesarina; Aparecida do Rio Doce; Ceres; Jaraguá; São Francisco; Goianésia; Porangatu; Uruaçu; Niquelândia; Iporá; Goiás; São Luiz de Montes Belos; Itaberaí; Itapuranga; Sanclerlândia; Fazenda Nova; Luziânia; Formosa; Águas Lindas; Alexânia; Abadiânia;Cristalina;Valparaíso;Corumbá; Cocalzinho; Santo Antônio do Descoberto; Posse; Iaciara; Alvorada do Norte. "
"27/02/2023";"15:36:19";2014;3;"Eleições Gerais 2014";"GO";"GO";"GOIÁS";"GO000462014";"2014-07-08 00:00:00";"#NE";"00654576000172";",INSTITUTO   VERITÁ   LTDA  epp";"#NE";"Governador, Senador";"2014-07-09 00:00:00";"2014-07-12 00:00:00";2065;" 7439 / 6ª Região ";"Leonard Mendonça de Assis";"73500,00";"Pesquisa quantitativa, que consiste na realização de entrevistas pessoais, com a aplicação de questionários estruturados e padronizados junto a uma amostra representativa do eleitorado do estado de GOIÁS.";"a) Público pesquisado: Eleitores residentes no Estado de Goiás b) tipo de amostra: A amostragem será realizada da seguinte forma: 1. Estratificação do estado por agrupamento de macrorregiões obedecendo critério geográfico e Porte dos municípios 2. Tamanho de cada estrato foi definido proporcional ao número de domicílios pertencente a cada um destes (Dados obtidos pelos microdados do CENSO Demográfico de 2010, IBGE) 3. Sorteio de Setores Censitários dentro de cada Estrato 4. Seleção das Residências segundo critério de amostragem sistemática 5. Realização de entrevistas domiciliares com sorteio dentre os moradores presentes na residência selecionada, obedecendo um quadro de Idade/Sexo gerado de maneira aleatória por um software estatístico, levando em consideração as proporções de idade e sexo constantes no sitio do TSE para o Estado de Goiás. Idade e Sexo FEMININO, 16 A 24 ANOS; 8,55% FEMININO, 25 A 34 ANOS; 12,38% FEMININO, 35 A 44 ANOS; 11,11% FEMININO, 45 A 59 ANOS; 12,37% FEMININO, 60 ANOS OU MAIS; 7,5% MASCULINO, 16 A 24 ANOS; 8,18% MASCULINO, 25 A 34 ANOS; 11,49% MASCULINO, 35 A 44 ANOS; 10,14% MASCULINO, 45 A 59 ANOS; 11,23% MASCULINO, 60 ANOS OU MAIS; 7,05% Nível Econômico Masculino / PEA 82,68% Masculino / Não PEA 17,32% Feminino / PEA 59,69% Feminino / Não PEA 40,31% Nível de Instrução Masculino / Até 5 anos instrução 41,75% Masculino / de 6 a 9 anos de instrução 24,86% Masculino / de 10 a 12 anos de instrução 24,31% Masculino / mais de 12 anos de instrução 9,08% Feminino / Até 5 anos instrução 37,96%% Feminino / de 6 a 9 anos de instrução 21,91% Feminino / de 10 a 12 anos de instrução 27,05% Feminino / mais de 12 anos de instrução 13,07% d) Intervalo de Confiança/Margem de Erro: Para este planejamento amostral, considerando-se um intervalo de confiança de 95%, é esperado um erro máximo de 2,16 pontos percentuais na estimação da proporção das intenções de voto dos candidatos. (ESTA PESQUISA MEDIRÁ APENAS O ESTADO DE GOIÁS) ";" Para a realização da pesquisa será utilizada uma equipe de entrevistadores e supervisores devidamente treinada para este trabalho. Após os trabalhos de campo, os questionários são submetidos a uma fiscalização que consiste no retorno a campo de 20% dos questionários aplicados individualmente pelos entrevistadores, para verificação das respostas e da adequação dos entrevistados aos parâmetros amostrais. ";"#NULO#"
"27/02/2023";"15:36:19";2014;3;"Eleições Gerais 2014";"GO";"GO";"GOIÁS";"GO000532014";"2014-07-26 00:00:00";"#NE";"00654576000172";",INSTITUTO   VERITÁ   LTDA  epp";"#NE";"Governador, Senador";"2014-07-28 00:00:00";"2014-07-30 00:00:00";2203;"7439 / 6ª Região";"Leonard Mendonça de Assis";"88000,00";" Pesquisa quantitativa, que consiste na realização de entrevistas pessoais, com a aplicação de questionários estruturados e padronizados junto a uma amostra representativa do eleitorado do estado de GOIÁS. 
";" a) Público pesquisado: 
 Eleitores residentes no Estado dde GOIÁS
 b) tipo de amostra:
A amostragem será realizada da seguinte forma:
1. Estratificação do estado por agrupamento de Microrregiões obedecendo critério geográfico e Porte dos municípios
2. Tamanho de cada estrato foi definido proporcional ao número de domicílios pertencente a cada um destes (Dados obtidos pelos microdados do CENSO Demográfico de 2010, IBGE)
3. Sorteio de Setores Censitários dentro de cada Estrato 
4. Seleção das Residências segundo critério de amostragem sistemática 
5. Realização de entrevistas domiciliares com sorteio dentre os moradores presentes na residência selecionada, obedecendo um quadro de Idade/Sexo gerado de maneira aleatória por um software estatístico, levando em consideração as proporções de idade e sexo constantes no sitio do TSE para o Estado.

Idade e Sexo
 FEMININO, 16 A 24 ANOS; 9,04% 	 / 	 MASCULINO, 16 A 24 ANOS; 8,81% 
 FEMININO, 25 A 34 ANOS; 12,62% 	 / 	 MASCULINO, 25 A 34 ANOS; 11,72% 
 FEMININO, 35 A 44 ANOS; 11% 	 / 	 MASCULINO, 35 A 44 ANOS; 10,09% 
 FEMININO, 45 A 59 ANOS; 11,9% 	 / 	 MASCULINO, 45 A 59 ANOS; 10,89% 
 FEMININO, 60 ANOS OU MAIS; 7,12% 	 / 	 MASCULINO, 60 ANOS OU MAIS; 6,79% 

Nível Econômico
 Masculino / PEA 82,68% Masculino / Não PEA 17,32%
 Feminino / PEA 59,69% Feminino / Não PEA 40,31%
Nível de Instrução
 Masculino / Até 5 anos instrução 41,75%
 Masculino / de 6 a 9 anos de instrução 24,86%
 Masculino / de 10 a 12 anos de instrução 24,31%
 Masculino / mais de 12 anos de instrução 9,08%
 Feminino / Até 5 anos instrução 37,96%
 Feminino / de 6 a 9 anos de instrução 21,91%
 Feminino / de 10 a 12 anos de instrução 27,05%
 Feminino / mais de 12 anos de instrução 13,07%

c) Intervalo de Confiança/Margem de Erro:
Para este planejamento amostral, considerando-se um intervalo de confiança de 95%, é esperado um erro máximo de 2,09 pontos percentuais na estimação da proporção das intenções de voto dos candidatos. 
ESTA PESQUISA MEDIRÁ APENAS O ESTADO DE GOIÁS";"Para a realização da pesquisa será utilizada uma equipe de entrevistadores e supervisores devidamente treinada para este trabalho. Após os trabalhos de campo, os questionários são submetidos a uma fiscalização que consiste no retorno a campo de 20% dos questionários aplicados individualmente pelos entrevistadores, para verificação das respostas e da adequação dos entrevistados aos parâmetros amostrais. ";"#NULO#"
"27/02/2023";"15:36:19";2014;3;"Eleições Gerais 2014";"GO";"GO";"GOIÁS";"GO000702014";"2014-08-15 00:00:00";"#NE";"20252668000133";"Instituto ARTHUR OLIVEIRA OLIVEIRA -  M.E";"#NE";"Governador, Senador, Deputado Federal, Deputado Estadual";"2014-08-16 00:00:00";"2014-08-17 00:00:00";500;"8602";"Diogo de Mello Brito da Silva";"4000,00";"Pesquisa quantitativa, que consiste na realização de entrevistas pessoais e domiciliares, com a aplicação de questionário estruturado junto a uma amostra representativa do eleitorado em estudo. ";"1. Metodologia:
a)	Margem de erro = 3,9% para mais ou para menos
b)	Nível de confiança = 95%
c)	Universo: 60.935  eleitores
d)	Amostra: 500 questionários
2. Variáveis de ponderação da amostra:
2.1 Sexo:     
a)   Masculino = 47,2 %      -   b) Feminino = 52,8 %
2.2 Faixas etárias:
a) De 16 a 24 = 19,4 %		b) De 25 a 34 = 27,7 %	
c) De 35 a 44 = 22,6 %		d) De 45 a 59 = 21,1 %
e) acima de 60 anos = 9,2 %
2.3 Instrução do Eleitor:
a)  Analfabeto 	=	  %
b)  Fundamental 	=	40,2%
c)  Médio		=	37,9%
d) Superior		=	19,4%
2.4 Nível Socioeconômico: 
a) Nivel Alto = 80,0 %   
b) Nivel Baixo  = 20 %
";"Checagem de, pelo menos, 20% dos questionários aplicados através de Supervisores de campo. Cada grupo de 06 pesquisadores = 01 Supervisor de Checagem Identificação de nome e endereço do entrevistado nos questionários aplicados. Nos casos em que o entrevistado se disponha a fornecer o telefone, checagem aleatória de um mínimo de três questões respondidas, por cada grupo de 20 entrevistados. Processo de entrevista tipo “escada” onde somente serão abordados, no máximo, dois eleitores por face de quadra, necessariamente, residentes em lados opostos e com distância mínima de 10 casas. ";"Município: Senador Canedo - Goiás.
Bairros: Jardim das Oliveiras / Vila Galvão / Morada do Morro / Setor Todos os Santos / Vila Santa Rosa / Setor Sabia / Setor Valeria Perillo / Setor Liberdade /Bairro CanedoI,II,III  / Setor São João / Setor Uirapuru I,II,III/ Setor São Sebastião / Setor Alvorada / Vila Castro / Vila Bouganville / Setor Estrela do Sul / Setor Nova Goiânia / Setor D. Lindu / Condomínio Portugal / Vila Pedro Miranda / Setor Bom Sucesso / Setor Anuad Auad / Setor Rio Araguaia / Vila Flanbouyant / Setor São Francisco / Setor Monte Azul / Setor Margarida Procópio / Setor Bela Vista / Parque Industrial/."
"27/02/2023";"15:36:19";2014;3;"Eleições Gerais 2014";"GO";"GO";"GOIÁS";"GO000742014";"2014-08-16 00:00:00";"#NE";"00654576000172";",INSTITUTO   VERITÁ   LTDA  epp";"#NE";"Governador, Senador";"2014-08-18 00:00:00";"2014-08-20 00:00:00";2203;"7439 / 6ª Região";"Leonard Mendonça de Assis";"71000,00";"	Pesquisa quantitativa, que consiste na realização de entrevistas pessoais, com a aplicação de questionários estruturados e padronizados junto a uma amostra representativa do eleitorado do estado de GOIÁS";" a) Público pesquisado: 
 Eleitores residentes no Estado de GOIÁS e inscritos para votar neste estado
 
 b) tipo de amostra:
 
A amostragem será realizada da seguinte forma:
1. Estratificação do estado por agrupamento de Microrregiões obedecendo critério geográfico e Porte dos municípios
2. Tamanho de cada estrato foi definido proporcional ao número de eleitores inscritos em cada um destes 
3. Divisão em estratos contendo aproximadamente o mesmo número de eleitores
4. Seleção dos entrevistados utilizando entrevistas domiciliares obedecendo um quadro de idade e sexo gerado de maneira aleatória por um software estatístico, usando as proporções de idade e sexo descritas neste plano
5. Está prevista adoção de entrevistas em locais de trabalho ou em pontos de fluxo. Estes serão utilizados onde os locais sorteados não permitam adoção de entrevistas domiciliares

Ponderação:
Esta pesquisa é autoponderada (peso = 1) para idade e sexo, obedecendo as proporções descritas a seguir:

SEXO:
FEMININO 51,7% / MASCULINO 48,3%

Idade
FEMININO 	 16 A 24 ANOS 	17,50%
FEMININO 	 25 A 34 ANOS 	24,42%
FEMININO 	 35 A 44 ANOS 	21,28%
FEMININO 	 45 A 59 ANOS 	23,02%
FEMININO 	 60 ANOS OU MAIS 	13,78%
MASCULINO 	 16 A 24 ANOS 	18,23%
MASCULINO 	 25 A 34 ANOS 	24,27%
MASCULINO 	 35 A 44 ANOS 	20,89%
MASCULINO 	 45 A 59 ANOS 	22,55%
MASCULINO 	 60 ANOS OU MAIS 	14,06%

Também está prevista ponderação por Nivel econômico e instrução, obedecendo as proporções descritas a seguir:
Nível Econômico
FEMININO	Não PEA	48,89%
FEMININO	PEA	51,11%
MASCULINO	Não PEA	26,18%
MASCULINO	PEA	73,82%
 
Nível de Instrução
FEMININO	Analfabeto até Ensino Médio incompleto	60,46%
FEMININO	Ensino médio completo, superior ou mais	39,54%
MASCULINO	Analfabeto até Ensino Médio incompleto	67,45%
MASCULINO	Ensino médio completo, superior ou mais	32,55%

c) Intervalo de Confiança/Margem de Erro:
Para este planejamento amostral, considerando-se um intervalo de confiança de 95%, é esperado um erro máximo de 2.09 pontos percentuais na estimação da proporção das intenções de voto dos candidatos. 
d) Área física:
ESTA PESQUISA MEDIRÁ APENAS O ESTADO DE GOIÁS, serão sorteados aproximadamente 40 municípios";"Para a realização da pesquisa será utilizada uma equipe de entrevistadores e supervisores devidamente treinada para este trabalho. Após os trabalhos de campo, os questionários são submetidos a uma fiscalização que consiste no retorno a campo de 20% dos questionários aplicados individualmente pelos entrevistadores, para verificação das respostas e da adequação dos entrevistados aos parâmetros amostrais. ";"#NULO#"
"27/02/2023";"15:36:19";2014;3;"Eleições Gerais 2014";"GO";"GO";"GOIÁS";"GO000892014";"2014-08-24 00:00:00";"#NE";"20240913000192";"MA+ CONSULTORIA E SERVICOS";"#NE";"Governador";"2014-08-22 00:00:00";"2014-08-24 00:00:00";431;"8925";"MARQUINANE MOURA BARROS";"2498,77";"A metodologia da pesquisa foi do tipo qualitativa, com amostragem por quotas proporcionais a sexo, faixa etária, renda familiar e nível de escolaridade. O instrumento de coleta de dados foi com questões abertas e fechadas.";"Foi adotada o sistema de amostragem, utilizando quotas proporcionais, em função das seguintes variáveis:
BAIRRO, SEXO FAIXA ETÁRIA, RENDA FAMILIAR, GRAU DE ESCOLARIDADE E RELIGIÃO, utilizando
como referência, dados do TRE - GO.
O nível de confiança estimado é de 95% e a margem de erro máxima estimada considerando um modelo de
amostragem aleatório simples, é de 2 (Dois) pontos percentuais para mais ou para menos sobre os
resultados encontrados no total da amostra.";"Os trabalhos de campo, foram realizados por entrevistadores da MA+ CONSULTORIA E SERVIÇOS,
selecionados e treinados pela supervisão de campo. A tabulação e controle dos dados, foram realizados na sede da empresa na cidade de Aparecida de Goiânia - GO, sob o acompanhamento do estatístico responsável";"SÃO LUIS DOS MONTES BELOS - GO -  431 ENTREVISTADOS
AMOSTRAGEM POR BAIRROS: ST. SÃO JOSÉ 74; CENTRO 70; MONTES BELOS 54; OUTROS 49; PLANURA VERDE 37; SERRADÃO 25; ROZALÂNDIA 23; VILA NOVA 21; ST BARRERRINHO 29; VL CANAÃ 17; ST ALVORADA 17; ST AEROPORTO 14; ZONA RURAL 1;
"
"27/02/2023";"15:36:19";2014;3;"Eleições Gerais 2014";"GO";"GO";"GOIÁS";"GO000982014";"2014-08-24 00:00:00";"#NE";"20240913000192";"MA+ CONSULTORIA E SERVICOS";"#NE";"Governador";"2014-08-23 00:00:00";"2014-08-24 00:00:00";272;"8925";"MARQUINANE MOURA BARROS";"1673,21";"A metodologia da pesquisa foi do tipo qualitativa, com amostragem por quotas proporcionais a sexo, faixa etária, renda familiar e nível de escolaridade. O instrumento de coleta de dados foi com questões abertas e fechadas.";"Foi adotada o sistema de amostragem, utilizando quotas proporcionais, em função das seguintes variáveis:
BAIRRO, SEXO FAIXA ETÁRIA, RENDA FAMILIAR, GRAU DE ESCOLARIDADE E RELIGIÃO, utilizando
como referência, dados do TRE - GO.
O nível de confiança estimado é de 95% e a margem de erro máxima estimada considerando um modelo de
amostragem aleatório simples, é de 2 (Dois) pontos percentuais para mais ou para menos sobre os
resultados encontrados no total da amostra.";"Os trabalhos de campo, foram realizados por entrevistadores da MA+ CONSULTORIA E SERVIÇOS,
selecionados e treinados pela supervisão de campo. A tabulação e controle dos dados, foram realizados na sede da empresa na cidade de Aparecida de Goiânia - GO, sob o acompanhamento do estatístico responsável.";"AMOSTRAGEM POR MUNICÍPIO: OURO VERDE DE GOIÁS - GO - 272 ENTREVISTADOS
AMOSTRAGEM POR BAIRROS: CENTRO 215; ZONA RURAL 13; JARDIM DO ÉDEM 13; OUTROS 7; RECANTO DAS PEDRAS 6; JD. PRIMAVERA I 6; JD. PRIMAVERA II 5; SETOR VALIM 4; JD. PRIMAVERA III 3;
"
"27/02/2023";"15:36:19";2014;3;"Eleições Gerais 2014";"GO";"GO";"GOIÁS";"GO001332014";"2014-09-17 00:00:00";"#NE";"06972255000100";"INSTITUTO NEROPOLINO DE PESQUISA-LTDA";"#NE";"Governador, Senador, Deputado Federal, Deputado Estadual";"2014-09-19 00:00:00";"2014-09-20 00:00:00";300;"8631";"Alexandre Vasconcelos Lima";"5500,00";"A pesquisa foi do tipo quantitativa “survey”. As entrevistas foram realizadas em domicílio e endereçadas a setores censitários da cidade Cristalina, executadas através de questionário estruturado e questões para respostas espontâneas e estimuladas. ";"Universo: Eleitores “ Cristalina - Goiás ”
Tamanho da Amostra: 300 eleitores
Nível de Confiança: 95 %
Margem Máxima de Erro: 4,0 % pontos percentuais para mais ou para menos
Tipo de Amostra: por sorteio de quadras e domicílios em cada quadra. A seleção do eleitor é acidental de acordo com as cotas de ponderação – segundo sexo, idade e nível de escolaridade. A pesquisa foi autoponderada para a variável nível socioeconômico. 
Pesos dos extratos da população e da amostra: sexo masculino: 50,6%  e  feminino : 49,4%. 
Faixa etária: 16 a 24 anos = 14,8% - 25 a  34 anos = 21,2% -  35 a  44 anos = 21,7% - 45 a 59 anos = 24,5 %    +  de 60 anos = 17,8%    
Instrução: Analfabeto  = 5,8% - Fundamental = 58,0 %  -  Médio = 30,2 % -   Superior = 6,0 % 
";"Os pesquisadores foram treinados antes da aplicação do estudo. Há acompanhamento de um supervisor de campo, a fim de realizar a verificação ""in loco"". Após a coleta dos dados, os questionários são digitados e checados (verificar a consistência dos dados). Por amostragem aleatória, cerca de 20% das entrevistas foram objeto de monitoramento garantindo-se, assim, por visão randômica, a autenticidade do preenchimento dos questionários. Em relação a fidedignidade da amostra, 100% dos questionários foram objeto de critica. ";"A pesquisa foi realizada na cidade de Cristalina-GO. Os bairros pesquisados foram: Centro  / Setor Belvedere  / Setor Cristalina Velha / Setor DNER / Setor Aeroporto / Setor Lustosa / Setor Planalto / Setor Oeste / Setor Sul / Setor Rio de Janeiro / Santa Clara / Setor Noroeste / Setor JK / Setor Topázio /. "
"27/02/2023";"15:36:19";2014;3;"Eleições Gerais 2014";"GO";"GO";"GOIÁS";"GO001352014";"2014-09-19 00:00:00";"#NE";"33403221000160";"Ernando Ferreira Gomes Lopes DADOSFOLHA";"#NE";"Governador, Senador, Deputado Federal, Deputado Estadual";"2014-09-19 00:00:00";"2014-09-24 00:00:00";595;"6221 ";"Rui da Costa Abrantes ";"3000,00";"Aferir a intenção de voto espontânea e estimulada dos candidatos a Governador de Goiás, aferir a intenção de voto espontânea e estimulada dos candidatos a Senador por Goiás e aferir a intenção de voto espontânea para deputado estadual e deputado federal, mediante a aplicação de questionário estruturado à uma amostra representativa do universo do eleitorado de Itumbiara. Tipo de entrevista: Domiciliar e presencial em pelo menos 90% da amostra planejada; 10% em pontos de fluxo. ";"Ponderação quanto ao sexo: De sexo Masculino: 48%; de sexo Feminino: 52% - Ponderação quanto à faixa etária: 16 a 24 anos: 15,00%; 25 a 34 anos: 22,00%; 35 a 44 anos: 20,00%; 45 a 59 anos: 25,00%; 60 anos acima: 18,00%. - Ponderação quanto ao nível de instrução: Analfabeto: 4,00%; Primário: 15,00%; 1º Grau: 40,00%; 2º Grau 35,00%; Superior: 6,00%- Ponderação quanto ao nível sócio econômico: Nível alto: 20%; Nível baixo: 80%. Intervalo de confiança de 95% e margem de erro máxima de 4% pontos percentuais, para mais ou para menos. ";"Todo entrevistador foi previamente treinado para a realização desta prévia eleitoral, tanto na parte teórica como na prática, além de receberem as orientações específicas para esta PESQUISA. O DADOSFOLHA colocou um fiscal para equipe de três entrevistadores. O fiscal tem a responsabilidade e é treinado para distribuir os entrevistadores nos diversos setores censitários, acompanhar, orientar, corrigir ou invalidar o trabalho deles e conferir por si ou por entrevistador designado cerca de 20% das entrevistas ";"Dona Sinica, Ulysses Guimarães, Nossa Senhora da Saúde, Santa Maria, São João, Santa Rita, Buritis I, II e III, São Sebastião, Rodoviário, Karfan, Jardim América, Alto da Boa Vista, Nova Aurora, Afonso Pena, Bela Vista, Social, Jardim Liberdade, São Judas Tadeu, Celma di Ângelis, Trindade, Centro, Parque Imperial, Village Beira Rio, Furnas, Jardim Primavera, Morumbi I e II, Brasília, Ferreira da Costa, Santa Inês, Paranaíba, Anhanguera, Vila Vitória I e II, Cidade Jardim, Jardim Leonora, Nova Itumbiara, Jardim Adelaíde, Vila Mutirão, Dom Veloso, Marolina, Norma Gibaldi, Santa Helena, Remy Martins, Prefeito Zé Moisés, Ladário Cardoso, Jardim Bandeirantes, Dionária Rocha, Planalto, Novo Horizonte, Olinta Guimarães, Dona Ernestina, Alto do Trindade, Juca Arantes, Dona Guri Rodrigues, Zenon Borges, Morada dos Sonhos, Alcides Rodrigues, Dom Bosco, Nova Veneza, Santos Dumont e Alto do Trindade. "
"27/02/2023";"15:36:19";2014;3;"Eleições Gerais 2014";"GO";"GO";"GOIÁS";"GO001472014";"2014-09-21 00:00:00";"#NE";"07364626000126";"SIGMA CONSULTORIA E PESQUISAS LTDA";"#NE";"Governador, Senador, Deputado Federal, Deputado Estadual";"2014-09-22 00:00:00";"2014-09-24 00:00:00";602;"8631";"Alexandre Vasconcelos Lima";"4000,00";"Pesquisa quantitativa, que consiste na realização de entrevistas pessoais, com a aplicação de questionários estruturados e padronizados junto a uma amostra representativa do eleitorado do município de Rio Verde. ";"Representativa do eleitorado da área em estudo, elaborada em três estágios. No primeiro estágio faz-se um sorteio probabilístico nos bairros, onde as entrevistas serão realizadas, pelo método PPT (Probabilidade Proporcional ao Tamanho), tomando o eleitorado como base para tal seleção. No segundo estágio faz-se um sorteio probabilístico dos setores censitários, onde as entrevistas serão realizadas, pelo método PPT (Probabilidade Proporcional ao Tamanho), tomando a população de 16 anos ou mais residente nos setores como base para tal seleção. No terceiro e último estágio, dentro dos setores sorteados, os respondentes são selecionados através de quotas amostrais proporcionais em função de variáveis significativas, a saber: IDADE: 16-24 (masculino) 15,0% (feminino) 16,1%; 25-34 (masculino) 27,2% (feminino) 26,3%; 35-44 (masculino) 21,5% (feminino) 21,1%; 45-59 (masculino) 22,5% (feminino) 23,2%; 60 e+ (masculino) 13,8% (feminino) 13,3%; INSTRUÇÃO: Até Ensino Médio (masculino) 92,0% (feminino) 89,4%; Ensino Superior (masculino) 8,0% (feminino) 10,6%; NÍVEL ECONÔMICO: Economicamente ativo (masculino) 83% (feminino) 60%; Não Economicamente ativo (masculino) 17% (feminino) 40%. Está prevista eventual ponderação para correção das variáveis sexo e idade, com base nos percentuais anteriormente mencionados, caso ocorram diferenças superiores a 3 pontos percentuais entre o previsto na amostra e a coleta de dados realizada. Para as variáveis de grau de instrução e nível econômico do entrevistado, o fator previsto para ponderação é 1 (resultados obtidos em campo). O nível de confiança estimado é de 95% e a margem de erro máxima estimada considerando um modelo de amostragem aleatório simples, é de 3 (três) pontos percentuais para mais ou para menos sobre os resultados encontrados no total da amostra. FONTE DOS DADOS: Censo 2010 | PNAD 2012 | TSE 2014";"Para a realização da pesquisa, utiliza-se uma equipe de entrevistadores e supervisores contratados pela SIGMA CONSULTORIA E PESQUISAS LTDA. devidamente treinados para o trabalho. Após os trabalhos de campo, os questionários são submetidos a uma fiscalização de cerca de 20% (vinte por cento) dos questionários aplicados pelos entrevistadores; para verificação das respostas e da adequação dos entrevistados aos parâmetros amostrais. ";"A área de abrangência da coleta é a Cidade de Rio Verde. A Relação de bairros selecionados para aplicação da amostra será a seguinte; REGIÃO NORTE – B. Popular, B. São João, B. São Joaquim, Prol. B. Martins, St. Pauzanes (acima da av. Pauzanes)B. Eldorado, Prol. B. Eldorado, B. Anhanguera, B. Primavera, B. Martins, Res. Arco Íris (lado norte), Dimpe, Cj. Mauricio Arantes, Cj. Valdeci Pires, St. Dom Miguel, B. Liberdade, Cj. Céu Azul, Pq. dos Girassóis, Vl. Borges, Vl. Rosalina Borges, Prol. Vl. Borges A e B, Vl. André Luiz, St. Pauzanes (baixo Pauzanes). REGIÃO SUL – Bairro Promissão, Sta Cruz I e II, São Tomaz I e II, Vl. Mariana, Vl. Maria Rocha, Prol. Vl. Mariana I e II, Res. Dona Ilza, Res. Atalaia, St. Serra Dourada, Jardim Helena, St. dos Funcionários, Pq. das Paineiras, Res. Recanto do Bosque, Vl. Renovação, Vl. Amália II, B. Gameleira I e II, Vl. Mutirão, St. Sta Genoveva e Jd. das Margaridas. REGIÃO LESTE – Pq. Bandeirante (acima da Rua 14, no módulo esportivo), St. Alvorada, Nova Vila Maria, Bairro Paraguassu, Vl. Maria, Vl. Gomes, Jd. Goiás (acima da Rua 12), B. São Felipe, B. Sto Agostinho, B. Sto Antonio de Lisboa, Res. Dos Buritis, Res. Veneza, Res. Arco Íris (lado leste), Res. Dona Gercina e Res. Maranata. REGIÃO OESTE – Res. Laussane, St. Campestre, Solar do Agreste A e B, Pq. dos Buritis I e II, Villa Miafiori, Jd. Eleonora, Pq. Bougainville, Res. Terra Cota, Pq. Laranjeiras, Prol. Pq. Laranjeiras, Bairro de Lourdes, Jd. Presidente, Bairro Odília, Res. Pq. dos Ipês, Res. Por do Sol, Res. Água Santa, Res. Tocantins, Res. Araguaia, St. Universitário, Pq. dos Jatobás, Res. Interlagos, B. Vitória Régia, St. Morada do Sol, Vl. Verde e Cj. Morada do Sol, Res. Canaã, Vl. Serpró, Jd. Mondale, St. Sta Luzia, Vl. Dona Alta, Vl. Moreira Ataídes, Vila Meneses, Pq. Betel. SETOR CENTRAL – Vl. Sta Bárbara, Vl. Sto André, Vl. Olinda, B. Medeiros, Prol. Jd. América, Jd. Cruvinel, Jd. Diniz, Jd. América, Setor Central, Jd. Marconal, Vl. Morais, St. Oeste, Jd. das Neves, B. das Acácias e Jd. Goiás (abaixo da Rua 12), Jd. Adriana, Vl. Rocha, Vl. Baylão, Prol. Vl. Baylão, Jd. Bela Vista, Vl. Dinara, Vl. Carolina, Vl. Santo Antonio, Bairro Maristela, Vl. Amália, Vl. Modelo, Prol. Pq. Bandeirante, Jd. Brasília, Pq. Bandeirante"
"27/02/2023";"15:36:19";2014;3;"Eleições Gerais 2014";"GO";"GO";"GOIÁS";"GO001392014";"2014-09-20 00:00:00";"#NE";"68802370000186";"IBOPE INTELIGÊNCIA PESQUISA E CONSULTORIA LTDA. ";"#NE";"Governador, Senador";"2014-09-20 00:00:00";"2014-09-25 00:00:00";812;"6208-A";"Márcia Cavallari Nunes";"54322,80";"Pesquisa quantitativa, que consiste na realização de entrevistas pessoais com a aplicação de questionário estruturado junto a uma amostra representativa do eleitorado em estudo.";"Representativa do eleitorado da área em estudo, elaborada em três estágios.
No primeiro estágio faz-se um sorteio probabilístico dos municípios, onde as entrevistas serão realizadas, pelo método PPT (Probabilidade Proporcional ao Tamanho), tomando o eleitorado como base para tal seleção.
No segundo estágio faz-se um sorteio probabilístico dos setores censitários, onde as entrevistas serão realizadas, pelo método PPT (Probabilidade Proporcional ao Tamanho), tomando a população de 16 anos ou mais residente nos setores como base para tal seleção. No terceiro e último estágio, dentro dos setores sorteados, os respondentes são selecionados através de quotas amostrais proporcionais em função de variáveis significativas, a saber: IDADE: 16-24 (masculino) 20% (feminino) 17%; 25-34 (masculino) 26% (feminino) 26%; 35-44 (masculino) 22% (feminino) 22%; 45-54 (masculino)17% (feminino)17%; 55 e+ (masculino) 16% (feminino) 18%; INSTRUÇÃO: Até Ensino Médio (masculino) 85% (feminino) 80%; Ensino Superior (masculino) 15% (feminino) 20%; NÍVEL ECONÔMICO: Economicamente ativo (masculino) 83% (feminino) 58%; Não Economicamente ativo (masculino) 17% (feminino) 42%. 

Está prevista eventual ponderação para correção das variáveis sexo e idade, com base nos percentuais anteriormente mencionados, caso ocorram diferenças superiores a 3 pontos percentuais entre o previsto na amostra e a coleta de dados realizada. Para as variáveis de grau de instrução e nível econômico do entrevistado, o fator previsto para ponderação é 1 (resultados obtidos em campo). O nível de confiança estimado é de 95% e a margem de erro máxima estimada considerando um modelo de amostragem aleatório simples, é de 3 (três) pontos percentuais para mais ou para menos sobre os resultados encontrados no total da amostra.
FONTE DOS DADOS: Censo 2010 | PNAD 2012 | TSE 2014 | Entre outras.
";"Para a realização da pesquisa, utiliza-se uma equipe de entrevistadores e supervisores contratados pelo IBOPE INTELIGÊNCIA PESQUISA E CONSULTORIA LTDA. devidamente treinados para o trabalho. Após os trabalhos de campo, os questionários são submetidos a uma fiscalização de cerca de 20% (vinte por cento) dos questionários aplicados pelos entrevistadores; para verificação das respostas e da adequação dos entrevistados aos parâmetros amostrais.";"A área de abrangência da coleta é o Estado de Goiás. A Relação de municípios selecionados para aplicação da amostra será apresentada até o 7º dia seguinte ao Registro da pesquisa, conforme expresso no art. 2º § 5º da resolução 23.400/2013 do TSE."
"27/02/2023";"15:36:19";2014;3;"Eleições Gerais 2014";"GO";"GO";"GOIÁS";"GO001672014";"2014-09-26 00:00:00";"#NE";"07364626000126";"SIGMA CONSULTORIA E PESQUISAS LTDA";"#NE";"Governador, Senador, Deputado Federal, Deputado Estadual";"2014-09-29 00:00:00";"2014-10-01 00:00:00";602;"8631";"Alexandre Vasconcelos Lima";"4000,00";"Pesquisa quantitativa, que consiste na realização de entrevistas pessoais, com a aplicação de questionários estruturados e padronizados junto a uma amostra representativa do eleitorado do município de Rio Verde.";"Representativa do eleitorado da área em estudo, elaborada em três estágios. No primeiro estágio faz-se um sorteio probabilístico nos bairros, onde as entrevistas serão realizadas, pelo método PPT (Probabilidade Proporcional ao Tamanho), tomando o eleitorado como base para tal seleção. No segundo estágio faz-se um sorteio probabilístico dos setores censitários, onde as entrevistas serão realizadas, pelo método PPT (Probabilidade Proporcional ao Tamanho), tomando a população de 16 anos ou mais residente nos setores como base para tal seleção. No terceiro e último estágio, dentro dos setores sorteados, os respondentes são selecionados através de quotas amostrais proporcionais em função de variáveis significativas, a saber: IDADE: 16-24 (masculino) 15,0% (feminino) 16,1%; 25-34 (masculino) 27,2% (feminino) 26,3%; 35-44 (masculino) 21,5% (feminino) 21,1%; 45-59 (masculino) 22,5% (feminino) 23,2%; 60 e+ (masculino) 13,8% (feminino) 13,3%; INSTRUÇÃO: Até Ensino Médio (masculino) 92,0% (feminino) 89,4%; Ensino Superior (masculino) 8,0% (feminino) 10,6%; NÍVEL ECONÔMICO: Economicamente ativo (masculino) 83% (feminino) 60%; Não Economicamente ativo (masculino) 17% (feminino) 40%. Está prevista eventual ponderação para correção das variáveis sexo e idade, com base nos percentuais anteriormente mencionados, caso ocorram diferenças superiores a 3 pontos percentuais entre o previsto na amostra e a coleta de dados realizada. Para as variáveis de grau de instrução e nível econômico do entrevistado, o fator previsto para ponderação é 1 (resultados obtidos em campo). O nível de confiança estimado é de 95% e a margem de erro máxima estimada considerando um modelo de amostragem aleatório simples, é de 3 (três) pontos percentuais para mais ou para menos sobre os resultados encontrados no total da amostra. FONTE DOS DADOS: Censo 2010 | PNAD 2012 | TSE 2014.";"Para a realização da pesquisa, utiliza-se uma equipe de entrevistadores e supervisores contratados pela SIGMA CONSULTORIA E PESQUISAS LTDA. devidamente treinados para o trabalho. Após os trabalhos de campo, os questionários são submetidos a uma fiscalização de cerca de 20% (vinte por cento) dos questionários aplicados pelos entrevistadores; para verificação das respostas e da adequação dos entrevistados aos parâmetros amostrais.";"A área de abrangência da coleta é a Cidade de Rio Verde. A Relação de bairros selecionados para aplicação da amostra será a seguinte; REGIÃO NORTE – B. Popular, B. São João, B. São Joaquim, Prol. B. Martins, St. Pauzanes (acima da av. Pauzanes)B. Eldorado, Prol. B. Eldorado, B. Anhanguera, B. Primavera, B. Martins, Res. Arco Íris (lado norte), Dimpe, Cj. Mauricio Arantes, Cj. Valdeci Pires, St. Dom Miguel, B. Liberdade, Cj. Céu Azul, Pq. dos Girassóis, Vl. Borges, Vl. Rosalina Borges, Prol. Vl. Borges A e B, Vl. André Luiz, St. Pauzanes (baixo Pauzanes). REGIÃO SUL – Bairro Promissão, Sta Cruz I e II, São Tomaz I e II, Vl. Mariana, Vl. Maria Rocha, Prol. Vl. Mariana I e II, Res. Dona Ilza, Res. Atalaia, St. Serra Dourada, Jardim Helena, St. dos Funcionários, Pq. das Paineiras, Res. Recanto do Bosque, Vl. Renovação, Vl. Amália II, B. Gameleira I e II, Vl. Mutirão, St. Sta Genoveva e Jd. das Margaridas. REGIÃO LESTE – Pq. Bandeirante (acima da Rua 14, no módulo esportivo), St. Alvorada, Nova Vila Maria, Bairro Paraguassu, Vl. Maria, Vl. Gomes, Jd. Goiás (acima da Rua 12), B. São Felipe, B. Sto Agostinho, B. Sto Antonio de Lisboa, Res. Dos Buritis, Res. Veneza, Res. Arco Íris (lado leste), Res. Dona Gercina e Res. Maranata. REGIÃO OESTE – Res. Laussane, St. Campestre, Solar do Agreste A e B, Pq. dos Buritis I e II, Villa Miafiori, Jd. Eleonora, Pq. Bougainville, Res. Terra Cota, Pq. Laranjeiras, Prol. Pq. Laranjeiras, Bairro de Lourdes, Jd. Presidente, Bairro Odília, Res. Pq. dos Ipês, Res. Por do Sol, Res. Água Santa, Res. Tocantins, Res. Araguaia, St. Universitário, Pq. dos Jatobás, Res. Interlagos, B. Vitória Régia, St. Morada do Sol, Vl. Verde e Cj. Morada do Sol, Res. Canaã, Vl. Serpró, Jd. Mondale, St. Sta Luzia, Vl. Dona Alta, Vl. Moreira Ataídes, Vila Meneses, Pq. Betel. SETOR CENTRAL – Vl. Sta Bárbara, Vl. Sto André, Vl. Olinda, B. Medeiros, Prol. Jd. América, Jd. Cruvinel, Jd. Diniz, Jd. América, Setor Central, Jd. Marconal, Vl. Morais, St. Oeste, Jd. das Neves, B. das Acácias e Jd. Goiás (abaixo da Rua 12), Jd. Adriana, Vl. Rocha, Vl. Baylão, Prol. Vl. Baylão, Jd. Bela Vista, Vl. Dinara, Vl. Carolina, Vl. Santo Antonio, Bairro Maristela, Vl. Amália, Vl. Modelo, Prol. Pq. Bandeirante, Jd. Brasília, Pq. Bandeirante."
"27/02/2023";"15:36:19";2014;3;"Eleições Gerais 2014";"GO";"GO";"GOIÁS";"GO000202014";"2014-02-24 00:00:00";"#NE";"01096445000180";"GRUPOM CONSULTORIA EMPRESARIAL LTDA";"#NE";"Governador";"2014-01-29 00:00:00";"2014-02-08 00:00:00";396;"6221";"RUI COSTA ABRANTES";"14000,00";"Pesquisa quantitativa, que consiste na realização de entrevistas pessoais e domiciliares, com a aplicação de questionário estruturado junto a uma amostra representativa do eleitorado em estudo. ";"Representativa do eleitorado da área em estudo, elaborada em dois momentos. No primeiro momento faz-se um sorteio probabilístico dos setores censitários onde as entrevistas serão realizadas, pelo método PPP (Probabilidade Proporcional à População), tomando o eleitorado como base para tal seleção (dados do TSE). No segundo momento, dentro dos setores sorteados, os respondentes são selecionados através de quotas amostrais, proporcionais em função das variáveis: Sexo, Idade e Grau de Instrução, de acordo com o perfil do eleitorado. O nível econômico é assegurado através do controle das variáveis descritas acima. Não haverá necessidade de ponderação posterior, pois a distribuição amostral baseada nos setores censitários do IBGE, censo de 2010, harmoniza e torna fidedigna a representatividade da população. O intervalo de confiança estimado é de 95% e a margem de erro máxima estimada considerando um modelo de amostragem aleatório simples, é de 4,9 pontos percentuais para mais ou para menos sobre os resultados encontrados no total da amostra. ";"Para a realização da pesquisa utiliza-se equipe de entrevistadores e supervisores contratados pela GRUPOM devidamente treinados para o trabalho. Após os trabalhos de campo as entrevistas/questionários são submetidos a uma fiscalização de até 20%. A coleta de dados será realizada por meio eletrônico  “Palm Top” e “Tablet” onde os dados do respondente são arquivados e transmitido diretamente ao sistema de forma a evitar qualquer interferência nos resultados.";"CIDADE DE ANÁPOLIS-GO, ZONA URBANA, BAIRROS: 
BAIRRO ALVORADA,  BAIRRO BATISTA,  BAIRRO BOA VISTA,  BAIRRO BOM SUCESSO,  BAIRRO CALIXTOLÂNDIA 1ª ETAPA,  BAIRRO CIDADE JARDIM,  BAIRRO DAS BANDEIRAS,  BAIRRO DE LOURDES,  BAIRRO DOM PEDRO II,  BAIRRO FREI EUSTÁQUIO,  BAIRRO JUNDIAÍ,  BAIRRO MARACANÃ,  BAIRRO MARACANAZINHO,  BAIRRO PARAÍSO,  BAIRRO RECANTO DO SOL,  BAIRRO SANTO ANTÔNIO,  BAIRRO SÃO CARLOS,  BAIRRO SÃO JOSÉ,  BAIRRO SÃO LOURENÇO,  BAIRRO SÃO SEBASTIÃO,  CONJ. FILOSTRO MACHADO,  CONJ. MIRAGE,  CONJ. RAUL BALDUÍNO,  IAPC,  JD. ALEXANDRINA,  JD. ALVORADA,  JD. AMÉRICA,  JD. ARCO VERDE 1ª ETAPA,  JD. DAS AMÉRICAS 1ª ETAPA,  JD. DAS AMÉRICAS 3ª ETAPA,  JD. DAS OLIVEIRAS,  JD. EUROPA,  JD. GONÇALVES,  JD. IBIRAPUERA,  JD. PETRÓPOLIS,  JD. SANTA CECÍLIA,  JD. TESOURO,  LOT. ALTO DA BELA VISTA,  LOT. ANÁPOLIS CITY,  LOT. NOVO JUNDIAÍ,  LOT. OLHOS D'ÁGUA,  LOT. PARQUE DAS PRIMAVERAS,  LOT. SET. BOUGAINVILLE,  LOT. SET. SUL JAMIL MIGUEL,  PARQUE CALIXTÓPOLIS,  PARQUE DAS NAÇÕES,  PARQUE IRACEMA,  PARQUE NOVA CAPITAL BAIRRO JK,  PARQUE RES. DAS FLORES,  PARQUE SÃO JERÔNIMO,  PARQUE SÃO JOÃO,  RES. ARAGUAIA,  RES. GIOVANNI BRAGA,  RES. ITATIAIA,  RES. LEBLON,  RES. MORADA NOVA,  SET. IND. MUNIR CALIXTO,  SET. TROPICAL,  SETOR CENTRAL,  VILA BRASIL,  VILA CALIXTO ABRÃO,  VILA DONA MARIA,  VILA ESPERANÇA,  VILA FABRIL,  VILA FORMOSA,  VILA GOIS,  VILA HARMONIA,  VILA JAIARA,  VILA JD. SANTANA,  VILA JUNDIAÍ INDUSTRIAL,  VILA MARIANA,  VILA MIGUEL JORGE,  VILA NOSSA SENHORA A'BADIA,  VILA POPULAR MUNIR CALIXTO,  VILA RICA,  VILA SANTA IZABEL 1ª ETAPA,  VILA SANTA MARIA,  VILA SANTA MARIA DE NAZARÉ,  VILA SÃO JOAQUIM,  VILA SÃO JORGE,  VILA SÃO JOSÉ,  VIVIAN PARQUE 1ª ETAPA.
"
"27/02/2023";"15:36:19";2014;3;"Eleições Gerais 2014";"GO";"GO";"GOIÁS";"GO000242014";"2014-03-07 00:00:00";"#NE";"01096445000180";"GRUPOM CONSULTORIA EMPRESARIAL LTDA";"#NE";"Governador";"2014-02-05 00:00:00";"2014-02-15 00:00:00";603;"6221";"RUI COSTA ABRANTES";"14000,00";"Pesquisa quantitativa, que consiste na realização de entrevistas pessoais e domiciliares, com a aplicação de questionário estruturado junto a uma amostra representativa do eleitorado em estudo. ";"Representativa do eleitorado da área em estudo, elaborada em dois momentos. No primeiro momento faz-se um sorteio probabilístico dos setores censitários onde as entrevistas serão realizadas, pelo método PPP (Probabilidade Proporcional à População), tomando o eleitorado como base para tal seleção (dados do TSE). No segundo momento, dentro dos setores sorteados, os respondentes são selecionados através de quotas amostrais, proporcionais em função das variáveis: Sexo, Idade e Grau de Instrução, de acordo com o perfil do eleitorado. O nível econômico é assegurado através do controle das variáveis descritas acima. Não haverá necessidade de ponderação posterior, pois a distribuição amostral baseada nos setores censitários do IBGE, censo de 2010, harmoniza e torna fidedigna a representatividade da população. O intervalo de confiança estimado é de 95% e a margem de erro máxima estimada considerando um modelo de amostragem aleatório simples, é de 4,0 pontos percentuais para mais ou para menos sobre os resultados encontrados no total da amostra. ";"Para a realização da pesquisa utiliza-se equipe de entrevistadores e supervisores contratados pela GRUPOM devidamente treinados para o trabalho. Após os trabalhos de campo as entrevistas/questionários são submetidos a uma fiscalização de até 20%. A coleta de dados será realizada por meio eletrônico  “Palm Top” e “Tablet” onde os dados do respondente são arquivados e transmitido diretamente ao sistema de forma a evitar qualquer interferência nos resultados.";"CIDADE DE GOIÂNIA-GO, ZONA URBANA, BAIRROS: 
ALPHAVILLE RESIDENCIAL,  ARAGUAIA PARK,  BAIRRO ÁGUA BRANCA,  BAIRRO BOA VISTA,  BAIRRO CAPUAVA,  BAIRRO DA FLORESTA,  BAIRRO DOS AEROVIÁRIOS,  BAIRRO ESPLANADA DO ANICUNS,  BAIRRO FELIZ,  BAIRRO SANTO ANTONIO,  BAIRRO STª GENOVEVA,  BAIRRO STº HILÁRIO,  BALNEÁRIO MEIA PONTE,  CENTRO,  CHÁCARA DO GOVERNADOR,  CIDADE JARDIM,  CONDOMÍNIO DAS ESMERALDAS,  CONDOMÍNIO ESTRELA D`ALVA 1ª ETAPA,  CONDOMÍNIO ESTRELA D`ALVA 2ª ETAPA,  CONDOMÍNIO JARDIM ARITANA,  CONDOMÍNIO MORADA DO SOL,  CONDOMÍNIO RIO BRANCO,  CONDOMÍNIO RIO FORMOSO,  CONJUNTO CACHOEIRA DOURADA,  CONJUNTO CELINA PARK,  CONJUNTO FABIANA,  CONJUNTO GUADALAJARA,  CONJUNTO ITATIAIA II,  CONJUNTO RIVIERA,  CONJUNTO VERA CRUZ I,  CONJUNTO VERA CRUZ II,  FINSOCIAL,  GOIANIA II,  JARDIM AMÉRICA,  JARDIM ATLÂNTICO,  JARDIM BRASIL,  JARDIM CALIFÓRNIA,  JARDIM CARAVELAS,  JARDIM CURITIBA 1,  JARDIM CURITIBA 3,  JARDIM DA LUZ,  JARDIM DO CERRADO,  JARDIM EUROPA,  JARDIM GOIÁS,  JARDIM GUANABARA I,  JARDIM GUANABARA III,  JARDIM ITAIPÚ,  JARDIM LAGEADO,  JARDIM LIBERDADE,  JARDIM MARILIZA,  JARDIM NOVA ESPERANÇA,  JARDIM NOVO MUNDO,  JARDIM PETRÓPOLIS,  JARDIM PRESIDENTE,  JARDIM REAL,  JARDIM SÃO JUDAS TADEU,  JARDIM VILA BOA,  LORENA PARK,  LOTEAMENTO GOIÂNIA VIVA,  MADRE GERMANA,  PARQUE AMAZÔNIA,  PARQUE ATHENEU,  PARQUE DAS AMENDOEIRAS,  PARQUE DAS LARANJEIRAS,  PARQUE DAS NAÇÕES,  PARQUE INDUSTRIAL,  PARQUE INDUSTRIAL JOÃO BRAZ,  PARQUE OESTE INDUSTRIAL,  PARQUE SANTA RITA,  RESIDENCIAL ASA BRANCA,  RESIDENCIAL RECANTO DO BOSQUE,  RESIDENCIAL ITAIPÚ,  SÃO CARLOS,  SETOR AEROPORTO,  SETOR BUENO,  SETOR CAMPINAS,  SETOR COIMBRA,  SETOR CRIMEIA LESTE,  SETOR CRIMÉIA OESTE,  SETOR DOS FUNCIONÁRIOS,  SETOR FAIÇALVILLE,  SETOR GARAVELO,  SETOR JAÓ,  SETOR MARECHAL RONDON,  SETOR MARISTA,  SETOR NORTE FERROVIÁRIO,  SETOR NOVA SUIÇA,  SETOR OESTE,  SETOR PEDRO LUDOVICO,  SETOR SUDOESTE,  SETOR SUL,  SETOR UNIVERSITÁRIO,  SETOR URIAS MAGALHÃES,  SOLANGE PARK,  SOLANGE PARK I,  SOLAR BOUGAINVILLE,  VILA ADÉLIA,  VILA ALVORADA,  VILA ANA LÚCIA,  VILA CANAÃ,  VILA CONCÓRDIA,  VILA JOÃO VAZ,  VILA MARIA DILCE,  VILA MAUÁ,  VILA MUTIRÃO,  VILA NOSSA SRª APARECIDA,  VILA NOVA,  VILA NOVO HORIZONTE,  VILA PEDROSO,  VILA REDENÇÃO,  VILA SANTA RITA,  VILA SÃO JOÃO,  VILA SÃO JOSÉ,  VILA SÃO LUIZ,  VILA UNIÃO.
"
"27/02/2023";"15:36:19";2014;3;"Eleições Gerais 2014";"GO";"GO";"GOIÁS";"GO000622014";"2014-08-09 00:00:00";"#NE";"05281052000105";"Vega Pesquisa e Comunicação Ltda";"#NE";"Governador, Senador";"2014-08-07 00:00:00";"2014-08-11 00:00:00";1000;"8631";"Alexandre Vasconcelos Lima ";"20000,00";"Metodologia de pesquisa: Pesquisa quantitativa, que consiste na realização de entrevistas domiciliares pessoais face-a-face, com a aplicação de questionários estruturados e padronizados junto a uma amostra representativa da população a ser pesquisada. Amostra probabilística estratificada pela variável regional, com base em dados do IBGE 2010 e do TSE de 2013 ";"Plano amostral e ponderação quanto a sexo, idade, grau de instrução e nível econômico do entrevistado, margem de erro e nível de confiança: Plano amostral e ponderação quanto a sexo, idade, grau de instrução e nível econômico do entrevistado; intervalo de confiança e margem de erro: Tamanho do universo: 4.219.655 (Dados do TSE de dezembro de 2013) Tamanho da amostra: Mínimo de 1.000 eleitores. Intervalo de confiança: 95%. Margem de Erro Amostral: Máxima de 3,0 pontos percentuais para mais ou para menos nos dados da amostra global.) entrevistas residenciais. d) Ponderação: por se tratar de amostragem probabilística estratificada às variáveis demográficas, a pesquisa é autoponderada, ou seja, as proporções do universo pesquisado estão contidas na amostra. e) Área física de realização da pesquisa";"Sistema interno de controle e verificação, conferência e fiscalização da coleta de dados e do trabalho de campo: Sistema interno de controle e verificação, conferência e fiscalização da coleta de dados e do trabalho de campo: Todo entrevistador foi previamente treinado para a realização desta prévia eleitoral, tanto na parte teórica como na prática, além de receberem as orientações específicas para esta pesquisa. Sendo um supervisor para cada equipe de quatro entrevistadores. A coleta de dados será feita por 05 equipes com um supervisor e entrevistadores. ";"Cidades do Estado de Goiás. ARAGUAPAZ ACREÚNA ÁGUAS LINDAS DE GOIÁS ANÁPOLIS - ( Jundiaí; Vila Jaiara; Centro; Bairro de Lourdes, Recanto do Sol, Paraiso, Jd. América, Aeroporto); ANICUNS APARECIDA DE GOIÂNIA ( Vila Brasília; Garavelo; Centro; Buriti Sereno; Bairro Independência); BARRO ALTO, CALDAS NOVAS CAMPINORTE CERES FAINA FORMOSA GOIANÉSIA GOIÂNIA Centro; Setor Oeste; Setor Sul; Campinas; Balneário Meia Ponte;Centro Oeste; Vila Nova; Jardim América; Setor Bueno; Pedro Ludovico; Parque das Laranjeiras; Redenção; Capuava; Canaã; Jardim Novo Mundo; Vila Pedroso; Setor Morais; Vera Cruz; Novo Horizonte; Sudoeste; Guanabara; Setor São Judas Tadeu; Finsocial; Nova Esperança; Jardim Curitiba; Primavera; GOIANIRA GOIÁS GOIATUBA INDIARA INHUMAS IPORÁ ITABERAÍ Itapirapuã ITAPURANGA ITUMBIARA JARAGUÁ JATAÍ JUSSARA LUZIÂNIA MARA ROSA MINAÇÚ Montes Claros MORRINHOS MOZARLÂNDIA NERÓPOLIS NIQUELÂNDIA NOVO GAMA PALMEIRAS DE GOIÁS PIRACANJUBA PLANALTINA PORANGATU POSSE RIO VERDE SANTA HELENA DE GOIÁS SANTO ANTONIO SÃO LUIZ DE MONTES BELOS SENADOR CANEDO TRINDADE URUAÇU VALPARAÍSO"
"27/02/2023";"15:36:19";2014;3;"Eleições Gerais 2014";"GO";"GO";"GOIÁS";"GO000952014";"2014-08-24 00:00:00";"#NE";"20240913000192";"MA+ CONSULTORIA E SERVICOS";"#NE";"Governador";"2014-08-22 00:00:00";"2014-08-24 00:00:00";308;"8925";"MARQUINANE MOURA BARROS";"945,40";"A metodologia da pesquisa foi do tipo qualitativa, com amostragem por quotas proporcionais a sexo, faixa etária, renda familiar e nível de escolaridade. O instrumento de coleta de dados foi com questões abertas e fechadas.";"Foi adotada o sistema de amostragem, utilizando quotas proporcionais, em função das seguintes variáveis:
BAIRRO, SEXO FAIXA ETÁRIA, RENDA FAMILIAR, GRAU DE ESCOLARIDADE E RELIGIÃO, utilizando
como referência, dados do TRE - GO.
O nível de confiança estimado é de 95% e a margem de erro máxima estimada considerando um modelo de
amostragem aleatório simples, é de 2 (Dois) pontos percentuais para mais ou para menos sobre os
resultados encontrados no total da amostra.";"Os trabalhos de campo, foram realizados por entrevistadores da MA+ CONSULTORIA E SERVIÇOS,
selecionados e treinados pela supervisão de campo. A tabulação e controle dos dados, foram realizados na sede da empresa na cidade de Aparecida de Goiânia - GO, sob o acompanhamento do estatístico responsável.";"AMOSTRAGEM POR MUNICIPIO: FAÍNA - GO - 308 ENTREVISTADOS
AMOSTRAGEM POR BAIRROS: CENTRO 88; VL SOUZA 61; PARQUE DA ROSA 41; JD MARACANÃ 38; JD GUANABARA 27; ZONA RURAL 10; NOVA ALVORADA 10; TAQUARIL 9; VL SOARES 9; VILA VIEIRA 8; SOL POENTE 4; OUTROS 3;
"
"27/02/2023";"15:36:19";2014;3;"Eleições Gerais 2014";"GO";"GO";"GOIÁS";"GO001112014";"2014-09-04 00:00:00";"#NE";"01403730000104";"EPP - EMPRESA DE PESQUISA E CONSULTORIA LTDA";"#NE";"Governador, Senador";"2014-09-05 00:00:00";"2014-09-07 00:00:00";1498;"8631";"Alexandre Vasconcelos Lima";"35000,00";"A metodologia utilizada foi pesquisa quantitativa do tipo survey, com aplicação de questionário face a face, sendo que a seleção do eleitor respeito o critério das cotas amostrais, proporcionais ao universo. Foi entrevista somente uma pessoa por domicílio. ";"Universo: Eleitores do Estado de Goiás, com 16 anos ou mais. Perfil dos entrevistados: Segmentação nas condições filtro da sondagem - sexo (masculino - 48,1% e feminino - 51,9%), faixa etária (16 a 24 anos - 16,91%, 25 a 34 anos - 23,81%, 35 a 44 anos - 21,21%, 45 a 59 anos - 23,54%, acima de 60 anos - 14,51%) e grau de instrução (analfabeto - 3,87%, ensino fundamental - 47,64%, ensino médio - 36,22%, superior - 12,27%). Sendo autoponderada para nível econômico. Nível de confiança = 95,0%. Margem de erro = 2,5% para mais ou para menos. Amostra: 1.498 eleitores. ";"Questionário estruturado com perguntas para respostas espontâneas e estimuladas. 20% das amostras foram checadas, garantindo se assim, a autenticidade e qualidade do trabalho. Processo de entrevistas tipo “ESCALA”, onde somente serão abordados, no máximo, dois moradores por quadra, necessariamente, residentes em lados opostos e com distância mínima de 03 casas. Os entrevistadores foram treinados pela empresa antes da aplicação dos questionários. ";"arquivo anexo."
"27/02/2023";"15:36:19";2014;3;"Eleições Gerais 2014";"GO";"GO";"GOIÁS";"GO001212014";"2014-09-11 00:00:00";"#NE";"10791900000158";"SILVANDETH VIEIRA DA SILVA ";"#NE";"Governador, Senador, Deputado Federal, Deputado Estadual";"2014-09-13 00:00:00";"2014-09-14 00:00:00";597;"8956";"Francy Anne Vieira Barbosa";"7000,00";"Acidental e Estratificada. Sendo pesquisado somente uma pessoa por residencia,depois de identificada como morador da mesma e eleitor da cidade.
Proporcional ao peso das variáveis de sexo,faixa etária e nível de instrução.












 ";"SEXO: MASCULINO 47,89%  FEMININO 52,11%
FAIXA ETÁRIA: 16 A 24 14,40% 25 A 34 21,18% 35 A 44 20,44% 45 A 59 25,20 60 ANOS ACIMA  18,78%
ESCOLARIDADE: ANALFABETO 4,21% ENSINO FUNDAMENTAL 52.02% ENSINO MEDIO 36,54% SUPERIOR COMPLETO 7,23%
      
";"As pesquisas serão realizadas por Palms com questionários,com perguntas espontâneas e estimuladas.Contando com uma equipe de 5 pesquisadores e fiscalizadas por um supervisor que fará a checagem de 10% das amostras,observando assim a veracidade das mesmas.";"CENTRO,ULISSES GUIMARÃES,DONA SINICA,SANTA MARIA,AFONSO PENNA,JARDIM AMERICA,LIBERDADE,SOCIAL,CELMA D'E ANGELIS,MARIA LUIZA MACHADO,ALTO DA BOA VISTA,NOVA AURORA,BRASILIA,FURNAS,PRIMAVERA,VILLAGE,MORUMBI,SANTOS DUMONT,NOVO HORIZONTE,PLANALTO,VILA VITORIA I E II, CIDADE JARDIM, VILA MUTIRÃO,MAROLINA,NORMA GIBALDI,LADARIO,SANTA HELENA,DIONARIA ROCHA,DONA GUEY,ALCIDES,DONA OLINTA,ZENON,JUCA,MORADA DOS SONHOS,SANTA INÊS,PARANAÍBA,FERREIRA DA COSTA."
"27/02/2023";"15:36:19";2014;3;"Eleições Gerais 2014";"GO";"GO";"GOIÁS";"GO001362014";"2014-09-19 00:00:00";"#NE";"01403730000104";"EPP - EMPRESA DE PESQUISA E CONSULTORIA LTDA";"#NE";"Governador, Senador";"2014-09-18 00:00:00";"2014-09-18 00:00:00";246;"8631";"Alexandre Vasconcelos Lima";"5000,00";"Pesquisa quantitativa, com aplicação de questionário face-a-face. Ouviu-se apenas uma pessoa por domicílio, depois de identificada como eleitora da cidade pesquisada.";"Dados Amostrais: - Universo: Eleitores do município de Itapaci (GO), com 16 anos ou mais. - Amostra: Foram ouvidos 246 eleitores. - Nível de confiança = 95,0%. - Margem de erro = 4,0% para mais ou para menos. - Período de Campo: A coleta de dados foi realizada no dia 18 de setembro de 2014, no horário compreendido entre 8h00 e 18h00. A pesquisa foi ponderada pelas variáveis sexo e faixa etária: SEXO: (masculino) 48,1% (feminino) 51,9%; IDADE: 16-24 16,91%; 25-34 23,81%; 35-44 21,21%; 45-59 23,54%; 60 e+ 14,51%. Está prevista eventual ponderação para correção das variáveis sexo e idade, com base nos percentuais anteriormente mencionados, caso ocorram diferenças superiores a 3 pontos percentuais entre o previsto na amostra e a coleta de dados realizada. Para as demais variáveis (grau de instrução e nível econômico) o fator previsto para a ponderação é igual a 1. ";"Controle Interno e Instrumental: - Questionário estruturado com perguntas para respostas espontâneas e estimuladas. - Equipe: entrevistadores devidamente treinados e uniformizados, acompanhados por supervisores de campo. - Todos os questionários passaram por filtro de qualidade ao retornarem de campo. Aproximadamente 20% das amostras foram checadas, garantindo-se assim a autenticidade do trabalho";"A pesquisa ocorreu na cidade de Itapaci-GO. As entrevistas foram realizadas nos seguintes bairros: Boa Vista, Centro, Jardim Paulistano, Jardim Presidente, Jardim Teles, Povoado Ponte Nova, Setor Aeroporto, Setor Almeida, Setor Gouveia, Setor Lago Azul, Setor Oeste, Setor Trindade, Setor Água Fria, Vila Nova, Vila Santana"
"27/02/2023";"15:36:19";2014;3;"Eleições Gerais 2014";"GO";"GO";"GOIÁS";"GO001652014";"2014-09-26 00:00:00";"#NE";"68802370000186";"IBOPE INTELIGÊNCIA PESQUISA E CONSULTORIA LTDA. ";"#NE";"Governador, Senador";"2014-09-26 00:00:00";"2014-10-01 00:00:00";812;"6208-A";"Márcia Cavallari Nunes";"54322,80";"Pesquisa quantitativa, que consiste na realização de entrevistas pessoais com a aplicação de questionário estruturado junto a uma amostra representativa do eleitorado em estudo.";"Representativa do eleitorado da área em estudo, elaborada em três estágios.
No primeiro estágio faz-se um sorteio probabilístico dos municípios, onde as entrevistas serão realizadas, pelo método PPT (Probabilidade Proporcional ao Tamanho), tomando o eleitorado como base para tal seleção.
No segundo estágio faz-se um sorteio probabilístico dos setores censitários, onde as entrevistas serão realizadas, pelo método PPT (Probabilidade Proporcional ao Tamanho), tomando a população de 16 anos ou mais residente nos setores como base para tal seleção. No terceiro e último estágio, dentro dos setores sorteados, os respondentes são selecionados através de quotas amostrais proporcionais em função de variáveis significativas, a saber: IDADE: 16-24 (masculino) 20% (feminino) 17%; 25-34 (masculino) 26% (feminino) 26%; 35-44 (masculino) 22% (feminino) 22%; 45-54 (masculino) 17% (feminino) 17%; 55 e+ (masculino) 16% (feminino) 18%; INSTRUÇÃO: Até Ensino Médio (masculino) 85% (feminino) 80%; Ensino Superior (masculino) 15% (feminino) 20%; NÍVEL ECONÔMICO: Economicamente ativo (masculino) 83% (feminino) 58%; Não Economicamente ativo (masculino) 17% (feminino) 42%. 
Está prevista eventual ponderação para correção das variáveis sexo e idade, com base nos percentuais anteriormente mencionados, caso ocorram diferenças superiores a 3 pontos percentuais entre o previsto na amostra e a coleta de dados realizada. Para as variáveis de grau de instrução e nível econômico do entrevistado, o fator previsto para ponderação é 1 (resultados obtidos em campo). O nível de confiança estimado é de 95% e a margem de erro máxima estimada considerando um modelo de amostragem aleatório simples, é de 3 (três) pontos percentuais para mais ou para menos sobre os resultados encontrados no total da amostra.
FONTE DOS DADOS: Censo 2010 | PNAD 2012 | TSE 2014 | Entre outras.
";"Para a realização da pesquisa, utiliza-se uma equipe de entrevistadores e supervisores contratados pelo IBOPE INTELIGÊNCIA PESQUISA E CONSULTORIA LTDA. devidamente treinados para o trabalho. Após os trabalhos de campo, os questionários são submetidos a uma fiscalização de cerca de 20% (vinte por cento) dos questionários aplicados pelos entrevistadores; para verificação das respostas e da adequação dos entrevistados aos parâmetros amostrais.";"A área de abrangência da coleta é o Estado de Goiás. A Relação de municípios selecionados para aplicação da amostra será apresentada até o 7º dia seguinte ao Registro da pesquisa, conforme expresso no art. 2º § 5º da resolução 23.400/2013 do TSE."
"27/02/2023";"15:36:19";2014;3;"Eleições Gerais 2014";"GO";"GO";"GOIÁS";"GO001812014";"2014-09-29 00:00:00";"#NE";"68802370000186";"IBOPE INTELIGÊNCIA PESQUISA E CONSULTORIA LTDA. ";"#NE";"Governador, Senador";"2014-09-29 00:00:00";"2014-10-04 00:00:00";812;"6208-A";"Márcia Cavallari Nunes";"54322,80";"Pesquisa quantitativa, que consiste na realização de entrevistas pessoais com a aplicação de questionário estruturado junto a uma amostra representativa do eleitorado em estudo.";"Representativa do eleitorado da área em estudo, elaborada em três estágios.
No primeiro estágio faz-se um sorteio probabilístico dos municípios, onde as entrevistas serão realizadas, pelo método PPT (Probabilidade Proporcional ao Tamanho), tomando o eleitorado como base para tal seleção.
No segundo estágio faz-se um sorteio probabilístico dos setores censitários, onde as entrevistas serão realizadas, pelo método PPT (Probabilidade Proporcional ao Tamanho), tomando a população de 16 anos ou mais residente nos setores como base para tal seleção. No terceiro e último estágio, dentro dos setores sorteados, os respondentes são selecionados através de quotas amostrais proporcionais em função de variáveis significativas, a saber:IDADE: 16-24 (masculino) 20% (feminino) 17%; 25-34 (masculino) 26% (feminino) 26%; 35-44 (masculino) 22% (feminino) 22%; 45-54 (masculino) 17% (feminino) 17%; 55 e+ (masculino) 16% (feminino) 18%; INSTRUÇÃO: Até Ensino Médio (masculino) 85% (feminino) 80%; Ensino Superior (masculino) 15% (feminino) 20%; NÍVEL ECONÔMICO: Economicamente ativo (masculino) 83% (feminino) 58%; Não Economicamente ativo (masculino) 17% (feminino) 42%. 
Está prevista eventual ponderação para correção das variáveis sexo e idade, com base nos percentuais anteriormente mencionados, caso ocorram diferenças superiores a 3 pontos percentuais entre o previsto na amostra e a coleta de dados realizada. Para as variáveis de grau de instrução e nível econômico do entrevistado, o fator previsto para ponderação é 1 (resultados obtidos em campo). O nível de confiança estimado é de 95% e a margem de erro máxima estimada considerando um modelo de amostragem aleatório simples, é de 3 (três) pontos percentuais para mais ou para menos sobre os resultados encontrados no total da amostra.
FONTE DOS DADOS: Censo 2010 | PNAD 2012 | TSE 2014 | Entre outras.
";"Para a realização da pesquisa, utiliza-se uma equipe de entrevistadores e supervisores contratados pelo IBOPE INTELIGÊNCIA PESQUISA E CONSULTORIA LTDA. devidamente treinados para o trabalho. Após os trabalhos de campo, os questionários são submetidos a uma fiscalização de cerca de 20% (vinte por cento) dos questionários aplicados pelos entrevistadores; para verificação das respostas e da adequação dos entrevistados aos parâmetros amostrais.";"A área de abrangência da coleta é o Estado de Goiás. A Relação de municípios selecionados para aplicação da amostra será apresentada até o 7º dia seguinte ao Registro da pesquisa, conforme expresso no art. 2º § 5º da resolução 23.400/2013 do TSE."
"27/02/2023";"15:36:19";2014;3;"Eleições Gerais 2014";"GO";"GO";"GOIÁS";"GO001822014";"2014-09-29 00:00:00";"#NE";"02678167000131";"SERPES - PESQUISAS DE OPINIÃO E MERCADO LTDA";"#NE";"Governador, Senador";"2014-09-29 00:00:00";"2014-10-03 00:00:00";801;"6221";"Rui Costa Abrantes";"34300,00";"Objetivos: Aferir a intenção de voto espontânea e estimulada dos candidatos a Governador de Goiás, Senador por Goiás e Presidente da República e respectivas rejeições mediante a aplicação de questionário estruturado à uma amostra representativa do universo do eleitorado de Estado de Goiás. Tipo de entrevista: Domiciliar e presencial em pelo menos 90% da amostra planejada; 10% ou menos em pontos de fluxo. ";"Tamanho do universo: 4331733 (Dados do TRE de julho de 2014) Tamanho da amostra: 801 eleitores. Nível de confiança: 95%. Margem de Erro Amostral: Máxima de 3,46 pontos percentuais para mais ou para menos nos dados da amostra global. Nos dados das amostras parciais (estratos), essa poderá ser maior. Tipo de amostra: Auto-ponderada por quotas proporcionais às existentes no universo de acordo com as variáveis e região geográfica. A seleção do eleitor no domicílio (um por domicílio) é acidental de acordo com as quotas de ponderação. Ponderação quanto ao sexo: 48% do sexo Masculino e 52% do sexo Feminino. Ponderação quanto à faixa etária: 16% de 16 a 24 anos, 24% de 25 a 34 anos, 29% de 35 a 49 anos e 31% de 50 anos ou mais. Ponderação quanto ao nível de instrução: 16% de Lê e escreve, 36% de Fundamental, 36% de Médio e 12% de Curso superior. Ponderação quanto ao nível socioeconômico: 20% de Alta e 80% de Baixa. Ponderação quanto a região: Capital 22%, Centro 21%, Norte 10%, Entorno 18%, Sul 11%, Sudoeste 12% e Noroeste 8%. ";"Todo entrevistador foi previamente treinado para a realização desta prévia eleitoral, tanto na parte teórica como na prática, além de receberem as orientações específicas para esta pesquisa. O SERPES coloca um supervisor para cada equipe de quatro entrevistadores. O supervisor tem a responsabilidade e é treinado para distribuir os entrevistadores nos diversos setores censitários, acompanhar, orientar, corrigir ou invalidar o trabalho deles e conferir por si ou por entrevistador designado 20% das entrevistas. A coleta de dados será feita por cinco equipes de um supervisor e quatro entrevistadores.";"#NULO#"
"27/02/2023";"15:36:19";2014;3;"Eleições Gerais 2014";"GO";"GO";"GOIÁS";"GO000182014";"2014-02-22 00:00:00";"#NE";"05281052000105";"Vega Pesquisa e Comunicação Ltda";"#NE";"Governador";"2014-02-23 00:00:00";"2014-02-23 00:00:00";300;"8631";"Alexandre Vasconcelos Lima ";"3000,00";"Metodologia de pesquisa: Pesquisa quantitativa, que consiste na realização de entrevistas domiciliares pessoais face-a-face, com a aplicação de questionários estruturados e padronizados junto a uma amostra representativa da população a ser pesquisada. Amostra probabilística estratificada pela variável regional, com base em dados do IBGE 2010 e do TSE de 2013";": Plano amostral e ponderação quanto a sexo, idade, grau de instrução e nível econômico do entrevistado; intervalo de confiança e margem de erro: Tamanho do universo: 47.730 (Dados do TSE de dezembro de 2013) Tamanho da amostra: Mínimo de 300 eleitores. Intervalo de confiança: 95%. Margem de Erro Amostral: Máxima de 4,0 pontos percentuais para mais ou para menos nos dados da amostra global.) entrevistas residenciais. d) Ponderação: por se tratar de amostragem probabilística estratificada às variáveis demográficas, a pesquisa é autoponderada, ou seja, as proporções do universo pesquisado estão contidas na amostra. e) Área física de realização da pesquisa: Novo Gama-GO";"Sistema interno de controle e verificação, conferência e fiscalização da coleta de dados e do trabalho de campo: Todo entrevistador foi previamente treinado para a realização desta prévia eleitoral, tanto na parte teórica como na prática, além de receberem as orientações específicas para esta pesquisa. Sendo um supervisor para cada equipe de quatro entrevistadores. A coleta de dados será feita por uma equipe de um supervisor e quatro entrevistadores. ";"Bairros: Novo Gama-GO
Parque Estrela Dalva
Parque Estrela Dalva VI
Centro Novo Gama
Jardim Boa Vista I
Jardim Boa Vista II
Boa Vista
Jardim Paiva
Lunabel
Jardim Lago Azul
Núcleo Residencial Santa Terezinha
Núcleo Residencial Brasília
Vila Boa Esperança
Pedregal
Vale do Pedregal
"
"27/02/2023";"15:36:19";2014;3;"Eleições Gerais 2014";"GO";"GO";"GOIÁS";"GO000602014";"2014-08-06 00:00:00";"#NE";"07397712000135";"INSTITUTO CALCULUS DE JORNALISMO E PESQUISA  LTDA";"#NE";"Deputado Estadual";"2014-08-05 00:00:00";"2014-08-08 00:00:00";400;"8631";"Alexandre Vasconcelos Lima";"5000,00";"Metodologia quantitativa survey, pesquisas endereçadas a bairros da cidade de Itumbiara/GO, executadas através de questionário estruturado aplicados por entrevistadores treinados.";"Ponderação quanto ao sexo: De sexo Masculino: 48%; de sexo Feminino: 52% - Ponderação quanto à faixa etária: 16 a 24 anos: 15,20%; 25 a 34 anos: 21,86%; 35 a 44 anos: 20,34%; 45 a 55 anos: 24,67%; 55 anos ou mais: 17,93%. - Ponderação quanto ao nível de instrução: Analfabeto: 4,35%; Primário: 19,31%; Fundamental: 39,53%; Médio 34,8%; Superior: 6,33%. A pesquisa é autoponderada para o nível sócio-econômico. Intervalo de confiança de 95% e margem de erro máxima de 4% pontos percentuais, para mais ou para menos.";"CONTROLE INTERNO/INSTRUMENTAL: - Questionário estruturado com perguntas para respostas espontâneas e estimuladas. - Equipe: 4 pesquisadores de campo uniformizados, 01 coordenador e 01 supervisor. Aproximadamente 20% das amostras foram chegadas, garantindo se assim, a autenticidade e qualidade do trabalho. Processo de entrevistas tipo “ESCALA”, onde somente serão abordados, no máximo, dois eleitores por quadra, necessariamente, residentes em lados opostos e com distância mínima de 05 casas. – RESULTADO DA PESQUISA: Em atendimento ao Art. 33, da Lei n. 9.504 e Instrução 112 do TSE, informamos que esta pesquisa não será divulgada antes do prazo, respeitando todas as exigências legais. ";"Pesquisa realizada no município de Itumbiara-GO. Bairros pesquisados: Marolina, Norma Gibaldi, Remi Martins, Sebastião de Moura, Ladário, Dionária Rocha, Vila Mutirão, Dom veloso, Cidade Jardim, Vila Vitória l e ll, Novo Horizonte, Planalto, Morada dos Sonhos, Olintha Guimarães, Zenom Borges, Dona Guri,Nova Veneza,Santos Dumont, Paranaíba, Santa Inez, Ferreira da Costa, Brasília, Vila de Furnas, Village Beira- Rio,Alto da Boa Vista, Nova Aurora, Jardim America, Região Central,Afonso Pena, Social, Jardim Liberdade. Selma Di Angelis, São Judas Tadeu, Luz, Buriti l, Buriti ll, Buriti lll, Vila Beatriz, Bairro Rodoviário, Karfan, Maria Luiza, Ulisses Guimarães,Dona Sinica, Nossa Senhora da Saúde, Santa Maria e Vila dos Machados e Morumbi. "
"27/02/2023";"15:36:19";2014;3;"Eleições Gerais 2014";"GO";"GO";"GOIÁS";"GO001842014";"2014-09-29 00:00:00";"#NE";"10791900000158";"SILVANDETH VIEIRA DA SILVA ";"#NE";"Governador, Senador, Deputado Federal, Deputado Estadual";"2014-10-01 00:00:00";"2014-10-02 00:00:00";598;"8956";"FRANCY ANNE VIEIRA BARBOSA";"7000,00";"ACIDENTAL E ESTRATIFICADA PROPORCIONAL AO PESO DAS VARIÁVEIS DE SEXO, FAIXA ETÁRIA E NÍVEL DE INSTRUÇÃO, SENDO ENTREVISTA SOMENTE UMA PESSOA POR RESIDÊNCIA DEPOIS DE IDENTIFICADO COMO ELEITOR DA CIDADE.";"MASCULINO: 47,77%, FEMININO 52.23%, FAIXA ETÁRIA: 16 Á 24 ANOS: 18,15%, DE 25 Á 34 ANOS: 25,81%, DE 35 Á 44 ANOS: 22,99%, DE 45 Á 59 ANOS: 21,22%, DE 60 ANOS ACIMA: 12,04%. ESCOLARIDADE: ANALFABETO: 4,68%, ENSINO FUNDAMENTAL: 56,27%, ENSINO MÉDIO: 34,91%, SUPERIOR: 4,14%.";"COM PALMS, COM QUESTIONÁRIOS DE PERGUNTAS ESPONTÂNEAS E ESTIMULADAS. AS ENTREVISTAS SERÃO REALIZADAS POR UMA EQUIPE DE 05 PESQUISADORES E FISCALIZADAS POR UM SUPERVISOR QUE FARÁ A CHECAGEM DE 10% DAS AMOSTRAS, VERIFICANDO ASSIM A VERACIDADE DAS MESMAS.";"CENTRO, VIEGAS 01 E 02, ROSÁRIO, SETOR AEROPORTO, VILA PORTUGUESA, VILA RORIZ, FUMAL, BAIRRO SÃO CAETANO, SANTA LUZIA, VILA JURACI, SETOR LESTE, PARQUE ESTRELA DALVA 1,2,3,4,5,6,7,8, MANDÚ 1 E 2, SANTA FÉ, SÃO JUDAS TADEU, JARDIM LUZILIA, VILA GUARÁ, PARQUE ALVORADA 1,2,3, JK, ALTO DAS CARAÍBAS, COPAÍBAS, SETOR NORTE MARAVILHA, JOFRE PARADA, SOL NASCENTE."
"27/02/2023";"15:36:19";2014;3;"Eleições Gerais 2014";"GO";"GO";"GOIÁS";"GO001982014";"2014-10-19 00:00:00";"#NE";"20252668000133";"Instituto ARTHUR OLIVEIRA OLIVEIRA -  M.E";"#NE";"Governador";"2014-10-20 00:00:00";"2014-10-24 00:00:00";1200;"8602";"Diogo de Mello Brito da Silva";"25000,00";"Pesquisa quantitativa, que consiste na realização de entrevistas pessoais e domiciliares, com a aplicação de questionário estruturado junto a uma amostra representativa do eleitorado em estudo. ";"1. Metodologia: a)	Margem de erro = 2,9% para mais ou para menos b)	Nível de confiança = 95% c)	Universo: 3.698.021 eleitores d)	Amostra: 1.200 questionários 1.1	Definição da Amostra: •	Filtro: ser residente no Estado de Goiás e estar em condições do exercício de voto. •	Entrevistas: Ambos os sexos, uniresidencias, por sorteio de quadras e domicílios. •	A seleção do eleitor é acidental, de acordo com as cotas de ponderação segundo sexo, idade, grau de instrução, nível socioeconômico e distribuição geográfica. •	Entrevistas estratificadas, urbanas/rurais, com a amostragem probabilística para todos os setores censitários – TRE-GO/IBGE. •	Coleta de dados: dias 20 a 24 de Outubro de 2014. 1.2 Variáveis de ponderação da amostra: 1.2.1 Sexo: a) Masculino = 48,3 % - b) Feminino = 51,7 % 1.2.2 Faixas etárias: a) De 16 a 24 = 17 %	b) De 25 a 34 = 24 %	c) De 35 a 44 = 22 %	d) De 45 a 59 = 22 % e) acima de 60 anos = 12 % 1.2.3 Instrução do Eleitor: a) Analfabeto =	4% b) Fundamental =	49% c) Médio	=	35% d) Superior	=	12% A pesquisa foi autoponderada para nível socioeconômico (peso da variável = 1). ";"Checagem de, pelo menos, 20% dos questionários aplicados através de Supervisores de campo. Cada grupo de 06 pesquisadores = 01 Supervisor de Checagem Identificação de nome e endereço do entrevistado nos questionários aplicados. Nos casos em que o entrevistado se disponha a fornecer o telefone, checagem aleatória de um mínimo de três questões respondidas, por cada grupo de 20 entrevistados. Processo de entrevista tipo “escada” onde somente serão abordados, no máximo, dois eleitores por face de quadra, necessariamente, residentes em lados opostos e com distância mínima de 10 casas. Vale ressaltar que os questionários foram distribuídos em todas as regiões administrativas do Estado de Goias, de acordo com o peso eleitoral de cada uma das cidades. A coleta de dados será feita entre os dias 20 a 24 de Outubro de 2014. Para a realização do trabalho em pauta, foram envolvidos os profissionais abaixo especificados: a) 16 (dezesseis) pesquisadores; b) 4 (quatro) coordenadores; c) 1 (um) tabulador; d) 1 (um) estatístico; e) 1 (um) responsável pela pesquisa. ";"Todas as regiões administrativas, urbanas em 60 (Sessenta) cidades, divididas em sete micro-regioes. Conforme segue abaixo : Região I = *Capital (20%) Região II = Centro (23%) : Aparecida de Goiânia*, Anapólis*, Senador Canedo,Trindade, Itaberaí, Goianira, Corumbá de Goiás, Inhumas, Neropólis, Guapó, Pirenopolis, Petrolina. Regiao III =	Entorno (18%) : Cidade Ocidental, Luziania, Formosa, Valparaizo, Aguas Lindas, Planaltina de Goiás, Novo Gama, Santo Antonio do Descoberto, Posse e Alvorada. Regiao IV =	Sudoeste (11%) : Rio Verde, Jataí, Mineiros, Santa Helena de Goias, Palmeiras de Goiás, Maurilândia, Quirinopolis, Acreuna, Indiara Região V =	Sul (11%) : Itumbiara, Caldas Novas, Morrinhos, Pontalina, Catalão, Ipameri, Pires do Rio, Bom Jesus, Goiatuba, Vianópolis. Região VI	=	Norte (9%) : Goianésia, Porangatu, Campinorte, Niquelandia, Uruaçu, Ceres, Jaragua,Mara Rosa, Itapaci. Regiao VII	=	Noroeste (8%) : Ipora, São Miguel do Araguaia, Cidade de Goiás, Faina, Anicuns, São Luiz Montes Belos, Mozarlândia, Nazario, Aragarças, Sanclelândia. •	Goiania* : Bairros a serem pesquisados : Centro, Jd. Guanabara, Vila Mutirão, Nova Esperança, Parque Atheneu, Setor Pedro Ludovico, Setor Novo Horizonte, Setor Sul, Jardim América, Vila Nova. •	Anapolis* : Centro, Jundiai, Bairro Nossa Senhora de Lourdes, Setor Maracanã, Vila Jaiara, Bairro JK, Calixtopolis •	Aparecida de Goiânia* : Centro, Setor Garavelo, Setor Cidade Livre, Bairro Independência, Cruzeiro do Sul, Madre Germana, Papillom Parque. "
"27/02/2023";"15:36:19";2014;3;"Eleições Gerais 2014";"GO";"GO";"GOIÁS";"GO000482014";"2014-07-15 00:00:00";"#NE";"05850850000100";"Fortiori Pesquisa Diagnóstico e Marketing Ltda";"#NE";"Governador, Senador";"2014-07-11 00:00:00";"2014-07-15 00:00:00";800;"8631.";"Alexandre Vasconcelos Lima";"30000,00";"A pesquisa da Fortiori é uma pesquisa quantitativa, através de realização de entrevistas pessoais, por abordagem randômica, com aplicação de questionários junto à amostra definida da população";"Universo – eleitores residentes e domiciliados no Estado de Goiás. Tipo de amostra – amostra não probabilística, por cotas proporcionais às variáveis sexo, idade, grau de instrução e local de moradia. Tamanho da amostra – 800 entrevistas. Sexo Homens = 50% Mulheres = 50% Idade 16 a 24 anos = 23% 25 a 34 anos = 28% 35 a 49 anos = 28% 50 e mais = 22% Escolaridade Primário = 24% 1º grau = 50% 2º grau = 23% Superior = 4% Nível Sócio Econômico A – 5% B – 10% C – 20% D – 30% E – 35% Para um intervalo de confiança de 95%, a pesquisa apresenta margem de erro máxima de 3,4%.";"Sistema interno de controle e fiscalização Trabalho de coleta de dados será feito por 17 entrevistadores devidamente treinados e acompanhado in loco por 5 supervisores. Será feita uma checagem de 20% ainda no campo e de mais 10% através do telefone";"Goiânia - Centro; St. Oeste; St.Sul; Campinas; Balneário Meia Ponte;Centro Oeste; Vila Nova; Jardim América; St. Bueno; Pedro Ludovico; Parque das Laranjeiras; Capuava; Canaã; Jd. Novo Mundo; Vila Pedroso; Vera Cruz; Novo Horizonte; Sudoeste; Guanabara; St. São Judas Tadeu; Finsocial; Nova Esperança; Jd. Curitiba; Jd. Primavera; Senador Canedo; Inhumas;Itauçu;Brazabrantes; Bela Vista; Hidrolândia; Guapó; Teresópolis; Trindade; Anápolis( Jundiaí; Vila Jaiara; Centro; Br. Lourdes; Jd. América); Aparecida de Goiânia( Vila Brasília; Garavelo; Centro; Buriti Sereno; Br. Independência); Itumbiara; Caldas Novas; Santa Crus de Goiás; Goiatuba; Morrinhos; Catalão; Pires do Rio; Ipameri; Urutaí; Rio Verde; Jataí; Quirinópolis; Santa Helena; Acreúna;Indiara; Santo Antônio da Barra; Palmeiras; Ceres; Jaraguá; São Francisco; Goianésia; Porangatu; Uruaçu; Niquelândia; Iporá; Goiás; São Luiz de Montes Belos; Itaberaí; Itapuranga; Sanclerlândia; Fazenda Nova; Luziânia; Formosa; Águas Lindas; Alexânia; Abadiânia; Valparaíso;Corumbá; Pirinópolis; Santo Antônio do Descoberto; Posse; Iaciara; Alvorada do Norte."
"27/02/2023";"15:36:19";2014;3;"Eleições Gerais 2014";"GO";"GO";"GOIÁS";"GO000542014";"2014-07-28 00:00:00";"#NE";"68802370000186";"IBOPE INTELIGÊNCIA PESQUISA E CONSULTORIA LTDA. ";"#NE";"Governador, Senador";"2014-07-29 00:00:00";"2014-08-02 00:00:00";812;"6208-A";"Márcia Cavallari Nunes";"54322,80";"Pesquisa quantitativa, que consiste na realização de entrevistas pessoais, com a aplicação de questionário estruturado junto a uma amostra representativa do eleitorado em estudo.";"Representativo do eleitorado da área em estudo, elaborada em três estágios. No primeiro estágio faz-se um sorteio probabilístico dos municípios, onde as entrevistas serão realizadas, pelo método PPT (Probabilidade Proporcional ao Tamanho), tomando o eleitorado como base para tal seleção. No segundo estágio faz-se um sorteio probabilístico dos setores censitários, onde as entrevistas serão realizadas, pelo método PPT (Probabilidade Proporcional ao Tamanho), tomando a população de 16 anos ou mais residente nos setores como base para tal seleção. No terceiro e último estágio, dentro dos setores sorteados, os respondentes são selecionados através de quotas amostrais proporcionais em função de variáveis significativas, a saber: IDADE: 16-24 (masculino) 20% (feminino) 18%; 25-34 (masculino) 25% (feminino) 25%; 35-44 (masculino) 21% (feminino) 21%; 45-54 (masculino) 16% (feminino) 17%; 55 e+ (masculino) 18% (feminino) 20%; INSTRUÇÃO: Até Ensino Médio (masculino) 85% (feminino) 80%; Ensino Superior (masculino) 15% (feminino) 20%; NÍVEL ECONÔMICO: Economicamente ativo (masculino) 82% (feminino) 57%; Não Economicamente ativo (masculino) 18% (feminino) 43%. Está prevista eventual ponderação para correção das variáveis sexo e idade, com base nos percentuais anteriormente mencionados, caso ocorram diferenças superiores a 3 pontos percentuais entre o previsto na amostra e a coleta de dados realizada. Para as variáveis de grau de instrução e nível econômico do entrevistado, o fator previsto para ponderação é 1 (resultados obtidos em campo). O nível de confiança estimado é de 95% e a margem de erro máxima estimada considerando um modelo de amostragem aleatório simples, é de 3 (três) pontos percentuais para mais ou para menos sobre os resultados encontrados no total da amostra. FONTE DOS DADOS: Censo 2010 | PNAD 2012 | TSE 2012 | Entre outras.
";"Para a realização da pesquisa, utiliza-se uma equipe de entrevistadores e supervisores contratados pelo IBOPE INTELIGÊNCIA PESQUISA E CONSULTORIA LTDA. devidamente treinados para o trabalho. Após os trabalhos de campo, os questionários são submetidos a uma fiscalização de cerca de 20% (vinte por cento) dos questionários aplicados pelos entrevistadores; para verificação das respostas e da adequação dos entrevistadores aos parâmetros amostrais.";"A área de abrangência da coleta é o Estado de Goiás. A relação dos municípios selecionados para aplicação da amostra será apresentada até o 7º dia seguinte ao registro da pesquisa, conforme expresso no art. 2º, §5º da Resolução 23.400/2013 do TSE."
"27/02/2023";"15:36:19";2014;3;"Eleições Gerais 2014";"GO";"GO";"GOIÁS";"GO001082014";"2014-09-02 00:00:00";"#NE";"06972255000100";"INSTITUTO NEROPOLINO DE PESQUISA-LTDA";"#NE";"Governador, Senador, Deputado Federal, Deputado Estadual";"2014-09-03 00:00:00";"2014-09-04 00:00:00";1002;"8631";"Alexandre Vasconcelos Lima";"7000,00";"A metodologia aplicada foi pesquisa do tipo quantitativa “survey”, que é constituída em entrevistas endereçadas a setores censitários da cidade Rio Verde - Goiás, executadas através de questionário estruturado e questões para respostas espontâneas e estimuladas. A amostra foi estratificada nas condições filtro da sondagem – faixa etária idade igual ou superior a idade eleitoral, residência fixa e presença na respectiva região da pesquisa.   ";"A pesquisa seguiu a seguinte metodologia: 
a) Universo: Eleitores de Rio Verde - Goiás;
b) Tamanho da Amostra: 1.002 eleitores;
c) Nível de Confiança: 95 %.
d) Margem Máxima de Erro: 3,0 % pontos percentuais para mais ou para menos;
e) Tipo de Amostra: por sorteio de quadras e domicílios em cada quadra. A seleção do eleitor é acidental de acordo com as cotas de ponderação – segundo sexo, idade e nível de escolaridade.  
f) Pesos dos extratos da população e da amostra: 
f1) Sexo: 
- masculino: 49,9%;  e  
- feminino 50,1%; 
f2) Faixa etária: 
- 16 a 24 anos = 17,1%;
- 25 a  34 anos = 25,9%
- 35 a  44 anos = 20,2%; 
- 45 a 59 anos = 22,6 %; e
- + de 60 anos = 14,7%;    
f3) Instrução: 
- Analfabeto  = 4,9%;
- Fundamental = 59,2%; 
- Médio = 29,3%; e 
- Superior = 6,9%.
A pesquisa foi autoponderada para a variável nível econômico.";"Os pesquisadores foram treinados antes da aplicação do estudo. Há acompanhamento de um supervisor de campo, a fim de realizar a verificação ""in loco"". Após a coleta dos dados, os questionários são digitados e checados (verificar a consistência dos dados). Por amostragem aleatória, cerca de 20% das entrevistas foram objeto de monitoramento garantindo-se, assim, por visão randômica, a autenticidade do preenchimento dos questionários. Em relação a fidedignidade da amostra, 100% dos questionários foram objeto de critica.";"A pesquisa foi realizada na cidade de Rio Verde-GO, nas seguintes localidades:
Região 01: Centro, Jardim Goiás.
Região 02: Setor Renovação, Vila Mariana, Jardim Margarida, Vila Mutirão, Setor São Thomaz, Setor Gameleira, Setor Promissão.
Região 03: Setor Morada do Sol, Setor Presidente, Setor Campestre, Parque das Laranjeiras, Setor Elionora, Vila Verde, Setor Universitario, Setor Olinda.
Região 04: Setor Canaã, Setor Mordali, Setor Serpró, Setor Bethel, Setor Menezes, Setor Dona Alta.
Regiões 05: Jardim America, Bairro Martins, Vila Borges, Setor Medeiros, Setor Pauzanes.
Regiões 06: Setor Popular, Setor Valdeci Pires, Setor Dom Miguel, Setor Primavera, Parque Eldorado.
Região 07: Setor Bandeirantes, Vila Maria, Setor Antonio Lisboa, Setor Santo Augustinho, Setor Carolina, Vila Rocha. "
"27/02/2023";"15:36:19";2014;3;"Eleições Gerais 2014";"GO";"GO";"GOIÁS";"GO001102014";"2014-09-03 00:00:00";"#NE";"05281052000105";"Vega Pesquisa e Comunicação Ltda";"#NE";"Governador, Senador";"2014-09-03 00:00:00";"2014-09-04 00:00:00";1000;"8631";"Alexandre Vasconcelos Lima ";"20000,00";"Metodologia de pesquisa: Pesquisa quantitativa, que consiste na realização de entrevistas domiciliares pessoais face-a-face, com a aplicação de questionários estruturados e padronizados junto a uma amostra representativa da população a ser pesquisada. Amostra probabilística estratificada pela variável regional, com base em dados do IBGE 2010 e do TSE de 2013";" Plano amostral e ponderação quanto a sexo, idade, grau de instrução e nível econômico do entrevistado, margem de erro e nível de confiança: Plano amostral e ponderação quanto a sexo, idade, grau de instrução e nível econômico do entrevistado; intervalo de confiança e margem de erro: Tamanho do universo: 558.417
(Dados do TSE de dezembro de 2013) Tamanho da amostra: Mínimo de 1.000 eleitores. Intervalo de confiança: 95%. Margem de Erro Amostral: Máxima de 3,5 pontos percentuais para mais ou para menos nos dados da amostra global.) entrevistas residenciais. d) Ponderação: por se tratar de amostragem probabilística estratificada às variáveis demográficas, a pesquisa é autoponderada, ou seja, as proporções do universo pesquisado estão contidas na amostra. e) Área física de realização da pesquisa ";"Sistema interno de controle e verificação, conferência e fiscalização da coleta de dados e do trabalho de campo: Sistema interno de controle e verificação, conferência e fiscalização da coleta de dados e do trabalho de campo: Todo entrevistador foi previamente treinado para a realização desta prévia eleitoral, tanto na parte teórica como na prática, além de receberem as orientações específicas para esta pesquisa. Sendo um supervisor para cada equipe de quatro entrevistadores. A coleta de dados será feita por 04 equipes com um supervisor e entrevistadores. ";"10 Cidades do Entorno de Brasilia a saber:PADRE BERNARDO 
Jardim das Acácias
Setor Bela Vista
Setor Central
Setor Divinópolis
Setor Leste
Setor Oeste
CENTRO
SETOR LESTE


CIDADE OCIDENTAL 
Dom Bosco
MORADA DAS GARÇAS
Parque Nápolis I e II
Parque Nova Friburgo 
CENTRO
Mansões Recreio Estrela D'Alva II E III
Ocidental Parque
Mansões Suleste 
Parque Araguari
Vila Suiça






NOVO GAMA 
Boa Vista
Chácaras Araguaia
Jardim Lago Azul
Loteamento Lunabel 3A, 3B, 3C 3H
Mansões das Andorinhas
Mansões de Recreio Estrela Dalva VII-A e B
Núcleo Habitacional Novo Gama
Parque Estrela Dalva VI (Pedregal)
Parque Nova Brasília
Residencial Alvorada
Residencial Brasília
Residencial Paraíso
Residencial Santa Luzia
Vale do Pedregal


SANTO ANTONIO DO DESCOBERTO
CENTRO 
SETOR BEIRA RIO
VILA PARAISO
VILA MARIA AUXILIADORA
VILA MONTES CLAROS
PARQUE ESTRELA DALVA XI ao XVII
VILA BETHEL
VILA ESPERANÇA
PARQUE ANA BEATRIZ I e II
CENTRO
VILA ESPERANÇA
PARK ESTRELA DALVA


LUZIANIA
Centro
Cidade Jardim Marília
Diogo Machado de Araújo
Jardim América
Jardim Bandeirante
Jardim Brasília Sul”
Jardim do Ingá
“Jardim Europa
Jardim Luzília
Jardim Planalto
Jardim Umuarama Setor 1 AO 7
Jardim Zuleika
Luzília Parque
Mansões de Recreio Estrela Dalva II,IV,V,VI,VIII
Parque Alvorada I,II,III
Parque Desportivo Brasília Roosevelt
Parque Estrela Dalva I AO X 
Parque Industrial Mingone
Parque JK
Parque Nova Iguaçu
Parque Paulistano Gleba A E B
Parque Residencial Faro
Parque Sol Nascente
Residencial Alto das Caraíbas
Rosário
São Caetano
Setor Fumal
Setor Leste
Setor Mandu I e II
Vila Guará
Vila Juracy



ÁGUAS LINDAS DE GOIAS 
Camping Clube
Chácaras do Entorno
Cidade do Entorno
Cidade Jardim
Condomínio Residencial Embaixador
Jardim América I AO VI
Jardim Brasília
Jardim da Barragem I AO VI
Jardim das Oliveiras I,II
Jardim dos Pinheiros
Jardim Guaíra I,II
Jardim Pepita
Jardim Pérola da Barragem I E II
Jardim Recanto
Jardim Santa Lúcia
Mansões Samurai
Mansões Village
Parque da Barragem Setor 01 AO 16
Parque das Águas Bonitas I E II
Recreio das Águas Lindas I A III


VAL PARAISO 
Chácaras Anhangüera
Cidade Jardins
Ipiranga
Jardim Céu Azul
Jardim dos Ipês
Morada Nobre
Novo Jardim Oriente
Pacaembu
Parque das Flores”
Parque Esplanada I AO V
Parque Marajo
Parque Rio Branco
Parque São Bernardo
Setor de Chácaras Anhangüera A  a C
Valparaiso I - Etapa A a E
Valparaiso II



FORMOSA
45 BAIRROS    HAB. 68.771
Centro
Chácaras do Abreu
Formosinha
Jardim Califórnia
Jardim das Américas
Jardim das Oliveiras
Jardim Triângulo
Parque da Colina I e II
Parque das Laranjeiras
Parque Lago
Parque Laguna 
Parque Vila Verde
Setor Bela Vista
Setor Bosque I e II
Setor Industrial 
Setor Nordeste
Setor Sul



PLANALTINA 
Brasilinha 16 (Panorama)
Brasilinha 17
Itapuã I e II
Jardim das Paineiras
Jardim das Palmeiras
Jardim Paquetá I e II
Parque da Gávea
Parque do Sol Nascente I e II 
Santa Rita
Setor Aeroporto (Barrolândia e Mutirão
Setor Leste
Setor Norte
Setor Oeste
Setor Sul


CRISTALINA 
Bairro Belvedere
Bairro Rio de Janeiro
Jardim Planalto
Setor Aeroporto
Setor Central
Setor Norte
Setor Oeste
Setor Sul I e II
Zona Sul Nova
"
"27/02/2023";"15:36:19";2014;3;"Eleições Gerais 2014";"GO";"GO";"GOIÁS";"GO001222014";"2014-09-11 00:00:00";"#NE";"10791900000158";"SILVANDETH VIEIRA DA SILVA ";"#NE";"Governador, Senador, Deputado Federal, Deputado Estadual";"2014-09-13 00:00:00";"2014-09-14 00:00:00";598;"8956";"Francy Anne Vieira Barbosa";"8200,00";"Acidental e Estratificada ao peso das variáveis de Sexo,Faixa Etária, Nível de instrução. Sendo entrevistados somente uma pessoa por residencia,depois de identificado como morador da mesma e eleitor da cidade.";"SEXO: MASCULINO 47,77% FEMININO 52,23%
FAIXA ETÁRIA: 16 A 24 18,15% 25 A 34 25,61% DE 35 A 44 22,99% DE 45 A 59 21,22% DE 60 ANOS ACIMA 12,04
ESCOLARIDADE: ANALFABETO 4,68% ENSINO FUNDAMENTAL 56,27% ENSINO MÉDIO 34,91 SUPERIOR COMPLETO 4,14%";"A coleta sera realizada com Palms com questionários,com perguntas espontâneas e estimuladas.As entrevistas serão realizadas por uma equipe de 5 pesquisadores e fiscalizadas por supervisor que fará a checagem de 10% das amostras verificando assim a veracidade das amostras.";"CENTRO,VIEGAS I E II,ROSARIO,SETOR AEROPORTO,VILA PORTUGUESA,VILA RORIZ,FUMAL,SÃO CAETANO,SANTA LUCIA,VILA JURACI,SETOR LESTE,PARQUE ESTRELA D'ALVA 0 AO 8 , MANDU I E II, SANTA FÉ,SAO JUDAS TADEU,JARDIM LUZILIA,PARQUE LUZILIA,VILA GUARA,PARQUE TRES PODERES,PARQUE ALVORADA I ,II E III,SETOR NORTE SERRINHA,JK,ALTO DAS CARAIBAS,JARDIM BRASILIA SUL,JARDIM SION,COPAIBAS,JARDIM BANDEIRAS,SETOR KENNEDY,SHIS,SETOR NORTE MARAVILHA,JOFRE PARADA,VILA SÃO JOSE,VILA ESPERANÇA,VILA SANTA LUZIA,SOL NASCENTE,FRACAROLLI,CIDADE OSFAYA,JARDIM EUROPA,MINGONE II FARO,JARDIM MARÍLIA,JARDIM FLAMBOYANT,JARDIM PLANALTO,CRUZEIRO DO SUL,NOVA IGUAÇU,JARDIM JOCKEY CLUBE,ZULEIKA,SETOR DE CHACARAS MARAJOARA,JARDIM INGÁ,MANSÕES RECREIO ESTRELA DALVA,PARQUE BELO HORIZONTE,SETOR DE CHACARAS VERA CRUZ,MINGONE I ."
"27/02/2023";"15:36:19";2014;3;"Eleições Gerais 2014";"GO";"GO";"GOIÁS";"GO001142014";"2014-09-06 00:00:00";"#NE";"00654576000172";",INSTITUTO   VERITÁ   LTDA  epp";"#NE";"Governador, Senador";"2014-09-08 00:00:00";"2014-09-10 00:00:00";2203;"7439 / 6ª Região";"Leonard Mendonça de Assis";"70000,00";"Pesquisa quantitativa, que consiste na realização de entrevistas pessoais, com a aplicação de questionários estruturados e padronizados junto a uma amostra representativa do eleitorado do estado de GOIÁS ";"a) Público pesquisado: Eleitores residentes no Estado de GOIÁS e inscritos para votar neste estado b) tipo de amostra: A amostragem será realizada da seguinte forma: 1. Estratificação do estado por agrupamento de Microrregiões obedecendo critério geográfico e Porte dos municípios 2. Tamanho de cada estrato foi definido proporcional ao número de eleitores inscritos em cada um destes 3. Divisão em estratos contendo aproximadamente o mesmo número de eleitores 4. Seleção dos entrevistados utilizando entrevistas domiciliares obedecendo um quadro de idade e sexo gerado de maneira aleatória por um software estatístico, usando as proporções de idade e sexo descritas neste plano 5. Está prevista adoção de entrevistas em locais de trabalho ou em pontos de fluxo. Estes serão utilizados onde os locais sorteados não permitam adoção de entrevistas domiciliares Ponderação: Esta pesquisa é autoponderada (peso = 1) para idade e sexo, obedecendo as proporções descritas a seguir: SEXO: FEMININO 51,7% / MASCULINO 48,3% Idade FEMININO 16 A 24 ANOS 17,50% FEMININO 25 A 34 ANOS 24,42% FEMININO 35 A 44 ANOS 21,28% FEMININO 45 A 59 ANOS 23,02% FEMININO 60 ANOS OU MAIS 13,78% MASCULINO 16 A 24 ANOS 18,23% MASCULINO 25 A 34 ANOS 24,27% MASCULINO 35 A 44 ANOS 20,89% MASCULINO 45 A 59 ANOS 22,55% MASCULINO 60 ANOS OU MAIS 14,06% Também está prevista ponderação por Nivel econômico e instrução, obedecendo as proporções descritas a seguir: Nível Econômico FEMININO Não PEA 48,89% FEMININO PEA 51,11% MASCULINO Não PEA 26,18% MASCULINO PEA 73,82% Nível de Instrução FEMININO Analfabeto até Ensino Médio incompleto 60,46% FEMININO Ensino médio comleto, superior ou mais 39,54% MASCULINO Analfabeto até Ensino Médio incompleto 67,45% MASCULINO Ensino médio completo, superior ou mais 32,55% c) Intervalo de Confiança/Margem de Erro: Para este planejamento amostral, considerando-se um intervalo de confiança de 95%, é esperado um erro máximo de 2.09 pontos percentuais na estimação da proporção das intenções de voto dos candidatos. d) Área física: ESTA PESQUISA MEDIRÁ APENAS O ESTADO DE GOIÁS, serão sorteados aproximadamente 40 municípios ";"Para a realização da pesquisa será utilizada uma equipe de entrevistadores e supervisores devidamente treinada para este trabalho. Após os trabalhos de campo, os questionários são submetidos a uma fiscalização que consiste no retorno a campo de 20% dos questionários aplicados individualmente pelos entrevistadores, para verificação das respostas e da adequação dos entrevistados aos parâmetros amostrais. ";"#NULO#"
"27/02/2023";"15:36:19";2014;3;"Eleições Gerais 2014";"GO";"GO";"GOIÁS";"GO001962014";"2014-10-18 00:00:00";"#NE";"00654576000172";",INSTITUTO   VERITÁ   LTDA  epp";"#NE";"Governador";"2014-10-21 00:00:00";"2014-10-23 00:00:00";2203;"7439 / 6ª Região ";"Leonard Mendonça de Assis";"70000,00";" Pesquisa quantitativa, que consiste na realização de entrevistas pessoais, com a aplicação de questionários estruturados e padronizados junto a uma amostra representativa do eleitorado do estado de GOIÁS ";" a) Público pesquisado: Eleitores residentes no Estado de GOIÁS e inscritos para votar neste estado b) tipo de amostra: A amostragem será realizada da seguinte forma: 1. Estratificação do estado por agrupamento de Microrregiões obedecendo critério geográfico e Porte dos municípios 2. Tamanho de cada estrato foi definido proporcional ao número de eleitores inscritos em cada um destes 3. Divisão em estratos contendo aproximadamente o mesmo número de eleitores 4. Seleção dos entrevistados utilizando entrevistas domiciliares obedecendo um quadro de idade e sexo gerado de maneira aleatória por um software estatístico, usando as proporções de idade e sexo descritas neste plano 5. Está prevista adoção de entrevistas em locais de trabalho ou em pontos de fluxo. Estes serão utilizados onde os locais sorteados não permitam adoção de entrevistas domiciliares Ponderação: Esta pesquisa é auto-ponderada (peso = 1) para idade e sexo, obedecendo as proporções descritas a seguir: SEXO: FEMININO 51,7% / MASCULINO 48,3% Idade FEMININO 16 A 24 ANOS 17,50% FEMININO 25 A 34 ANOS 24,42% FEMININO 35 A 44 ANOS 21,28% FEMININO 45 A 59 ANOS 23,02% FEMININO 60 ANOS OU MAIS 13,78% MASCULINO 16 A 24 ANOS 18,23% MASCULINO 25 A 34 ANOS 24,27% MASCULINO 35 A 44 ANOS 20,89% MASCULINO 45 A 59 ANOS 22,55% MASCULINO 60 ANOS OU MAIS 14,06% Também está prevista ponderação por Nível econômico e instrução, obedecendo as proporções descritas a seguir: Nível Econômico FEMININO Não PEA 48,89% FEMININO PEA 51,11% MASCULINO Não PEA 26,18% MASCULINO PEA 73,82% Nível de Instrução FEMININO Analfabeto até Ensino Médio incompleto 60,46% FEMININO Ensino médio completo, superior ou mais 39,54% MASCULINO Analfabeto até Ensino Médio incompleto 67,45% MASCULINO Ensino médio completo, superior ou mais 32,55% c) Intervalo de Confiança/Margem de Erro: Para este planejamento amostral, considerando-se um intervalo de confiança de 95%, é esperado um erro máximo de 2.09 pontos percentuais na estimação da proporção das intenções de voto dos candidatos. d) Área física: ESTA PESQUISA MEDIRÁ APENAS O ESTADO DE GOIÁS, serão sorteados aproximadamente 40 municípios. ";"Para a realização da pesquisa será utilizada uma equipe de entrevistadores e supervisores devidamente treinada para este trabalho. Após os trabalhos de campo, os questionários são submetidos a uma fiscalização que consiste no retorno a campo de 20% dos questionários aplicados individualmente pelos entrevistadores, para verificação das respostas e da adequação dos entrevistados aos parâmetros amostrais. ";"#NULO#"
"27/02/2023";"15:36:19";2014;3;"Eleições Gerais 2014";"GO";"GO";"GOIÁS";"GO000332014";"2014-05-17 00:00:00";"#NE";"05281052000105";"Vega Pesquisa e Comunicação Ltda";"#NE";"Governador, Senador";"2014-05-17 00:00:00";"2014-05-20 00:00:00";1000;"8631 ";"Alexandre Vasconcelos Lima ";"20000,00";"Metodologia de pesquisa: Pesquisa quantitativa, que consiste na realização de entrevistas domiciliares pessoais face-a-face, com a aplicação de questionários estruturados e padronizados junto a uma amostra representativa da população a ser pesquisada. Amostra probabilística estratificada pela variável regional, com base em dados do IBGE 2010 e do TSE de 2013";"Plano amostral e ponderação quanto a sexo, idade, grau de instrução e nível econômico do entrevistado; intervalo de confiança e margem de erro: Tamanho do universo: 4.219.655 (Dados do TSE de dezembro de 2013) Tamanho da amostra: Mínimo de 1.000 eleitores. Intervalo de confiança: 95%. Margem de Erro Amostral: Máxima de 3,0 pontos percentuais para mais ou para menos nos dados da amostra global.) entrevistas residenciais. d) Ponderação: por se tratar de amostragem probabilística estratificada às variáveis demográficas, a pesquisa é autoponderada, ou seja, as proporções do universo pesquisado estão contidas na amostra. e) Área física de realização da pesquisa ";"Sistema interno de controle e verificação, conferência e fiscalização da coleta de dados e do trabalho de campo: Todo entrevistador foi previamente treinado para a realização desta prévia eleitoral, tanto na parte teórica como na prática, além de receberem as orientações específicas para esta pesquisa. Sendo um supervisor para cada equipe de quatro entrevistadores. A coleta de dados será feita por 05 equipes com um supervisor e entrevistadores. ";"Cidades do Estado de Goiás.
ARAGUAPAZ
ACREÚNA
ÁGUAS LINDAS DE GOIÁS

ANÁPOLIS - ( Jundiaí; Vila Jaiara; Centro; Bairro de Lourdes, Recanto do Sol, Paraiso, Jd. América, Aeroporto);

ANICUNS
APARECIDA DE GOIÂNIA ( Vila Brasília; Garavelo; Centro; Buriti Sereno; Bairro Independência);
BARRO ALTO
BOM JESUS DE GOIÁS
CALDAS NOVAS
CAMPINORTE 
CERES
FAINA
FORMOSA
GOIANÉSIA

GOIÂNIA Centro; Setor Oeste; Setor Sul; Campinas; Balneário Meia Ponte;Centro Oeste; Vila Nova; Jardim América; Setor Bueno; Pedro Ludovico; Parque das Laranjeiras; Redenção; Capuava; Canaã; Jardim Novo Mundo; Vila Pedroso; Setor Morais; Vera Cruz; Novo Horizonte; Sudoeste; Guanabara; Setor São Judas Tadeu; Finsocial; Nova Esperança; Jardim Curitiba; Primavera; 

GOIANIRA
GOIÁS
GOIATUBA
INDIARA
INHUMAS
IPORÁ
ITABERAÍ
Itapirapuã
ITAPURANGA
ITUMBIARA
JARAGUÁ
JATAÍ
JUSSARA
LUZIÂNIA
MARA ROSA
MINAÇÚ
Montes Claros
MORRINHOS
MOZARLÂNDIA
NERÓPOLIS
NIQUELÂNDIA
NOVO GAMA
PALMEIRAS DE GOIÁS
PIRACANJUBA
PLANALTINA
PORANGATU
POSSE
RIO VERDE
SANTA HELENA DE GOIÁS
SANTO ANTONIO
SÃO LUIZ DE MONTES BELOS
SENADOR CANEDO
TRINDADE
URUAÇU
VALPARAÍSO

"
"27/02/2023";"15:36:19";2014;3;"Eleições Gerais 2014";"GO";"GO";"GOIÁS";"GO000592014";"2014-08-05 00:00:00";"#NE";"01096445000180";"GRUPOM CONSULTORIA EMPRESARIAL LTDA";"#NE";"Governador, Senador";"2014-08-04 00:00:00";"2014-08-07 00:00:00";1011;"6221";"RUI COSTA ABRANTES";"51500,00";"Pesquisa quantitativa, que consiste na realização de entrevistas pessoais e domiciliares, com a aplicação de questionário estruturado junto a uma amostra representativa do eleitorado em estudo. ";"Representativa do eleitorado da área em estudo, elaborada em dois momentos. No primeiro momento faz-se um sorteio probabilístico dos setores censitários onde as entrevistas serão realizadas, pelo método PPP (Probabilidade Proporcional à População), tomando o eleitorado como base para tal seleção (dados do TSE). No segundo momento, dentro dos setores sorteados, os respondentes são selecionados através de quotas amostrais, proporcionais em função das variáveis: Sexo, Idade e Grau de Instrução, de acordo com o perfil do eleitorado. O nível econômico é assegurado através do controle das variáveis descritas acima. Não haverá necessidade de ponderação posterior, pois a distribuição amostral baseada nos setores censitários do IBGE, censo de 2010, harmoniza e torna fidedigna a representatividade da população. O intervalo de confiança estimado é de 95% e a margem de erro máxima estimada considerando um modelo de amostragem aleatório simples, é de 3,1 pontos percentuais para mais ou para menos sobre os resultados encontrados no total da amostra. ";"Para a realização da pesquisa utiliza-se equipe de entrevistadores e supervisores contratados pela GRUPOM devidamente treinados para o trabalho. Após os trabalhos de campo as entrevistas/questionários são submetidos a uma fiscalização de até 20%. A coleta de dados será realizada por meio eletrônico, “Tablet”, onde os dados do respondente são arquivados e transmitido diretamente ao sistema de forma a evitar qualquer interferência nos resultados.";"#NULO#"
"27/02/2023";"15:36:19";2014;3;"Eleições Gerais 2014";"GO";"GO";"GOIÁS";"GO000662014";"2014-08-12 00:00:00";"#NE";"20252668000133";"Instituto ARTHUR OLIVEIRA OLIVEIRA -  M.E";"#NE";"Governador, Senador";"2014-08-12 00:00:00";"2014-08-15 00:00:00";1200;"8602";"Diogo de Mello Brito da Silva";"25000,00";"Pesquisa quantitativa, que consiste na realização de entrevistas pessoais e domiciliares, com a aplicação de questionário estruturado junto a uma amostra representativa do eleitorado em estudo. ";"1. Metodologia: a)	Margem de erro = 2,9% para mais ou para menos b)	Nível de confiança = 95% c)	Universo: Aproximadamente : 3.698.021 eleitores d)	Amostra: 1.200 questionários 1.1	Definição da Amostra: •	Filtro: ser residente no Estado de Goiás e estar em condições do exercício de voto. •	Entrevistas: Ambos os sexos, uniresidencias, por sorteio de quadras e domicílios. •	A seleção do eleitor é acidental, de acordo com as cotas de ponderação segundo sexo, idade, grau de instrução, nível socioeconômico e distribuição geográfica. •	Entrevistas estratificadas, urbanas/rurais, com a amostragem probabilística para todos os setores censitários – TER-GO/IBGE. •	Coleta de dados: dias 06 a 09 de Agosto de 2014. 1.2 Variáveis de ponderação da amostra: 1.2.1 Faixas etárias: a) De 16 a 24 = 17 %	b) De 25 a 34 = 24 %	c) De 35 a 44 = 22 %	d) De 45 a 59 = 22 % e) acima de 60 anos = 12 % 1.2.2 Instrução do Eleitor: a) Analfabeto =	4% b) Fundamental =	49% c) Médio	=	35% d) Superior	=	12% 1.2.3 Nível Socioeconômico: Nivel Alto = 80,0 % - Nivel Baixo = 20 %";"Checagem de, pelo menos, 20% dos questionários aplicados através de Supervisores de campo. Cada grupo de 06 pesquisadores = 01 Supervisor de Checagem Identificação de nome e endereço do entrevistado nos questionários aplicados. Nos casos em que o entrevistado se disponha a fornecer o telefone, checagem aleatória de um mínimo de três questões respondidas, por cada grupo de 20 entrevistados.
Processo de entrevista tipo “escada” onde somente serão abordados, no máximo, dois eleitores por face de quadra, necessariamente, residentes em lados opostos e com distância mínima de 10 casas.";"Região I = Capital (20%) Região II = Centro (23%) : Aparecida de Goiânia, Anapólis, Senador Canedo,Trindade, Itaberaí, Goianira, Corumbá de Goiás, Inhumas, Neropólis, Guapó, Pirenopolis, Petrolina. Regiao III =	Entorno (18%) : Cidade Ocidental, Luziania, Formosa, Valparaizo, Aguas Lindas, Planaltina de Goiás, Novo Gama, Santo Antonio do Descoberto, Posse e Alvorada. Regiao IV = Sudoeste (11%) : Rio Verde, Jataí, Mineiros, Santa Helena de Goias, Plameiras de Goiás, Maurilândia, Quirinopolis, Acreuna, Indiara Região V =	Sul (11%) : Itumbiara, Caldas Novas, Morrinhos, Pontalina, Catalao, Ipameri, Pires do Rio, Bom Jesus, Goiatuba, Cristianopolis. Região VI	=	Norte (9%) : Goianésia, Porangatu, Minaçu, Niquelandia, Uruaçu, Ceres, Jaragua, Itapaci. Regiao VII	=	Noroeste (8%) : Ipora, São Miguel do Araguaia, Cidade de Goiás, Faina, Anicuns, São Luiz Montes Belos, Mozarlândia, Avelinopolis, Aragarças, Sanclelandia. •	Goiania: Bairros a serem pesquisados : Centro, Jd. Guanabara, Vila Mutirão, Nova Esperança, Parque Atheneu, Setor Pedro Ludovico, Setor Novo Horizonte, Setor Sul, Jardim América, Vila Nova. •	Anapolis: Centro, Jundiai, Bairro Nossa Senhora de Lourdes, Setor Maracanã, Vila Jaiara, Bairro JK, Calixtopolis • Aparecida de Goiânia: Centro, Setor Garavelo, Setor Cidade Livre, Bairro Independência, Cruzeiro do Sul, Madre Germana, Papillom Parque. "
"27/02/2023";"15:36:19";2014;3;"Eleições Gerais 2014";"GO";"GO";"GOIÁS";"GO001052014";"2014-08-27 00:00:00";"#NE";"20252668000133";"Instituto ARTHUR OLIVEIRA OLIVEIRA -  M.E";"#NE";"Governador, Senador";"2014-08-22 00:00:00";"2014-08-26 00:00:00";1200;"8602";"Diogo de Mello Brito da Silva";"25000,00";"Pesquisa quantitativa, que consiste na realização de entrevistas pessoais e domiciliares, com a aplicação de questionário estruturado junto a uma amostra representativa do eleitorado em estudo. 
";"1. Metodologia: a)	Margem de erro = 2,9% para mais ou para menos b)	Nível de confiança = 95% c)	Universo: Aproximadamente : 3.698.021 eleitores d)	Amostra: 1.200 questionários 1.1 Definição da Amostra: •	Filtro: ser residente no Estado de Goiás e estar em condições do exercício de voto. •	Entrevistas: Ambos os sexos, uniresidencias, por sorteio de quadras e domicílios. •	A seleção do eleitor é acidental, de acordo com as cotas de ponderação segundo sexo, idade, grau de instrução, nível socioeconômico e distribuição geográfica. •	Entrevistas estratificadas, urbanas/rurais, com a amostragem probabilística para todos os setores censitários – TRE-GO/IBGE. 1.2 Variáveis de ponderação da amostra: 1.2.1 Sexo: a) Masculino = 48,3 % - b) Feminino = 51,7 % 1.2.2 Faixas etárias: a) De 16 a 24 = 17 %	b) De 25 a 34 = 24 %	c) De 35 a 44 = 22 %	d) De 45 a 59 = 22 % e) acima de 60 anos = 12 % 1.2.3 Instrução do Eleitor: a) Analfabeto =	4% b) Fundamental =	49% c) Médio	=	35% d) Superior	=	12% 1.2.4 Nível Socioeconômico: Nivel Alto = 80,0 % - Nivel Baixo = 20 % ";"Checagem de, pelo menos, 20% dos questionários aplicados através de Supervisores de campo. Cada grupo de 06 pesquisadores = 01 Supervisor de Checagem Identificação de nome e endereço do entrevistado nos questionários aplicados. Nos casos em que o entrevistado se disponha a fornecer o telefone, checagem aleatória de um mínimo de três questões respondidas, por cada grupo de 20 entrevistados. Processo de entrevista tipo “escada” onde somente serão abordados, no máximo, dois eleitores por face de quadra, necessariamente, residentes em lados opostos e com distância mínima de 10 casas. ";"Região I  	= 	*Capital (20%)
Região II 	= 	Centro (23%) : Aparecida de Goiânia*, Anapólis*, Senador                 Canedo,Trindade, Itaberaí, Goianira, Corumbá de Goiás, Inhumas, Neropólis, Guapó, Pirenopolis, Petrolina.
Regiao III 	=	Entorno (18%) : Cidade Ocidental, Luziania, Formosa, Valparaizo, Aguas Lindas, Planaltina de Goiás, Novo Gama, Santo Antonio do Descoberto, Posse e Alvorada.
Regiao IV 	=	Sudoeste (11%) : Rio Verde, Jataí, Mineiros, Santa Helena de Goias, Palmeiras de Goiás, Maurilândia, Quirinopolis, Acreuna, Indiara
Região V   	=	Sul (11%) : Itumbiara, Caldas Novas, Morrinhos, Pontalina, Catalão, Ipameri, Pires do Rio, Bom Jesus, Goiatuba, Vianópolis.
Região VI	=	Norte (9%) : Goianésia, Porangatu, Campinorte, Niquelandia, Uruaçu, Ceres, Jaragua,Mara Rosa, Itapaci.
Regiao VII	=	Noroeste (8%) : Ipora, São Miguel do Araguaia, Cidade de Goiás, Faina, Anicuns, São Luiz Montes Belos, Mozarlândia, Nazario, Aragarças, Sanclelândia.
•	Goiania* : Bairros a serem pesquisados : Centro, Jd. Guanabara, Vila Mutirão, Nova Esperança, Parque Atheneu, Setor Pedro Ludovico, Setor Novo Horizonte, Setor Sul, Jardim América, Vila Nova.
•	Anapolis* : Centro, Jundiai, Bairro Nossa Senhora de Lourdes, Setor Maracanã, Vila Jaiara, Bairro JK, Calixtopolis
•	Aparecida de Goiânia* : Centro, Setor Garavelo, Setor Cidade Livre, Bairro Independência, Cruzeiro do Sul, Madre Germana, Papillom Parque."
"27/02/2023";"15:36:19";2014;3;"Eleições Gerais 2014";"GO";"GO";"GOIÁS";"GO001302014";"2014-09-15 00:00:00";"#NE";"01403730000104";"EPP - EMPRESA DE PESQUISA E CONSULTORIA LTDA";"#NE";"Governador, Senador";"2014-09-12 00:00:00";"2014-09-13 00:00:00";610;"8631";"Alexandre Vasconcelos Lima";"12000,00";"Pesquisa quantitativa, com aplicação de questionário face-a-face. Ouviu-se apenas uma pessoa por domicílio, depois de identificada como eleitora da cidade pesquisada.";"Dados Amostrais: 
- Universo: Eleitores do município de APARECIDA DE GOIÂNIA (GO), com 16 anos ou mais.
- Amostra: Foram ouvidos 610 eleitores.
- Nível de confiança = 95,0%.
- Margem de erro = 4,0% para mais ou para menos.
- Período de Campo: A coleta de dados foi realizada no período de 12 e 13 de setembro de 2014, nos horários compreendidos entre 8h00 e 18h00.
- Cotas de Amostragem: Sexo: Masculino (47,9%) e Feminino (52,1%). Faixa Etária: 16 a 24 anos (14,3%), 25 a 34 anos (24,9%), 35 a 44 anos (21,5%), 45 a 59 anos (25,1%) e 60 anos ou mais (14,3%). Instrução: Analfabeto (5,4%), Lê e escreve (10,0%), Ensino fundamental (27,9%), Ensino médio (46,9%) e Ensino Superior (9,8%). Religião: Católica (47,0%), Evangélica (36,7%), Espírita (2,1%), Outras religiões (1,0%) e Não tem religião (13,1%). A pesquisa foi autoponderada para a variável nível econômico do entrevistado.";"- Questionário estruturado com perguntas para respostas espontâneas e estimuladas.
- Equipe: seis entrevistadores devidamente treinados e uniformizados, acompanhados por um supervisor de campo.
- Todos os questionários passaram por filtro de qualidade ao retornarem de campo. Aproximadamente 20% das amostras foram checadas, garantindo-se assim a autenticidade do trabalho.
";"PESQUISA REALIZADA EM APARECIDA DE GOIÂNIA.
REGIÃO I:
CENTRO, CIDADE LIVRE, COLINA AZUL, CONJUNTO PLANÍCIE, EXPANSUL, INDEPENDÊNCIA MANSÕES, JARDIM BELA VISTA, JARDIM BURITIS, JARDIM CRISTAL, JARDIM OLÍMPICO, NOVA CIDADE, PARQUE FLAMBOYANT, PARQUE DAS NAÇÕES, PARQUE TRINDADE, PONTAL SUL, SERRA DOURADA, SETOR LUZIA, VEIGA JARDIM, VILA SOUZA, VILA GARAVELO

REGIÃO II:
CIDADE SATÉLITE SÃO LUIS, CIDADE VERA CRUZ I e II, JARDIM BONANZA, JARDIM ESMERALDA, MANSÕES PARAÍSO, MONTE SERRAT, NOVA ERA, PAPILLON PARK, PARQUE REAL, SETOR CECÍLIA, SETOR CRUZEIRO DO SUL, SETOR DOS AFONSO, SETOR MARIA INÊZ, VILA ALZIRA, VILA BRASÍLIA, VILA MARIA, VILA SUL.

REGIÃO III:
BAIRRO CARDOSO I e II, BURITI SERENO, GOIÂNIA PARK SUL, JARDIM ALTO PARAÍSO, JARDIM TIRADENTES, JARDIM TROPICAL, RESIDENCIAL SERRA DAS BRISAS, RESIDENCIAL CARAÍBAS, SETOR AEROPORTO SUL, SERRA BELO HORIZONTE, SETOR GARAVELO, SETOR IBIRAPUERA, SETOR MADRE GERMANA.
"
"27/02/2023";"15:36:19";2014;3;"Eleições Gerais 2014";"GO";"GO";"GOIÁS";"GO001262014";"2014-09-15 00:00:00";"#NE";"01096445000180";"GRUPOM CONSULTORIA EMPRESARIAL LTDA";"#NE";"Governador, Senador";"2014-09-15 00:00:00";"2014-09-18 00:00:00";1011;"6221";"RUI COSTA ABRANTES";"51500,00";"Pesquisa quantitativa, que consiste na realização de entrevistas pessoais e domiciliares, com a aplicação de questionário estruturado junto a uma amostra representativa do eleitorado em estudo. ";"Representativa do eleitorado da área em estudo, elaborada em dois momentos. No primeiro momento faz-se um sorteio probabilístico dos setores censitários onde as entrevistas serão realizadas, pelo método PPP (Probabilidade Proporcional à População), tomando o eleitorado como base para tal seleção (dados do TSE). No segundo momento, dentro dos setores sorteados, os respondentes são selecionados através de quotas amostrais, proporcionais em função das variáveis: Sexo, Idade e Grau de Instrução, de acordo com o perfil do eleitorado. O nível econômico é assegurado através do controle das variáveis descritas acima. Não haverá necessidade de ponderação posterior, pois a distribuição amostral baseada nos setores censitários do IBGE, censo de 2010, harmoniza e torna fidedigna a representatividade da população. O intervalo de confiança estimado é de 95% e a margem de erro máxima estimada considerando um modelo de amostragem aleatório simples, é de 3,1 pontos percentuais para mais ou para menos sobre os resultados encontrados no total da amostra. ";"Para a realização da pesquisa utiliza-se equipe de entrevistadores e supervisores contratados pela GRUPOM devidamente treinados para o trabalho. Após os trabalhos de campo as entrevistas/questionários são submetidos a uma fiscalização de até 20%. A coleta de dados será realizada por meio eletrônico, “Tablet”, onde os dados do respondente são arquivados e transmitido diretamente ao sistema de forma a evitar qualquer interferência nos resultados.";"#NULO#"
"27/02/2023";"15:36:19";2014;3;"Eleições Gerais 2014";"GO";"GO";"GOIÁS";"GO001522014";"2014-09-23 00:00:00";"#NE";"01403730000104";"EPP - EMPRESA DE PESQUISA E CONSULTORIA LTDA";"#NE";"Governador, Senador, Deputado Federal, Deputado Estadual";"2014-09-21 00:00:00";"2014-09-21 00:00:00";280;"8631";"ALEXANDRE VASCONCELOS LIMA";"5000,00";"A metodologia utilizada foi a pesquisa quantitativa, com aplicação de questionário face a face, sendo que a seleção do eleitor respeitou o critério das cotas amostrais, proporcionais ao universo. Foi entrevistado somente uma pessoa por domicílio.";"Universo: Eleitores do Estado de Goiás, com 16 anos ou mais. Perfil dos entrevistados: Segmentação nas condições filtro da sondagem - sexo (masculino e feminino), faixa etária (16 a 24 anos, 25 a 34 anos, 35 a 44 anos, 45 a 59 anos, acima de 60 anos) e grau de instrução (analfabeto, lê e escreve, ensino fundamental, ensino médio e ensino superior). Sendo autoponderada para grau de instrução e nivel econômico. Nivel de confiança = 95,0%. Margem de erro = 5,0% para mais ou para menos. Amostra: 280 eleitores.";"Questionário estruturado com perguntas para respostas espontâneas e estimuladas. Equipe: 4 pesquisadores de campo uniformizados e devidamente treinados, 01 coordenador de campo e 01 supervisor. 20,0% das amostras foram checadas, garantindo se assim, a autenticidade e qualidade do trabalho. Processo de entrevistas do tipo ""escala"", onde somente foram abordados, no máximo, dois moradores por quadra, necessariamente, residentes em lados opostos e com distância mínima de 03 casas.";"Centro, Cidade Nova, Cristalina Velha, Jardim Planalto, Setor Guanabara, Setor Andrade, Setor Belvedere, Setor Noroeste, Setor Norte, Setor Rio de Janeiro, Setor Sul I e II, Setor Sul Novo, Setor Aeroporto, Setor Oeste."
"27/02/2023";"15:36:19";2014;3;"Eleições Gerais 2014";"GO";"GO";"GOIÁS";"GO001542014";"2014-09-23 00:00:00";"#NE";"06972255000100";"INSTITUTO NEROPOLINO DE PESQUISA-LTDA";"#NE";"Governador, Senador, Deputado Federal, Deputado Estadual";"2014-09-24 00:00:00";"2014-09-25 00:00:00";500;"8631";"Alexandre Vasconcelos Lima";"9000,00";"A pesquisa foi do tipo quantitativa “survey”. As entrevistas foram realizadas em domicílio e endereçadas a setores censitários da cidade de Rio Verde, executadas através de questionário estruturado e questões para respostas espontâneas e estimuladas. ";"Universo: Eleitores “ Rio Verde - Goiás ” Tamanho da Amostra: 500 eleitores Nível de Confiança: 95 % Margem Máxima de Erro: 3,5 % pontos percentuais para mais ou para menos Tipo de Amostra: por sorteio de quadras e domicílios em cada quadra. A seleção do eleitor é acidental de acordo com as cotas de ponderação – segundo sexo, idade e nível de escolaridade. A pesquisa foi autoponderada para a variável nível socioeconômico. Pesos dos extratos da população e da amostra: sexo masculino: 50,2% e feminino : 49,8%. Faixa etária: 16 a 24 anos = 18,1% - 25 a 34 anos = 26,3% - 35 a 44 anos = 20,9% - 45 a 59 anos = 22,1 % + de 60 anos = 12,6% Instrução: Analfabeto = 3,5% - Fundamental = 46,8 % - Médio = 38,9 % - Superior = 10,8 %. ";"Os pesquisadores foram treinados antes da aplicação do estudo. Há acompanhamento de um supervisor de campo, a fim de realizar a verificação ""in loco"". Após a coleta dos dados, os questionários são digitados e checados (verificar a consistência dos dados). Por amostragem aleatória, cerca de 20% das entrevistas foram objeto de monitoramento garantindo-se, assim, por visão randômica, a autenticidade do preenchimento dos questionários. Em relação a fidedignidade da amostra, 100% dos questionários foram objeto de critica.";"A pesquisa ocorreu na cidade de Rio Verde-GO:
Região I ( Centro, Jardim Goiás);
Região II (Renovação,Promissão, Mariana, Margarida, V. Mutirão,São Thomaz,Gameleira);
Região III (Morada do Sol, Presidente, Campestre, Pq. Laranjeiras, Elionora, V.Verde, Universitário, Olinda);
Região IV (Canãa, mordali, Serpró, Bethel, Menezes, Setor Dona Alta); 
Região V (Jd. America, B.Martins, v. Borges, Setor Medeiros, Setor Pauzanes);
Região VI (Popular, Valdeci Pires, Dom Miguel, Primavera, Pq. Eldorado);
Região VII (Bandeirantes, V.Maria, Antonio Lisboa, Santo Agostinho, Setor Carolina, V. Rocha); e
Região VIII (POVOADOS).







"
"27/02/2023";"15:36:19";2014;3;"Eleições Gerais 2014";"GO";"GO";"GOIÁS";"GO001642014";"2014-09-26 00:00:00";"#NE";"14433837000139";"IPCM - INSTITUTO DE PESQUISA, COMUNICAÇÃO E MARKETING LTDA";"#NE";"Deputado Estadual";"2014-09-27 00:00:00";"2014-09-28 00:00:00";800;"8631";"ALEXANDRE VASCONCELOS LIMA";"4000,00";"A metodologia utilizada será a pesquisa quantitativa, com aplicação de questionário face a face, sendo que a seleção do eleitora respeitou o critério das cotas amostrais, proporcionais ao universo. Foi entrevistado somente uma pessoa por domicílio.";"Universo: Eleitores do município de Trindade-GO, com 16 anos ou mais.
Perfil dos entrevistados: Segmentação nas condições filtro da sondagem - sexo(feminino e masculino), faixa etária (16 a 24 anos, 25 a 34 anos, 35 a 44 anos, 45 a 59 anos e acima de 60 anos) e grau de instrução (analfabeto, lê e escreve, ensino fundamental, ensino médio e ensino superior). 
Sendo autoponderada para grau de instrução e nível econômico.
Nivel de confiança: 95,0%
margem de erro: 3,5% para mais ou para menos.
amostra: 800 eleitores do município de Trindade-GO.";"Questionário estruturado com perguntas para respostas espontânea e estimuladas. 
Equipe com 04 pesquisadores e um coordenador, 01 supervisor de campo, uniformizados e devidamente treinados. 20,0% da amostras foram checadas, garantindo se assim a autenticidade e qualidade do trabalho. 
Processo de entrevistas do tipo ""escala"", onde somente foram abordados, no máximo, dois moradores por quadra, necessariamente, residentes em lados opostos e com distância mínima de 03 casas.";"CENTRO, BELA VISTA, DONA ÍRIS I e II, ESTRELA DO ORIENTE, JARDIM DAS TAMAREIRAS, JARDIM IPANEMA, JARDIM IPANEMA, JARDIM MARISTA, JARDIM SÃO SALVADOR, JOÃO BRAZ, MAYSA I, II e III, RENATA PARK, SAMARAH, SETOR OESTE, SETOR PALMARES, SETOR PONTAKAYANA, SETOR SANTUÁRIO, SETOR SUL, VILA MARIA, VILA PAI ETERNO, VILA REDENÇÃO."
"27/02/2023";"15:36:19";2014;3;"Eleições Gerais 2014";"GO";"GO";"GOIÁS";"GO001662014";"2014-09-26 00:00:00";"#NE";"05850850000100";"Fortiori Pesquisa Diagnóstico e Marketing Ltda";"#NE";"Governador, Senador";"2014-09-29 00:00:00";"2014-10-01 00:00:00";1000;"8631";"Alexandre Vasconcelos Lima";"30000,00";"A pesquisa da Fortiori é uma pesquisa quantitativa, através de realização de entrevistas pessoais, por abordagem randômica, com aplicação de questionários junto à amostra definida da população. 
";" Universo – eleitores residentes e domiciliados no Estado de Goiás. Tipo de amostra – amostra não probabilística, por cotas proporcionais às variáveis sexo, idade, grau de instrução e local de moradia. Tamanho da amostra – 1000 entrevistas. Sexo Homens = 50% Mulheres = 50% Idade 16 a 24 anos = 23% 25 a 34 anos = 28% 35 a 49 anos = 28% 50 e mais = 22% Escolaridade Primário = 24% 1º grau = 50% 2º grau = 23% Superior = 4% Nível Sócio Econômico A – 5% B – 10% C – 20% D – 30% E – 35% Para um intervalo de confiança de 95%, a pesquisa apresenta margem de erro máxima de 3,1%. ";"Sistema interno de controle e fiscalização Trabalho de coleta de dados será feito por 14 entrevistadores devidamente treinados e acompanhado in loco por 4 supervisores. Será feita uma checagem de 20% ainda no campo e de mais 10% através do telefone 
";"Goiânia - Centro; St. Oeste; St.Sul; Campinas; Balneário Meia Ponte;Centro Oeste; Vila Nova; Jardim América; St. Bueno; Pedro Ludovico; Parque das Laranjeiras; Capuava; Canaã; Jd. Novo Mundo; Vila Pedroso; Vera Cruz; Novo Horizonte; Sudoeste; Guanabara; St. São Judas Tadeu; Finsocial; Nova Esperança; Jd. Curitiba; Jd. Primavera; Senador Canedo; Inhumas;Itauçu;Brazabrantes; Bela Vista; Hidrolândia; Guapó; Teresópolis; Trindade; Anápolis( Jundiaí; Vila Jaiara; Centro; Br. Lourdes; Jd. América); Aparecida de Goiânia( Vila Brasília; Garavelo; Centro; Buriti Sereno; Br. Independência); Itumbiara; Caldas Novas; Santa Crus de Goiás; Goiatuba; Morrinhos; Catalão; Pires do Rio; Ipameri; Urutaí; Rio Verde; Jataí; Quirinópolis; Santa Helena; Acreúna;Indiara; Santo Antônio da Barra; Palmeiras; Ceres; Jaraguá; São Francisco; Goianésia; Porangatu; Uruaçu; Niquelândia; Iporá; Goiás; São Luiz de Montes Belos; Itaberaí; Itapuranga; Sanclerlândia; Fazenda Nova; Luziânia; Formosa; Águas Lindas; Alexânia; Abadiânia; Valparaíso;Corumbá; Pirinópolis; Santo Antônio do Descoberto; Posse; Iaciara; Alvorada do Norte; Minaçu; Padre Bernardo;Cidade Ocidental;Padre Bernardo; Campinorte;Novo Gama;Planaltina;"
"27/02/2023";"15:36:19";2014;3;"Eleições Gerais 2014";"GO";"GO";"GOIÁS";"GO001692014";"2014-09-26 00:00:00";"#NE";"06288268000157";"PODIUM CONSULTORIA, MARKETING E PESQUISA LTDA";"#NE";"Governador, Senador, Deputado Federal, Deputado Estadual";"2014-09-27 00:00:00";"2014-09-30 00:00:00";400;"8631";"Alexandre Vasconcelos Lima";"5000,00";"Pesquisa quantitativa, que consiste na realização de entrevistas domiciliares pessoais face-a-face, com a
aplicação de questionários estruturados e padronizados junto a uma amostra representativa da população a ser pesquisada. Amostra probabilística estratificada pelas variáveis com proporcionalidade de sexo, faixa etária, escolaridade, nível econômico e divisão de área física, com base em dados do IBGE 2010 e do TRE GO de 2014.";"a) Público pesquisado: eleitores residentes e domiciliados no município de Senador Canedo - GO. b) Tipo de amostra: Amostra probabilística estratificada pelas variáveis com proporcionalidade de sexo, faixa etária,
escolaridade, nível econômico e divisão de área física, com base em dados do IBGE 2010 e do TRE GO de 2014. c) Tamanho da amostra: serão realizadas 400 (quatrocentas) entrevistas residenciais. d) Ponderação: por se tratar de amostragem probabilística estratificada, a pesquisa é autoponderada, ou seja, as proporções do universo pesquisado estão contidas na amostra. e) Área física de realização da pesquisa: a pesquisa será realizada no município de Senador Canedo - GO, abrangendo todas as suas regiões. f) Intervalo de confiança / margem de erro: O intervalo de confiança estimado é de 95% e a margem de erro máxima estimada é de 3,9% para mais ou para menos sobre os resultados encontrados no total da amostra.";"Para a realização da pesquisa será utilizada uma equipe de entrevistadores, fiscais e supervisores
devidamente treinados para este trabalho. Os supervisores trabalham em conjunto com os entrevistadores,
fazendo a correção, fiscalização e supervisão da porcentagem dos questionários definida, ali mesmo no campo. Após os trabalhos de campo, os questionários serão submetidos a uma nova fiscalização que consiste no retorno a campo de 10% dos questionários aplicados individualmente pelos entrevistadores, para verificação das respostas e da adequação dos entrevistados aos parâmetros amostrais.";"#NULO#"
"27/02/2023";"15:36:19";2014;3;"Eleições Gerais 2014";"GO";"GO";"GOIÁS";"GO001752014";"2014-09-27 00:00:00";"#NE";"15015873000145";"Diagnóstico Pesquisas de Comportamento Eirele";"#NE";"Governador, Senador";"2014-09-28 00:00:00";"2014-09-30 00:00:00";800;"8631";"Alexandre Vasconcelos Lima";"10000,00";"Pesquisa quantitativa por amostragem, que consiste na realização de entrevistas pessoais com a aplicação de questionário estruturado junto a uma amostra representativa do eleitorado em estudo. ";"Tipo de amostra: Amostragem por quotas proporcionais às existentes no universo de acordo com as variáveis e região geográfica. A seleção do eleitor no domicílio (um por domicílio) é acidental de acordo com as quotas de ponderação. 
Ponderação quanto ao sexo: 48% do sexo Masculino e 52% do sexo Feminino. Ponderação quanto à faixa etária: 16% de 16 a 24 anos, 24% de 25 a 34 anos, 29% de 35 a 49 anos e 31% de 50 anos ou mais. Ponderação quanto a região: Capital 22%, Centro 21%, Norte 10%, Entorno 18%, Sul 11%, Sudoeste 12% e Noroeste 8%. A pesquisa foi auto-ponderada (peso igual a 1) para as variáveis grau de instrução e nível sócio-econômico.
Número de eleitores de Goiás: 4.331.733 (Dados do TRE de julho de 2014) Tamanho da amostra: 800 eleitores. Nível de confiança: 95%. Margem de Erro Amostral: Máxima de 3,5 pontos percentuais para mais ou para menos.  ";"Houve treinamento dos entrevistadores para aplicação do questionário. Durante a coleta, além dos entrevistadores havia a presença de supervisores de campo que realizaram a crítica dos questionários in loco. Houve, ainda, checagem de 20% dos questionários (selecionados aleatoriamente).";"A pesquisa para o Estados de Goiás foi realizada em todas as regiões do Estado, nas seguintes cidades: Iporá, Israelândia, Nazário, São Luís de Montes Belos, Caiapônia, Rio Verde, Jataí, Quirinópolis, Santa Helena de Goiás, Indiara, Acreúna, Catalão, Pires do Rio, Goiandira, Ipameri, Itumbiara, Corumbaíba, Buriti Alegre, Goiatuba, Piracanjuba, Caldas Novas, Morrinhos, Luziânia, Valparaíso, Formosa, Cidade Ocidental, Posse, Simolândia, Vila Boa, Alvorada do Norte, Goiás, Itaberaí, Itapuranga, Rubiataba, Campinorte, Nova Glória, Uruaçu, Anápolis, Goianésia, Barro Alto, Jaraguá, Goiânia, Aparecida de Goiânia, Senador Canedo e Trindade.
"
"27/02/2023";"15:36:19";2014;3;"Eleições Gerais 2014";"GO";"GO";"GOIÁS";"GO000502014";"2014-07-25 00:00:00";"#NE";"20240913000192";"MA+ CONSULTORIA E SERVICOS";"#NE";"Governador";"2014-07-23 00:00:00";"2014-07-23 00:00:00";298;"8956";"FRANCY ANNE VIEIRA BARBOSA";"5000,00";"A metodologia da pesquisa foi do tipo qualitativa, com amostragem por quotas proporcionais a sexo, faixa
etária, renda familiar e nível de escolaridade. O instrumento de coleta de dados foi com questões abertas e
fechadas.";"Foi adotada o sistema de amostragem, utilizando quotas proporcionais, em função das seguintes variáveis:
BAIRRO, SEXO FAIXA ETÁRIA, RENDA FAMILIAR, GRAU DE ESCOLARIDADE E RELIGIÃO, utilizando
como referência, dados do TRE - MA.
O nível de confiança estimado é de 95% e a margem de erro máxima estimada considerando um modelo de
amostragem aleatório simples, é de 4 (quatro) pontos percentuais para mais ou para menos sobre os
resultados encontrados no total da amostra.";"Os trabalhos de campo, foram realizados por entrevistadores da MA+ CONSULTORIA E SERVIÇOS,
selecionados e treinados pela supervisão de campo. A tabulação e controle dos dados,
foram realizados na sede da empresa na cidade de Macaé - RJ, sob o acompanhamento da estatística responsável.";"CIDADE: BARRO ALTO 298 ENTREVISTADOS
BAIRROS: Centro 156; Alfredo 58; Extrema 45; Popular 12; Solzalândia 9; Flor de Liz 7; Outros 7; Projeto Barro Alto 4."
"27/02/2023";"15:36:19";2014;3;"Eleições Gerais 2014";"GO";"GO";"GOIÁS";"GO000642014";"2014-08-11 00:00:00";"#NE";"02678167000131";"SERPES - PESQUISAS DE OPINIÃO E MERCADO LTDA";"#NE";"Governador, Senador";"2014-08-10 00:00:00";"2014-08-15 00:00:00";801;"6221";"Rui Costa Abrantes";"34300,00";"Objetivos: Aferir a intenção de voto espontânea e estimulada dos candidatos a Governador de Goiás, Senador por Goiás e Presidente da República e respectivas rejeições  mediante a aplicação de questionário estruturado à uma amostra representativa do universo do eleitorado de Estado de Goiás.
Tipo de entrevista: Domiciliar e presencial em pelo menos 90% da amostra planejada; 10% ou menos em pontos de fluxo.
";"Tamanho do universo: 4331733 (Dados do TRE de julho de 2014)
Tamanho da amostra: 801 eleitores.
Nível de confiança: 95%.
Margem de Erro Amostral: Máxima de 3,46 pontos percentuais para mais ou para menos nos dados da  amostra global. Nos dados das amostras parciais (estratos),  essa poderá ser maior. 
Tipo de amostra: Auto-ponderada por quotas proporcionais às existentes no universo de acordo com as variáveis e região geográfica. A seleção do eleitor no domicílio (um por domicílio) é acidental de acordo com as quotas de ponderação.
Ponderação quanto ao sexo:  48% do sexo Masculino e 52% do sexo Feminino.
Ponderação quanto à faixa etária: 17% de 16 a 24 anos, 24% de 25 a 34 anos, 29% de 35 a 49 anos e 30% de 50 anos ou mais.
Ponderação quanto ao nível de instrução: 18% de Lê e escreve, 38% de Fundamental, 34% de Médio e 10% de Curso superior.
Ponderação quanto ao nível socioeconômico: 20% de Alta e 80% de Baixa.
Ponderação quanto a região: Capital 20%, Centro 23%, Norte 9%, Entorno 18%, Sul 11%, Sudoeste 11% e Noroeste 8%.
";"Todo entrevistador foi previamente treinado para a realização desta prévia eleitoral, tanto na parte teórica como na prática, além de receberem as orientações específicas para esta pesquisa.
O SERPES coloca um supervisor para cada equipe de quatro entrevistadores. O supervisor tem a responsabilidade e é treinado para distribuir os entrevistadores nos diversos setores censitários, acompanhar, orientar, corrigir ou invalidar o trabalho deles e conferir por si ou por entrevistador designado 20% das entrevistas. A coleta de dados será feita por cinco equipes de um supervisor e quatro entrevistadores.
";"#NULO#"
"27/02/2023";"15:36:19";2014;3;"Eleições Gerais 2014";"GO";"GO";"GOIÁS";"GO000882014";"2014-08-24 00:00:00";"#NE";"20240913000192";"MA+ CONSULTORIA E SERVICOS";"#NE";"Governador";"2014-08-22 00:00:00";"2014-08-24 00:00:00";426;"8925";"MARQUINANE MOURA BARROS";"2498,77";"A metodologia da pesquisa foi do tipo qualitativa, com amostragem por quotas proporcionais a sexo, faixa etária, renda familiar e nível de escolaridade. O instrumento de coleta de dados foi com questões abertas e fechadas.";"Foi adotada o sistema de amostragem, utilizando quotas proporcionais, em função das seguintes variáveis:
BAIRRO, SEXO FAIXA ETÁRIA, RENDA FAMILIAR, GRAU DE ESCOLARIDADE E RELIGIÃO, utilizando
como referência, dados do TRE - GO.
O nível de confiança estimado é de 95% e a margem de erro máxima estimada considerando um modelo de
amostragem aleatório simples, é de 2 (Dois) pontos percentuais para mais ou para menos sobre os
resultados encontrados no total da amostra.";"Os trabalhos de campo, foram realizados por entrevistadores da MA+ CONSULTORIA E SERVIÇOS,
selecionados e treinados pela supervisão de campo. A tabulação e controle dos dados, foram realizados na sede da empresa na cidade de Aparecida de Goiânia - GO, sob o acompanhamento do estatístico responsável.";"CRISTALINA - 426 ENTREVISTADOS
AMOSTRAGEM POR BAIRROS: CENTRO 84; CRISTAL 47; SUL NOVO 40; RIO DE JANEIRO 38; JD PLANALTO 36; GUANABARA 36; CIDADE NOVA 35; OUTROS 33; VILA ANDRADE 28; HENRIQUE CORTES 19; ST CLARA 19; DENER 11;

"
"27/02/2023";"15:36:19";2014;3;"Eleições Gerais 2014";"GO";"GO";"GOIÁS";"GO000902014";"2014-08-24 00:00:00";"#NE";"20240913000192";"MA+ CONSULTORIA E SERVICOS";"#NE";"Governador";"2014-08-22 00:00:00";"2014-08-24 00:00:00";481;"8925";"MARQUINANE MOURA BARROS";"2498,77";"A metodologia da pesquisa foi do tipo qualitativa, com amostragem por quotas proporcionais a sexo, faixa etária, renda familiar e nível de escolaridade. O instrumento de coleta de dados foi com questões abertas e fechadas.";"Foi adotada o sistema de amostragem, utilizando quotas proporcionais, em função das seguintes variáveis:
BAIRRO, SEXO FAIXA ETÁRIA, RENDA FAMILIAR, GRAU DE ESCOLARIDADE E RELIGIÃO, utilizando
como referência, dados do TRE - GO.
O nível de confiança estimado é de 95% e a margem de erro máxima estimada considerando um modelo de
amostragem aleatório simples, é de 2 (Dois) pontos percentuais para mais ou para menos sobre os
resultados encontrados no total da amostra.";"Os trabalhos de campo, foram realizados por entrevistadores da MA+ CONSULTORIA E SERVIÇOS,
selecionados e treinados pela supervisão de campo. A tabulação e controle dos dados, foram realizados na sede da empresa na cidade de Aparecida de Goiânia - GO, sob o acompanhamento do estatístico responsável.";"IPAMERÍ - GO - 481 ENTREVISTADOS
AMOSTRAGEM POR BAIRROS: CENTRO 62; DOMICIANO RIBEIRO 52; DOM VIDAL 39; VL CARVALHO 32; VL PEIXOTO 32; VL DOMINGUES 31; VL DIONIZIO 25; OUTROS 24; VILA BAICH 23; VL ENEDINA 21; VL AMÉRICA 21; BOA VISTA 21; NOVO HORIZONTE 21; PARQUE SAN REMO 20; GUANABARA 19; BRANCA AGUIAR 19; VILAGE SUL 19;
"
"27/02/2023";"15:36:19";2014;3;"Eleições Gerais 2014";"GO";"GO";"GOIÁS";"GO000912014";"2014-08-24 00:00:00";"#NE";"20240913000192";"MA+ CONSULTORIA E SERVICOS";"#NE";"Governador";"2014-08-22 00:00:00";"2014-08-24 00:00:00";396;"8925";"MARQUINANE MOURA BARROS";"2498,77";"A metodologia da pesquisa foi do tipo qualitativa, com amostragem por quotas proporcionais a sexo, faixa etária, renda familiar e nível de escolaridade. O instrumento de coleta de dados foi com questões abertas e fechadas.";"Foi adotada o sistema de amostragem, utilizando quotas proporcionais, em função das seguintes variáveis:
BAIRRO, SEXO FAIXA ETÁRIA, RENDA FAMILIAR, GRAU DE ESCOLARIDADE E RELIGIÃO, utilizando
como referência, dados do TRE - GO.
O nível de confiança estimado é de 95% e a margem de erro máxima estimada considerando um modelo de
amostragem aleatório simples, é de 2 (Dois) pontos percentuais para mais ou para menos sobre os
resultados encontrados no total da amostra.";"Os trabalhos de campo, foram realizados por entrevistadores da MA+ CONSULTORIA E SERVIÇOS,
selecionados e treinados pela supervisão de campo. A tabulação e controle dos dados, foram realizados na sede da empresa na cidade de Aparecida de Goiânia - GO, sob o acompanhamento do estatístico responsável.";"PIRES DO RIO - 396 ENTREVISTADOS
AMOSTRAGEM POR BAIRROS: PARQUE SANTANA 59; CENTRO 50; JK 43; SAMPAIO 37; HENE SAUD 32; VILA NOVA 27; SÃO JOÃO 27; JD GOIÁS 24; NOVA VILA 22; COLEGIAL 19; SANTA CECILIA 17; NOSSA SENHORA DE LURDES 11; JD MARATA 9; MOZAICO 6; INDUSTRIAL 5; CORUMBÁ II 4; SÃO FRANCISCO 4;
"
"27/02/2023";"15:36:19";2014;3;"Eleições Gerais 2014";"GO";"GO";"GOIÁS";"GO000932014";"2014-08-24 00:00:00";"#NE";"20240913000192";"MA+ CONSULTORIA E SERVICOS";"#NE";"Governador";"2014-08-22 00:00:00";"2014-08-24 00:00:00";296;"8925";"MARQUINANE MOURA BARROS";"2498,77";"A metodologia da pesquisa foi do tipo qualitativa, com amostragem por quotas proporcionais a sexo, faixa etária, renda familiar e nível de escolaridade. O instrumento de coleta de dados foi com questões abertas e fechadas.";"Foi adotada o sistema de amostragem, utilizando quotas proporcionais, em função das seguintes variáveis:
BAIRRO, SEXO FAIXA ETÁRIA, RENDA FAMILIAR, GRAU DE ESCOLARIDADE E RELIGIÃO, utilizando
como referência, dados do TRE - GO.
O nível de confiança estimado é de 95% e a margem de erro máxima estimada considerando um modelo de
amostragem aleatório simples, é de 2 (Dois) pontos percentuais para mais ou para menos sobre os
resultados encontrados no total da amostra.";"Os trabalhos de campo, foram realizados por entrevistadores da MA+ CONSULTORIA E SERVIÇOS,
selecionados e treinados pela supervisão de campo. A tabulação e controle dos dados, foram realizados na sede da empresa na cidade de Aparecida de Goiânia - GO, sob o acompanhamento do estatístico responsável.";"AMOSTRAGEM POR MUNICIPIO: JOVIÂNIA - GO - 296 ENTREVISTADOS
AMOSTRAGEM POR BAIRROS: CENTRO 136; TUNICO DA ROSA 48; CUSTÓDIO 48; PORTILHO 24; SANTA BARBARA 22; VL FERREIRA 10; VL MOLIANAS 5; OUTROS 3;
"
"27/02/2023";"15:36:19";2014;3;"Eleições Gerais 2014";"GO";"GO";"GOIÁS";"GO001562014";"2014-09-23 00:00:00";"#NE";"20252668000133";"Instituto ARTHUR OLIVEIRA OLIVEIRA -  M.E";"#NE";"Governador, Senador";"2014-09-23 00:00:00";"2014-09-27 00:00:00";1200;"8602";"Diogo de Mello Brito da Silva";"25000,00";"Pesquisa quantitativa, que consiste na realização de entrevistas pessoais e domiciliares, com a aplicação de questionário estruturado junto a uma amostra representativa do eleitorado em estudo.";"1. Metodologia:
a)	Margem de erro = 2,9% para mais ou para menos
b)	Nível de confiança = 95%
c)	Universo: Aproximadamente  : 3.698.021  eleitores
d)	Amostra: 1.200 questionários
1.1	Definição da Amostra:
•	Filtro: ser residente no Estado de Goiás e estar em condições do exercício de voto.
•	Entrevistas: Ambos os sexos, uniresidencias, por sorteio de quadras e domicílios.
•	A seleção do eleitor é acidental, de acordo com as cotas de ponderação segundo sexo, idade, grau de instrução, nível socioeconômico e distribuição geográfica.
•	Entrevistas estratificadas, urbanas/rurais, com a amostragem probabilística para todos os setores censitários – TRE-GO/IBGE.
•	Coleta de dados: dias 23 a 27 de Setembro de 2014.
1.2 Variáveis de ponderação da amostra:
1.2.1 Sexo:     a)   Masculino = 48,3 %      -   b) Feminino = 51,7 %
1.2.2 Faixas etárias:
a) De 16 a 24 = 17 %		b) De 25 a 34 = 24 %	
c) De 35 a 44 = 22 %		d) De 45 a 59 = 22 %
e) acima de 60 anos = 12 %
1.2.3 Instrução do Eleitor:
a)  Analfabeto 	=	  4%
b)  Fundamental 	=	49%
c)  Médio		=	35%
d) Superior		=	12%
A pesquisa foi autoponderada para nível socioeconômico (peso da variável = 1).
";"Checagem de, pelo menos, 20% dos questionários aplicados através de Supervisores de campo. Cada grupo de 06 pesquisadores = 01 Supervisor de Checagem Identificação de nome e endereço do entrevistado nos questionários aplicados. Nos casos em que o entrevistado se disponha a fornecer o telefone, checagem aleatória de um mínimo de três questões respondidas, por cada grupo de 20 entrevistados.
Processo de entrevista tipo “escada” onde somente serão abordados, no máximo, dois eleitores por face de quadra, necessariamente, residentes em lados opostos e com distância mínima de 10 casas.
";"Região I  	= 	*Capital (20%)
Região II 	= 	Centro (23%) : Aparecida de Goiânia*, Anapólis*, Senador                 Canedo,Trindade, Itaberaí, Goianira, Corumbá de Goiás, Inhumas, Neropólis, Guapó, Pirenopolis, Petrolina.
Regiao III 	=	Entorno (18%) : Cidade Ocidental, Luziania, Formosa, Valparaizo, Aguas Lindas, Planaltina de Goiás, Novo Gama, Santo Antonio do Descoberto, Posse e Alvorada.
Regiao IV 	=	Sudoeste (11%) : Rio Verde, Jataí, Mineiros, Santa Helena de Goias, Palmeiras de Goiás, Maurilândia, Quirinopolis, Acreuna, Indiara
Região V   	=	Sul (11%) : Itumbiara, Caldas Novas, Morrinhos, Pontalina, Catalão, Ipameri, Pires do Rio, Bom Jesus, Goiatuba, Vianópolis.
Região VI	=	Norte (9%) : Goianésia, Porangatu, Campinorte, Niquelandia, Uruaçu, Ceres, Jaragua,Mara Rosa, Itapaci.
Regiao VII	=	Noroeste (8%) : Ipora, São Miguel do Araguaia, Cidade de Goiás, Faina, Anicuns, São Luiz Montes Belos, Mozarlândia, Nazario, Aragarças, Sanclelândia.
•	Goiania* : Bairros a serem pesquisados : Centro, Jd. Guanabara, Vila Mutirão, Nova Esperança, Parque Atheneu, Setor Pedro Ludovico, Setor Novo Horizonte, Setor Sul, Jardim América, Vila Nova.
•	Anapolis* : Centro, Jundiai, Bairro Nossa Senhora de Lourdes, Setor Maracanã, Vila Jaiara, Bairro JK, Calixtopolis
•	Aparecida de Goiânia* : Centro, Setor Garavelo, Setor Cidade Livre, Bairro Independência, Cruzeiro do Sul, Madre Germana, Papillom Parque.
"
