"DT_GERACAO";"HH_GERACAO";"AA_ELEICAO";"CD_ELEICAO";"NM_ELEICAO";"SG_UF";"SG_UE";"NM_UE";"NR_PROTOCOLO_REGISTRO";"DT_REGISTRO";"ST_PESQUISA_PROPRIA";"NR_CNPJ_EMPRESA";"NM_EMPRESA";"NM_EMPRESA_FANTASIA";"DS_CARGO";"DT_INICIO_PESQUISA";"DT_FIM_PESQUISA";"QT_ENTREVISTADO";"CD_CONRE";"NM_ESTATISTICO_RESP";"VR_PESQUISA";"DS_METODOLOGIA_PESQUISA";"DS_PLANO_AMOSTRAL";"DS_SISTEMA_CONTROLE";"DS_DADO_MUNICIPIO"
"27/02/2023";"15:36:19";2014;3;"Eleições Gerais 2014";"SP";"SP";"SÃO PAULO";"SP000072014";"2014-05-30 00:00:00";"#NE";"07630546000175";"DATAFOLHA INSTITUTO DE PESQUISAS LTDA.";"#NE";"Governador, Senador";"2014-06-03 00:00:00";"2014-06-05 00:00:00";2030;"72.49A";"Renata Nunes César";"135800,00";"Pesquisa do tipo quantitativo, por amostragem, com aplicação de questionário estruturado e abordagem pessoal em pontos de fluxo populacional. O conjunto do eleitorado do Estado de São Paulo com 16 anos ou mais foi tomado como universo da pesquisa.";"Universo: Eleitorado do Estado de São Paulo, com 16 anos ou mais. Tamanho da amostra: A amostra prevista é de 2030 entrevistas. Técnica de amostragem: A amostra é estratificada por meso-região geográfica (divisão IBGE) e natureza dos municípios (região metropolitana ou interior). Em cada estrato, num primeiro estágio, são sorteados os municípios que farão parte do levantamento. Num segundo estágio, são sorteados os bairros e pontos de abordagem onde serão aplicadas as entrevistas.  Por fim, os entrevistados são selecionados aleatoriamente para responder ao questionário, de acordo com cotas de sexo e faixa etária. Os dados utilizados para definição e seleção da amostra são baseados no TSE (eleitorado março 2014) e IBGE (Censo 2010 e Estimativas 2013). Os dados relativos a sexo e faixa etária são: Sexo masculino 48%, feminino: 52%, 16 a 24 anos 15%, 25 a 34 anos 23%, 35 a 44 anos 20%, 45 a 59 anos 25% e 60 anos ou mais 17%. Ponderação dos resultados: No processamento dos dados é realizada ponderação referente à proporção de cada cidade na amostra para correta representação. Está prevista a eventual ponderação para correção nos tamanhos dos segmentos da tabela acima considerando as variáveis sexo e faixa etária. Para as variáveis grau de instrução e nível econômico do entrevistado (renda familiar mensal), o fator previsto para ponderação é 1 (resultados obtidos em campo). Área física: Serão realizadas entrevistas em 61 municípios, localizados no Estado de São Paulo.  A relação completa dos municípios e bairros pesquisados será encaminhada a esse tribunal posteriormente, após a publicação dos resultados. Margem de Erro: A margem de erro máxima prevista é de 2 pontos percentuais para mais ou para menos, considerando um nível de confiança de 95%. Os intervalos de confiança serão calculados considerando os resultados obtidos para um nível de confiança de 95%.";"Os pesquisadores envolvidos na realização desta pesquisa são treinados pelo Instituto e recebem instruções específicas para cada projeto realizado. A maior parte da coleta será feita com a utilização de tablet e questionário eletrônico. São checados, no mínimo, 30% dos questionários de cada pesquisador, seja in loco por supervisores de campo ou, posteriormente, por telefone. Internamente, todo o material é verificado e codificado. Antes do processamento final e emissão dos resultados, realiza-se processo de consistência dos dados.";"#NULO#"
"27/02/2023";"15:36:19";2014;3;"Eleições Gerais 2014";"SP";"SP";"SÃO PAULO";"SP000292014";"2014-09-04 00:00:00";"#NE";"07630546000175";"DATAFOLHA INSTITUTO DE PESQUISAS LTDA.";"#NE";"Governador, Senador";"2014-09-08 00:00:00";"2014-09-09 00:00:00";2052;"72.49A";"Renata Nunes César";"135800,00";"Pesquisa do tipo quantitativo, por amostragem, com aplicação de questionário estruturado e abordagem pessoal em pontos de fluxo populacional. O conjunto do eleitorado do Estado de São Paulo com 16 anos ou mais foi tomado como universo da pesquisa.";"Universo: Eleitorado do Estado de São Paulo, com 16 anos ou mais. Tamanho da amostra: A amostra prevista é de 2.052 entrevistas. Técnica de amostragem: A amostra é estratificada por porte dos municípios e natureza dos municípios (região metropolitana ou interior). Em cada estrato, num primeiro estágio, são sorteados os municípios que farão parte do levantamento. Num segundo estágio, são sorteados os bairros e pontos de abordagem onde serão aplicadas as entrevistas.  Por fim, os entrevistados são selecionados aleatoriamente para responder ao questionário, de acordo com cotas de sexo e faixa etária. Nessa amostra, o estrato referente à capital foi desproporcionalizado para permitir detalhamento. Nos resultados finais, as corretas proporções serão restabelecidas através de ponderação. A amostra prevista é de 2.052 questionários, sendo 1.092 na capital. Os dados utilizados para definição e seleção da amostra são baseados no TSE (eleitorado julho 2014) e IBGE (Censo 2010 e Estimativas 2013). Os dados relativos a sexo e faixa etária são: Sexo masculino 48%, feminino: 52%, 16 a 24 anos 14%, 25 a 34 anos 23%, 35 a 44 anos 20%, 45 a 59 anos 25% e 60 anos ou mais 18%. Ponderação dos resultados: No processamento dos dados é realizada ponderação referente à proporção de cada cidade na amostra para correta representação. Está prevista a eventual ponderação para correção nos tamanhos dos segmentos da tabela acima considerando as variáveis sexo e faixa etária. Para as variáveis grau de instrução e nível econômico do entrevistado (renda familiar mensal), o fator previsto para ponderação é 1 (resultados obtidos em campo). Área física: Serão realizadas entrevistas em 56 municípios, localizados no Estado de São Paulo.  Margem de Erro: A margem de erro máxima prevista é de 2 pontos percentuais para mais ou para menos, considerando um nível de confiança de 95%. Os intervalos de confiança serão calculados considerando os resultados obtidos para um nível de confiança de 95%.";"Os pesquisadores envolvidos na realização desta pesquisa são treinados pelo Instituto e recebem instruções específicas para cada projeto realizado. A maior parte da coleta será feita com a utilização de tablet e questionário eletrônico. São checados, no mínimo, 30% dos questionários de cada pesquisador, seja in loco por supervisores de campo ou, posteriormente, por telefone. Internamente, todo o material é verificado e codificado. Antes do processamento final e emissão dos resultados, realiza-se processo de consistência dos dados.";"A relação completa dos municípios e bairros pesquisados será encaminhada a esse tribunal posteriormente, até o sétimo dia seguinte à data de registro da pesquisa, conforme a Resolução 23.400/2013 do TSE, no art.2º §5º."
"27/02/2023";"15:36:19";2014;3;"Eleições Gerais 2014";"SP";"SP";"SÃO PAULO";"SP000382014";"2014-09-17 00:00:00";"#NE";"07268073000108";"SP - SEBRAM PESQUISAS - SERVICOS DE PESQUISAS DE OPINIAO PUBLICA, JORNALISMO, CONSULTORIA E ASSESSORIA S/S LTDA ";"#NE";"Governador";"2014-09-19 00:00:00";"2014-09-21 00:00:00";600;"9538-A";"RAPHAEL BOTELHO";"6000,00";"Pesquisa quantitativa probabilística, que consiste na realização de entrevistas pessoais, com a aplicação de questionários estruturados e padronizados junto a uma amostra representativa do eleitorado do município em estudo, com arrolamento aleatório de bairros, endereços e entrevistados. ";"Plano Amostral: a) Público pesquisado: eleitores do município de Itapevi SP. b) Tipo de amostra: A amostra é representativa do eleitorado do município e foi selecionada em dois estágios: 1º estágio: seleção dos setores dentro do município; 2º estágio: seleção dos respondentes dentro dos setores através de uma quota proporcional de Sexo, Idade, Grau de instrução e Ramo de atividade, de acordo com o perfil da população em estudo. As entrevistas foram pessoais e domiciliares. Fonte de dados: IBGE, Censo 2010 TSE, Cadastro de Eleitores 2014 c) Tamanho da amostra: 600 entrevistas. d) Ponderação: Devido à metodologia amostral adotada, a pesquisa é auto-ponderada, ou seja, as proporções do universo pesquisado estão previstas na amostra, não sendo necessário nenhum tipo de ponderação, pois a mesma já foi estratificada utilizando toda as variáveis  quanto a sexo, idade, grau de instrução e nível sócio econômico. e) Área física de realização da pesquisa: Recomenda-se a leitura dos arts. 33, 34, 35 e 96 da Lei nº 9.504/1997, e das resoluções-TSE nos 23.400 e 23.398, ambas de 17.12.2013, as quais disciplinam, respectivamente, para as eleições de 2014, o registro das pesquisas e o processamento das representações, reclamações e dos pedidos de direito de resposta. f) Intervalo de Confiança/Margem de Erro: O intervalo de confiança estimado é de 95% e a margem de erro máxima estimada é de 4 pontos percentuais para mais ou para menos sobre os resultados encontrados no total da amostra. ";": Para a realização da pesquisa, utiliza-se uma equipe de entrevistadores e supervisores contratados pelo SEBRAM PESQUISAS CONSULTORIA LTDA devidamente treinados para o trabalho. Após os trabalhos de campo, os questionários são submetidos a uma fiscalização de 20% (vinte por cento) aplicados individualmente pelos entrevistadores, para verificação das respostas e da adequação dos entrevistados aos parâmetros amostrais.";"#NULO#"
"27/02/2023";"15:36:19";2014;3;"Eleições Gerais 2014";"SP";"SP";"SÃO PAULO";"SP000082014";"2014-06-06 00:00:00";"#NE";"00852501000104";"VOX OPINIÃO PESQUISA E PROJETOS LTDA";"#NE";"Governador";"2014-05-30 00:00:00";"2014-06-01 00:00:00";800;"5ª REGIÃO - Nº 8641";"MARIA CECILIA SACRAMENTO SOUZA";"145200,00";"Pesquisa quantitativa, que consiste na realização de entrevistas pessoais, com a aplicação de questionários estruturados e padronizados junto a uma amostra representativa do eleitorado do estado de São Paulo.";"Plano Amostral:

a)	Público pesquisado: eleitores no Distrito Federal e em todos os estados brasileiros, exceto do estado de Roraima.
 
b)	Tipo de amostra: A amostra é estratificada por cota, distribuída proporcional ao eleitorado de cada região (Centro Oeste, Norte, Nordeste, Sul e Sudeste). Dentro de cada região as entrevistas foram distribuídas pelos estados e a partir daí foram selecionadas amostras probabilísticas de conglomerados em três estágios: 

1º estágio: seleção probabilística de municípios, através do método PPT (Probabilidade Proporcional ao Tamanho), tomando como base o número de eleitores de cada município;

2º estágio: seleção aleatória dos setores censitários ou bairros dentro do município; 

3º estágio: seleção dos respondentes dentro dos setores censitários ou bairros através de uma quota proporcional de Gênero, Idade, Escolaridade e Renda Familiar, de acordo com o perfil da população em estudo.

As entrevistas foram pessoais e domiciliares.

Fonte de dados: IBGE, Censo 2010 e PNAD 2012
			  TSE, Cadastro de Eleitores 2014

c)	Tamanho da amostra: 2.500 entrevistas.

A amostra é representativa para o conjunto dos eleitores do Brasil e, em separado, para as regiões Centro-Oeste/Norte, Nordeste, Sul e Sudeste, conforme tabela abaixo:
Tabela 1: Amostra geral e de regiões
	Amostra	Margem de erro (*)
TOTAL	2.200	2,1%

Centro-Oeste/ Norte	330	5,4%
Nordeste	600	4,0%
Sudeste	950	3,2%
Sul	320	5,5%
                    (*) Considerando um Intervalo de Confiança de 95%

Houve uma expansão de 300 entrevistas no estado de São Paulo para que totalizasse 800 entrevistas e assim obter resultados em separado para este estado. Totalizando, desta forma, 2.500 entrevistas.

d)	Ponderação: Para obter resultados válidos para o conjunto dos eleitores do Brasil foi aplicado fator de ponderação para corrigir a desproporção em relação ao percentual de eleitores do estado de São Paulo.

Ponderação da amostra:

Estado	Amostra	% Eleitorado	Fator de Ponderação	Amostra ponderada
				
São Paulo	800	32%	0,625	500
Demais estados	1.700	68%	1	1.700
TOTAL	2. 500			2.200


e)	Área física de realização da pesquisa: A ser informada e fornecida conforme artigo 2º, inciso X 5º § da Resolução 23.400 do Tribunal Superior Eleitoral – TSE datada de 27 de dezembro de 2013. 

f)	Intervalo de Confiança/Margem de Erro: O intervalo de confiança estimado é de 95% e a margem de erro máxima estimada é de 2,1 pontos percentuais para mais ou para menos sobre os resultados encontrados no total da amostra.

g)	Checagem: Logo após a realização da coleta de dados, é feito o trabalho de checagem das entrevistas junto aos respondentes. O objetivo é, sobretudo, garantir que a entrevista foi realmente realizada e verificar como o respondente se sentiu em relação à pesquisa. Há perguntas do questionário que são reproduzidas para certificarmos de sua correta aplicação e há outras questões que se referem exclusivamente à performance do entrevistador. São aproximadamente 20% dos respondentes de cada entrevistador que irão receber o contato dos checadores.
";"Para a realização da pesquisa será utilizada uma equipe de entrevistadores e supervisores devidamente treinada para este trabalho. Após os trabalhos de campo, os questionários são submetidos a uma fiscalização que consiste no retorno a campo de 20% dos questionários aplicados individualmente pelos entrevistadores, para verificação das respostas e da adequação dos entrevistados aos parâmetros amostrais.";"#NULO#"
"27/02/2023";"15:36:19";2014;3;"Eleições Gerais 2014";"SP";"SP";"SÃO PAULO";"SP000552014";"2014-09-26 00:00:00";"#NE";"09434008000130";"PERFIL PESQUISAS DE OPINIÃO PÚBLICA E CONSULTORIA LTDA";"#NE";"Governador, Senador, Deputado Federal, Deputado Estadual";"2014-09-29 00:00:00";"2014-09-30 00:00:00";1000;"7655-A";"AUGUSTO DA SILVA ROCHA";"5000,00";"Metodologia de pesquisa: Pesquisa do tipo quantitativa, por amostragem, com aplicação de questionário estruturado e abordagem pessoal em pontos sorteados nos bairros da cidade. O conjunto do eleitorado do município de Guarujá com 16 anos ou mais foi tomado como universo da pesquisa. ";"Plano amostral e ponderação quanto a sexo, idade, grau de instrução e nível econômico do entrevistado; intervalo de confiança e margem de erro: Tamanho da amostra: A amostra prevista é de 1.000 entrevistas. Técnica de amostragem: A amostra é aleatória e estratificada conforme os seguintes critérios: a) a amostra respeita divisão da população em bairros, conforme levantamento realizado com base no Censo IBGE 2010. A amostra é proporcional à população de cada bairro; b) a amostra leva em conta a variável sexo da população de Guarujá, sendo 48% homens e 52% mulheres, conforme dados do TSE (junho/14), Idade: 16 a 24 anos__20,6%;  25 a 34 anos__11,4%; 35 a 49 anos__41%; 50 ou mais__27%; Instrução: Analfabeto__4,8%; primário__26,4%; ginásio___22,4%; colegial___39,8%; superior__6,6%; renda familiar: ate 1 sal.__15,2%; de 1 a 2 sal.__21,6%; de 2 a 3 sal.__20%; de 3 a 4 sal.__15,2%; de 4 a 5 sal.__5,4%; mais de 5 sal.__22,6%. Área física: Município de Guarujá, em pontos aleatoriamente sorteados. A relação completa dos bairros pesquisados, com respectivos locais sorteados, será encaminhada a esse tribunal posteriormente. Margem de Erro: A margem de erro máxima prevista para o total da amostra é de 3,1 pontos percentuais para mais ou para menos, considerando um nível de confiança de 95%. Os intervalos de confiança serão calculados considerando os resultados obtidos para um nível de confiança de 95%. ";"Sistema interno de controle e verificação, conferência e fiscalização da coleta de dados e do trabalho de campo: O Sistema interno de controle, verificação, conferência e fiscalização da coleta de dados, do trabalho de campo é assim descrito: durante os trabalhos de campo, 20% das entrevistas são refeitas pelos supervisores das equipes, para checar a veracidade das entrevistas e das respostas registradas pelos entrevistadores. Alem da checagem de 20% das entrevistas (externa),internamente, os dados de diferentes questões são pré-processados e cruzados entre si, permitindo fazer-se a critica dos mesmos, para verificação de eventuais inconsistências, ou seja, se existem conflitos ou contradições as respostas dadas pelos eleitores durante as entrevistas ou eventuais erros dos entrevistadores ao assinalarem aquelas respostas. Caso os testes internos comprovem a ocorrência de inconsistências nas quotas de um dos entrevistadores inferior a 3%, a quota dele é validada, mas as entrevistas comprometidas são excluídas da amostra (para poderem fazer a eventual reposição de entrevistas canceladas neste filtro, em geral, os institutos de pesquisa colhem amostras superiores as registradas), se o número de inconsistências verificado for superior a 3%, o entrevistador é afastado da empresa, a quota de entrevistas feitas por ele é cancelada e a parcela do campo comprometida ( a quota dele) é refeita integralmente.  ";" Relação de setores de Guarujá – SP

1-	Itapema
2-	Paecará/ Porto
3-	Vila Áurea/ Progresso
4-	Jd. Boa Esperança/ Conceiçãozinha
5-	Pq. Estuário
6-	Morrinhos
7-	Vila Zilda/ Cachoeira
8-	Enseada I e II
9-	Santo Antônio I e II
10-Santa Rosa I, II e III/ Vargem Grande
11-Astúrias/ Tombo/ Guaiúba/ Marinas I e II/ Helena Maria/ Pitangueiras
12- Mar e Céu/ Perequê/ Tortuga/ Pernambuco/ Jd. Acapulco/ Guararu
13- Santa Cruz dos Navegantes
"
"27/02/2023";"15:36:19";2014;3;"Eleições Gerais 2014";"SP";"SP";"SÃO PAULO";"SP000312014";"2014-09-09 00:00:00";"#NE";"00654576000172";",INSTITUTO   VERITÁ   LTDA  epp";"#NE";"Governador, Senador";"2014-09-12 00:00:00";"2014-09-15 00:00:00";2500;"7439 / 6ª Região";"Leonard Mendonça de Assis";"100000,00";"Pesquisa quantitativa, que consiste na realização de entrevistas pessoais, com a aplicação de questionários estruturados e padronizados junto a uma amostra representativa do eleitorado do estado de São Paulo. ";"a) Público pesquisado: 
Eleitores residentes e inscritos para votar no estado de São Paulo
b) Área física:
 Estado de São Paulo
 
c) tipo de amostra:
A amostragem será realizada da seguinte forma:
1. Estratificação do estado por agrupamento de Microrregiões obedecendo critério geográfico e Porte dos municípios
2. Tamanho de cada estrato foi definido proporcional ao número de eleitores inscritos em cada um destes 
3. Divisão em estratos contendo aproximadamente o mesmo número de eleitores
4. Seleção dos entrevistados utilizando entrevistas domiciliares obedecendo um quadro de idade e sexo gerado de maneira aleatória por um software estatístico, usando as proporções de idade e sexo descritas neste plano
5. Está prevista adoção de entrevistas em locais de trabalho ou em pontos de fluxo. Estes serão utilizados onde os locais sorteados não permitam adoção de entrevistas domiciliares

d)Ponderação:
Esta pesquisa é autoponderada (peso = 1), obedecendo as proporções descritas a seguir:

SEXO:
FEMININO 52.29% / MASCULINO 47.71%

Idade
 FEMININO 	 16 A 24 ANOS 	15,05%
 FEMININO 	 25 A 34 ANOS 	23,13%
 FEMININO 	 35 A 44 ANOS 	20,01%
 FEMININO 	 45 A 59 ANOS 	24,75%
 FEMININO 	 60 ANOS OU MAIS 	17,06%
 MASCULINO 	 16 A 24 ANOS 	16,38%
 MASCULINO 	 25 A 34 ANOS 	23,83%
 MASCULINO 	 35 A 44 ANOS 	20,29%
 MASCULINO 	 45 A 59 ANOS 	24,28%
 MASCULINO 	 60 ANOS OU MAIS 	15,22%

Também está prevista ponderação por nivel econômico e instrução, obedecendo as proporções descritas a seguir:
Nível Econômico
FEMININO	Não PEA	47,51%
FEMININO	PEA	52,49%
MASCULINO	Não PEA	28,23%
MASCULINO	PEA	71,77%

Nível de Instrução
FEMININO	Analfabeto até Ensino Médio incompleto	53,62%
FEMININO	Ensino médio completo, superior ou mais	46,38%
MASCULINO	Analfabeto até Ensino Médio incompleto	54,25%
MASCULINO	Ensino médio completo, superior ou mais	45,75%

e) Intervalo de Confiança/Margem de Erro:
Para este planejamento amostral, considerando-se um intervalo de confiança de 95%, é esperado um erro máximo de 1,96 pontos percentuais na estimação da proporção das intenções de voto dos candidatos. 
";"Para a realização da pesquisa será utilizada uma equipe de entrevistadores e supervisores devidamente treinada para este trabalho. Após os trabalhos de campo, os questionários são submetidos a uma fiscalização que consiste no retorno a campo de 20% dos questionários aplicados individualmente pelos entrevistadores, para verificação das respostas e da adequação dos entrevistados aos parâmetros amostrais. ";"#NULO#"
"27/02/2023";"15:36:19";2014;3;"Eleições Gerais 2014";"SP";"SP";"SÃO PAULO";"SP000192014";"2014-08-25 00:00:00";"#NE";"96508015000134";"Limite Consultoria e Pesquisas de Marketing Ltda";"#NE";"Governador, Deputado Federal, Deputado Estadual";"2014-08-21 00:00:00";"2014-08-27 00:00:00";808;"9830-A";"Thiago Altafin Colletti";"13600,00";"Pesquisa Quantitativa que consiste na realização de entrevistas pessoais, individuais e domiciliares, com aplicação de questionários estruturados e padronizados, através de questionamentos espontâneos e estimulados.";"Público a ser pesquisado: Eleitores residentes e com domicílio eleitoral no município de Limeira/SP. Tipo de amostra: O plano amostral contempla a realização das entrevistas em toda a área urbana do município de Limeira/SP. Todos os segmentos de rua foram codificados e dispostos num sistema computacional que selecionou, através de amostragem aleatória simples, os segmentos de rua para a realização das entrevistas. Em cada um destes segmentos de rua, todos os domicílios serão visitados e, em cada domicílio, um único eleitor será solicitado para a realização da entrevista. Ponderação: Dada a aleatoriedade empregada na seleção de entrevistados, será realizada pós-estratificação na amostra com base nos fatores sexo, faixa etária e nível de instrução, ou seja, serão realizadas ponderações, construídas a partir de informações obtidas junto ao IBGE/CENSO 2010, afim de que as proporções observadas na população de acordo com essas variáveis fiquem inalteradas na amostra. Sexo: Feminino:51,4% e Masculino 48,6%; Faixa Etária: 16 a 29 anos:31,1%,30 a 49 anos: 39,1% e 50 anos ou mais: 29,8 %;Escolaridade: menos que Ensino Fundamental: 37,6%;Ensino Fundamental completo: 21,9%; Ensino Médio completo: 30,1% e Ensino Superior completo ou mais: 10,4%. Margem de Erro e Intervalo de Confiança: A margem de erro para os índices globais da pesquisa é de 3,4 pontos percentuais (para mais ou para menos), dentro de um intervalo de confiança de 95% (se a pesquisa fosse repetida 100 vezes, em ao menos 95 vezes os resultados estariam situados dentro do intervalo de 3,4% dos apresentados neste estudo).";"Para a realização da pesquisa serão utilizadas equipes de 5 (cinco) entrevistadores e 1 (um) coordenador (cada). O coordenador de campo é o responsável pelo cumprimento do roteiro estabelecido na amostragem, definindo aos entrevistadores o local exato da realização das entrevistas, fiscalizando e checando todo trabalho de coleta dos dados. Além disso, cabe ao coordenador de campo a apresentação da documentação da Limite Consultoria em caso de questionamentos por parte do eleitorado e também o esclarecimento de possíveis dúvidas ao longo do trabalho. Todos os entrevistadores são cuidadosamente treinados para cada levantamento específico, o que garante a confiabilidade dos resultados. Também, os entrevistadores realizam as entrevistas devidamente uniformizados e identificados. Internamente, após a realização das entrevistas todos os questionários passam por um processo de conferência, codificação, digitação e conferência da digitação e só assim seguem para análise estatística. ";"Abrangência: Limeira SP. 
Região 1: Pq. Egisto Ragazzo, Jd. Helena Fumagalli, Jd. Res. Granja Machado, Jd. Planalto, Pq. Res. Anavec 1, Pq. Res. Anavec 2, Ch. São José, Jd. Bela Vista, Jd. Sta. Catarina, Vl. Clemente, Ch. Catapani, Vl. Sta. Inês, Vl. Bull, Vl. Foster, Res. Mario S. Queiróz, Vl. Sto. Antônio, Bairro Boa Vista, Jd. Bandeirantes, Jd. Nereide, Vl. Asbhar, Vl. Piza, Vl. Giotto, Vl. Teixeira Marques, Jd. Campos Eliseos, Vl. Rosana, Vl. Jatobá, Vl. São Pedro, Jd. Hortencia, Ch. Boa Vista, Vl. Nova, Jd. Canaã, Jd. América, Vl. Penedo, Jd. Piza, Vl. da Ponte, Jd. Hergert, Vl. Santa Clara. 11% 
Região 2 - Jd. Anhanguera, Jd. Novo Horizonte, Jd. São Pedro, Jd. Cavinato, Vl. Sta. Lucia, Jd. Oliveira, Jd. Orestes Veroni, Jd. Nova Suíça, Jd. Alvorada, Glebas Beatriz, Jd. Pres. Dutra, Jd. São Luiz, Jd. Barão de Limeira, Jd. Glória, Jd. Maria Helena, Jd. Vista Alegre, Jd. Olga Veroni, Pq. Hipólito I, Pq. Hipólito 2 Jd. São Simão, Jd. Rossi, V. Mesquita, Jd. Boa Esperança, Jd. Perola, Jd. Celina, Jd. Boa Vista, Jd. Nova Limeira, Vl. Labak, Jd. João Ometto, Jd. Nova Conquista, Jd. Res.José Cortez, Jd. Res. Antônio Brigatto, Jd. Kelly, Jd. Dr. João B. Levy, Jd. Barão de S. Queiroz. 23% 
Região 3 - Vl. Fascina, Vl. Tank, Vl. Leitão, Vl. São João, Vl. Sta. Josefa, Vl. Maria Helena, Pq. Real, Centro, Jd. Sta. Cecília, Vl. Cristóvam, Jd. Mercedes, Vl. Cidade Jardim, Jd. Esteves, Vl. Gonzaga, Jd. Kühl, Vl. Sta. Rosália, Vl. São Luís, Vl. Sta. Lina, Vl. Cláudia, Jd. Palmira, Jd. Sônia, Vl. Busch, Jd. São Manoel, Vl. Solar, Jd. Maria Flora, Vl. Bragotto, Vl. San Marino, Vl. Mathias, Vl. Paraiso, Vl. Primavera, Vl. Rocha, Vl. Santana, Vl. São Geraldo, Vl. Garibaldi, Vl. Lucia Helena, Jd. Montezuma, Des. Camillo Ferrari, Vl. Conceição, Pq. Res. Independência, Jd. São Roque, Vl. Superci, Vl. Telar, Vl. Esteves, Jd.Santa Lina, Jd. Busch, Guilherme Forster. 14% 
Região 4 - Jd. Colina Verde, Jd. da Graminha, Jd. Res. Vitório Lucato, Jd. Ouro Verde, Jd. Res. Roseira, Jd. das Palmeiras, Jd. São Lourenço, Jd. do Lago, Jd. Odécio Degan, Pq. Res. Aeroporto, Cj. Res. Ernesto Kühl, Jd. Ibirapuera, Jd. Bartolomeu Grotta, Jd. Adélia C. Grotta, Jd. Nova Europa, Cj. Res. Victor D’Andrea I, Cj. Res. Victor D’Andrea II, Pq. das Nações, Jd. Ipiranga, Pq. Novo Mundo, Jd. Gustavo Piccinini I, Jd. Rec. Alvorada. Jd.Santina P. Piccinini I, Jd. Santina P. Piccinini II, Jd. Colinas São João, Jd. Res. Regina Bastelli, Jd. Res. Campo Belo, Jd. Santa Amália, Res. Fenix, Jd. Santa Bárbara, Pq. Res. Santa Eulália, Res. Mandei S. B. Levy, Jd. Ipanema, Jd. Res. Guimarães, Jd. Res. Graminha, Jd. Ouro Branco, Jd. Lagoa Nova, Jd. Lago Azul, Jd. Santa Luzia, Jd. Cason, Res. Alto da Graminha.Wada, Jd. Medeiros, Jd. Paraíso, Pq. Nosso Chão, Pq. Nosso Lar. 25% 
Região 5 - Ch. Gava, Jd. das Laranjeiras, Sto. André, Jd. São Rafael, Vl. Ferreira, Jd. Aquarius, Pq. São Bento, Jd. Sta. Luiza, Jd. Piratininga, Jd. Nova Itália, Jd. Paulista, Jd. São Paulo, Jd. Sta. Fé, Jd. Senador Vergueiro, Jd. N. Sra. Do Amparo, Pq. Res. Sthalberg, Jd. Maria B. Modeneis, Jd. Rosa M. Lucas, Jd. Elite, Jd. N. Sra. De Fátima, Jd. Limeirânea, Jd. Colonial, Jd. Itapoã, Jd. Monte Carlo, Ch. Boa Vista da Graminha, Jd. Portal das Rosas, Jd. Pérola, Jd. Esmeralda, Ch. Antonieta, Jd. Morro Azul, Jd. Santa Adélia, Jd. Vanessa, Res. Village, Jd. Eduardo, Jd. Florença, Vl. Tatoiri, Chac. Paulo Diniz, Des. Maria Buzolin, Vl. Narcisa, Jd. Santana, Gleba São Pedro, Gleba Bom Jesus, Res. Francisco Guanes, Jd. Trevo, Vl. Benedita Arruda, Jd. Terras de S. Eliza, Vl. Agostinho F. de Assis, Pq. Avenida, Res. Alto da Capela 12% 
Região 6 - Pq. N. Sra. Das Dores I, Pq. Nossa Sra. Das Dores II, Pq. N. Sra. Das Dores III, Res. Belinha Ometto, Conj. Hab Abílio Pedro IV, Conj. Hab Abílio Pedro V, Jd. Morro Branco, Jd. São Francisco, Jd. Caieira. 15% "
"27/02/2023";"15:36:19";2014;3;"Eleições Gerais 2014";"SP";"SP";"SÃO PAULO";"SP000172014";"2014-08-21 00:00:00";"#NE";"68802370000186";"IBOPE INTELIGÊNCIA PESQUISA E CONSULTORIA LTDA. ";"#NE";"Governador, Senador";"2014-08-23 00:00:00";"2014-08-26 00:00:00";1512;"6208-A";"Márcia Cavallari Nunes";"101152,80";"Pesquisa quantitativa, que consiste na realização de entrevistas pessoais com a aplicação de questionário estruturado junto a uma amostra representativa do eleitorado em estudo.";"Representativa do eleitorado da área em estudo, elaborada em três estágios.
No primeiro estágio faz-se um sorteio probabilístico nos municípios, onde as entrevistas serão realizadas, pelo método PPT (Probabilidade Proporcional ao Tamanho), tomando o eleitorado como base para tal seleção.
No segundo estágio faz-se um sorteio probabilístico dos setores censitários, onde as entrevistas serão realizadas, pelo método PPT (Probabilidade Proporcional ao Tamanho), tomando o eleitorado como base para tal seleção.
No terceiro e último estágio, dentro dos setores sorteados, os respondentes são selecionados através de quotas amostrais proporcionais em função de variáveis significativas, a saber: IDADE: 16-24 (masculino) 17% (feminino) 16%; 25-34 (masculino) 25% (feminino) 25%; 35-44 (masculino) 21% (feminino) 21%; 45-54 (masculino) 18% (feminino) 18%; 55 e+ (masculino) 19% (feminino) 21%; INSTRUÇÃO: Até Ensino Médio (masculino) 79% (feminino) 77%; Ensino Superior (masculino) 21% (feminino) 23%; NÍVEL ECONÔMICO: Economicamente ativo (masculino) 81% (feminino) 58%; Não Economicamente ativo (masculino) 19% (feminino) 42%. 
Está prevista eventual ponderação para correção das variáveis sexo e idade, com base nos percentuais anteriormente mencionados, caso ocorram diferenças superiores a 3 pontos percentuais entre o previsto na amostra e a coleta de dados realizada. Para as variáveis de grau de instrução e nível econômico do entrevistado, o fator previsto para ponderação é 1 (resultados obtidos em campo). O nível de confiança estimado é de 95% e a margem de erro máxima estimada considerando um modelo de amostragem aleatório simples, é de 3 (três) pontos percentuais para mais ou para menos sobre os resultados encontrados no total da amostra.
FONTE DOS DADOS: Censo 2010 | PNAD 2012 | TSE 2014| Entre outras.
";"Para a realização da pesquisa, utiliza-se uma equipe de entrevistadores e supervisores contratados pelo IBOPE INTELIGÊNCIA PESQUISA E CONSULTORIA LTDA. devidamente treinados para o trabalho. Após os trabalhos de campo, os questionários são submetidos a uma fiscalização de cerca de 20% (vinte por cento) dos questionários aplicados pelos entrevistadores; para verificação das respostas e da adequação dos entrevistados aos parâmetros amostrais.";"A área de abrangência da coleta é o Estado de São Paulo. A Relação de municípios selecionados para aplicação da amostra será apresentada até o 7 dia seguinte ao Registro da pesquisa, conforme expresso no art. 2º § 5º da resolução 23.400/2013 do TSE."
"27/02/2023";"15:36:19";2014;3;"Eleições Gerais 2014";"SP";"SP";"SÃO PAULO";"SP000392014";"2014-09-17 00:00:00";"#NE";"07268073000108";"SP - SEBRAM PESQUISAS - SERVICOS DE PESQUISAS DE OPINIAO PUBLICA, JORNALISMO, CONSULTORIA E ASSESSORIA S/S LTDA ";"#NE";"Governador";"2014-09-19 00:00:00";"2014-09-22 00:00:00";600;"9538-A";"RAPHAEL BOTELHO";"6000,00";": Pesquisa quantitativa probabilística, que consiste na realização de entrevistas pessoais, com a aplicação de questionários estruturados e padronizados junto a uma amostra representativa do eleitorado do município em estudo, com arrolamento aleatório de bairros, endereços e entrevistados. ";"Plano Amostral: a) Público pesquisado: eleitores do município de Carapicuíba  SP. b) Tipo de amostra: A amostra é representativa do eleitorado do município e foi selecionada em dois estágios: 1º estágio: seleção dos setores dentro do município; 2º estágio: seleção dos respondentes dentro dos setores através de uma quota proporcional de Sexo, Idade, Grau de instrução e Ramo de atividade, de acordo com o perfil da população em estudo. As entrevistas foram pessoais e domiciliares. Fonte de dados: IBGE, Censo 2010 TSE, Cadastro de Eleitores 2014 c) Tamanho da amostra: 600 entrevistas. d) Ponderação: Devido à metodologia amostral adotada, a pesquisa é auto-ponderada, ou seja, as proporções do universo pesquisado estão previstas na amostra, não sendo necessário nenhum tipo de ponderação, pois a mesma já foi estratificada utilizando toda as variáveis  quanto a sexo, idade, grau de instrução e nível sócio econômico. e) Área física de realização da pesquisa: Recomenda-se a leitura dos arts. 33, 34, 35 e 96 da Lei nº 9.504/1997, e das resoluções-TSE nos 23.400 e 23.398, ambas de 17.12.2013, as quais disciplinam, respectivamente, para as eleições de 2014, o registro das pesquisas e o processamento das representações, reclamações e dos pedidos de direito de resposta. f) Intervalo de Confiança/Margem de Erro: O intervalo de confiança estimado é de 95% e a margem de erro máxima estimada é de 4 pontos percentuais para mais ou para menos sobre os resultados encontrados no total da amostra. ";"Para a realização da pesquisa, utiliza-se uma equipe de entrevistadores e supervisores contratados pelo SEBRAM PESQUISAS CONSULTORIA LTDA devidamente treinados para o trabalho. Após os trabalhos de campo, os questionários são submetidos a uma fiscalização de 20% (vinte por cento) aplicados individualmente pelos entrevistadores, para verificação das respostas e da adequação dos entrevistados aos parâmetros amostrais.";"#NULO#"
"27/02/2023";"15:36:19";2014;3;"Eleições Gerais 2014";"SP";"SP";"SÃO PAULO";"SP000662014";"2014-09-30 00:00:00";"#NE";"68802370000186";"IBOPE INTELIGÊNCIA PESQUISA E CONSULTORIA LTDA. ";"#NE";"Governador, Senador";"2014-10-05 00:00:00";"2014-10-05 00:00:00";7300;"6208-A";"Márcia Cavallari Nunes";"133933,80";"Pesquisa quantitativa, que consiste na realização de entrevistas pessoais, com a aplicação de questionário estruturado junto a uma amostra representativa dos votantes em estudo.";"Representativa do eleitorado da área em estudo, elaborada em três estágios. No primeiro estágio fez-se um sorteio probabilístico dos municípios pesquisados, pelo método PPT (Probabilidade Proporcional ao Tamanho), com base na população de votantes (TSE 2014, excluindo abstenção 1º turno 2006 e 2010) de cada município.
Em um segundo estágio, dentro dos municípios sorteados foram selecionados, também pelo método PPT, os locais de votação com base no número de votantes decada local de votação. No terceiro estágio, dentro dos locais de votação sorteados, os respondentes foram selecionados através de quotas amostrais, proporcionais em função de variáveis significativas, a saber: Sexo, Idade, de acordo com o perfil dos votantes. Devido à metodologia amostral adotada, a pesquisa é auto-ponderada, ou seja, as proporções do universo pesquisado estão previstas na amostra, não sendo necessário qualquer tipo de ponderação quanto à sexo, idade, grau de instrução e nível econômico.
O intervalo de confiança estimado é de 99% e a margem de erro máxima estimada considerando um modelo de amostragem aleatório simples, é de 2 (dois) pontos percentuais para mais ou para menos sobre os resultados encontrados no total da amostra.
";"Para a realização da pesquisa, utiliza-se uma equipe de entrevistadores e supervisores contratados pelo IBOPE INTELIGÊNCIA PESQUISA E CONSULTORIA LTDA. devidamente treinados para o trabalho. Após os trabalhos de campo, os questionários são submetidos a uma fiscalização de cerca de 20% (vinte por cento) dos questionários aplicados pelos entrevistadores; para verificação das respostas e da adequação dos entrevistadores aos parâmetros amostrais.";"A área de abrangência da coleta é o Estado de São Paulo. A relação dos municípios selecionados para aplicação da amostra será apresentada até o 7º dia seguinte ao registro da pesquisa, conforme expresso no art. 2º, §5º da Resolução 23.400/2013 do TSE."
"27/02/2023";"15:36:19";2014;3;"Eleições Gerais 2014";"SP";"SP";"SÃO PAULO";"SP000242014";"2014-08-30 00:00:00";"#NE";"62292602000117";"ENFOQUE ASSESSORIA DE COMUNICAÇÃO INTEGRADA LTDA";"#NE";"Governador, Senador, Deputado Federal, Deputado Estadual";"2014-08-30 00:00:00";"2014-09-03 00:00:00";1218;"8693-A";"Claudia Julia Guimarães Horta";"38780,00";"Levantamento quantitativo, por meio de pesquisa individual, utilizando questionário estruturado e padronizado, junto à amostra representativa do eleitorado da região metropolitana da Baixada Santista";"A seleção das pessoas pesquisadas, por meio de amostra representativa, realizada deu-se em dois estágios. No primeiro, foram delimitadas as áreas a serem pesquisadas, concebendo-se o nível de bairro como ponto de partida. No segundo, os eleitores foram selecionados por meio de quotas amostrais, levando-se em consideração proporções dadas pelas variáveis: sexo e idade dos eleitores cadastrados, em nível das zonas eleitorais e dados populacionais. Em função da metodologia adotada, a pesquisa é autoponderada, ou seja, o sistema de amostragem por quotas, onde se busca obter um retrato similar do universo pesquisado, não sendo necessário qualquer tipo de ponderação quanto ao sexo, idade e nível econômico. O intervalo de confiança é de 95% e a margem de erro utilizada de 4,0 pontos percentuais para mais ou menos
";"Para a realização da pesquisa, emprega-se equipe de entrevistados contratados pela ENFOQUE COMUNICAÇÃO INTEGRADA, devidamente treinada para o trabalho. O levantamento de campo tem um supervisor da ENFOQUE e no campo as equipes contam com a orientação e acompanhamento de um responsável previamente selecionado. Após as pesquisas de campo, os questionários são submetidos a uma avaliação interna do preenchimento e verificação do levantamento dos entrevistados em
adequação aos parâmetros amostrais estabelecidos
";"A pesquisa será realizada em bairros das cidades respeitando a densidade demográfica e o perfil dos moradores, dentro dos números estabelecidos pelas zonas eleitorais. O detalhamento está inserido no arquivo anexo após a conclusão da pesquisa de campo, conforme previsto na resolução supra citada.
"
"27/02/2023";"15:36:19";2014;3;"Eleições Gerais 2014";"SP";"SP";"SÃO PAULO";"SP000302014";"2014-09-08 00:00:00";"#NE";"16623147000178";"DGABC PESQUISAS LTDA";"#NE";"Governador, Senador";"2014-09-08 00:00:00";"2014-09-11 00:00:00";2800;"9552 ";"LÍGIA PAES GONÇALVES";"29000,00";"Pesquisa do tipo quantitativo, por amostragem, com aplicação de questionário estruturado e abordagem pessoal em pontos de abordagem populacional. O conjunto do eleitorado da Região do Grande ABC (Santo André, São Bernardo do Campo, São Caetano do Sul, Diadema, Mauá, Rio Grande da Serra, Ribeirão Pires) com 16 anos ou mais foi tomado como universo da pesquisa.";"Universo: Eleitorado da Região do Grande ABC (Santo André, São Bernardo do Campo, São Caetano do Sul, Diadema, Mauá, Rio Grande da Serra, Ribeirão Pires), com 16 anos ou mais. Técnica de amostragem: A amostra é estratificada e uniforme por região município. No processamento dos dados é realizada ponderação referente à proporção de cada cidade na amostra para correta representação da Região. Os entrevistados são selecionados aleatoriamente para responder ao questionário, de acordo com cotas de sexo e faixa etária. Os dados utilizados para definição e seleção da amostra são baseados no TSE (eleitorado julho 2014) A amostra prevista é de 2.800 questionários. Os dados relativos a sexo e faixa etária são: 
Santo André: masculino - 16 e 17 anos: 0,3%; 18 a 24 anos: 5,9%; 25 a 34 anos: 10,4%; 35 a 44 anos: 9,5%; 45 a 59 anos: 12,4%; 60 anos ou mais: 8,9%. Feminino – 16 e 17 anos: 0,3%; 18 a 24 anos: 5,9%; 25 a 34 anos: 10,8%; 35 a 44 anos: 10,4%; 45 a 59 anos: 13,8%; 60 anos ou mais: 11,4%.  
São Bernardo do Campo: masculino - 16 e 17 anos: 0,4%; 18 a 24 anos: 6,7%; 25 a 34 anos: 11,1%; 35 a 44 anos: 9,8%; 45 a 59 anos: 11,9%; 60 anos ou mais: 7,2%. Feminino – 16 e 17 anos: 0,4%; 18 a 24 anos: 6,9%; 25 a 34 anos: 12,0%; 35 a 44 anos: 11,0%; 45 a 59 anos: 13,6%; 60 anos ou mais: 9,0%.  
São Caetano do Sul: masculino - 16 e 17 anos: 0,3%; 18 a 24 anos: 5,4%; 25 a 34 anos: 9,2%; 35 a 44 anos: 8,4%; 45 a 59 anos: 12,0%; 60 anos ou mais: 9,2%. Feminino – 16 e 17 anos: 0,3%; 18 a 24 anos: 5,5%; 25 a 34 anos: 10,5%; 35 a 44 anos: 10,5%; 45 a 59 anos: 15,3%; 60 anos ou mais: 13,4%.  
Diadema: masculino - 16 e 17 anos: 0,4%; 18 a 24 anos: 7,2%; 25 a 34 anos: 11,9%; 35 a 44 anos: 10,7%; 45 a 59 anos: 11,5%; 60 anos ou mais: 5,7%. Feminino – 16 e 17 anos: 0,4%; 18 a 24 anos: 7,3%; 25 a 34 anos: 12,9%; 35 a 44 anos: 12,0%; 45 a 59 anos: 12,9%; 60 anos ou mais: 7,1%.  
Mauá: masculino - 16 e 17 anos: 0,5%; 18 a 24 anos: 7,6%; 25 a 34 anos: 11,9%; 35 a 44 anos: 10,0%; 45 a 59 anos: 11,6%; 60 anos ou mais: 6,2%. Feminino – 16 e 17 anos: 0,5%; 18 a 24 anos: 7,7%; 25 a 34 anos: 12,8%; 35 a 44 anos: 11,1%; 45 a 59 anos: 13,0%; 60 anos ou mais: 7,1%.  
Ribeirão Pires: masculino - 16 e 17 anos: 0,4%; 18 a 24 anos: 6,9%; 25 a 34 anos: 11,4%; 35 a 44 anos: 10,4%; 45 a 59 anos: 11,6%; 60 anos ou mais: 7,9%. Feminino – 16 e 17 anos: 0,3%; 18 a 24 anos: 6,6%; 25 a 34 anos: 11,7%; 35 a 44 anos: 10,9%; 45 a 59 anos: 13,0%; 60 anos ou mais: 8,9%.  
Rio Grande da Serra: masculino - 16 e 17 anos: 0,4%; 18 a 24 anos: 7,6%; 25 a 34 anos: 12,3%; 35 a 44 anos: 11,1%; 45 a 59 anos: 11,6%; 60 anos ou mais: 6,2%. Feminino – 16 e 17 anos: 0,4%; 18 a 24 anos: 7,6%; 25 a 34 anos: 12,4%; 35 a 44 anos: 11,5%; 45 a 59 anos: 12,0%; 60 anos ou mais: 6,9%.  
Margem de Erro: A margem de erro máxima prevista é de 5 pontos percentuais para mais ou para menos por município e 1,8 pontos percentuais para a Região, considerando um nível de confiança de 95%. Os intervalos de confiança serão calculados considerando os resultados obtidos para um nível de confiança de 95%.
";"Os pesquisadores envolvidos na realização desta pesquisa são treinados pelo Instituto e recebem instruções específicas para a coleta. São checados, no mínimo, 30% dos questionários de cada pesquisador, seja in loco por supervisores de campo ou, posteriormente, por telefone. Internamente, todo o material é verificado e codificado. Antes do processamento final e emissão dos resultados, realiza-se processo de consistência dos dados.";"
A relação completa dos municípios e bairros pesquisados será encaminhada a esse tribunal posteriormente, até o sétimo dia seguinte à data de registro da pesquisa, conforme a Resolução 23.400/2013 do TSE, no art.2º §5º .
"
"27/02/2023";"15:36:19";2014;3;"Eleições Gerais 2014";"SP";"SP";"SÃO PAULO";"SP000362014";"2014-09-16 00:00:00";"#NE";"07013973000104";"In-Data Marketing S/S Ltda";"#NE";"Governador, Senador, Deputado Federal, Deputado Estadual";"2014-09-11 00:00:00";"2014-09-13 00:00:00";700;"9878-A";"Sabrina Luisa Caetano";"4500,00";"A abordagem utilizada consiste na aplicação de uma amostragem aleatória representativa da população residente em BARRETOS/SP, com 16 anos ou mais de idade. A amostra é selecionada em dois estágios, sendo que no primeiro faz-se uma divisão da amostra proporcionalmente ao número de habitantes acima de 16 anos de idade dentro de cada área geográfica intra-municipal. No segundo estágio, para cada área geográfica, os respondentes são selecionados respeitando-se quotas proporcionais controladas por região geográfica, sexo e faixa etária, de acordo com o perfil da população em estudo. ";"lano amostral e ponderação quanto a sexo, idade, grau de instrução e nível econômico do entrevistado; intervalo de confiança e margem de erro: Ponderação sexo, idade, grau de instrução e nível econômico do entrevistado; Sexo: Masculino 48,32%, Feminino 51,68%; Idade: 16 a 18 anos 8%, 19 a 29 anos 17,6%, 30 a 39 anos 15,5%, De 40 a 49 anos 14,1%, De 50 a 59 anos 11,3% Mais 60 anos 13,8%, Grau de Instrução: Não Estudou até até 4o ano (Ensino Fundamental Incompleto): 40,6% Ensino Fundamental Completo até Ensino Médio Incompleto 30,3% Ensino Médio Completo até Superior Incompleto: 23,9% Superior Completo 5,2% Nível Econômico; Até 2 SM 47,1%, de 2 à 5 SM 17,0%, Mais de 5 SM 5,8%, Sem Renda 30,1%. Para um intervalo de confiança de 95% e um tamanho de amostra 750 entrevistas, a margem de erro máxima estimada foi 4,5 pontos percentuais, para mais ou para menos ";"Todos os questionários preenchidos recebem crítica para avaliação da consistência dos dados coletados. 10% dos questionários são separados, aleatoriamente, para ser submetidos à conferência através de novos contatos com os entrevistados, medida sempre adotada e que visa garantir a qualidade e fidelidade dos dados coletados. ";"0,1	CAIÇARA 1,4	STA CECILIA 1,5	S FRANCISCO 2,3	LOS ANGELES 0,0	S DOMINGOS 0,1	MONTE ALEGRE 3,7	JOCKEY 0,3	DISTRITO 2 4,7	MARILIA 1,8	PRIMAVERA 4,6	CELINA 4,8	BOM JESUS 8,3	ZEQ AMENDOLA 1,7 CALIFORNIA 5,8	PIMENTA 3,5	BARONE 1,9	S BENEDITO 3,5	CENTRO 2,5	PÇA BANDEIRA 2,6	GONÇALVES 6,0	CRISTIANO 0,3	DISTRITO 1 1,1	EXPOSIÇÃO 2,1	STA CASA 2,5	MINERVA 2,1	LAGOS 6,3	AMÉRICA 5,4	RIOS 3,7 NOGUEIRA 0,0	CAMPOS 0,8	PIO XII 1,1	SOARES 0,6	FACULDADE 0,8	CITY BTOS 0,8	NOVA BTOS 0,1	CAMPO REDONDO 0,9	VALE VERDE 7,3	CECAP 2,6	IBIRAPUERA 0,1	STA CLARA "
"27/02/2023";"15:36:19";2014;3;"Eleições Gerais 2014";"SP";"SP";"SÃO PAULO";"SP000632014";"2014-09-29 00:00:00";"#NE";"68802370000186";"IBOPE INTELIGÊNCIA PESQUISA E CONSULTORIA LTDA. ";"#NE";"Governador, Senador";"2014-09-29 00:00:00";"2014-10-04 00:00:00";2002;"6208-A";"Márcia Cavallari Nunes";"133933,80";"Pesquisa quantitativa, que consiste na realização de entrevistas pessoais com a aplicação de questionário estruturado junto a uma amostra representativa do eleitorado em estudo.";"Representativa do eleitorado da área em estudo, elaborada em três estágios.
No primeiro estágio faz-se um sorteio probabilístico dos municípios, onde as entrevistas serão realizadas, pelo método PPT (Probabilidade Proporcional ao Tamanho), tomando o eleitorado como base para tal seleção.
No segundo estágio faz-se um sorteio probabilístico dos setores censitários, onde as entrevistas serão realizadas, pelo método PPT (Probabilidade Proporcional ao Tamanho), tomando a população de 16 anos ou mais residente nos setores como base para tal seleção. No terceiro e último estágio, dentro dos setores sorteados, os respondentes são selecionados através de quotas amostrais proporcionais em função de variáveis significativas, a saber:IDADE: 16-24 (masculino) 17% (feminino) 16%; 25-34 (masculino) 25% (feminino) 25%; 35-44 (masculino) 21% (feminino) 21%; 45-54 (masculino) 18% (feminino) 18%; 55 e+ (masculino) 19% (feminino) 21%; INSTRUÇÃO: Até Ensino Médio (masculino) 79% (feminino) 77%; Ensino Superior (masculino) 21% (feminino) 23%; NÍVEL ECONÔMICO: Economicamente ativo (masculino) 81% (feminino) 58%; Não Economicamente ativo (masculino) 19% (feminino) 42%. 
Está prevista eventual ponderação para correção das variáveis sexo e idade, com base nos percentuais anteriormente mencionados, caso ocorram diferenças superiores a 3 pontos percentuais entre o previsto na amostra e a coleta de dados realizada. Para as variáveis de grau de instrução e nível econômico do entrevistado, o fator previsto para ponderação é 1 (resultados obtidos em campo). O nível de confiança estimado é de 95% e a margem de erro máxima estimada considerando um modelo de amostragem aleatório simples, é de 2 (dois) pontos percentuais para mais ou para menos sobre os resultados encontrados no total da amostra.
FONTE DOS DADOS: Censo 2010 | PNAD 2012 | TSE 2014 | Entre outras.
";"Para a realização da pesquisa, utiliza-se uma equipe de entrevistadores e supervisores contratados pelo IBOPE INTELIGÊNCIA PESQUISA E CONSULTORIA LTDA. devidamente treinados para o trabalho. Após os trabalhos de campo, os questionários são submetidos a uma fiscalização de cerca de 20% (vinte por cento) dos questionários aplicados pelos entrevistadores; para verificação das respostas e da adequação dos entrevistados aos parâmetros amostrais.";"A área de abrangência da coleta é o Estado de São Paulo. A Relação de municípios selecionados para aplicação da amostra será apresentada até o 7º dia seguinte ao Registro da pesquisa, conforme expresso no art. 2º § 5º da resolução 23.400/2013 do TSE."
"27/02/2023";"15:36:19";2014;3;"Eleições Gerais 2014";"SP";"SP";"SÃO PAULO";"SP000012014";"2014-01-03 00:00:00";"#NE";"18886742000121";"DADO PESQUISA E CONSULTORIA LTDA";"#NE";"Governador, Deputado Estadual";"2013-12-10 00:00:00";"2013-12-12 00:00:00";720;"7655-A";"Augusto da Silva Rocha";"7500,00";"1.	Público Pesquisado
População residente em BARRETOS/PR com 16 anos ou mais de idade.

2.	Metodologia
A abordagem utilizada consiste na aplicação de uma amostragem aleatória representativa da população residente com 16 anos ou mais de idade. 
A amostra é selecionada em dois estágios sendo que no primeiro faz-se uma divisão da amostra proporcionalmente ao número de habitantes acima de 16 anos de idade dentro de cada área geográfica intra-municipal.
No segundo estágio, para cada área geográfica, os respondentes são selecionados aleatoriamente respeitando-se quotas proporcionais controladas por região geográfica, sexo e faixa etária, de acordo com o perfil da população em estudo.
3.	Fonte de Dados
•	IBGE (Censo 2010) e TRE - Julho 2012.
";"Para um intervalo de confiança de 95% e um tamanho de amostra de 720 entrevistas, a margem de erro máxima estimada foi de 3,7 pontos percentuais, para mais ou para menos.
Faixa Etária	Masculino		Feminino		Total	
16 a 17 anos	4	0,50%	4	0,50%	8	1,00%
18 a 24 anos	45	6,90%	55	7,10%	100	14,00%
25 a 34 anos	80	11,00%	82	11,50%	162	22,50%
35 a 59 anos	149	20,40%	167	23,40%	316	43,90%
60 anos ou mais	59	8,00%	75	10,50%	134	18,60%
Total	337	46,90%	383	53,10%	720	100,00%

Escolaridade	%
ANALFABETO	1,5%
LÊ E ESCREVE	5,0%
ENSINO FUNDAMENTAL INCOMPLETO	34,1%
ENSINO FUNDAMENTAL COMPLETO	8,0%
ENSINO MÉDIO INCOMPLETO	22,3%
ENSINO MÉDIO COMPLETO	19,5%
SUPERIOR INCOMPLETO	4,4%
SUPERIOR COMPLETO	5,2%
Renda	%
Até  2  SM	47,1%
De 2 à 5 SM	17,0%
Mais de 5 SM	5,8%
Sem Renda	30,1%
Total	100,0%
";"A DADO mantem um fiscal em campo durante o período de coleta de dados e faz a conferencia por telefone de 10% da produção de cada entrevistador.";"Setor 01 - Caiçara	1
Setor 02 - Santa Cecília	9
Setor 03 - São Francisco	10
Setor 04 - Los Angeles	16
Setor 05 - São Domingos	1
Setor 06 - Monte Alegre	1
Setor 07 - Jockey Club	26
Setor 08 - Distrito II	2
Setor 09 - Marília	33
Setor 10 - Primavera	13
Setor 11 -Celina	32
Setor 12 - Bom Jesus	32
Setor 13 - Zequinha Amêndola	58
Setor 14 - Califórnia	12
Setor 15 - Pimenta	41
Setor 16 - Baroni	25
Setor 17 - São Benedito	13
Setor 18 - Centro 	24
Setor 19 - Praça da Bandeira	17
Setor 20 - Gonçalves	17
Setor 21 - Cristiano de Carvalho	41
Setor 22 - Distrito I	2
Setor 23 - Exposição	6
Setor 24 - Santa Casa	14
Setor 25 - Minerva	16
Setor 26 - Lagos	14
Setor 27 - América	42
Setor 28 - Rios	36
Setor 29 - Nogueira	24
Setor 30 - Campos	1
Setor 31 - Pio XII	4
Setor 32 - Soares	7
Setor 33 - Faculdade	3
Setor 34 - City Barretos	4
Setor 35 - Nova Barretos	50
Setor 36 - Campo Redondo	1
Setor 37 - Vale do Verde	4
Setor 38 - Cecap	51
Setor 39 - Ibirapuera	16
Setor 40 - Santa Clara	1
 	720
"
"27/02/2023";"15:36:19";2014;3;"Eleições Gerais 2014";"SP";"SP";"SÃO PAULO";"SP000032014";"2014-03-19 00:00:00";"#NE";"73988917000110";"OPINIÃO PESQUISA ANÁLISE E CONSULTORIA LTDA";"#NE";"Governador";"2014-03-14 00:00:00";"2014-03-21 00:00:00";500;"9261-A";"HELOÍSA RODRIGUES BARBOSA";"10000,00";"Pesquisa quantitativa com aplicação de questionários estruturados através de entrevistas pessoais junto a uma amostra aleatória, proporcional e representativa do eleitorado do Município de São Paulo / usuários do sistema de transporte Metrô, com 16 anos ou mais. A amostra foi estratificada por sexo e faixa etária através de sistema de cotas pré-definidas, baseando-se na divisão do eleitorado local por sexo e idade definida pelo Tribunal Superior Eleitoral e nas informações sobre a demanda: entrada de passageiros por estação - média dos dias úteis/ 2012 da Companhia do Metropolitano de São Paulo.";"- Percentuais a serem utilizados para eventual ponderação quanto a sexo: Homens: 46%. Mulheres: 54%.  - Percentuais a serem utilizados para eventual ponderação quanto a faixa etária: 16 a 24 anos: 15%. 25 a 34 anos: 23%. 35 a 44 anos: 20%. 45 anos ou mais: 42%. Base utilizada: Justiça Eleitoral – estatística do eleitorado. - Fator previsto para a ponderação de grau de instrução: 1. Serão utilizadas as seguintes categorias: Analfabeto/ nunca estudou; Fundamental 1 incompleto/ completo; Fundamental 2 incompleto/ completo; Médio incompleto; Médio completo; Superior incompleto/ completo ou mais. - Fator previsto para a ponderação de nível econômico dos respondentes: 1. Será utilizado o critério de faixas de renda familiar mensal. - A margem de erro para o total da amostra é 4,4% (quatro ponto quatro	 pontos percentuais), para mais ou para menos, calculada considerando-se um coeficiente de confiança de 95% (noventa e cinco por cento).";"As equipes de campo têm em seus quadros supervisores que acompanham e checam a aplicação dos questionários in-loco como também a obediência às cotas pré-definidas; sua função é atestar a fidelidade das respostas obtidas pelos pesquisadores e garantir o rigor metodológico na aplicação dos formulários. Sistema Interno de Verificação: através da utilização de software específico, são aplicados testes para averiguar a consistência dos resultados obtidos. Após os testes de consistência, é verificada, por meio telefônico, no mínimo, 20% da amostra coletada.
";"#NULO#"
"27/02/2023";"15:36:19";2014;3;"Eleições Gerais 2014";"SP";"SP";"SÃO PAULO";"SP000272014";"2014-09-04 00:00:00";"#NE";"03042195000120";"UP - UNIDADE DE PESQUISAS S/C LTDA";"#NE";"Governador, Senador, Deputado Federal, Deputado Estadual";"2014-09-08 00:00:00";"2014-09-09 00:00:00";625;"6641 - A";"Dario Nery";"22640,00";"A metodologia da pesquisa realizada pela UP, é a utilização de questionário estruturado, e amostragem probabilística simples, com efetuação de entrevistas pessoais em pontos de fluxo populacional , tendo por universo o eleitorado dos municípios investigado, obedecendo ao regime de quotas (base TSE de 2014/Censo) por densidade eleitoral das regiões, sexo, idade, grau de instrução e nível econômico. Esta metodologia assegura a representatividade de todos os segmentos sociais da população em qualquer Estado e/ou municipio brasileiro, sendo incluídas na amostra as zonas geográficas descritas no questionário.";"O plano Amostral segundo os itens exigidos por lei seguem descritos:

 Universo – Eleitorado do Municipio de Santos, com 16 anos ou mais.

 Amostragem, coeficiente de confiança, margem de erro: A pesquisa UP vai entrevistar 625 eleitores. A amostra garante a nível municipal uma margem de erro de 4% para um intervalo e confiança de 95,5% . 
As ponderações em relação a sexo, idade, grau de instrução e nível econômico , descritas nas perguntas 1 a 4 do questionário, serão realizadas para refletir estatisticamente a proporção do eleitorado consultado..conforme percentuais
Masculino 45
Feminino 55
100
FAIXA ETÁRIA: TSE/2014
%
De 16 a 17 anos 0,4
De 18 a 24 anos 10,6
De 25 a 34 anos 19,8
De 35 a 44 anos 18,6
De 45 a 59 anos 26,2
Mais de 60 anos 24,5
100
GRAU DE INSTRUÇÃO: TSE/2014
%
Analfabeto / Lê e Escreve 4,0
Ensino Fundamental 
(incompleto/completo) 27,6
Ensino Médio (incompleto/completo) 46,3
Superior (incompleto/completo) 22,1
100
FAIXA DE RENDA: CENSO/2010
%
";"O Sistema interno de controle, verificação, conferência e fiscalização da coleta de dados, do trabalho de campo é assim descrito: durante os trabalhos de campo, 20% das entrevistas são refeitas pelos supervisores das equipes, para checar a veracidade das entrevistas e das respostas registradas pelos entrevistadores.

 				Alem da checagem de 20% das entrevistas (externa),internamente, os dados de diferentes questões são pré-processados e cruzados entre si, permitindo fazer-se a critica dos mesmos, para verificação de eventuais inconsistências, ou seja, se existem conflitos ou contradições as respostas dadas pelos eleitores durante as entrevistas ou eventuais erros dos entrevistadores ao assinalarem aquelas respostas.

 				Caso os testes internos comprovem a ocorrência de inconsistências nas quotas de um dos entrevistadores inferior a 3%, a quota dele é validada, mas as entrevistas comprometidas são excluídas da amostra (para poderem fazer a eventual reposição de entrevistas canceladas neste filtro, em geral, os institutos de pesquisa colhem amostras superiores as registradas), se o número de inconsistências verificado for superior a 3%, o entrevistador é afastado da empresa, a quota de entrevistas feitas por ele é cancelada e a parcela do campo comprometida ( a quota dele) é refeita integralmente.
";"Municipio de Santos - SP"
"27/02/2023";"15:36:19";2014;3;"Eleições Gerais 2014";"SP";"SP";"SÃO PAULO";"SP000052014";"2014-05-25 00:00:00";"#NE";"05123359000170";"INSTITUTO DE PESQUISA E MARKETING PAULISTA INFORMATICA - IPEMPI";"#NE";"Governador, Deputado Federal, Deputado Estadual";"2014-05-23 00:00:00";"2014-05-25 00:00:00";634;"9796 A";"Marcelo A. Scardovelli Fernandes";"12000,00";"Metodologia Amostra Probabilística simples, realizada por sorteio. O requisito para a seleção da amostra é a listagem de todas as unidades da população - base de informações por setor censitário IBGE e TRE. a) Distribuição dos entrevistadores em quadras sorteadas conforme o setor geográfico estabelecido; b) Divisão dos questionários aplicados em campo, respeitando o universo da população eleitoral, classificado quanto a gênero, idade, grau de instrução e nível sócio econômico; c) Área física de Bragança Paulista foi dividida em 08 setores, estabelecendo espaço geográfico ocupado por eleitores proporcionalmente;";"Plano Amostral Foi estabelecido e calculado pela estatística responsável devidamente cadastrada no CONRE3 MARCELO A.SCARDOVELLI FERNANDES SOB Nº 9796 A que mensurou o intervalo de confiança em 96.1% e a margem de erro estimada em 3.9% na quantidade mínima de 600 amostras a ser aplicadas em campo. I - Quanto a faixa etária foi dividido nos seguintes critérios de faixas etárias: a) 16 a 24 anos; b)25 a 34 anos; c) 35 a 44 anos; d) 45 a 59 anos; e) 60 ou mais anos. II - A amostra dividiu os formulários para aplicação nos seguintes critérios referente ao gêneros(sexo): a)Masculino com 303 entrevistas; b)Feminino com 331 entrevistas. A soma corresponde a 634 formulários para ser aplicado em campo. A divisão do questionário aplicado no campo respeitando o universo da população IBGE e dados do TRE classificando quanto sexo, idade, grau de instrução e nível sócio econômico.";"Conferencia e fiscalização de coleta de dados em campo, especificando o local da pesquisa com a indicação geográfica do município, observando: setores, bairros e a distribuição dos formulários por gênero(masculino e feminino), faixa etária, grau de instrução, nível sócio econômico. O sistema Interno de controle supervisionara cada formulário aplicado em campo avaliando por referencias de endereços e telefones obtidos junto ao entrevistados para a confirmação dos dados apurados em campo.";"A área de abrangência da pesquisa, distribuído em 8 setores estabelecidos por intermédio da estatística responsável: MARCELO A.SCARDOVELLI FERNANDES SOB Nº 9796 A. O campo foi organizado em 8 setores, abaixo constituídos:
 Setor 01 : Centro; Vl. Aparecida; Jd. Das Laranjeiras; Matadouro; totalizando 28.3% de participação e amostra com 180 entrevistas. Setor 02 : Cruzeiro; Lavapés; São Lourenço; Vila Garcia; Conj. Hab. Padre A. Bolini ; totalizando 20.0% de participação e amostra com 126 entrevistas. Setor 03 : Jd. Primavera; Jd. Europa; totalizando 8,3% de participação e amostra com 53 entrevistas. Setor 04 : Jd. São Miguel; Nosso Teto; Cidade Planejada 10,0% de participação e amostra com 63 entrevistas. Setor 05 : Jd. Da Fraternidade; Res. Hípica Jaguari 10,0% de participação e amostra com 63 entrevistas. Setor 06 : Jd. Recanto Bragantino; Jd. Lago do Moinho 6,7% de participação e amostra com 43 entrevistas. Setor 07: Jd. Do Lago; Jd. São Jose 8,3% de participação e amostra com 53 entrevistas. Setor 08: Araras; campo Novo; Toro; Guarripocaba; Morro Grande da Boa Vista 8,3% de participação e amostra com 53 entrevistas
"
"27/02/2023";"15:36:19";2014;3;"Eleições Gerais 2014";"SP";"SP";"SÃO PAULO";"SP000162014";"2014-08-08 00:00:00";"#NE";"07630546000175";"DATAFOLHA INSTITUTO DE PESQUISAS LTDA.";"#NE";"Governador, Senador";"2014-08-12 00:00:00";"2014-08-14 00:00:00";2052;"72.49A";"Renata Nunes César";"135800,00";"Pesquisa do tipo quantitativo, por amostragem, com aplicação de questionário estruturado e abordagem pessoal em pontos de fluxo populacional. O conjunto do eleitorado do Estado de São Paulo com 16 anos ou mais foi tomado como universo da pesquisa.";"Universo: Eleitorado do Estado de São Paulo, com 16 anos ou mais. Tamanho da amostra: A amostra prevista é de 2.052 entrevistas. Técnica de amostragem: A amostra é estratificada por porte dos municípios e natureza dos municípios (região metropolitana ou interior). Em cada estrato, num primeiro estágio, são sorteados os municípios que farão parte do levantamento. Num segundo estágio, são sorteados os bairros e pontos de abordagem onde serão aplicadas as entrevistas.  Por fim, os entrevistados são selecionados aleatoriamente para responder ao questionário, de acordo com cotas de sexo e faixa etária. Nessa amostra, o estrato referente à capital foi desproporcionalizado para permitir detalhamento. Nos resultados finais, as corretas proporções serão restabelecidas através de ponderação. A amostra prevista é de 2.052 questionários, sendo 1.092 na capital. Os dados utilizados para definição e seleção da amostra são baseados no TSE (eleitorado julho 2014) e IBGE (Censo 2010 e Estimativas 2013). Os dados relativos a sexo e faixa etária são: Sexo masculino 48%, feminino: 52%, 16 a 24 anos 14%, 25 a 34 anos 23%, 35 a 44 anos 20%, 45 a 59 anos 25% e 60 anos ou mais 18%. Ponderação dos resultados: No processamento dos dados é realizada ponderação referente à proporção de cada cidade na amostra para correta representação. Está prevista a eventual ponderação para correção nos tamanhos dos segmentos da tabela acima considerando as variáveis sexo e faixa etária. Para as variáveis grau de instrução e nível econômico do entrevistado (renda familiar mensal), o fator previsto para ponderação é 1 (resultados obtidos em campo). Área física: Serão realizadas entrevistas em 56 municípios, localizados no Estado de São Paulo.  Margem de Erro: A margem de erro máxima prevista é de 2 pontos percentuais para mais ou para menos, considerando um nível de confiança de 95%. Os intervalos de confiança serão calculados considerando os resultados obtidos para um nível de confiança de 95%.";"Os pesquisadores envolvidos na realização desta pesquisa são treinados pelo Instituto e recebem instruções específicas para cada projeto realizado. A maior parte da coleta será feita com a utilização de tablet e questionário eletrônico. São checados, no mínimo, 30% dos questionários de cada pesquisador, seja in loco por supervisores de campo ou, posteriormente, por telefone. Internamente, todo o material é verificado e codificado. Antes do processamento final e emissão dos resultados, realiza-se processo de consistência dos dados.";"A relação completa dos municípios e bairros pesquisados será encaminhada a esse tribunal posteriormente, até o sétimo dia seguinte à data de registro da pesquisa, conforme a Resolução 23.400/2013 do TSE, no art.2º §5º."
"27/02/2023";"15:36:19";2014;3;"Eleições Gerais 2014";"SP";"SP";"SÃO PAULO";"SP000402014";"2014-09-17 00:00:00";"#NE";"07268073000108";"SP - SEBRAM PESQUISAS - SERVICOS DE PESQUISAS DE OPINIAO PUBLICA, JORNALISMO, CONSULTORIA E ASSESSORIA S/S LTDA ";"#NE";"Governador";"2014-09-20 00:00:00";"2014-09-23 00:00:00";600;"9538-A";"RAPHAEL BOTELHO";"6000,00";"Pesquisa quantitativa probabilística, que consiste na realização de entrevistas pessoais, com a aplicação de questionários estruturados e padronizados junto a uma amostra representativa do eleitorado do município em estudo, com arrolamento aleatório de bairros, endereços e entrevistados. ";"Plano Amostral: a) Público pesquisado: eleitores do município de Barueri  SP. b) Tipo de amostra: A amostra é representativa do eleitorado do município e foi selecionada em dois estágios: 1º estágio: seleção dos setores dentro do município; 2º estágio: seleção dos respondentes dentro dos setores através de uma quota proporcional de Sexo, Idade, Grau de instrução e Ramo de atividade, de acordo com o perfil da população em estudo. As entrevistas foram pessoais e domiciliares. Fonte de dados: IBGE, Censo 2010 TSE, Cadastro de Eleitores 2014 c) Tamanho da amostra: 600 entrevistas. d) Ponderação: Devido à metodologia amostral adotada, a pesquisa é auto-ponderada, ou seja, as proporções do universo pesquisado estão previstas na amostra, não sendo necessário nenhum tipo de ponderação, pois a mesma já foi estratificada utilizando toda as variáveis  quanto a sexo, idade, grau de instrução e nível sócio econômico. e) Área física de realização da pesquisa: Recomenda-se a leitura dos arts. 33, 34, 35 e 96 da Lei nº 9.504/1997, e das resoluções-TSE nos 23.400 e 23.398, ambas de 17.12.2013, as quais disciplinam, respectivamente, para as eleições de 2014, o registro das pesquisas e o processamento das representações, reclamações e dos pedidos de direito de resposta. f) Intervalo de Confiança/Margem de Erro: O intervalo de confiança estimado é de 95% e a margem de erro máxima estimada é de 4 pontos percentuais para mais ou para menos sobre os resultados encontrados no total da amostra. ";"Para a realização da pesquisa, utiliza-se uma equipe de entrevistadores e supervisores contratados pelo SEBRAM PESQUISAS CONSULTORIA LTDA devidamente treinados para o trabalho. Após os trabalhos de campo, os questionários são submetidos a uma fiscalização de 20% (vinte por cento) aplicados individualmente pelos entrevistadores, para verificação das respostas e da adequação dos entrevistados aos parâmetros amostrais.";"#NULO#"
"27/02/2023";"15:36:19";2014;3;"Eleições Gerais 2014";"SP";"SP";"SÃO PAULO";"SP000352014";"2014-09-15 00:00:00";"#NE";"07013973000104";"In-Data Marketing S/S Ltda";"#NE";"Governador, Senador, Deputado Federal, Deputado Estadual";"2014-09-16 00:00:00";"2014-09-17 00:00:00";750;" 9878-A";"Sabrina Luisa Caetano";"4500,00";"A abordagem utilizada consiste na aplicação de uma amostragem aleatória representativa da população residente em BARRETOS/SP, com 16 anos ou mais de idade. A amostra é selecionada em dois estágios, sendo que no primeiro faz-se uma divisão da amostra proporcionalmente ao número de habitantes acima de 16 anos de idade dentro de cada área geográfica intra-municipal. No segundo estágio, para cada área geográfica, os respondentes são selecionados respeitando-se quotas proporcionais controladas por região geográfica, sexo e faixa etária, de acordo com o perfil da população em estudo. ";"Plano amostral e ponderação quanto a sexo, idade, grau de instrução e nível econômico do entrevistado; intervalo de confiança e margem de erro: Ponderação sexo, idade, grau de instrução e nível econômico do entrevistado; Sexo: Masculino 48,32%, Feminino 51,68%; Idade: 16 a 18 anos 8%, 19 a 29 anos 17,6%, 30 a 39 anos 15,5%, De 40 a 49 anos 14,1%, De 50 a 59 anos 11,3% Mais 60 anos 13,8%, Grau de Instrução: Não Estudou até até 4o ano (Ensino Fundamental Incompleto): 40,6% Ensino Fundamental Completo até Ensino Médio Incompleto 30,3% Ensino Médio Completo até Superior Incompleto: 23,9% Superior Completo 5,2% Nível Econômico; Até 2 SM 47,1%, de 2 à 5 SM 17,0%, Mais de 5 SM 5,8%, Sem Renda 30,1%. Para um intervalo de confiança de 95% e um tamanho de amostra 750 entrevistas, a margem de erro máxima estimada foi 4,5 pontos percentuais, para mais ou para menos ";"Todos os questionários preenchidos recebem crítica para avaliação da consistência dos dados coletados. 10% dos questionários são separados, aleatoriamente, para ser submetidos à conferência através de novos contatos com os entrevistados, medida sempre adotada e que visa garantir a qualidade e fidelidade dos dados coletados. ";"Sta Cecilia, Boa Esperança S Francisco/ Sta Terezinha Los angeles Jockey/ Derby/ Chab Michel Nabem Marilia Alvorada Primavera S Jorge/ Centenario/ S Vicente/ bela Vista/ B Jesus B Jesus/ D Bosco/ Alto Sumaré/ Sta Helena/ S Judas Barretos Dois California/ Arizona/Etemp Pimenta/ Sta Isabel/ Santana/ Clementina/ N Clem/ Licia/ Alpha/ Baroni/ Alvorada Centro Fortaleza/ Centro Centro/ Fortaleza Gonçalves/ Monte Castelo/ S José Cristiano Carvalho Distrito 1 Exposição Minerva/ Oriente/ Gomes S Salvador América/ Ramos América/ N América/ Diva Ana/ Aeroporto/ Marieta Industrial/ Marieta/ Ortega Paulo Prata JD Soares/ Nova Esplanada Marchi CITY BARRETOS Nova Barretos Vale Verde/ Chacaras Nadir Kenan/ Gde Horizonte/ Pedro Cavalini/ CJ J Falleiros Ibirapuera/ Pereira "
"27/02/2023";"15:36:19";2014;3;"Eleições Gerais 2014";"SP";"SP";"SÃO PAULO";"SP000102014";"2014-07-11 00:00:00";"#NE";"07630546000175";"DATAFOLHA INSTITUTO DE PESQUISAS LTDA.";"#NE";"Governador, Senador";"2014-07-15 00:00:00";"2014-07-16 00:00:00";2036;"72.49A";"Renata Nunes César";"135800,00";"Pesquisa do tipo quantitativo, por amostragem, com aplicação de questionário estruturado e abordagem pessoal em pontos de fluxo populacional. O conjunto do eleitorado do Estado de São Paulo com 16 anos ou mais foi tomado como universo da pesquisa.";"Universo: Eleitorado do Estado de São Paulo, com 16 anos ou mais. Tamanho da amostra: A amostra prevista é de 2036 entrevistas. Técnica de amostragem: A amostra é estratificada por porte dos municípios e natureza dos municípios (região metropolitana ou interior). Em cada estrato, num primeiro estágio, são sorteados os municípios que farão parte do levantamento. Num segundo estágio, são sorteados os bairros e pontos de abordagem onde serão aplicadas as entrevistas.  Por fim, os entrevistados são selecionados aleatoriamente para responder ao questionário, de acordo com cotas de sexo e faixa etária. Nessa amostra, o estrato referente à capital foi desproporcionalizado para permitir detalhamento. Nos resultados finais, as corretas proporções serão restabelecidas através de ponderação. A amostra prevista é de 2.036 questionários, sendo 1092 na capital. Os dados utilizados para definição e seleção da amostra são baseados no TSE (eleitorado março 2014) e IBGE (Censo 2010 e Estimativas 2013). Os dados relativos a sexo e faixa etária são: Sexo masculino 48%, feminino: 52%, 16 a 24 anos 15%, 25 a 34 anos 23%, 35 a 44 anos 20%, 45 a 59 anos 25% e 60 anos ou mais 17%. Ponderação dos resultados: No processamento dos dados é realizada ponderação referente à proporção de cada cidade na amostra para correta representação. Está prevista a eventual ponderação para correção nos tamanhos dos segmentos da tabela acima considerando as variáveis sexo e faixa etária. Para as variáveis grau de instrução e nível econômico do entrevistado (renda familiar mensal), o fator previsto para ponderação é 1 (resultados obtidos em campo). Área física: Serão realizadas entrevistas em 55 municípios, localizados no Estado de São Paulo.  A relação completa dos municípios e bairros pesquisados será encaminhada a esse tribunal posteriormente, após a publicação dos resultados. Margem de Erro: A margem de erro máxima prevista é de 2 pontos percentuais para mais ou para menos, considerando um nível de confiança de 95%. Os intervalos de confiança serão calculados considerando os resultados obtidos para um nível de confiança de 95%.";"Os pesquisadores envolvidos na realização desta pesquisa são treinados pelo Instituto e recebem instruções específicas para cada projeto realizado. A maior parte da coleta será feita com a utilização de tablet e questionário eletrônico. São checados, no mínimo, 30% dos questionários de cada pesquisador, seja in loco por supervisores de campo ou, posteriormente, por telefone. Internamente, todo o material é verificado e codificado. Antes do processamento final e emissão dos resultados, realiza-se processo de consistência dos dados.";"#NULO#"
"27/02/2023";"15:36:19";2014;3;"Eleições Gerais 2014";"SP";"SP";"SÃO PAULO";"SP000182014";"2014-08-21 00:00:00";"#NE";"00852501000104";"VOX OPINIÃO PESQUISA E PROJETOS LTDA";"#NE";"Governador, Senador, Deputado Federal, Deputado Estadual";"2014-08-22 00:00:00";"2014-08-24 00:00:00";800;"5ª REGIÃO Nº 8641";"MARIA CECÍLIA SACRAMENTO SOUZA";"34150,00";"Pesquisa quantitativa, que consiste na realização de entrevistas pessoais, com a aplicação de questionários estruturados e padronizados junto a uma amostra representativa do eleitorado do município de Osasco.";"Plano Amostral:

a)	Público pesquisado: eleitores no município de Osasco.
 
b)	Tipo de amostra: A amostra é representativa do eleitorado do município de Osasco e foi selecionada em dois estágios: 

1º estágio: seleção dos bairros dentro do município de Osasco; 

2º estágio: seleção dos respondentes dentro dos bairros através de uma quota proporcional de Gênero, Idade, Escolaridade e Renda Familiar, de acordo com o perfil da população em estudo.

As entrevistas foram pessoais e domiciliares.


Fonte de dados: IBGE, Censo 2010 e PNAD 2012
			  TSE, Cadastro de Eleitores 2014

c)	Tamanho da amostra: 800 entrevistas.

d)	Ponderação: Devido à metodologia amostral adotada as proporções quanto a sexo, idade, escolaridade e renda familiar da amostra são as mesmas do universo pesquisado, com base no Censo Demográfico de 2010 – IBGE e no Cadastro de Eleitores 2014 do TSE. Portanto os fatores de ponderação a serem aplicados nas variáveis sexo, idade, escolaridade e renda familiar assumem valor igual a 1(um).

e)	Área física de realização da pesquisa: A ser informada e fornecida conforme artigo 2º, inciso X 5º § da Resolução 23.400 do Tribunal Superior Eleitoral – TSE datada de 27 de dezembro de 2013.  

f)	Intervalo de Confiança/Margem de Erro: O intervalo de confiança estimado é de 95% e a margem de erro máxima estimada é de 3,5 pontos percentuais para mais ou para menos sobre os resultados encontrados no total da amostra.

g)	Checagem: Logo após a realização da coleta de dados, é feito o trabalho de checagem das entrevistas junto aos respondentes. O objetivo é, sobretudo, garantir que a entrevista foi realmente realizada e verificar como o respondente se sentiu em relação à pesquisa. Há perguntas do questionário que são reproduzidas para certificarmos de sua correta aplicação e há outras questões que se referem exclusivamente à performance do entrevistador. São aproximadamente 20% dos respondentes de cada entrevistador que irão receber o contato dos checadores.
";"Para a realização da pesquisa será utilizada uma equipe de entrevistadores e supervisores devidamente treinada para este trabalho. Após os trabalhos de campo, os questionários são submetidos a uma fiscalização que consiste no retorno a campo de 20% dos questionários aplicados individualmente pelos entrevistadores, para verificação das respostas e da adequação dos entrevistados aos parâmetros amostrais.";"SERÁ ENVIADO APÓS DIVULGAÇÃO."
"27/02/2023";"15:36:19";2014;3;"Eleições Gerais 2014";"SP";"SP";"SÃO PAULO";"SP000332014";"2014-09-11 00:00:00";"#NE";"39253182000148";"GPP PLANEJAMENTO E PESQUISA LTDA";"#NE";"Governador, Senador";"2014-09-12 00:00:00";"2014-09-15 00:00:00";2000;"7566";"ADRIANO VON PFUHL RODRIGUES";"60000,00";"Metodologia: Pesquisa do tipo quantitativa realizada através de levantamento estatístico por amostragem estratificada pelas seguintes Regiões:
Regiões	Pesos	Amostra
Capital	27,4	549
Metropolitana	20,2	404
Interior	52,4	1047
Total	100,0
2.000


O Interior acima é composto pelas seguintes Mesorregiões com seus respectivos pesos eleitorais: 
Interior: Baixada Santista + Litoral Sul (4,8%); Bauru + Marília (4,6%); Assis + Presidente Prudente (3,5%); São José dos Campos + Araçatuba (5,6%); Araraquara + Ribeirão Preto (7,6%); Vale do Paraíba Paulista (5,5%); Campinas + Piracicaba (12,4%); Macro Metropolitana Paulista + Itapetininga (8,4%).
O universo da pesquisa é população eleitora do estado de São Paulo a partir dos 16 anos e a abordagem será domiciliar, ou seja, as entrevistas serão residenciais. Vale lembrar que será realizada apenas uma entrevista por residência com o eleitor apto a responder a pesquisa. Nas regiões de grande concentração de prédios, as entrevistas serão realizadas com os eleitores passantes, moradores das quadras selecionadas (pontos de fluxo no último estágio).
Nesta pesquisa, com relação às intenções de voto estimuladas, os eleitores indecisos não serão de forma alguma pressionados a escolher um dos candidatos ou uma das opções. Será apresentado ao entrevistado, para cada cargo pesquisado, um cartão circular contendo os nomes dos candidatos e o eleitor fará sua escolha livremente. 

";"A amostra será distribuída por regiões de forma proporcional ao número de eleitores existentes nas mesmas. Dentro de cada região pesquisada a amostra será distribuída por cidades ou grupamento de cidades, de acordo com sua representatividade eleitoral. Nos grupamentos de cidades levam-se em consideração a localização geográfica e o porte (número de eleitores). Dentro de cada cidade sorteada (selecionada) a amostra será distribuída pelos bairros ou grupamentos de bairros de forma proporcional ao número de eleitores existentes nos mesmos. Dentro dos bairros sorteados (selecionados) serão feitos sorteios das quadras onde serão realizadas as entrevistas. Uma vez selecionadas as quadras, os domicílios serão selecionados por amostragem sistemática.  
Como a variável principal a ser estimada “intenção de voto” é uma variável de atributo, esta amostra de 2.000 entrevistas permite inferências sobre o universo pesquisado com margem de erro máxima de 2,2 pontos percentuais, para mais ou para menos, para um grau confiança de 95%. 

Para se obter o resultado global, com as 2.000 entrevistas, os resultados encontrados no campo serão ponderados por faixa etária e sexo dos eleitores de acordo com os dados obtidos e divulgados pelo TSE/2014 para o Estado de São Paulo. 
Grau de escolaridade e Renda familiar mensal: Não haverá ponderação por escolaridade e/ ou renda familiar, serão considerados os índices obtidos na amostra e serão apresentados no relatório da pesquisa.
Como podemos observar acima, os dados obtidos dos entrevistados só serão corrigidos (ponderados) por sexo e faixa etária, já que a pesquisa não será realizada por quotas.
A área física de realização da pesquisa será todo o Estado de São Paulo. 
";"Sistema Interno de controle, Análise e Coleta de Dados:

Todos os entrevistadores do GPP serão treinados e selecionados na cidade de Campinas. Para o trabalho de campo cada entrevistador estará devidamente identificado com crachá e camiseta do Instituto GPP. Os Supervisores de campo acompanharão “in loco” a coleta dos dados, garantindo a conferência de todo material coletado. 
Todos os dados serão criticados, codificados e digitados pelo GPP. Por medida de segurança, na atividade de digitação será utilizada a técnica de dupla entrada. Durante o processo de codificação e análise dos resultados será verificada a consistência de todos os questionários aplicados.
";"Serao disponibilizados após a divulgaçao da pesquisa. O relatório completo será colocado em www.gpp.com.br e disponivel para download a qualquer interessado, sem necessidade de requerimentos."
"27/02/2023";"15:36:19";2014;3;"Eleições Gerais 2014";"SP";"SP";"SÃO PAULO";"SP000442014";"2014-09-19 00:00:00";"#NE";"03042195000120";"UP - UNIDADE DE PESQUISAS S/C LTDA";"#NE";"Governador, Senador";"2014-09-22 00:00:00";"2014-09-24 00:00:00";1221;"6641 - A";"Dario Nery";"40000,00";"A metodologia da pesquisa realizada pela UP, é a utilização de questionário estruturado, e amostragem probabilística simples, com efetuação de entrevistas pessoais em pontos de fluxo populacional , tendo por universo o eleitorado dos municípios investigado, obedecendo ao regime de quotas (base TSE de 2014/Censo) por densidade eleitoral das regiões, sexo, idade, grau de instrução e nível econômico. Esta metodologia assegura a representatividade de todos os segmentos sociais da população em qualquer Estado e/ou municipio brasileiro, sendo incluídas na amostra as zonas geográficas descritas no questionário.";"O plano Amostral segundo os itens exigidos por lei seguem descritos:

 Universo – Eleitorado do Estado de São Paulo, com 16 anos ou mais.

 Amostragem, coeficiente de confiança, margem de erro: A pesquisa UP vai entrevistar 1221 eleitores. A amostra garante a nível municipal uma margem de erro de 3% para um intervalo e confiança de 95,5% . 
As ponderações em relação a sexo, idade, grau de instrução e nível econômico , descritas nas perguntas 1 a 4 do questionário, serão realizadas para refletir estatisticamente a proporção do eleitorado consultado..conforme percentuais

Masculino 48  Feminino 52 = 100
FAIXA ETÁRIA: TSE/2014 %
De 16 a 17 anos 0,8
De 18 a 24 anos 13,5
De 25 a 34 anos 22,7
De 35 a 44 anos 19,8
De 45 a 59 anos 25,3
Mais de 60 anos 17,9 = 100
GRAU DE INSTRUÇÃO: TSE/2014 %
Analfabeto / 1 ano ou menos de estudo 6,5
Ensino Fundamental 
(incompleto/completo) 37,9
Ensino Médio (incompleto/completo) 44,5
Superior (incompleto/completo) 11,1 = 100
FAIXA DE RENDA: CENSO/2010 %
Até 724,00 - 39,9
De R$ 724,01 a R$1.448,00 - 22,0
De R$ 1.448,01 a R$ 2.172,00  -10,4
De R$ 2.172,01 a R$ 3.620,00 - 9,5
Acima de R$ 3.620,01 - 18,1 = 100
";"O Sistema interno de controle, verificação, conferência e fiscalização da coleta de dados, do trabalho de campo é assim descrito: durante os trabalhos de campo, 20% das entrevistas são refeitas pelos supervisores das equipes, para checar a veracidade das entrevistas e das respostas registradas pelos entrevistadores.

 				Alem da checagem de 20% das entrevistas (externa),internamente, os dados de diferentes questões são pré-processados e cruzados entre si, permitindo fazer-se a critica dos mesmos, para verificação de eventuais inconsistências, ou seja, se existem conflitos ou contradições as respostas dadas pelos eleitores durante as entrevistas ou eventuais erros dos entrevistadores ao assinalarem aquelas respostas.

 				Caso os testes internos comprovem a ocorrência de inconsistências nas quotas de um dos entrevistadores inferior a 3%, a quota dele é validada, mas as entrevistas comprometidas são excluídas da amostra (para poderem fazer a eventual reposição de entrevistas canceladas neste filtro, em geral, os institutos de pesquisa colhem amostras superiores as registradas), se o número de inconsistências verificado for superior a 3%, o entrevistador é afastado da empresa, a quota de entrevistas feitas por ele é cancelada e a parcela do campo comprometida ( a quota dele) é refeita integralmente.
";"#NULO#"
"27/02/2023";"15:36:19";2014;3;"Eleições Gerais 2014";"SP";"SP";"SÃO PAULO";"SP000502014";"2014-09-25 00:00:00";"#NE";"68802370000186";"IBOPE INTELIGÊNCIA PESQUISA E CONSULTORIA LTDA. ";"#NE";"Governador, Senador";"2014-09-25 00:00:00";"2014-09-30 00:00:00";2002;"6208-A";"Márcia Cavallari Nunes";"133933,80";"Pesquisa quantitativa, que consiste na realização de entrevistas pessoais com a aplicação de questionário estruturado junto a uma amostra representativa do eleitorado em estudo.";"Representativa do eleitorado da área em estudo, elaborada em três estágios.
No primeiro estágio faz-se um sorteio probabilístico dos municípios, onde as entrevistas serão realizadas, pelo método PPT (Probabilidade Proporcional ao Tamanho), tomando o eleitorado como base para tal seleção.
No segundo estágio faz-se um sorteio probabilístico dos setores censitários, onde as entrevistas serão realizadas, pelo método PPT (Probabilidade Proporcional ao Tamanho), tomando a população de 16 anos ou mais residente nos setores como base para tal seleção. No terceiro e último estágio, dentro dos setores sorteados, os respondentes são selecionados através de quotas amostrais proporcionais em função de variáveis significativas, a saber: IDADE: 16-24 (masculino) 17% (feminino) 16%; 25-34 (masculino) 25% (feminino) 25%; 35-44 (masculino) 21% (feminino) 21%; 45-54 (masculino) 18% (feminino) 18%; 55 e+ (masculino) 19% (feminino) 21%; INSTRUÇÃO: Até Ensino Médio (masculino) 79% (feminino) 77%; Ensino Superior (masculino) 21% (feminino) 23%; NÍVEL ECONÔMICO: Economicamente ativo (masculino) 81% (feminino) 58%; Não Economicamente ativo (masculino) 19% (feminino) 42%. 
Está prevista eventual ponderação para correção das variáveis sexo e idade, com base nos percentuais anteriormente mencionados, caso ocorram diferenças superiores a 3 pontos percentuais entre o previsto na amostra e a coleta de dados realizada. Para as variáveis de grau de instrução e nível econômico do entrevistado, o fator previsto para ponderação é 1 (resultados obtidos em campo). O nível de confiança estimado é de 95% e a margem de erro máxima estimada considerando um modelo de amostragem aleatório simples, é de 2 (dois) pontos percentuais para mais ou para menos sobre os resultados encontrados no total da amostra.
FONTE DOS DADOS: Censo 2010 | PNAD 2012 | TSE 2014 | Entre outras.
";"Para a realização da pesquisa, utiliza-se uma equipe de entrevistadores e supervisores contratados pelo IBOPE INTELIGÊNCIA PESQUISA E CONSULTORIA LTDA. devidamente treinados para o trabalho. Após os trabalhos de campo, os questionários são submetidos a uma fiscalização de cerca de 20% (vinte por cento) dos questionários aplicados pelos entrevistadores; para verificação das respostas e da adequação dos entrevistados aos parâmetros amostrais.";"A área de abrangência da coleta é o Estado de São Paulo. A Relação de municípios selecionados para aplicação da amostra será apresentada até o 7º dia seguinte ao Registro da pesquisa, conforme expresso no art. 2º § 5º da resolução 23.400/2013 do TSE."
"27/02/2023";"15:36:19";2014;3;"Eleições Gerais 2014";"SP";"SP";"SÃO PAULO";"SP000212014";"2014-08-28 00:00:00";"#NE";"68802370000186";"IBOPE INTELIGÊNCIA PESQUISA E CONSULTORIA LTDA. ";"#NE";"Governador, Senador";"2014-08-28 00:00:00";"2014-09-02 00:00:00";1806;"6208-A";"Márcia Cavallari Nunes";"120821,40";"Pesquisa quantitativa, que consiste na realização de entrevistas pessoais com a aplicação de questionário estruturado junto a uma amostra representativa do eleitorado em estudo.";"Representativa do eleitorado da área em estudo, elaborada em três estágios.
No primeiro estágio faz-se um sorteio probabilístico nos municípios, onde as entrevistas serão realizadas, pelo método PPT (Probabilidade Proporcional ao Tamanho), tomando o eleitorado como base para tal seleção.
No segundo estágio faz-se um sorteio probabilístico dos setores censitários, onde as entrevistas serão realizadas, pelo método PPT (Probabilidade Proporcional ao Tamanho), tomando a população de 16 anos ou mais residente nos setores como base para tal seleção. No terceiro e último estágio, dentro dos setores sorteados, os respondentes são selecionados através de quotas amostrais proporcionais em função de variáveis significativas, a saber:IDADE: 16-24 (masculino) 17% (feminino) 16%; 25-34 (masculino) 25% (feminino) 25%; 35-44 (masculino) 21% (feminino) 21%; 45-54 (masculino) 18% (feminino) 18%; 55 e+ (masculino) 19% (feminino) 21%; INSTRUÇÃO: Até Ensino Médio (masculino) 79% (feminino) 77%; Ensino Superior (masculino) 21% (feminino) 23%; NÍVEL ECONÔMICO: Economicamente ativo (masculino) 81% (feminino) 58%; Não Economicamente ativo (masculino) 19% (feminino) 42%. 
Está prevista eventual ponderação para correção das variáveis sexo e idade, com base nos percentuais anteriormente mencionados, caso ocorram diferenças superiores a 3 pontos percentuais entre o previsto na amostra e a coleta de dados realizada. Para as variáveis de grau de instrução e nível econômico do entrevistado, o fator previsto para ponderação é 1 (resultados obtidos em campo). O nível de confiança estimado é de 95% e a margem de erro máxima estimada considerando um modelo de amostragem aleatório simples, é de 2 (dois) pontos percentuais para mais ou para menos sobre os resultados encontrados no total da amostra.
FONTE DOS DADOS: Censo 2010 | PNAD 2012 | TSE 2014 | Entre outras.
";"Para a realização da pesquisa, utiliza-se uma equipe de entrevistadores e supervisores contratados pelo IBOPE INTELIGÊNCIA PESQUISA E CONSULTORIA LTDA. devidamente treinados para o trabalho. Após os trabalhos de campo, os questionários são submetidos a uma fiscalização de cerca de 20% (vinte por cento) dos questionários aplicados pelos entrevistadores; para verificação das respostas e da adequação dos entrevistados aos parâmetros amostrais.";"A área de abrangência da coleta é o Estado de São Paulo. A Relação de municípios selecionados para aplicação da amostra será apresentada até o 7º dia seguinte ao Registro da pesquisa, conforme expresso no art. 2º § 5º da resolução 23.400/2013 do TSE."
"27/02/2023";"15:36:19";2014;3;"Eleições Gerais 2014";"SP";"SP";"SÃO PAULO";"SP000282014";"2014-09-04 00:00:00";"#NE";"68802370000186";"IBOPE INTELIGÊNCIA PESQUISA E CONSULTORIA LTDA. ";"#NE";"Governador, Senador";"2014-09-04 00:00:00";"2014-09-09 00:00:00";2002;"6208-A";"Márcia Cavallari Nunes";"133933,80";"Pesquisa quantitativa, que consiste na realização de entrevistas pessoais com a aplicação de questionário estruturado junto a uma amostra representativa do eleitorado em estudo.";"Representativa do eleitorado da área em estudo, elaborada em três estágios.
No primeiro estágio faz-se um sorteio probabilístico nos municípios, onde as entrevistas serão realizadas, pelo método PPT (Probabilidade Proporcional ao Tamanho), tomando o eleitorado como base para tal seleção.
No segundo estágio faz-se um sorteio probabilístico dos setores censitários, onde as entrevistas serão realizadas, pelo método PPT (Probabilidade Proporcional ao Tamanho), tomando a população de 16 anos ou mais residente nos setores como base para tal seleção. No terceiro e último estágio, dentro dos setores sorteados, os respondentes são selecionados através de quotas amostrais proporcionais em função de variáveis significativas, a saber:IDADE: 16-24 (masculino) 17% (feminino) 16%; 25-34 (masculino) 25% (feminino) 25%; 35-44 (masculino) 21% (feminino) 21%; 45-54 (masculino) 18% (feminino) 18%; 55 e+ (masculino) 19% (feminino) 21%; INSTRUÇÃO: Até Ensino Médio (masculino) 79% (feminino) 77%; Ensino Superior (masculino) 21% (feminino) 23%; NÍVEL ECONÔMICO: Economicamente ativo (masculino) 81% (feminino) 58%; Não Economicamente ativo (masculino) 19% (feminino) 42%. 
Está prevista eventual ponderação para correção das variáveis sexo e idade, com base nos percentuais anteriormente mencionados, caso ocorram diferenças superiores a 3 pontos percentuais entre o previsto na amostra e a coleta de dados realizada. Para as variáveis de grau de instrução e nível econômico do entrevistado, o fator previsto para ponderação é 1 (resultados obtidos em campo). O nível de confiança estimado é de 95% e a margem de erro máxima estimada considerando um modelo de amostragem aleatório simples, é de 2 (dois) pontos percentuais para mais ou para menos sobre os resultados encontrados no total da amostra.
FONTE DOS DADOS: Censo 2010 | PNAD 2012 | TSE 2014 | Entre outras
";"Para a realização da pesquisa, utiliza-se uma equipe de entrevistadores e supervisores contratados pelo IBOPE INTELIGÊNCIA PESQUISA E CONSULTORIA LTDA. devidamente treinados para o trabalho. Após os trabalhos de campo, os questionários são submetidos a uma fiscalização de cerca de 20% (vinte por cento) dos questionários aplicados pelos entrevistadores; para verificação das respostas e da adequação dos entrevistados aos parâmetros amostrais.";"A área de abrangência da coleta é o Estado do São Paulo. A Relação de municípios selecionados para aplicação da amostra será apresentada até o 7º dia seguinte ao Registro da pesquisa, conforme expresso no art. 2º § 5º da resolução 23.400/2013 do TSE.
"
"27/02/2023";"15:36:19";2014;3;"Eleições Gerais 2014";"SP";"SP";"SÃO PAULO";"SP000602014";"2014-09-27 00:00:00";"#NE";"02002581000126";"parce processamento de dados ltda";"#NE";"Governador, Senador, Deputado Federal, Deputado Estadual";"2014-09-28 00:00:00";"2014-09-30 00:00:00";473;"9834-A";"Diego Henrique Carvalho Camacho ";"6000,00";"A pesquisa quantitativa, que consiste na realização de entrevistas pessoais residenciais, com aplicação de questionário estruturado junto a uma amostra representativa do eleitorado em estudo. O conjunto de eleitorado da Cidade de Bauru foi tomado como universo da pesquisa. 
";"O Planejamento amostral consiste em uma ASS (amostragem aleatória simples) feita em 2 (dois) estágios, sendo o primeiro estágio o sorteio de setores censitários (os setores censitários seguem divisão feita pelo IBGE no ultimo senso), No segundo e último estágio, dentro dos setores sorteados, os respondentes são selecionados através de quotas amostrais proporcionais em função de variáveis significativas, a saber: Sexo, Idade, Grau de instrução e Nível Econômico, de acordo com o perfil do eleitorado. A amostra de 473 entrevistas nos permite fazer inferências sobre o universo pesquisado (eleitores de Bauru – SP) com uma margem de erro máxima aproximada de 4,5% para mais ou para menos com um intervalo de confiança de 95,0%. As ponderações feitas para sexo e faixa etária serão de acordo com as ultimas estatísticas do TSE (Março 2014) que são Sexo Masculino (47,1%), Sexo Feminino (52,9%) Faixa Etária: 16 a 24 anos (13,42%), 25 a 34 anos (21,90%), 35 a 44 anos (19,48%), 45 a 59 anos (25,15%) e acima de 60 anos (20,05%) e para renda familiar e mensal e grau de escolaridade o fator previsto para ponderação é igual a 1 (não haverá correções por renda familiar e grau de escolaridade, uma vez que a pesquisa não é feita por quotas, sendo considerado os valores encontrados no campo, os quais serão apresentados no relatório da pesquisa). FONTE: TSE 2014 E IBGE CENSO 2010 ";"Os entrevistadores utilizados pela empresa são selecionados e treinados para o trabalho de campo, cada entrevistador estará identificado com crachá contendo o nome da empresa e o telefone da mesma. Os coordenadores de campo acompanharão ""in loco"" a coleta de dados, além de serem conferidos posteriores a partir do telefone do entrevistado ou endereço (pelo menos 20% dos entrevistados) para garantir a veracidade dos dados. . Internamente, todo o material é criticado, codificado, digitado e, antes do processamento final, realiza-se a conferência da digitação (consistência dos dados).";"A área de abrangência da coleta dos dados é formada pelo município de Bauru. A relação dos bairros selecionados (setores censitários) para a aplicação da amostra será apresentada após a divulgação do resultado da pesquisa, conforme previsto no artigo 1º, parágrafo 6º, da Resolução 23.364/2011 do TSE."
"27/02/2023";"15:36:19";2014;3;"Eleições Gerais 2014";"SP";"SP";"SÃO PAULO";"SP000042014";"2014-05-09 00:00:00";"#NE";"65503302000128";"Data Kirsten Pesquisas, Projetos e Projeções LTDA";"#NE";"Governador";"2014-05-10 00:00:00";"2014-05-25 00:00:00";5040;"1643 - 3ª REGIÃO";"PROF. DR. JOSÉ TIACCI KIRSTEN";"230000,00";"Metodologia da Pesquisa

	Foi definida uma amostra domiciliar probabilística de 5.040 elementos, estratificada geograficamente por Conglomerados. O processo de amostragem utilizado é o de múltiplos estágios baseado no método PPS (probabilidade proporcional de seleção), sorteando-se um conjunto de bairros, de quarteirões e domicílios. A definição dos Conglomerados e a fixação do número de elementos amostrais levam em conta a distribuição do número de eleitores e população residente, nos Distritos do Município de São Paulo, por Zonas Eleitorais.
Os levantamentos serão comandados por uma chefe de campo, que contará com a colaboração de 4 supervisores que trabalharão na crítica, consistência interna das informações, e ainda checarão 10%, aleatoriamente, da amostra realizada.
	As informações de natureza quantitativa serão digitadas, consistidas eletronicamente e processadas pela utilização de softwares especialmente desenvolvidos pela DATA KIRSTEN. Como variáveis de controle serão utilizados, “ex-ante”, o sexo, a idade e a área física, e “ex-post” o nível de renda familiar e o grau de escolaridade.
";"CONFORME ANEXO";"O Sistema Interno de Controle e Verificação, Conferência e Fiscalização de 
Coleta de Dados e do Trabalho de Campo

	Como já visto no item referente à Metodologia, a DATA KIRSTEN terá os trabalhos de coleta de dados comandados por uma Chefe de Campo e assessorada por 4 supervisores. Dois se encarregarão do controle interno de crítica e consistência das informações e os outros dois serão deslocado para a conferência e fiscalização dos dados levantados (sistema de “checagem”). As “checagens” serão realizadas de duas maneiras: por revisita, uma vez que a amostra é domiciliar, e pelo acompanhamento, aleatório, dos trabalhos dos entrevistadores em campo, via telefone.
";"Nos termos do §5º do Inciso X da Resolução 23.400 os Municípios e Bairros abrangidos pela Pesquisa já foram apresentados no Plano Amostral. Para os Municípios, que não a Capital do Estado, utilizou-se o critério de quotas de 1/3 para o Centro (do Marco Zero até 2Kms de raio),  de 1/3 para o Centro-Expandido (raio de 2 a 4Kms do Centro) e 1/3 para a Periferia com raio maior que 4Kms.

"
"27/02/2023";"15:36:19";2014;3;"Eleições Gerais 2014";"SP";"SP";"SÃO PAULO";"SP000122014";"2014-07-25 00:00:00";"#NE";"16623147000178";"DGABC PESQUISAS LTDA";"#NE";"Governador, Senador";"2014-07-28 00:00:00";"2014-07-31 00:00:00";2800;"9552 ";"LÍGIA PAES GONÇALVES";"20000,00";"Pesquisa do tipo quantitativo, por amostragem, com aplicação de questionário estruturado e abordagem pessoal em pontos de fluxo populacional. O conjunto do eleitorado do Grande ABC com 16 anos ou mais foi tomado como universo da pesquisa. ";"Universo: Eleitorado dos municípios do Grande ABC (Santo André, São Bernardo do Campo, São Caetano do Sul, Diadema, Mauá, Rio Grande da Serra e Ribeirão Pires, com 16 anos ou mais. Tamanho da amostra: A amostra prevista é de 2.800 entrevistas, sendo 400 entrevistas por município. Técnica de amostragem: A amostra é dividida segundo combinação das variáveis sexo e faixa etária do eleitorado. Os estratos terão tamanho proporcional a esses segmentos, de acordo com dados do TSE (eleitorado junho 2014). Ponderação dos resultados: Para divulgação dos dados no âmbito do Grande ABC, os dados serão ponderados a partir da participação dos municípios no total de eleitores da Região. Eventualmente poderá haver ponderação para correção nos tamanhos dos estratos, considerando as variáveis sexo e faixa etária, de acordo com os percentuais obtidos no TSE. Para as variáveis escolaridade e nível econômico do entrevistado (renda familiar mensal), o fator previsto para ponderação é 1 (resultados obtidos em campo). Margem de Erro: A margem de erro máxima prevista para o total da amostra é de 1,9 pontos percentuais para mais ou para menos, considerando um nível de confiança de 95%. Quando os resultados são apresentados por município a margem de erro é de 5 pontos percentuais, o mesmo intervalo de confiança.";"Os pesquisadores envolvidos na realização desta pesquisa são treinados pela equipe do DGABC Pesquisas. São checados, no mínimo, 25% dos questionários de cada pesquisador in loco por supervisores de campo. Internamente, todo o material é verificado, codificado, digitado e, antes do processamento final, realiza-se a conferência da digitação (consistência dos dados). ";"A relação completa dos bairros pesquisados será encaminhada a esse tribunal posteriormente, após a publicação dos resultados. "
"27/02/2023";"15:36:19";2014;3;"Eleições Gerais 2014";"SP";"SP";"SÃO PAULO";"SP000022014";"2014-02-11 00:00:00";"#NE";"73988917000110";"OPINIÃO PESQUISA ANÁLISE E CONSULTORIA LTDA";"#NE";"Governador, Senador";"2014-02-07 00:00:00";"2014-02-13 00:00:00";500;"9261-A";"HELOÍSA RODRIGUES BARBOSA";"10000,00";"Pesquisa quantitativa com aplicação de questionários estruturados através de entrevistas pessoais domiciliares junto a uma amostra aleatória, proporcional e representativa do eleitorado do Município de São Paulo - SP, com 16 anos ou mais, baseando-se na divisão dos setores censitários do município pelo Censo IBGE 2010, e na divisão do eleitorado local por sexo e idade definida pelo Tribunal Superior Eleitoral. A amostra será estratificada por sexo e faixa etária através de sistema de cotas pré-definidas.";"- Percentuais a serem utilizados para eventual ponderação quanto a sexo: Homens: 46%. Mulheres: 54%.  - Percentuais a serem utilizados para eventual ponderação quanto a faixa etária: 16 a 24 anos: 15%. 25 a 34 anos: 23%. 35 a 44 anos: 20%. 45 anos ou mais: 42%. Base utilizada: Justiça Eleitoral – estatística do eleitorado. - Fator previsto para a ponderação de grau de instrução: 1. Serão utilizadas as seguintes categorias: Analfabeto/ nunca estudou; Fundamental 1 incompleto/ completo; Fundamental 2 incompleto/ completo; Médio incompleto; Médio completo; Superior incompleto/ completo ou mais. - Fator previsto para a ponderação de nível econômico dos respondentes: 1. Será utilizado o critério de faixas de renda familiar mensal. - A margem de erro para o total da amostra é 4,4% (quatro ponto quatro	 pontos percentuais), para mais ou para menos, calculada considerando-se um coeficiente de confiança de 95% (noventa e cinco por cento).";"As equipes de campo têm em seus quadros supervisores que acompanham e checam a aplicação dos questionários in-loco como também a obediência às cotas pré-definidas; sua função é atestar a fidelidade das respostas obtidas pelos pesquisadores e garantir o rigor metodológico na aplicação dos formulários. Sistema Interno de Verificação: através da utilização de software específico, são aplicados testes para averiguar a consistência dos resultados obtidos. Após os testes de consistência, é verificada, por meio telefônico, no mínimo, 20% da amostra coletada.";"#NULO#"
"27/02/2023";"15:36:19";2014;3;"Eleições Gerais 2014";"SP";"SP";"SÃO PAULO";"SP000092014";"2014-07-01 00:00:00";"#NE";"00654576000172";",INSTITUTO   VERITÁ   LTDA  epp";"#NE";"Governador, Senador";"2014-07-01 00:00:00";"2014-07-05 00:00:00";2207;"7439 / 6ª Região ";"Leonard Mendonça de Assis";"81000,00";" Pesquisa quantitativa, que consiste na realização de entrevistas pessoais, com a aplicação de questionários estruturados e padronizados junto a uma amostra representativa do eleitorado do estado de São Paulo. ";"a) Público pesquisado: Eleitores residentes no Estado de São Paulo b) tipo de amostra: A amostragem será realizada da seguinte forma: 1. Estratificação do estado por agrupamento de Macrorregiões obedecendo critério geográfico e Porte dos municípios 2. Tamanho de cada estrato foi definido proporcional ao número de domicílios pertencente a cada um destes (Dados obtidos pelos microdados do CENSO Demográfico de 2010, IBGE) 3. Sorteio de Setores Censitários dentro de cada Estrato 4. Seleção das Residências segundo critério de amostragem sistemática 5. Realização de entrevistas domiciliares com sorteio dentre os moradores presentes na residência selecionada, obedecendo um quadro de Idade/Sexo gerado de maneira aleatória por um software estatístico, levando em consideração as proporções de idade e sexo constantes no sitio do TSE para o Estado Idade e Sexo FEMININO, 16 A 24 ANOS; 7,60% FEMININO, 25 A 34 ANOS; 11,69% FEMININO, 35 A 44 ANOS; 10,50% FEMININO, 45 A 59 ANOS; 13,05% FEMININO, 60 ANOS OU MAIS; 9,62% MASCULINO, 16 A 24 ANOS; 7,49% MASCULINO, 25 A 34 ANOS; 11,01% MASCULINO, 35 A 44 ANOS; 9,64% MASCULINO, 45 A 59 ANOS; 11,66% MASCULINO, 60 ANOS OU MAIS; 7,76% Nível Econômico Masculino / PEA 82,68% Masculino / Não PEA 17,32% Feminino / PEA 59,69% Feminino / Não PEA 40,31% Nível de Instrução Masculino / Até 5 anos instrução 41,75% Masculino / de 6 a 9 anos de instrução 24,86% Masculino / de 10 a 12 anos de instrução 24,31% Masculino / mais de 12 anos de instrução 9,08% Feminino / Até 5 anos instrução 37,96%% Feminino / de 6 a 9 anos de instrução 21,91% Feminino / de 10 a 12 anos de instrução 27,05% Feminino / mais de 12 anos de instrução 13,07% d) Intervalo de Confiança/Margem de Erro: Para este planejamento amostral, considerando-se um intervalo de confiança de 95%, é esperado um erro máximo de 2,16 pontos percentuais na estimação da proporção das intenções de voto dos candidatos. (ESTA PESQUISA MEDIRÁ APENAS O ESTADO DE SÃO PAULO) ";"Para a realização da pesquisa será utilizada uma equipe de entrevistadores e supervisores devidamente treinada para este trabalho. Após os trabalhos de campo, os questionários são submetidos a uma fiscalização que consiste no retorno a campo de 20% dos questionários aplicados individualmente pelos entrevistadores, para verificação das respostas e da adequação dos entrevistados aos parâmetros amostrais. ";"#NULO#"
"27/02/2023";"15:36:19";2014;3;"Eleições Gerais 2014";"SP";"SP";"SÃO PAULO";"SP000132014";"2014-07-25 00:00:00";"#NE";"68802370000186";"IBOPE INTELIGÊNCIA PESQUISA E CONSULTORIA LTDA. ";"#NE";"Governador, Senador";"2014-07-26 00:00:00";"2014-07-30 00:00:00";1512;"6208-A";"Márcia Cavallari Nunes";"101152,80";"Pesquisa quantitativa, que consiste na realização de entrevistas pessoais, com a aplicação de questionário estruturado junto a uma amostra representativa do eleitorado em estudo.";"Representativo do eleitorado da área em estudo, elaborada em três estágios. No primeiro estágio faz-se um sorteio probabilístico dos municípios, onde as entrevistas serão realizadas, pelo método PPT (Probabilidade Proporcional ao Tamanho), tomando o eleitorado como base para tal seleção. No segundo estágio faz-se um sorteio probabilístico dos setores censitários, onde as entrevistas serão realizadas, pelo método PPT (Probabilidade Proporcional ao Tamanho), tomando a população de 16 anos ou mais residente nos setores como base para tal seleção. 



No terceiro e último estágio, dentro dos setores sorteados, os respondentes são selecionados através de quotas amostrais proporcionais em função de variáveis significativas, a saber: IDADE: 16-24 (masculino) 18% (feminino) 16%; 25-34 (masculino) 24% (feminino) 24%; 35-44 (masculino) 21% (feminino) 20%; 45-54 (masculino) 17% (feminino) 18%; 55 e+ (masculino) 20% (feminino) 23%; INSTRUÇÃO: Até Ensino Médio (masculino) 79% (feminino) 77%; Ensino Superior (masculino) 21% (feminino) 23%; NÍVEL ECONÔMICO: Economicamente ativo (masculino) 79% (feminino) 57%; Não Economicamente ativo (masculino) 21% (feminino) 43%. Está prevista eventual ponderação para correção das variáveis sexo e idade, com base nos percentuais anteriormente mencionados, caso ocorram diferenças superiores a 3 pontos percentuais entre o previsto na amostra e a coleta de dados realizada. Para as variáveis de grau de instrução e nível econômico do entrevistado, o fator previsto para ponderação é 1 (resultados obtidos em campo). O nível de confiança estimado é de 95% e a margem de erro máxima estimada considerando um modelo de amostragem aleatório simples, é de 3 (três) pontos percentuais para mais ou para menos sobre os resultados encontrados no total da amostra. FONTE DOS DADOS: Censo 2010 | PNAD 2012 | TSE 2012 | Entre outras.
";"Para a realização da pesquisa, utiliza-se uma equipe de entrevistadores e supervisores contratados pelo IBOPE INTELIGÊNCIA PESQUISA E CONSULTORIA LTDA. devidamente treinados para o trabalho. Após os trabalhos de campo, os questionários são submetidos a uma fiscalização de cerca de 20% (vinte por cento) dos questionários aplicados pelos entrevistadores; para verificação das respostas e da adequação dos entrevistadores aos parâmetros amostrais.";"A área de abrangência da coleta é o Estado de São Paulo. A relação dos municípios selecionados para aplicação da amostra será apresentada até o 7º dia seguinte ao registro da pesquisa, conforme expresso no art. 2º, §5º da Resolução 23.400/2013 do TSE."
"27/02/2023";"15:36:19";2014;3;"Eleições Gerais 2014";"SP";"SP";"SÃO PAULO";"SP000202014";"2014-08-26 00:00:00";"#NE";"03042195000120";"UP - UNIDADE DE PESQUISAS S/C LTDA";"#NE";"Governador, Senador";"2014-08-27 00:00:00";"2014-08-29 00:00:00";1221;"6641 - A";"Dario Nery";"40000,00";".A metodologia da pesquisa realizada pela UP, é a utilização de questionário estruturado, e amostragem probabilística simples, com efetuação de entrevistas pessoais em pontos de fluxo populacional , tendo por universo o eleitorado dos municípios investigado, obedecendo ao regime de quotas (base TSE de 2014/Censo) por densidade eleitoral das regiões, sexo, idade, grau de instrução e nível econômico. Esta metodologia assegura a representatividade de todos os segmentos sociais da população em qualquer Estado e/ou municipio brasileiro, sendo incluídas na amostra as zonas geográficas descritas no questionário.";"O plano Amostral segundo os itens exigidos por lei seguem descritos:

 Universo – Eleitorado do Estado de São Paulo, com 16 anos ou mais.

 Amostragem, coeficiente de confiança, margem de erro: A pesquisa UP vai entrevistar 1221 eleitores. A amostra garante a nível municipal uma margem de erro de 3% para um intervalo e confiança de 95,5% . 
As ponderações em relação a sexo, idade, grau de instrução e nível econômico , descritas nas perguntas 1 a 4 do questionário, serão realizadas para refletir estatisticamente a proporção do eleitorado consultado..conforme percentuais

Masculino 48  Feminino 52 = 100
FAIXA ETÁRIA: TSE/2014 %
De 16 a 17 anos 0,8
De 18 a 24 anos 13,5
De 25 a 34 anos 22,7
De 35 a 44 anos 19,8
De 45 a 59 anos 25,3
Mais de 60 anos 17,9 = 100
GRAU DE INSTRUÇÃO: TSE/2014 %
Analfabeto / 1 ano ou menos de estudo 6,5
Ensino Fundamental 
(incompleto/completo) 37,9
Ensino Médio (incompleto/completo) 44,5
Superior (incompleto/completo) 11,1 = 100
FAIXA DE RENDA: CENSO/2010 %
Até 724,00 - 39,9
De R$ 724,01 a R$1.448,00 - 22,0
De R$ 1.448,01 a R$ 2.172,00  -10,4
De R$ 2.172,01 a R$ 3.620,00 - 9,5
Acima de R$ 3.620,01 - 18,1 = 100
";"O Sistema interno de controle, verificação, conferência e fiscalização da coleta de dados, do trabalho de campo é assim descrito: durante os trabalhos de campo, 20% das entrevistas são refeitas pelos supervisores das equipes, para checar a veracidade das entrevistas e das respostas registradas pelos entrevistadores.

 				Alem da checagem de 20% das entrevistas (externa),internamente, os dados de diferentes questões são pré-processados e cruzados entre si, permitindo fazer-se a critica dos mesmos, para verificação de eventuais inconsistências, ou seja, se existem conflitos ou contradições as respostas dadas pelos eleitores durante as entrevistas ou eventuais erros dos entrevistadores ao assinalarem aquelas respostas.

 				Caso os testes internos comprovem a ocorrência de inconsistências nas quotas de um dos entrevistadores inferior a 3%, a quota dele é validada, mas as entrevistas comprometidas são excluídas da amostra (para poderem fazer a eventual reposição de entrevistas canceladas neste filtro, em geral, os institutos de pesquisa colhem amostras superiores as registradas), se o número de inconsistências verificado for superior a 3%, o entrevistador é afastado da empresa, a quota de entrevistas feitas por ele é cancelada e a parcela do campo comprometida ( a quota dele) é refeita integralmente.
";"#NULO#"
"27/02/2023";"15:36:19";2014;3;"Eleições Gerais 2014";"SP";"SP";"SÃO PAULO";"SP000232014";"2014-08-29 00:00:00";"#NE";"07630546000175";"DATAFOLHA INSTITUTO DE PESQUISAS LTDA.";"#NE";"Governador, Senador";"2014-09-02 00:00:00";"2014-09-03 00:00:00";2052;"72.49A";"Renata Nunes César";"135800,00";"Pesquisa do tipo quantitativo, por amostragem, com aplicação de questionário estruturado e abordagem pessoal em pontos de fluxo populacional. O conjunto do eleitorado do Estado de São Paulo com 16 anos ou mais foi tomado como universo da pesquisa.";"Universo: Eleitorado do Estado de São Paulo, com 16 anos ou mais. Tamanho da amostra: A amostra prevista é de 2.052 entrevistas. Técnica de amostragem: A amostra é estratificada por porte dos municípios e natureza dos municípios (região metropolitana ou interior). Em cada estrato, num primeiro estágio, são sorteados os municípios que farão parte do levantamento. Num segundo estágio, são sorteados os bairros e pontos de abordagem onde serão aplicadas as entrevistas.  Por fim, os entrevistados são selecionados aleatoriamente para responder ao questionário, de acordo com cotas de sexo e faixa etária. Nessa amostra, o estrato referente à capital foi desproporcionalizado para permitir detalhamento. Nos resultados finais, as corretas proporções serão restabelecidas através de ponderação. A amostra prevista é de 2.052 questionários, sendo 1.092 na capital. Os dados utilizados para definição e seleção da amostra são baseados no TSE (eleitorado julho 2014) e IBGE (Censo 2010 e Estimativas 2013). Os dados relativos a sexo e faixa etária são: Sexo masculino 48%, feminino: 52%, 16 a 24 anos 14%, 25 a 34 anos 23%, 35 a 44 anos 20%, 45 a 59 anos 25% e 60 anos ou mais 18%. Ponderação dos resultados: No processamento dos dados é realizada ponderação referente à proporção de cada cidade na amostra para correta representação. Está prevista a eventual ponderação para correção nos tamanhos dos segmentos da tabela acima considerando as variáveis sexo e faixa etária. Para as variáveis grau de instrução e nível econômico do entrevistado (renda familiar mensal), o fator previsto para ponderação é 1 (resultados obtidos em campo). Área física: Serão realizadas entrevistas em 56 municípios, localizados no Estado de São Paulo.  Margem de Erro: A margem de erro máxima prevista é de 2 pontos percentuais para mais ou para menos, considerando um nível de confiança de 95%. Os intervalos de confiança serão calculados considerando os resultados obtidos para um nível de confiança de 95%.";"Os pesquisadores envolvidos na realização desta pesquisa são treinados pelo Instituto e recebem instruções específicas para cada projeto realizado. A maior parte da coleta será feita com a utilização de tablet e questionário eletrônico. São checados, no mínimo, 30% dos questionários de cada pesquisador, seja in loco por supervisores de campo ou, posteriormente, por telefone. Internamente, todo o material é verificado e codificado. Antes do processamento final e emissão dos resultados, realiza-se processo de consistência dos dados.";"A relação completa dos municípios e bairros pesquisados será encaminhada a esse tribunal posteriormente, até o sétimo dia seguinte à data de registro da pesquisa, conforme a Resolução 23.400/2013 do TSE, no art.2º §5º."
"27/02/2023";"15:36:19";2014;3;"Eleições Gerais 2014";"SP";"SP";"SÃO PAULO";"SP000512014";"2014-09-25 00:00:00";"#NE";"07630546000175";"DATAFOLHA INSTITUTO DE PESQUISAS LTDA.";"#NE";"Governador, Senador";"2014-09-29 00:00:00";"2014-09-30 00:00:00";2132;"72.49A";"Renata Nunes César";"135800,00";"Pesquisa do tipo quantitativo, por amostragem, com aplicação de questionário estruturado e abordagem pessoal em pontos de fluxo populacional. O conjunto do eleitorado do Estado de São Paulo com 16 anos ou mais foi tomado como universo da pesquisa.";"Universo: Eleitorado do Estado de São Paulo, com 16 anos ou mais. Tamanho da amostra: A amostra prevista é de 2.132 entrevistas. Técnica de amostragem: A amostra é estratificada por porte dos municípios e natureza dos municípios (região metropolitana ou interior). Em cada estrato, num primeiro estágio, são sorteados os municípios que farão parte do levantamento. Num segundo estágio, são sorteados os bairros e pontos de abordagem onde serão aplicadas as entrevistas.  Por fim, os entrevistados são selecionados aleatoriamente para responder ao questionário, de acordo com cotas de sexo e faixa etária. Nessa amostra, o estrato referente à capital foi desproporcionalizado para permitir detalhamento. Nos resultados finais, as corretas proporções serão restabelecidas através de ponderação. A amostra prevista é de 2.132 questionários, sendo 1.092 na capital. Os dados utilizados para definição e seleção da amostra são baseados no TSE (eleitorado julho 2014) e IBGE (Censo 2010 e Estimativas 2014). Os dados relativos a sexo e faixa etária são: Sexo masculino 48%, feminino: 52%, 16 a 24 anos 14%, 25 a 34 anos 23%, 35 a 44 anos 20%, 45 a 59 anos 25% e 60 anos ou mais 18%. Ponderação dos resultados: No processamento dos dados é realizada ponderação referente à proporção de cada cidade na amostra para correta representação. Está prevista a eventual ponderação para correção nos tamanhos dos segmentos da tabela acima considerando as variáveis sexo e faixa etária. Para as variáveis grau de instrução e nível econômico do entrevistado (renda familiar mensal), o fator previsto para ponderação é 1 (resultados obtidos em campo). Área física: Serão realizadas entrevistas em 60 municípios, localizados no Estado de São Paulo.  Margem de Erro: A margem de erro máxima prevista é de 2 pontos percentuais para mais ou para menos, considerando um nível de confiança de 95%. Os intervalos de confiança serão calculados considerando os resultados obtidos para um nível de confiança de 95%.";"Os pesquisadores envolvidos na realização desta pesquisa são treinados pelo Instituto e recebem instruções específicas para cada projeto realizado. A maior parte da coleta será feita com a utilização de tablet e questionário eletrônico. São checados, no mínimo, 30% dos questionários de cada pesquisador, seja in loco por supervisores de campo ou, posteriormente, por telefone. Internamente, todo o material é verificado e codificado. Antes do processamento final e emissão dos resultados, realiza-se processo de consistência dos dados.";"A relação completa dos municípios e bairros pesquisados será encaminhada a esse tribunal posteriormente, até o sétimo dia seguinte à data de registro da pesquisa, conforme a Resolução 23.400/2013 do TSE, no art.2º §5º."
"27/02/2023";"15:36:19";2014;3;"Eleições Gerais 2014";"SP";"SP";"SÃO PAULO";"SP000142014";"2014-07-30 00:00:00";"#NE";"73988917000110";"OPINIÃO PESQUISA ANÁLISE E CONSULTORIA LTDA";"#NE";"Governador, Senador, Deputado Federal, Deputado Estadual";"2014-08-02 00:00:00";"2014-08-04 00:00:00";500;"9261-A";"HELOÍSA RODRIGUES BARBOSA";"10000,00";"Pesquisa quantitativa com aplicação de questionários estruturados através de entrevistas pessoais domiciliares junto a uma amostra aleatória, proporcional e representativa do eleitorado do Município de Guarulhos - SP, com 16 anos ou mais, baseando-se na divisão dos setores censitários do município pelo Censo IBGE 2010, e na divisão do eleitorado local por sexo e idade definida pelo Tribunal Superior Eleitoral. A amostra será estratificada por sexo e faixa etária através de sistema de cotas pré-definidas.";"- Percentuais a serem utilizados para eventual ponderação quanto a sexo: Homens: 47%. Mulheres: 53%.  - Percentuais a serem utilizados para eventual ponderação quanto a faixa etária: 16 a 24 anos: 18%. 25 a 34 anos: 25%. 35 a 44 anos: 22%. 45 anos ou mais: 35%. Base utilizada: Justiça Eleitoral – estatística do eleitorado. - Fator previsto para a ponderação de grau de instrução: 1. Serão utilizadas as seguintes categorias: Analfabeto/ nunca estudou; Fundamental; Médio incompleto; Médio completo; Superior incompleto/completo ou mais. - Fator previsto para a ponderação de nível econômico dos respondentes: 1. Será utilizado o critério de faixas de renda familiar mensal. - A margem de erro para o total da amostra é 4,4% (quatro ponto quatro	 pontos percentuais), para mais ou para menos, calculada considerando-se um coeficiente de confiança de 95% (noventa e cinco por cento).";"As equipes de campo têm em seus quadros supervisores que acompanham e checam a aplicação dos questionários in-loco como também a obediência às cotas pré-definidas; sua função é atestar a fidelidade das respostas obtidas pelos pesquisadores e garantir o rigor metodológico na aplicação dos formulários. Sistema Interno de Verificação: através da utilização de software específico, são aplicados testes para averiguar a consistência dos resultados obtidos. Após os testes de consistência, é verificada, por meio telefônico, no mínimo, 20% da amostra coletada.";"#NULO#"
"27/02/2023";"15:36:19";2014;3;"Eleições Gerais 2014";"SP";"SP";"SÃO PAULO";"SP000372014";"2014-09-17 00:00:00";"#NE";"07268073000108";"SP - SEBRAM PESQUISAS - SERVICOS DE PESQUISAS DE OPINIAO PUBLICA, JORNALISMO, CONSULTORIA E ASSESSORIA S/S LTDA ";"#NE";"Governador";"2014-09-19 00:00:00";"2014-09-21 00:00:00";700;"9538-A";"RAPHAEL BOTELHO";"6000,00";"Metodologia de pesquisa: Pesquisa quantitativa probabilística, que consiste na realização de entrevistas pessoais, com a aplicação de questionários estruturados e padronizados junto a uma amostra representativa do eleitorado do município em estudo, com arrolamento aleatório de bairros, endereços e entrevistados. 
";"Plano Amostral: a) Público pesquisado: eleitores do município de Osasco SP. b) Tipo de amostra: A amostra é representativa do eleitorado do município e foi selecionada em dois estágios: 1º estágio: seleção dos setores dentro do município; 2º estágio: seleção dos respondentes dentro dos setores através de uma quota proporcional de Sexo, Idade, Grau de instrução e Ramo de atividade, de acordo com o perfil da população em estudo. As entrevistas foram pessoais e domiciliares. Fonte de dados: IBGE, Censo 2010 TSE, Cadastro de Eleitores 2014 c) Tamanho da amostra: 700 entrevistas. d) Ponderação: Devido à metodologia amostral adotada, a pesquisa é auto-ponderada, ou seja, as proporções do universo pesquisado estão previstas na amostra, não sendo necessário nenhum tipo de ponderação, pois a mesma já foi estratificada utilizando toda as variáveis  quanto a sexo, idade, grau de instrução e nível sócio econômico. e) Área física de realização da pesquisa: Recomenda-se a leitura dos arts. 33, 34, 35 e 96 da Lei nº 9.504/1997, e das resoluções-TSE nos 23.400 e 23.398, ambas de 17.12.2013, as quais disciplinam, respectivamente, para as eleições de 2014, o registro das pesquisas e o processamento das representações, reclamações e dos pedidos de direito de resposta. f) Intervalo de Confiança/Margem de Erro: O intervalo de confiança estimado é de 95% e a margem de erro máxima estimada é de 4 pontos percentuais para mais ou para menos sobre os resultados encontrados no total da amostra. 
";"Para a realização da pesquisa, utiliza-se uma equipe de entrevistadores e supervisores contratados pelo SEBRAM PESQUISAS CONSULTORIA LTDA devidamente treinados para o trabalho. Após os trabalhos de campo, os questionários são submetidos a uma fiscalização de 20% (vinte por cento) aplicados individualmente pelos entrevistadores, para verificação das respostas e da adequação dos entrevistados aos parâmetros amostrais.";"#NULO#"
"27/02/2023";"15:36:19";2014;3;"Eleições Gerais 2014";"SP";"SP";"SÃO PAULO";"SP000492014";"2014-09-24 00:00:00";"#NE";"07268073000108";"SP - SEBRAM PESQUISAS - SERVICOS DE PESQUISAS DE OPINIAO PUBLICA, JORNALISMO, CONSULTORIA E ASSESSORIA S/S LTDA ";"#NE";"Governador";"2014-09-24 00:00:00";"2014-09-26 00:00:00";600;"9538-A";"RAPHAEL BOTELHO";"6000,00";"Pesquisa quantitativa probabilística, que consiste na realização de entrevistas pessoais, com a aplicação de questionários estruturados e padronizados junto a uma amostra representativa do eleitorado do município em estudo, com arrolamento aleatório de bairros, endereços e entrevistados. ";"Plano Amostral: a) Público pesquisado: eleitores do município de Cotia  SP. b) Tipo de amostra: A amostra é representativa do eleitorado do município e foi selecionada em dois estágios: 1º estágio: seleção dos setores dentro do município; 2º estágio: seleção dos respondentes dentro dos setores através de uma quota proporcional de Sexo, Idade, Grau de instrução e Ramo de atividade, de acordo com o perfil da população em estudo. As entrevistas foram pessoais e domiciliares. Fonte de dados: IBGE, Censo 2010 TSE, Cadastro de Eleitores 2014 c) Tamanho da amostra: 600 entrevistas. d) Ponderação: Devido à metodologia amostral adotada, a pesquisa é auto-ponderada, ou seja, as proporções do universo pesquisado estão previstas na amostra, não sendo necessário nenhum tipo de ponderação, pois a mesma já foi estratificada utilizando toda as variáveis  quanto a sexo, idade, grau de instrução e nível sócio econômico. e) Área física de realização da pesquisa: Recomenda-se a leitura dos arts. 33, 34, 35 e 96 da Lei nº 9.504/1997, e das resoluções-TSE nos 23.400 e 23.398, ambas de 17.12.2013, as quais disciplinam, respectivamente, para as eleições de 2014, o registro das pesquisas e o processamento das representações, reclamações e dos pedidos de direito de resposta. f) Intervalo de Confiança/Margem de Erro: O intervalo de confiança estimado é de 95% e a margem de erro máxima estimada é de 4 pontos percentuais para mais ou para menos sobre os resultados encontrados no total da amostra. ";"Para a realização da pesquisa, utiliza-se uma equipe de entrevistadores e supervisores contratados pelo SEBRAM PESQUISAS CONSULTORIA LTDA devidamente treinados para o trabalho. Após os trabalhos de campo, os questionários são submetidos a uma fiscalização de 20% (vinte por cento) aplicados individualmente pelos entrevistadores, para verificação das respostas e da adequação dos entrevistados aos parâmetros amostrais.";"#NULO#"
"27/02/2023";"15:36:19";2014;3;"Eleições Gerais 2014";"SP";"SP";"SÃO PAULO";"SP000532014";"2014-09-26 00:00:00";"#NE";"16623147000178";"DGABC PESQUISAS LTDA";"#NE";"Governador, Senador";"2014-09-29 00:00:00";"2014-10-02 00:00:00";2800;"9552 ";"LÍGIA PAES GONÇALVES";"21000,00";"Pesquisa do tipo quantitativo, por amostragem, com aplicação de questionário estruturado e abordagem pessoal em pontos de abordagem populacional. O conjunto do eleitorado da Região do Grande ABC (Santo André, São Bernardo do Campo, São Caetano do Sul, Diadema, Mauá, Rio Grande da Serra, Ribeirão Pires) com 16 anos ou mais foi tomado como universo da pesquisa.";"Universo: Eleitorado da Região do Grande ABC (Santo André, São Bernardo do Campo, São Caetano do Sul, Diadema, Mauá, Rio Grande da Serra, Ribeirão Pires), com 16 anos ou mais. Técnica de amostragem: A amostra é estratificada e uniforme por região município. No processamento dos dados é realizada ponderação referente à proporção de cada cidade na amostra para correta representação da Região. Os entrevistados são selecionados aleatoriamente para responder ao questionário, de acordo com cotas de sexo e faixa etária. Os dados utilizados para definição e seleção da amostra são baseados no TSE (eleitorado julho 2014) A amostra prevista é de 2.800 questionários. Os dados relativos a sexo e faixa etária são: 
Santo André: masculino - 16 e 17 anos: 0,3%; 18 a 24 anos: 5,9%; 25 a 34 anos: 10,4%; 35 a 44 anos: 9,5%; 45 a 59 anos: 12,4%; 60 anos ou mais: 8,9%. Feminino – 16 e 17 anos: 0,3%; 18 a 24 anos: 5,9%; 25 a 34 anos: 10,8%; 35 a 44 anos: 10,4%; 45 a 59 anos: 13,8%; 60 anos ou mais: 11,4%.  
São Bernardo do Campo: masculino - 16 e 17 anos: 0,4%; 18 a 24 anos: 6,7%; 25 a 34 anos: 11,1%; 35 a 44 anos: 9,8%; 45 a 59 anos: 11,9%; 60 anos ou mais: 7,2%. Feminino – 16 e 17 anos: 0,4%; 18 a 24 anos: 6,9%; 25 a 34 anos: 12,0%; 35 a 44 anos: 11,0%; 45 a 59 anos: 13,6%; 60 anos ou mais: 9,0%.  
São Caetano do Sul: masculino - 16 e 17 anos: 0,3%; 18 a 24 anos: 5,4%; 25 a 34 anos: 9,2%; 35 a 44 anos: 8,4%; 45 a 59 anos: 12,0%; 60 anos ou mais: 9,2%. Feminino – 16 e 17 anos: 0,3%; 18 a 24 anos: 5,5%; 25 a 34 anos: 10,5%; 35 a 44 anos: 10,5%; 45 a 59 anos: 15,3%; 60 anos ou mais: 13,4%.  
Diadema: masculino - 16 e 17 anos: 0,4%; 18 a 24 anos: 7,2%; 25 a 34 anos: 11,9%; 35 a 44 anos: 10,7%; 45 a 59 anos: 11,5%; 60 anos ou mais: 5,7%. Feminino – 16 e 17 anos: 0,4%; 18 a 24 anos: 7,3%; 25 a 34 anos: 12,9%; 35 a 44 anos: 12,0%; 45 a 59 anos: 12,9%; 60 anos ou mais: 7,1%.  
Mauá: masculino - 16 e 17 anos: 0,5%; 18 a 24 anos: 7,6%; 25 a 34 anos: 11,9%; 35 a 44 anos: 10,0%; 45 a 59 anos: 11,6%; 60 anos ou mais: 6,2%. Feminino – 16 e 17 anos: 0,5%; 18 a 24 anos: 7,7%; 25 a 34 anos: 12,8%; 35 a 44 anos: 11,1%; 45 a 59 anos: 13,0%; 60 anos ou mais: 7,1%.  
Ribeirão Pires: masculino - 16 e 17 anos: 0,4%; 18 a 24 anos: 6,9%; 25 a 34 anos: 11,4%; 35 a 44 anos: 10,4%; 45 a 59 anos: 11,6%; 60 anos ou mais: 7,9%. Feminino – 16 e 17 anos: 0,3%; 18 a 24 anos: 6,6%; 25 a 34 anos: 11,7%; 35 a 44 anos: 10,9%; 45 a 59 anos: 13,0%; 60 anos ou mais: 8,9%.  
Rio Grande da Serra: masculino - 16 e 17 anos: 0,4%; 18 a 24 anos: 7,6%; 25 a 34 anos: 12,3%; 35 a 44 anos: 11,1%; 45 a 59 anos: 11,6%; 60 anos ou mais: 6,2%. Feminino – 16 e 17 anos: 0,4%; 18 a 24 anos: 7,6%; 25 a 34 anos: 12,4%; 35 a 44 anos: 11,5%; 45 a 59 anos: 12,0%; 60 anos ou mais: 6,9%.  
Margem de Erro: A margem de erro máxima prevista é de 5 pontos percentuais para mais ou para menos por município e 1,8 pontos percentuais para a Região, considerando um nível de confiança de 95%. Os intervalos de confiança serão calculados considerando os resultados obtidos para um nível de confiança de 95%.
";"Os pesquisadores envolvidos na realização desta pesquisa são treinados pelo Instituto e recebem instruções específicas para a coleta. São checados, no mínimo, 25% dos questionários de cada pesquisador, seja in loco por supervisores de campo ou, posteriormente, por telefone. Internamente, todo o material é verificado e codificado. Antes do processamento final e emissão dos resultados, realiza-se processo de consistência dos dados.";"A relação completa dos municípios e bairros pesquisados será encaminhada a esse tribunal posteriormente, até o sétimo dia seguinte à data de registro da pesquisa, conforme a Resolução 23.400/2013 do TSE, no art.2º §5º ."
"27/02/2023";"15:36:19";2014;3;"Eleições Gerais 2014";"SP";"SP";"SÃO PAULO";"SP000582014";"2014-09-27 00:00:00";"#NE";"73988917000110";"OPINIÃO PESQUISA ANÁLISE E CONSULTORIA LTDA";"#NE";"Governador, Senador, Deputado Federal, Deputado Estadual";"2014-09-29 00:00:00";"2014-10-01 00:00:00";500;"9261-A";"HELOÍSA RODRIGUES BARBOSA";"10000,00";"Pesquisa quantitativa com aplicação de questionários estruturados através de entrevistas pessoais domiciliares junto a uma amostra aleatória, proporcional e representativa do eleitorado do Município de Guarulhos - SP, com 16 anos ou mais, baseando-se na divisão dos setores censitários do município pelo Censo IBGE 2010, e na divisão do eleitorado local por sexo e idade definida pelo Tribunal Superior Eleitoral. A amostra será estratificada por sexo e faixa etária através de sistema de cotas pré-definidas.";"- Percentuais a serem utilizados para eventual ponderação quanto a sexo: Homens: 47%. Mulheres: 53%.  - Percentuais a serem utilizados para eventual ponderação quanto a faixa etária: 16 a 24 anos: 18%. 25 a 34 anos: 25%. 35 a 44 anos: 22%. 45 anos ou mais: 35%. Base utilizada: Justiça Eleitoral – estatística do eleitorado. - Fator previsto para a ponderação de grau de instrução: 1. Serão utilizadas as seguintes categorias: Analfabeto/ nunca estudou; Fundamental; Médio incompleto; Médio completo; Superior incompleto/completo ou mais. - Fator previsto para a ponderação de nível econômico dos respondentes: 1. Será utilizado o critério de faixas de renda familiar mensal. - A margem de erro para o total da amostra é 4,4% (quatro ponto quatro	 pontos percentuais), para mais ou para menos, calculada considerando-se um coeficiente de confiança de 95% (noventa e cinco por cento).";"As equipes de campo têm em seus quadros supervisores que acompanham e checam a aplicação dos questionários in-loco como também a obediência às cotas pré-definidas; sua função é atestar a fidelidade das respostas obtidas pelos pesquisadores e garantir o rigor metodológico na aplicação dos formulários. Sistema Interno de Verificação: através da utilização de software específico, são aplicados testes para averiguar a consistência dos resultados obtidos. Após os testes de consistência, é verificada, por meio telefônico, no mínimo, 20% da amostra coletada.";"#NULO#"
"27/02/2023";"15:36:19";2014;3;"Eleições Gerais 2014";"SP";"SP";"SÃO PAULO";"SP000542014";"2014-09-26 00:00:00";"#NE";"07630546000175";"DATAFOLHA INSTITUTO DE PESQUISAS LTDA.";"#NE";"Governador, Senador";"2014-10-01 00:00:00";"2014-10-02 00:00:00";2132;"72.49A";"Renata Nunes César";"135800,00";"Pesquisa do tipo quantitativo, por amostragem, com aplicação de questionário estruturado e abordagem pessoal em pontos de fluxo populacional. O conjunto do eleitorado do Estado de São Paulo com 16 anos ou mais foi tomado como universo da pesquisa.";"Universo: Eleitorado do Estado de São Paulo, com 16 anos ou mais. Tamanho da amostra: A amostra prevista é de 2.132 entrevistas. Técnica de amostragem: A amostra é estratificada por porte dos municípios e natureza dos municípios (região metropolitana ou interior). Em cada estrato, num primeiro estágio, são sorteados os municípios que farão parte do levantamento. Num segundo estágio, são sorteados os bairros e pontos de abordagem onde serão aplicadas as entrevistas.  Por fim, os entrevistados são selecionados aleatoriamente para responder ao questionário, de acordo com cotas de sexo e faixa etária. Nessa amostra, o estrato referente à capital foi desproporcionalizado para permitir detalhamento. Nos resultados finais, as corretas proporções serão restabelecidas através de ponderação. A amostra prevista é de 2.132 questionários, sendo 1.092 na capital. Os dados utilizados para definição e seleção da amostra são baseados no TSE (eleitorado julho 2014) e IBGE (Censo 2010 e Estimativas 2014). Os dados relativos a sexo e faixa etária são: Sexo masculino 48%, feminino: 52%, 16 a 24 anos 14%, 25 a 34 anos 23%, 35 a 44 anos 20%, 45 a 59 anos 25% e 60 anos ou mais 18%. Ponderação dos resultados: No processamento dos dados é realizada ponderação referente à proporção de cada cidade na amostra para correta representação. Está prevista a eventual ponderação para correção nos tamanhos dos segmentos da tabela acima considerando as variáveis sexo e faixa etária. Para as variáveis grau de instrução e nível econômico do entrevistado (renda familiar mensal), o fator previsto para ponderação é 1 (resultados obtidos em campo). Área física: Serão realizadas entrevistas em 60 municípios, localizados no Estado de São Paulo.  Margem de Erro: A margem de erro máxima prevista é de 2 pontos percentuais para mais ou para menos, considerando um nível de confiança de 95%. Os intervalos de confiança serão calculados considerando os resultados obtidos para um nível de confiança de 95%.";"Os pesquisadores envolvidos na realização desta pesquisa são treinados pelo Instituto e recebem instruções específicas para cada projeto realizado. A maior parte da coleta será feita com a utilização de tablet e questionário eletrônico. São checados, no mínimo, 30% dos questionários de cada pesquisador, seja in loco por supervisores de campo ou, posteriormente, por telefone. Internamente, todo o material é verificado e codificado. Antes do processamento final e emissão dos resultados, realiza-se processo de consistência dos dados.";"A relação completa dos municípios e bairros pesquisados será encaminhada a esse tribunal posteriormente, até o sétimo dia seguinte à data de registro da pesquisa, conforme a Resolução 23.400/2013 do TSE, no art.2º §5º."
"27/02/2023";"15:36:19";2014;3;"Eleições Gerais 2014";"SP";"SP";"SÃO PAULO";"SP000482014";"2014-09-22 00:00:00";"#NE";"03155494000171";"MAS  OPINIÃO E  PESQUISA S/C  LTDA ME";"#NE";"Deputado Federal, Deputado Estadual";"2014-09-15 00:00:00";"2014-09-17 00:00:00";417;"7655-A";"Augusto da Silva Rocha ";"10000,00";"Pesquisa do tipo quantitativa.
Foi utilizado sistema de cotas de sexo e idade preestabelecidas, com base na população eleitoral do Município de Itapevi/SP.
A abordagem dos eleitores foi realizada em pontos de fluxo populacional e/ou residência por meio de sorteio dos entrevistados.
";"Plano amostral:  417 entrevistas  

Ponderação quanto a:
*Sexo (proporcional ao eleitorado de Itapevi) 
masculino:  Qde: 214 citações / Freq. 51,3%
feminino :  Qde: 203 citações / Freq. 48,7%

Idade: 4 (quatro) faixas etárias ( proporcional ao eleitorado de Itapevi/SP ) 
. 16 a 24 anos -  qde: 106  / Freq. 25,4%
. 25 a 34 anos -  qde: 123  / Freq. 29,5%
. 35 a 44 anos -  qde: 107  / Freq. 25,7%
. + de 45 anos -  qde:  81  / Freq. 19,4%

*Escolaridade: Grau de Instrução dos entrevistados
Primário:    Qde: 39  /  Freq. 9,4%
1º Grau :    Qde: 88  /  Freq. 21,1%
2º Grau :    Qde: 257 /  FReq. 61,6%
Superior :   Qde: 33  /  Freq. 7,9%

*Religião:  Opção religiosa dos entrevistados
Católico :   Qde: 162  / Freq. 38,8%
Evangélicos: Qde: 189  / Freq. 45,3%
Outras:      Qde: 10   / Freq.  2,4%
Não tem :    Qde: 56   / Frea. 13,5%

Intervalo de Confiança:  95%  (noventa e cinco por cento )
Margem de erro :          5%  (cinco por cento)
";"Todo o trabalho foi de inteira responsabilidade da empresa executora: 
A Coordenação dos trabalhos foi realizada ""in loco"", bem como a fiscalização e checagem da aplicação dos questionários. Após a aplicação foi realizada a verificação dos mesmos. Em seguida foram cadastrados em programa de tabulação estatística, passando novamente por verificação, desta vez eletrônica. Este mesmo programa aferiu a consistência das informações coletadas. 
O programa utilizado para a tabulação desta pesquisa é: SPHINX for Windows, número da licença de utilização: SPH 9319/R386/M561B
";"Região 01: Centro            - Qde: 72  / Freq. 17,3%
Região 02: Cardoso           - Qde: 27  / Freq. 6,5%
Região 03: Portela           - Qde: 28  / Freq. 6,7%
Região 04: Santa Rita        - Qde: 36  / Freq. 8,6%
Região 05: Cohab             - Qde. 78  / Freq. 18,7%
Região 06: Suburbano         - Qde: 29  / Freq. 7,0%
Região 07: Rosimeire         - Qde: 31  / Freq. 7,4%
Região 08: Briquet           - Qde: 28  / Freq. 6,7%
Região 09: Vitápolis         - Qde: 35  / Freq. 8,4%
Região 11: Ambuitá           - Qde: 16  / Freq. 3,8%
Região 12: Amador Bueno      - Qde: 37  / Freq. 8,9%
"
"27/02/2023";"15:36:19";2014;3;"Eleições Gerais 2014";"SP";"SP";"SÃO PAULO";"SP000412014";"2014-09-18 00:00:00";"#NE";"68802370000186";"IBOPE INTELIGÊNCIA PESQUISA E CONSULTORIA LTDA. ";"#NE";"Governador, Senador";"2014-09-18 00:00:00";"2014-09-23 00:00:00";2002;"6208-A";"Márcia Cavallari Nunes";"133933,80";"Pesquisa quantitativa, que consiste na realização de entrevistas pessoais com a aplicação de questionário estruturado junto a uma amostra representativa do eleitorado em estudo.";"Representativa do eleitorado da área em estudo, elaborada em três estágios.
No primeiro estágio faz-se um sorteio probabilístico dos municípios, onde as entrevistas serão realizadas, pelo método PPT (Probabilidade Proporcional ao Tamanho), tomando o eleitorado como base para tal seleção.
No segundo estágio faz-se um sorteio probabilístico dos setores censitários, onde as entrevistas serão realizadas, pelo método PPT (Probabilidade Proporcional ao Tamanho), tomando a população de 16 anos ou mais residente nos setores como base para tal seleção. No terceiro e último estágio, dentro dos setores sorteados, os respondentes são selecionados através de quotas amostrais proporcionais em função de variáveis significativas, a saber: IDADE: 16-24 (masculino) 17% (feminino) 16%; 25-34 (masculino) 25% (feminino) 25%; 35-44 (masculino) 21% (feminino) 21%; 45-54 (masculino) 18% (feminino) 18%; 55 e+ (masculino) 19% (feminino) 21%; INSTRUÇÃO: Até Ensino Médio (masculino) 79% (feminino) 77%; Ensino Superior (masculino) 21% (feminino) 23%; NÍVEL ECONÔMICO: Economicamente ativo (masculino) 81% (feminino) 58%; Não Economicamente ativo (masculino) 19% (feminino) 42%. 
Está prevista eventual ponderação para correção das variáveis sexo e idade, com base nos percentuais anteriormente mencionados, caso ocorram diferenças superiores a 3 pontos percentuais entre o previsto na amostra e a coleta de dados realizada. Para as variáveis de grau de instrução e nível econômico do entrevistado, o fator previsto para ponderação é 1 (resultados obtidos em campo). O nível de confiança estimado é de 95% e a margem de erro máxima estimada considerando um modelo de amostragem aleatório simples, é de 2 (dois) pontos percentuais para mais ou para menos sobre os resultados encontrados no total da amostra.
FONTE DOS DADOS: Censo 2010 | PNAD 2012 | TSE 2014 | Entre outras.
";"Para a realização da pesquisa, utiliza-se uma equipe de entrevistadores e supervisores contratados pelo IBOPE INTELIGÊNCIA PESQUISA E CONSULTORIA LTDA. devidamente treinados para o trabalho. Após os trabalhos de campo, os questionários são submetidos a uma fiscalização de cerca de 20% (vinte por cento) dos questionários aplicados pelos entrevistadores; para verificação das respostas e da adequação dos entrevistados aos parâmetros amostrais.";"A área de abrangência da coleta é o Estado de São Paulo. A Relação de municípios selecionados para aplicação da amostra será apresentada até o 7º dia seguinte ao Registro da pesquisa, conforme expresso no art. 2º § 5º da resolução 23.400/2013 do TSE."
"27/02/2023";"15:36:19";2014;3;"Eleições Gerais 2014";"SP";"SP";"SÃO PAULO";"SP000472014";"2014-09-22 00:00:00";"#NE";"09470150000133";"IPAT - INSTITUTO DE PESQUISAS A TRIBUNA LTDA";"#NE";"Governador, Senador, Deputado Federal, Deputado Estadual";"2014-09-22 00:00:00";"2014-09-27 00:00:00";3200;"5716";"Mário Sergio Matheus dos Santos";"43447,00";"Pesquisa do tipo quantitativo, por amostragem, com aplicação de questionário estruturado e abordagem
pessoal em pontos sorteados nos bairros das cidades de Santos, Praia Grande, Guarujá, São Vicente e
Cubatão. O conjunto do eleitorado desses municípios com 16 anos ou mais foi tomado como universo da
pesquisa.";"Universo: Eleitorado dos municípios de Santos, Praia Grande, Guarujá, São Vicente e Cubatão, com 16 anos
ou mais. Tamanho da amostra: A amostra prevista é de 800 entrevistas em Santos e 600 entrevistas nas
demais cidades. Técnica de amostragem: A amostra é aleatória e estratificada conforme os seguintes critérios: a) a amostra respeita divisão da população em bairros, conforme levantamento realizado com base no Censo IBGE 2010. A amostra é proporcional à população de cada bairro; b) a amostra leva em conta a variável sexo da população de Santos, sendo 44,9% homens e 55,1% mulheres; de Praia Grande, sendo 46,2% de homens e 53,8% de mulheres; de Guarujá, sendo 47,8% de homens e 52,2% de mulheres; São Vicente, sendo 46,7% homens e 53,3% mulheres, e de Cubatão, sendo 49,1% de homens e 50,9% de mulheres, conforme dados do
TSE (julho 2014). Ponderação dos resultados: Para as variáveis idade, grau de instrução e nível econômico do entrevistado (renda familiar mensal), o fator previsto para ponderação é 1 (resultados obtidos em campo). Área física: Municípios de Santos, Praia Grande, Guarujá, São Vicente e Cubatão, em pontos aleatoriamente sorteados. A relação completa dos bairros pesquisados, com respectivos locais sorteados, será encaminhada a esse tribunal posteriormente. Margem de Erro: A margem de erro máxima prevista para o total da amostra é de 3 pontos percentuais para mais ou para menos, considerando um nível de confiança de 95% (Santos) e 3,5% (demais cidades). Os intervalos de confiança serão calculados considerando os resultados obtidos para um nível de confiança de 95%.";"Os pesquisadores envolvidos na realização desta pesquisa são treinados e recebem instruções específicas para cada projeto realizado. O trabalho é realizado por equipes de  pesquisadores, com um fiscal e coordenador de campo. A equipe percorre os locais de coleta, sendo transportada em van. Há fiscalização no ato da entrevista e os questionários são recolhidos e checados no local quanto ao correto preenchimento dos dados. Internamente, todo o material é verificado, codificado, digitado e, antes do processamento final, realiza-se a conferência da digitação (consistência dos dados). ";"#NULO#"
"27/02/2023";"15:36:19";2014;3;"Eleições Gerais 2014";"SP";"SP";"SÃO PAULO";"SP000462014";"2014-09-19 00:00:00";"#NE";"07630546000175";"DATAFOLHA INSTITUTO DE PESQUISAS LTDA.";"#NE";"Governador, Senador";"2014-09-25 00:00:00";"2014-09-26 00:00:00";2132;"72.49A";"Renata Nunes César";"135800,00";"Pesquisa do tipo quantitativo, por amostragem, com aplicação de questionário estruturado e abordagem pessoal em pontos de fluxo populacional. O conjunto do eleitorado do Estado de São Paulo com 16 anos ou mais foi tomado como universo da pesquisa.";"Universo: Eleitorado do Estado de São Paulo, com 16 anos ou mais. Tamanho da amostra: A amostra prevista é de 2.132 entrevistas. Técnica de amostragem: A amostra é estratificada por porte dos municípios e natureza dos municípios (região metropolitana ou interior). Em cada estrato, num primeiro estágio, são sorteados os municípios que farão parte do levantamento. Num segundo estágio, são sorteados os bairros e pontos de abordagem onde serão aplicadas as entrevistas.  Por fim, os entrevistados são selecionados aleatoriamente para responder ao questionário, de acordo com cotas de sexo e faixa etária. Nessa amostra, o estrato referente à capital foi desproporcionalizado para permitir detalhamento. Nos resultados finais, as corretas proporções serão restabelecidas através de ponderação. A amostra prevista é de 2.132 questionários, sendo 1.092 na capital. Os dados utilizados para definição e seleção da amostra são baseados no TSE (eleitorado julho 2014) e IBGE (Censo 2010 e Estimativas 2013). Os dados relativos a sexo e faixa etária são: Sexo masculino 48%, feminino: 52%, 16 a 24 anos 14%, 25 a 34 anos 23%, 35 a 44 anos 20%, 45 a 59 anos 25% e 60 anos ou mais 18%. Ponderação dos resultados: No processamento dos dados é realizada ponderação referente à proporção de cada cidade na amostra para correta representação. Está prevista a eventual ponderação para correção nos tamanhos dos segmentos da tabela acima considerando as variáveis sexo e faixa etária. Para as variáveis grau de instrução e nível econômico do entrevistado (renda familiar mensal), o fator previsto para ponderação é 1 (resultados obtidos em campo). Área física: Serão realizadas entrevistas em 60 municípios, localizados no Estado de São Paulo.  Margem de Erro: A margem de erro máxima prevista é de 2 pontos percentuais para mais ou para menos, considerando um nível de confiança de 95%. Os intervalos de confiança serão calculados considerando os resultados obtidos para um nível de confiança de 95%.";"Os pesquisadores envolvidos na realização desta pesquisa são treinados pelo Instituto e recebem instruções específicas para cada projeto realizado. A maior parte da coleta será feita com a utilização de tablet e questionário eletrônico. São checados, no mínimo, 30% dos questionários de cada pesquisador, seja in loco por supervisores de campo ou, posteriormente, por telefone. Internamente, todo o material é verificado e codificado. Antes do processamento final e emissão dos resultados, realiza-se processo de consistência dos dados.";"A relação completa dos municípios e bairros pesquisados será encaminhada a esse tribunal posteriormente, até o sétimo dia seguinte à data de registro da pesquisa, conforme a Resolução 23.400/2013 do TSE, no art.2º §5º."
"27/02/2023";"15:36:19";2014;3;"Eleições Gerais 2014";"SP";"SP";"SÃO PAULO";"SP000562014";"2014-09-27 00:00:00";"#NE";"03042195000120";"UP - UNIDADE DE PESQUISAS S/C LTDA";"#NE";"Governador, Senador";"2014-10-01 00:00:00";"2014-10-03 00:00:00";1241;"6641 - A";"Dario Nery";"40000,00";".A metodologia da pesquisa realizada pela UP, é a utilização de questionário estruturado, e amostragem probabilística simples, com efetuação de entrevistas pessoais em pontos de fluxo populacional , tendo por universo o eleitorado dos municípios investigado, obedecendo ao regime de quotas (base TSE de 2014/Censo) por densidade eleitoral das regiões, sexo, idade, grau de instrução e nível econômico. Esta metodologia assegura a representatividade de todos os segmentos sociais da população em qualquer Estado e/ou municipio brasileiro, sendo incluídas na amostra as zonas geográficas descritas no questionário.";"O plano Amostral segundo os itens exigidos por lei seguem descritos:

 Universo – Eleitorado do Estado de São Paulo, com 16 anos ou mais.

 Amostragem, coeficiente de confiança, margem de erro: A pesquisa UP vai entrevistar 1241 eleitores. A amostra garante a nível municipal uma margem de erro de 3% para um intervalo e confiança de 95,5% . 
As ponderações em relação a sexo, idade, grau de instrução e nível econômico , descritas nas perguntas 1 a 4 do questionário, serão realizadas para refletir estatisticamente a proporção do eleitorado consultado..conforme percentuais
Masculino 48 Feminino 52   100
FAIXA ETÁRIA: TSE/2014 %
De 16 a 17 anos 0,8
De 18 a 24 anos 13,5
De 25 a 34 anos 22,7
De 35 a 44 anos 19,8
De 45 a 59 anos 25,3
Mais de 60 anos 17,9 100
GRAU DE INSTRUÇÃO: TSE/2014 %
Analfabeto / 1 ano ou menos de estudo 6,5
Ensino Fundamental 
(incompleto/completo) 37,9
Ensino Médio (incompleto/completo) 44,5
Superior (incompleto/completo) 11,1    100
FAIXA DE RENDA: CENSO/2010 %
Até 724,00 39,9
De R$ 724,01 a R$1.448,00 22,0
De R$ 1.448,01 a R$ 2.172,00 10,4
De R$ 2.172,01 a R$ 3.620,00 9,5
Acima de R$ 3.620,01 18,1     100
";"O Sistema interno de controle, verificação, conferência e fiscalização da coleta de dados, do trabalho de campo é assim descrito: durante os trabalhos de campo, 20% das entrevistas são refeitas pelos supervisores das equipes, para checar a veracidade das entrevistas e das respostas registradas pelos entrevistadores.

 				Alem da checagem de 20% das entrevistas (externa),internamente, os dados de diferentes questões são pré-processados e cruzados entre si, permitindo fazer-se a critica dos mesmos, para verificação de eventuais inconsistências, ou seja, se existem conflitos ou contradições as respostas dadas pelos eleitores durante as entrevistas ou eventuais erros dos entrevistadores ao assinalarem aquelas respostas.

 				Caso os testes internos comprovem a ocorrência de inconsistências nas quotas de um dos entrevistadores inferior a 3%, a quota dele é validada, mas as entrevistas comprometidas são excluídas da amostra (para poderem fazer a eventual reposição de entrevistas canceladas neste filtro, em geral, os institutos de pesquisa colhem amostras superiores as registradas), se o número de inconsistências verificado for superior a 3%, o entrevistador é afastado da empresa, a quota de entrevistas feitas por ele é cancelada e a parcela do campo comprometida ( a quota dele) é refeita integralmente.
";"#NULO#"
"27/02/2023";"15:36:19";2014;3;"Eleições Gerais 2014";"SP";"SP";"SÃO PAULO";"SP000612014";"2014-09-27 00:00:00";"#NE";"07268073000108";"SP - SEBRAM PESQUISAS - SERVICOS DE PESQUISAS DE OPINIAO PUBLICA, JORNALISMO, CONSULTORIA E ASSESSORIA S/S LTDA ";"#NE";"Governador, Senador, Deputado Federal, Deputado Estadual";"2014-09-27 00:00:00";"2014-09-30 00:00:00";2500;"9538-A";"RAPHAEL BOTELHO";"32000,00";"Pesquisa quantitativa probabilística, que consiste na realização de entrevistas pessoais, com a aplicação de questionários estruturados e padronizados junto a uma amostra representativa do eleitorado do município em estudo, com arrolamento aleatório de bairros, endereços e entrevistados. ";"Plano Amostral: a) Público pesquisado: eleitores dos municípios de Santo André, São Bernardo, São Caetano, Diadema, Mauá, Ribeirão Pires e Rio Grande da Serra -  SP. b) Tipo de amostra: A amostra é representativa do eleitorado do município e foi selecionada em dois estágios: 1º estágio: seleção dos setores dentro do município; 2º estágio: seleção dos respondentes dentro dos setores através de uma quota proporcional de Sexo, Idade, Grau de instrução e Ramo de atividade, de acordo com o perfil da população em estudo. As entrevistas foram pessoais e domiciliares. Fonte de dados: IBGE, Censo 2010 TSE, Cadastro de Eleitores 2014 c) Tamanho da amostra: 2500 entrevistas. d) Ponderação: Devido à metodologia amostral adotada, a pesquisa é auto-ponderada, ou seja, as proporções do universo pesquisado estão previstas na amostra, não sendo necessário nenhum tipo de ponderação, pois a mesma já foi estratificada utilizando toda as variáveis  quanto a sexo, idade, grau de instrução e nível sócio econômico. e) Área física de realização da pesquisa: Recomenda-se a leitura dos arts. 33, 34, 35 e 96 da Lei nº 9.504/1997, e das resoluções-TSE nos 23.400 e 23.398, ambas de 17.12.2013, as quais disciplinam, respectivamente, para as eleições de 2014, o registro das pesquisas e o processamento das representações, reclamações e dos pedidos de direito de resposta. f) Intervalo de Confiança/Margem de Erro: O intervalo de confiança estimado é de 95% e a margem de erro máxima estimada é de 4 pontos percentuais para mais ou para menos sobre os resultados encontrados no total da amostra. ";"Para a realização da pesquisa, utiliza-se uma equipe de entrevistadores e supervisores contratados pelo SEBRAM PESQUISAS CONSULTORIA LTDA devidamente treinados para o trabalho. Após os trabalhos de campo, os questionários são submetidos a uma fiscalização de 20% (vinte por cento) aplicados individualmente pelos entrevistadores, para verificação das respostas e da adequação dos entrevistados aos parâmetros amostrais
";"#NULO#"
"27/02/2023";"15:36:19";2014;3;"Eleições Gerais 2014";"SP";"SP";"SÃO PAULO";"SP000522014";"2014-09-26 00:00:00";"#NE";"62292602000117";"ENFOQUE ASSESSORIA DE COMUNICAÇÃO INTEGRADA LTDA";"#NE";"Governador, Senador, Deputado Federal, Deputado Estadual";"2014-09-26 00:00:00";"2014-10-01 00:00:00";1218;"8693-A";"Claudia Julia Guimarães Horta";"38780,00";"Levantamento quantitativo, por meio de pesquisa individual, utilizando questionário estruturado e padronizado, junto à amostra representativa do eleitorado da região metropolitana da Baixada Santista, composta por nove municípios (Bertioga, Guarujá, Cubatão, Santos, São Vicente, Praia Grande, Mongaguá, Itanhaém e Peruíbe).";"A seleção das pessoas pesquisadas, por meio de amostra representativa, realizada deu-se em dois estágios. No primeiro, foram delimitadas as áreas a serem pesquisadas, concebendo-se o nível de bairro como ponto de partida. No segundo, os eleitores foram selecionados por meio de quotas amostrais, levando-se em consideração proporções dadas pelas variáveis: sexo e idade dos eleitores cadastrados, em nível das zonas eleitorais e dados populacionais. Em função da metodologia adotada, a pesquisa é autoponderada, ou seja, o sistema de amostragem por quotas, onde se busca obter um retrato similar do universo pesquisado, não sendo necessário qualquer tipo de ponderação quanto ao sexo, idade e nível econômico. O intervalo de confiança é de 95% e a margem de erro utilizada de 4,0 pontos percentuais para mais ou menos
";"Para a realização da pesquisa, emprega-se equipe de entrevistados contratados pela ENFOQUE COMUNICAÇÃO INTEGRADA, devidamente treinada para o trabalho. O levantamento de campo tem um supervisor da ENFOQUE e no campo as equipes contam com a orientação e acompanhamento de um responsável previamente selecionado. Após as pesquisas de campo, os questionários são submetidos a uma avaliação interna do preenchimento e verificação do levantamento dos entrevistados em adequação aos parâmetros amostrais estabelecidos
";"A pesquisa será realizada em bairros/zonas eleitorais das cidades respeitando a densidade demográfica e o perfil dos moradores, dentro dos números estabelecidos pelas zonas eleitorais. O detalhamento será complementado com a conclusão da pesquisa de campo, conforme previsto no item a seguir.

1) Santos
Zona Eleitoral 118ª – Av. N. Sra de Fátima/Av. Jovino de Melo/Av. Hugo Maia/ Jd. Rádio Clube/Morros/Centro
Zona Eleitoral 272ª – Praça N. Sra. Aparecida, BNH, Ponta da Praia, Av. Epitácio Pessoa, Av. Pedro Lessa, Avenida Afonso Pena, proximidades shopping Praiamar, orla da praia
Zona Eleitoral 273ª – Praça Independência, Super Centro do Boqueirão, Rua Oswaldo Cruz, Rua Lobo Viana, Rua Carlos Gomes, Rua Saturnino de Brito, Rua Carvalho de Mendonça, Av. Pinheiro Machado, Av. Francisco Glicério, orla da praia
 
2) São Vicente
Área continental (ZE 177ª) e área insular (ZE 340ª). Área insular - Praça do Correio/ Centro/ Biquinha/ Rua Martim Afonso/Shopping Brisamar e insular (Humaitá - imediações supermercados Barateiro e Cuca's, e Rio Branco - imediações Cuca's/Av. Esmeraldo Tarquínio).
 
3) Praia Grande
Av. Pres. Kennedy e ruas adjacentes (ZE 406) e Av. Costa e Silva e ruas adjacentes (ZE 317).
 
4) Guarujá
ZE 212ª - Guarujá (bairros Santa Rosa - Av. Adhemar de Barros, Av. Puglisi, Av. Dom Pedro, Enseada). 
Já a 310ª refere-se ao distrito de Vicente de Carvalho, com a realização de pesquisas ao longo da Avenida Thiago Ferreira e vias adjacentes.
 
5) Cubatão
Av. 9 de Abril, Centro, Jardim Casqueiro.
 
6) Bertioga
Av. 19 de Maio, imediações do Forte São João, Jd. Indaiá.
  
7) Mongaguá
Centro

8) Itanhaém
Centro, Jd. Belas Artes

9) Peruíbe
Centro, Avenida Padre Anchieta
"
"27/02/2023";"15:36:19";2014;3;"Eleições Gerais 2014";"SP";"SP";"SÃO PAULO";"SP000452014";"2014-09-19 00:00:00";"#NE";"09434008000130";"PERFIL PESQUISAS DE OPINIÃO PÚBLICA E CONSULTORIA LTDA";"#NE";"Governador, Senador, Deputado Federal, Deputado Estadual";"2014-09-20 00:00:00";"2014-09-21 00:00:00";1000;"7655-A";"AUGUSTO DA SILVA ROCHA";"5000,00";"Metodologia de pesquisa: Pesquisa do tipo quantitativa, por amostragem, com aplicação de questionário estruturado e abordagem pessoal em pontos sorteados nos bairros da cidade. O conjunto do eleitorado do município de Guarujá com 16 anos ou mais foi tomado como universo da pesquisa. ";"Plano amostral e ponderação quanto a sexo, idade, grau de instrução e nível econômico do entrevistado; intervalo de confiança e margem de erro: Tamanho da amostra: A amostra prevista é de 1.000 entrevistas. Técnica de amostragem: A amostra é aleatória e estratificada conforme os seguintes critérios: a) a amostra respeita divisão da população em bairros, conforme levantamento realizado com base no Censo IBGE 2010. A amostra é proporcional à população de cada bairro; b) a amostra leva em conta a variável sexo da população de Guarujá, sendo 48% homens e 52% mulheres, conforme dados do TSE (junho/14). Ponderação dos resultados: Para as variáveis idade, grau de instrução e nível econômico do entrevistado (renda familiar mensal), o fator previsto para ponderação é 1 (resultados obtidos em campo). Área física: Município de Guarujá, em pontos aleatoriamente sorteados. A relação completa dos bairros pesquisados, com respectivos locais sorteados, será encaminhada a esse tribunal posteriormente. Margem de Erro: A margem de erro máxima prevista para o total da amostra é de 3,1 pontos percentuais para mais ou para menos, considerando um nível de confiança de 95%. Os intervalos de confiança serão calculados considerando os resultados obtidos para um nível de confiança de 95%. ";"Sistema interno de controle e verificação, conferência e fiscalização da coleta de dados e do trabalho de campo: O Sistema interno de controle, verificação, conferência e fiscalização da coleta de dados, do trabalho de campo é assim descrito: durante os trabalhos de campo, 20% das entrevistas são refeitas pelos supervisores das equipes, para checar a veracidade das entrevistas e das respostas registradas pelos entrevistadores. Alem da checagem de 20% das entrevistas (externa),internamente, os dados de diferentes questões são pré-processados e cruzados entre si, permitindo fazer-se a critica dos mesmos, para verificação de eventuais inconsistências, ou seja, se existem conflitos ou contradições as respostas dadas pelos eleitores durante as entrevistas ou eventuais erros dos entrevistadores ao assinalarem aquelas respostas. Caso os testes internos comprovem a ocorrência de inconsistências nas quotas de um dos entrevistadores inferior a 3%, a quota dele é validada, mas as entrevistas comprometidas são excluídas da amostra (para poderem fazer a eventual reposição de entrevistas canceladas neste filtro, em geral, os institutos de pesquisa colhem amostras superiores as registradas), se o número de inconsistências verificado for superior a 3%, o entrevistador é afastado da empresa, a quota de entrevistas feitas por ele é cancelada e a parcela do campo comprometida ( a quota dele) é refeita integralmente.  ";"Relação de setores de Guarujá – SP

1-	Itapema
2-	Paecará/ Porto
3-	Vila Áurea/ Progresso
4-	Jd. Boa Esperança/ Conceiçãozinha
5-	Pq. Estuário
6-	Morrinhos
7-	Vila Zilda/ Cachoeira
8-	Enseada I e II
9-	Santo Antônio I e II
10-Santa Rosa I, II e III/ Vargem Grande
11-Astúrias/ Tombo/ Guaiúba/ Marinas I e II/ Helena Maria/ Pitangueiras
12- Mar e Céu/ Perequê/ Tortuga/ Pernambuco/ Jd. Acapulco/ Guararu
13- Santa Cruz dos Navegantes
"
"27/02/2023";"15:36:19";2014;3;"Eleições Gerais 2014";"SP";"SP";"SÃO PAULO";"SP000222014";"2014-08-29 00:00:00";"#NE";"09470150000133";"IPAT - INSTITUTO DE PESQUISAS A TRIBUNA LTDA";"#NE";"Governador, Senador, Deputado Federal, Deputado Estadual";"2014-09-01 00:00:00";"2014-09-02 00:00:00";800;"5716 ";"Mário Sergio Matheus dos Santos ";"12500,00";"Pesquisa do tipo quantitativo, por amostragem, com aplicação de questionário estruturado e abordagem pessoal em pontos sorteados nos bairros da cidade de São Vicente - SP. O conjunto do eleitorado do município de São Vicente com 16 anos ou mais foi tomado como universo da pesquisa. ";"Universo: Eleitorado do município de São Vicente, com 16 anos ou mais. Tamanho da amostra: A amostra prevista é de 800 entrevistas. Técnica de amostragem: A amostra é aleatória e estratificada conforme os seguintes critérios: a) a amostra respeita divisão da população em bairros, conforme levantamento realizado com base no Censo IBGE 2010. A amostra é proporcional à população de cada bairro; b) a amostra leva em conta a variável sexo da população de São Vicente, sendo 46,74% homens e 53,26% mulheres, conforme dados do TSE (julho 2014). Ponderação dos resultados: Para as variáveis idade, grau de instrução e nível econômico do entrevistado (renda familiar mensal), o fator previsto para ponderação é 1 (resultados obtidos em campo). Área física: Município de São Vicente, em pontos aleatoriamente sorteados. A relação completa dos bairros pesquisados, com respectivos locais sorteados, será encaminhada a esse tribunal posteriormente. Margem de Erro: A margem de erro máxima prevista para o total da amostra é de 3 pontos percentuais para mais ou para menos, considerando um nível de confiança de 95%. Os intervalos de confiança serão calculados considerando os resultados obtidos para um nível de confiança de 95%. ";"Os pesquisadores envolvidos na realização desta pesquisa são treinados e recebem instruções específicas para cada projeto realizado. O trabalho é realizado por equipe de 10 pesquisadores, com um fiscal e coordenador de campo. A equipe percorre os locais de coleta, sendo transportada em van. Há fiscalização no ato da entrevista e os questionários são recolhidos e checados no local quanto ao correto preenchimento dos dados. Internamente, todo o material é verificado, codificado, digitado e, antes do processamento final, realiza-se a conferência da digitação (consistência dos dados). ";"#NULO#"
"27/02/2023";"15:36:19";2014;3;"Eleições Gerais 2014";"SP";"SP";"SÃO PAULO";"SP000642014";"2014-09-29 00:00:00";"#NE";"07630546000175";"DATAFOLHA INSTITUTO DE PESQUISAS LTDA.";"#NE";"Governador, Senador";"2014-10-03 00:00:00";"2014-10-04 00:00:00";3030;"72.49A";"Renata Nunes César";"203700,00";"Pesquisa do tipo quantitativo, por amostragem, com aplicação de questionário estruturado e abordagem pessoal em pontos de fluxo populacional. O conjunto do eleitorado do Estado de São Paulo com 16 anos ou mais foi tomado como universo da pesquisa.";"Universo: Eleitorado do Estado de São Paulo, com 16 anos ou mais. Tamanho da amostra: A amostra prevista é de 3.030 entrevistas. Técnica de amostragem: A amostra é estratificada por porte dos municípios e natureza dos municípios (região metropolitana ou interior). Em cada estrato, num primeiro estágio, são sorteados os municípios que farão parte do levantamento. Num segundo estágio, são sorteados os bairros e pontos de abordagem onde serão aplicadas as entrevistas.  Por fim, os entrevistados são selecionados aleatoriamente para responder ao questionário, de acordo com cotas de sexo e faixa etária. Nessa amostra, o estrato referente à capital foi desproporcionalizado para permitir detalhamento. Nos resultados finais, as corretas proporções serão restabelecidas através de ponderação. A amostra prevista é de 3.030 questionários, sendo 1.632 na capital. Os dados utilizados para definição e seleção da amostra são baseados no TSE (eleitorado julho 2014) e IBGE (Censo 2010 e Estimativas 2014). Os dados relativos a sexo e faixa etária são: Sexo masculino 48%, feminino: 52%, 16 a 24 anos 14%, 25 a 34 anos 23%, 35 a 44 anos 20%, 45 a 59 anos 25% e 60 anos ou mais 18%. Ponderação dos resultados: No processamento dos dados é realizada ponderação referente à proporção de cada cidade na amostra para correta representação. Está prevista a eventual ponderação para correção nos tamanhos dos segmentos da tabela acima considerando as variáveis sexo e faixa etária. Para as variáveis grau de instrução e nível econômico do entrevistado (renda familiar mensal), o fator previsto para ponderação é 1 (resultados obtidos em campo). Área física: Serão realizadas entrevistas em 60 municípios, localizados no Estado de São Paulo.  Margem de Erro: A margem de erro máxima prevista é de 2 pontos percentuais para mais ou para menos, considerando um nível de confiança de 95%. Os intervalos de confiança serão calculados considerando os resultados obtidos para um nível de confiança de 95%.";"Os pesquisadores envolvidos na realização desta pesquisa são treinados pelo Instituto e recebem instruções específicas para cada projeto realizado. A maior parte da coleta será feita com a utilização de tablet e questionário eletrônico. São checados, no mínimo, 30% dos questionários de cada pesquisador, seja in loco por supervisores de campo ou, posteriormente, por telefone. Internamente, todo o material é verificado e codificado. Antes do processamento final e emissão dos resultados, realiza-se processo de consistência dos dados.";"A relação completa dos municípios e bairros pesquisados será encaminhada a esse tribunal posteriormente, até o sétimo dia seguinte à data de registro da pesquisa, conforme a Resolução 23.400/2013 do TSE, no art.2º §5º."
