"DT_GERACAO";"HH_GERACAO";"AA_ELEICAO";"CD_ELEICAO";"NM_ELEICAO";"SG_UF";"SG_UE";"NM_UE";"NR_PROTOCOLO_REGISTRO";"DT_REGISTRO";"ST_PESQUISA_PROPRIA";"NR_CNPJ_EMPRESA";"NM_EMPRESA";"NM_EMPRESA_FANTASIA";"DS_CARGO";"DT_INICIO_PESQUISA";"DT_FIM_PESQUISA";"QT_ENTREVISTADO";"CD_CONRE";"NM_ESTATISTICO_RESP";"VR_PESQUISA";"DS_METODOLOGIA_PESQUISA";"DS_PLANO_AMOSTRAL";"DS_SISTEMA_CONTROLE";"DS_DADO_MUNICIPIO"
"27/02/2023";"15:36:19";2014;3;"Eleições Gerais 2014";"AM";"AM";"AMAZONAS";"AM000302014";"2014-08-11 00:00:00";"#NE";"03079221000195";"DMP DESIGN MARKETING E PROPAGANDA LTDA";"#NE";"Governador, Senador";"2014-08-10 00:00:00";"2014-08-17 00:00:00";2000;"8940";"ERICO JANDER DA SILVA LOPES";"40000,00";"A metodologia da pesquisa realizada pela DMP, é uma pesquisa quantitativa com utilização de questionário estruturado, e amostragem probabilística simples, com efetuação de entrevistas pessoais em pontos de fluxo populacional, tendo por universo o eleitorado de Manaus e 7 outros municípios do estado, obedecendo ao regime de quotas (base TSE de 2012/Censo 2010) por densidade eleitoral das regiões, sexo, idade, grau de instrução e nível econômico e com o número de entrevistas proporcionais ao número de eleitores do interior do Estado do Amazonas. Esta metodologia assegura a representatividade de todos os segmentos sociais da população em qualquer Estado, sendo incluídas na amostra as zonas geográficas descritas no questionário.";"O plano Amostral segundo os itens exigidos por lei segue descritos: Universo – Eleitorado do Estado do Amazonas, com 16 anos ou mais na área urbana e em 7 municípios do interior do Estado do Amazonas selecionados de forma sistemática conforme características geográficas e com amostragem proporcional por bairro dentro de cada município. Amostragem, coeficiente de confiança, margem de erro: A pesquisa DMP vai entrevistar 2000 eleitores. A amostra garante a nível estadual uma margem de erro de 2,2% para um intervalo e confiança de 95%. As ponderações em relação a sexo, idade, grau de instrução e nível econômico, descritas nas perguntas 1 a 4 do questionário, serão realizadas para refletir estatisticamente a proporção do eleitorado consultado, conforme percentuais SEXO: TSE/JUNHO/2012 % Masculino 48,2 Feminino 51,8 FAIXA ETÁRIA: TSE/JUNHO/2012 % De 16 a 17 anos 2,0; De 18 a 24 anos 18; De 25 a 34 anos 28,5; De 35 a 44 anos 21,6; De 45 a 59 anos 19,8; Mais de 60 anos 9,8; GRAU DE INSTRUÇÃO: TSE/JUNHO2012: % Analfabeto / 1 ano ou menos de estudo 9,6; Ensino Fundamental (incompleto/completo) 42,1 Ensino Médio (incompleto/completo) 41,9 Superior (incompleto/completo) 6,4 - FAIXA DE RENDA: Até 724,00; De R$ 724,01 a R$2.172,00; De R$ 2.172,01 a R$ 3.620,00: Acima de R$ 3.620,00. ";"	Sistema interno de controle, verificação, conferência e fiscalização da coleta de dados e do trabalho de campo é assim descrito: Durante o trabalho de campo são checadas as entrevistas (externa), internamente, os dados de diferentes questões são pré-processados e cruzados entre si, e também é feita a conferencia por meio de ligações telefônicas de 10% dos entrevistados sorteados de forma aleatória. ";"#NULO#"
"27/02/2023";"15:36:19";2014;4;"Eleições Gerais Suplementares 2014";"AM";"AM";"AMAZONAS";"AM077722014";"2017-06-19 00:00:00";"S";"03079221000195";"DMP DESIGN MARKETING E PROPAGANDA LTDA";"#NULO#";"Governador";"2017-06-21 00:00:00";"2017-06-25 00:00:00";1500;"8940";"ERICO JANDER DA SILVA LOPES";"22000,00";"A metodologia da pesquisa realizada pela DMP, é uma pesquisa quantitativa com utilização de questionário estruturado, e amostragem probabilística simples, com efetuação de entrevistas pessoais em pontos de fluxo populacional, tendo por universo o eleitorado de Manaus, obedecendo ao regime de quotas (base TSE de 2012/Censo 2010) por densidade eleitoral das regiões, sexo, idade, grau de instrução e nível econômico e com o número de entrevistas proporcionais ao número de eleitores de capa bairro. Esta metodologia assegura a representatividade de todos os segmentos sociais da população em qualquer Estado, sendo incluídas na amostra as zonas geográficas descritas no questionário";"Eleitorado do Estado do Amazonas, com 16 anos ou mais na área urbana e em cinco municípios do interior do Estado do Amazonas selecionados de forma sistemática conforme características geográficas e com amostragem proporcional por bairro dentro de cada município. Amostragem, coeficiente de confiança, margem de erro: A pesquisa DMP vai entrevistar 1500 eleitores. A amostra garante a nível estadual uma margem de erro 2,6% para um intervalo e confiança de 95%. As ponderações em relação a sexo, idade, grau de instrução e nível econômico, descritas nas perguntas 1 a 4 do questionário, serão realizadas para refletir estatisticamente a proporção do eleitorado consultado, conforme percentuais SEXO: TSE/JUNHO/2012 % Masculino 48,2 Feminino 51,8 FAIXA ETÁRIA: TSE/JUNHO/2012 % De 16 a 17 anos 2,0; De 18 a 24 anos 18; De 25 a 34 anos 28,5; De 35 a 44 anos 21,6; De 45 a 59 anos 19,8; Mais de 60 anos 9,8; GRAU DE INSTRUÇÃO: TSE/JUNHO2012: % Analfabeto / 1 ano ou menos de estudo 9,6; Ensino Fundamental (incompleto/completo) 42,1 Ensino Médio (incompleto/completo) 41,9 Superior (incompleto/completo) 6,4 - FAIXA DE RENDA: CENSO/2010 % Até 937,00; De R$ 937,00 a R$2.811,00; De R$ 2.811,01 a R$ 4.685,00; Acima de R$ 4.685,00; Não quis responder.";"Sistema interno de controle, verificação, conferência e fiscalização da coleta de dados e do trabalho de campo é assim descrito: Durante o trabalho de campo são checadas 20% das entrevistas (externa), internamente, os dados de diferentes questões são pré-processados e cruzados entre si, o que permite fazer a critica dos mesmos para a verificação de eventuais inconsistências. ";"MANAUS;ZONA OESTE: Compensa (34); Lírio do Vale (9); Santo Antonio (10); São Raimundo (9); São Jorge (9); Gloria(8); Vila da Prata(9); Nova Esperança(8); Santo Agostinho(10); Tarumã(8); ZONA CENTRO OESTE: Alvorada (28); Redenção (16); Bairro da Paz(6); Dom Pedro I (9); Planalto(8); ZONA SUL: Japiim (30); Petrópolis (20); Raiz (8); Cachoeirinha (10); Educandos (7); São Francisco (7); Centro (10); Betânia(6); Morro da Liberdade(8); Aparecida(5); Santa Luzia(5); Praça 14(5); São Lazaro(7); ZONA CENTRO SUL: Flores (22); Parque 10 de Novembro (19) ; Aleixo(9); Chapada(6); N s da Graças(6); S Geraldo(5); ZONA LESTE: São José (35); Jorge Teixeira (50); Tancredo Neves (24); Coroado (23); Armando Mendes(13); Mauazinho(10); Gilberto Mestrinho(25); Zumbi(25); ZONA NORTE: Cidade Nova (54); Colônia Terra Nova (20); Monte das Oliveiras (17); Colonia S Antonio(8); Novo Israel(7); Santa Etelvina(24); Novo Aleixo(26); Cidade de Deus(31); Nova Cidade(35). INTERIOR: Tefé (105); Coari (129); Manacapuru (145); Itacoatiara (148); Parintins (174)."
"27/02/2023";"15:36:19";2014;4;"Eleições Gerais Suplementares 2014";"AM";"AM";"AMAZONAS";"AM010122014";"2017-07-26 00:00:00";"S";"04816658000127";"EDITORA ANA CASSIA S.A.";"REDE DIARIO DE COMUNICACAO";"Governador";"2017-07-26 00:00:00";"2017-08-01 00:00:00";1600;"6586-AM";"José Raimundo Gomes Pereira";"38608,43";"A pesquisa será realizada nos dias 26, 27, 28, 29, 30 e 31 de julho de 2017, envolvendo diversos bairros do município de Manaus e 12 (doze) municípios do interior do estado do Amazonas. Serão entrevistados 1000 (mil) eleitores na capital e 600 (seiscentos) nos municípios selecionados do interior do Estado do Amazonas. O estudo será conduzido de modo que a margem de erro máxima seja de 2,45 pontos percentuais para mais ou para menos, com um intervalo de confiança a 95%. 
	A população está definida como sendo o conjunto de eleitores com registro eleitoral no Estado do Amazonas, aptos a votar nas eleições suplementares de 2017. 
O levantamento será domiciliar, sendo entrevistado um único eleitor por domicílio. Os domicílios serão escolhidos através de sorteio, tendo todos iguais chances de fazer parte da amostra. Somente serão entrevistados eleitores cujo domicílio está em um bairro que faz parte de sua zona eleitoral e que estejam aptos a votar nas eleições suplementares de 2017, com sua situação devidamente regularizada no TRE.
	O método de seleção amostral a ser utilizado será a amostragem aleatória estratificada para proporções. Os estratos correspondentes são definidos pelas respectivas zonas eleitorais. Em cada estrato é feito um processo de amostragem aleatória simples, o que implica em um sorteio aleatório de eleitores dentro de cada estrato.
";"O método de seleção amostral a ser utilizado será a amostragem aleatória estratificada para proporções. Os estratos correspondentes são definidos pelas respectivas zonas eleitorais dos municípios selecionados. Em cada estrato é feito um processo de amostragem aleatória simples, o que implica em um sorteio aleatório de eleitores dentro de cada estrato. Isso garante uma representação adequada de outros estratos da população na amostra, definidos de acordo com outras variáveis, como sexo, idade, grau de instrução e nível econômico.";"O trabalho de coleta das informações no campo será feito utilizando-se uma equipe composta de vinte e seis (26) pesquisadores e cinco (5) supervisores de campo e um coordenador geral do campo. A distribuição geográfica dos pesquisadores será organizada pelos respectivos supervisores de acordo com o plano amostral estabelecido.
Para controle, verificação e conferência das informações coletadas, será obtida uma amostra aleatória simples de tamanho igual a 50 questionários.
";"As mil e seiscentas (1.600) entrevistas serão realizadas nos bairros das zonas eleitorais de Manaus (os bairros das zonas podem ser encontrados em http://www.tre-am.gov.br) e em 12 municípios do interior. 
	Nos bairros do município de Manaus serão aplicados 1.000 (mil) questionários, assim distribuídos na tabela abaixo: 

BAIRROS	Nº de questionários a serem aplicados
ADRIANÓPOLIS	7
ALEIXO	14
ALVORADA	41
ALVORADA 2	1
ARMANDO MENDES	15
BETÂNIA	7
CACHOEIRINHA	11
CENTRO	20
CHAPADA	4
CIDADE DE DEUS	24
CIDADE NOVA	83
COLONIA ANTONIO ALEIXO	8
COLONIA OLIVEIRA MACHADO	4
COLONIA SANTO ANTONIO	3
COLONIA TERRA NOVA	20
COMPENSA	44
COROADO	31
CRESPO	7
DOM PEDRO	17
EDUCANDOS	8
FLORES	23
GILBERTO MESTRINHO	18
GLORIA	5
JAPIIM	30
JORGE TEIXEIRA	57
LAGO AZUL	8
LÍRIO DO VALE	13
MAUAZINHO	11
MONTE DAS OLIVEIRAS	17
MORRO DA LIBERDADE	8
NOSSA SENHORA DAS GRAÇAS	9
NOSSA SENHORA DE APARECIDA	4
NOVA CIDADE	33
NOVA ESPERANÇA	8
NOVO ALEIXO	52
NOVO ISRAEL	13
PARQUE 10 DE NOVEMBRO	25
PAZ	9
PETROPOLIS	29
PLANALTO	6
PRAÇA 14 DE JANEIRO	9
PRESIDENTE VARGAS	3
PURAQUEQUARA	3
RAIZ	7
REDENÇÃO	24
SANTA ETELVINA	20
SANTA LUZIA	5
SANTO AGOSTINHO	5
SANTO ANTONIO	12
SÃO FRANCISCO	11
SÃO GERALDO	4
SÃO JORGE	14
SÃO JOSÉ OPERÁRIO	46
SÃO LÁZARO	7
SÃO RAIMUNDO	7
TANCREDO NEVES	26
TARUMÃ	19
TARUMÃ-AÇU	5
VILA BURITI	0
VILA DA PRATA	6
ZUMBI DOS PALMARES	20


Nos municípios selecionados do interior do Estado Amazonas serão aplicados 600 (seiscentos) questionários, assim distribuídos por bairro:


BORBA: Nº de questionários a serem aplicados 27
		

CAREIRO DA VÁRZEA: Nº de questionários a serem aplicados 20



COARI: Nº de questionários a serem aplicados 65



IRANDUBA: Nº de questionários a serem aplicados 38




ITACOATIARA: Nº de questionários a serem aplicados 86



MANACAPURU: Nº de questionários a serem aplicados 85



HUMAITÁ: Nº de questionários a serem aplicados 39



PARINTINS: Nº de questionários a serem aplicados 87



RIO PRETO DA EVA: Nº de questionários a serem aplicados 20 




TABATINGA: Nº de questionários a serem aplicados 41


SÃO GABRIEL DA CACHOEIRA: Nº de questionários a serem aplicados 39





TEFÉ: Nº de questionários a serem aplicados 53
"
"27/02/2023";"15:36:19";2014;4;"Eleições Gerais Suplementares 2014";"AM";"AM";"AMAZONAS";"AM072802014";"2017-08-01 00:00:00";"S";"06023655000161";"A F SOARES MARKETING E PESQUISAS DE MERCADO LTDA - EPP";"ACTION MARKETING E PESQUISAS";"Governador";"2017-08-06 00:00:00";"2017-08-06 00:00:00";1100;"7117-A ";"JOÃO CALDAS DO LAGO NETO ";"40000,00";"Survey, quantitativa, descritiva, transversal. Pesquisa de campo (dados primários). Amostragem não probabilística, estratificada por cotas. Universo: eleitores residentes e domiciliados na área urbana dos municípios pesquisados. Coleta dos dados: questionário estruturado, aplicado de modo presencial em entrevista direta ou face-to-face. Tratamento dos dados: estatística descritiva (Média, mediana, desvio-padrão),  analise de normalidade (Skewness e curtosis) e análises multivariadas (AFE ¿ Análise Fatorial Exploratória). ";"Plano amostral e ponderação quanto a sexo, idade do entrevistado; intervalo de confiança e margem de erro: erro de 3% para mais ou menos em um em um intervalo de confiança de 95% 
O universo da pesquisa é de acordo com o TRE AM ¿ Tribunal Regional Eleitoral do Estado do Amazonas, formado por 2.337.505 eleitores (atualizado em 31/07/2017, às 14:55) aptos a votar no Amazonas. O tamanho da amostra será de 1.100 indivíduos. O erro amostral para a amostra é de 3% para mais ou menos, considerando um nível de confiança de 95%. A pesquisa será aplicada em todas as treze zonas eleitorais de Manaus e mais 12 municípios conforme, ponderação descrita a seguir: As entrevistas serão realizadas por 33 pesquisadores de campo, sob coordenação de 18 coordenadores de equipes subordinados ao Setor de Coleta de Dados da Action. Para estabelecer a distribuição da amostra total (1.100 indivíduos) foi utilizado o Software Sphinx na função ponderação pelo critério PPT. Desta forma foram estimadas as frequências absolutas (ao lado de suas respectivas frequências relativas) para cada município, de acordo com a sua proporção na amostra. A distribuição conforme proporção estimada de votos válidos com base na última eleição para governador do Amazonas em 2014, para MANAUS 649 (59%); PARINTINS 74 (7%), ITACOATIARA 73 (7%), MANACAPURU 72 (7%), TEFÉ 45 (4%), TABATINGA 35 (3%), HUMAITÁ 33 (3%), EIRUNEPÉ 24 (2%), BOCA DO ACRE 23 (2%), BORBA 23 (2%), BARREIRINHA 21 (2%), CODAJÁS 17 (2%) e NOVO AIRÃO 11 (1%), no TOTAL 1.100 (100%). Gênero Masculino 537 (49%), Feminino 563 (51%) no TOTAL 1.100 (100%).  Faixa etária De 16 a 20 anos 105 (10%), De 21 a 34 anos 402 (37%), De 35 a 44 anos 241 (22%), De 45 a 59 anos 224 (20%), Igual ou superior a 60 anos 128 (12%), no TOTAL 1.100 (100%). Em Manaus a Ponderação por zonas eleitorais será 1ª ZONA ELEITORAL 47 (7%), 2ª ZONA ELEITORAL 42 (6%), 31ª ZONA ELEITORAL 38 (6%), 32ª ZONA ELEITORAL 57 (9%), 37ª ZONA ELEITORAL 45 (7%), 40ª ZONA ELEITORAL 57 (9%), 58ª ZONA ELEITORAL 64 (10%), 59ª ZONA ELEITORAL 48 (7%), 62ª ZONA ELEITORAL 58 (9%), 63ª ZONA ELEITORAL 59 (9%), 65ª ZONA ELEITORAL 46 (7%), 68ª ZONA ELEITORAL 39 (6%) e 70ª ZONA ELEITORAL 50 (8%), no TOTAL de 649 (100%) TSE JULHO/2017.
";"O controle será exercido por meio de crítica de todos os questionários aplicados, (com a preocupação de avaliar todos os pesquisadores). Além destes procedimentos, serão realizadas análises na base de dados, por meio dos testes de consistência e normalidade da amostra, utilizando como ferramenta para esta finalidade o software Sphinx.  Em uma segunda etapa, após crítica dos dados, as variáveis correlatas serão cruzadas e os questionários que apresentarem incoerências ou anormalidade, segundo a distância de Mahalanobis, serão excluídos e substituídos por outros coletados como excedente ou reposição de cotas. ";"Dados relativos aos municípios e bairros abrangidos pela pesquisa. Na ausência de delimitação do bairro, será identificada a área em que foi realizada a pesquisa (conforme Capítulo I, do art. 2º. § 5º da Resolução-TSE nº. 23.453/2015, o pedido de registro será complementado pela entrega destes dados ao Tribunal Eleitoral em um prazo de até 24 horas, contado da divulgação do respectivo resultado): 
Atendendo às exigências do Capítulo I, do art. 2º. § 5º da Resolução-TSE nº. 23.400/2013, indicam-se as zonas a serem exploradas na pesquisa, sendo que em, até 24 horas após a divulgação de resultados, serão enviados os dados referentes aos respectivos bairros. A distribuição conforme proporção estimada de votos válidos com base na última eleição para governador do Amazonas em 2014, para MANAUS 649 (59%); PARINTINS 74 (7%), ITACOATIARA 73 (7%), MANACAPURU 72 (7%), TEFÉ 45 (4%), TABATINGA 35 (3%), HUMAITÁ 33 (3%), EIRUNEPÉ 24 (2%), BOCA DO ACRE 23 (2%), BORBA 23 (2%), BARREIRINHA 21 (2%), CODAJÁS 17 (2%) e NOVO AIRÃO 11 (1%), no TOTAL 1.100 (100%). Gênero Masculino 537 (49%), Feminino 563 (51%) no TOTAL 1.100 (100%).  Faixa etária De 16 a 20 anos 105 (10%), De 21 a 34 anos 402 (37%), De 35 a 44 anos 241 (22%), De 45 a 59 anos 224 (20%), Igual ou superior a 60 anos 128 (12%), no TOTAL 1.100 (100%). Em Manaus a Ponderação por zonas eleitorais será 1ª ZONA ELEITORAL 47 (7%), 2ª ZONA ELEITORAL 42 (6%), 31ª ZONA ELEITORAL 38 (6%), 32ª ZONA ELEITORAL 57 (9%), 37ª ZONA ELEITORAL 45 (7%), 40ª ZONA ELEITORAL 57 (9%), 58ª ZONA ELEITORAL 64 (10%), 59ª ZONA ELEITORAL 48 (7%), 62ª ZONA ELEITORAL 58 (9%), 63ª ZONA ELEITORAL 59 (9%), 65ª ZONA ELEITORAL 46 (7%), 68ª ZONA ELEITORAL 39 (6%) e 70ª ZONA ELEITORAL 50 (8%), no TOTAL de 649 (100%) TSE JULHO/2017.
"
"27/02/2023";"15:36:19";2014;4;"Eleições Gerais Suplementares 2014";"AM";"AM";"AMAZONAS";"AM007152014";"2017-08-21 00:00:00";"S";"04816658000127";"EDITORA ANA CASSIA S.A.";"REDE DIARIO DE COMUNICACAO";"Governador";"2017-08-27 00:00:00";"2017-08-27 00:00:00";1500;"6586-AM";"José Raimundo Gomes Pereira";"26000,00";"A pesquisa será realizada diretamente nos locais de votação, no dia 27 de agosto de 2017. Os eleitores que já tenham votado serão argüidos em relação ao seu voto a uma escolha entre dois candidatos a Governador do Amazonas. A abrangência do trabalho estende-se aos diversos locais de votação referentes às treze zonas eleitorais do município de Manaus e em 10 zonas eleitorais no interior do estado. Utilizar-se-á a técnica de amostragem estratificada cujos estratos serão constituídos por essas treze zonas eleitorais e/ou zonas geográficas e as dez zonas eleitorais no interior do estado do Amazonas. Os eleitores nos locais de votação a serem entrevistados serão escolhidos por sorteio. Os entrevistados serão selecionados de acordo com uma amostragem aleatória simples sem reposição.
Serão entrevistados 1.000 (mil) eleitores na capital e 500(quinhentos) no interior do estado. O estudo será conduzido de modo que a margem de erro máxima seja de 2,5 pontos percentuais para mais ou para menos, com um intervalo de confiança a 95%.
	A população está definida como sendo o conjunto de eleitores com registro eleitoral no município de Manaus e no interior do estado e aptos a votar nas eleições de 2017. 
";"O método de seleção amostral utilizado foi da amostragem aleatória estratificada para proporções. Os estratos correspondentes foram definidos pelas respectivas zonas eleitorais, em um total vinte e três (23) em todo o estado do Amazonas. Em cada estrato é feito um processo de amostragem aleatória simples, o que implica em um sorteio aleatório de eleitores dentro de cada estrato. Isso garante uma representação adequada de outros estratos da população na amostra, definidos de acordo com outras variáveis, como sexo, idade, grau de instrução e nível econômico.";"	O trabalho de coleta das informações no campo será feito utilizando-se uma equipe composta de trinta e cinco (35) pesquisadores de campo e um coordenador geral da pesquisa de campo. A distribuição geográfica dos pesquisadores foi organizada de acordo com o plano amostral estabelecido.
	Para controle, verificação e conferência das informações coletadas, será obtida uma amostra aleatória simples de tamanho igual a 50 questionários. 
";"	As mil (1.000) entrevistas serão realizadas nos locais de votação das zonas eleitorais de Manaus (os bairros das zonas podem ser encontrados em http://www.tre-am.gov.br) e 500 entrevistas em 10 municípios do interior. 

	Nos municípios selecionados do interior do Estado Amazonas serão aplicados 500 (quinhentos) questionários, assim distribuídos por município:


BORBA: Nº de questionários a serem aplicados 26
		

CAREIRO DA VÁRZEA: Nº de questionários a serem aplicados 19



COARI: Nº de questionários a serem aplicados 62



IRANDUBA: Nº de questionários a serem aplicados 37




ITACOATIARA: Nº de questionários a serem aplicados 83



MANACAPURU: Nº de questionários a serem aplicados 82



HUMAITÁ: Nº de questionários a serem aplicados 37



PARINTINS: Nº de questionários a serem aplicados 84



RIO PRETO DA EVA: Nº de questionários a serem aplicados 19 



TEFÉ: Nº de questionários a serem aplicados 51
"
"27/02/2023";"15:36:19";2014;3;"Eleições Gerais 2014";"AM";"AM";"AMAZONAS";"AM000372014";"2014-09-07 00:00:00";"#NE";"03079221000195";"DMP DESIGN MARKETING E PROPAGANDA LTDA";"#NE";"Governador, Senador";"2014-09-26 00:00:00";"2014-10-02 00:00:00";2;"8940";"ERICO JANDER DA SILVA LOPES";"40000,00";"	A metodologia da pesquisa realizada pela DMP, é uma pesquisa quantitativa com utilização de questionário estruturado, e amostragem probabilística simples, com efetuação de entrevistas pessoais em pontos de fluxo populacional, tendo por universo o eleitorado de Manaus e 7 outros municípios do estado, obedecendo ao regime de quotas (base TSE de 2012/Censo 2010) por densidade eleitoral das regiões, sexo, idade, grau de instrução e nível econômico e com o número de entrevistas proporcionais ao número de eleitores do interior do Estado do Amazonas. Esta metodologia assegura a representatividade de todos os segmentos sociais da população em qualquer Estado, sendo incluídas na amostra as zonas geográficas descritas no questionário. ";" O plano Amostral segundo os itens exigidos por lei segue descritos: Universo – Eleitorado do Estado do Amazonas, com 16 anos ou mais na área urbana e em 7 municípios do interior do Estado do Amazonas selecionados de forma sistemática conforme características geográficas e com amostragem proporcional por bairro dentro de cada município. Amostragem, coeficiente de confiança, margem de erro: A pesquisa DMP vai entrevistar 2000 eleitores. A amostra garante a nível estadual uma margem de erro de 2,2% para um intervalo e confiança de 95%. As ponderações em relação a sexo, idade, grau de instrução e nível econômico, descritas nas perguntas 1 a 4 do questionário, serão realizadas para refletir estatisticamente a proporção do eleitorado consultado, conforme percentuais SEXO: TSE/JUNHO/2012 % Masculino 48,2 Feminino 51,8 FAIXA ETÁRIA: TSE/JUNHO/2012 % De 16 a 17 anos 2,0; De 18 a 24 anos 18; De 25 a 34 anos 28,5; De 35 a 44 anos 21,6; De 45 a 59 anos 19,8; Mais de 60 anos 9,8; GRAU DE INSTRUÇÃO: TSE/JUNHO2012: % Analfabeto / 1 ano ou menos de estudo 9,6; Ensino Fundamental (incompleto/completo) 42,1 Ensino Médio (incompleto/completo) 41,9 Superior (incompleto/completo) 6,4 - FAIXA DE RENDA: Até 724,00; De R$ 724,01 a R$2.172,00; De R$ 2.172,01 a R$ 3.620,00: Acima de R$ 3.620,00. ";" Sistema interno de controle, verificação, conferência e fiscalização da coleta de dados e do trabalho de campo é assim descrito: Durante o trabalho de campo são checadas as entrevistas (externa), internamente, os dados de diferentes questões são pré-processados e cruzados entre si, e também é feita a conferencia por meio de ligações telefônicas de 10% dos entrevistados sorteados de forma aleatória.
";"#NULO#"
"27/02/2023";"15:36:19";2014;3;"Eleições Gerais 2014";"AM";"AM";"AMAZONAS";"AM000432014";"2014-09-10 00:00:00";"#NE";"19423911000150";"Associação Amazonense de Gestão Ambiental da Amazonia - Jornal Novo Iranduba.";"#NE";"Governador, Senador, Deputado Federal, Deputado Estadual";"2014-09-13 00:00:00";"2014-09-18 00:00:00";2000;"19.423.911/0001-50";"Luiz Eduardo da Silva Braga";"5000,00";"Entrevista...";"Plano de amostragem aleatoria simples
Plano de amostragem aleatoria estratificada
Plano de amostragem aleatoria conglomerado
Plano por estágio multiplos
Plano de Amostragem Sistematica.";"sistema sociais e culturais";"Distrito de Cacau Pirêra => Sede do Municipio => Distrito do Lago do Lima => Distrito do Ariau => Distrito do Janauary..."
"27/02/2023";"15:36:19";2014;3;"Eleições Gerais 2014";"AM";"AM";"AMAZONAS";"AM000472014";"2014-09-16 00:00:00";"#NE";"03079221000195";"DMP DESIGN MARKETING E PROPAGANDA LTDA";"#NE";"Governador, Senador, Deputado Federal";"2014-09-25 00:00:00";"2014-10-02 00:00:00";2000;"8940";"ERICO JANDER DA SILVA LOPES";"40000,00";"	A metodologia da pesquisa realizada pela DMP, é uma pesquisa quantitativa com utilização de questionário estruturado, e amostragem probabilística simples, com efetuação de entrevistas pessoais em pontos de fluxo populacional, tendo por universo o eleitorado de Manaus e 8 outros municípios do estado, obedecendo ao regime de quotas (base TSE de 2012/Censo 2010) por densidade eleitoral das regiões, sexo, idade, grau de instrução e nível econômico e com o número de entrevistas proporcionais ao número de eleitores do interior do Estado do Amazonas. Esta metodologia assegura a representatividade de todos os segmentos sociais da população em qualquer Estado, sendo incluídas na amostra as zonas geográficas descritas no questionário.";" O plano Amostral segundo os itens exigidos por lei segue descritos: Universo – Eleitorado do Estado do Amazonas, com 16 anos ou mais na área urbana e em 7 municípios do interior do Estado do Amazonas selecionados de forma sistemática conforme características geográficas e com amostragem proporcional por bairro dentro de cada município. Amostragem, coeficiente de confiança, margem de erro: A pesquisa DMP vai entrevistar 2000 eleitores. A amostra garante a nível estadual uma margem de erro de 2,2% para um intervalo e confiança de 95%. As ponderações em relação a sexo, idade, grau de instrução e nível econômico, descritas nas perguntas 1 a 4 do questionário, serão realizadas para refletir estatisticamente a proporção do eleitorado consultado, conforme percentuais SEXO: TSE/JUNHO/2012 % Masculino 48,2 Feminino 51,8 FAIXA ETÁRIA: TSE/JUNHO/2012 % De 16 a 17 anos 2,0; De 18 a 24 anos 18; De 25 a 34 anos 28,5; De 35 a 44 anos 21,6; De 45 a 59 anos 19,8; Mais de 60 anos 9,8; GRAU DE INSTRUÇÃO: TSE/JUNHO2012: % Analfabeto / 1 ano ou menos de estudo 9,6; Ensino Fundamental (incompleto/completo) 42,1 Ensino Médio (incompleto/completo) 41,9 Superior (incompleto/completo) 6,4 - FAIXA DE RENDA: Até 724,00; De R$ 724,01 a R$2.172,00; De R$ 2.172,01 a R$ 3.620,00: Acima de R$ 3.620,00. ";"	Sistema interno de controle, verificação, conferência e fiscalização da coleta de dados e do trabalho de campo é assim descrito: Durante o trabalho de campo são checadas as entrevistas (externa), internamente, os dados de diferentes questões são pré-processados e cruzados entre si, e também é feita a conferencia por meio de ligações telefônicas de 10% dos entrevistados sorteados de forma aleatória.
";"#NULO#"
"27/02/2023";"15:36:19";2014;3;"Eleições Gerais 2014";"AM";"AM";"AMAZONAS";"AM000182014";"2014-07-18 00:00:00";"#NE";"03079221000195";"DMP DESIGN MARKETING E PROPAGANDA LTDA";"#NE";"Governador, Senador";"2014-07-20 00:00:00";"2014-07-27 00:00:00";2000;"8940";"ERICO JANDER DA SILVA LOPES";"40000,00";"A metodologia da pesquisa realizada pela DMP, é uma pesquisa quantitativa com utilização de questionário estruturado, e amostragem probabilística simples, com efetuação de entrevistas pessoais em pontos de fluxo populacional, tendo por universo o eleitorado de Manaus e 7 outros municípios do estado, obedecendo ao regime de quotas (base TSE de 2012/Censo 2010) por densidade eleitoral das regiões, sexo, idade, grau de instrução e nível econômico e com o número de entrevistas proporcionais ao número de eleitores do interior do Estado do Amazonas. Esta metodologia assegura a representatividade de todos os segmentos sociais da população em qualquer Estado, sendo incluídas na amostra as zonas geográficas descritas no questionário. ";"O plano Amostral segundo os itens exigidos por lei segue descritos: Universo – Eleitorado do Estado do Amazonas, com 16 anos ou mais na área urbana e em 7 municípios do interior do Estado do Amazonas selecionados de forma sistemática conforme características geográficas e com amostragem proporcional por bairro dentro de cada município. Amostragem, coeficiente de confiança, margem de erro: A pesquisa DMP vai entrevistar 2000 eleitores. A amostra garante a nível estadual uma margem de erro de 2,2% para um intervalo e confiança de 95%. As ponderações em relação a sexo, idade, grau de instrução e nível econômico, descritas nas perguntas 1 a 4 do questionário, serão realizadas para refletir estatisticamente a proporção do eleitorado consultado, conforme percentuais SEXO: TSE/JUNHO/2012 % Masculino 48,2 Feminino 51,8 FAIXA ETÁRIA: TSE/JUNHO/2012 % De 16 a 17 anos 2,0; De 18 a 24 anos 18; De 25 a 34 anos 28,5; De 35 a 44 anos 21,6; De 45 a 59 anos 19,8; Mais de 60 anos 9,8; GRAU DE INSTRUÇÃO: TSE/JUNHO2012: % Analfabeto / 1 ano ou menos de estudo 9,6; Ensino Fundamental (incompleto/completo) 42,1 Ensino Médio (incompleto/completo) 41,9 Superior (incompleto/completo) 6,4 - FAIXA DE RENDA: CENSO/2010 % Até 622,00 62,0; De R$ 622,01 a R$1.244,00 20,0; De R$ 1.244,01 a R$ 1.866,00 6,6: De R$ 1.866,01 a R$ 3.110,00 5,2 Acima de R$ 3.110,01 6,2 ";"Sistema interno de controle, verificação, conferência e fiscalização da coleta de dados e do trabalho de campo é assim descrito: Durante o trabalho de campo são checadas as entrevistas (externa), internamente, os dados de diferentes questões são pré-processados e cruzados entre si, e também é feita a conferencia por meio de ligações telefônicas de 10% dos entrevistados sorteados de forma aleatória. ";"#NULO#"
"27/02/2023";"15:36:19";2014;3;"Eleições Gerais 2014";"AM";"AM";"AMAZONAS";"AM000232014";"2014-08-01 00:00:00";"#NE";"84480946000192";"D M Duarte";"#NE";"Governador, Senador";"2014-08-20 00:00:00";"2014-08-28 00:00:00";2000;"8332";"ÉZIO LACERDA LOPES";"30000,00";"Pesquisa do tipo quantitativo, por amostragem, com aplicação de questionário estruturado com uso de um smarth phone e abordagem pessoal em pontos de fluxo em todas as cidades selecionadas para compor a amostra.";"a. Público pesquisado: eleitores residentes e domiciliados na área urbana de 13 municípios do Estado do Amazonas.
b. Tipo de amostra: aleatória em locais de grande fluxo de pessoas, com utilização de variáveis “sexo” e “idade” com cotas proporcionais ao universo pesquisado, tendo como base de cálculo os dados do TRE/AM-2014, e as variáveis “escolaridade”, “religião” e “renda familiar” como complemento da análise, não se aplicando, nesse caso, nenhum tipo de ponderada.
c. Ponderação: a pesquisa possui ponderação igual a 1 (um) para as variáveis “sexo” e “idade” devido à metodologia adotada (autoponderada). Para as variáveis “grau de escolaridade”, “religião” e “renda familiar” não se aplicará nenhuma ponderação devido aos dados secundários existentes do Estado do Amazonas serem totalmente desatualizados.
d. Intervalo de confiança / Margem de erro: a margem de erro máxima estimada é de 2,2%, para mais ou para menos, com um grau de confiabilidade de 95%. Isso significa que se fossem feitas 100 entrevistas com a mesma metodologia, 95 estariam dentro da margem de erro prevista.
";"Após a coleta de dados é realizada uma fiscalização, na base de dados coletada. O software grava as respostas dos entrevistados na parte das variáveis de controle e georeferencia o local exato da entrevista. Em caso de dúvida na consolidação dos dados ocorrerá através de contato telefônico uma checagem de 10% a 20% das entrevistas aplicadas.";"A pesquisa será realizada na seguinte proporção: Benjamin Constant 41 (quarenta e um); Coari 101 (cento e um); Eirunepé 44 (quarenta e quatro); Humaitá 58 (cinquenta e oito); Iranduba 44 (quarenta e quatro), Itacoatiara 116 (cento e dezesseis); Lábrea 49 (quarenta e nove); Manacapuru 104 (cento e quatro); Parintins 140 (cento e quarenta); São Gabriel da Cachoeira 59 (cinquenta e nove); Tabatinga 62 (sessenta e dois); e, Tefé 82 (oitenta e dois). Em Manaus, especificamente, a pesquisa será realizada nas seis zonas administrativas da cidade, que compreendem os seguintes bairros (oficiais), com a quantidade de entrevistados entre parênteses: ZONA CENTRO-OESTE: Alvorada (40 entrevistas), da Paz (09 entrevistas), Dom Pedro (11 entrevistas), Planalto (11 entrevistas) e Redenção (21 entrevistas); ZONA CENTRO-SUL: Chapada (08 entrevistas), Flores (33 entrevistas), Nossa Senhora das Graças (11 entrevistas), Parque 10 de Novembro (28 entrevistas) e Aleixo (13 entrevistas); ZONA LESTE: Armando Mendes (17 entrevistas), Colônia Antônio Aleixo (11 entrevistas), Coroado (32 entrevistas), Jorge Teixeira (71 entrevistas), Mauazinho (15 entrevistas), São José Operário (41 entrevistas), Tancredo Neves (31 entrevistas), Gilberto Mestrinho (35 entrevistas), e Zumbi dos Palmares (22 entrevistas); ZONA NORTE: Cidade Nova (76 entrevistas), Colônia Santo Antônio (11 entrevistas), Monte das Oliveiras (25 entrevistas), Novo Israel (10 entrevistas), Santa Etelvina (16 entrevistas), Novo Aleixo (60 entrevistas), Cidade de Deus (44 entrevistas), Nova Cidade (47 entrevistas), e Colônia Terra Nova (19 entrevistas); ZONA OESTE: Compensa (49 entrevistas), Lírio do Vale (13 entrevistas), Nova Esperança (12 entrevistas), Santo Agostinho (11 entrevistas), Santo Antônio (13 entrevistas), São Jorge (15 entrevistas), São Raimundo (09 entrevistas), Vila da Prata (07 entrevistas), Tarumã (19 entrevistas) e Tarumã-Açu (08 entrevistas); ZONA SUL: Betânia (08 entrevistas), Cachoeirinha (12 entrevistas), Centro (22 entrevistas), Crespo (11 entrevistas), Educandos (11 entrevistas), Japiim (37 entrevistas), Morro da Liberdade (08 entrevistas), Petrópolis (29 entrevistas), Praça 14 de Janeiro (07 entrevistas), Raiz (11 entrevistas), São Francisco (12 entrevistas) e São Lázaro (08 entrevistas). OBS: os bairros Adrianópolis, São Geraldo, Puraquequara, Distrito Industrial II, Lago Azul, Glória, Ponta Negra, Colônia Oliveira Machado, Nossa Senhora de Aparecida, Santa Luzia, Presidente Vargas, Distrito Industrial I e Vila Buriti não atingem proporcionalmente o número mínimo de entrevistas para levantamento de dados."
"27/02/2023";"15:36:19";2014;3;"Eleições Gerais 2014";"AM";"AM";"AMAZONAS";"AM000242014";"2014-08-01 00:00:00";"#NE";"84480946000192";"D M Duarte";"#NE";"Governador, Senador";"2014-08-30 00:00:00";"2014-09-06 00:00:00";2000;"8332";"ÉZIO LACERDA LOPES";"30000,00";"Pesquisa do tipo quantitativo, por amostragem, com aplicação de questionário estruturado com uso de um smarth phone e abordagem pessoal em pontos de fluxo em todas as cidades selecionadas para compor a amostra.";"a. Público pesquisado: eleitores residentes e domiciliados na área urbana de 13 municípios do Estado do Amazonas.
b. Tipo de amostra: aleatória em locais de grande fluxo de pessoas, com utilização de variáveis “sexo” e “idade” com cotas proporcionais ao universo pesquisado, tendo como base de cálculo os dados do TRE/AM-2014, e as variáveis “escolaridade”, “religião” e “renda familiar” como complemento da análise, não se aplicando, nesse caso, nenhum tipo de ponderada.
c. Ponderação: a pesquisa possui ponderação igual a 1 (um) para as variáveis “sexo” e “idade” devido à metodologia adotada (autoponderada). Para as variáveis “grau de escolaridade”, “religião” e “renda familiar” não se aplicará nenhuma ponderação devido aos dados secundários existentes do Estado do Amazonas serem totalmente desatualizados.
d. Intervalo de confiança / Margem de erro: a margem de erro máxima estimada é de 2,2%, para mais ou para menos, com um grau de confiabilidade de 95%. Isso significa que se fossem feitas 100 entrevistas com a mesma metodologia, 95 estariam dentro da margem de erro prevista.
";"Após a coleta de dados é realizada uma fiscalização, na base de dados coletada. O software grava as respostas dos entrevistados na parte das variáveis de controle e georeferencia o local exato da entrevista. Em caso de dúvida na consolidação dos dados ocorrerá através de contato telefônico uma checagem de 10% a 20% das entrevistas aplicadas.";"A pesquisa será realizada na seguinte proporção: Benjamin Constant 41 (quarenta e um); Coari 101 (cento e um); Eirunepé 44 (quarenta e quatro); Humaitá 58 (cinquenta e oito); Iranduba 44 (quarenta e quatro), Itacoatiara 116 (cento e dezesseis); Lábrea 49 (quarenta e nove); Manacapuru 104 (cento e quatro); Parintins 140 (cento e quarenta); São Gabriel da Cachoeira 59 (cinquenta e nove); Tabatinga 62 (sessenta e dois); e, Tefé 82 (oitenta e dois). Em Manaus, especificamente, a pesquisa será realizada nas seis zonas administrativas da cidade, que compreendem os seguintes bairros (oficiais), com a quantidade de entrevistados entre parênteses: ZONA CENTRO-OESTE: Alvorada (40 entrevistas), da Paz (09 entrevistas), Dom Pedro (11 entrevistas), Planalto (11 entrevistas) e Redenção (21 entrevistas); ZONA CENTRO-SUL: Chapada (08 entrevistas), Flores (33 entrevistas), Nossa Senhora das Graças (11 entrevistas), Parque 10 de Novembro (28 entrevistas) e Aleixo (13 entrevistas); ZONA LESTE: Armando Mendes (17 entrevistas), Colônia Antônio Aleixo (11 entrevistas), Coroado (32 entrevistas), Jorge Teixeira (71 entrevistas), Mauazinho (15 entrevistas), São José Operário (41 entrevistas), Tancredo Neves (31 entrevistas), Gilberto Mestrinho (35 entrevistas), e Zumbi dos Palmares (22 entrevistas); ZONA NORTE: Cidade Nova (76 entrevistas), Colônia Santo Antônio (11 entrevistas), Monte das Oliveiras (25 entrevistas), Novo Israel (10 entrevistas), Santa Etelvina (16 entrevistas), Novo Aleixo (60 entrevistas), Cidade de Deus (44 entrevistas), Nova Cidade (47 entrevistas), e Colônia Terra Nova (19 entrevistas); ZONA OESTE: Compensa (49 entrevistas), Lírio do Vale (13 entrevistas), Nova Esperança (12 entrevistas), Santo Agostinho (11 entrevistas), Santo Antônio (13 entrevistas), São Jorge (15 entrevistas), São Raimundo (09 entrevistas), Vila da Prata (07 entrevistas), Tarumã (19 entrevistas) e Tarumã-Açu (08 entrevistas); ZONA SUL: Betânia (08 entrevistas), Cachoeirinha (12 entrevistas), Centro (22 entrevistas), Crespo (11 entrevistas), Educandos (11 entrevistas), Japiim (37 entrevistas), Morro da Liberdade (08 entrevistas), Petrópolis (29 entrevistas), Praça 14 de Janeiro (07 entrevistas), Raiz (11 entrevistas), São Francisco (12 entrevistas) e São Lázaro (08 entrevistas). OBS: os bairros Adrianópolis, São Geraldo, Puraquequara, Distrito Industrial II, Lago Azul, Glória, Ponta Negra, Colônia Oliveira Machado, Nossa Senhora de Aparecida, Santa Luzia, Presidente Vargas, Distrito Industrial I e Vila Buriti não atingem proporcionalmente o número mínimo de entrevistas para levantamento de dados."
"27/02/2023";"15:36:19";2014;3;"Eleições Gerais 2014";"AM";"AM";"AMAZONAS";"AM000202014";"2014-07-28 00:00:00";"#NE";"84480946000192";"D M Duarte";"#NE";"Governador, Senador";"2014-07-28 00:00:00";"2014-08-05 00:00:00";2000;"8.332";"Ézio Lacerda Lopes";"48000,00";"Pesquisa do tipo quantitativo, por amostragem, com aplicação de questionário estruturado com uso de um smarth phone e abordagem pessoal em pontos de fluxo em todas as cidades selecionadas para compor a amostra.";"a. Público pesquisado: eleitores residentes e domiciliados na área urbana de 13 municípios do Estado do Amazonas.
b. Tipo de amostra: aleatória em locais de grande fluxo de pessoas, com utilização de variáveis “sexo” e “idade” com cotas proporcionais ao universo pesquisado, tendo como base de cálculo os dados do TRE/AM-2014, e as variáveis “escolaridade”, “religião” e “renda familiar” como complemento da análise, não se aplicando, nesse caso, nenhum tipo de ponderada.
c. Ponderação: a pesquisa possui ponderação igual a 1 (um) para as variáveis “sexo” e “idade” devido à metodologia adotada (autoponderada). Para as variáveis “grau de escolaridade”, “religião” e “renda familiar” não se aplicará nenhuma ponderação devido aos dados secundários existentes do Estado do Amazonas serem totalmente desatualizados.
d. Intervalo de confiança / Margem de erro: a margem de erro máxima estimada é de 2,2%, para mais ou para menos, com um grau de confiabilidade de 95%. Isso significa que se fossem feitas 100 entrevistas com a mesma metodologia, 95 estariam dentro da margem de erro prevista.";"Após a coleta de dados é realizada uma fiscalização, na base de dados coletada. O software grava as respostas dos entrevistados na parte das variáveis de controle e georeferencia o local exato da entrevista. Em caso de dúvida na consolidação dos dados ocorrerá através de contato telefônico uma checagem de 10% a 20% das entrevistas aplicadas.";"A pesquisa será realizada na seguinte proporção: Benjamin Constant 41 (quarenta e um); Coari 101 (cento e um); Eirunepé 44 (quarenta e quatro); Humaitá 58 (cinquenta e oito); Iranduba 44 (quarenta e quatro), Itacoatiara 116 (cento e dezesseis); Lábrea 49 (quarenta e nove); Manacapuru 104 (cento e quatro); Parintins 140 (cento e quarenta); São Gabriel da Cachoeira 59 (cinquenta e nove); Tabatinga 62 (sessenta e dois); e, Tefé 82 (oitenta e dois). Em Manaus, especificamente, a pesquisa será realizada nas seis zonas administrativas da cidade, que compreendem os seguintes bairros (oficiais), com a quantidade de entrevistados entre parênteses: ZONA CENTRO-OESTE: Alvorada (40 entrevistas), da Paz (09 entrevistas), Dom Pedro (11 entrevistas), Planalto (11 entrevistas) e Redenção (21 entrevistas); ZONA CENTRO-SUL: Chapada (08 entrevistas), Flores (33 entrevistas), Nossa Senhora das Graças (11 entrevistas), Parque 10 de Novembro (28 entrevistas) e Aleixo (13 entrevistas); ZONA LESTE: Armando Mendes (17 entrevistas), Colônia Antônio Aleixo (11 entrevistas), Coroado (32 entrevistas), Jorge Teixeira (71 entrevistas), Mauazinho (15 entrevistas), São José Operário (41 entrevistas), Tancredo Neves (31 entrevistas), Gilberto Mestrinho (35 entrevistas), e Zumbi dos Palmares (22 entrevistas); ZONA NORTE: Cidade Nova (76 entrevistas), Colônia Santo Antônio (11 entrevistas), Monte das Oliveiras (25 entrevistas), Novo Israel (10 entrevistas), Santa Etelvina (16 entrevistas), Novo Aleixo (60 entrevistas), Cidade de Deus (44 entrevistas), Nova Cidade (47 entrevistas), e Colônia Terra Nova (19 entrevistas); ZONA OESTE: Compensa (49 entrevistas), Lírio do Vale (13 entrevistas), Nova Esperança (12 entrevistas), Santo Agostinho (11 entrevistas), Santo Antônio (13 entrevistas), São Jorge (15 entrevistas), São Raimundo (09 entrevistas), Vila da Prata (07 entrevistas), Tarumã (19 entrevistas) e Tarumã-Açu (08 entrevistas); ZONA SUL: Betânia (08 entrevistas), Cachoeirinha (12 entrevistas), Centro (22 entrevistas), Crespo (11 entrevistas), Educandos (11 entrevistas), Japiim (37 entrevistas), Morro da Liberdade (08 entrevistas), Petrópolis (29 entrevistas), Praça 14 de Janeiro (07 entrevistas), Raiz (11 entrevistas), São Francisco (12 entrevistas) e São Lázaro (08 entrevistas). OBS: os bairros Adrianópolis, São Geraldo, Puraquequara, Distrito Industrial II, Lago Azul, Glória, Ponta Negra, Colônia Oliveira Machado, Nossa Senhora de Aparecida, Santa Luzia, Presidente Vargas, Distrito Industrial I e Vila Buriti não atingem proporcionalmente o número mínimo de entrevistas para levantamento de dados."
"27/02/2023";"15:36:19";2014;3;"Eleições Gerais 2014";"AM";"AM";"AMAZONAS";"AM000292014";"2014-08-08 00:00:00";"#NE";"04942645000102";"J.J. Coelho ";"#NE";"Governador, Senador, Deputado Federal, Deputado Estadual";"2014-08-10 00:00:00";"2014-08-15 00:00:00";1533;"7655-A";"AUGUSTO SILVA ROCHA";"12000,00";" METODOLOGIA  UTILIZADOS NO DESENVOLVIMENTO DESTA SONDAGEM 1ª Pesquisa/2014 Abrangência (17) dezessete municípios. Manaus, Guajará, Canutama, Humaitá, Lábrea, Autazes, Manicoré, Borba, Novo Aripuanã, Presidente Figueiredo, Iranduba, Itaquatiara, Rio Preto da Eva, Nova Olinda do Norte, Manacapuru, Anamâ, Careiro, objetivo principal desta pesquisa é identificar a intenção de voto para governo e senado, Estimulada na majoritária deputado federal, e estadual, na eleição proporcional no Estado do amazonas  averiguando as devidas tendências MÉTODO: PROBABILIÍSTICO ESTRATIFICADO COM SORTEIO DE MULTIPLAS ESTÁGIOS . Por tratar-se de um estudo de natureza descritiva, com característica de um publico conhecido, desenvolvemos um método direto de investigação, através da amostragem probabilística. Assim nos dezessete  municípios, aplicamos um percentual pré-definido nas proporções do universo dos eleitores, baseando-se também nos percentuais eleitorais para cada região, de acordo com as tabelas apresentadas. O critério de seleção obedece as informações e dados do TRE e IBGE. As entrevistas serão na quase totalidade efetuadas nos domicílios dos eleitores, após a certificação de que os mesmos votam no Estado e se dispõem a responderem as perguntas apresentada. Selecionamos (17) dos (62) municípios, entre eles estão os grandes colégios eleitorais de cada região afim de que possamos ter a representatividade necessária, que no cálculo aplicado está na faixa acima de 80,0% de abrangência do contingente eleitoral de todo o Estado. Aproximadamente 4/5 dos votos Para atingirmos os propósitos deste estudo utilizamos a técnica de pesquisa por amostragem, que reside na apreensão sistemática e extensiva das opiniões dos indivíduos inseridos no universo e que integram a realidade a ser investigada. A validade deste tipo de pesquisa está na possibilidade de se aferir à intensidade de tendências, permitindo a sua quantificação e qualificação. O instrumento de consulta e coleta de dados utilizados será um formulário de questionamento misto, contendo algumas perguntas estimuladas (optativas) e outras semi-a bertas de caráter mais informativo, este último tipo de questão permite que se evite indução da resposta, assim, como possibilita que se tenha conhecimento dos quadros de referência dos entrevistados. Com isso, obtêm-se também posições qualitativas das opiniões coletadas e que permitem aos interessados: Traçar perfis, avaliar gestões e serviço; identificação e desempenho das ações em estudo, pelo cruzamento das respostas obtidas. O universo da pesquisa será constituído pelos eleitores do estado de ambos os sexos e faixa etária definida a partir dos 16 anos, integrantes de todas as camadas sócio-econômicas, sem distinção de raça, cor, crenças, naturalidade ou costumes. Para garantir a confiabilidade dos resultados, colocamos em campo agentes de instrução nível médio, treinados para o fim específico, supervisionados por chefe de equipe que exigirão, acima de tudo neutralidade nos dados apreendidos. O trabalho terá a duração de seis dias, período de 10 a /15/ do/08 /2014 na totalidade dos municípios, escolhidos e demarcados de acordo com o cronograma, e mais (01) dias ininterrupto, será empregado na tarefa de revisão, processamento e tabulação geral, dos (1,533) questionários, finalizando com a publicação dos dados, salvo assim algum acidente de percurso, justificável que possa naturalmente retardar a coleta de campo. Quanto a estratificação das quotas, consiste em si determinar o bairro ou setores por sorteio, determinando a quantidade de entrevistas para cada período diário  e o percentual por faixas e sexo, tornando assim a amostragem em equiprobabilística. EQUIPE: Um grupo de (08) agentes pesquisadores realizarão a coleta de dados em campo, nos bairros e localidades sorteadas, dentre os limites do Estado, coletando assim as entrevistas que venha a compor a amostragem prevista. ";" (PLANO AMOSTRAL E PONDERAÇÃO) Quanto a sexo, idade, grau de instrução e nível econômico do entrevistado, margem de erro e nível de confiança: Este plano foi elaborado com base no contingente populacional pautados diretamente no eleitorado do estado, por tratar-se de um levantamento exclusivo de intenção de voto, com vistas à eleição vindoura. Desta forma, baseado nos dados estatísticos do IBGE e TRE selecionamos entre os  municípios, as quotas com o perfil das pessoas a serem entrevistado como poderá ser observado na tabela de estratificação. Por outro lado, adequamos a escolha dos municípios dentro da proporcionalidade populacional de cada Região, geograficamente delimitado, como também poderá ser visto. A Capita Manaus por seu peso populacional, no contexto do estado foi cotada com 54,4% da amostragem perfazendo assim (834) amostras que serão efetivadas em aproximadamente (50) Bairros, obedecendo as quotas das seis regiões urbanas mapeadas. As demais amostras serão divididas equitativamente nos demais dezesseis municípios escolhidos(vide relação) em suma, 36,8% das Regiões foram contempladas conforme  devida densidade eleitoral, do interior mantendo- se assim a proporção no peso amostral de cada unidade. Assim, a sondagem foi produzida pelos questionamentos feitos à base de entrevistas individuais, em variados municípios e bairros mapeado, tendo como universo da pesquisa, o contingente de eleitores do Estado, dos quais foram retiradas as amostras representativas, obedecendo os critérios acima exposto. O Intervalo de confiança é de 96%, o que significa dizer que em 100 trabalho desta natureza, somente (04) poderão apresentar uma variação fora do previsto. Margem de erro: para mais ou menos 2,83%(conforme declaração do estatístico responsável) ";" (PLANO AMOSTRAL E PONDERAÇÃO) Quanto a sexo, idade, grau de instrução e nível econômico do entrevistado, margem de erro e nível de confiança: Este plano foi elaborado com base no contingente populacional pautados diretamente no eleitorado do estado, por tratar-se de um levantamento exclusivo de intenção de voto, com vistas à eleição vindoura. Desta forma, baseado nos dados estatísticos do IBGE e TRE selecionamos entre os  municípios, as quotas com o perfil das pessoas a serem entrevistado como poderá ser observado na tabela de estratificação. Por outro lado, adequamos a escolha dos municípios dentro da proporcionalidade populacional de cada Região, geograficamente delimitado, como também poderá ser visto. A Capita Manaus por seu peso populacional, no contexto do estado foi cotada com 54,4% da amostragem perfazendo assim (834) amostras que serão efetivadas em aproximadamente (50) Bairros, obedecendo as quotas das seis regiões urbanas mapeadas. As demais amostras serão divididas equitativamente nos demais dezesseis municípios escolhidos(vide relação) em suma, 36,8% das Regiões foram contempladas conforme  devida densidade eleitoral, do interior mantendo- se assim a proporção no peso amostral de cada unidade. Assim, a sondagem foi produzida pelos questionamentos feitos à base de entrevistas individuais, em variados municípios e bairros mapeado, tendo como universo da pesquisa, o contingente de eleitores do Estado, dos quais foram retiradas as amostras representativas, obedecendo os critérios acima exposto. O Intervalo de confiança é de 96%, o que significa dizer que em 100 trabalho desta natureza, somente (04) poderão apresentar uma variação fora do previsto. Margem de erro: para mais ou menos 2,83%(conforme declaração do estatístico responsável) ";"OBS. OS BAIRROS SEGUE POSTERIORMENTE "
"27/02/2023";"15:36:19";2014;3;"Eleições Gerais 2014";"AM";"AM";"AMAZONAS";"AM000452014";"2014-09-11 00:00:00";"#NE";"04816658000127";"EDITORA ANA CASSIA LTDA";"#NE";"Governador, Senador, Deputado Federal";"2014-09-03 00:00:00";"2014-09-07 00:00:00";1084;"7619";"SYLAVANA FATIMA BARBOSA CABRAL";"23208,50";"A pesquisa foi realizada no período de 03 a 07 de setembro de 2014, envolvendo diversos bairros localizados nas 13 (treze) zonas eleitorais do município de Manaus e 11 (onze) zonas eleitorais no interior do estado do Amazonas (a definição das zonas pode ser encontrada em http://www.tre-am.gov.br). Foram entrevistados 1.066 (hum mil e sessenta e seis) eleitores entre a capital e o interior. O estudo foi conduzido de modo que a margem de erro máxima seja de 3,0 pontos percentuais para mais ou para menos, com um intervalo de confiança a 95%, conforme Bussab & Morettin (2004), página 307. 
	A população está definida como sendo o conjunto de eleitores com registro eleitoral no município de Manaus e nos municípios do interior do Amazonas e aptos a votar nas eleições de 2014. 
O levantamento foi domiciliar, sendo entrevistado um único eleitor por domicílio. Os domicílios serão escolhidos através de sorteio, tendo todos iguais chances de fazer parte da amostra.  Somente serão entrevistados eleitores cujo domicílio está em um bairro que faz parte de sua zona eleitoral e que estejam aptos a votar nas eleições 2014, com sua situação devidamente regularizada no TRE.
O método de seleção amostral a ser utilizado será a amostragem aleatória estratificada para proporções (Bolfarine & Bussab, 2005, página 110). Os estratos correspondentes são definidos pelas respectivas zonas eleitorais, em um total de 13 (treze) na capital e 11 (onze) no interior do estado.. Em cada estrato é feito um processo de amostragem aleatória simples, o que implica em um sorteio aleatório de eleitores dentro de cada estrato. Isso garante uma representação adequada de outros estratos da população na amostra, definidos de acordo com outras variáveis, como sexo, idade, grau de instrução e nível econômico.  É importante observar que, em caso de um procedimento completamente aleatorizado e com grande tamanho amostral como este, as proporções amostrais das categorias de cada variável dentro dos estratos são praticamente reproduzidas no resultado final do estudo. Por exemplo, a proporção na amostra de pessoas do sexo feminino tende a ser próxima da proporção populacional de eleitoras. Tais afirmações são baseadas em um resultado clássico da teoria das probabilidades denominado “Lei dos Grandes Números”, ver Bussab & Morettin (2004), página 319. Isso garante uma ponderação adequada em relação a estas variáveis.
";"O método de seleção amostral a ser utilizado será a amostragem aleatória estratificada para proporções (Bolfarine & Bussab, 2005, página 110). Os estratos correspondentes são definidos pelas respectivas zonas eleitorais, em um total de vinte e quatro (24) - treze (13) na capital e onze (11) no interior do estado. Em cada estrato é feito um processo de amostragem aleatória simples, o que implica em um sorteio aleatório de eleitores dentro de cada estrato. Isso garante uma representação adequada de outros estratos da população na amostra, definidos de acordo com outras variáveis, como sexo, idade, grau de instrução e nível econômico.";"O trabalho de coleta das informações no campo será feito utilizando-se uma equipe composta de vinte e três (23) pesquisadores e sete (7) supervisores de campo. O deslocamento da equipe até os locais de coleta da informação será feito através de cinco (5) automóveis, barco ajato, ônibus intermunicipal, moto táxi e avião. A distribuição geográfica dos pesquisadores será organizada pelos respectivos supervisores de acordo com o plano amostral estabelecido.

";"Parte dos hum mil e oitenta e quatro (1.084) questionários foram aplicados nos bairros das treze (13) zonas eleitorais de Manaus do TRE (os bairros das zonas podem ser encontrados em http://www.tre-am.gov.br). A criação e a divisão dos bairros da cidade de Manaus podem ser encontradas em http://www.manaus.am.gov.br. Nos onze (11) municípios visitados as entrevistas ocorreram nos bairros correspondentes as suas respectivas zonas eleitorais de acordo com as informações do TRE.
Foram aplicados seiscentos e trinta e cinco (635) questionários nas treze zonas eleitorais da capital do estado, Outros quatrocentos e quarenta nove (449) foram aplicados nas zonas correspondentes aos onze (11) municípios pesquisados.Para controle, verificação e conferência das informações coletadas, será obtida uma amostra aleatória simples de tamanho igual a 50 questionários preenchidos em campo, e os eleitores correspondentes serão novamente entrevistados, para efeito de verificação da coerência das respostas.

"
"27/02/2023";"15:36:19";2014;3;"Eleições Gerais 2014";"AM";"AM";"AMAZONAS";"AM000462014";"2014-09-16 00:00:00";"#NE";"03079221000195";"DMP DESIGN MARKETING E PROPAGANDA LTDA";"#NE";"Governador, Senador";"2014-09-16 00:00:00";"2014-09-23 00:00:00";2000;"8940";"ERICO JANDER DA SILVA LOPES";"40000,00";"	A metodologia da pesquisa realizada pela DMP, é uma pesquisa quantitativa com utilização de questionário estruturado, e amostragem probabilística simples, com efetuação de entrevistas pessoais em pontos de fluxo populacional, tendo por universo o eleitorado de Manaus e 7 outros municípios do estado, obedecendo ao regime de quotas (base TSE de 2012/Censo 2010) por densidade eleitoral das regiões, sexo, idade, grau de instrução e nível econômico e com o número de entrevistas proporcionais ao número de eleitores do interior do Estado do Amazonas. Esta metodologia assegura a representatividade de todos os segmentos sociais da população em qualquer Estado, sendo incluídas na amostra as zonas geográficas descritas no questionário. ";" O plano Amostral segundo os itens exigidos por lei segue descritos: Universo – Eleitorado do Estado do Amazonas, com 16 anos ou mais na área urbana e em 7 municípios do interior do Estado do Amazonas selecionados de forma sistemática conforme características geográficas e com amostragem proporcional por bairro dentro de cada município. Amostragem, coeficiente de confiança, margem de erro: A pesquisa DMP vai entrevistar 2000 eleitores. A amostra garante a nível estadual uma margem de erro de 2,2% para um intervalo e confiança de 95%. As ponderações em relação a sexo, idade, grau de instrução e nível econômico, descritas nas perguntas 1 a 4 do questionário, serão realizadas para refletir estatisticamente a proporção do eleitorado consultado, conforme percentuais SEXO: TSE/JUNHO/2012 % Masculino 48,2 Feminino 51,8 FAIXA ETÁRIA: TSE/JUNHO/2012 % De 16 a 17 anos 2,0; De 18 a 24 anos 18; De 25 a 34 anos 28,5; De 35 a 44 anos 21,6; De 45 a 59 anos 19,8; Mais de 60 anos 9,8; GRAU DE INSTRUÇÃO: TSE/JUNHO2012: % Analfabeto / 1 ano ou menos de estudo 9,6; Ensino Fundamental (incompleto/completo) 42,1 Ensino Médio (incompleto/completo) 41,9 Superior (incompleto/completo) 6,4 - FAIXA DE RENDA: Até 724,00; De R$ 724,01 a R$2.172,00; De R$ 2.172,01 a R$ 3.620,00: Acima de R$ 3.620,00. ";" Sistema interno de controle, verificação, conferência e fiscalização da coleta de dados e do trabalho de campo é assim descrito: Durante o trabalho de campo são checadas as entrevistas (externa), internamente, os dados de diferentes questões são pré-processados e cruzados entre si, e também é feita a conferencia por meio de ligações telefônicas de 10% dos entrevistados sorteados de forma aleatória. ";"#NULO#"
"27/02/2023";"15:36:19";2014;3;"Eleições Gerais 2014";"AM";"AM";"AMAZONAS";"AM000502014";"2014-09-24 00:00:00";"#NE";"04816658000127";"EDITORA ANA CASSIA LTDA";"#NE";"Governador, Senador";"2014-09-20 00:00:00";"2014-09-24 00:00:00";1084;"7619";"SYLVANA FATIMA BARBOSA CABRAL";"23478,00";"A pesquisa foi realizada no período de 20 a 24 de setembro de 2014, envolvendo diversos bairros localizados nas 13 (treze) zonas eleitorais do município de Manaus e 11 (onze) zonas eleitorais no interior do estado do Amazonas (a definição das zonas pode ser encontrada em http://www.tre-am.gov.br). Foram entrevistados 1.084 (hum mil e oitenta e quatro) eleitores entre a capital e o interior. O estudo foi conduzido de modo que a margem de erro máxima seja de 3,0 pontos percentuais para mais ou para menos, com um intervalo de confiança a 95%, conforme Bussab & Morettin (2004), página 307. 
	A população está definida como sendo o conjunto de eleitores com registro eleitoral no município de Manaus e nos municípios do interior do Amazonas e aptos a votar nas eleições de 2014. 
O levantamento foi domiciliar, sendo entrevistado um único eleitor por domicílio. Os domicílios serão escolhidos através de sorteio, tendo todos iguais chances de fazer parte da amostra.  Somente serão entrevistados eleitores cujo domicílio está em um bairro que faz parte de sua zona eleitoral e que estejam aptos a votar nas eleições 2014, com sua situação devidamente regularizada no TRE.
O método de seleção amostral a ser utilizado será a amostragem aleatória estratificada para proporções (Bolfarine & Bussab, 2005, página 110). Os estratos correspondentes são definidos pelas respectivas zonas eleitorais, em um total de 13 (treze) na capital e 11 (onze) no interior do estado.. Em cada estrato é feito um processo de amostragem aleatória simples, o que implica em um sorteio aleatório de eleitores dentro de cada estrato. Isso garante uma representação adequada de outros estratos da população na amostra, definidos de acordo com outras variáveis, como sexo, idade, grau de instrução e nível econômico.  É importante observar que, em caso de um procedimento completamente aleatorizado e com grande tamanho amostral como este, as proporções amostrais das categorias de cada variável dentro dos estratos são praticamente reproduzidas no resultado final do estudo. Por exemplo, a proporção na amostra de pessoas do sexo feminino tende a ser próxima da proporção populacional de eleitoras. Tais afirmações são baseadas em um resultado clássico da teoria das probabilidades denominado “Lei dos Grandes Números”, ver Bussab & Morettin (2004), página 319. Isso garante uma ponderação adequada em relação a estas variáveis.
";"O método de seleção amostral a ser utilizado será a amostragem aleatória estratificada para proporções (Bolfarine & Bussab, 2005, página 110). Os estratos correspondentes são definidos pelas respectivas zonas eleitorais, em um total de vinte e quatro (24) - treze (13) na capital e onze (11) no interior do estado. Em cada estrato é feito um processo de amostragem aleatória simples, o que implica em um sorteio aleatório de eleitores dentro de cada estrato. Isso garante uma representação adequada de outros estratos da população na amostra, definidos de acordo com outras variáveis, como sexo, idade, grau de instrução e nível econômico.";"O trabalho de coleta das informações no campo será feito utilizando-se uma equipe composta de vinte (20) pesquisadores e sete (7) supervisores de campo. O deslocamento da equipe até os locais de coleta da informação será feito através de cinco (5) automóveis, barco ajato, ônibus intermunicipal, moto táxi e avião. A distribuição geográfica dos pesquisadores será organizada pelos respectivos supervisores de acordo com o plano amostral estabelecido.
  Para controle, verificação e conferência das informações coletadas, será obtida uma amostra aleatória simples de tamanho igual a 50 questionários onde os eleitores correspondentes serão novamente entrevistados, para efeito de verificação da coerência das respostas.
";"Parte dos hum mil e oitenta e quatro (1.084) questionários foram aplicados nos bairros das treze (13) zonas eleitorais de Manaus do TRE (os bairros das zonas podem ser encontrados em http://www.tre-am.gov.br). A criação e a divisão dos bairros da cidade de Manaus podem ser encontradas em http://www.manaus.am.gov.br. Nos onze (11) municípios visitados as entrevistas ocorreram nos bairros correspondentes as suas respectivas zonas eleitorais de acordo com as informações do TRE.
Foram aplicados seiscentos e vinte e oito (628) questionários nas treze zonas eleitorais da capital do estado, Outros quatrocentos e cinquenta seis (456) foram aplicados nas zonas correspondentes aos onze (11) municípios pesquisados.
"
"27/02/2023";"15:36:19";2014;3;"Eleições Gerais 2014";"AM";"AM";"AMAZONAS";"AM000622014";"2014-10-12 00:00:00";"#NE";"68802370000186";"IBOPE INTELIGÊNCIA PESQUISA E CONSULTORIA LTDA. ";"#NE";"Governador";"2014-10-12 00:00:00";"2014-10-17 00:00:00";1512;"6208-A";"Márcia Cavallari Nunes";"134069,04";"Pesquisa quantitativa, que consiste na realização de entrevistas pessoais com a aplicação de questionário estruturado junto a uma amostra representativa do eleitorado em estudo.";"Representativa do eleitorado da área em estudo, elaborada em três estágios.
No primeiro estágio faz-se um sorteio probabilístico dos municípios, onde as entrevistas serão realizadas, pelo método PPT (Probabilidade Proporcional ao Tamanho), tomando o eleitorado como base para tal seleção.
No segundo estágio faz-se um sorteio probabilístico dos setores censitários, onde as entrevistas serão realizadas, pelo método PPT (Probabilidade Proporcional ao Tamanho), tomando a população de 16 anos ou mais residente nos setores como base para tal seleção. No terceiro e último estágio, dentro dos setores sorteados, os respondentes são selecionados através de quotas amostrais proporcionais em função de variáveis significativas, a saber: IDADE: 16-24 (masculino) 23% (feminino) 23%; 25-34 (masculino) 29% (feminino) 29%; 35-44 (masculino) 21% (feminino) 20%; 45-54 (masculino) 14% (feminino) 14%; 55 e+ (masculino) 13% (feminino) 14%; INSTRUÇÃO: Até Ensino Médio (masculino) 86% (feminino) 83%; Ensino Superior (masculino) 14% (feminino) 17%; NÍVEL ECONÔMICO: Economicamente ativo (masculino) 81% (feminino) 51%; Não Economicamente ativo (masculino) 19% (feminino) 49%. 
Está prevista eventual ponderação para correção das variáveis sexo e idade, com base nos percentuais anteriormente mencionados, caso ocorram diferenças superiores a 3 pontos percentuais entre o previsto na amostra e a coleta de dados realizada. Para as variáveis de grau de instrução e nível econômico do entrevistado, o fator previsto para ponderação é 1 (resultados obtidos em campo). O nível de confiança estimado é de 95% e a margem de erro máxima estimada considerando um modelo de amostragem aleatório simples, é de 3 (três) pontos percentuais para mais ou para menos sobre os resultados encontrados no total da amostra.
FONTE DOS DADOS: Censo 2010 | PNAD 2012 | TSE 2014 | Entre outras.
";"Para a realização da pesquisa, utiliza-se uma equipe de entrevistadores e supervisores contratados pelo IBOPE INTELIGÊNCIA PESQUISA E CONSULTORIA LTDA. devidamente treinados para o trabalho. Após os trabalhos de campo, os questionários são submetidos a uma fiscalização de cerca de 20% (vinte por cento) dos questionários aplicados pelos entrevistadores; para verificação das respostas e da adequação dos entrevistados aos parâmetros amostrais.";"A área de abrangência da coleta é o Estado do Amazonas. A Relação de municípios selecionados para aplicação da amostra será apresentada até o 7º dia seguinte ao Registro da pesquisa, conforme expresso no art. 2º § 5º da resolução 23.400/2013 do TSE."
"27/02/2023";"15:36:19";2014;4;"Eleições Gerais Suplementares 2014";"AM";"AM";"AMAZONAS";"AM093752014";"2017-07-18 00:00:00";"S";"04816658000127";"EDITORA ANA CASSIA S.A.";"REDE DIARIO DE COMUNICACAO";"Governador";"2017-07-18 00:00:00";"2017-07-23 00:00:00";1600;"6586-AM";"JOSÉ RAIMUNDO GOMES PEREIRA";"31000,00";"A pesquisa será realizada nos dias 18, 19, 20, 21, 22 e 23 julho de 2017, envolvendo diversos bairros do município de Manaus e 11 (onze) municípios do interior do estado do Amazonas. Serão entrevistados 1000 (mil) eleitores na capital e 600 (seiscentos) nos municípios selecionados do interior do Estado do Amazonas. O estudo será conduzido de modo que a margem de erro máxima seja de 2,45 pontos percentuais para mais ou para menos, com um intervalo de confiança a 95%. 
	A população está definida como sendo o conjunto de eleitores com registro eleitoral no Estado do Amazonas, aptos a votar nas eleições suplementares de 2017. 
O levantamento será domiciliar, sendo entrevistado um único eleitor por domicílio. Os domicílios serão escolhidos através de sorteio, tendo todos iguais chances de fazer parte da amostra. Somente serão entrevistados eleitores cujo domicílio está em um bairro que faz parte de sua zona eleitoral e que estejam aptos a votar nas eleições suplementares de 2017, com sua situação devidamente regularizada no TRE.
	O método de seleção amostral a ser utilizado será a amostragem aleatória estratificada para proporções. Os estratos correspondentes são definidos pelas respectivas zonas eleitorais. Em cada estrato é feito um processo de amostragem aleatória simples, o que implica em um sorteio aleatório de eleitores dentro de cada estrato. 
";"O método de seleção amostral a ser utilizado será a amostragem aleatória estratificada para proporções. Os estratos correspondentes são definidos pelas respectivas zonas eleitorais dos municípios selecionados. Em cada estrato é feito um processo de amostragem aleatória simples, o que implica em um sorteio aleatório de eleitores dentro de cada estrato. Isso garante uma representação adequada de outros estratos da população na amostra, definidos de acordo com outras variáveis, como sexo, idade, grau de instrução e nível econômico.";"O trabalho de coleta das informações no campo será feito utilizando-se uma equipe composta de vinte e seis (26) pesquisadores e cinco (5) supervisores de campo e um coordenador geral do campo. A distribuição geográfica dos pesquisadores será organizada pelos respectivos supervisores de acordo com o plano amostral estabelecido.
	Para controle, verificação e conferência das informações coletadas, será obtida uma amostra aleatória simples de tamanho igual a 50 questionários. 
";"As mil e seiscentas (1.600) entrevistas serão realizadas nos bairros das zonas eleitorais de Manaus (os bairros das zonas podem ser encontrados em http://www.tre-am.gov.br) e em 12 municípios do interior. 
Nos bairros do município de Manaus serão aplicados 1.000 (mil) questionários, assim distribuídos na tabela abaixo: 

BAIRROS	Nº de questionários a serem aplicados
ADRIANÓPOLIS	7
ALEIXO	14
ALVORADA	41
ALVORADA 2	1
ARMANDO MENDES	15
BETÂNIA	7
CACHOEIRINHA	11
CENTRO	20
CHAPADA	4
CIDADE DE DEUS	24
CIDADE NOVA	83
COLONIA ANTONIO ALEIXO	8
COLONIA OLIVEIRA MACHADO	4
COLONIA SANTO ANTONIO	3
COLONIA TERRA NOVA	20
COMPENSA	44
COROADO	31
CRESPO	7
DOM PEDRO	17
EDUCANDOS	8
FLORES	23
GILBERTO MESTRINHO	18
GLORIA	5
JAPIIM	30
Jorge Teixeira	57
LAGO AZUL	8
LÍRIO DO VALE	13
MAUAZINHO	11
MONTE DAS OLIVEIRAS	17
MORRO DA LIBERDADE	8
NOSSA SENHORA DAS GRAÇAS	9
NOSSA SENHORA DE APARECIDA	4
NOVA CIDADE	33
NOVA ESPERANÇA	8
NOVO ALEIXO	52
NOVO ISRAEL	13
PARQUE 10 DE NOVEMBRO	25
PAZ	9
PETROPOLIS	29
PLANALTO	6
PRAÇA 14 DE JANEIRO	9
PRESIDENTE VARGAS	3
Puraquequara	3
RAIZ	7
REDENÇÃO	24
SANTA ETELVINA	20
SANTA LUZIA	5
SANTO AGOSTINHO	5
SANTO ANTONIO	12
SÃO FRANCISCO	11
SÃO GERALDO	4
SÃO JORGE	14
SÃO JOSÉ OPERÁRIO	46
SÃO LÁZARO	7
SÃO RAIMUNDO	7
TANCREDO NEVES	26
TARUMÃ	19
TARUMÃ-AÇU	5
VILA BURITI	0
VILA DA PRATA	6
ZUMBI DOS PALMARES	20

Nos municípios selecionados do interior do Estado Amazonas serão aplicados 600 (seiscentos) questionários, assim distribuídos por bairro:


BORBA: Nº de questionários a serem aplicados 28
CAREIRO DA VÁRZEA: Nº de questionários a serem aplicados 21
COARI: Nº de questionários a serem aplicados 64
IRANDUBA: Nº de questionários a serem aplicados 39
ITACOATIARA: Nº de questionários a serem aplicados 85
MANACAPURU: Nº de questionários a serem aplicados 83
HUMAITÁ: Nº de questionários a serem aplicados 39
PARINTINS: Nº de questionários a serem aplicados 86
RIO PRETO DA EVA: Nº de questionários a serem aplicados 21 
TABATINGA: Nº de questionários a serem aplicados 42
SÃO GABRIEL DA CACHOEIRA: Nº de questionários a serem aplicados 39
TEFÉ: Nº de questionários a serem aplicados 53

"
"27/02/2023";"15:36:19";2014;4;"Eleições Gerais Suplementares 2014";"AM";"AM";"AMAZONAS";"AM003192014";"2017-07-30 00:00:00";"S";"03079221000195";"DMP DESIGN MARKETING E PROPAGANDA LTDA";"#NULO#";"Governador";"2017-08-06 00:00:00";"2017-08-06 00:00:00";1000;"8940";"Erico Jander da Silva Lopes";"14000,00";"A metodologia da pesquisa realizada pela DMP, é a utilização de questionário estruturado, e amostragem probabilística simples, com realização de entrevistas pessoais com questionário estruturado, aplicado em entrevista direta ou face-to-face, tendo por universo o eleitorado das zonas eleitorais do município. 

";"Universo ¿ Eleitorado de Manaus, com 16 anos ou selecionados de forma sistemática conforme amostragem proporcional por zona e colégio eleitoral dentro do município. Amostragem, coeficiente de confiança, margem de erro: A pesquisa DMP vai entrevistar 1000 eleitores. A amostra garante a nível municipal uma margem de erro de 3% para um intervalo e confiança de 95%. As ponderações em relação a sexo, idade, descritas nas perguntas 1 e 2 do questionário, serão realizadas para refletir estatisticamente a proporção do eleitorado consultado, conforme percentuais SEXO: TSE/JUNHO/2012 % Masculino 48,2 Feminino 51,8 FAIXA ETÁRIA: TSE/JUNHO/2012 % De 16 a 17 anos 2,0; De 18 a 24 anos 18; De 25 a 34 ";"Durante o trabalho de campo são checadas pelo coordenador as entrevistas realizadas após o termino em cada colégio eleitoral.";"#NULO#"
"27/02/2023";"15:36:19";2014;4;"Eleições Gerais Suplementares 2014";"AM";"AM";"AMAZONAS";"AM072402014";"2017-08-20 00:00:00";"S";"10730923000152";"ALDOUS J R SANTANA - ME";"INTAKE MARKETING ESTRATEGICO E PESQUISA DE MERCADO";"Governador";"2017-08-27 00:00:00";"2017-08-27 00:00:00";1000;"9975";"JAIR DA SILVA FEITOZA";"15000,00";"A pesquisa será quantitativa com amostragem probabilística simples, e consiste em entrevistas pessoais por meio de seleção aleatória dos eleitores que já votaram em seus respectivos domicílios eleitorais. Para fins de cálculos amostrais e estimativas dos parâmetros, será levado em consideração o total dos eleitores da Capital (Manaus) e Interior (Itacoatiara, Manacapuru, Iranduba, Presidente Figueiredo e Autazes), conforme estatísticas oficiais do TRE-AM 2016.";"O Delineamento foi elaborado para uma amostra de 1000 eleitores, sendo na Capital (600) e no Interior (400), respeitando a alocação ótima de Neyman-Pearson: Estratos por Zona Eleitoral para a CAPITAL: Zona 58 (9,8%), Zona 63 (9,1%), Zona 62 (9,0%), Zona 40 (8,8%), Zona 32 (8,7%), Zona 70 (7,6%), Zona 59 (7,4%), Zona 1 (7,3%), Zona 65 (7,0%), Zona 37 (6,9%), Zona 2 (6,4%), Zona 68 (6,1%), Zona 31 (5,8%), seguido por estratos por Gênero Masculino (47%), Feminino (53%). Estratos por Zona Eleitoral para o INTERIOR: Autazes (12,1%); Iranduba (13,8%); Itacoatiara (32,0%); Manacapuru (31,5) e Presidente Figueiredo (10,6%).  A margem de erro é de 3%, com intervalo de confiança de 95%. Plano amostral baseado nas estatísticas dos eleitores TSE Julho 2016";"Verificação e fiscalização em 20% dos questionários no local da coleta de dados, realizada pelo coordenador de campo";"Plano amostral baseado nas estatísticas dos eleitores TSE Julho 2016 e Segundo estimativa populacional e CENSO do IBGE/2010."
"27/02/2023";"15:36:19";2014;3;"Eleições Gerais 2014";"AM";"AM";"AMAZONAS";"AM000542014";"2014-10-06 00:00:00";"#NE";"03079221000195";"DMP DESIGN MARKETING E PROPAGANDA LTDA";"#NE";"Governador";"2014-10-06 00:00:00";"2014-10-12 00:00:00";2000;"8940";"ERICO JANDER DA SILVA LOPES";"35000,00";"A metodologia da pesquisa realizada pela DMP, é uma pesquisa quantitativa com utilização de questionário estruturado, e amostragem probabilística simples, com efetuação de entrevistas pessoais em pontos de fluxo populacional, tendo por universo o eleitorado de Manaus e 7 outros municípios do estado, obedecendo ao regime de quotas (base TSE de 2012/Censo 2010) por densidade eleitoral das regiões, sexo, idade, grau de instrução e nível econômico e com o número de entrevistas proporcionais ao número de eleitores do interior do Estado do Amazonas. Esta metodologia assegura a representatividade de todos os segmentos sociais da população em qualquer Estado, sendo incluídas na amostra as zonas geográficas descritas no questionário.";"O plano Amostral segundo os itens exigidos por lei segue descritos: Universo  Eleitorado do Estado do
Amazonas, com 16 anos ou mais na área urbana e em 7 municípios do interior do Estado do Amazonas
selecionados de forma sistemática conforme características geográficas e com amostragem proporcional por
bairro dentro de cada município. Amostragem, coeficiente de confiança, margem de erro: A pesquisa DMP vaientrevistar 2000 eleitores. A amostra garante a nível estadual uma margem de erro de 3% para um intervalo econfiança de 95%. As ponderações em relação a sexo, idade, grau de instrução e nível econômico, descritas nas perguntas 1 a 4 do questionário, serão realizadas para refletir estatisticamente a proporção do eleitorado consultado, conforme percentuais SEXO: TSE/JUNHO/2012 % Masculino 48,2 Feminino 51,8 FAIXA ETÁRIA:
TSE/JUNHO/2012 % De 16 a 17 anos 2,0; De 18 a 24 anos 18; De 25 a 34 anos 28,5; De 35 a 44 anos 21,6; De 45 a 59 anos 19,8; Mais de 60 anos 9,8; GRAU DE INSTRUÇÃO: TSE/JUNHO2012: % Analfabeto / 1 ano ou menos de estudo 9,6; Ensino Fundamental (incompleto/completo) 42,1 Ensino Médio (incompleto/completo) 41,9 Superior (incompleto/completo) 6,4 - FAIXA DE RENDA: Até 724,00; De R$ 724,01 a R$2.172,00; De R$2.172,01 a R$ 3.620,00: Acima de R$ 3.620,00.";"Sistema interno de controle, verificação, conferência e fiscalização da coleta de dados e do trabalho de campo é assim descrito: Durante o trabalho de campo são checadas as entrevistas (externa), internamente, os dados de diferentes questões são pré-processados e cruzados entre si, e também é feita a conferencia por meio de ligações telefônicas de 10% dos entrevistados sorteados de forma aleatória.";"#NULO#"
"27/02/2023";"15:36:19";2014;3;"Eleições Gerais 2014";"AM";"AM";"AMAZONAS";"AM000652014";"2014-10-14 00:00:00";"#NE";"06023655000161";"A F SOARES MARKETING E PESQUISAS DE MERCADO LTDA";"#NE";"Governador";"2014-10-15 00:00:00";"2014-10-17 00:00:00";1900;"7117-A ";"JOÃO CALDAS DO LAGO NETO ";"37000,00";"Survey, quantitativa, descritiva, transversal. Pesquisa de campo (dados primários). Amostragem não probabilística, estratificada por cotas. Universo: eleitores residentes e domiciliados na área urbana dos municípios pesquisados. Coleta dos dados: questionário estruturado, aplicado de modo presencial em entrevista direta ou face-to-face. Tratamento dos dados: estatística descritiva (Média, mediana, desvio-padrão),  analise de normalidade (Skewness e curtosis) e análises multivariadas (AFE – Análise Fatorial Exploratória).";"Erro de 2% para mais ou menos em um em um intervalo de confiança de 95% 
O universo da pesquisa é de acordo com o TRE AM – Tribunal Regional Eleitoral do Estado do Amazonas, formado por 2.226.891 eleitores (atualizado em 21/07/2014, às 09:55) aptos a votar no Amazonas. O tamanho da amostra será de 1.900 indivíduos. O erro amostral para a amostra é de 2% para mais ou menos, considerando um nível de confiança de 95%. A pesquisa será aplicada em todas as seis zonas administrativas de Manaus e mais 11 municípios conforme, ponderação descrita a seguir: divisão por meio da proporcionalidade ao tamanho do Universo da amostra entre zonas administrativas e bairros; seguida pela amostra aleatória simples distribuída por setores censitários marcados pelos quarteirões onde cada pesquisador terá conhecimento de sua área de abrangência em mapa elaborado no Software Arc Map 11.0. As entrevistas serão realizadas por 20 pesquisadores de campo, sob coordenação de 5 coordenadores de equipes subordinados ao Setor de Coleta de Dados da Action. Para estabelecer a distribuição da amostra total (1.900 indivíduos) foi utilizado o Software Sphinx na função ponderação pelo critério PPT. Desta forma foram estimadas as frequências absolutas (ao lado de suas respectivas frequências relativas) para cada município, de acordo com a sua proporção na amostra. A distribuição prevista foi, para MANAUS 1.061 (55,9%); ITACOATIARA 107 (12,7%), MANACAPURU 101 (12,0%), TEFÉ 89 (10,6%), TABATINGA 55 (6,5%), EIRUNEPÉ 39 (4,7%), HUMAITÁ 51 (6,1%), BOCA DO ACRE 84 (10,0%), BORBA 84 (10,0%), BARREIRINHA 75 (9,0%), CODAJÁS 63 (7,5%), NOVO AIRÃO 91 (10,8%), no TOTAL 1.900 (100%). Gênero Masculino 912 (48%), Feminino 988 (52%) no TOTAL 1.900 (100%).  Faixa etária De 16 a 19 anos 247 (13%), De 20 a 29 anos 589 (31%), De 30 a 39 anos 456 (24%), De 40 a 49 anos 304 (16%), De 50 a 59 anos 190 (10%), Igual ou superior a 60 anos 114 (6%), no TOTAL 1.900 (100%). Em Manaus a Ponderação por zonas administrativas será Norte 287 (27%), Sul 180 (17%), Centro-Sul 95 (9%), Oeste 149 (14%), Centro-Oeste 95 (9%) e Leste 255 (24%), no TOTAL de 1.061 (100%.)";"O controle será exercido por verificação física do preenchimento dos questionários, checagem das respostas em 20% dos indivíduos em cada lote de 50 questionários, desta forma, todos os pesquisadores serão avaliados. Primeiramente o controle da qualidade excluirá os questionários sem preenchimento de um bloco de questões abertas ou fechadas, com rasuras sem justificativas, com incoerências. Em uma segunda etapa, após digitação e correção dos dados, as variáveis correlatas serão cruzadas e os questionários que apresentarem incoerências ou anormalidade, segundo a distância de Mahalanobis, serão excluídos e substituídos por outros coletados como excedente ou reposição de cotas.";"Atendendo às exigências do Capítulo I, do art. 2º. § 5º da Resolução-TSE nº. 23.400/2013, indicam-se as zonas a serem exploradas na pesquisa, sendo que em, até 24 horas após a divulgação de resultados, serão enviados os dados referentes aos respectivos bairros A distribuição prevista foi, para MANAUS 1.061 (55,9%); ITACOATIARA 107 (12,7%), MANACAPURU 101 (12,0%), TEFÉ 89 (10,6%), TABATINGA 55 (6,5%), EIRUNEPÉ 39 (4,7%), HUMAITÁ 51 (6,1%), BOCA DO ACRE 84 (10,0%), BORBA 84 (10,0%), BARREIRINHA 75 (9,0%), CODAJÁS 63 (7,5%), NOVO AIRÃO 91 (10,8%), no TOTAL 1.900 (100%). Gênero Masculino 912 (48%), Feminino 988 (52%) no TOTAL 1.900 (100%).  Faixa etária De 16 a 19 anos 247 (13%), De 20 a 29 anos 589 (31%), De 30 a 39 anos 456 (24%), De 40 a 49 anos 304 (16%), De 50 a 59 anos 190 (10%), Igual ou superior a 60 anos 114 (6%), no TOTAL 1.900 (100%). Em Manaus a Ponderação por zonas administrativas será Norte 287 (27%), Sul 180 (17%), Centro-Sul 95 (9%), Oeste 149 (14%), Centro-Oeste 95 (9%) e Leste 255 (24%), no TOTAL de 1.061 (100%.)"
"27/02/2023";"15:36:19";2014;3;"Eleições Gerais 2014";"AM";"AM";"AMAZONAS";"AM000662014";"2014-10-14 00:00:00";"#NE";"04816658000127";"EDITORA ANA CASSIA LTDA";"#NE";"Governador";"2014-10-09 00:00:00";"2014-10-14 00:00:00";1084;"7619";"SYLVANA FATIMA BARBOSA CABRAL";"22523,00";"A pesquisa foi realizada no período de 09 a 14 de outubro de 2014, envolvendo diversos bairros localizados nas 13 (treze) zonas eleitorais do município de Manaus e 11 (onze) zonas eleitorais no interior do estado do Amazonas (a definição das zonas pode ser encontrada em http://www.tre-am.gov.br). Foram entrevistados 1.084 (hum mil e oitenta e quatro) eleitores entre a capital e o interior. O estudo foi conduzido de modo que a margem de erro máxima seja de 3,0 pontos percentuais para mais ou para menos, com um intervalo de confiança a 95%, conforme Bussab & Morettin (2004), página 307. 
	A população está definida como sendo o conjunto de eleitores com registro eleitoral no município de Manaus e nos municípios do interior do Amazonas e aptos a votar nas eleições de 2014. 
O levantamento foi domiciliar, sendo entrevistado um único eleitor por domicílio. Os domicílios serão escolhidos através de sorteio, tendo todos iguais chances de fazer parte da amostra.  Somente serão entrevistados eleitores cujo domicílio está em um bairro que faz parte de sua zona eleitoral e que estejam aptos a votar nas eleições 2014, com sua situação devidamente regularizada no TRE.
O método de seleção amostral a ser utilizado será a amostragem aleatória estratificada para proporções (Bolfarine & Bussab, 2005, página 110). Os estratos correspondentes são definidos pelas respectivas zonas eleitorais, em um total de 13 (treze) na capital e 11 (onze) no interior do estado.. Em cada estrato é feito um processo de amostragem aleatória simples, o que implica em um sorteio aleatório de eleitores dentro de cada estrato. Isso garante uma representação adequada de outros estratos da população na amostra, definidos de acordo com outras variáveis, como sexo, idade, grau de instrução e nível econômico.  É importante observar que, em caso de um procedimento completamente aleatorizado e com grande tamanho amostral como este, as proporções amostrais das categorias de cada variável dentro dos estratos são praticamente reproduzidas no resultado final do estudo. Por exemplo, a proporção na amostra de pessoas do sexo feminino tende a ser próxima da proporção populacional de eleitoras. Tais afirmações são baseadas em um resultado clássico da teoria das probabilidades denominado “Lei dos Grandes Números”, ver Bussab & Morettin (2004), página 319. Isso garante uma ponderação adequada em relação a estas variáveis.
";"O método de seleção amostral a ser utilizado será a amostragem aleatória estratificada para proporções (Bolfarine & Bussab, 2005, página 110). Os estratos correspondentes são definidos pelas respectivas zonas eleitorais, em um total de vinte e quatro (24) - treze (13) na capital e onze (11) no interior do estado. Em cada estrato é feito um processo de amostragem aleatória simples, o que implica em um sorteio aleatório de eleitores dentro de cada estrato. Isso garante uma representação adequada de outros estratos da população na amostra, definidos de acordo com outras variáveis, como sexo, idade, grau de instrução e nível econômico.";"O trabalho de coleta das informações no campo será feito utilizando-se uma equipe composta de vinte (20) pesquisadores e sete (7) supervisores de campo. O deslocamento da equipe até os locais de coleta da informação será feito através de cinco (5) automóveis, barco ajato, ônibus intermunicipal, moto táxi e avião. A distribuição geográfica dos pesquisadores será organizada pelos respectivos supervisores de acordo com o plano amostral estabelecido.

  Para controle, verificação e conferência das informações coletadas, será obtida uma amostra aleatória simples de tamanho igual a 50 questionários onde os eleitores correspondentes serão novamente entrevistados, para efeito de verificação da coerência das respostas.
";"Parte dos hum mil e oitenta e quatro (1.084) questionários foram aplicados nos bairros das treze (13) zonas eleitorais de Manaus do TRE (os bairros das zonas podem ser encontrados em http://www.tre-am.gov.br). A criação e a divisão dos bairros da cidade de Manaus podem ser encontradas em http://www.manaus.am.gov.br. Nos onze (11) municípios visitados as entrevistas ocorreram nos bairros correspondentes as suas respectivas zonas eleitorais de acordo com as informações do TRE.
Foram aplicados seiscentos e trinta e um (631) questionários nas treze zonas eleitorais da capital do estado. Outros quatrocentos e cinquenta e três (453) foram aplicados nas zonas correspondentes aos onze (11) municípios pesquisados.
"
"27/02/2023";"15:36:19";2014;4;"Eleições Gerais Suplementares 2014";"AM";"AM";"AMAZONAS";"AM053802014";"2017-08-04 00:00:00";"S";"84480946000192";"DD MIDIA E PESQUISA LTDA - EPP";"THE VOICE PESQUISA 365";"Governador";"2017-08-07 00:00:00";"2017-08-09 00:00:00";1000;"8332";"Ézio Lacerda Lopes";"15000,00";"III.	METODOLOGIA E PERÍODO DE REALIZAÇÃO DA PESQUISA: Pesquisa do tipo quantitativo, por amostragem em pontos de fluxo, com aplicação de questionário estruturado. A entrevista e voluntaria é confidencial. A coleta de dados ocorrera entre os dias 07 a 09 de Agosto de 2017.
";"IV.	PLANO AMOSTRAL: a.	Público pesquisado: Eleitores de Manaus (Cidade Nova 52; Novo Aleixo 41; Cidade de Deus 30; Nova Cidade 26; Monte das Oliveiras 19; Jorge Teixeira 51; São Jose Operário 30; Gilberto Mestrinho 25; Coroado 23; Tancredo Neves 22; Japiim 32; Petrópolis 24; Centro 20; Cachoeirinha 10; São Francisco 10; Compensa 39; Tarumã 14; São Jorge 11; Lírio do Vale 11; Santo Antônio 10; Flores 22; Parque 10 de Novembro 19; Aleixo 10; Alvorada 27; Redenção 15 e Dom Pedro I 7.) e mais 5 cidades do interior (Parintins 93; Itacoatiara 90; Manacapuru 89; Coari 71 e Tefé 57). b.	Tipo de amostra: Tamanho da amostra: serão realizadas 1.000 (hum mil) entrevistas, sendo 600 (seiscentas) na capital e 400 (quatrocentas) no interior. c.	Ponderação: A pesquisa possui ponderação igual a 1 (um) para as variáveis, sexo e idade por reproduzir na amostra a proporção aproximada dos números oficiais do TRE-AM. As variáveis grau de instrução e nível econômico não se aplicará nenhuma ponderação. A relação completa dos bairros (da capital) incluídos no levantamento será encaminhado a esse tribunal posteriormente. d. Intervalo de credibilidade / Margem de erro: A margem de erro máxima estimada é de 3,1 pontos percentuais. Grau de confiabilidade de 95%. Isso significa que se fossem feitas 100 entrevistas com a mesma metodologia, 95 estariam dentro da margem de erro prevista.";"V.	SISTEMA INTERNO DE CONTROLE E VERIFICAÇÃO, CONFERÊNCIA E FISCALIZAÇÃO DA COLETA DE DADOS E DO TRABALHO DE CAMPO: A equipe envolvida neste projeto foi devidamente treinada e toda a operação será realizada com equipamentos eletrônicos. Após a coleta de dados é realizada uma fiscalização de no mínimo 20% das entrevistas aplicadas e a analise de consistência dos dados coletados.";"Dados relativos aos municípios e bairros abrangidos pela pesquisa. Na ausência de delimitação do bairro, será identificada a área em que foi realizada a pesquisa(conforme §6º. do art. 2º. da Resolução-TSE nº. 23.453/2015, Até o sétimo dia seguinte ao registro da pesquisa, será ele complementado com os dados relativos aos bairros abrangidos; na ausência de delimitação do bairro, será identificada a área em que foi realizada):
"
"27/02/2023";"15:36:19";2014;3;"Eleições Gerais 2014";"AM";"AM";"AMAZONAS";"AM000142014";"2014-06-03 00:00:00";"#NE";"14794597000106";"DATAPOP Pesquisa Sociais e de Opinião Ltda";"#NE";"Governador, Senador, Deputado Federal";"2014-06-03 00:00:00";"2014-06-07 00:00:00";1000;"8631";"Alexandre Vasconcelos Lima";"12000,00";"Será adotada a metodologia quantitativa do tipo “survey”, com entrevistas pessoais, do tipo face-a-face por meio da utilização de questionário estruturado aplicado por entrevistadores treinados, sendo o universo representado pelos eleitores de Manaus (AM). ";"Será aplicada uma amostragem por cotas, representativa do eleitorado da área em estudo. 
Os respondentes são selecionados através de cotas amostrais proporcionais em função das variáveis sexo e idade, considerando as seguintes proporções: 
SEXO: (masculino) 48% (feminino) 52%; 
IDADE: 16-24 (masculino) 23% (feminino) 22%; 25-29 (masculino) 16% (feminino) 15%; 30-39 (masculino) 26% (feminino) 25%; 40-49 (masculino) 18% (feminino) 17%; 50 e+ (masculino) 18% (feminino) 20%. 
Está prevista eventual ponderação para correção das variáveis sexo e idade, com base nos percentuais anteriormente mencionados, caso ocorram diferenças superiores a 3 pontos percentuais entre o previsto na amostra e a coleta de dados realizada. 
Para as demais variáveis (grau de instrução e nível econômico) o fator previsto para a ponderação é igual a 1. Ou seja, a pesquisa é autoponderada para essas variáveis.
O intervalo de confiança estimado é de 95%. 
A margem de erro máxima estimada é de 3,1 pontos percentuais para mais ou para menos sobre os resultados encontrados no total da amostra. FONTE DOS DADOS: Censo 2010";"Entrevistas pessoais através de questionário estruturado, contendo “perguntas filtro” a fim de entrevistar somente o público-alvo desejado. Os entrevistadores serão contratados e treinados pela empresa. O processo de coleta de dados será monitorado pelos supervisores, que também farão a checagem e crítica dos questionários. ";"A pesquisa foi realizada em Manaus, nos seguintes bairros: Centro, Ponta Negra, Planalto, Redenção, Da Paz, Alvorada, Dom Pedro, Nova Esperança, Chapada, Santo Antônio, São Geraldo, Praça 14 de Janeiro, Cachoeirinha, Raiz, Betânia, Crespo, Japiim, Crespo, Petrópolis, São Lázaro, Coroado, Armando Mendes, Zumbi dos Palmares, Gilberto Mestrinho,  Trancredo Neves, São José Operário, Novo Aleixo, Jorge Teixeira, Cidade de Deus, Cidade Nova, Nova Cidade, Monte das Oliveiras,
Nova Israel, Colônia,  Terra Nova,  Col. Santo Antonio, Flores, Aleixo, Adrianópolis, Parque 10 de Novembro, Gloria, Presidente Vargas, Compensa, Educandos, Lírio do Vale,  Alvorada, Mauazinho"
"27/02/2023";"15:36:19";2014;3;"Eleições Gerais 2014";"AM";"AM";"AMAZONAS";"AM000332014";"2014-08-26 00:00:00";"#NE";"03079221000195";"DMP DESIGN MARKETING E PROPAGANDA LTDA";"#NE";"Governador, Senador";"2014-08-25 00:00:00";"2014-09-01 00:00:00";2000;"8940";"ERICO JANDER DA SILVA LOPES";"40000,00";"A metodologia da pesquisa realizada pela DMP, é uma pesquisa quantitativa com utilização de questionário estruturado, e amostragem probabilística simples, com efetuação de entrevistas pessoais em pontos de fluxo populacional, tendo por universo o eleitorado de Manaus e 7 outros municípios do estado, obedecendo ao regime de quotas (base TSE de 2012/Censo 2010) por densidade eleitoral das regiões, sexo, idade, grau de instrução e nível econômico e com o número de entrevistas proporcionais ao número de eleitores do interior do Estado do Amazonas. Esta metodologia assegura a representatividade de todos os segmentos sociais da população em qualquer Estado, sendo incluídas na amostra as zonas geográficas descritas no questionário. ";"O plano Amostral segundo os itens exigidos por lei segue descritos: Universo – Eleitorado do Estado do Amazonas, com 16 anos ou mais na área urbana e em 7 municípios do interior do Estado do Amazonas selecionados de forma sistemática conforme características geográficas e com amostragem proporcional por bairro dentro de cada município. Amostragem, coeficiente de confiança, margem de erro: A pesquisa DMP vai entrevistar 2000 eleitores. A amostra garante a nível estadual uma margem de erro de 2,2% para um intervalo e confiança de 95%. As ponderações em relação a sexo, idade, grau de instrução e nível econômico, descritas nas perguntas 1 a 4 do questionário, serão realizadas para refletir estatisticamente a proporção do eleitorado consultado, conforme percentuais SEXO: TSE/JUNHO/2012 % Masculino 48,2 Feminino 51,8 FAIXA ETÁRIA: TSE/JUNHO/2012 % De 16 a 17 anos 2,0; De 18 a 24 anos 18; De 25 a 34 anos 28,5; De 35 a 44 anos 21,6; De 45 a 59 anos 19,8; Mais de 60 anos 9,8; GRAU DE INSTRUÇÃO: TSE/JUNHO2012: % Analfabeto / 1 ano ou menos de estudo 9,6; Ensino Fundamental (incompleto/completo) 42,1 Ensino Médio (incompleto/completo) 41,9 Superior (incompleto/completo) 6,4 - FAIXA DE RENDA: Até 724,00; De R$ 724,01 a R$2.172,00; De R$ 2.172,01 a R$ 3.620,00: Acima de R$ 3.620,00. ";"Sistema interno de controle, verificação, conferência e fiscalização da coleta de dados e do trabalho de campo é assim descrito: Durante o trabalho de campo são checadas as entrevistas (externa), internamente, os dados de diferentes questões são pré-processados e cruzados entre si, e também é feita a conferencia por meio de ligações telefônicas de 10% dos entrevistados sorteados de forma aleatória. ";"#NULO#"
"27/02/2023";"15:36:19";2014;3;"Eleições Gerais 2014";"AM";"AM";"AMAZONAS";"AM000492014";"2014-09-22 00:00:00";"#NE";"03079221000195";"DMP DESIGN MARKETING E PROPAGANDA LTDA";"#NE";"Governador, Senador";"2014-09-21 00:00:00";"2014-09-28 00:00:00";2000;"8940";"ERICO JANDER DA SILVA LOPES";"40000,00";"	A metodologia da pesquisa realizada pela DMP, é uma pesquisa quantitativa com utilização de questionário estruturado, e amostragem probabilística simples, com efetuação de entrevistas pessoais em pontos de fluxo populacional, tendo por universo o eleitorado de Manaus e 7 outros municípios do estado, obedecendo ao regime de quotas (base TSE de 2012/Censo 2010) por densidade eleitoral das regiões, sexo, idade, grau de instrução e nível econômico e com o número de entrevistas proporcionais ao número de eleitores do interior do Estado do Amazonas. Esta metodologia assegura a representatividade de todos os segmentos sociais da população em qualquer Estado, sendo incluídas na amostra as zonas geográficas descritas no questionário. ";" O plano Amostral segundo os itens exigidos por lei segue descritos: Universo – Eleitorado do Estado do Amazonas, com 16 anos ou mais na área urbana e em 7 municípios do interior do Estado do Amazonas selecionados de forma sistemática conforme características geográficas e com amostragem proporcional por bairro dentro de cada município. Amostragem, coeficiente de confiança, margem de erro: A pesquisa DMP vai entrevistar 2000 eleitores. A amostra garante a nível estadual uma margem de erro de 2,2% para um intervalo e confiança de 95%. As ponderações em relação a sexo, idade, grau de instrução e nível econômico, descritas nas perguntas 1 a 4 do questionário, serão realizadas para refletir estatisticamente a proporção do eleitorado consultado, conforme percentuais SEXO: TSE/JUNHO/2012 % Masculino 48,2 Feminino 51,8 FAIXA ETÁRIA: TSE/JUNHO/2012 % De 16 a 17 anos 2,0; De 18 a 24 anos 18; De 25 a 34 anos 28,5; De 35 a 44 anos 21,6; De 45 a 59 anos 19,8; Mais de 60 anos 9,8; GRAU DE INSTRUÇÃO: TSE/JUNHO2012: % Analfabeto / 1 ano ou menos de estudo 9,6; Ensino Fundamental (incompleto/completo) 42,1 Ensino Médio (incompleto/completo) 41,9 Superior (incompleto/completo) 6,4 - FAIXA DE RENDA: Até 724,00; De R$ 724,01 a R$2.172,00; De R$ 2.172,01 a R$ 3.620,00: Acima de R$ 3.620,00. ";" Sistema interno de controle, verificação, conferência e fiscalização da coleta de dados e do trabalho de campo é assim descrito: Durante o trabalho de campo são checadas as entrevistas (externa), internamente, os dados de diferentes questões são pré-processados e cruzados entre si, e também é feita a conferencia por meio de ligações telefônicas de 10% dos entrevistados sorteados de forma aleatória. ";"#NULO#"
"27/02/2023";"15:36:19";2014;3;"Eleições Gerais 2014";"AM";"AM";"AMAZONAS";"AM000632014";"2014-10-13 00:00:00";"#NE";"84480946000192";"D M Duarte";"#NE";"Governador";"2014-10-15 00:00:00";"2014-10-17 00:00:00";1000;"8.332";"Ézio Lacerda Lopes";"12000,00";"Esta pesquisa é quantitativa através de uma amostragem probabilística e aleatória, levando-se em consideração o comparecimento do primeiro turno nas eleições de 2014, sendo: 59,3% da capital e 40,7% no interior. Cada entrevista será realizada aleatoriamente dentre quinze números disponíveis para esta, podendo sê-la para telefone fixo ou móvel.";"a. Público pesquisado: eleitores com telefone residencial ou móvel, residentes e domiciliados em Manaus e em 08 municípios do Estado do Amazonas.
b. Tipo de amostra: aleatória com o sorteio dos números de telefone de todas as operadoras de telefones fixos e móveis, tendo como base os prefixos de cada uma delas, ou seja, XXXX-0001 a XXXX-9999. A entrevista será realizada por telefone e digitada, posteriormente, no software SPHINX. O número de entrevistas por município e/ou bairro é proporcional ao número de eleitores que compareceram no primeiro turno nas eleições de 2014, conforme os dados do TRE/AM-2014 e do IBGE. As variáveis “escolaridade”, “religião” e “renda familiar”, como complemento da análise, não serão aplicadas, nesse caso, para nenhum tipo de ponderação.
c. Ponderação: a pesquisa possui ponderação igual a 1 (um) para as variáveis “sexo” e “idade” devido à metodologia adotada (autoponderada). Para as variáveis “grau de escolaridade”, “religião” e “renda familiar” não se aplicará nenhuma ponderação devido aos dados secundários existentes do Estado do Amazonas serem totalmente desatualizados.
d. Intervalo de confiança / Margem de erro: a margem de erro máxima estimada é de 3,1%, para mais ou para menos, com um grau de confiabilidade de 95%. Isso significa que se fossem feitas 100 entrevistas com a mesma metodologia, 95 estariam dentro da margem de erro prevista.";"Após a coleta de dados é realizada uma fiscalização, na base dos dados coletados, onde ocorre a fiscalização por um supervisor, através de um novo contato telefônico, para uma checagem de 10% das entrevistas aplicadas.";"A pesquisa será realizada em 08 municípios do interior do estado e na capital, na seguinte proporção, com a quantidade de entrevistados entre parênteses: Parintins (83); Itacoatiara (71); Manacapuru (67); Maués (37); São Gabriel da Cachoeira (35); Humaitá (34); Manicoré (33); Benjamin Constant (24); e, Carauari (23). Em Manaus, especificamente, a pesquisa será realizada na área urbana da cidade."
"27/02/2023";"15:36:19";2014;4;"Eleições Gerais Suplementares 2014";"AM";"AM";"AMAZONAS";"AM018802014";"2017-08-15 00:00:00";"S";"03079221000195";"DMP DESIGN MARKETING E PROPAGANDA LTDA";"#NULO#";"Governador";"2017-08-21 00:00:00";"2017-08-24 00:00:00";1500;"8940";"Erico Jander da Silva Lopes";"22000,00";"A metodologia da pesquisa realizada pela DMP, é uma pesquisa quantitativa com utilização de questionário estruturado, e amostragem probabilística simples, com efetuação de entrevistas pessoais em pontos de fluxo populacional, tendo por universo o eleitorado de Manaus, obedecendo ao regime de quotas (base TSE de 2012/Censo 2010) por densidade eleitoral das regiões, sexo, idade, grau de instrução e nível econômico e com o número de entrevistas proporcionais ao número de eleitores de capa bairro. Esta metodologia assegura a representatividade de todos os segmentos sociais da população em qualquer Estado, sendo incluídas na amostra as zonas geográficas descritas no questionário. ";"Eleitorado do Estado do Amazonas, com 16 anos ou mais na área urbana e em cinco municípios do interior do Estado do Amazonas selecionados de forma sistemática conforme características geográficas e com amostragem proporcional por bairro dentro de cada município. Amostragem, coeficiente de confiança, margem de erro: A pesquisa DMP vai entrevistar 1500 eleitores. A amostra garante a nível estadual uma margem de erro 2,6% para um intervalo e confiança de 95%. As ponderações em relação a sexo, idade, grau de instrução e nível econômico, descritas nas perguntas 1 a 4 do questionário, serão realizadas para refletir estatisticamente a proporção do eleitorado consultado, conforme percentuais SEXO: TSE/JUNHO/2012 % Masculino 48,2 Feminino 51,8 FAIXA ETÁRIA: TSE/JUNHO/2012 % De 16 a 17 anos 2,0; De 18 a 24 anos 18; De 25 a 34 anos 28,5; De 35 a 44 anos 21,6; De 45 a 59 anos 19,8; Mais de 60 anos 9,8; GRAU DE INSTRUÇÃO: TSE/JUNHO2012: % Analfabeto / 1 ano ou menos de estudo 9,6; Ensino Fundamental (incompleto/completo) 42,1 Ensino Médio (incompleto/completo) 41,9 Superior (incompleto/completo) 6,4 - FAIXA DE RENDA: CENSO/2010 % Até 937,00; De R$ 937,00 a R$2.811,00; De R$ 2.811,01 a R$ 4.685,00; Acima de R$ 4.685,00; Não quis responder. 
";"Sistema interno de controle, verificação, conferência e fiscalização da coleta de dados e do trabalho de campo é assim descrito: Durante o trabalho de campo são checadas 20% das entrevistas (externa), internamente, os dados de diferentes questões são pré-processados e cruzados entre si, o que permite fazer a critica dos mesmos para a verificação de eventuais inconsistências. ";"MANAUS; ZONA OESTE: Compensa (34); Lírio do Vale (9); Santo Antonio (10); São Raimundo (9); São Jorge (9); Gloria(8); Vila da Prata(9); Nova Esperança(8); Santo Agostinho(10); Tarumã(8); ZONA CENTRO OESTE: Alvorada (28); Redenção (16); Bairro da Paz(6); Dom Pedro I (9); Planalto(8); ZONA SUL: Japiim (30); Petrópolis (20); Raiz (8); Cachoeirinha (10); Educandos (7); São Francisco (7); Centro (10); Betânia(6); Morro da Liberdade(8); Aparecida(5); Santa Luzia(5); Praça 14(5); São Lazaro(7); ZONA CENTRO SUL: Flores (22); Parque 10 de Novembro (19) ; Aleixo(9); Chapada(6); N s da Graças(6); S Geraldo(5); ZONA LESTE: São José (35); Jorge Teixeira (50); Tancredo Neves (24); Coroado (23); Armando Mendes(13); Mauazinho(10); Gilberto Mestrinho(25); Zumbi(25); ZONA NORTE: Cidade Nova (54); Colônia Terra Nova (20); Monte das Oliveiras (17); Colonia S Antonio(8); Novo Israel(7); Santa Etelvina(24); Novo Aleixo(26); Cidade de Deus(31); Nova Cidade(35). INTERIOR: Tefé (105); Coari (129); Manacapuru (145); Itacoatiara (148); Parintins (174)."
"27/02/2023";"15:36:19";2014;3;"Eleições Gerais 2014";"AM";"AM";"AMAZONAS";"AM000072014";"2014-05-14 00:00:00";"#NE";"14627220000154";"B.S.LEÃO CAVALCANTE";"#NE";"Governador, Senador, Deputado Federal";"2014-04-21 00:00:00";"2014-05-05 00:00:00";550;"8032";"DANIELA ALVES FERREIRA DE SOUZA";"6000,00";"A metodologia aplicada foi realizada através de perguntas diretas e simples, sobre a possível opção da escolha de voto, para as eleções deste ano e as respostas foram espontaneas, contribuindo assim para um resultado justo e as informações corretas.";"foram entrevistados 550 pessoas entre os dias 21/04/2014 e 02/05/2014, sendo 53% do sexo feminino e 43% do sexo masculine, com idades entre 16 e 65 anos de idade, sendo 26% entrevistados com ensino fundamental,41% do ensino médio e 33% nivel superior, com renda entre r$724,00 e 1448,00 entre 1449,00 2889,00 e Acima de 2.900,00. Intervalo de confiança de 90% e margem de erro de 5% percentual para cima e 5% percentual para baixo.";"Das 550 entrevistas coletadas, foram descartadas 50 entrevistas devido não estarem de acordo com o questionário aplicado e com a confirmação feita pelos entrevistadores através de questionamento feitos pelo telefone.";"As entrevistas foram realizadas na zona centro-sul de manaus, ZONA ELEITORAL NÚMERO 31 - ABRANGENDO OS 7 BAIRROS QUE CONSTAM NA ZONA CENTRO-SUL DE MANAUS COM MAIS OU MENOS 73.000 ELEITORES ENTREVISTADOS nos bairros: EDUCANDOS, MORRO DA LIBERDADE, SÃO LÁZARO, BETANIA, SANTA LUZIA, COLONIA OLIVEIRA MACHADO, LAGOA VERDE."
"27/02/2023";"15:36:19";2014;3;"Eleições Gerais 2014";"AM";"AM";"AMAZONAS";"AM000152014";"2014-06-10 00:00:00";"#NE";"84480946000192";"D M Duarte";"#NE";"Governador, Senador, Deputado Federal";"2014-06-11 00:00:00";"2014-06-20 00:00:00";1500;"8.332";"Ézio Lacerda Lopes";"40000,00";"A pesquisa é quantitativa, a ser realizada a ser realizada com metodologia probabilística e aleatória em cluster (conglomerados). Nesse método, nos municípios que participarão da amostra, sorteiam-se as quadras onde serão realizadas as entrevistas. Os clusters constituem os pontos de amostragem (sampling points), nos quais algumas casas são sorteadas e seus residentes entrevistados face-a-face (personal interviws). Na capital, Manaus, as entrevistas serão realizadas nas seis zonas administrativas, divididas proporcionalmente ao número de habitantes de cada uma, e, dentre elas, subdivida também, proporcionalmente, ao número de habitantes dos bairros oficiais. Os dados para o cálculo têm como base o Censo do IBGE de agosto/2010. Nos 05 outros municípios que participarão da amostra, as entrevistas serão proporcionais ao número de eleitores do interior do Estado do Amazonas, com base na estatística do TRE/AM-2014.";"a. Público pesquisado: eleitores residentes e domiciliados na cidade de Manaus e em 05 municípios do interior do Estado do Amazonas.
b. Tipo de amostra: aleatória e por sorteio de clusters (quadras), com utilização de variáveis “sexo” e “idade” com cotas proporcionais ao universo pesquisado, tendo como base de cálculo os dados do TRE/AM-2014, e as variáveis “escolaridade”, “religião” e “renda familiar” como complemento da análise, não se aplicando, nesse caso, nenhum tipo de ponderação. Em cada cluster serão realizadas de 05 a 10 entrevistas conforme a quantidade da amostra distribuída entre locais. Entre uma entrevista realizada e outra, deve-se “pular” no mínimo três imóveis residenciais. Terrenos baldios, imóveis em construção ou desabitados, órgãos públicos, escolas, igrejas e imóveis estritamente comerciais não são considerados na contagem de intervalo de três residências entre entrevistas. Caso o pesquisador não consiga completar a cota de entrevistas designada para um cluster, deve dar continuidade na quadra acima ou à direita daquela sorteada como ponto de partida, até conseguir cumprir sua meta. A localização para o início de um cluster é o canto norte mais à esquerda, se deslocando sempre no sentido horário. Vale ressaltar que, em muitos bairros dos municípios do Estado do Amazonas, não possuem quadras perfeitas. Em algumas situações, o pesquisador tem que usar o bom senso de direção para percorrer um cluster.
c. Ponderação: a pesquisa possui ponderação igual a 1 (um) para as variáveis “sexo” e “idade” devido à metodologia adotada (autoponderada). Para as variáveis “grau de escolaridade”, “religião” e “renda familiar” não se aplicará nenhuma ponderação devido aos dados secundários existentes do Estado do Amazonas serem totalmente desatualizados.
d. Intervalo de confiança / Margem de erro: a margem de erro máxima estimada é de 2,5%, para mais ou para menos, com um grau de confiabilidade de 95%. Isso significa que se fossem feitas 100 entrevistas com a mesma metodologia, 95 estariam dentro da margem de erro prevista.";"Após a coleta de dados é realizada uma fiscalização, na sede da empresa, através de contato telefônico, que consiste na checagem de 10% a 30% das entrevistas aplicadas, tendo a finalidade verificar a veracidade e os procedimentos adotados pelo pesquisador durante a aplicação da entrevista.";"A pesquisa será realizada na área urbana e, eventualmente, em algumas áreas rurais dos 05 municípios do interior do Estado do Amazonas (em razão das características geográficas e de acessibilidade do nosso Estado), divididos na seguinte proporção: Parintins 174 (cento e setenta e quatro); Itacoatiara 144 (cento e quarenta e quatro); Manacapuru 129 (cento e vinte e nove); Coari 126 (cento e vinte e seis); e, Tefé 102 (cento e dois). Em Manaus, especificamente, a pesquisa será realizada nas seis zonas administrativas da cidade, que compreendem os seguintes bairros (oficiais), com a quantidade de entrevistados entre parênteses: ZONA CENTRO-OESTE: Alvorada (30 entrevistas), da Paz (07 entrevistas), Dom Pedro (08 entrevistas), Planalto (08 entrevistas) e Redenção (16 entrevistas); ZONA CENTRO-SUL: Chapada (06 entrevistas), Flores (25 entrevistas), Nossa Senhora das Graças (08 entrevistas), Parque 10 de Novembro (21 entrevistas) e Aleixo (10 entrevistas); ZONA LESTE: Armando Mendes (13 entrevistas), Colônia Antônio Aleixo (08 entrevistas), Coroado (24 entrevistas), Jorge Teixeira (53 entrevistas), Mauazinho (11 entrevistas), São José Operário (31 entrevistas), Tancredo Neves (23 entrevistas), Gilberto Mestrinho (26 entrevistas), e Zumbi dos Palmares (17 entrevistas); ZONA NORTE: Cidade Nova (57 entrevistas), Colônia Santo Antônio (08 entrevistas), Monte das Oliveiras (19 entrevistas), Novo Israel (08 entrevistas), Santa Etelvina (12 entrevistas), Novo Aleixo (45 entrevistas), Cidade de Deus (33 entrevistas), Nova Cidade (28 entrevistas), e Colônia Terra Nova (21 entrevistas); ZONA OESTE: Compensa (37 entrevistas), Lírio do Vale (10 entrevistas), Nova Esperança (09 entrevistas), Santo Agostinho (08 entrevistas), Santo Antônio (10 entrevistas), São Jorge (11 entrevistas), São Raimundo (07 entrevistas), Vila da Prata (05 entrevistas), Tarumã (14 entrevistas) e Tarumã-Açu (06 entrevistas); ZONA SUL: Betânia (06 entrevistas), Cachoeirinha (09 entrevistas), Centro (17 entrevistas), Crespo (08 entrevistas), Educandos (08 entrevistas), Japiim (28 entrevistas), Morro da Liberdade (06 entrevistas), Petrópolis (22 entrevistas), Praça 14 de Janeiro (05 entrevistas), Raiz (08 entrevistas), São Francisco (09 entrevistas) e São Lázaro (06 entrevistas).
OBS: os bairros Adrianópolis, São Geraldo, Puraquequara, Distrito Industrial II, Lago Azul, Glória, Ponta Negra, Colônia Oliveira Machado, Nossa Senhora de Aparecida, Santa Luzia, Presidente Vargas, Distrito Industrial I e Vila Buriti não atingem proporcionalmente o número mínimo de entrevistas para levantamento de dados."
"27/02/2023";"15:36:19";2014;3;"Eleições Gerais 2014";"AM";"AM";"AMAZONAS";"AM000172014";"2014-07-11 00:00:00";"#NE";"84480946000192";"D M Duarte";"#NE";"Governador, Senador";"2014-07-05 00:00:00";"2014-07-14 00:00:00";1500;"8332";"Ézio Lacerda Lopes";"45000,00";"Pesquisa do tipo quantitativo, por amostragem, com aplicação de questionário estruturado com uso de um smarth phone e abordagem pessoal em pontos de fluxo em todas as cidades selecionadas para compor a amostra.";"a. Público pesquisado: eleitores residentes e domiciliados na área urbana de 08 municípios do Estado do Amazonas.
b. Tipo de amostra: aleatória em locais de grande fluxo de pessoas, com utilização de variáveis “sexo” e “idade” com cotas proporcionais ao universo pesquisado, tendo como base de cálculo os dados do TRE/AM-2014, e as variáveis “escolaridade”, “religião” e “renda familiar” como complemento da análise, não se aplicando, nesse caso, nenhum tipo de ponderada.
c. Ponderação: a pesquisa possui ponderação igual a 1 (um) para as variáveis “sexo” e “idade” devido à metodologia adotada (autoponderada). Para as variáveis “grau de escolaridade”, “religião” e “renda familiar” não se aplicará nenhuma ponderação devido aos dados secundários existentes do Estado do Amazonas serem totalmente desatualizados.
d. Intervalo de confiança / Margem de erro: a margem de erro máxima estimada é de 2,5%, para mais ou para menos, com um grau de confiabilidade de 95%. Isso significa que se fossem feitas 100 entrevistas com a mesma metodologia, 95 estariam dentro da margem de erro prevista.";"Após a coleta de dados é realizada uma fiscalização, na base de dados coletada. O software grava as respostas dos entrevistados na parte das variáveis de controle e georeferencia o local exato da entrevista. Em caso de dúvida na consolidação dos dados ocorrerá através de contato telefônico uma checagem de 10% a 20% das entrevistas aplicadas.";"A pesquisa será realizada na seguinte proporção: Boca do Acre 43 (quarenta e três); Parintins 147 (cento e quarenta e sete); Itacoatiara 121 (cento e vinte e um); Manacapuru 108 (cento e oito); Coari 105 (cento e cinco), Tefé 86 (oitenta e seis); e, Tabatinga 65 (sessenta e cinco). Em Manaus, especificamente, a pesquisa será realizada nas seis zonas administrativas da cidade, que compreendem os seguintes bairros (oficiais), com a quantidade de entrevistados entre parênteses: ZONA CENTRO-OESTE: Alvorada (30 entrevistas), da Paz (07 entrevistas), Dom Pedro (08 entrevistas), Planalto (08 entrevistas) e Redenção (16 entrevistas); ZONA CENTRO-SUL: Chapada (06 entrevistas), Flores (25 entrevistas), Nossa Senhora das Graças (08 entrevistas), Parque 10 de Novembro (21 entrevistas) e Aleixo (10 entrevistas); ZONA LESTE: Armando Mendes (13 entrevistas), Colônia Antônio Aleixo (08 entrevistas), Coroado (24 entrevistas), Jorge Teixeira (53 entrevistas), Mauazinho (11 entrevistas), São José Operário (31 entrevistas), Tancredo Neves (23 entrevistas), Gilberto Mestrinho (26 entrevistas), e Zumbi dos Palmares (17 entrevistas); ZONA NORTE: Cidade Nova (57 entrevistas), Colônia Santo Antônio (08 entrevistas), Monte das Oliveiras (19 entrevistas), Novo Israel (08 entrevistas), Santa Etelvina (12 entrevistas), Novo Aleixo (45 entrevistas), Cidade de Deus (33 entrevistas), Nova Cidade (28 entrevistas), e Colônia Terra Nova (21 entrevistas); ZONA OESTE: Compensa (37 entrevistas), Lírio do Vale (10 entrevistas), Nova Esperança (09 entrevistas), Santo Agostinho (08 entrevistas), Santo Antônio (10 entrevistas), São Jorge (11 entrevistas), São Raimundo (07 entrevistas), Vila da Prata (05 entrevistas), Tarumã (14 entrevistas) e Tarumã-Açu (06 entrevistas); ZONA SUL: Betânia (06 entrevistas), Cachoeirinha (09 entrevistas), Centro (17 entrevistas), Crespo (08 entrevistas), Educandos (08 entrevistas), Japiim (28 entrevistas), Morro da Liberdade (06 entrevistas), Petrópolis (22 entrevistas), Praça 14 de Janeiro (05 entrevistas), Raiz (08 entrevistas), São Francisco (09 entrevistas) e São Lázaro (06 entrevistas).
OBS: os bairros Adrianópolis, São Geraldo, Puraquequara, Distrito Industrial II, Lago Azul, Glória, Ponta Negra, Colônia Oliveira Machado, Nossa Senhora de Aparecida, Santa Luzia, Presidente Vargas, Distrito Industrial I e Vila Buriti não atingem proporcionalmente o número mínimo de entrevistas para levantamento de dados."
"27/02/2023";"15:36:19";2014;3;"Eleições Gerais 2014";"AM";"AM";"AMAZONAS";"AM000562014";"2014-10-07 00:00:00";"#NE";"84480946000192";"D M Duarte";"#NE";"Governador";"2014-10-15 00:00:00";"2014-10-19 00:00:00";1000;"8.332";"Ézio Lacerda Lopes";"12000,00";"Esta pesquisa é quantitativa através de uma amostragem probabilística e aleatória, levando-se em consideração o comparecimento do primeiro turno nas eleições de 2014, sendo: 59,3% da capital e 40,7% no interior. Cada entrevista será realizada aleatoriamente dentre quinze números disponíveis para esta, podendo sê-la para telefone fixo ou móvel.";"a. Público pesquisado: eleitores com telefone residencial ou móvel, residentes e domiciliados em Manaus e em 08 municípios do Estado do Amazonas.
b. Tipo de amostra: aleatória com o sorteio dos números de telefone de todas as operadoras de telefones fixos e móveis, tendo como base os prefixos de cada uma delas, ou seja, XXXX-0001 a XXXX-9999. A entrevista será realizada por telefone e digitada, posteriormente, no software SPHINX. O número de entrevistas por município e/ou bairro é proporcional ao número de eleitores que compareceram no primeiro turno nas eleições de 2014, conforme os dados do TRE/AM-2014 e do IBGE. As variáveis “escolaridade”, “religião” e “renda familiar”, como complemento da análise, não serão aplicadas, nesse caso, para nenhum tipo de ponderação.
c. Ponderação: a pesquisa possui ponderação igual a 1 (um) para as variáveis “sexo” e “idade” devido à metodologia adotada (autoponderada). Para as variáveis “grau de escolaridade”, “religião” e “renda familiar” não se aplicará nenhuma ponderação devido aos dados secundários existentes do Estado do Amazonas serem totalmente desatualizados.
d. Intervalo de confiança / Margem de erro: a margem de erro máxima estimada é de 3,1%, para mais ou para menos, com um grau de confiabilidade de 95%. Isso significa que se fossem feitas 100 entrevistas com a mesma metodologia, 95 estariam dentro da margem de erro prevista.";"Após a coleta de dados é realizada uma fiscalização, na base dos dados coletados, onde ocorre a fiscalização por um supervisor, através de um novo contato telefônico, para uma checagem de 10% das entrevistas aplicadas.";"A pesquisa será realizada em 08 municípios do interior do estado e na capital, na seguinte proporção, com a quantidade de entrevistados entre parênteses: Parintins (75); Itacoatiara (77); Manacapuru (74); Coari (51); Tefé (44); Tabatinga (34); Humaitá (32); e, Eirunepé (20). Em Manaus, especificamente, a pesquisa será realizada na área urbana da cidade."
"27/02/2023";"15:36:19";2014;3;"Eleições Gerais 2014";"AM";"AM";"AMAZONAS";"AM000612014";"2014-10-09 00:00:00";"#NE";"20252668000133";"Instituto ARTHUR OLIVEIRA OLIVEIRA -  M.E";"#NE";"Governador";"2014-10-09 00:00:00";"2014-10-14 00:00:00";1000;"8602";"Diogo de Mello Brito da Silva";"45000,00";"Pesquisa quantitativa, que consiste na realização de entrevistas pessoais e domiciliares, com a aplicação de questionário estruturado junto a uma amostra representativa do eleitorado em estudo.";"1. Metodologia:
a)	Margem de erro = 2,9% para mais ou para menos
b)	Nível de confiança = 95%
c)	Amostra: 1.000 questionários
1.1	Definição da Amostra:
•	Filtro: ser residente no Estado do Amazonas e estar em condições do exercício de voto.
•	Entrevistas: Ambos os sexos, uniresidencias, por sorteio de quadras e domicílios.
•	A seleção do eleitor é acidental, de acordo com as cotas de ponderação segundo sexo, idade, grau de instrução, nível socioeconômico e distribuição geográfica.
•	Entrevistas estratificadas, urbanas/rurais, com a amostragem probabilística para todos os setores censitários – T.R.E- AM/IBGE.
1.2 Variáveis de ponderação da amostra:
1.2.1 Sexo:     
a)   Masculino = 49,3 %      
b) Feminino = 50,7 %
1.2.2 Faixas etárias:
a) De 16 a 24 = 20,5 %		b) De 25 a 34 = 27,3 %	
c) De 35 a 44 = 20,8 %		d) De 45 a 59 = 19,4 %
e) acima de 60 anos = 19,6 %
1.2.3 Instrução do Eleitor:
a)  Analfabeto 	=	  9,6%
b)  Fundamental 	=	42,1%
c)  Médio		=	41,9%
d) Superior		=	6,4%.
A pesquisa foi autoponderada para nível socioeconômico (peso da variável = 1). 
";"Checagem de, pelo menos, 20% dos questionários aplicados através de Supervisores de campo. Cada grupo de 06 pesquisadores = 01 Supervisor de Checagem Identificação de nome e endereço do entrevistado nos questionários aplicados. Nos casos em que o entrevistado se disponha a fornecer o telefone, checagem aleatória de um mínimo de três questões respondidas, por cada grupo de 20 entrevistados.
Processo de entrevista tipo “escada” onde somente serão abordados, no máximo, dois eleitores por face de quadra, necessariamente, residentes em lados opostos e com distância mínima de 10 casas.

Vale ressaltar que os questionários foram distribuídos em todas as regiões administrativas do Estado do Amazonas, de acordo com o peso eleitoral de cada uma das cidades. A coleta de dados será feita entre os dias 09 a 14 de Outubro de 2014.
Para a realização do trabalho em pauta, foram envolvidos os profissionais abaixo especificados:

a) 16 (dezesseis) pesquisadores;
b) 4 (quatro) coordenadores;
c) 1 (um) tabulador;
d) 1 (um) estatístico;
e) 1 (um) responsável pela pesquisa.
";"Cidades urbanas e administrativas. Conforme segue abaixo :
*Capital  - Manaus (55%)
Benjamin Constant (2,5%) – Tabatinga (3,8 %) – Humaitá (3,7% ) – Eurunepé (2,8%)
Itacoatiara (8,5 %) – Coari (6,3%) – Parantins (8,6 %) – Manacapuru (8,8 %)
•	Manaus* :  30 bairros : Centro, Betania, Nossa Senhora das Graças, Chapada, Nova Israel, São Raimundo, São Jorge, Vila da Prata, Alvorada, Redenção, Japeline, Petropolis, Morro da Liberdade, São Lazaro, Flores, Parque 10 de Novembro, Aleixo, São José, Jorge Teixeira, Tancredo Neves, Manauriznho, Gilberto Mestrinho, Zumbi, Cidade Nova, Montes das Oliveiras, Novo Aleixo, Cidade de Deus, Nova Cidade.
"
"27/02/2023";"15:36:19";2014;4;"Eleições Gerais Suplementares 2014";"AM";"AM";"AMAZONAS";"AM025062014";"2017-07-31 00:00:00";"S";"04816658000127";"EDITORA ANA CASSIA S.A.";"REDE DIARIO DE COMUNICACAO";"Governador";"2017-08-06 00:00:00";"2017-08-06 00:00:00";1000;"6586-AM";"JOSÉ RAIMUNDO GOMES PEREIRA";"13966,80";"A pesquisa será realizada diretamente nos locais de votação, no dia 06 de agosto de 2017. Os eleitores que já tenham votado serão argüidos em relação ao seu voto a uma escolha entre nove candidatos à prefeito de Manaus. A abrangência do trabalho estende-se aos diversos locais de votação referentes às treze zonas eleitorais do município de Manaus. Utilizar-se-á a técnica de amostragem estratificada cujos estratos serão constituídos por essas treze zonas eleitorais e/ou zonas geográficas. Os locais de votação a serem considerados serão escolhidos por sorteio. Os entrevistados serão selecionados de acordo com uma amostragem aleatória simples sem reposição.
Serão entrevistados 800 (oitocentos) eleitores na capital. O estudo será conduzido de modo que a margem de erro máxima seja de 3,1 pontos percentuais para mais ou para menos, com um intervalo de confiança a 95%, conforme Bussab&Morettin (2004), página 307. 
A população está definida como sendo o conjunto de eleitores com registro eleitoral no município de Manaus e aptos a votar nas eleições de 2017. 
";"O método de seleção amostral a ser utilizado será a amostragem aleatória estratificada para proporções (Bolfarine&Bussab, 2005, página 110). Os estratos correspondentes são definidos pelas respectivas zonas eleitorais, em um total treze (13) na capital. Em cada estrato é feito um processo de amostragem aleatória simples, o que implica em um sorteio aleatório de eleitores dentro de cada estrato. Isso garante uma representação adequada de outros estratos da população na amostra, definidos de acordo com outras variáveis, como sexo, idade, grau de instrução e nível econômico.";"O trabalho de coleta das informações no campo será feito utilizando-se uma equipe composta de vinte e quatro (24) pesquisadores de campo e seis (6) supervisores de campo e um coordenador geral da pesquisa de campo. A distribuição geográfica dos pesquisadores será organizada pelos respectivos supervisores de acordo com o plano amostral estabelecido.
Para controle, verificação e conferênia das informações coletadas, será obtida uma amostra aleatória simples de tamanho igual a 50 questionários. 
";"As oitocentas (800) entrevistas serão aplicadas nos locais de votação - bairros das treze (13) zonas eleitorais e/ou zonas geográficas de Manaus do TRE (os bairros das zonas podem ser encontrados em http://www.tre-am.gov.br). A criação e a divisão dos bairros da cidade de Manaus podem ser encontradas em http://www.manaus.am.gov.br. 
Nas Zonas Eleitorais e/ou Zonas Geográficas serão aplicados 1.000 questionários, assim distribuídos na tabela abaixo: 
 
BAIRROS	Nº de questionários a serem aplicados
ADRIANÓPOLIS	7
ALEIXO	14
ALVORADA	41
ALVORADA 2	1
ARMANDO MENDES	15
BETÂNIA	7
CACHOEIRINHA	11
CENTRO	20
CHAPADA	4
CIDADE DE DEUS	24
CIDADE NOVA	83
COLONIA ANTONIO ALEIXO	8
COLONIA OLIVEIRA MACHADO	4
COLONIA SANTO ANTONIO	3
COLONIA TERRA NOVA	20
COMPENSA	44
COROADO	31
CRESPO	7
DOM PEDRO	17
EDUCANDOS	8
FLORES	23
GILBERTO MESTRINHO	18
GLORIA	5
JAPIIM	30
Jorge Teixeira	57
LAGO AZUL	8
LÍRIO DO VALE	13
MAUAZINHO	11
MONTE DAS OLIVEIRAS	17
MORRO DA LIBERDADE	8
NOSSA SENHORA DAS GRAÇAS	9
NOSSA SENHORA DE APARECIDA	4
NOVA CIDADE	33
NOVA ESPERANÇA	8
NOVO ALEIXO	52
NOVO ISRAEL	13
PARQUE 10 DE NOVEMBRO	25
PAZ	9
PETROPOLIS	29
PLANALTO	6
PRAÇA 14 DE JANEIRO	9
PRESIDENTE VARGAS	3
Puraquequara	3
RAIZ	7
REDENÇÃO	24
SANTA ETELVINA	20
SANTA LUZIA	5
SANTO AGOSTINHO	5
SANTO ANTONIO	12
SÃO FRANCISCO	11
SÃO GERALDO	4
SÃO JORGE	14
SÃO JOSÉ OPERÁRIO	46
SÃO LÁZARO	7
SÃO RAIMUNDO	7
TANCREDO NEVES	26
TARUMÃ	19
TARUMÃ-AÇU	5
VILA BURITI	0
VILA DA PRATA	6
ZUMBI DOS PALMARES	20"
"27/02/2023";"15:36:19";2014;3;"Eleições Gerais 2014";"AM";"AM";"AMAZONAS";"AM000222014";"2014-08-01 00:00:00";"#NE";"84480946000192";"D M Duarte";"#NE";"Governador, Senador";"2014-08-07 00:00:00";"2014-08-15 00:00:00";2000;"8332";"ÉZIO LACERDA LOPES";"30000,00";"Pesquisa do tipo quantitativo, por amostragem, com aplicação de questionário estruturado com uso de um smarth phone e abordagem pessoal em pontos de fluxo em todas as cidades selecionadas para compor a amostra.";"a. Público pesquisado: eleitores residentes e domiciliados na área urbana de 13 municípios do Estado do Amazonas.
b. Tipo de amostra: aleatória em locais de grande fluxo de pessoas, com utilização de variáveis “sexo” e “idade” com cotas proporcionais ao universo pesquisado, tendo como base de cálculo os dados do TRE/AM-2014, e as variáveis “escolaridade”, “religião” e “renda familiar” como complemento da análise, não se aplicando, nesse caso, nenhum tipo de ponderada.
c. Ponderação: a pesquisa possui ponderação igual a 1 (um) para as variáveis “sexo” e “idade” devido à metodologia adotada (autoponderada). Para as variáveis “grau de escolaridade”, “religião” e “renda familiar” não se aplicará nenhuma ponderação devido aos dados secundários existentes do Estado do Amazonas serem totalmente desatualizados.
d. Intervalo de confiança / Margem de erro: a margem de erro máxima estimada é de 2,2%, para mais ou para menos, com um grau de confiabilidade de 95%. Isso significa que se fossem feitas 100 entrevistas com a mesma metodologia, 95 estariam dentro da margem de erro prevista.
";"Após a coleta de dados é realizada uma fiscalização, na base de dados coletada. O software grava as respostas dos entrevistados na parte das variáveis de controle e georeferencia o local exato da entrevista. Em caso de dúvida na consolidação dos dados ocorrerá através de contato telefônico uma checagem de 10% a 20% das entrevistas aplicadas.";"A pesquisa será realizada na seguinte proporção: Benjamin Constant 41 (quarenta e um); Coari 101 (cento e um); Eirunepé 44 (quarenta e quatro); Humaitá 58 (cinquenta e oito); Iranduba 44 (quarenta e quatro), Itacoatiara 116 (cento e dezesseis); Lábrea 49 (quarenta e nove); Manacapuru 104 (cento e quatro); Parintins 140 (cento e quarenta); São Gabriel da Cachoeira 59 (cinquenta e nove); Tabatinga 62 (sessenta e dois); e, Tefé 82 (oitenta e dois). Em Manaus, especificamente, a pesquisa será realizada nas seis zonas administrativas da cidade, que compreendem os seguintes bairros (oficiais), com a quantidade de entrevistados entre parênteses: ZONA CENTRO-OESTE: Alvorada (40 entrevistas), da Paz (09 entrevistas), Dom Pedro (11 entrevistas), Planalto (11 entrevistas) e Redenção (21 entrevistas); ZONA CENTRO-SUL: Chapada (08 entrevistas), Flores (33 entrevistas), Nossa Senhora das Graças (11 entrevistas), Parque 10 de Novembro (28 entrevistas) e Aleixo (13 entrevistas); ZONA LESTE: Armando Mendes (17 entrevistas), Colônia Antônio Aleixo (11 entrevistas), Coroado (32 entrevistas), Jorge Teixeira (71 entrevistas), Mauazinho (15 entrevistas), São José Operário (41 entrevistas), Tancredo Neves (31 entrevistas), Gilberto Mestrinho (35 entrevistas), e Zumbi dos Palmares (22 entrevistas); ZONA NORTE: Cidade Nova (76 entrevistas), Colônia Santo Antônio (11 entrevistas), Monte das Oliveiras (25 entrevistas), Novo Israel (10 entrevistas), Santa Etelvina (16 entrevistas), Novo Aleixo (60 entrevistas), Cidade de Deus (44 entrevistas), Nova Cidade (47 entrevistas), e Colônia Terra Nova (19 entrevistas); ZONA OESTE: Compensa (49 entrevistas), Lírio do Vale (13 entrevistas), Nova Esperança (12 entrevistas), Santo Agostinho (11 entrevistas), Santo Antônio (13 entrevistas), São Jorge (15 entrevistas), São Raimundo (09 entrevistas), Vila da Prata (07 entrevistas), Tarumã (19 entrevistas) e Tarumã-Açu (08 entrevistas); ZONA SUL: Betânia (08 entrevistas), Cachoeirinha (12 entrevistas), Centro (22 entrevistas), Crespo (11 entrevistas), Educandos (11 entrevistas), Japiim (37 entrevistas), Morro da Liberdade (08 entrevistas), Petrópolis (29 entrevistas), Praça 14 de Janeiro (07 entrevistas), Raiz (11 entrevistas), São Francisco (12 entrevistas) e São Lázaro (08 entrevistas). OBS: os bairros Adrianópolis, São Geraldo, Puraquequara, Distrito Industrial II, Lago Azul, Glória, Ponta Negra, Colônia Oliveira Machado, Nossa Senhora de Aparecida, Santa Luzia, Presidente Vargas, Distrito Industrial I e Vila Buriti não atingem proporcionalmente o número mínimo de entrevistas para levantamento de dados."
"27/02/2023";"15:36:19";2014;3;"Eleições Gerais 2014";"AM";"AM";"AMAZONAS";"AM000552014";"2014-10-07 00:00:00";"#NE";"84480946000192";"D M Duarte";"#NE";"Governador";"2014-10-08 00:00:00";"2014-10-12 00:00:00";1000;"8.332";"Ézio Lacerda Lopes";"12000,00";"Esta pesquisa é quantitativa através de uma amostragem probabilística e aleatória, levando-se em consideração o comparecimento do primeiro turno nas eleições de 2014, sendo: 59,3% da capital e 40,7% no interior. Cada entrevista será realizada aleatoriamente dentre quinze números disponíveis para esta, podendo sê-la para telefone fixo ou móvel.";"a. Público pesquisado: eleitores com telefone residencial ou móvel, residentes e domiciliados em Manaus e em 08 municípios do Estado do Amazonas.
b. Tipo de amostra: aleatória com o sorteio dos números de telefone de todas as operadoras de telefones fixos e móveis, tendo como base os prefixos de cada uma delas, ou seja, XXXX-0001 a XXXX-9999. A entrevista será realizada por telefone e digitada, posteriormente, no software SPHINX. O número de entrevistas por município e/ou bairro é proporcional ao número de eleitores que compareceram no primeiro turno nas eleições de 2014, conforme os dados do TRE/AM-2014 e do IBGE. As variáveis “escolaridade”, “religião” e “renda familiar”, como complemento da análise, não serão aplicadas, nesse caso, para nenhum tipo de ponderação.
c. Ponderação: a pesquisa possui ponderação igual a 1 (um) para as variáveis “sexo” e “idade” devido à metodologia adotada (autoponderada). Para as variáveis “grau de escolaridade”, “religião” e “renda familiar” não se aplicará nenhuma ponderação devido aos dados secundários existentes do Estado do Amazonas serem totalmente desatualizados.
d. Intervalo de confiança / Margem de erro: a margem de erro máxima estimada é de 3,1%, para mais ou para menos, com um grau de confiabilidade de 95%. Isso significa que se fossem feitas 100 entrevistas com a mesma metodologia, 95 estariam dentro da margem de erro prevista.";"Após a coleta de dados é realizada uma fiscalização, na base dos dados coletados, onde ocorre a fiscalização por um supervisor, através de um novo contato telefônico, para uma checagem de 10% das entrevistas aplicadas.";"A pesquisa será realizada em 08 municípios do interior do estado e na capital, na seguinte proporção, com a quantidade de entrevistados entre parênteses: Parintins (75); Itacoatiara (77); Manacapuru (74); Coari (51); Tefé (44); Tabatinga (34); Humaitá (32); e, Eirunepé (20). Em Manaus, especificamente, a pesquisa será realizada na área urbana da cidade."
"27/02/2023";"15:36:19";2014;4;"Eleições Gerais Suplementares 2014";"AM";"AM";"AMAZONAS";"AM056992014";"2017-07-08 00:00:00";"S";"14614894000114";"ERIC LIMA BARBOSA - ME";"PONTUAL PESQUISAS";"Governador";"2017-07-10 00:00:00";"2017-07-14 00:00:00";3087;"9079";"Alice Nascimento de Assis";"30000,00";"A pesquisa será realizada envolvendo municípios do estado do Amazonas sendo os seguintes: Benjamin Constant, Tabatinga, Tefé, Coari, Manacapuru, Itacoatiara, Parintins e todos os bairros pertencentes às 13 (treze) zonas eleitorais do município de Manaus (a definição das zonas pode ser encontrada em http://www.tre-am.gov.br). Do qual a população de estudo será o conjunto de eleitores com 16 anos ou mais, com registro eleitoral nos municípios do Amazonas e estando aptos a votar nas eleições suplementares do governo do Amazonas. A metodologia aplicada pela Pontual Pesquisas obedecerá a técnica de pesquisa quantitativa por meio de aplicação de questionário estruturado a rigor de cálculo de amostragem probabilística aleatória simples. A coleta de dados ocorrerá nos dias 10, 11, 12, 13  14 de Julho nos municípios citados e nos bairros das 13 (treze) na capital do estado. A Pontual Pesquisa utilizará questionários previamente validado através de estudo piloto, por equipe treinada sendo composta por 18 entrevistadores, 01 supervisor e 01 coordenador na área geográfica determinada de acordo com dados do IBGE.";"O delineamento amostral aplicado ocorrerá através de amostra aleatória estratificada, do qual cada estrato será representado por bairros dos municípios de Benjamin Constant, Tabatinga, Tefé, Coari, Manacapuru, Itacoatiara, Parintins e Manaus, dentro de cada estrato será realizada uma amostra probabilística simples. Sendo assim, o levantamento realizado com cada eleitor pertencente ao bairro alvo da pesquisa. Cada entrevistado será através de sorteio aleatório simples, representando que todo tem a mesma chance de ser sorteado para o estudo, garantindo assim metodologia adequada de representações para as variáveis que apresentam ponderações quanto a sexo, idade, grau de instrução e nível econômico. Serão realizadas 1380 entrevistas eleitorais no interior e 1707 entrevistas na capital com margem de erro máxima de 5,0 pontos percentuais para mais ou para menos, através de intervalo de confiança de 95%, conforme Morettin (2009) página 229.   ";"Para controle, verificação e conferência das informações coletadas será desenvolvido trabalho com equipes composta de 18 entrevistadores, 01 supervisores, 01 coordenador. Neste estudo, os supervisores e coordenadores serão responsáveis por realizar conferência de 10% dos questionários preenchidos em campo, procedimento adotado para efeito de verificação e coerência das informações coletadas.";"As coletas serão realizadas nas seguintes zonas e bairros definidos para esta pesquisa
INTERIOR: BENJAMIN CONSTANT (93), TABATINGA (145), TEFÉ (171), COARI (211), MANACAPURU (236), ITACOATIARA (241), PARINTINS (283)
CAPITAL: ZONA-OESTE: Dom Pedro (27); Alvorada (66); Planalto (10); Da Paz (15); Redenção (39); ZONA CENTRO SUL: Adrianópolis (12); Nossa Senhora das Graças (15); Parque 10 (43); São Geraldo (7); Chapada (6); Aleixo (22); Flores (39); ZONA LESTE: Colônia Antônio Aleixo (14); Coroado (53); São José Operário (84); Armando Mendes (25); Zumbi dos Palmares (34); Mauazinho (19); Jorge Teixeira (104); Tancredo Neves (45); Gilberto Mestrinho (30); ZONA NORTE: Cidade Nova (146); Colônia Santo Antônio (5); Novo Aleixo (89); Novo Israel (22); Lago Azul (14); Santa Etelvina (32); Colônia Terra Nova (33); Monte das Oliveiras (29); Nova Cidade (57); Cidade de Deus (41); ZONA OESTE: São Raimundo (12); São Jorge (24); Glória (8); Santo Antônio (21); Vila da Prata (10); Compensa (79); Nova Esperança (13); Lírio do Vale (22); Santo Agostinho (17); Tarumã - Açu (9); Tarumã (31); ZONA SUL: Centro (34); Nossa Senhora Aparecida (6); Praça 14 (16); Cachoerinha (18); Santa Luzia (9); Raiz (12); Morro da Liberdade (14); Educandos (15); São Francisco (18); Colônia Oliveira Machado (7); Betânia (11); Japiim (51); São Lázaro (12); Petrópolis (49); Crespo (12).

"
"27/02/2023";"15:36:19";2014;4;"Eleições Gerais Suplementares 2014";"AM";"AM";"AMAZONAS";"AM053952014";"2017-07-10 00:00:00";"S";"84480946000192";"DD MIDIA E PESQUISA LTDA - EPP";"THE VOICE PESQUISA 365";"Governador";"2017-07-11 00:00:00";"2017-07-17 00:00:00";2000;"8332";"Ézio Lacerda Lopes";"30000,00";"III.	METODOLOGIA E PERÍODO DE REALIZAÇÃO DA PESQUISA: Pesquisa do tipo quantitativo, por amostragem em pontos de fluxo, 
com aplicação de questionário estruturado.
A entrevista e voluntaria é confidencial.
A coleta de dados ocorrera entre os dias 11 a 17 de Julho de 2017.
";"IV.	PLANO AMOSTRAL:
a.	Público pesquisado: Eleitores de Manaus e mais 20 cidades do interior (Parintins 81; Itacoatiara 78; Manacapuru 78; Coari 61; Tefé 49; Maués 38; Tabatinga 38; Humaitá 36; São Gabriel da Cachoeira 36; Manicoré 35; Iranduba 34; Autazes 30; Lábrea 29; Presidente Figueiredo 27; Eirunepé 26; Boca do Acre 26; Borba 25; Careiro 25; Benjamin Constant 25 e Carauari 23.
b.	Tipo de amostra: Tamanho da amostra: serão realizadas 2.000 (duas mil) entrevistas, sendo 1200 (hum mil e duzentas) na capital e 800 (oitocentas) no interior. 
c.	Ponderação: A pesquisa possui ponderação igual a 1 (um) para as variáveis, sexo e idade por reproduzir na amostra a proporção aproximada dos números oficiais do TRE-AM. As variáveis grau de instrução e nível econômico não se aplicará nenhuma ponderação. A relação completa dos bairros (da capital) incluídos no levantamento será encaminhado a esse tribunal posteriormente.
d. 	Intervalo de credibilidade / Margem de erro: A margem de erro máxima estimada é de 2,2 pontos percentuais. Grau de confiabilidade de 95%. Isso significa que se fossem feitas 100 entrevistas com a mesma metodologia, 95 estariam dentro da margem de erro prevista.
";"V.	SISTEMA INTERNO DE CONTROLE E VERIFICAÇÃO, CONFERÊNCIA E FISCALIZAÇÃO DA COLETA DE DADOS E DO TRABALHO DE CAMPO: A equipe envolvida neste projeto foi devidamente treinada e toda a operação será realizada com equipamentos eletrônicos. Após a coleta de dados é realizada uma fiscalização de no mínimo 20% das entrevistas aplicadas e a analise de consistência dos dados coletados.";"Na ausência de delimitação do bairro, será identificada a área em que foi realizada a pesquisa (conforme §6º. do art. 2º. da Resolução-TSE nº. 23.453/2015, Até o sétimo dia seguinte ao registro da pesquisa, será ele complementado com os dados relativos aos bairros abrangidos; na ausência de delimitação do bairro, será identificada a área em que foi realizada)."
"27/02/2023";"15:36:19";2014;4;"Eleições Gerais Suplementares 2014";"AM";"AM";"AMAZONAS";"AM072582014";"2017-07-26 00:00:00";"S";"84480946000192";"DD MIDIA E PESQUISA LTDA - EPP";"THE VOICE PESQUISA 365";"Governador";"2017-07-27 00:00:00";"2017-07-29 00:00:00";1000;"8332";"Ézio Lacerda Lopes";"12000,00";"III.	METODOLOGIA E PERÍODO DE REALIZAÇÃO DA PESQUISA: Pesquisa do tipo quantitativo, por amostragem em pontos de fluxo, com aplicação de questionário estruturado.
A entrevista e voluntaria é confidencial.
A coleta de dados ocorrera entre os dias 27 a 29 de Julho de 2017.";"IV.	PLANO AMOSTRAL: 
a.	Público pesquisado: Eleitores de Manaus (Cidade Nova 52; Novo Aleixo 41; Cidade de Deus 30; Nova Cidade 26; Monte das Oliveiras 19; Jorge Teixeira 51; São Jose Operário 30; Gilberto Mestrinho 25; Coroado 23; Tancredo Neves 22; Japiim 32; Petrópolis 24; Centro 20; Cachoeirinha 10; São Francisco 10; Compensa 39; Tarumã 14; São Jorge 11; Lírio do Vale 11; Santo Antônio 10; Flores 22; Parque 10 de Novembro 19; Aleixo 10; Alvorada 27; Redenção 15 e Dom Pedro I 7.) e mais 5 cidades do interior (Parintins 93; Itacoatiara 90; Manacapuru 89; Coari 71 e Tefé 57).
b.	Tipo de amostra: Tamanho da amostra: serão realizadas 1.000 (hum mil) entrevistas, sendo 600 (seiscentas) na capital e 400 (quatrocentas) no interior. 
c.	Ponderação: A pesquisa possui ponderação igual a 1 (um) para as variáveis, sexo e idade por reproduzir na amostra a proporção aproximada dos números oficiais do TRE-AM. As variáveis grau de instrução e nível econômico não se aplicará nenhuma ponderação. A relação completa dos bairros (da capital) incluídos no levantamento será encaminhado a esse tribunal posteriormente.
d. 	Intervalo de credibilidade / Margem de erro: A margem de erro máxima estimada é de 3,1 pontos percentuais. Grau de confiabilidade de 95%. Isso significa que se fossem feitas 100 entrevistas com a mesma metodologia, 95 estariam dentro da margem de erro prevista.
";"V.	SISTEMA INTERNO DE CONTROLE E VERIFICAÇÃO, CONFERÊNCIA E FISCALIZAÇÃO DA COLETA DE DADOS E DO TRABALHO DE CAMPO: A equipe envolvida neste projeto foi devidamente treinada e toda a operação será realizada com equipamentos eletrônicos. Após a coleta de dados é realizada uma fiscalização de no mínimo 20% das entrevistas aplicadas e a analise de consistência dos dados coletados.";"Na ausência de delimitação do bairro, será identificada a área em que foi realizada a pesquisa (conforme §6º. do art. 2º. da Resolução-TSE nº. 23.453/2015, Até o sétimo dia seguinte ao registro da pesquisa, será ele complementado com os dados relativos aos bairros abrangidos; na ausência de delimitação do bairro, será identificada a área em que foi realizada)."
"27/02/2023";"15:36:19";2014;4;"Eleições Gerais Suplementares 2014";"AM";"AM";"AMAZONAS";"AM092982014";"2017-08-18 00:00:00";"S";"04816658000127";"EDITORA ANA CASSIA S.A.";"REDE DIARIO DE COMUNICACAO";"Governador";"2017-08-20 00:00:00";"2017-08-24 00:00:00";1600;"6586-AM";"José Raimundo Gomes Pereira";"38608,43";"	A pesquisa será realizada nos dias 20, 21, 22, 23 e 24 de agosto de 2017, envolvendo diversos bairros do município de Manaus e 12 (doze) municípios do interior do estado do Amazonas. Serão entrevistados 1000 (mil) eleitores na capital e 600 (seiscentos) nos municípios selecionados do interior do Estado do Amazonas. O estudo será conduzido de modo que a margem de erro máxima seja de 2,45 pontos percentuais para mais ou para menos, com um intervalo de confiança a 95%. 
	A população está definida como sendo o conjunto de eleitores com registro eleitoral no Estado do Amazonas, aptos a votar nas eleições suplementares de 2017. 
O levantamento será domiciliar, sendo entrevistado um único eleitor por domicílio. Os domicílios serão escolhidos através de sorteio, tendo todos iguais chances de fazer parte da amostra. Somente serão entrevistados eleitores cujo domicílio está em um bairro que faz parte de sua zona eleitoral e que estejam aptos a votar nas eleições suplementares de 2017, com sua situação devidamente regularizada no TRE.
	O método de seleção amostral a ser utilizado será a amostragem aleatória estratificada para proporções. Os estratos correspondentes são definidos pelas respectivas zonas eleitorais. Em cada estrato é feito um processo de amostragem aleatória simples, o que implica em um sorteio aleatório de eleitores dentro de cada estrato. ";"	O método de seleção amostral a ser utilizado será a amostragem aleatória estratificada para proporções. Os estratos correspondentes são definidos pelas respectivas zonas eleitorais dos municípios selecionados. Em cada estrato é feito um processo de amostragem aleatória simples, o que implica em um sorteio aleatório de eleitores dentro de cada estrato. Isso garante uma representação adequada de outros estratos da população na amostra, definidos de acordo com outras variáveis, como sexo, idade, grau de instrução e nível econômico.";"	O trabalho de coleta das informações no campo será feito utilizando-se uma equipe composta de vinte e quatro (24) pesquisadores e cinco (s5) supervisores de campo e um coordenador geral do campo. A distribuição geográfica dos pesquisadores será organizada pelos respectivos supervisores de acordo com o plano amostral estabelecido.
	Para controle, verificação e conferência das informações coletadas, será obtida uma amostra aleatória simples de tamanho igual a 50 questionários. 
";"	As mil e seiscentas (1.600) entrevistas serão realizadas nos bairros das zonas eleitorais de Manaus (os bairros das zonas podem ser encontrados em http://www.tre-am.gov.br) e em 12 municípios do interior. 
	Nos bairros do município de Manaus serão aplicados 1.000 (mil) questionários, assim distribuídos na tabela abaixo: 

BAIRROS	Nº de questionários a serem aplicados
ADRIANÓPOLIS	7
ALEIXO	14
ALVORADA	41
ALVORADA 2	1
ARMANDO MENDES	15
BETÂNIA	7
CACHOEIRINHA	11
CENTRO	20
CHAPADA	4
CIDADE DE DEUS	24
CIDADE NOVA	83
COLONIA ANTONIO ALEIXO	8
COLONIA OLIVEIRA MACHADO	4
COLONIA SANTO ANTONIO	3
COLONIA TERRA NOVA	20
COMPENSA	44
COROADO	31
CRESPO	7
DOM PEDRO	17
EDUCANDOS	8
FLORES	23
GILBERTO MESTRINHO	18
GLORIA	5
JAPIIM	30
JORGE TEIXEIRA	57
LAGO AZUL	8
LÍRIO DO VALE	13
MAUAZINHO	11
MONTE DAS OLIVEIRAS	17
MORRO DA LIBERDADE	8
NOSSA SENHORA DAS GRAÇAS	9
NOSSA SENHORA DE APARECIDA	4
NOVA CIDADE	33
NOVA ESPERANÇA	8
NOVO ALEIXO	52
NOVO ISRAEL	13
PARQUE 10 DE NOVEMBRO	25
PAZ	9
PETROPOLIS	29
PLANALTO	6
PRAÇA 14 DE JANEIRO	9
PRESIDENTE VARGAS	3
PURAQUEQUARA	3
RAIZ	7
REDENÇÃO	24
SANTA ETELVINA	20
SANTA LUZIA	5
SANTO AGOSTINHO	5
SANTO ANTONIO	12
SÃO FRANCISCO	11
SÃO GERALDO	4
SÃO JORGE	14
SÃO JOSÉ OPERÁRIO	46
SÃO LÁZARO	7
SÃO RAIMUNDO	7
TANCREDO NEVES	26
TARUMÃ	19
TARUMÃ-AÇU	5
VILA BURITI	0
VILA DA PRATA	6
ZUMBI DOS PALMARES	20


	Nos municípios selecionados do interior do Estado Amazonas serão aplicados 600 (seiscentos) questionários, assim distribuídos por bairro:


BORBA: Nº de questionários a serem aplicados 27
		

CAREIRO DA VÁRZEA: Nº de questionários a serem aplicados 20



COARI: Nº de questionários a serem aplicados 65



IRANDUBA: Nº de questionários a serem aplicados 38




ITACOATIARA: Nº de questionários a serem aplicados 86



MANACAPURU: Nº de questionários a serem aplicados 85



HUMAITÁ: Nº de questionários a serem aplicados 39



PARINTINS: Nº de questionários a serem aplicados 87



RIO PRETO DA EVA: Nº de questionários a serem aplicados 20 




TABATINGA: Nº de questionários a serem aplicados 41


SÃO GABRIEL DA CACHOEIRA: Nº de questionários a serem aplicados 39





TEFÉ: Nº de questionários a serem aplicados 53"
"27/02/2023";"15:36:19";2014;3;"Eleições Gerais 2014";"AM";"AM";"AMAZONAS";"AM000132014";"2014-06-02 00:00:00";"#NE";"68802370000186";"IBOPE INTELIGÊNCIA PESQUISA E CONSULTORIA LTDA. ";"#NE";"Governador, Senador";"2014-05-31 00:00:00";"2014-06-07 00:00:00";812;"6208-A";"Márcia Cavallari Nunes";"101000,00";"Pesquisa quantitativa, que consiste na realização de entrevistas pessoais, com a aplicação de questionário estruturado junto a uma amostra representativa do eleitorado em estudo.";"Representativa do eleitorado da área em estudo, elaborada em três estágios. No primeiro estágio faz-se um sorteio probabilístico dos municípios, onde as entrevistas serão realizadas, pelo método PPT (Probabilidade Proporcional ao Tamanho), tomando o eleitorado como base para tal seleção. No segundo estágio faz-se um sorteio probabilístico dos setores censitários, onde as entrevistas serão realizadas, pelo método PPT (Probabilidade Proporcional ao Tamanho), tomando a população de 16 anos ou mais residente nos setores como base para tal seleção. No terceiro e último estágio, dentro dos setores sorteados, os respondentes são selecionados através de quotas amostrais proporcionais em função de variáveis significativas, a saber: IDADE: 16-24 (masculino) 24% (feminino) 24%; 25-34 (masculino) 28% (feminino) 28%; 35-44 (masculino) 20% (feminino) 20%; 45-54 (masculino) 13% (feminino) 13%; 55 e+ (masculino) 14% (feminino) 15%; INSTRUÇÃO: Até Ensino Médio (masculino) 86% (feminino) 84%; Ensino Superior (masculino) 14% (feminino) 16%; NÍVEL ECONÔMICO: Economicamente ativo (masculino) 81% (feminino) 51%; Não Economicamente ativo (masculino) 19% (feminino) 49%. Está prevista eventual ponderação para correção das variáveis sexo e idade, com base nos percentuais anteriormente mencionados, caso ocorram diferenças superiores a 3 pontos percentuais entre o previsto na amostra e a coleta de dados realizada. Para as variáveis de grau de instrução e nível econômico do entrevistado, o fator previsto para ponderação é 1 (resultados obtidos em campo). O nível de confiança estimado é de 95% e a margem de erro máxima estimada considerando um modelo de amostragem aleatório simples, é de 3 (três) pontos percentuais para mais ou para menos sobre os resultados encontrados no total da amostra. FONTE DOS DADOS: Censo 2010 | PNAD 2012 | TSE 2012";"Para a realização da pesquisa, utiliza-se uma equipe de entrevistadores e supervisores contratados pelo IBOPE INTELIGÊNCIA PESQUISA E CONSULTORIA LTDA. devidamente treinados para o trabalho. Após os trabalhos de campo, os questionários são submetidos a uma fiscalização de 20% (vinte por cento) dos questionários aplicados pelos entrevistadores; para verificação das respostas e da adequação dos entrevistadores aos parâmetros amostrais.";"A área de abrangência da coleta é o estado do Amazonas. A relação dos municípios selecionados para aplicação da amostra será apresentada até o 7º dia seguinte ao registro da pesquisa, conforme expresso no art. 2º, §5º da Resolução 23.400/2013 do TSE."
"27/02/2023";"15:36:19";2014;3;"Eleições Gerais 2014";"AM";"AM";"AMAZONAS";"AM000402014";"2014-09-08 00:00:00";"#NE";"06023655000161";"A F SOARES MARKETING E PESQUISAS DE MERCADO LTDA";"#NE";"Governador, Senador";"2014-09-02 00:00:00";"2014-09-10 00:00:00";2100;"7117-A ";"JOÃO CALDAS DO LAGO NETO ";"75000,00";"Survey, quantitativa, descritiva, transversal. Pesquisa de campo (dados primários). Amostragem não probabilística, estratificada por cotas. Universo: eleitores residentes e domiciliados na área urbana dos municípios pesquisados. Coleta dos dados: questionário estruturado, aplicado de modo presencial em entrevista direta ou face-to-face. Tratamento dos dados: estatística descritiva (Média, mediana, desvio-padrão),  analise de normalidade (Skewness e curtosis) e análises multivariadas (AFE – Análise Fatorial Exploratória). ";"O universo da pesquisa é de acordo com o TRE AM – Tribunal Regional Eleitoral do Estado do Amazonas, formado por 2.226.894 eleitores (atualizado em 21/07/2014, às 09:55) aptos a votar no Amazonas. O tamanho da amostra será de 2.100 indivíduos. O erro amostral para a amostra é de 2% para mais ou menos, considerando um nível de confiança de 95%. A pesquisa será aplicada em todas as seis zonas administrativas de Manaus e mais 29 municípios conforme, ponderação descrita a seguir: divisão por meio da proporcionalidade ao tamanho do Universo da amostra entre zonas administrativas e bairros; seguida pela amostra aleatória simples distribuída por setores censitários marcados pelos quarteirões onde cada pesquisador terá conhecimento de sua área de abrangência em mapa elaborado no Software Arc Map 11.0. As entrevistas serão realizadas por 70 pesquisadores de campo, sob coordenação de 7 coordenadores de equipes subordinados ao Setor de Coleta de Dados da Action. Para estabelecer a distribuição da amostra total (2.100 indivíduos) foi utilizado o Software Sphinx na função ponderação pelo critério PPT. Desta forma foram estimadas as frequências absolutas (ao lado de suas respectivas frequências relativas) para cada município, de acordo com a sua proporção na amostra. A distribuição prevista foi, para MANAUS 1.173 (55,9%); PARINTINS 88 (4,2%), ITACOATIARA 75 (3,6%), MANACAPURU 71 (3,4%), COARI 63 (3,0%), TEFÉ 51 (2,4%), MAUÉS 39 (1,9%), TABATINGA 39 (1,8%), SÃO GABRIEL DA CACHOEIRA 37 (1,7%), HUMAITÁ 36 (1,7%), MANICORÉ 35 (1,7%), LÁBREA 30 (1,4%), AUTAZES 30 (1,4%), IRANDUBA 28 (1,4%), EIRUNEPÉ 28 (1,3%), BENJAMIN CONSTANT 26 (1,2%), BOCA DO ACRE 26 (1,2%), BORBA 26 (1,2%), CARAUARI 24 (1,2%), PRESIDENTE FIGUEIREDO 23 (1,1%), NOVA OLINDA DO NORTE 21 (1,0%), SÃO PAULO DE OLIVENÇA 20 (1,0%), CODAJÁS 19 (0,9%), FONTE BOA 18 (0,9%), TAPAUÁ 16 (0,8%), RIO PRETO DA EVA 16 (0,8%), MARAÃ 12 (0,5%), TONANTINS 11 (0,5%), UARINI 10 (0,5%), ITAPIRANGA 9 (0,4%), no TOTAL 2.100 (100%). Gênero Masculino 1.008 (48%), Feminino 1.092 (52%) no TOTAL 2.100 (100%).  Faixa etária De 16 a 19 anos 273 (13%), De 20 a 29 anos 651 (31%), De 30 a 39 anos 504 (24%), De 40 a 49 anos 336 (16%), De 50 a 59 anos 210 (10%), Igual ou superior a 60 anos 126 (6%), no TOTAL 2.100 (100%). Renda Familiar Média Mensal Menor que 1 SM 1.386 (66%), Mais de 1 SM a 2 SM 315 (15%), Mais de 2 SM a 5 SM 168 (8%), Maior que 5 SM 63 (3%), Sem rendimentos 168 (8%), no TOTAL 2.100 (100%). Em Manaus a Ponderação por zonas administrativas será Norte 317 (27%), Sul 199 (17%), Centro-Sul 106 (9%), Oeste 164 (14%), Centro-Oeste 106 (9%) e Leste 281 (24%), no TOTAL de 1.173 (100%.)";"O controle será exercido por verificação física do preenchimento dos questionários, checagem das respostas em 20% dos indivíduos em cada lote de 50 questionários, desta forma, todos os pesquisadores serão avaliados. Primeiramente o controle da qualidade excluirá os questionários sem preenchimento de um bloco de questões abertas ou fechadas, com rasuras sem justificativas, com incoerências. Em uma segunda etapa, após digitação e correção dos dados, as variáveis correlatas serão cruzadas e os questionários que apresentarem incoerências ou anormalidade, segundo a distância de Mahalanobis, serão excluídos e substituídos por outros coletados como excedente ou reposição de cotas. 
";"Atendendo às exigências do Capítulo I, do art. 2º. § 5º da Resolução-TSE nº. 23.400/2013, indicam-se as zonas a serem exploradas na pesquisa, sendo que em, até 24 horas após a divulgação de resultados, serão enviados os dados referentes aos respectivos municípios. Para tanto repetimos a informação quanto a estimativa da distribuição dos indivíduos na amostra, para MANAUS 1.173 (55,9%); PARINTINS 88 (4,2%), ITACOATIARA 75 (3,6%), MANACAPURU 71 (3,4%), COARI 63 (3,0%), TEFÉ 51 (2,4%), MAUÉS 39 (1,9%), TABATINGA 39 (1,8%), SÃO GABRIEL DA CACHOEIRA 37 (1,7%), HUMAITÁ 36 (1,7%), MANICORÉ 35 (1,7%), LÁBREA 30 (1,4%), AUTAZES 30 (1,4%), IRANDUBA 28 (1,4%), EIRUNEPÉ 28 (1,3%), BENJAMIN CONSTANT 26 (1,2%), BOCA DO ACRE 26 (1,2%), BORBA 26 (1,2%), CARAUARI 24 (1,2%), PRESIDENTE FIGUEIREDO 23 (1,1%), NOVA OLINDA DO NORTE 21 (1,0%), SÃO PAULO DE OLIVENÇA 20 (1,0%), CODAJÁS 19 (0,9%), FONTE BOA 18 (0,9%), TAPAUÁ 16 (0,8%), RIO PRETO DA EVA 16 (0,8%), MARAÃ 12 (0,5%), TONANTINS 11 (0,5%), UARINI 10 (0,5%), ITAPIRANGA 9 (0,4%), no TOTAL 2.100 (100%). Gênero Masculino 1.008 (48%), Feminino 1.092 (52%) no TOTAL 2.100 (100%).  Faixa etária De 16 a 19 anos 273 (13%), De 20 a 29 anos 651 (31%), De 30 a 39 anos 504 (24%), De 40 a 49 anos 336 (16%), De 50 a 59 anos 210 (10%), Igual ou superior a 60 anos 126 (6%), no TOTAL 2.100 (100%). Renda Familiar Média Mensal Menor que 1 SM 1.386 (66%), Mais de 1 SM a 2 SM 315 (15%), Mais de 2 SM a 5 SM 168 (8%), Maior que 5 SM 63 (3%), Sem rendimentos 168 (8%), no TOTAL 2.100 (100%). Em Manaus a Ponderação por zonas administrativas será Norte 317 (27%), Sul 199 (17%), Centro-Sul 106 (9%), Oeste 164 (14%), Centro-Oeste 106 (9%) e Leste 281 (24%), no TOTAL de 1.173 (100%.)"
"27/02/2023";"15:36:19";2014;3;"Eleições Gerais 2014";"AM";"AM";"AMAZONAS";"AM000582014";"2014-10-07 00:00:00";"#NE";"03079221000195";"DMP DESIGN MARKETING E PROPAGANDA LTDA";"#NE";"Governador";"2014-10-10 00:00:00";"2014-10-16 00:00:00";2000;"8940";"ERICO JANDER DA SILVA LOPES";"40000,00";"A metodologia da pesquisa realizada pela DMP, é uma pesquisa quantitativa com utilização de questionário
estruturado, e amostragem probabilística simples, com efetuação de entrevistas pessoais em pontos de fluxo
populacional, tendo por universo o eleitorado de Manaus e 8 outros municípios do estado, obedecendo ao
regime de quotas (base TSE de 2012/Censo 2010) por densidade eleitoral das regiões, sexo, idade, grau de
instrução e nível econômico e com o número de entrevistas proporcionais ao número de eleitores do interior do
Estado do Amazonas. Esta metodologia assegura a representatividade de todos os segmentos sociais da
população em qualquer Estado, sendo incluídas na amostra as zonas geográficas descritas no questionário.";"O plano Amostral segundo os itens exigidos por lei segue descritos: Universo  Eleitorado do Estado do
Amazonas, com 16 anos ou mais na área urbana e em 7 municípios do interior do Estado do Amazonas
selecionados de forma sistemática conforme características geográficas e com amostragem proporcional por
bairro dentro de cada município. Amostragem, coeficiente de confiança, margem de erro: A pesquisa DMP vai
entrevistar 2000 eleitores. A amostra garante a nível estadual uma margem de erro de 2,2% para um intervalo e
confiança de 95%. As ponderações em relação a sexo, idade, grau de instrução e nível econômico, descritas
nas perguntas 1 a 4 do questionário, serão realizadas para refletir estatisticamente a proporção do eleitorado
consultado, conforme percentuais SEXO: TSE/JUNHO/2012 % Masculino 48,2 Feminino 51,8 FAIXA ETÁRIA:
TSE/JUNHO/2012 % De 16 a 17 anos 2,0; De 18 a 24 anos 18; De 25 a 34 anos 28,5; De 35 a 44 anos 21,6;
De 45 a 59 anos 19,8; Mais de 60 anos 9,8; GRAU DE INSTRUÇÃO: TSE/JUNHO2012: % Analfabeto / 1 ano
ou menos de estudo 9,6; Ensino Fundamental (incompleto/completo) 42,1 Ensino Médio (incompleto/completo)
41,9 Superior (incompleto/completo) 6,4 - FAIXA DE RENDA: Até 724,00; De R$ 724,01 a R$2.172,00; De R$
2.172,01 a R$ 3.620,00: Acima de R$ 3.620,00.";"Sistema interno de controle, verificação, conferência e fiscalização da coleta de dados e do trabalho de campo
é assim descrito: Durante o trabalho de campo são checadas as entrevistas (externa), internamente, os dados
de diferentes questões são pré-processados e cruzados entre si, e também é feita a conferencia por meio de
ligações telefônicas de 10% dos entrevistados sorteados de forma aleatória.";"#NULO#"
"27/02/2023";"15:36:19";2014;4;"Eleições Gerais Suplementares 2014";"AM";"AM";"AMAZONAS";"AM040412014";"2017-07-28 00:00:00";"S";"84480946000192";"DD MIDIA E PESQUISA LTDA - EPP";"THE VOICE PESQUISA 365";"Governador";"2017-08-02 00:00:00";"2017-08-04 00:00:00";1000;"8332";"Ézio Lacerda Lopes";"12000,00";"III.	METODOLOGIA E PERÍODO DE REALIZAÇÃO DA PESQUISA: Pesquisa do tipo quantitativo, por amostragem em pontos de fluxo, com aplicação de questionário estruturado.
A entrevista e voluntaria é confidencial.
A coleta de dados ocorrera entre os dias 02 a 04 de Agosto de 2017.";"IV.	PLANO AMOSTRAL:
a.	Público pesquisado: Eleitores de Manaus (Cidade Nova 52; Novo Aleixo 41; Cidade de Deus 30; Nova Cidade 26; Monte das Oliveiras 19; Jorge Teixeira 51; São Jose Operário 30; Gilberto Mestrinho 25; Coroado 23; Tancredo Neves 22; Japiim 32; Petrópolis 24; Centro 20; Cachoeirinha 10; São Francisco 10; Compensa 39; Tarumã 14; São Jorge 11; Lírio do Vale 11; Santo Antônio 10; Flores 22; Parque 10 de Novembro 19; Aleixo 10; Alvorada 27; Redenção 15 e Dom Pedro I 7.) e mais 5 cidades do interior (Parintins 93; Itacoatiara 90; Manacapuru 89; Coari 71 e Tefé 57).
b.	Tipo de amostra: Tamanho da amostra: serão realizadas 1.000 (hum mil) entrevistas, sendo 600 (seiscentas) na capital e 400 (quatrocentas) no interior. 
c.	Ponderação: A pesquisa possui ponderação igual a 1 (um) para as variáveis, sexo e idade por reproduzir na amostra a proporção aproximada dos números oficiais do TRE-AM. As variáveis grau de instrução e nível econômico não se aplicará nenhuma ponderação. A relação completa dos bairros (da capital) incluídos no levantamento será encaminhado a esse tribunal posteriormente.
d. 	Intervalo de credibilidade / Margem de erro: A margem de erro máxima estimada é de 3,1 pontos percentuais. Grau de confiabilidade de 95%. Isso significa que se fossem feitas 100 entrevistas com a mesma metodologia, 95 estariam dentro da margem de erro prevista.
";"V.	SISTEMA INTERNO DE CONTROLE E VERIFICAÇÃO, CONFERÊNCIA E FISCALIZAÇÃO DA COLETA DE DADOS E DO TRABALHO DE CAMPO: A equipe envolvida neste projeto foi devidamente treinada e toda a operação será realizada com equipamentos eletrônicos. Após a coleta de dados é realizada uma fiscalização de no mínimo 20% das entrevistas aplicadas e a analise de consistência dos dados coletados.";"#NULO#"
"27/02/2023";"15:36:19";2014;4;"Eleições Gerais Suplementares 2014";"AM";"AM";"AMAZONAS";"AM002992014";"2017-08-04 00:00:00";"S";"04816658000127";"EDITORA ANA CASSIA S.A.";"REDE DIARIO DE COMUNICACAO";"Governador";"2017-08-04 00:00:00";"2017-08-10 00:00:00";1600;"6586-AM";"José Raimundo Gomes Pereira";"38608,43";"A pesquisa será realizada nos dias 07, 08, 09 e 10 de agosto de 2017, envolvendo diversos bairros do município de Manaus e 12 (doze) municípios do interior do estado do Amazonas. Serão entrevistados 1000 (mil) eleitores na capital e 600 (seiscentos) nos municípios selecionados do interior do Estado do Amazonas. O estudo será conduzido de modo que a margem de erro máxima seja de 2,45 pontos percentuais para mais ou para menos, com um intervalo de confiança a 95%. 
	A população está definida como sendo o conjunto de eleitores com registro eleitoral no Estado do Amazonas, aptos a votar nas eleições suplementares de 2017. 
O levantamento será domiciliar, sendo entrevistado um único eleitor por domicílio. Os domicílios serão escolhidos através de sorteio, tendo todos iguais chances de fazer parte da amostra. Somente serão entrevistados eleitores cujo domicílio está em um bairro que faz parte de sua zona eleitoral e que estejam aptos a votar nas eleições suplementares de 2017, com sua situação devidamente regularizada no TRE.
	O método de seleção amostral a ser utilizado será a amostragem aleatória estratificada para proporções. Os estratos correspondentes são definidos pelas respectivas zonas eleitorais. Em cada estrato é feito um processo de amostragem aleatória simples, o que implica em um sorteio aleatório de eleitores dentro de cada estrato. ";"O método de seleção amostral a ser utilizado será a amostragem aleatória estratificada para proporções. Os estratos correspondentes são definidos pelas respectivas zonas eleitorais dos municípios selecionados. Em cada estrato é feito um processo de amostragem aleatória simples, o que implica em um sorteio aleatório de eleitores dentro de cada estrato. Isso garante uma representação adequada de outros estratos da população na amostra, definidos de acordo com outras variáveis, como sexo, idade, grau de instrução e nível econômico.";"O trabalho de coleta das informações no campo será feito utilizando-se uma equipe composta de vinte e seis (26) pesquisadores e cinco (5) supervisores de campo e um coordenador geral do campo. A distribuição geográfica dos pesquisadores será organizada pelos respectivos supervisores de acordo com o plano amostral estabelecido.
Para controle, verificação e conferência das informações coletadas, será obtida uma amostra aleatória simples de tamanho igual a 50 questionários. 
";"As mil e seiscentas (1.600) entrevistas serão realizadas nos bairros das zonas eleitorais de Manaus (os bairros das zonas podem ser encontrados em http://www.tre-am.gov.br) e em 12 municípios do interior. 
	Nos bairros do município de Manaus serão aplicados 1.000 (mil) questionários, assim distribuídos na tabela abaixo: 

BAIRROS	Nº de questionários a serem aplicados
ADRIANÓPOLIS	7
ALEIXO	14
ALVORADA	41
ALVORADA 2	1
ARMANDO MENDES	15
BETÂNIA	7
CACHOEIRINHA	11
CENTRO	20
CHAPADA	4
CIDADE DE DEUS	24
CIDADE NOVA	83
COLONIA ANTONIO ALEIXO	8
COLONIA OLIVEIRA MACHADO	4
COLONIA SANTO ANTONIO	3
COLONIA TERRA NOVA	20
COMPENSA	44
COROADO	31
CRESPO	7
DOM PEDRO	17
EDUCANDOS	8
FLORES	23
GILBERTO MESTRINHO	18
GLORIA	5
JAPIIM	30
JORGE TEIXEIRA	57
LAGO AZUL	8
LÍRIO DO VALE	13
MAUAZINHO	11
MONTE DAS OLIVEIRAS	17
MORRO DA LIBERDADE	8
NOSSA SENHORA DAS GRAÇAS	9
NOSSA SENHORA DE APARECIDA	4
NOVA CIDADE	33
NOVA ESPERANÇA	8
NOVO ALEIXO	52
NOVO ISRAEL	13
PARQUE 10 DE NOVEMBRO	25
PAZ	9
PETROPOLIS	29
PLANALTO	6
PRAÇA 14 DE JANEIRO	9
PRESIDENTE VARGAS	3
PURAQUEQUARA	3
RAIZ	7
REDENÇÃO	24
SANTA ETELVINA	20
SANTA LUZIA	5
SANTO AGOSTINHO	5
SANTO ANTONIO	12
SÃO FRANCISCO	11
SÃO GERALDO	4
SÃO JORGE	14
SÃO JOSÉ OPERÁRIO	46
SÃO LÁZARO	7
SÃO RAIMUNDO	7
TANCREDO NEVES	26
TARUMÃ	19
TARUMÃ-AÇU	5
VILA BURITI	0
VILA DA PRATA	6
ZUMBI DOS PALMARES	20


	Nos municípios selecionados do interior do Estado Amazonas serão aplicados 600 (seiscentos) questionários, assim distribuídos por bairro:


BORBA: Nº de questionários a serem aplicados 27
		

CAREIRO DA VÁRZEA: Nº de questionários a serem aplicados 20



COARI: Nº de questionários a serem aplicados 65



IRANDUBA: Nº de questionários a serem aplicados 38




ITACOATIARA: Nº de questionários a serem aplicados 86



MANACAPURU: Nº de questionários a serem aplicados 85



HUMAITÁ: Nº de questionários a serem aplicados 39



PARINTINS: Nº de questionários a serem aplicados 87



RIO PRETO DA EVA: Nº de questionários a serem aplicados 20 




TABATINGA: Nº de questionários a serem aplicados 41


SÃO GABRIEL DA CACHOEIRA: Nº de questionários a serem aplicados 39





TEFÉ: Nº de questionários a serem aplicados 53"
"27/02/2023";"15:36:19";2014;3;"Eleições Gerais 2014";"AM";"AM";"AMAZONAS";"AM000252014";"2014-08-01 00:00:00";"#NE";"84480946000192";"D M Duarte";"#NE";"Governador, Senador";"2014-09-08 00:00:00";"2014-09-16 00:00:00";2000;"8332";"ÉZIO LACERDA LOPES";"30000,00";"Pesquisa do tipo quantitativo, por amostragem, com aplicação de questionário estruturado com uso de um smarth phone e abordagem pessoal em pontos de fluxo em todas as cidades selecionadas para compor a amostra.";"a. Público pesquisado: eleitores residentes e domiciliados na área urbana de 13 municípios do Estado do Amazonas.
b. Tipo de amostra: aleatória em locais de grande fluxo de pessoas, com utilização de variáveis “sexo” e “idade” com cotas proporcionais ao universo pesquisado, tendo como base de cálculo os dados do TRE/AM-2014, e as variáveis “escolaridade”, “religião” e “renda familiar” como complemento da análise, não se aplicando, nesse caso, nenhum tipo de ponderada.
c. Ponderação: a pesquisa possui ponderação igual a 1 (um) para as variáveis “sexo” e “idade” devido à metodologia adotada (autoponderada). Para as variáveis “grau de escolaridade”, “religião” e “renda familiar” não se aplicará nenhuma ponderação devido aos dados secundários existentes do Estado do Amazonas serem totalmente desatualizados.
d. Intervalo de confiança / Margem de erro: a margem de erro máxima estimada é de 2,2%, para mais ou para menos, com um grau de confiabilidade de 95%. Isso significa que se fossem feitas 100 entrevistas com a mesma metodologia, 95 estariam dentro da margem de erro prevista.
";"Após a coleta de dados é realizada uma fiscalização, na base de dados coletada. O software grava as respostas dos entrevistados na parte das variáveis de controle e georeferencia o local exato da entrevista. Em caso de dúvida na consolidação dos dados ocorrerá através de contato telefônico uma checagem de 10% a 20% das entrevistas aplicadas.";"A pesquisa será realizada na seguinte proporção: Benjamin Constant 41 (quarenta e um); Coari 101 (cento e um); Eirunepé 44 (quarenta e quatro); Humaitá 58 (cinquenta e oito); Iranduba 44 (quarenta e quatro), Itacoatiara 116 (cento e dezesseis); Lábrea 49 (quarenta e nove); Manacapuru 104 (cento e quatro); Parintins 140 (cento e quarenta); São Gabriel da Cachoeira 59 (cinquenta e nove); Tabatinga 62 (sessenta e dois); e, Tefé 82 (oitenta e dois). Em Manaus, especificamente, a pesquisa será realizada nas seis zonas administrativas da cidade, que compreendem os seguintes bairros (oficiais), com a quantidade de entrevistados entre parênteses: ZONA CENTRO-OESTE: Alvorada (40 entrevistas), da Paz (09 entrevistas), Dom Pedro (11 entrevistas), Planalto (11 entrevistas) e Redenção (21 entrevistas); ZONA CENTRO-SUL: Chapada (08 entrevistas), Flores (33 entrevistas), Nossa Senhora das Graças (11 entrevistas), Parque 10 de Novembro (28 entrevistas) e Aleixo (13 entrevistas); ZONA LESTE: Armando Mendes (17 entrevistas), Colônia Antônio Aleixo (11 entrevistas), Coroado (32 entrevistas), Jorge Teixeira (71 entrevistas), Mauazinho (15 entrevistas), São José Operário (41 entrevistas), Tancredo Neves (31 entrevistas), Gilberto Mestrinho (35 entrevistas), e Zumbi dos Palmares (22 entrevistas); ZONA NORTE: Cidade Nova (76 entrevistas), Colônia Santo Antônio (11 entrevistas), Monte das Oliveiras (25 entrevistas), Novo Israel (10 entrevistas), Santa Etelvina (16 entrevistas), Novo Aleixo (60 entrevistas), Cidade de Deus (44 entrevistas), Nova Cidade (47 entrevistas), e Colônia Terra Nova (19 entrevistas); ZONA OESTE: Compensa (49 entrevistas), Lírio do Vale (13 entrevistas), Nova Esperança (12 entrevistas), Santo Agostinho (11 entrevistas), Santo Antônio (13 entrevistas), São Jorge (15 entrevistas), São Raimundo (09 entrevistas), Vila da Prata (07 entrevistas), Tarumã (19 entrevistas) e Tarumã-Açu (08 entrevistas); ZONA SUL: Betânia (08 entrevistas), Cachoeirinha (12 entrevistas), Centro (22 entrevistas), Crespo (11 entrevistas), Educandos (11 entrevistas), Japiim (37 entrevistas), Morro da Liberdade (08 entrevistas), Petrópolis (29 entrevistas), Praça 14 de Janeiro (07 entrevistas), Raiz (11 entrevistas), São Francisco (12 entrevistas) e São Lázaro (08 entrevistas). OBS: os bairros Adrianópolis, São Geraldo, Puraquequara, Distrito Industrial II, Lago Azul, Glória, Ponta Negra, Colônia Oliveira Machado, Nossa Senhora de Aparecida, Santa Luzia, Presidente Vargas, Distrito Industrial I e Vila Buriti não atingem proporcionalmente o número mínimo de entrevistas para levantamento de dados."
"27/02/2023";"15:36:19";2014;3;"Eleições Gerais 2014";"AM";"AM";"AMAZONAS";"AM000262014";"2014-08-01 00:00:00";"#NE";"84480946000192";"D M Duarte";"#NE";"Governador, Senador";"2014-09-18 00:00:00";"2014-09-25 00:00:00";2000;"8332";"ÉZIO LACERDA LOPES";"30000,00";"Pesquisa do tipo quantitativo, por amostragem, com aplicação de questionário estruturado com uso de um smarth phone e abordagem pessoal em pontos de fluxo em todas as cidades selecionadas para compor a amostra.";"a. Público pesquisado: eleitores residentes e domiciliados na área urbana de 13 municípios do Estado do Amazonas.
b. Tipo de amostra: aleatória em locais de grande fluxo de pessoas, com utilização de variáveis “sexo” e “idade” com cotas proporcionais ao universo pesquisado, tendo como base de cálculo os dados do TRE/AM-2014, e as variáveis “escolaridade”, “religião” e “renda familiar” como complemento da análise, não se aplicando, nesse caso, nenhum tipo de ponderada.
c. Ponderação: a pesquisa possui ponderação igual a 1 (um) para as variáveis “sexo” e “idade” devido à metodologia adotada (autoponderada). Para as variáveis “grau de escolaridade”, “religião” e “renda familiar” não se aplicará nenhuma ponderação devido aos dados secundários existentes do Estado do Amazonas serem totalmente desatualizados.
d. Intervalo de confiança / Margem de erro: a margem de erro máxima estimada é de 2,2%, para mais ou para menos, com um grau de confiabilidade de 95%. Isso significa que se fossem feitas 100 entrevistas com a mesma metodologia, 95 estariam dentro da margem de erro prevista.
";"Após a coleta de dados é realizada uma fiscalização, na base de dados coletada. O software grava as respostas dos entrevistados na parte das variáveis de controle e georeferencia o local exato da entrevista. Em caso de dúvida na consolidação dos dados ocorrerá através de contato telefônico uma checagem de 10% a 20% das entrevistas aplicadas.";"A pesquisa será realizada na seguinte proporção: Benjamin Constant 41 (quarenta e um); Coari 101 (cento e um); Eirunepé 44 (quarenta e quatro); Humaitá 58 (cinquenta e oito); Iranduba 44 (quarenta e quatro), Itacoatiara 116 (cento e dezesseis); Lábrea 49 (quarenta e nove); Manacapuru 104 (cento e quatro); Parintins 140 (cento e quarenta); São Gabriel da Cachoeira 59 (cinquenta e nove); Tabatinga 62 (sessenta e dois); e, Tefé 82 (oitenta e dois). Em Manaus, especificamente, a pesquisa será realizada nas seis zonas administrativas da cidade, que compreendem os seguintes bairros (oficiais), com a quantidade de entrevistados entre parênteses: ZONA CENTRO-OESTE: Alvorada (40 entrevistas), da Paz (09 entrevistas), Dom Pedro (11 entrevistas), Planalto (11 entrevistas) e Redenção (21 entrevistas); ZONA CENTRO-SUL: Chapada (08 entrevistas), Flores (33 entrevistas), Nossa Senhora das Graças (11 entrevistas), Parque 10 de Novembro (28 entrevistas) e Aleixo (13 entrevistas); ZONA LESTE: Armando Mendes (17 entrevistas), Colônia Antônio Aleixo (11 entrevistas), Coroado (32 entrevistas), Jorge Teixeira (71 entrevistas), Mauazinho (15 entrevistas), São José Operário (41 entrevistas), Tancredo Neves (31 entrevistas), Gilberto Mestrinho (35 entrevistas), e Zumbi dos Palmares (22 entrevistas); ZONA NORTE: Cidade Nova (76 entrevistas), Colônia Santo Antônio (11 entrevistas), Monte das Oliveiras (25 entrevistas), Novo Israel (10 entrevistas), Santa Etelvina (16 entrevistas), Novo Aleixo (60 entrevistas), Cidade de Deus (44 entrevistas), Nova Cidade (47 entrevistas), e Colônia Terra Nova (19 entrevistas); ZONA OESTE: Compensa (49 entrevistas), Lírio do Vale (13 entrevistas), Nova Esperança (12 entrevistas), Santo Agostinho (11 entrevistas), Santo Antônio (13 entrevistas), São Jorge (15 entrevistas), São Raimundo (09 entrevistas), Vila da Prata (07 entrevistas), Tarumã (19 entrevistas) e Tarumã-Açu (08 entrevistas); ZONA SUL: Betânia (08 entrevistas), Cachoeirinha (12 entrevistas), Centro (22 entrevistas), Crespo (11 entrevistas), Educandos (11 entrevistas), Japiim (37 entrevistas), Morro da Liberdade (08 entrevistas), Petrópolis (29 entrevistas), Praça 14 de Janeiro (07 entrevistas), Raiz (11 entrevistas), São Francisco (12 entrevistas) e São Lázaro (08 entrevistas). OBS: os bairros Adrianópolis, São Geraldo, Puraquequara, Distrito Industrial II, Lago Azul, Glória, Ponta Negra, Colônia Oliveira Machado, Nossa Senhora de Aparecida, Santa Luzia, Presidente Vargas, Distrito Industrial I e Vila Buriti não atingem proporcionalmente o número mínimo de entrevistas para levantamento de dados."
"27/02/2023";"15:36:19";2014;3;"Eleições Gerais 2014";"AM";"AM";"AMAZONAS";"AM000212014";"2014-07-30 00:00:00";"#NE";"06023655000161";"A F SOARES MARKETING E PESQUISAS DE MERCADO LTDA";"#NE";"Governador, Senador";"2014-07-29 00:00:00";"2014-08-01 00:00:00";2600;"7117-A ";"JOÃO CALDAS DO LAGO NETO ";"75000,00";"Survey, quantitativa, descritiva, transversal. Pesquisa de campo (dados primários). Amostragem não probabilística, estratificada por cotas. Universo: eleitores residentes e domiciliados na área urbana dos municípios pesquisados. Coleta dos dados: questionário estruturado, aplicado de modo presencial em entrevista direta ou face-to-face. Tratamento dos dados: estatística descritiva (Média, mediana, desvio-padrão),  analise de normalidade (Skewness e curtosis) e análises multivariadas (AFE – Análise Fatorial Exploratória). 
";"O universo da pesquisa é de acordo com o TRE AM – Tribunal Regional Eleitoral do Estado do Amazonas, formado por 2.226.891 eleitores (atualizado em 21/07/2014, às 09:55) aptos a votar no Amazonas. O tamanho da amostra será de 2.600 indivíduos. O erro amostral para a amostra é de 3% para mais ou menos, considerando um nível de confiança de 95%. A pesquisa será aplicada em todas as seis zonas administrativas de Manaus e mais 31 municípios conforme, ponderação descrita a seguir: divisão por meio da proporcionalidade ao tamanho do Universo da amostra entre zonas administrativas e bairros; seguida pela amostra aleatória simples distribuída por setores censitários marcados pelos quarteirões onde cada pesquisador terá conhecimento de sua área de abrangência em mapa elaborado no Software Arc Map 11.0. As entrevistas serão realizadas por 70 pesquisadores de campo, sob coordenação de 7 coordenadores de equipes subordinados ao Setor de Coleta de Dados da Action. Para estabelecer a distribuição da amostra total (2.600 indivíduos) foi utilizado o Software Sphinx na função ponderação pelo critério PPT. Desta forma foram estimadas as frequências absolutas (ao lado de suas respectivas frequências relativas) para cada município, de acordo com a sua proporção na amostra. A distribuição prevista foi, para  MANAUS 1.452 (55,9%); MANACAPURU 143(5,5%)  ; PARINTINS 176 (6,8%); ITACOATIARA 152 (5,8%) ; COARI 127(4,9%) ; TEFÉ  53(2,0%) ; MAUÉS 41 (1,6%) ; TABATINGA  40 (1,5%) ; IRANDUBA 29 (1,1%) ; HUMAITÁ 37 (1,4%) ; SÃO GABRIEL DA CACHOEIRA 38 (1,4%); MANICORÉ 36 (1,4%); LÁBREA 31 (1,2%);  EIRUNEPÉ 28 (1,1%) ; AUTAZES 31 (1,2%);  BOCA DO ACRE 14 (0,6%) ; BORBA 14(0,6%) ; BENJAMIN CONSTANT 14 (0,6%) CARAUARI 14 (0,5%) PRESIDENTE FIGUEIREDO 13 (0,5%); BARREIRINHA 13 ( 0,5%); CAREIRO DA VÁRZEA 10 (0,4%); NOVA OLINDA DO NORTE 12 (0,5%); CODAJÁS 11 (0,4%); SÃO PAULO DE OLIVENÇA 11 (0,4%); FONTE BOA 10 ( 0,4%); RIO PRETO DA EVA 10 (0,4%); NHAMUNDÁ 10 (0,4%); SANTO ANTÔNIO DO IÇÁ 10 (0,4%); MANAQUIRI 10 (0,4%); TAPAUÁ 10 (0,3%), no TOTAL 2.600 (100%). Gênero Masculino 1.248 (48%), Feminino 1.352 (52%) no TOTAL 2.600 (100%).  Faixa etária De 16 a 19 anos 338 (13%), De 20 a 29 anos 806 (31%), De 30 a 39 anos 624 (24%), De 40 a 49 anos 416 (16%), De 50 a 59 anos 260 (10%), Igual ou superior a 60 anos 156 (6%), no TOTAL 2.60 (100%). Renda Familiar Média Mensal Menor que 1 SM 1716 (66%), Mais de 1 SM a 2 SM 390 (15%), Mais de 2 SM a 5 SM 208 (8%), Maior que 5 SM 78 (3%), Sem rendimentos 208 (8%), no TOTAL 2.600 (100%). Em Manaus a Ponderação por zonas administrativas será Norte 392 (27%), Sul 247 (17%), Centro-Sul 131 (9%), Oeste 203 (14%), Centro-Oeste 131 (9%) e Leste 348 (24%), no TOTAL de 1452 (100%.)";"O controle será exercido por verificação física do preenchimento dos questionários, checagem das respostas em 20% dos indivíduos em cada lote de 50 questionários, desta forma, todos os pesquisadores serão avaliados. Primeiramente o controle da qualidade excluirá os questionários sem preenchimento de um bloco de questões abertas ou fechadas, com rasuras sem justificativas, com incoerências. Em uma segunda etapa, após digitação e correção dos dados, as variáveis correlatas serão cruzadas e os questionários que apresentarem incoerências ou anormalidade, segundo a distância de Mahalanobis, serão excluídos e substituídos por outros coletados como excedente ou reposição de cotas. 
";"Dados relativos aos municípios e bairros abrangidos pela pesquisa. Na ausência de delimitação do bairro, será identificada a área em que foi realizada a pesquisa (conforme Capítulo I, do art. 2º. § 5º da Resolução-TSE nº. 23.400/2013, o pedido de registro será complementado pela entrega destes dados ao Tribunal Eleitoral em um prazo de até 24 horas, contado da divulgação do respectivo resultado): 
Atendendo às exigências do Capítulo I, do art. 2º. § 5º da Resolução-TSE nº. 23.400/2013, indicam-se as zonas a serem exploradas na pesquisa, sendo que em, até 24 horas após a divulgação de resultados, serão enviados os dados referentes aos respectivos bairros. 
"
"27/02/2023";"15:36:19";2014;3;"Eleições Gerais 2014";"AM";"AM";"AMAZONAS";"AM000512014";"2014-09-28 00:00:00";"#NE";"68802370000186";"IBOPE INTELIGÊNCIA PESQUISA E CONSULTORIA LTDA. ";"#NE";"Governador, Senador";"2014-09-28 00:00:00";"2014-10-03 00:00:00";1512;"6208-A";"Márcia Cavallari Nunes";"134069,04";"Pesquisa quantitativa, que consiste na realização de entrevistas pessoais com a aplicação de questionário estruturado junto a uma amostra representativa do eleitorado em estudo.";"Representativa do eleitorado da área em estudo, elaborada em três estágios.
No primeiro estágio faz-se um sorteio probabilístico dos municípios, onde as entrevistas serão realizadas, pelo método PPT (Probabilidade Proporcional ao Tamanho), tomando o eleitorado como base para tal seleção.
No segundo estágio faz-se um sorteio probabilístico dos setores censitários, onde as entrevistas serão realizadas, pelo método PPT (Probabilidade Proporcional ao Tamanho), tomando a população de 16 anos ou mais residente nos setores como base para tal seleção. No terceiro e último estágio, dentro dos setores sorteados, os respondentes são selecionados através de quotas amostrais proporcionais em função de variáveis significativas, a saber: IDADE: 16-24 (masculino) 23% (feminino) 23%; 25-34 (masculino) 29% (feminino) 29%; 35-44 (masculino) 21% (feminino) 20%; 45-54 (masculino) 14% (feminino) 14%; 55 e+ (masculino) 13% (feminino) 14%; INSTRUÇÃO: Até Ensino Médio (masculino) 86% (feminino) 83%; Ensino Superior (masculino) 14% (feminino) 17%; NÍVEL ECONÔMICO: Economicamente ativo (masculino) 81% (feminino) 51%; Não Economicamente ativo (masculino) 19% (feminino) 49%. 
Está prevista eventual ponderação para correção das variáveis sexo e idade, com base nos percentuais anteriormente mencionados, caso ocorram diferenças superiores a 3 pontos percentuais entre o previsto na amostra e a coleta de dados realizada. Para as variáveis de grau de instrução e nível econômico do entrevistado, o fator previsto para ponderação é 1 (resultados obtidos em campo). O nível de confiança estimado é de 95% e a margem de erro máxima estimada considerando um modelo de amostragem aleatório simples, é de 3 (três) pontos percentuais para mais ou para menos sobre os resultados encontrados no total da amostra.
FONTE DOS DADOS: Censo 2010 | PNAD 2012 | TSE 2014 | Entre outras.
";"Para a realização da pesquisa, utiliza-se uma equipe de entrevistadores e supervisores contratados pelo IBOPE INTELIGÊNCIA PESQUISA E CONSULTORIA LTDA. devidamente treinados para o trabalho. Após os trabalhos de campo, os questionários são submetidos a uma fiscalização de cerca de 20% (vinte por cento) dos questionários aplicados pelos entrevistadores; para verificação das respostas e da adequação dos entrevistados aos parâmetros amostrais.";"A área de abrangência da coleta é o Estado do Amazonas. A Relação de municípios selecionados para aplicação da amostra será apresentada até o 7º dia seguinte ao Registro da pesquisa, conforme expresso no art. 2º § 5º da resolução 23.400/2013 do TSE."
"27/02/2023";"15:36:19";2014;4;"Eleições Gerais Suplementares 2014";"AM";"AM";"AMAZONAS";"AM058792014";"2017-07-15 00:00:00";"S";"03079221000195";"DMP DESIGN MARKETING E PROPAGANDA LTDA";"#NULO#";"Governador";"2017-07-02 00:00:00";"2017-07-07 00:00:00";1500;"8940";"ERICO JANDER DA SILVA LOPES";"22000,00";"A metodologia da pesquisa realizada pela DMP, é uma pesquisa quantitativa com utilização de questionário estruturado, e amostragem probabilística simples, com efetuação de entrevistas pessoais em pontos de fluxo populacional, tendo por universo o eleitorado de Manaus, obedecendo ao regime de quotas (base TSE de 2012/Censo 2010) por densidade eleitoral das regiões, sexo, idade, grau de instrução e nível econômico e com o número de entrevistas proporcionais ao número de eleitores de capa bairro. Esta metodologia assegura a representatividade de todos os segmentos sociais da população em qualquer Estado, sendo incluídas na amostra as zonas geográficas descritas no questionário.";"Eleitorado do Estado do Amazonas, com 16 anos ou mais na área urbana e em cinco municípios do interior do Estado do Amazonas selecionados de forma sistemática conforme características geográficas e com amostragem proporcional por bairro dentro de cada município. Amostragem, coeficiente de confiança, margem de erro: A pesquisa DMP vai entrevistar 1500 eleitores. A amostra garante a nível estadual uma margem de erro 2,6% para um intervalo e confiança de 95%. As ponderações em relação a sexo, idade, grau de instrução e nível econômico, descritas nas perguntas 1 a 4 do questionário, serão realizadas para refletir estatisticamente a proporção do eleitorado consultado, conforme percentuais SEXO: TSE/JUNHO/2012 % Masculino 48,2 Feminino 51,8 FAIXA ETÁRIA: TSE/JUNHO/2012 % De 16 a 17 anos 2,0; De 18 a 24 anos 18; De 25 a 34 anos 28,5; De 35 a 44 anos 21,6; De 45 a 59 anos 19,8; Mais de 60 anos 9,8; GRAU DE INSTRUÇÃO: TSE/JUNHO2012: % Analfabeto / 1 ano ou menos de estudo 9,6; Ensino Fundamental (incompleto/completo) 42,1 Ensino Médio (incompleto/completo) 41,9 Superior (incompleto/completo) 6,4 - FAIXA DE RENDA: CENSO/2010 % Até 937,00; De R$ 937,00 a R$2.811,00; De R$ 2.811,01 a R$ 4.685,00; Acima de R$ 4.685,00; Não quis responder. ";"Sistema interno de controle, verificação, conferência e fiscalização da coleta de dados e do trabalho de campo é assim descrito: Durante o trabalho de campo são checadas 20% das entrevistas (externa), internamente, os dados de diferentes questões são pré-processados e cruzados entre si, o que permite fazer a critica dos mesmos para a verificação de eventuais inconsistências. ";"MANAUS; ZONA OESTE: Compensa (34); Lírio do Vale (9); Santo Antonio (10); São Raimundo (9); São Jorge (9); Gloria(8); Vila da Prata(9); Nova Esperança(8); Santo Agostinho(10); Tarumã(8); ZONA CENTRO OESTE: Alvorada (28); Redenção (16); Bairro da Paz(6); Dom Pedro I (9); Planalto(8); ZONA SUL: Japiim (30); Petrópolis (20); Raiz (8); Cachoeirinha (10); Educandos (7); São Francisco (7); Centro (10); Betânia(6); Morro da Liberdade(8); Aparecida(5); Santa Luzia(5); Praça 14(5); São Lazaro(7); ZONA CENTRO SUL: Flores (22); Parque 10 de Novembro (19) ; Aleixo(9); Chapada(6); N s da Graças(6); S Geraldo(5); ZONA LESTE: São José (35); Jorge Teixeira (50); Tancredo Neves (24); Coroado (23); Armando Mendes(13); Mauazinho(10); Gilberto Mestrinho(25); Zumbi(25); ZONA NORTE: Cidade Nova (54); Colônia Terra Nova (20); Monte das Oliveiras (17); Colonia S Antonio(8); Novo Israel(7); Santa Etelvina(24); Novo Aleixo(26); Cidade de Deus(31); Nova Cidade(35). INTERIOR: Tefé (105); Coari (129); Manacapuru (145); Itacoatiara (148); Parintins (174)."
"27/02/2023";"15:36:19";2014;3;"Eleições Gerais 2014";"AM";"AM";"AMAZONAS";"AM000022014";"2014-03-28 00:00:00";"#NE";"68802370000186";"IBOPE INTELIGÊNCIA PESQUISA E CONSULTORIA LTDA. ";"#NE";"Governador, Senador";"2014-03-23 00:00:00";"2014-03-31 00:00:00";812;"6208-A";"Márcia Cavallari Nunes";"80000,00";"Pesquisa quantitativa, que consiste na realização de entrevistas pessoais, com a aplicação de questionário estruturado junto a uma amostra representativa do eleitorado em estudo.
";"Representativa do eleitorado da área em estudo, elaborada em três estágios.
No primeiro estágio faz-se um sorteio probabilístico nos municípios, onde as entrevistas serão realizadas, pelo método PPT (Probabilidade Proporcional ao Tamanho), tomando o eleitorado como base para tal seleção.
No segundo estágio faz-se um sorteio probabilístico dos setores censitários, onde as entrevistas serão realizadas, pelo método PPT (Probabilidade Proporcional ao Tamanho), tomando o eleitorado como base para tal seleção.
No terceiro e último estágio, dentro dos setores sorteados, os respondentes são selecionados através de quotas amostrais proporcionais em função de variáveis significativas, a saber: IDADE: 16-24 (masculino) 23% (feminino) 23%; 25-34 (masculino) 27% (feminino) 27%; 35-44 (masculino) 20% (feminino) 20%; 45-54 (masculino) 14% (feminino) 13%; 55 e+ (masculino) 15% (feminino) 17%; INSTRUÇÃO: Até Ensino Médio (masculino) 87% (feminino) 85%; Ensino Superior (masculino) 13% (feminino) 15%; NÍVEL ECONÔMICO: Economicamente ativo (masculino) 80% (feminino) 50%; Não Economicamente ativo (masculino) 20% (feminino) 50%. Está prevista eventual ponderação para correção das variáveis sexo e idade, com base nos percentuais anteriormente mencionados, caso ocorram diferenças superiores a 3 pontos percentuais entre o previsto na amostra e a coleta de dados realizada. Para as variáveis de grau de instrução e nível econômico do entrevistado, o fator previsto para ponderação é 1 (resultados obtidos em campo). O intervalo de confiança estimado é de 95% e a margem de erro máxima estimada considerando um modelo de amostragem aleatório simples, é de 3 (três) pontos percentuais para mais ou para menos sobre os resultados encontrados no total da amostra.
FONTE DOS DADOS: Censo 2010 | PNAD 2012 | TSE 2012
";"Para a realização da pesquisa, utiliza-se uma equipe de entrevistadores e supervisores contratados pelo IBOPE INTELIGÊNCIA PESQUISA E CONSULTORIA LTDA. devidamente treinados para o trabalho. Após os trabalhos de campo, os questionários são submetidos a uma fiscalização de 20% (vinte por cento) dos questionários aplicados pelos entrevistadores; para verificação das respostas e da adequação dos entrevistadores aos parâmetros amostrais.";"A área de abrangência da coleta é no Estado do Amazonas. A Relação de municípios selecionados para aplicação da amostra será apresentada até o 7 dia seguinte ao registro da pesquisa, conforme expresso no art. 2º § 5º da resolução 23.400/2013 do TSE."
"27/02/2023";"15:36:19";2014;3;"Eleições Gerais 2014";"AM";"AM";"AMAZONAS";"AM000062014";"2014-05-10 00:00:00";"#NE";"03079221000195";"DMP DESIGN MARKETING E PROPAGANDA LTDA";"#NE";"Governador, Senador, Deputado Federal";"2014-05-14 00:00:00";"2014-05-19 00:00:00";2000;"8940";"ERICO JANDER DA SILVA LOPES";"40000,00";"A metodologia da pesquisa realizada pela DMP, é uma pesquisa quantitativa com utilização de questionário estruturado, e amostragem probabilística simples, com efetuação de entrevistas pessoais em pontos de fluxo populacional , tendo por universo o eleitorado de Manaus e 9 outros municípios do estado, obedecendo ao regime de quotas (base TSE de 2012/Censo 2010) por densidade eleitoral das regiões, sexo, idade, grau de instrução e nível econômico e com o número de entrevistas proporcionais ao número de eleitores do interior do Estado do Amazonas. Esta metodologia assegura a representatividade de todos os segmentos sociais da população em qualquer Estado, sendo incluídas na amostra as zonas geográficas descritas no questionário. ";"O plano Amostral segundo os itens exigidos por lei segue descritos: Universo – Eleitorado do Estado do Amazonas, com 16 anos ou mais na área urbana e em 9 municípios do interior do Estado do Amazonas selecionados de forma sistemática conforme características geográficas e com amostragem proporcional por bairro dentro de cada município. Amostragem, coeficiente de confiança, margem de erro: A pesquisa DMP vai entrevistar 2000 eleitores. A amostra garante a nível estadual uma margem de erro de 2,2% para um intervalo e confiança de 95%. As ponderações em relação a sexo, idade, grau de instrução e nível econômico, descritas nas perguntas 1 a 4 do questionário, serão realizadas para refletir estatisticamente a proporção do eleitorado consultado, conforme percentuais SEXO: TSE/JUNHO/2012 % Masculino 48,2 Feminino 51,8 FAIXA ETÁRIA: TSE/JUNHO/2012 % De 16 a 17 anos 2,0; De 18 a 24 anos 18; De 25 a 34 anos 28,5; De 35 a 44 anos 21,6; De 45 a 59 anos 19,8; Mais de 60 anos 9,8; GRAU DE INSTRUÇÃO: TSE/JUNHO2012: % Analfabeto / 1 ano ou menos de estudo 9,6; Ensino Fundamental (incompleto/completo) 42,1 Ensino Médio (incompleto/completo) 41,9 Superior (incompleto/completo) 6,4 - FAIXA DE RENDA: CENSO/2010 % Até 622,00 62,0; De R$ 622,01 a R$1.244,00 20,0; De R$ 1.244,01 a R$ 1.866,00 6,6: De R$ 1.866,01 a R$ 3.110,00 5,2 Acima de R$ 3.110,01 6,2";"Sistema interno de controle, verificação, conferência e fiscalização da coleta de dados e do trabalho de campo é assim descrito: Durante o trabalho de campo são checadas 20% das entrevistas (externa), internamente, os dados de diferentes questões são pré-processados e cruzados entre si, o que permite fazer a critica dos mesmos para a verificação de eventuais inconsistências. ";"#NULO#"
"27/02/2023";"15:36:19";2014;3;"Eleições Gerais 2014";"AM";"AM";"AMAZONAS";"AM000192014";"2014-07-21 00:00:00";"#NE";"06023655000161";"A F SOARES MARKETING E PESQUISAS DE MERCADO LTDA";"#NE";"Governador, Senador, Deputado Federal, Deputado Estadual";"2014-07-15 00:00:00";"2014-07-22 00:00:00";2460;"7117-A ";"JOÃO CALDAS DO LAGO NETO ";"56000,00";"Survey, quantitativa, descritiva, transversal. Pesquisa de campo (dados primários). Amostragem não probabilística, estratificada por cotas. Universo: eleitores residentes e domiciliados na área urbana dos municípios pesquisados. Coleta dos dados: questionário estruturado, aplicado de modo presencial em entrevista direta ou face-to-face. Tratamento dos dados: estatística descritiva (Média, mediana, desvio-padrão),  analise de normalidade (Skewness e curtosis) e análises multivariadas (AFE – Análise Fatorial Exploratória. ";"O universo da pesquisa é de acordo com o TRE AM – Tribunal Regional Eleitoral do Estado do Amazonas, formado por 2.226.891 eleitores (atualizado em 21/07/2014, às 09:55) aptos a votar no Amazonas. O tamanho da amostra será de 2.460 indivíduos. O erro amostral para a amostra é de 3% para mais ou menos, considerando um nível de confiança de 95%. A pesquisa será aplicada em todas as seis zonas administrativas de Manaus e mais 25 municípios conforme, ponderação descrita a seguir: divisão por meio da proporcionalidade ao tamanho do Universo da amostra entre zonas administrativas e bairros; seguida pela amostra aleatória simples distribuída por setores censitários marcados pelos quarteirões onde cada pesquisador terá conhecimento de sua área de abrangência em mapa elaborado no Software Arc Map 11.0. As entrevistas serão realizadas por 60 pesquisadores de campo, sob coordenação de 6 coordenadores de equipes subordinados ao Setor de Coleta de Dados da Action. Para estabelecer a distribuição da amostra total (2.460 indivíduos) foi utilizado o Software Sphinx na função ponderação pelo critério PPT. Desta forma foram estimadas as frequências absolutas (ao lado de suas respectivas frequências relativas) para cada município, de acordo com a sua proporção na amostra. A distribuição prevista foi, para Manaus 1.374 (56%), Parintins 105 (4%), Itacoatiara 90 (4%), Manacapuru 85 (4%), Coari 75 (3%), Tefé 61 (2%), Maués 47 (2%), Tabatinga 46 (2%), São Gabriel da Cachoeira 44 (2%), Humaitá 43 (2%), Manicoré 42 (2%), Autazes 36 (1%), Lábrea 36 (1%), Careiro 35 (1%),  Iranduba 34 (1%), Eirunepé 33 (1%), Benjamin Constant 31 (1%), Boca do Acre 31 (1%), Borba 31 (1%), Carauari 29 (1%), Barreirinha 28 (1%), Presidente Figueiredo 27 (1%), Nova Olinda do Norte 25 (1%), São Paulo de Olivença 24 (1%), Codajás 23 (1%), Fonte Boa 22 (1%) no TOTAL 2.460 (100%). Gênero Masculino 1.181 (48%), Feminino 1.279 (52%) no TOTAL 2.460 (100%).  Faixa etária De 16 a 19 anos 326 (13%), De 20 a 29 anos 755 (31%), De 30 a 39 anos 590 (24%), De 40 a 49 anos 398 (16%), De 50 a 59 anos 253 (10%), Igual ou superior a 60 anos 138 (6%), no TOTAL 2.460 (100%). Renda Familiar Média Mensal Menor que 1 SM 1642 (66%), Mais de 1 SM a 2 SM 365 (15%), Mais de 2 SM a 5 SM 191 (8%), Maior que 5 SM 76 (3%), Sem rendimentos 184 (8%), no TOTAL 2.460 (100%). Em Manaus a Ponderação por zonas administrativas será Norte 370 (27%), Sul 234 (17%), Centro-Sul 129 (9%), Oeste 198 (14%), Centro-Oeste 121 (9%) e Leste 323 (24%), no TOTAL 100%. ";"O controle será exercido por verificação física do preenchimento dos questionários, checagem das respostas em 20% dos indivíduos em cada lote de 50 questionários, desta forma, todos os pesquisadores serão avaliados. Primeiramente o controle da qualidade excluirá os questionários sem preenchimento de um bloco de questões abertas ou fechadas, com rasuras sem justificativas, com incoerências. Em uma segunda etapa, após digitação e correção dos dados, as variáveis correlatas serão cruzadas e os questionários que apresentarem incoerências ou anormalidade, segundo a distância de Mahalanobis, serão excluídos e substituídos por outros coletados como excedente ou reposição de cotas. ";"Dados relativos aos municípios e bairros abrangidos pela pesquisa. Na ausência de delimitação do bairro, será identificada a área em que foi realizada a pesquisa (conforme Capítulo I , do art. 2º. § 5º da Resolução-TSE nº. 23.400/2013, o pedido de registro será complementado pela entrega destes dados ao Tribunal Eleitoral em um prazo de até 24 horas, contado da divulgação do respectivo resultado): 
Atendendo às exigências do Capítulo I , do art. 2º. § 5º da Resolução-TSE nº. 23.400/2013 , indicam-se as zonas a serem exploradas na pesquisa, sendo que em, até 24 horas após a divulgação de resultados, serão enviados os dados referentes aos respectivos bairros. A distribuição prevista foi, para Manaus 1.374 (56%), Parintins 105 (4%), Itacoatiara 90 (4%), Manacapuru 85 (4%), Coari 75 (3%), Tefé 61 (2%), Maués 47 (2%), Tabatinga 46 (2%), São Gabriel da Cachoeira 44 (2%), Humaitá 43 (2%), Manicoré 42 (2%), Autazes 36 (1%), Lábrea 36 (1%), Careiro 35 (1%),  Iranduba 34 (1%), Eirunepé 33 (1%), Benjamin Constant 31 (1%), Boca do Acre 31 (1%), Borba 31 (1%), Carauari 29 (1%), Barreirinha 28 (1%), Presidente Figueiredo 27 (1%), Nova Olinda do Norte 25 (1%), São Paulo de Olivença 24 (1%), Codajás 23 (1%), Fonte Boa 22 (1%) no TOTAL 2.460 (100%). Gênero Masculino 1.181 (48%), Feminino 1.279 (52%) no TOTAL 2.460 (100%).  Faixa etária De 16 a 19 anos 326 (13%), De 20 a 29 anos 755 (31%), De 30 a 39 anos 590 (24%), De 40 a 49 anos 398 (16%), De 50 a 59 anos 253 (10%), Igual ou superior a 60 anos 138 (6%), no TOTAL 2.460 (100%). Renda Familiar Média Mensal Menor que 1 SM 1642 (66%), Mais de 1 SM a 2 SM 365 (15%), Mais de 2 SM a 5 SM 191 (8%), Maior que 5 SM 76 (3%), Sem rendimentos 184 (8%), no TOTAL 2.460 (100%). Em Manaus a Ponderação por zonas administrativas será Norte 370 (27%), Sul 234 (17%), Centro-Sul 129 (9%), Oeste 198 (14%), Centro-Oeste 121 (9%) e Leste 323 (24%), no TOTAL 100%. 
 "
"27/02/2023";"15:36:19";2014;3;"Eleições Gerais 2014";"AM";"AM";"AMAZONAS";"AM000322014";"2014-08-23 00:00:00";"#NE";"84480946000192";"D M Duarte";"#NE";"Governador, Senador";"2014-08-25 00:00:00";"2014-09-01 00:00:00";1500;"8.332";"Ézio Lacerda Lopes";"40000,00";"Pesquisa do tipo quantitativo, por amostragem, com aplicação de questionário estruturado e abordagem pessoal em pontos de fluxo em todas as cidades selecionadas para compor a amostra.";"a. Público pesquisado: eleitores residentes e domiciliados na área urbana de 10 municípios do Estado do Amazonas.
b. Tipo de amostra: aleatória em locais de grande fluxo de pessoas, com utilização de variáveis “sexo” e “idade” com cotas proporcionais ao universo pesquisado, tendo como base de cálculo os dados do TRE/AM-2014, e as variáveis “escolaridade”, “religião” e “renda familiar” como complemento da análise, não se aplicando, nesse caso, nenhum tipo de ponderada.
c. Ponderação: a pesquisa possui ponderação igual a 1 (um) para as variáveis “sexo” e “idade” devido à metodologia adotada (autoponderada). Para as variáveis “grau de escolaridade”, “religião” e “renda familiar” não se aplicará nenhuma ponderação devido aos dados secundários existentes do Estado do Amazonas serem totalmente desatualizados.
d. Intervalo de confiança / Margem de erro: a margem de erro máxima estimada é de 2,5%, para mais ou para menos, com um grau de confiabilidade de 95%. Isso significa que se fossem feitas 100 entrevistas com a mesma metodologia, 95 estariam dentro da margem de erro prevista.";"Após a coleta de dados é realizada uma fiscalização, na sede da empresa, através de contato telefônico, que consiste na checagem de 10% a 30% das entrevistas aplicadas, tendo a finalidade verificar a veracidade e os procedimentos adotados pelo pesquisador durante a aplicação da entrevista.";"A pesquisa será realizada na seguinte proporção: Manacapuru 99 (noventa e nove); Parintins 122 (cento e vinte e dois); Itacoatiara 104 (cento e quatro); Coari 87 (oitenta e sete); Tefé 71 (setenta e um), Maués 55 (cinquenta e cinco); Tabatinga 54 (cinquenta e quatro); Borba 35 (trinta e cinco); e, Manicoré 48 (quarenta e oito). Em Manaus, especificamente, a pesquisa será realizada nas seis zonas administrativas da cidade, que compreendem os seguintes bairros (oficiais), com a quantidade de entrevistados entre parênteses: ZONA CENTRO-OESTE: Alvorada (30 entrevistas), da Paz (07 entrevistas), Dom Pedro (08 entrevistas), Planalto (08 entrevistas) e Redenção (16 entrevistas); ZONA CENTRO-SUL: Chapada (06 entrevistas), Flores (25 entrevistas), Nossa Senhora das Graças (08 entrevistas), Parque 10 de Novembro (21 entrevistas) e Aleixo (10 entrevistas); ZONA LESTE: Armando Mendes (13 entrevistas), Colônia Antônio Aleixo (08 entrevistas), Coroado (24 entrevistas), Jorge Teixeira (53 entrevistas), Mauazinho (11 entrevistas), São José Operário (31 entrevistas), Tancredo Neves (23 entrevistas), Gilberto Mestrinho (26 entrevistas), e Zumbi dos Palmares (17 entrevistas); ZONA NORTE: Cidade Nova (57 entrevistas), Colônia Santo Antônio (08 entrevistas), Monte das Oliveiras (19 entrevistas), Novo Israel (08 entrevistas), Santa Etelvina (12 entrevistas), Novo Aleixo (45 entrevistas), Cidade de Deus (33 entrevistas), Nova Cidade (28 entrevistas), e Colônia Terra Nova (21 entrevistas); ZONA OESTE: Compensa (37 entrevistas), Lírio do Vale (10 entrevistas), Nova Esperança (09 entrevistas), Santo Agostinho (08 entrevistas), Santo Antônio (10 entrevistas), São Jorge (11 entrevistas), São Raimundo (07 entrevistas), Vila da Prata (05 entrevistas), Tarumã (14 entrevistas) e Tarumã-Açu (06 entrevistas); ZONA SUL: Betânia (06 entrevistas), Cachoeirinha (09 entrevistas), Centro (17 entrevistas), Crespo (08 entrevistas), Educandos (08 entrevistas), Japiim (28 entrevistas), Morro da Liberdade (06 entrevistas), Petrópolis (22 entrevistas), Praça 14 de Janeiro (05 entrevistas), Raiz (08 entrevistas), São Francisco (09 entrevistas) e São Lázaro (06 entrevistas).
OBS: os bairros Adrianópolis, São Geraldo, Puraquequara, Distrito Industrial II, Lago Azul, Glória, Ponta Negra, Colônia Oliveira Machado, Nossa Senhora de Aparecida, Santa Luzia, Presidente Vargas, Distrito Industrial I e Vila Buriti não atingem proporcionalmente o número mínimo de entrevistas para levantamento de dados."
"27/02/2023";"15:36:19";2014;3;"Eleições Gerais 2014";"AM";"AM";"AMAZONAS";"AM000312014";"2014-08-22 00:00:00";"#NE";"06023655000161";"A F SOARES MARKETING E PESQUISAS DE MERCADO LTDA";"#NE";"Governador, Senador";"2014-08-22 00:00:00";"2014-08-25 00:00:00";1850;"7117-A ";"JOÃO CALDAS DO LAGO NETO ";"86000,00";"Survey, quantitativa, descritiva, transversal. Pesquisa de campo (dados primários). Amostragem não probabilística, estratificada por cotas. Universo: eleitores residentes e domiciliados na área urbana dos municípios pesquisados. Coleta dos dados: questionário estruturado, aplicado de modo presencial em entrevista direta ou face-to-face. Tratamento dos dados: estatística descritiva (Média, mediana, desvio-padrão),  analise de normalidade (Skewness e curtosis) e análises multivariadas (AFE – Análise Fatorial Exploratória. ";"Plano amostral e ponderação quanto a sexo, idade, grau de instrução e nível econômico do entrevistado; intervalo de confiança e margem de erro:
O universo da pesquisa é de acordo com o TRE AM – Tribunal Regional Eleitoral do Estado do Amazonas, formado por 2.226.891 eleitores (atualizado em 21/07/2014, às 09:55) aptos a votar no Amazonas. O tamanho da amostra será de 1.850 indivíduos. O erro amostral para a amostra é de 2% para mais ou menos, considerando um nível de confiança de 95%. A pesquisa será aplicada em todas as seis zonas administrativas de Manaus e mais 15 municípios conforme, ponderação descrita a seguir: divisão por meio da proporcionalidade ao tamanho do Universo da amostra entre zonas administrativas e bairros; seguida pela amostra aleatória simples distribuída por setores censitários marcados pelos quarteirões onde cada pesquisador terá conhecimento de sua área de abrangência em mapa elaborado no Software Arc Map 11.0. As entrevistas serão realizadas por 50 pesquisadores de campo, sob coordenação de 5 coordenadores de equipes subordinados ao Setor de Coleta de Dados da Action. Para estabelecer a distribuição da amostra total (1.850 indivíduos) foi utilizado o Software Sphinx na função ponderação pelo critério PPT. Desta forma foram estimadas as frequências absolutas (ao lado de suas respectivas frequências relativas) para cada município, de acordo com a sua proporção na amostra. A distribuição prevista foi, para Manaus 1.033 (56%), Parintins 132 (7%), Itacoatiara 113 (6%), Manacapuru 107 (6%), Coari 94 (5%), Tefé 77 (4%),  Tabatinga 58 (3%), Eirunepé 41 (2%), Presidente Figueiredo 34 (2%), Nova Olinda do Norte 32 (2%), Codajás 29 (2%), Nhamundá 25 (1%), Rio Preto da Eva 24 (1%), Boa Vista do Ramos 20 (1%), Novo Airão 16 (1%) e Caapiranga 15 (1%) no TOTAL 1.850 (100%). Gênero Masculino 888  (48%), Feminino 962 (52%) no TOTAL 1.850  (100%).  Faixa etária De 16 a 19 anos 241 (13%), De 20 a 29 anos 573 (31%), De 30 a 39 anos 444 (24%), De 40 a 49 anos 296 (16%), De 50 a 59 anos 185 (10%), Igual ou superior a 60 anos 111 (6%), no TOTAL 1.850 (100%). Renda Familiar Média Mensal Menor que 1 SM 1221 (66%), Mais de 1 SM a 2 SM 278 (15%), Mais de 2 SM a 5 SM 148 (8%), Maior que 5 SM 55 (3%), Sem rendimentos 148 (8%), no TOTAL 1.850 (100%). Em Manaus a Ponderação por zonas administrativas será Norte 279 (27%), Sul 175 (17%), Centro-Sul 93 (9%), Oeste 145 (14%), Centro-Oeste 93 (9%) e Leste 248 (24%), no TOTAL 1033 (100%). 
Sistema interno de controle e verificação, conferência e fiscalização da coleta de dados e do trabalho de campo:
";"O controle será exercido por verificação física do preenchimento dos questionários, checagem das respostas em 20% dos indivíduos em cada lote de 50 questionários, desta forma, todos os pesquisadores serão avaliados. Primeiramente o controle da qualidade excluirá os questionários sem preenchimento de um bloco de questões abertas ou fechadas, com rasuras sem justificativas, com incoerências. Em uma segunda etapa, após digitação e correção dos dados, as variáveis correlatas serão cruzadas e os questionários que apresentarem incoerências ou anormalidade, segundo a distância de Mahalanobis, serão excluídos e substituídos por outros coletados como excedente ou reposição de cotas. 
Dados relativos aos municípios e bairros abrangidos pela pesquisa. Na ausência de delimitação do bairro, será identificada a área em que foi realizada a pesquisa (conforme $6o.do Art. 1º da Res. TSE 23400/13, o pedido de registro será complementado pela entrega destes dados ao Tribunal Eleitoral em um prazo de até 24 horas, contado da divulgação do respectivo resultado): 
";"Atendendo às exigências do $6o.do Art. 1º da Res. TSE 23400/13, indicam-se as zonas a serem exploradas na pesquisa, sendo que em, até 24 horas após a divulgação de resultados, serão enviados os dados referentes aos respectivos bairros. A distribuição prevista foi, para Manaus 1.033 (56%), Parintins 132 (7%), Itacoatiara 113 (6%), Manacapuru 107 (6%), Coari 94 (5%), Tefé 77 (4%),  Tabatinga 58 (3%), Eirunepé 41 (2%), Presidente Figueiredo 34 (2%), Nova Olinda do Norte 32 (2%), Codajás 29 (2%), Nhamundá 25 (1%), Rio Preto da Eva 24 (1%), Boa Vista do Ramos 20 (1%), Novo Airão 16 (1%) e Caapiranga 15 (1%) no TOTAL 1.850 (100%). Gênero Masculino 888  (48%), Feminino 962 (52%) no TOTAL 1.850  (100%).  Faixa etária De 16 a 19 anos 241 (13%), De 20 a 29 anos 573 (31%), De 30 a 39 anos 444 (24%), De 40 a 49 anos 296 (16%), De 50 a 59 anos 185 (10%), Igual ou superior a 60 anos 111 (6%), no TOTAL 1.850 (100%). Renda Familiar Média Mensal Menor que 1 SM 1221 (66%), Mais de 1 SM a 2 SM 278 (15%), Mais de 2 SM a 5 SM 148 (8%), Maior que 5 SM 55 (3%), Sem rendimentos 148 (8%), no TOTAL 1.850 (100%). Em Manaus a Ponderação por zonas administrativas será Norte 279 (27%), Sul 175 (17%), Centro-Sul 93 (9%), Oeste 145 (14%), Centro-Oeste 93 (9%) e Leste 248 (24%), no TOTAL 1033 (100%)."
"27/02/2023";"15:36:19";2014;3;"Eleições Gerais 2014";"AM";"AM";"AMAZONAS";"AM000442014";"2014-09-10 00:00:00";"#NE";"19423911000150";"Associação Amazonense de Gestão Ambiental da Amazonia - Jornal Novo Iranduba.";"#NE";"Deputado Federal";"2014-09-13 00:00:00";"2014-09-18 00:00:00";2000;"19.423.911/0001-50";"Luiz Eduardo da Silva Braga";"5000,00";"Entrevista...";"Plano de amostragem aleatoria simples
Plano de amostragem aleatoria estratificada
Plano de amostragem aleatoria conglomerado
Plano de amostragem sistematica
Plano por estagio multiplo.
";"sistema sociais e culturais...";"Distrito de Cacau Pirëra = > Sede do Município => Distrito do Lago do Limão => Distrito do Ariau => Distrito do Janauary"
"27/02/2023";"15:36:19";2014;3;"Eleições Gerais 2014";"AM";"AM";"AMAZONAS";"AM000532014";"2014-10-02 00:00:00";"#NE";"03079221000195";"DMP DESIGN MARKETING E PROPAGANDA LTDA";"#NE";"Governador, Senador";"2014-10-05 00:00:00";"2014-10-05 00:00:00";1000;"8940";"ERICO JANDER DA SILVA LOPES";"12000,00";" A metodologia da pesquisa realizada pela DMP, é a utilização de questionário estruturado, e amostragem probabilística simples, com efetuação de entrevistas pessoais com questionário estruturado, aplicado em entrevista direta ou face-to-face, tendo por universo o eleitorado das zonas eleitorais do município.
";"O plano Amostral: Universo – Eleitorado de Manaus, com 16 anos ou selecionados de forma sistemática conforme amostragem proporcional por zona e colégio eleitoral dentro do município. Amostragem, coeficiente de confiança, margem de erro: A pesquisa DMP vai entrevistar 1000 eleitores. A amostra garante a nível municipal uma margem de erro de 3% para um intervalo e confiança de 95%. As ponderações em relação a sexo, idade, grau de instrução e nível econômico, descritas nas perguntas 1 a 4 do questionário, serão realizadas para refletir estatisticamente a proporção do eleitorado consultado, conforme percentuais SEXO: TSE/JUNHO/2012 % Masculino 48,2 Feminino 51,8 FAIXA ETÁRIA: TSE/JUNHO/2012 % De 16 a 17 anos 2,0; De 18 a 24 anos 18; De 25 a 34 anos 28,5; De 35 a 44 anos 21,6; De 45 a 59 anos 19,8; Mais de 60 anos 9,8; GRAU DE INSTRUÇÃO: TSE/JUNHO2012: % Analfabeto / 1 ano ou menos de estudo 9,6; Ensino Fundamental (incompleto/completo) 42,1 Ensino Médio (incompleto/completo) 41,9 Superior (incompleto/completo) 6,4 - FAIXA DE RENDA: Até 724,00; De R$ 724,01 a R$2.172,00; De R$ 2.172,01 a R$ 3.620,00: Acima de R$ 3.620,00.";"	Sistema interno de controle, verificação, conferência e fiscalização da coleta de dados e do trabalho de campo é assim descrito: Durante o trabalho de campo são checadas 20% das entrevistas (externa), internamente, os dados de diferentes questões são pré-processados e cruzados entre si, o que permite fazer a critica dos mesmos para a verificação de eventuais inconsistências. Será utilizada para o controle e executar suas atividades, uma equipe com 12 pesquisadores, 3 supervisores, 1 gerente e 2 verificadores. ";"#NULO#"
"27/02/2023";"15:36:19";2014;3;"Eleições Gerais 2014";"AM";"AM";"AMAZONAS";"AM000712014";"2014-10-23 00:00:00";"#NE";"03079221000195";"DMP DESIGN MARKETING E PROPAGANDA LTDA";"#NE";"Governador";"2014-10-26 00:00:00";"2014-10-26 00:00:00";1000;"8940";"ERICO JANDER DA SILVA LOPES";"12000,00";" A metodologia da pesquisa realizada pela DMP, é a utilização de questionário estruturado, e amostragem probabilística simples, com efetuação de entrevistas pessoais com questionário estruturado, aplicado em entrevista direta ou face-to-face, tendo por universo o eleitorado das zonas eleitorais do município.
";" O plano Amostral: Universo – Eleitorado de Manaus, com 16 anos ou selecionados de forma sistemática conforme amostragem proporcional por zona e colégio eleitoral dentro do município. Amostragem, coeficiente de confiança, margem de erro: A pesquisa DMP vai entrevistar 1000 eleitores. A amostra garante a nível municipal uma margem de erro de 3% para um intervalo e confiança de 95%. As ponderações em relação a sexo, idade, grau de instrução e nível econômico, descritas nas perguntas 1 a 4 do questionário, serão realizadas para refletir estatisticamente a proporção do eleitorado consultado, conforme percentuais SEXO: TSE/JUNHO/2012 % Masculino 48,2 Feminino 51,8 FAIXA ETÁRIA: TSE/JUNHO/2012 % De 16 a 17 anos 2,0; De 18 a 24 anos 18; De 25 a 34 anos 28,5; De 35 a 44 anos 21,6; De 45 a 59 anos 19,8; Mais de 60 anos 9,8; GRAU DE INSTRUÇÃO: TSE/JUNHO2012: % Analfabeto / 1 ano ou menos de estudo 9,6; Ensino Fundamental (incompleto/completo) 42,1 Ensino Médio (incompleto/completo) 41,9 Superior (incompleto/completo) 6,4 - FAIXA DE RENDA: Até 724,00; De R$ 724,01 a R$2.172,00; De R$ 2.172,01 a R$ 3.620,00: Acima de R$ 3.620,00. ";"Sistema interno de controle, verificação, conferência e fiscalização da coleta de dados e do trabalho de campo é assim descrito: Durante o trabalho de campo são checadas 20% das entrevistas (externa), internamente, os dados de diferentes questões são pré-processados e cruzados entre si, o que permite fazer a critica dos mesmos para a verificação de eventuais inconsistências. Será utilizada para o controle e executar suas atividades, uma equipe com 12 pesquisadores, 3 supervisores, 1 gerente e 2 verificadores. ";"#NULO#"
"27/02/2023";"15:36:19";2014;4;"Eleições Gerais Suplementares 2014";"AM";"AM";"AMAZONAS";"AM030562014";"2017-07-28 00:00:00";"S";"03079221000195";"DMP DESIGN MARKETING E PROPAGANDA LTDA";"#NULO#";"Governador";"2017-07-30 00:00:00";"2017-08-03 00:00:00";1800;"8940";"Erico Jander da Silva Lopes";"27000,00";"A metodologia da pesquisa realizada pela DMP, é uma pesquisa quantitativa com utilização de questionário estruturado, e amostragem probabilística simples, com efetuação de entrevistas pessoais em pontos de fluxo populacional, tendo por universo o eleitorado de Manaus, obedecendo ao regime de quotas (base TSE de 2012/Censo 2010) por densidade eleitoral das regiões, sexo, idade, grau de instrução e nível econômico e com o número de entrevistas proporcionais ao número de eleitores de capa bairro. Esta metodologia assegura a representatividade de todos os segmentos sociais da população em qualquer Estado, sendo incluídas na amostra as zonas geográficas descritas no questionário. ";"Eleitorado do Estado do Amazonas, com 16 anos ou mais na área urbana e em cinco municípios do interior do Estado do Amazonas selecionados de forma sistemática conforme características geográficas e com amostragem proporcional por bairro dentro de cada município. Amostragem, coeficiente de confiança, margem de erro: A pesquisa DMP vai entrevistar 1500 eleitores. A amostra garante a nível estadual uma margem de erro 2,6% para um intervalo e confiança de 95%. As ponderações em relação a sexo, idade, grau de instrução e nível econômico, descritas nas perguntas 1 a 4 do questionário, serão realizadas para refletir estatisticamente a proporção do eleitorado consultado, conforme percentuais SEXO: TSE/JUNHO/2012 % Masculino 48,2 Feminino 51,8 FAIXA ETÁRIA: TSE/JUNHO/2012 % De 16 a 17 anos 2,0; De 18 a 24 anos 18; De 25 a 34 anos 28,5; De 35 a 44 anos 21,6; De 45 a 59 anos 19,8; Mais de 60 anos 9,8; GRAU DE INSTRUÇÃO: TSE/JUNHO2012: % Analfabeto / 1 ano ou menos de estudo 9,6; Ensino Fundamental (incompleto/completo) 42,1 Ensino Médio (incompleto/completo) 41,9 Superior (incompleto/completo) 6,4 - FAIXA DE RENDA: CENSO/2010 % Até 937,00; De R$ 937,00 a R$2.811,00; De R$ 2.811,01 a R$ 4.685,00; Acima de R$ 4.685,00; Não quis responder. ";"Sistema interno de controle, verificação, conferência e fiscalização da coleta de dados e do trabalho de campo é assim descrito: Durante o trabalho de campo são checadas 20% das entrevistas (externa), internamente, os dados de diferentes questões são pré-processados e cruzados entre si, o que permite fazer a critica dos mesmos para a verificação de eventuais inconsistências. ";"ZONA OESTE: Compensa (42); Lírio do Vale (12); Santo Antonio (12); São Raimundo (11); São Jorge (12); Gloria(10); Vila da Prata(11); Nova Esperança(10); Santo Agostinho(12); Tarumã(10); ZONA CENTRO OESTE: Alvorada (35); Redenção (20); Bairro da Paz(7); Dom Pedro I (11); Planalto(10); ZONA SUL: Japiim (37); Petrópolis (25); Raiz (10); Cachoeirinha (12); Educandos (9); São Francisco (9); Centro (12); Betânia(7); Morro da Liberdade(10); Aparecida(6); Santa Luzia(6); Praça 14(6); São Lazaro(8); ZONA CENTRO SUL: Flores (27); Parque 10 de Novembro (24) ; Aleixo(11); Chapada(7); N s da Graças(8); S Geraldo(6); ZONA LESTE: São José (44); Jorge Teixeira (62); Tancredo Neves (30); Coroado (29); Armando Mendes(16); Mauazinho(13); Gilberto Mestrinho(31); Zumbi(31); ZONA NORTE: Cidade Nova (67); Colônia Terra Nova (25); Monte das Oliveiras (22); Colonia S Antonio(10); Novo Israel(9); Santa Etelvina(17); Novo Aleixo(53); Cidade de Deus(39); Nova Cidade(35). INTERIOR: Benjamin Constant (61); Tabatinga (96); Coari (139); Manacapuru (159); Itacoatiara (160); Parintins (187)."
"27/02/2023";"15:36:19";2014;3;"Eleições Gerais 2014";"AM";"AM";"AMAZONAS";"AM000342014";"2014-09-05 00:00:00";"#NE";"03079221000195";"DMP DESIGN MARKETING E PROPAGANDA LTDA";"#NE";"Governador, Senador";"2014-09-04 00:00:00";"2014-09-11 00:00:00";2000;"8940";"ERICO JANDER DA SILVA LOPES";"40000,00";"	A metodologia da pesquisa realizada pela DMP, é uma pesquisa quantitativa com utilização de questionário estruturado, e amostragem probabilística simples, com efetuação de entrevistas pessoais em pontos de fluxo populacional, tendo por universo o eleitorado de Manaus e 7 outros municípios do estado, obedecendo ao regime de quotas (base TSE de 2012/Censo 2010) por densidade eleitoral das regiões, sexo, idade, grau de instrução e nível econômico e com o número de entrevistas proporcionais ao número de eleitores do interior do Estado do Amazonas. Esta metodologia assegura a representatividade de todos os segmentos sociais da população em qualquer Estado, sendo incluídas na amostra as zonas geográficas descritas no questionário.
";"O plano Amostral segundo os itens exigidos por lei segue descritos: Universo – Eleitorado do Estado do Amazonas, com 16 anos ou mais na área urbana e em 7 municípios do interior do Estado do Amazonas selecionados de forma sistemática conforme características geográficas e com amostragem proporcional por bairro dentro de cada município. Amostragem, coeficiente de confiança, margem de erro: A pesquisa DMP vai entrevistar 2000 eleitores. A amostra garante a nível estadual uma margem de erro de 2,2% para um intervalo e confiança de 95%. As ponderações em relação a sexo, idade, grau de instrução e nível econômico, descritas nas perguntas 1 a 4 do questionário, serão realizadas para refletir estatisticamente a proporção do eleitorado consultado, conforme percentuais SEXO: TSE/JUNHO/2012 % Masculino 48,2 Feminino 51,8 FAIXA ETÁRIA: TSE/JUNHO/2012 % De 16 a 17 anos 2,0; De 18 a 24 anos 18; De 25 a 34 anos 28,5; De 35 a 44 anos 21,6; De 45 a 59 anos 19,8; Mais de 60 anos 9,8; GRAU DE INSTRUÇÃO: TSE/JUNHO2012: % Analfabeto / 1 ano ou menos de estudo 9,6; Ensino Fundamental (incompleto/completo) 42,1 Ensino Médio (incompleto/completo) 41,9 Superior (incompleto/completo) 6,4 - FAIXA DE RENDA: Até 724,00; De R$ 724,01 a R$2.172,00; De R$ 2.172,01 a R$ 3.620,00: Acima de R$ 3.620,00. ";"Sistema interno de controle, verificação, conferência e fiscalização da coleta de dados e do trabalho de campo é assim descrito: Durante o trabalho de campo são checadas as entrevistas (externa), internamente, os dados de diferentes questões são pré-processados e cruzados entre si, e também é feita a conferencia por meio de ligações telefônicas de 10% dos entrevistados sorteados de forma aleatória. ";"#NULO#"
"27/02/2023";"15:36:19";2014;3;"Eleições Gerais 2014";"AM";"AM";"AMAZONAS";"AM000482014";"2014-09-19 00:00:00";"#NE";"84480946000192";"D M Duarte";"#NE";"Governador";"2014-09-18 00:00:00";"2014-09-26 00:00:00";2500;"8.332";"Ézio Lacerda Lopes";"30000,00";"Esta pesquisa é quantitativa através de uma amostragem probabilística e aleatória. As entrevistas são realizadas por telefone (fixo ou móvel) onde se seleciona um conjunto mínimo de 15 (quinze) vezes o número de entrevistas a serem alcançadas proporcionalmente por município e/ou bairro.";"a. Público pesquisado: eleitores com telefone residencial ou móvel, residentes e domiciliados em todos os 62 municípios do Estado do Amazonas.
b. Tipo de amostra: aleatória com o sorteio dos números de telefone de todas as operadoras de telefones fixos e móveis, tendo como base os prefixos de cada uma delas, ou seja, XXXX-0001 a XXXX-9999. A entrevista será realizada por telefone e digitada, posteriormente, no software SPHINX. O número de entrevistas por município e/ou bairro é proporcional ao número de eleitores conforme os dados do TRE/AM-2014 e do IBGE. As variáveis “escolaridade”, “religião” e “renda familiar”, como complemento da análise, não serão aplicadas, nesse caso, para nenhum tipo de ponderação.
c. Ponderação: a pesquisa possui ponderação igual a 1 (um) para as variáveis “sexo” e “idade” devido à metodologia adotada (autoponderada). Para as variáveis “grau de escolaridade”, “religião” e “renda familiar” não se aplicará nenhuma ponderação devido aos dados secundários existentes do Estado do Amazonas serem totalmente desatualizados.
d. Intervalo de confiança / Margem de erro: a margem de erro máxima estimada é de 2,0%, para mais ou para menos, com um grau de confiabilidade de 95%. Isso significa que se fossem feitas 100 entrevistas com a mesma metodologia, 95 estariam dentro da margem de erro prevista.";"Após a coleta de dados é realizada uma fiscalização, na base dos dados coletados, onde ocorre a fiscalização por um supervisor, através de um novo contato telefônico, para uma checagem de 10% a 20% das entrevistas aplicadas.";"A pesquisa será realizada nos 61 municípios do interior do estado e na capital, na seguinte proporção, com a quantidade de entrevistados entre parênteses: Alvarães (20); Amaturá (12); Anamã (16); Anori (22); Apuí (22); Atalaia do Norte (16); Autazes (50); Barcelos (22); Barreirinha (38); Benjamin Constant (44); Beruri (24); Boa Vista do Ramos (22); Boca do Acre (44); Borba (42); Caapiranga (16); Canutama (16); Carauari (40); Careiro Castanho (50); Careiro da Várzea (30); Coari (106); Codajás (32); Eirunepé (46); Envira (24); Fonte Boa (30); Guajará (20); Humaitá (60); Ipixuna (22); Iranduba (48); Itacoatiara (126); Itamarati (14); Itapiranga (16); Japurá (08); Juruá (16); Jutaí (24); Lábrea (50); Manacapuru (120); Manaquiri (28); Manicoré (58); Maraã (20); Maués (66); Nhamundá (28); Nova Olinda do Norte (36); Novo Airão (18); Novo Aripuanã (26); Parintins (148); Pauiní (20); Presidente Figueiredo (38); Rio Preto da Eva (28); Santa Isabel do Rio Negro (16); Santo Antônio do Içá (28); São Gabriel da Cachoeira (62); São Paulo de Olivença (34); São Sebastião do Uatumã (12); Silves (14); Tabatinga (64); Tapauá (28); Tefé (86); Tonantins (18); Uarini (16); Urucará (24); e, Urucurituba (26). Em Manaus, especificamente, a pesquisa será realizada nas seis zonas administrativas da cidade, que compreendem os seguintes bairros (oficiais): ZONA CENTRO-OESTE: Alvorada (50); da Paz (11); Dom Pedro (13); Planalto (13); e, Redenção (27). ZONA CENTRO-SUL: Adrianópolis (07); São Geral (06); Chapada (08); Flores (37); Nossa Senhora das Graças (12); Parque 10 de Novembro (32); e, Aleixo (15); ZONA LESTE: Armando Mendes (21); Colônia Antônio Aleixo (14); Coroado (42); Jorge Teixeira (86); Mauazinho (17); São José Operário (52). Tancredo Neves (38); Gilberto Mestrinho (42); e, Zumbi dos Palmares (28); ZONA NORTE: Cidade Nova (55); Colônia Santo Antônio (16); Monte das Oliveiras (32); Novo Israel (12); Santa Etelvina (20); Novo Aleixo (74); Cidade de Deus (93); Nova Cidade (47); e, Colônia Terra Nova (36). ZONA OESTE: Compensa (58); Glória (06); Lírio do Vale (17); Nova Esperança (14), Ponta Negra (04); Santo Agostinho (12); Santo Antônio (16); São Jorge (17); São Raimundo (12); Vila da Prata (08); Tarumã (21); e, Tarumã-Açu (10); ZONA SUL: Betânia (09); Cachoeirinha (13); Centro (27); Colônia Oliveira Machado (07); Crespo (11); Educandos (13); Japiim (43); Morro da Liberdade (09); Nossa Senhora de Aparecida (04); Petrópolis (31); Praça 14 de Janeiro (09); Presidente Vargas (07); Raiz (11); Santa Luzia (04); São Francisco (13); e, São Lázaro (09).
OBS: os bairros Distrito Industrial I, Distrito Industrial II, Lago Azul e Vila Buriti não atingem proporcionalmente o número mínimo de entrevistas para levantamento de dados."
"27/02/2023";"15:36:19";2014;3;"Eleições Gerais 2014";"AM";"AM";"AMAZONAS";"AM000702014";"2014-10-22 00:00:00";"#NE";"84480946000192";"D M Duarte";"#NE";"Governador";"2014-10-26 00:00:00";"2014-10-26 00:00:00";800;"8.332";"Ézio Lacerda Lopes";"10000,00";"Pesquisa a ser feita com metodologia probalística e aleatória, com a realização de entrevistas pessoais, com a aplicação de cartela que simula a frente da urna eletrônica. O entrevistado reproduzirá o gesto que acabou de fazer na urna oficial. Dessa forma, procuramos evitar que possíveis erros involuntários do eleitor deformem os resultados da pesquisa.";"a. Público pesquisado: eleitores de 03 escolas da capital e 05 escolas em municípios do interior Estado do Amazonas, onde em todas o resultado foi idêntico ao da apuração final do primeiro turno.
b. Tipo de amostra: aleatória, na saída do local de votação, obedecendo as cotas de sexo e idade, estabelecidas a partir dos dados IBGE/TRE. As variáveis “escolaridade”, “religião” e “renda familiar”, como complemento da análise, não serão aplicadas, nesse caso, para nenhum tipo de ponderação.
c. Ponderação: a pesquisa possui ponderação igual a 1 (um) para as variáveis “sexo” e “idade” devido à metodologia adotada (autoponderada). Para as variáveis “grau de escolaridade”, “religião” e “renda familiar” não se aplicará nenhuma ponderação devido aos dados secundários existentes do Estado do Amazonas serem totalmente desatualizados.
d. Intervalo de confiança / Margem de erro: a margem de erro máxima estimada é de 3,5%, para mais ou para menos, com um grau de confiabilidade de 95%. Isso significa que se fossem feitas 100 entrevistas com a mesma metodologia, 95 estariam dentro da margem de erro prevista.";"A coleta de dados é realizada por um pesquisador acompanhado por um supervisor a cada 04 entrevistas.";"A pesquisa será realizada em 08 colégios eleitorais, sendo 03 na capital e 05 no interior do Estado."
"27/02/2023";"15:36:19";2014;4;"Eleições Gerais Suplementares 2014";"AM";"AM";"AMAZONAS";"AM079662014";"2017-07-22 00:00:00";"S";"10730923000152";"ALDOUS J R SANTANA - ME";"INTAKE MARKETING ESTRATEGICO E PESQUISA DE MERCADO";"Governador";"2017-07-23 00:00:00";"2017-07-26 00:00:00";1700;"9976";"Jair da Silva Feitoza";"46000,00";"A pesquisa é do tipo quantitativa e será realizada com metodologia probabilística, os sorteios de campo foram feitos de forma aleatória, com sorteio de quadra e entrevistas domiciliares de um residente por casa; Em Manaus, utilizamos a população estimada do ano de 2016 do IBGE, como base estatística para definição dos números de entrevistados por Zona Administrativa, e no Interior, o número de entrevistados foi proporcional ao número de eleitores informados pelo TRE-AM 2016.";"DISTRIBUIÇÃO PARA CAPITAL: Zona Norte (27%), Zona Sul (17%), Zona Centro-Sul (9%), Zona Oeste (14%), Zona Centro-Oeste (9%) e Leste (24%), CENSO IBGE/2010. Gênero Masculino (47%), Feminino (53%), TSE JULHO/2016. Faixa etária De 16 a 17 anos (2%), De 18 a 24 anos (19%), De 25 a 34 anos (26%), De 35 a 44 anos (23%), De 45 a 59 anos (21%), Mais de 60 anos (9%), TSE JULHO/2016. Renda Familiar Média Mensal de Até 1 SM (15%), De 1 SM a 3 SM (42%), De 3 SM a 5 SM (19%), De 5 SM a 10 SM (15%), Superior a 10 SM (9%), CENSO IBGE/2010. DISTRIBUIÇÃO PARA INTERIOR: Anori(12); Apuí(13); Autazes(30); Barcelos(13); Benjamin Constant(24); Canutama(10); Carauarí(23); Coarí(61); Fonte Boa(18); Humaitá(36); Iranduba(34); Itacoatiara(79); Manacapuru(78); Manicoré(35); Maraã(12); Parintins(80); Presidente Figueiredo(26); Rio Preto da Eva(18); Tabatinga(38); Tefé(49) e Tonantins(11). A margem de erro máxima estimada é de 2,5%, para mais ou para menos, com intervalo de confiança de 95%.";"Verificação e fiscalização em 20% dos questionários no local da coleta de dados, realizada pelo coordenador de campo.";"Segundo estimativa populacional e CENSO do IBGE/2010. "
"27/02/2023";"15:36:19";2014;4;"Eleições Gerais Suplementares 2014";"AM";"AM";"AMAZONAS";"AM036202014";"2017-08-20 00:00:00";"S";"03079221000195";"DMP DESIGN MARKETING E PROPAGANDA LTDA";"#NULO#";"Governador";"2017-08-27 00:00:00";"2017-08-27 00:00:00";1000;"8940";"Erico Jander da Silva Lopes";"10000,00";"A metodologia da pesquisa realizada pela DMP, é a utilização de questionário estruturado, e amostragem probabilística simples, com realização de entrevistas pessoais com questionário estruturado, aplicado em entrevista direta ou face-to-face, tendo por universo o eleitorado das zonas eleitorais do município. ";"Universo ¿ Eleitorado de Manaus, com 16 anos ou selecionados de forma sistemática conforme amostragem proporcional por zona e colégio eleitoral dentro do município. Amostragem, coeficiente de confiança, margem de erro: A pesquisa DMP vai entrevistar 1000 eleitores. A amostra garante a nível municipal uma margem de erro de 3% para um intervalo e confiança de 95%. As ponderações em relação a sexo, idade, descritas nas perguntas 1 e 2 do questionário, serão realizadas para refletir estatisticamente a proporção do eleitorado consultado, conforme percentuais SEXO: TSE/JUNHO/2012 % Masculino 48,2 Feminino 51,8 FAIXA ETÁRIA: TSE/JUNHO/2012 % De 16 a 17 anos 2,0; De 18 a 24 anos 18; De 25 a 34 anos 28,5; De 35 a 44 anos 21,6; De 45 a 59 anos 19,8; Mais de 60 anos 9,8.";"Durante o trabalho de campo são checadas pelo coordenador as entrevistas realizadas após o termino em cada colégio eleitoral.";"#NULO#"
"27/02/2023";"15:36:19";2014;3;"Eleições Gerais 2014";"AM";"AM";"AMAZONAS";"AM000422014";"2014-09-10 00:00:00";"#NE";"19423911000150";"Associação Amazonense de Gestão Ambiental da Amazonia - Jornal Novo Iranduba.";"#NE";"Governador, Senador, Deputado Federal, Deputado Estadual";"2014-09-13 00:00:00";"2014-09-18 00:00:00";2000;"19.423.911/0001-50";"Luiz Eduardo da Silva Braga";"5000,00";"Entrevista....";"Plano de Amostragem aleatória simples
Plano de Amostragem aleatória Estratificada
Plano de Amostragem aleatória por conglomerado
Plano de por Estágios Multiplos
Plano de Amostragem Sistemática";"Sistema Sociais e Culturais";"Distrito de Cacau Pirêra => Sede do Município ==> Distrito do Lago do Limão=> Distrito do Ariau ==> Distrito do Janauary."
"27/02/2023";"15:36:19";2014;3;"Eleições Gerais 2014";"AM";"AM";"AMAZONAS";"AM000392014";"2014-09-07 00:00:00";"#NE";"68802370000186";"IBOPE INTELIGÊNCIA PESQUISA E CONSULTORIA LTDA. ";"#NE";"Governador, Senador";"2014-09-07 00:00:00";"2014-09-12 00:00:00";1512;"6208-A";"Márcia Cavallari Nunes";"134069,04";"Pesquisa quantitativa, que consiste na realização de entrevistas pessoais com a aplicação de questionário estruturado junto a uma amostra representativa do eleitorado em estudo.";"Representativa do eleitorado da área em estudo, elaborada em três estágios.
No primeiro estágio faz-se um sorteio probabilístico nos municípios, onde as entrevistas serão realizadas, pelo método PPT (Probabilidade Proporcional ao Tamanho), tomando o eleitorado como base para tal seleção.
No segundo estágio faz-se um sorteio probabilístico dos setores censitários, onde as entrevistas serão realizadas, pelo método PPT (Probabilidade Proporcional ao Tamanho), tomando a população de 16 anos ou mais residente nos setores como base para tal seleção. No terceiro e último estágio, dentro dos setores sorteados, os respondentes são selecionados através de quotas amostrais proporcionais em função de variáveis significativas, a saber: IDADE: 16-24 (masculino) 23% (feminino) 23%; 25-34 (masculino) 29% (feminino) 29%; 35-44 (masculino) 21% (feminino) 20%; 45-54 (masculino) 14% (feminino) 14%; 55 e+ (masculino) 13% (feminino) 14%; INSTRUÇÃO: Até Ensino Médio (masculino) 86% (feminino) 83%; Ensino Superior (masculino) 14% (feminino) 17%; NÍVEL ECONÔMICO: Economicamente ativo (masculino) 81% (feminino) 51%; Não Economicamente ativo (masculino) 19% (feminino) 49%. 
Está prevista eventual ponderação para correção das variáveis sexo e idade, com base nos percentuais anteriormente mencionados, caso ocorram diferenças superiores a 3 pontos percentuais entre o previsto na amostra e a coleta de dados realizada. Para as variáveis de grau de instrução e nível econômico do entrevistado, o fator previsto para ponderação é 1 (resultados obtidos em campo). O nível de confiança estimado é de 95% e a margem de erro máxima estimada considerando um modelo de amostragem aleatório simples, é de 3 (três) pontos percentuais para mais ou para menos sobre os resultados encontrados no total da amostra.
FONTE DOS DADOS: Censo 2010 | PNAD 2012 | TSE 2014 | Entre outras.
";"Para a realização da pesquisa, utiliza-se uma equipe de entrevistadores e supervisores contratados pelo IBOPE INTELIGÊNCIA PESQUISA E CONSULTORIA LTDA. devidamente treinados para o trabalho. Após os trabalhos de campo, os questionários são submetidos a uma fiscalização de cerca de 20% (vinte por cento) dos questionários aplicados pelos entrevistadores; para verificação das respostas e da adequação dos entrevistados aos parâmetros amostrais.";"A área de abrangência da coleta é o Estado do Amazonas. A Relação de municípios selecionados para aplicação da amostra será apresentada até o 7º dia seguinte ao Registro da pesquisa, conforme expresso no art. 2º § 5º da resolução 23.400/2013 do TSE."
"27/02/2023";"15:36:19";2014;3;"Eleições Gerais 2014";"AM";"AM";"AMAZONAS";"AM000692014";"2014-10-20 00:00:00";"#NE";"68802370000186";"IBOPE INTELIGÊNCIA PESQUISA E CONSULTORIA LTDA. ";"#NE";"Governador";"2014-10-20 00:00:00";"2014-10-25 00:00:00";1512;"6208-A";"Márcia Cavallari Nunes";"134069,04";"Pesquisa quantitativa, que consiste na realização de entrevistas pessoais com a aplicação de questionário estruturado junto a uma amostra representativa do eleitorado em estudo.";"Representativa do eleitorado da área em estudo, elaborada em três estágios.
No primeiro estágio faz-se um sorteio probabilístico dos municípios, onde as entrevistas serão realizadas, pelo método PPT (Probabilidade Proporcional ao Tamanho), tomando o eleitorado como base para tal seleção.
No segundo estágio faz-se um sorteio probabilístico dos setores censitários, onde as entrevistas serão realizadas, pelo método PPT (Probabilidade Proporcional ao Tamanho), tomando a população de 16 anos ou mais residente nos setores como base para tal seleção. No terceiro e último estágio, dentro dos setores sorteados, os respondentes são selecionados através de quotas amostrais proporcionais em função de variáveis significativas, a saber: IDADE: 16-24 (masculino) 23% (feminino) 23%; 25-34 (masculino) 29% (feminino) 29%; 35-44 (masculino) 21% (feminino) 20%; 45-54 (masculino) 14% (feminino) 14%; 55 e+ (masculino) 13% (feminino) 14%; INSTRUÇÃO: Até Ensino Médio (masculino) 86% (feminino) 83%; Ensino Superior (masculino) 14% (feminino) 17%; NÍVEL ECONÔMICO: Economicamente ativo (masculino) 81% (feminino) 51%; Não Economicamente ativo (masculino) 19% (feminino) 49%. 
Está prevista eventual ponderação para correção das variáveis sexo e idade, com base nos percentuais anteriormente mencionados, caso ocorram diferenças superiores a 3 pontos percentuais entre o previsto na amostra e a coleta de dados realizada. Para as variáveis de grau de instrução e nível econômico do entrevistado, o fator previsto para ponderação é 1 (resultados obtidos em campo). O nível de confiança estimado é de 95% e a margem de erro máxima estimada considerando um modelo de amostragem aleatório simples, é de 3 (três) pontos percentuais para mais ou para menos sobre os resultados encontrados no total da amostra.
FONTE DOS DADOS: Censo 2010 | PNAD 2012 | TSE 2014 | Entre outras.
";"Para a realização da pesquisa, utiliza-se uma equipe de entrevistadores e supervisores contratados pelo IBOPE INTELIGÊNCIA PESQUISA E CONSULTORIA LTDA. devidamente treinados para o trabalho. Após os trabalhos de campo, os questionários são submetidos a uma fiscalização de cerca de 20% (vinte por cento) dos questionários aplicados pelos entrevistadores; para verificação das respostas e da adequação dos entrevistados aos parâmetros amostrais.";"A área de abrangência da coleta é o Estado do Amazonas. A Relação de municípios selecionados para aplicação da amostra será apresentada até o 7º dia seguinte ao Registro da pesquisa, conforme expresso no art. 2º § 5º da resolução 23.400/2013 do TSE."
"27/02/2023";"15:36:19";2014;4;"Eleições Gerais Suplementares 2014";"AM";"AM";"AMAZONAS";"AM037332014";"2017-07-24 00:00:00";"S";"13768347000120";"PRISCILA REGINA VASQUEZ 73652393287";"INFOESTAT SOLUCOES EM T.I. E ESTATISTICA";"Governador";"2017-07-22 00:00:00";"2017-07-24 00:00:00";910;"7760";"Felicien Gonçalves Vásquez";"12000,00";"A população alvo é eleitores de ambos os sexos, acima de 16 anos de idade com residência eleitoral na zona urbana do município de Manaus ¿ AM. A coleta de dados será realizada por meio de smartphone, com o questionário da pesquisa embarcado. Está tecnologia permite o recebimento dos dados em tempo real. Outra vantagem da coleta de dados por meio de smartphone é a possibilidade de otimizar o processo, possibilitando a redução de erros provenientes de problemas de caligrafia e redigitalização dos dados, que acaba encarecendo a pesquisa. A equipe de campo será formada por quatro supervisores motorizados e 14 pesquisadores com experiência em pesquisa de campo, com no mínimo ensino médio completo, que foram treinados pelo estatístico responsável pela metodologia empregada.";"A amostra foi calculada com base na proporção esperada para o cargo majoritário de 35%, erro amostral de 3,1% e confiança de 95%, totalizando 910 entrevistas. Na composição da amostra o método utilizado será por quotas, ponderada em relação ao gênero, idade, escolaridade e renda. Já no sorteio dos setores censitários que foram extraídos do site do IBGE (www.ibge.gov.br), o método utilizado será probabilístico, com probabilidade proporcional ao tamanho (PPT) em dois estágios, no primeiro, os setores censitários serão sorteados por meio do método sistemático, e no segundo, as ruas ou quadras onde serão realizadas as entrevistas será por amostragem aleatória simples. Esse processo foi escolhido por controlar o tamanho da amostra entre os setores censitários, além de mantê-la autoponderada.";"O trabalho em campo será fiscalizado por meio de quatro supervisores, que ficarão acompanhando a equipe em campo. Já em relação a tabulação dos dados, será realizada uma análise exploratória para verificação de inconsistência dos dados.";"A área de abrangência da pesquisa será a zona urbana da cidade de Manaus ¿ AM. A pesquisa será realizadas em todas as seis zonas da cidade (Norte, Leste, Sul, Oeste, Centro-Sul e Centro-Oeste), onde o número de setores censitários sorteados será proporcional ao tamanho do número de eleitores da cada zona da cidade."
"27/02/2023";"15:36:19";2014;3;"Eleições Gerais 2014";"AM";"AM";"AMAZONAS";"AM000052014";"2014-05-02 00:00:00";"#NE";"84480946000192";"D M Duarte";"#NE";"Governador, Senador, Deputado Federal";"2014-04-25 00:00:00";"2014-05-03 00:00:00";1500;"8332";"Ézio Lacerda Lopes";"45000,00";"A pesquisa é quantitativa, a ser realizada a ser realizada com metodologia probabilística e aleatória em cluster (conglomerados). Nesse método, nos municípios que participarão da amostra, sorteiam-se as quadras onde serão realizadas as entrevistas. Os clusters constituem os pontos de amostragem (sampling points), nos quais algumas casas são sorteadas e seus residentes entrevistados face-a-face (personal interviws). Na capital, Manaus, as entrevistas serão realizadas nas seis zonas administrativas, divididas proporcionalmente ao número de habitantes de cada uma, e, dentre elas, subdivida também, proporcionalmente, ao número de habitantes dos bairros oficiais. Os dados para o cálculo têm como base o Censo do IBGE de agosto/2010. Nos 10 outros municípios que participarão da amostra, as entrevistas serão proporcionais ao número de eleitores do interior do Estado do Amazonas, com base na estatística do TRE/AM-2012.";"a. Público pesquisado: eleitores residentes e domiciliados na cidade de Manaus e em 10 municípios do interior do Estado do Amazonas.
b. Tipo de amostra: aleatória e por sorteio de clusters (quadras), com utilização de variáveis “sexo” e “idade” com cotas proporcionais ao universo pesquisado, tendo como base de cálculo os dados do TRE/AM-2012, e as variáveis “escolaridade”, “religião” e “renda familiar” como complemento da análise, não se aplicando, nesse caso, nenhum tipo de ponderação. Em cada cluster serão realizadas de 05 a 10 entrevistas conforme a quantidade da amostra distribuída entre locais. Entre uma entrevista realizada e outra, deve-se “pular” no mínimo três imóveis residenciais. Terrenos baldios, imóveis em construção ou desabitados, órgãos públicos, escolas, igrejas e imóveis estritamente comerciais não são considerados na contagem de intervalo de três residências entre entrevistas. Caso o pesquisador não consiga completar a cota de entrevistas designada para um cluster, deve dar continuidade na quadra acima ou à direita daquela sorteada como ponto de partida, até conseguir cumprir sua meta. A localização para o início de um cluster é o canto norte mais à esquerda, se deslocando sempre no sentido horário. Vale ressaltar que, em muitos bairros dos municípios do Estado do Amazonas, não possuem quadras perfeitas. Em algumas situações, o pesquisador tem que usar o bom senso de direção para percorrer um cluster.
c. Ponderação: a pesquisa possui ponderação igual a 1 (um) para as variáveis “sexo” e “idade” devido à metodologia adotada (autoponderada). Para as variáveis “grau de escolaridade”, “religião” e “renda familiar” não se aplicará nenhuma ponderação devido aos dados secundários existentes do Estado do Amazonas serem totalmente desatualizados.
d. Intervalo de confiança / Margem de erro: a margem de erro máxima estimada é de 2,5%, para mais ou para menos, com um grau de confiabilidade de 95%. Isso significa que se fossem feitas 100 entrevistas com a mesma metodologia, 95 estariam dentro da margem de erro prevista.";"Sistema interno de controle e verificação, conferência e fiscalização da coleta de dados e do trabalho de campo: Após a coleta de dados é realizada uma fiscalização, na sede da empresa, através de contato telefônico, que consiste na checagem de 10% a 30% das entrevistas aplicadas, tendo a finalidade verificar a veracidade e os procedimentos adotados pelo pesquisador durante a aplicação da entrevista.";"Dados relativos aos municípios e bairros abrangidos pela pesquisa. Na ausência de delimitação do bairro, será identificada a área em que foi realizada a pesquisa (conforme §6º. do art. 1º. da Resolução-TSE nº. 23.400/2013, o pedido de registro será complementado pela entrega destes dados ao Tribunal Eleitoral em um prazo de até 24 horas, contado da divulgação do respectivo resultado): A pesquisa será realizada na área urbana e, eventualmente, em algumas áreas rurais dos 10 municípios do interior do Estado do Amazonas (em razão das características geográficas e de acessibilidade do nosso Estado), divididos na seguinte proporção: Coari 76 (setenta e seis); Humaitá 43 (quarenta e três); Iranduba 46 (quarenta e seis); Itacoatiara 102 (cento e dois); Manacapuru 106 (cento e seis); Manicoré 42 (quarenta e dois); Maués 48 (quarenta e oito); Parintins 105 (cento e cinco); Tabatinga 46 (quarenta e seis); e, Tefé 61 (sessenta e um). Em Manaus, especificamente, a pesquisa será realizada nas seis zonas administrativas da cidade, que compreendem os seguintes bairros (oficiais), com a quantidade de entrevistados entre parênteses: ZONA CENTRO-OESTE: Alvorada (30 entrevistas), da Paz (07 entrevistas), Dom Pedro (08 entrevistas), Planalto (08 entrevistas) e Redenção (16 entrevistas); ZONA CENTRO-SUL: Chapada (06 entrevistas), Flores (25 entrevistas), Nossa Senhora das Graças (08 entrevistas), Parque 10 de Novembro (21 entrevistas) e Aleixo (10 entrevistas); ZONA LESTE: Armando Mendes (13 entrevistas), Colônia Antônio Aleixo (08 entrevistas), Coroado (24 entrevistas), Jorge Teixeira (53 entrevistas), Mauazinho (11 entrevistas), São José Operário (31 entrevistas), Tancredo Neves (23 entrevistas), Gilberto Mestrinho (26 entrevistas), e Zumbi dos Palmares (17 entrevistas); ZONA NORTE: Cidade Nova (57 entrevistas), Colônia Santo Antônio (08 entrevistas), Monte das Oliveiras (19 entrevistas), Novo Israel (08 entrevistas), Santa Etelvina (12 entrevistas), Novo Aleixo (45 entrevistas), Cidade de Deus (33 entrevistas), Nova Cidade (28 entrevistas), e Colônia Terra Nova (21 entrevistas); ZONA OESTE: Compensa (37 entrevistas), Lírio do Vale (10 entrevistas), Nova Esperança (09 entrevistas), Santo Agostinho (08 entrevistas), Santo Antônio (10 entrevistas), São Jorge (11 entrevistas), São Raimundo (07 entrevistas), Vila da Prata (05 entrevistas), Tarumã (14 entrevistas) e Tarumã-Açu (06 entrevistas); ZONA SUL: Betânia (06 entrevistas), Cachoeirinha (09 entrevistas), Centro (17 entrevistas), Crespo (08 entrevistas), Educandos (08 entrevistas), Japiim (28 entrevistas), Morro da Liberdade (06 entrevistas), Petrópolis (22 entrevistas), Praça 14 de Janeiro (05 entrevistas), Raiz (08 entrevistas), São Francisco (09 entrevistas) e São Lázaro (06 entrevistas). OBS: os bairros Adrianópolis, São Geraldo, Puraquequara, Distrito Industrial II, Lago Azul, Glória, Ponta Negra, Colônia Oliveira Machado, Nossa Senhora de Aparecida, Santa Luzia, Presidente Vargas, Distrito Industrial I e Vila Buriti não atingem proporcionalmente o número mínimo de entrevistas para levantamento de dados."
"27/02/2023";"15:36:19";2014;3;"Eleições Gerais 2014";"AM";"AM";"AMAZONAS";"AM000092014";"2014-05-14 00:00:00";"#NE";"14627220000154";"B.S.LEÃO CAVALCANTE";"#NE";"Governador, Senador, Deputado Federal";"2014-04-21 00:00:00";"2014-05-05 00:00:00";550;"8032";"DANIELA ALVES FERREIRA DE SOUZA";"6000,00";"A metodologia aplicada foi realizada através de perguntas diretas e simples, sobre a possível opção da escolha de voto, para as eleções deste ano e as respostas foram espontaneas, contribuindo assim para um resultado justo e as informações corretas.";"foram entrevistados 550 pessoas entre os dias 21/04/2014 e 02/05/2014, sendo 53% do sexo feminino e 43% do sexo masculine, com idades entre 16 e 65 anos de idade, sendo 26% entrevistados com ensino fundamental,41% do ensino médio e 33% nivel superior, com renda entre r$724,00 e 1448,00 entre 1449,00 2889,00 e Acima de 2.900,00. Intervalo de confiança de 90% e margem de erro de 5% percentual para cima e 5% percentual para baixo.";"
Das 550 entrevistas coletadas, foram descartadas 50 entrevistas devido não estarem de acordo com o questionário aplicado e com a confirmação feita pelos entrevistadores através de questionamento feitos pelo telefone.
";" As entrevistas foram realizadas na zona centro-sul de manaus, ZONA ELEITORAL NÚMERO 31 - ABRANGENDO OS 7 BAIRROS QUE CONSTAM NA ZONA CENTRO-SUL DE MANAUS COM MAIS OU MENOS 73.000 ELEITORES ENTREVISTADOS nos bairros: EDUCANDOS, MORRO DA LIBERDADE, SÃO LÁZARO, BETANIA, SANTA LUZIA, COLONIA OLIVEIRA MACHADO, LAGOA VERDE."
"27/02/2023";"15:36:19";2014;3;"Eleições Gerais 2014";"AM";"AM";"AMAZONAS";"AM000282014";"2014-08-07 00:00:00";"#NE";"68802370000186";"IBOPE INTELIGÊNCIA PESQUISA E CONSULTORIA LTDA. ";"#NE";"Governador, Senador";"2014-08-08 00:00:00";"2014-08-12 00:00:00";1512;"6208-A";"Márcia Cavallari Nunes";"134069,04";"Pesquisa quantitativa, que consiste na realização de entrevistas pessoais e presenciais, com a aplicação de questionário estruturado junto a uma amostra representativa do eleitorado em estudo.";"Representativo do eleitorado da área em estudo, elaborada em três estágios. No primeiro estágio faz-se um sorteio probabilístico dos municípios, onde as entrevistas serão realizadas, pelo método PPT (Probabilidade Proporcional ao Tamanho), tomando o eleitorado como base para tal seleção. No segundo estágio faz-se um sorteio probabilístico dos setores censitários, onde as entrevistas serão realizadas, pelo método PPT (Probabilidade Proporcional ao Tamanho), tomando a população de 16 anos ou mais residente nos setores como base para tal seleção. No terceiro e último estágio, dentro dos setores sorteados, os respondentes são selecionados através de quotas amostrais proporcionais em função de variáveis significativas, a saber: IDADE: 16-24 (masculino) 23% (feminino) 23%; 25-34 (masculino) 29% (feminino) 28%; 35-44 (masculino) 21% (feminino) 20%; 45-54 (masculino) 14% (feminino) 13%; 55 e+ (masculino) 14% (feminino) 16%; INSTRUÇÃO: Até Ensino Médio (masculino) 86% (feminino) 84%; Ensino Superior (masculino) 14% (feminino) 16%; NÍVEL ECONÔMICO: Economicamente ativo (masculino) 80% (feminino) 51%; Não Economicamente ativo (masculino) 20% (feminino) 49%.Está prevista eventual ponderação para correção das variáveis sexo e idade, com base nos percentuais anteriormente mencionados, caso ocorram diferenças superiores a 3 pontos percentuais entre o previsto na amostra e a coleta de dados realizada. Para as variáveis de grau de instrução e nível econômico do entrevistado, o fator previsto para ponderação é 1 (resultados obtidos em campo). O nível de confiança estimado é de 95% e a margem de erro máxima estimada considerando um modelo de amostragem aleatório simples, é de 3 (três) pontos percentuais para mais ou para menos sobre os resultados encontrados no total da amostra. FONTE DOS DADOS: Censo 2010 | PNAD 2012 | TSE 2012 | Entre outras.";"Para a realização da pesquisa, utiliza-se uma equipe de entrevistadores e supervisores contratados pelo IBOPE INTELIGÊNCIA PESQUISA E CONSULTORIA LTDA. devidamente treinados para o trabalho. Após os trabalhos de campo, os questionários são submetidos a uma fiscalização de cerca de 20% (vinte por cento) dos questionários aplicados pelos entrevistadores; para verificação das respostas e da adequação dos entrevistadores aos parâmetros amostrais.";"A área de abrangência da coleta é o estado do Amazonas. A relação dos municípios selecionados para aplicação da amostra será apresentada até o 7º dia seguinte ao registro da pesquisa, conforme expresso no art. 2º, §5º da Resolução 23.400/2013 do TSE."
"27/02/2023";"15:36:19";2014;3;"Eleições Gerais 2014";"AM";"AM";"AMAZONAS";"AM000362014";"2014-09-07 00:00:00";"#NE";"03079221000195";"DMP DESIGN MARKETING E PROPAGANDA LTDA";"#NE";"Governador, Senador";"2014-09-18 00:00:00";"2014-09-25 00:00:00";2000;"8940";"ERICO JANDER DA SILVA LOPES";"40000,00";" A metodologia da pesquisa realizada pela DMP, é uma pesquisa quantitativa com utilização de questionário estruturado, e amostragem probabilística simples, com efetuação de entrevistas pessoais em pontos de fluxo populacional, tendo por universo o eleitorado de Manaus e 7 outros municípios do estado, obedecendo ao regime de quotas (base TSE de 2012/Censo 2010) por densidade eleitoral das regiões, sexo, idade, grau de instrução e nível econômico e com o número de entrevistas proporcionais ao número de eleitores do interior do Estado do Amazonas. Esta metodologia assegura a representatividade de todos os segmentos sociais da população em qualquer Estado, sendo incluídas na amostra as zonas geográficas descritas no questionário. ";"	O plano Amostral segundo os itens exigidos por lei segue descritos: Universo – Eleitorado do Estado do Amazonas, com 16 anos ou mais na área urbana e em 7 municípios do interior do Estado do Amazonas selecionados de forma sistemática conforme características geográficas e com amostragem proporcional por bairro dentro de cada município. Amostragem, coeficiente de confiança, margem de erro: A pesquisa DMP vai entrevistar 2000 eleitores. A amostra garante a nível estadual uma margem de erro de 2,2% para um intervalo e confiança de 95%. As ponderações em relação a sexo, idade, grau de instrução e nível econômico, descritas nas perguntas 1 a 4 do questionário, serão realizadas para refletir estatisticamente a proporção do eleitorado consultado, conforme percentuais SEXO: TSE/JUNHO/2012 % Masculino 48,2 Feminino 51,8 FAIXA ETÁRIA: TSE/JUNHO/2012 % De 16 a 17 anos 2,0; De 18 a 24 anos 18; De 25 a 34 anos 28,5; De 35 a 44 anos 21,6; De 45 a 59 anos 19,8; Mais de 60 anos 9,8; GRAU DE INSTRUÇÃO: TSE/JUNHO2012: % Analfabeto / 1 ano ou menos de estudo 9,6; Ensino Fundamental (incompleto/completo) 42,1 Ensino Médio (incompleto/completo) 41,9 Superior (incompleto/completo) 6,4 - FAIXA DE RENDA: Até 724,00; De R$ 724,01 a R$2.172,00; De R$ 2.172,01 a R$ 3.620,00: Acima de R$ 3.620,00. ";"	Sistema interno de controle, verificação, conferência e fiscalização da coleta de dados e do trabalho de campo é assim descrito: Durante o trabalho de campo são checadas as entrevistas (externa), internamente, os dados de diferentes questões são pré-processados e cruzados entre si, e também é feita a conferencia por meio de ligações telefônicas de 10% dos entrevistados sorteados de forma aleatória.
";"#NULO#"
"27/02/2023";"15:36:19";2014;3;"Eleições Gerais 2014";"AM";"AM";"AMAZONAS";"AM000672014";"2014-10-16 00:00:00";"#NE";"04816658000127";"EDITORA ANA CASSIA LTDA";"#NE";"Governador";"2014-10-18 00:00:00";"2014-10-21 00:00:00";1066;"7619";"SYLVANA FATIMA BARBOSA CABRAL";"23465,00";"A pesquisa será realizada no período de 18 a 21 de outubro de 2014, envolvendo diversos bairros localizados nas 13 (treze) zonas eleitorais do município de Manaus e 11 (onze) zonas eleitorais no interior do estado do Amazonas (a definição das zonas pode ser encontrada em http://www.tre-am.gov.br). Foram entrevistados 1.066 (hum mil e sessenta e seis) eleitores entre a capital e o interior. O estudo foi conduzido de modo que a margem de erro máxima seja de 3,0 pontos percentuais para mais ou para menos, com um intervalo de confiança a 95%, conforme Bussab & Morettin (2004), página 307. 
	A população está definida como sendo o conjunto de eleitores com registro eleitoral no município de Manaus e nos municípios do interior do Amazonas e aptos a votar nas eleições de 2014. 
O levantamento foi domiciliar, sendo entrevistado um único eleitor por domicílio. Os domicílios serão escolhidos através de sorteio, tendo todos iguais chances de fazer parte da amostra.  Somente serão entrevistados eleitores cujo domicílio está em um bairro que faz parte de sua zona eleitoral e que estejam aptos a votar nas eleições 2014, com sua situação devidamente regularizada no TRE.
O método de seleção amostral a ser utilizado será a amostragem aleatória estratificada para proporções (Bolfarine & Bussab, 2005, página 110). Os estratos correspondentes são definidos pelas respectivas zonas eleitorais, em um total de 13 (treze) na capital e 11 (onze) no interior do estado.. Em cada estrato é feito um processo de amostragem aleatória simples, o que implica em um sorteio aleatório de eleitores dentro de cada estrato. Isso garante uma representação adequada de outros estratos da população na amostra, definidos de acordo com outras variáveis, como sexo, idade, grau de instrução e nível econômico.  É importante observar que, em caso de um procedimento completamente aleatorizado e com grande tamanho amostral como este, as proporções amostrais das categorias de cada variável dentro dos estratos são praticamente reproduzidas no resultado final do estudo. Por exemplo, a proporção na amostra de pessoas do sexo feminino tende a ser próxima da proporção populacional de eleitoras. Tais afirmações são baseadas em um resultado clássico da teoria das probabilidades denominado “Lei dos Grandes Números”, ver Bussab & Morettin (2004), página 319. Isso garante uma ponderação adequada em relação a estas variáveis.
";"O método de seleção amostral a ser utilizado será a amostragem aleatória estratificada para proporções (Bolfarine & Bussab, 2005, página 110). Os estratos correspondentes são definidos pelas respectivas zonas eleitorais, em um total de vinte e quatro (24) - treze (13) na capital e onze (11) no interior do estado. Em cada estrato é feito um processo de amostragem aleatória simples, o que implica em um sorteio aleatório de eleitores dentro de cada estrato. Isso garante uma representação adequada de outros estratos da população na amostra, definidos de acordo com outras variáveis, como sexo, idade, grau de instrução e nível econômico.";"O trabalho de coleta das informações no campo será feito utilizando-se uma equipe composta de vinte (20) pesquisadores e sete (7) supervisores de campo. O deslocamento da equipe até os locais de coleta da informação será feito através de cinco (5) automóveis, barco ajato, ônibus intermunicipal, moto táxi e avião. A distribuição geográfica dos pesquisadores será organizada pelos respectivos supervisores de acordo com o plano amostral estabelecido.

  Para controle, verificação e conferência das informações coletadas, será obtida uma amostra aleatória simples de tamanho igual a 50 questionários onde os eleitores correspondentes serão novamente entrevistados, para efeito de verificação da coerência das respostas.
";"Parte dos hum mil e oitenta e quatro (1.084) questionários foram aplicados nos bairros das treze (13) zonas eleitorais de Manaus do TRE (os bairros das zonas podem ser encontrados em http://www.tre-am.gov.br). A criação e a divisão dos bairros da cidade de Manaus podem ser encontradas em http://www.manaus.am.gov.br. Nos onze (11) municípios visitados as entrevistas ocorreram nos bairros correspondentes as suas respectivas zonas eleitorais de acordo com as informações do TRE.
Foram aplicados quinhentos e noventa e quatro (594) questionários nas treze zonas eleitorais da capital do estado. Outros quatrocentos e setenta e dois (472) foram aplicados nas zonas correspondentes aos onze (11) municípios pesquisados.
"
"27/02/2023";"15:36:19";2014;4;"Eleições Gerais Suplementares 2014";"AM";"AM";"AMAZONAS";"AM085122014";"2017-07-21 00:00:00";"S";"06023655000161";"A F SOARES MARKETING E PESQUISAS DE MERCADO LTDA - EPP";"ACTION MARKETING E PESQUISAS";"Governador";"2017-07-21 00:00:00";"2017-07-24 00:00:00";2000;"7117-A";"JOÃO CALDAS DO LAGO NETO";"35000,00";"Survey, quantitativa, descritiva, transversal. Pesquisa de campo (dados primários). Amostragem não probabilística, estratificada por cotas. Universo: eleitores residentes e domiciliados na área urbana dos municípios pesquisados. Coleta dos dados: questionário estruturado, aplicado de modo presencial em entrevista direta ou face-to-face. Tratamento dos dados: estatística descritiva (Média, mediana, desvio-padrão),  analise de normalidade (Skewness e curtosis) e análises multivariadas (AFE ¿ Análise Fatorial Exploratória. 

";"intervalo de confiança e margem de erro: erro de 2,2% para mais ou menos em um em um intervalo de confiança de 95% 
O universo da pesquisa é de acordo com o TRE AM ¿ Tribunal Regional Eleitoral do Estado do Amazonas, formado por 2.337.824 eleitores (atualizado em 21/07/2017, às 16:18hs) aptos a votar no Amazonas. O tamanho da amostra será de 2.000 indivíduos. O erro amostral para a amostra é de 2,2% para mais ou menos, considerando um nível de confiança de 95%. A pesquisa será aplicada em todas as seis zonas administrativas de Manaus e mais 10 municípios conforme, ponderação descrita a seguir: divisão por meio da proporcionalidade ao tamanho do Universo da amostra entre zonas administrativas e bairros; seguida pela amostra aleatória simples distribuída por setores censitários marcados pelos quarteirões onde cada pesquisador terá conhecimento de sua área de abrangência em mapa elaborado no Software Arc Map 11.0. As entrevistas serão realizadas por 70 pesquisadores de campo, sob coordenação de 12 coordenadores de equipes subordinados ao Setor de Coleta de Dados da Action. Para estabelecer a distribuição da amostra total (2.000 indivíduos) foi utilizado o Software Sphinx na função ponderação pelo critério PPT. Desta forma foram estimadas as frequências absolutas (ao lado de suas respectivas frequências relativas) para cada município, de acordo com a sua proporção na amostra. A distribuição prevista foi, para  MANAUS 1.180 (59%); PARINTINS 131 (7%); ITACOATIARA 130 (7%); MANACAPURU 129 (6%); COARI 98 (5%); TEFÉ  80 (4%); TABATINGA 62 (3%); MANICORÉ 57 (3%); LÁBREA 47 (2%); EIRUNEPÉ 42 (2%); PRESIDENTE FIGUEIREDO 44 (2%), no TOTAL 2.000 (100%). Gênero Masculino 960 (48%), Feminino 1.040 (52%) no TOTAL 2.000 (100%).  Faixa etária De 16 a 19 anos 260 (13%); De 20 a 29 anos 620 (31%); De 30 a 39 anos 480 (24%); De 40 a 49 anos 320 (16%); De 50 a 59 anos 200 (10%), Igual ou superior a 60 anos 120 (6%), no TOTAL 2.000 (100%). Renda Familiar Média Mensal Menor que 1 SM 1435 (72%); Mais de 1 SM a 2 SM 326 (16%), Mais de 2 SM a 5 SM 174 (9%), Maior que 5 SM 65 (3%), no TOTAL 2.000 (100%). Em Manaus a Ponderação por zonas administrativas será Norte 317 (27%), Sul 201 (17%), Centro-Sul 110 (9%), Oeste 170 (14%), Centro-Oeste 104 (9%) e Leste 278 (24%), no TOTAL de 1180 (100%.)
";"O controle será exercido por verificação física do preenchimento dos questionários, checagem das respostas em 20% dos indivíduos em cada lote de 50 questionários, desta forma, todos os pesquisadores serão avaliados. Primeiramente o controle da qualidade excluirá os questionários sem preenchimento de um bloco de questões abertas ou fechadas, com rasuras sem justificativas, com incoerências. Em uma segunda etapa, após digitação e correção dos dados, as variáveis correlatas serão cruzadas e os questionários que apresentarem incoerências ou anormalidade, segundo a distância de Mahalanobis, serão excluídos e substituídos por outros coletados como excedente ou reposição de cotas. 

";"Dados relativos aos municípios e bairros abrangidos pela pesquisa. Na ausência de delimitação do bairro, será identificada a área em que foi realizada a pesquisa (conforme Capítulo I , do art. 2º. § 5º da Resolução-TSE nº. 23.400/2013, o pedido de registro será complementado pela entrega destes dados ao Tribunal Eleitoral em um prazo de até 24 horas, contado da divulgação do respectivo resultado): 
Atendendo às exigências do Capítulo I, do art. 2º. § 5º da Resolução-TSE nº. 23.400/2013 , indicam-se as zonas a serem exploradas na pesquisa, sendo que em, até 24 horas após a divulgação de resultados, serão enviados os dados referentes aos respectivos bairros. 
"
"27/02/2023";"15:36:19";2014;4;"Eleições Gerais Suplementares 2014";"AM";"AM";"AMAZONAS";"AM076992014";"2017-08-06 00:00:00";"S";"03079221000195";"DMP DESIGN MARKETING E PROPAGANDA LTDA";"#NULO#";"Governador";"2017-08-07 00:00:00";"2017-08-11 00:00:00";1500;"8940";"Erico Jander da Silva Lopes";"22000,00";"A metodologia da pesquisa realizada pela DMP, é uma pesquisa quantitativa com utilização de questionário estruturado, e amostragem probabilística simples, com efetuação de entrevistas pessoais em pontos de fluxo populacional, tendo por universo o eleitorado de Manaus, obedecendo ao regime de quotas (base TSE de 2012/Censo 2010) por densidade eleitoral das regiões, sexo, idade, grau de instrução e nível econômico e com o número de entrevistas proporcionais ao número de eleitores de capa bairro. Esta metodologia assegura a representatividade de todos os segmentos sociais da população em qualquer Estado, sendo incluídas na amostra as zonas geográficas descritas no questionário. ";"Eleitorado do Estado do Amazonas, com 16 anos ou mais na área urbana e em cinco municípios do interior do Estado do Amazonas selecionados de forma sistemática conforme características geográficas e com amostragem proporcional por bairro dentro de cada município. Amostragem, coeficiente de confiança, margem de erro: A pesquisa DMP vai entrevistar 1500 eleitores. A amostra garante a nível estadual uma margem de erro 2,6% para um intervalo e confiança de 95%. As ponderações em relação a sexo, idade, grau de instrução e nível econômico, descritas nas perguntas 1 a 4 do questionário, serão realizadas para refletir estatisticamente a proporção do eleitorado consultado, conforme percentuais SEXO: TSE/JUNHO/2012 % Masculino 48,2 Feminino 51,8 FAIXA ETÁRIA: TSE/JUNHO/2012 % De 16 a 17 anos 2,0; De 18 a 24 anos 18; De 25 a 34 anos 28,5; De 35 a 44 anos 21,6; De 45 a 59 anos 19,8; Mais de 60 anos 9,8; GRAU DE INSTRUÇÃO: TSE/JUNHO2012: % Analfabeto / 1 ano ou menos de estudo 9,6; Ensino Fundamental (incompleto/completo) 42,1 Ensino Médio (incompleto/completo) 41,9 Superior (incompleto/completo) 6,4 - FAIXA DE RENDA: CENSO/2010 % Até 937,00; De R$ 937,00 a R$2.811,00; De R$ 2.811,01 a R$ 4.685,00; Acima de R$ 4.685,00; Não quis responder. ";"Sistema interno de controle, verificação, conferência e fiscalização da coleta de dados e do trabalho de campo é assim descrito: Durante o trabalho de campo são checadas 20% das entrevistas (externa), internamente, os dados de diferentes questões são pré-processados e cruzados entre si, o que permite fazer a critica dos mesmos para a verificação de eventuais inconsistências. ";"MANAUS; ZONA OESTE: Compensa (34); Lírio do Vale (9); Santo Antonio (10); São Raimundo (9); São Jorge (9); Gloria(8); Vila da Prata(9); Nova Esperança(8); Santo Agostinho(10); Tarumã(8); ZONA CENTRO OESTE: Alvorada (28); Redenção (16); Bairro da Paz(6); Dom Pedro I (9); Planalto(8); ZONA SUL: Japiim (30); Petrópolis (20); Raiz (8); Cachoeirinha (10); Educandos (7); São Francisco (7); Centro (10); Betânia(6); Morro da Liberdade(8); Aparecida(5); Santa Luzia(5); Praça 14(5); São Lazaro(7); ZONA CENTRO SUL: Flores (22); Parque 10 de Novembro (19) ; Aleixo(9); Chapada(6); N s da Graças(6); S Geraldo(5); ZONA LESTE: São José (35); Jorge Teixeira (50); Tancredo Neves (24); Coroado (23); Armando Mendes(13); Mauazinho(10); Gilberto Mestrinho(25); Zumbi(25); ZONA NORTE: Cidade Nova (54); Colônia Terra Nova (20); Monte das Oliveiras (17); Colonia S Antonio(8); Novo Israel(7); Santa Etelvina(24); Novo Aleixo(26); Cidade de Deus(31); Nova Cidade(35). INTERIOR: Tefé (105); Coari (129); Manacapuru (145); Itacoatiara (148); Parintins (174)."
"27/02/2023";"15:36:19";2014;3;"Eleições Gerais 2014";"AM";"AM";"AMAZONAS";"AM000012014";"2014-03-25 00:00:00";"#NE";"84480946000192";"D M Duarte";"#NE";"Governador, Senador, Deputado Federal";"2014-03-25 00:00:00";"2014-04-03 00:00:00";1500;"8.332";"Ézio Lacerda Lopes";"100000,00";"A pesquisa é quantitativa, a ser realizada a ser realizada com metodologia probabilística e aleatória em cluster (conglomerados). Nesse método, nos municípios que participarão da amostra, sorteiam-se as quadras onde serão realizadas as entrevistas. Os clusters constituem os pontos de amostragem (sampling points), nos quais algumas casas são sorteadas e seus residentes entrevistados face-a-face (personal interviws). Na capital, Manaus, as entrevistas serão realizadas nas seis zonas administrativas, divididas proporcionalmente ao número de habitantes de cada uma, e, dentre elas, subdivida também, proporcionalmente, ao número de habitantes dos bairros oficiais. Os dados para o cálculo têm como base o Censo do IBGE de agosto/2010. Nos 10 outros municípios que participarão da amostra, as entrevistas serão proporcionais ao número de eleitores do interior do Estado do Amazonas, com base na estatística do TRE/AM-2012.";"a. Público pesquisado: eleitores residentes e domiciliados na cidade de Manaus e em 10 municípios do interior do Estado do Amazonas.
b. Tipo de amostra: aleatória e por sorteio de clusters (quadras), com utilização de variáveis “sexo” e “idade” com cotas proporcionais ao universo pesquisado, tendo como base de cálculo os dados do TRE/AM-2012, e as variáveis “escolaridade”, “religião” e “renda familiar” como complemento da análise, não se aplicando, nesse caso, nenhum tipo de ponderação. Em cada cluster serão realizadas de 05 a 10 entrevistas conforme a quantidade da amostra distribuída entre locais. Entre uma entrevista realizada e outra, deve-se “pular” no mínimo três imóveis residenciais. Terrenos baldios, imóveis em construção ou desabitados, órgãos públicos, escolas, igrejas e imóveis estritamente comerciais não são considerados na contagem de intervalo de três residências entre entrevistas. Caso o pesquisador não consiga completar a cota de entrevistas designada para um cluster, deve dar continuidade na quadra acima ou à direita daquela sorteada como ponto de partida, até conseguir cumprir sua meta. A localização para o início de um cluster é o canto norte mais à esquerda, se deslocando sempre no sentido horário. Vale ressaltar que, em muitos bairros dos municípios do Estado do Amazonas, não possuem quadras perfeitas. Em algumas situações, o pesquisador tem que usar o bom senso de direção para percorrer um cluster.
c. Ponderação: a pesquisa possui ponderação igual a 1 (um) para as variáveis “sexo” e “idade” devido à metodologia adotada (autoponderada). Para as variáveis “grau de escolaridade”, “religião” e “renda familiar” não se aplicará nenhuma ponderação devido aos dados secundários existentes do Estado do Amazonas serem totalmente desatualizados.
d. Intervalo de confiança / Margem de erro: a margem de erro máxima estimada é de 2,5%, para mais ou para menos, com um grau de confiabilidade de 95%. Isso significa que se fossem feitas 100 entrevistas com a mesma metodologia, 95 estariam dentro da margem de erro prevista.";"Após a coleta de dados é realizada uma fiscalização, na sede da empresa, através de contato telefônico, que consiste na checagem de 10% a 30% das entrevistas aplicadas, tendo a finalidade verificar a veracidade e os procedimentos adotados pelo pesquisador durante a aplicação da entrevista.";"A pesquisa será realizada na área urbana e, eventualmente, em algumas áreas rurais dos 10 municípios do interior do Estado do Amazonas (em razão das características geográficas e de acessibilidade do nosso Estado), divididos na seguinte proporção: Coari 76 (setenta e seis); Humaitá 43 (quarenta e três); Iranduba 46 (quarenta e seis); Itacoatiara 102 (cento e dois); Manacapuru 106 (cento e seis); Manicoré 42 (quarenta e dois); Maués 48 (quarenta e oito); Parintins 105 (cento e cinco); Tabatinga 46 (quarenta e seis); e, Tefé 61 (sessenta e um).
Em Manaus, especificamente, a pesquisa será realizada nas seis zonas administrativas da cidade, que compreendem os seguintes bairros (oficiais), com a quantidade de entrevistados entre parênteses: ZONA CENTRO-OESTE: Alvorada (30 entrevistas), da Paz (07 entrevistas), Dom Pedro (08 entrevistas), Planalto (08 entrevistas) e Redenção (16 entrevistas); ZONA CENTRO-SUL: Chapada (06 entrevistas), Flores (25 entrevistas), Nossa Senhora das Graças (08 entrevistas), Parque 10 de Novembro (21 entrevistas) e Aleixo (10 entrevistas); ZONA LESTE: Armando Mendes (13 entrevistas), Colônia Antônio Aleixo (08 entrevistas), Coroado (24 entrevistas), Jorge Teixeira (53 entrevistas), Mauazinho (11 entrevistas), São José Operário (31 entrevistas), Tancredo Neves (23 entrevistas), Gilberto Mestrinho (26 entrevistas), e Zumbi dos Palmares (17 entrevistas); ZONA NORTE: Cidade Nova (57 entrevistas), Colônia Santo Antônio (08 entrevistas), Monte das Oliveiras (19 entrevistas), Novo Israel (08 entrevistas), Santa Etelvina (12 entrevistas), Novo Aleixo (45 entrevistas), Cidade de Deus (33 entrevistas), Nova Cidade (28 entrevistas), e Colônia Terra Nova (21 entrevistas); ZONA OESTE: Compensa (37 entrevistas), Lírio do Vale (10 entrevistas), Nova Esperança (09 entrevistas), Santo Agostinho (08 entrevistas), Santo Antônio (10 entrevistas), São Jorge (11 entrevistas), São Raimundo (07 entrevistas), Vila da Prata (05 entrevistas), Tarumã (14 entrevistas) e Tarumã-Açu (06 entrevistas); ZONA SUL: Betânia (06 entrevistas), Cachoeirinha (09 entrevistas), Centro (17 entrevistas), Crespo (08 entrevistas), Educandos (08 entrevistas), Japiim (28 entrevistas), Morro da Liberdade (06 entrevistas), Petrópolis (22 entrevistas), Praça 14 de Janeiro (05 entrevistas), Raiz (08 entrevistas), São Francisco (09 entrevistas) e São Lázaro (06 entrevistas).
OBS: os bairros Adrianópolis, São Geraldo, Puraquequara, Distrito Industrial II, Lago Azul, Glória, Ponta Negra, Colônia Oliveira Machado, Nossa Senhora de Aparecida, Santa Luzia, Presidente Vargas, Distrito Industrial I e Vila Buriti não atingem proporcionalmente o número mínimo de entrevistas para levantamento de dados."
"27/02/2023";"15:36:19";2014;3;"Eleições Gerais 2014";"AM";"AM";"AMAZONAS";"AM000082014";"2014-05-14 00:00:00";"#NE";"14627220000154";"B.S.LEÃO CAVALCANTE";"#NE";"Governador, Senador, Deputado Federal";"2014-04-21 00:00:00";"2014-05-05 00:00:00";550;"8032";"DANIELA ALVES FERREIRA DE SOUZA";"6000,00";"A metodologia aplicada foi realizada através de perguntas diretas e simples, sobre a possível opção da escolha de voto, para as eleções deste ano e as respostas foram espontaneas, contribuindo assim para um resultado justo e as informações corretas.";"foram entrevistados 550 pessoas entre os dias 21/04/2014 e 02/05/2014, sendo 53% do sexo feminino e 43% do sexo masculine, com idades entre 16 e 65 anos de idade, sendo 26% entrevistados com ensino fundamental,41% do ensino médio e 33% nivel superior, com renda entre r$724,00 e 1448,00 entre 1449,00 2889,00 e Acima de 2.900,00. Intervalo de confiança de 90% e margem de erro de 5% percentual para cima e 5% percentual para baixo.";"Das 550 entrevistas coletadas, foram descartadas 50 entrevistas devido não estarem de acordo com o questionário aplicado e com a confirmação feita pelos entrevistadores através de questionamento feitos pelo telefone.";"As entrevistas foram realizadas na zona centro-sul de manaus, ZONA ELEITORAL NÚMERO 31 - ABRANGENDO OS 7 BAIRROS QUE CONSTAM NA ZONA CENTRO-SUL DE MANAUS COM MAIS OU MENOS 73.000 ELEITORES ENTREVISTADOS nos bairros: EDUCANDOS, MORRO DA LIBERDADE, SÃO LÁZARO, BETANIA, SANTA LUZIA, COLONIA OLIVEIRA MACHADO, LAGOA VERDE."
"27/02/2023";"15:36:19";2014;3;"Eleições Gerais 2014";"AM";"AM";"AMAZONAS";"AM000102014";"2014-05-16 00:00:00";"#NE";"03079221000195";"DMP DESIGN MARKETING E PROPAGANDA LTDA";"#NE";"Governador, Senador, Deputado Federal";"2014-05-18 00:00:00";"2014-05-25 00:00:00";2000;"8940";"ERICO JANDER DA SILVA LOPES";"40000,00";"A metodologia da pesquisa realizada pela DMP, é uma pesquisa quantitativa com utilização de questionário estruturado, e amostragem probabilística simples, com efetuação de entrevistas pessoais em pontos de fluxo populacional , tendo por universo o eleitorado de Manaus e 9 outros municípios do estado, obedecendo ao regime de quotas (base TSE de 2012/Censo 2010) por densidade eleitoral das regiões, sexo, idade, grau de instrução e nível econômico e com o número de entrevistas proporcionais ao número de eleitores do interior do Estado do Amazonas. Esta metodologia assegura a representatividade de todos os segmentos sociais da população em qualquer Estado, sendo incluídas na amostra as zonas geográficas descritas no questionário. ";"O plano Amostral segundo os itens exigidos por lei segue descritos: Universo – Eleitorado do Estado do Amazonas, com 16 anos ou mais na área urbana e em 9 municípios do interior do Estado do Amazonas selecionados de forma sistemática conforme características geográficas e com amostragem proporcional por bairro dentro de cada município. Amostragem, coeficiente de confiança, margem de erro: A pesquisa DMP vai entrevistar 2000 eleitores. A amostra garante a nível estadual uma margem de erro de 2,2% para um intervalo e confiança de 95%. As ponderações em relação a sexo, idade, grau de instrução e nível econômico, descritas nas perguntas 1 a 4 do questionário, serão realizadas para refletir estatisticamente a proporção do eleitorado consultado, conforme percentuais SEXO: TSE/JUNHO/2012 % Masculino 48,2 Feminino 51,8 FAIXA ETÁRIA: TSE/JUNHO/2012 % De 16 a 17 anos 2,0; De 18 a 24 anos 18; De 25 a 34 anos 28,5; De 35 a 44 anos 21,6; De 45 a 59 anos 19,8; Mais de 60 anos 9,8; GRAU DE INSTRUÇÃO: TSE/JUNHO2012: % Analfabeto / 1 ano ou menos de estudo 9,6; Ensino Fundamental (incompleto/completo) 42,1 Ensino Médio (incompleto/completo) 41,9 Superior (incompleto/completo) 6,4 - FAIXA DE RENDA: CENSO/2010 % Até 622,00 62,0; De R$ 622,01 a R$1.244,00 20,0; De R$ 1.244,01 a R$ 1.866,00 6,6: De R$ 1.866,01 a R$ 3.110,00 5,2 Acima de R$ 3.110,01 6,2 ";"Sistema interno de controle, verificação, conferência e fiscalização da coleta de dados e do trabalho de campo é assim descrito: Durante o trabalho de campo são checadas 20% das entrevistas (externa), internamente, os dados de diferentes questões são pré-processados e cruzados entre si, o que permite fazer a critica dos mesmos para a verificação de eventuais inconsistências.";"#NULO#"
"27/02/2023";"15:36:19";2014;3;"Eleições Gerais 2014";"AM";"AM";"AMAZONAS";"AM000272014";"2014-08-01 00:00:00";"#NE";"84480946000192";"D M Duarte";"#NE";"Governador, Senador";"2014-09-26 00:00:00";"2014-10-03 00:00:00";2000;"8332";"ÉZIO LACERDA LOPES";"30000,00";"Pesquisa do tipo quantitativo, por amostragem, com aplicação de questionário estruturado com uso de um smarth phone e abordagem pessoal em pontos de fluxo em todas as cidades selecionadas para compor a amostra.";"a. Público pesquisado: eleitores residentes e domiciliados na área urbana de 13 municípios do Estado do Amazonas.
b. Tipo de amostra: aleatória em locais de grande fluxo de pessoas, com utilização de variáveis “sexo” e “idade” com cotas proporcionais ao universo pesquisado, tendo como base de cálculo os dados do TRE/AM-2014, e as variáveis “escolaridade”, “religião” e “renda familiar” como complemento da análise, não se aplicando, nesse caso, nenhum tipo de ponderada.
c. Ponderação: a pesquisa possui ponderação igual a 1 (um) para as variáveis “sexo” e “idade” devido à metodologia adotada (autoponderada). Para as variáveis “grau de escolaridade”, “religião” e “renda familiar” não se aplicará nenhuma ponderação devido aos dados secundários existentes do Estado do Amazonas serem totalmente desatualizados.
d. Intervalo de confiança / Margem de erro: a margem de erro máxima estimada é de 2,2%, para mais ou para menos, com um grau de confiabilidade de 95%. Isso significa que se fossem feitas 100 entrevistas com a mesma metodologia, 95 estariam dentro da margem de erro prevista.
";"Após a coleta de dados é realizada uma fiscalização, na base de dados coletada. O software grava as respostas dos entrevistados na parte das variáveis de controle e georeferencia o local exato da entrevista. Em caso de dúvida na consolidação dos dados ocorrerá através de contato telefônico uma checagem de 10% a 20% das entrevistas aplicadas.";"A pesquisa será realizada na seguinte proporção: Benjamin Constant 41 (quarenta e um); Coari 101 (cento e um); Eirunepé 44 (quarenta e quatro); Humaitá 58 (cinquenta e oito); Iranduba 44 (quarenta e quatro), Itacoatiara 116 (cento e dezesseis); Lábrea 49 (quarenta e nove); Manacapuru 104 (cento e quatro); Parintins 140 (cento e quarenta); São Gabriel da Cachoeira 59 (cinquenta e nove); Tabatinga 62 (sessenta e dois); e, Tefé 82 (oitenta e dois). Em Manaus, especificamente, a pesquisa será realizada nas seis zonas administrativas da cidade, que compreendem os seguintes bairros (oficiais), com a quantidade de entrevistados entre parênteses: ZONA CENTRO-OESTE: Alvorada (40 entrevistas), da Paz (09 entrevistas), Dom Pedro (11 entrevistas), Planalto (11 entrevistas) e Redenção (21 entrevistas); ZONA CENTRO-SUL: Chapada (08 entrevistas), Flores (33 entrevistas), Nossa Senhora das Graças (11 entrevistas), Parque 10 de Novembro (28 entrevistas) e Aleixo (13 entrevistas); ZONA LESTE: Armando Mendes (17 entrevistas), Colônia Antônio Aleixo (11 entrevistas), Coroado (32 entrevistas), Jorge Teixeira (71 entrevistas), Mauazinho (15 entrevistas), São José Operário (41 entrevistas), Tancredo Neves (31 entrevistas), Gilberto Mestrinho (35 entrevistas), e Zumbi dos Palmares (22 entrevistas); ZONA NORTE: Cidade Nova (76 entrevistas), Colônia Santo Antônio (11 entrevistas), Monte das Oliveiras (25 entrevistas), Novo Israel (10 entrevistas), Santa Etelvina (16 entrevistas), Novo Aleixo (60 entrevistas), Cidade de Deus (44 entrevistas), Nova Cidade (47 entrevistas), e Colônia Terra Nova (19 entrevistas); ZONA OESTE: Compensa (49 entrevistas), Lírio do Vale (13 entrevistas), Nova Esperança (12 entrevistas), Santo Agostinho (11 entrevistas), Santo Antônio (13 entrevistas), São Jorge (15 entrevistas), São Raimundo (09 entrevistas), Vila da Prata (07 entrevistas), Tarumã (19 entrevistas) e Tarumã-Açu (08 entrevistas); ZONA SUL: Betânia (08 entrevistas), Cachoeirinha (12 entrevistas), Centro (22 entrevistas), Crespo (11 entrevistas), Educandos (11 entrevistas), Japiim (37 entrevistas), Morro da Liberdade (08 entrevistas), Petrópolis (29 entrevistas), Praça 14 de Janeiro (07 entrevistas), Raiz (11 entrevistas), São Francisco (12 entrevistas) e São Lázaro (08 entrevistas). OBS: os bairros Adrianópolis, São Geraldo, Puraquequara, Distrito Industrial II, Lago Azul, Glória, Ponta Negra, Colônia Oliveira Machado, Nossa Senhora de Aparecida, Santa Luzia, Presidente Vargas, Distrito Industrial I e Vila Buriti não atingem proporcionalmente o número mínimo de entrevistas para levantamento de dados."
"27/02/2023";"15:36:19";2014;3;"Eleições Gerais 2014";"AM";"AM";"AMAZONAS";"AM000642014";"2014-10-14 00:00:00";"#NE";"84480946000192";"D M Duarte";"#NE";"Governador";"2014-10-23 00:00:00";"2014-10-25 00:00:00";1000;"8.332";"Ézio Lacerda Lopes";"12000,00";"Esta pesquisa é quantitativa através de uma amostragem probabilística e aleatória, levando-se em consideração o comparecimento do primeiro turno nas eleições de 2014, sendo: 59,3% da capital e 40,7% no interior. Cada entrevista será realizada aleatoriamente dentre quinze números disponíveis para esta, podendo sê-la para telefone fixo ou móvel.";"a. Público pesquisado: eleitores com telefone residencial ou móvel, residentes e domiciliados em Manaus e em 08 municípios do Estado do Amazonas.
b. Tipo de amostra: aleatória com o sorteio dos números de telefone de todas as operadoras de telefones fixos e móveis, tendo como base os prefixos de cada uma delas, ou seja, XXXX-0001 a XXXX-9999. A entrevista será realizada por telefone e digitada, posteriormente, no software SPHINX. O número de entrevistas por município e/ou bairro é proporcional ao número de eleitores que compareceram no primeiro turno nas eleições de 2014, conforme os dados do TRE/AM-2014 e do IBGE. As variáveis “escolaridade”, “religião” e “renda familiar”, como complemento da análise, não serão aplicadas, nesse caso, para nenhum tipo de ponderação.
c. Ponderação: a pesquisa possui ponderação igual a 1 (um) para as variáveis “sexo” e “idade” devido à metodologia adotada (autoponderada). Para as variáveis “grau de escolaridade”, “religião” e “renda familiar” não se aplicará nenhuma ponderação devido aos dados secundários existentes do Estado do Amazonas serem totalmente desatualizados.
d. Intervalo de confiança / Margem de erro: a margem de erro máxima estimada é de 3,1%, para mais ou para menos, com um grau de confiabilidade de 95%. Isso significa que se fossem feitas 100 entrevistas com a mesma metodologia, 95 estariam dentro da margem de erro prevista.";"Após a coleta de dados é realizada uma fiscalização, na base dos dados coletados, onde ocorre a fiscalização por um supervisor, através de um novo contato telefônico, para uma checagem de 10% das entrevistas aplicadas.";"A pesquisa será realizada em 08 municípios do interior do estado e na capital, na seguinte proporção, com a quantidade de entrevistados entre parênteses: Parintins (87); Itacoatiara (75); Manacapuru (70); Tefé (51); Autazes (30); Lábrea (30); Careiro do Castanho (29); Codajás (19); e, Santo Antônio do Içá (16). Em Manaus, especificamente, a pesquisa será realizada na área urbana da cidade."
"27/02/2023";"15:36:19";2014;4;"Eleições Gerais Suplementares 2014";"AM";"AM";"AMAZONAS";"AM011952014";"2017-06-22 00:00:00";"S";"04816658000127";"EDITORA ANA CASSIA S.A.";"REDE DIARIO DE COMUNICACAO";"Governador";"2017-06-22 00:00:00";"2017-06-26 00:00:00";1600;"6586-AM";"JOSÉ RAIMUNDO GOMES PEREIRA";"22823,99";"	A pesquisa será realizada nos dias 22, 23, 24, 25 e 26 junho de 2016, envolvendo diversos bairros do município de Manaus e 11 (onze) municípios do interior do estado do Amazonas. Serão entrevistados 1000 (mil) eleitores na capital e 600 (seiscentos) nos municípios selecionados do interior do Estado do Amazonas. O estudo será conduzido de modo que a margem de erro máxima seja de 2,45 pontos percentuais para mais ou para menos, com um intervalo de confiança a 95%. 
	A população está definida como sendo o conjunto de eleitores com registro eleitoral no Estado do Amazonas, aptos a votar nas eleições suplementares de 2017. 
O levantamento será domiciliar, sendo entrevistado um único eleitor por domicílio. Os domicílios serão escolhidos através de sorteio, tendo todos iguais chances de fazer parte da amostra. Somente serão entrevistados eleitores cujo domicílio está em um bairro que faz parte de sua zona eleitoral e que estejam aptos a votar nas eleições suplementares de 2017, com sua situação devidamente regularizada no TRE.
	O método de seleção amostral a ser utilizado será a amostragem aleatória estratificada para proporções. Os estratos correspondentes são definidos pelas respectivas zonas eleitorais. Em cada estrato é feito um processo de amostragem aleatória simples, o que implica em um sorteio aleatório de eleitores dentro de cada estrato. 
";"O método de seleção amostral a ser utilizado será a amostragem aleatória estratificada para proporções. Os estratos correspondentes são definidos pelas respectivas zonas eleitorais dos municípios selecionados. Em cada estrato é feito um processo de amostragem aleatória simples, o que implica em um sorteio aleatório de eleitores dentro de cada estrato. Isso garante uma representação adequada de outros estratos da população na amostra, definidos de acordo com outras variáveis, como sexo, idade, grau de instrução e nível econômico.";"O trabalho de coleta das informações no campo será feito utilizando-se uma equipe composta de vinte e seis (26) pesquisadores e cinco (5) supervisores de campo e um coordenador geral do campo. A distribuição geográfica dos pesquisadores será organizada pelos respectivos supervisores de acordo com o plano amostral estabelecido.
	Para controle, verificação e conferência das informações coletadas, será obtida uma amostra aleatória simples de tamanho igual a 50 questionários. 
";"As mil e seiscentas (1.600) entrevistas serão realizadas nos bairros das zonas eleitorais de Manaus (os bairros das zonas podem ser encontrados em http://www.tre-am.gov.br) e em 11 municípios do interior. 
	Nos bairros do município de Manaus serão aplicados 1.000 (mil) questionários, assim distribuídos na tabela abaixo: 

BAIRROS	Nº de questionários a serem aplicados
ADRIANÓPOLIS	7
ALEIXO	14
ALVORADA	41
ALVORADA 2	1
ARMANDO MENDES	15
BETÂNIA	7
CACHOEIRINHA	11
CENTRO	20
CHAPADA	4
CIDADE DE DEUS	24
CIDADE NOVA	83
COLONIA ANTONIO ALEIXO	8
COLONIA OLIVEIRA MACHADO	4
COLONIA SANTO ANTONIO	3
COLONIA TERRA NOVA	20
COMPENSA	44
COROADO	31
CRESPO	7
DOM PEDRO	17
EDUCANDOS	8
FLORES	23
GILBERTO MESTRINHO	18
GLORIA	5
JAPIIM	30
Jorge Teixeira	57
LAGO AZUL	8
LÍRIO DO VALE	13
MAUAZINHO	11
MONTE DAS OLIVEIRAS	17
MORRO DA LIBERDADE	8
NOSSA SENHORA DAS GRAÇAS	9
NOSSA SENHORA DE APARECIDA	4
NOVA CIDADE	33
NOVA ESPERANÇA	8
NOVO ALEIXO	52
NOVO ISRAEL	13
PARQUE 10 DE NOVEMBRO	25
PAZ	9
PETROPOLIS	29
PLANALTO	6
PRAÇA 14 DE JANEIRO	9
PRESIDENTE VARGAS	3
Puraquequara	3
RAIZ	7
REDENÇÃO	24
SANTA ETELVINA	20
SANTA LUZIA	5
SANTO AGOSTINHO	5
SANTO ANTONIO	12
SÃO FRANCISCO	11
SÃO GERALDO	4
SÃO JORGE	14
SÃO JOSÉ OPERÁRIO	46
SÃO LÁZARO	7
SÃO RAIMUNDO	7
TANCREDO NEVES	26
TARUMÃ	19
TARUMÃ-AÇU	5
VILA BURITI	0
VILA DA PRATA	6
ZUMBI DOS PALMARES	20


	Nos municípios selecionados do interior do Estado Amazonas serão aplicados 600 (seiscentos) questionários, assim distribuídos por bairro:


BORBA
BAIRROS	Nº de questionários a serem aplicados
CENTRO	8
CRISTO REI	8
IPIRANGA	3
RECREIO	3
SÃO SEBASTIÃO	2
ZONA RURAL	7
TOTAL	31
		

CAREIRO DA VÁRZEA
BAIRROS	Nº de questionários a serem aplicados
CENTRO ¿ VILA	5
ZONA RURAL	17
TOTAL	22



COARI
BAIRROS	Nº de questionários a serem aplicados
CENTRO	15
CHAGAS AGUIAR	7
DUQUE DE CAXIAS	6
ESPÍRITO SANTO	10
ITAMARATI	12
PERA	2
RIO URUCU	4
SANTA EFIGENIA	3
SANTA HELENA	2
TAUA MIRIM	3
UNIÃO	8
ZONA RURAL	2
TOTAL	74



IRANDUBA
BAIRROS	Nº de questionários a serem aplicados
ALTO	6
CACAU PIRERA	3
CENTRO	8
CIDADE NOVA - SEDE	2
NOVO AMANHECER	4
ZONA RURAL	19
TOTAL	42




ITACOATIARA
BAIRROS	Nº de questionários a serem aplicados
ARAUJO COSTA	4
CENTRO	21
COLONIA	8
IRACI	3
JAUARI	5
MOMOUD AMED	0
PEDREIRAS	2
SANTO ANTÔNIO	7
SÃO CRISTÓVÃO	12
SÃO FRANCISCO	2
SÃO JORGE	6
ZONA RURAL	26
TOTAL	96



MANACAPURU
BAIRROS	Nº de questionários a serem aplicados
BIRIBIRI	5
CENTRO	26
CORRENTEZA	4
LIBERDADE	17
MORADA DO SOL	2
MUTIRÃO	2
NOVO MANACÁ	3
SÃO FRANCISCO	5
SÃO JOSÉ	7
TERRA PRETA	7
UNIÃO	2
ZONA RURAL	15
TOTAL	95



NOVO AIRÃO
BAIRROS	Nº de questionários a serem aplicados
CENTRO	11
MURICI	4
ZONA RURAL	0
TOTAL	15



PARINTINS
BAIRROS	Nº de questionários a serem aplicados
CENTRO	31
DEJARD VIEIRA	4
EMILIO MOREIRA	4
FRANCESA	2
ITAGUATINGA	5
ITAUNA	2
ITAUNA II	5
NAZARÉ	3
PALMARES	4
PAULO CORRÊA	7
SANTA CLARA	3
SANTA RITA DE CASSIA	2
SÃO BENEDITO	3
ZONA RURAL	23
TOTAL	98



RIO PRETO DA EVA
BAIRROS	Nº de questionários a serem aplicados
DA PAZ	3
CENTRO	12
SEGUNDA ETAPA	2
ZONA RURAL	5
TOTAL	22




TABATINGA
BAIRROS	Nº de questionários a serem aplicados
CENTRO	28
COMARA	1
VILA MILTAR	5
ZONA RURAL	12
TOTAL	46



TEFÉ
BAIRROS	Nº de questionários a serem aplicados
ABIAL	7
CENTRO	12
FONTE BOA	2
JERUSALÉM	6
JURUÁ	7
N SRA DE FÁTIMA	3
SANTA LUZIA	2
SANTA TEREZA	2
SANTO ANTONIO	5
SÃO FRANCISCO	8
SÃO JOÃO	1
ZONA RURAL	4
TOTAL	59

"
"27/02/2023";"15:36:19";2014;4;"Eleições Gerais Suplementares 2014";"AM";"AM";"AMAZONAS";"AM087162014";"2017-08-15 00:00:00";"S";"03079221000195";"DMP DESIGN MARKETING E PROPAGANDA LTDA";"#NULO#";"Governador";"2017-08-15 00:00:00";"2017-08-20 00:00:00";1500;"8940";"Erico Jander da Silva Lopes";"22000,00";"A metodologia da pesquisa realizada pela DMP, é uma pesquisa quantitativa com utilização de questionário estruturado, e amostragem probabilística simples, com efetuação de entrevistas pessoais em pontos de fluxo populacional, tendo por universo o eleitorado de Manaus, obedecendo ao regime de quotas (base TSE de 2012/Censo 2010) por densidade eleitoral das regiões, sexo, idade, grau de instrução e nível econômico e com o número de entrevistas proporcionais ao número de eleitores de capa bairro. Esta metodologia assegura a representatividade de todos os segmentos sociais da população em qualquer Estado, sendo incluídas na amostra as zonas geográficas descritas no questionário. ";"Eleitorado do Estado do Amazonas, com 16 anos ou mais na área urbana e em cinco municípios do interior do Estado do Amazonas selecionados de forma sistemática conforme características geográficas e com amostragem proporcional por bairro dentro de cada município. Amostragem, coeficiente de confiança, margem de erro: A pesquisa DMP vai entrevistar 1500 eleitores. A amostra garante a nível estadual uma margem de erro 2,6% para um intervalo e confiança de 95%. As ponderações em relação a sexo, idade, grau de instrução e nível econômico, descritas nas perguntas 1 a 4 do questionário, serão realizadas para refletir estatisticamente a proporção do eleitorado consultado, conforme percentuais SEXO: TSE/JUNHO/2012 % Masculino 48,2 Feminino 51,8 FAIXA ETÁRIA: TSE/JUNHO/2012 % De 16 a 17 anos 2,0; De 18 a 24 anos 18; De 25 a 34 anos 28,5; De 35 a 44 anos 21,6; De 45 a 59 anos 19,8; Mais de 60 anos 9,8; GRAU DE INSTRUÇÃO: TSE/JUNHO2012: % Analfabeto / 1 ano ou menos de estudo 9,6; Ensino Fundamental (incompleto/completo) 42,1 Ensino Médio (incompleto/completo) 41,9 Superior (incompleto/completo) 6,4 - FAIXA DE RENDA: CENSO/2010 % Até 937,00; De R$ 937,00 a R$2.811,00; De R$ 2.811,01 a R$ 4.685,00; Acima de R$ 4.685,00; Não quis responder. ";"Sistema interno de controle, verificação, conferência e fiscalização da coleta de dados e do trabalho de campo é assim descrito: Durante o trabalho de campo são checadas 20% das entrevistas (externa), internamente, os dados de diferentes questões são pré-processados e cruzados entre si, o que permite fazer a critica dos mesmos para a verificação de eventuais inconsistências. ";"MANAUS; ZONA OESTE: Compensa (34); Lírio do Vale (9); Santo Antonio (10); São Raimundo (9); São Jorge (9); Gloria(8); Vila da Prata(9); Nova Esperança(8); Santo Agostinho(10); Tarumã(8); ZONA CENTRO OESTE: Alvorada (28); Redenção (16); Bairro da Paz(6); Dom Pedro I (9); Planalto(8); ZONA SUL: Japiim (30); Petrópolis (20); Raiz (8); Cachoeirinha (10); Educandos (7); São Francisco (7); Centro (10); Betânia(6); Morro da Liberdade(8); Aparecida(5); Santa Luzia(5); Praça 14(5); São Lazaro(7); ZONA CENTRO SUL: Flores (22); Parque 10 de Novembro (19) ; Aleixo(9); Chapada(6); N s da Graças(6); S Geraldo(5); ZONA LESTE: São José (35); Jorge Teixeira (50); Tancredo Neves (24); Coroado (23); Armando Mendes(13); Mauazinho(10); Gilberto Mestrinho(25); Zumbi(25); ZONA NORTE: Cidade Nova (54); Colônia Terra Nova (20); Monte das Oliveiras (17); Colonia S Antonio(8); Novo Israel(7); Santa Etelvina(24); Novo Aleixo(26); Cidade de Deus(31); Nova Cidade(35). INTERIOR: Tefé (105); Coari (129); Manacapuru (145); Itacoatiara (148); Parintins (174)."
"27/02/2023";"15:36:19";2014;3;"Eleições Gerais 2014";"AM";"AM";"AMAZONAS";"AM000122014";"2014-05-20 00:00:00";"#NE";"84480946000192";"D M Duarte";"#NE";"Governador, Senador, Deputado Federal";"2014-05-23 00:00:00";"2014-06-01 00:00:00";1500;"8.332";"Ézio Lacerda Lopes";"45000,00";"A pesquisa é quantitativa, a ser realizada a ser realizada com metodologia probabilística e aleatória em cluster (conglomerados). Nesse método, nos municípios que participarão da amostra, sorteiam-se as quadras onde serão realizadas as entrevistas. Os clusters constituem os pontos de amostragem (sampling points), nos quais algumas casas são sorteadas e seus residentes entrevistados face-a-face (personal interviws). Na capital, Manaus, as entrevistas serão realizadas nas seis zonas administrativas, divididas proporcionalmente ao número de habitantes de cada uma, e, dentre elas, subdivida também, proporcionalmente, ao número de habitantes dos bairros oficiais. Os dados para o cálculo têm como base o Censo do IBGE de agosto/2010. Nos 10 outros municípios que participarão da amostra, as entrevistas serão proporcionais ao número de eleitores do interior do Estado do Amazonas, com base na estatística do TRE/AM-2012.";"a. Público pesquisado: eleitores residentes e domiciliados na cidade de Manaus e em 10 municípios do interior do Estado do Amazonas.
b. Tipo de amostra: aleatória e por sorteio de clusters (quadras), com utilização de variáveis “sexo” e “idade” com cotas proporcionais ao universo pesquisado, tendo como base de cálculo os dados do TRE/AM-2012, e as variáveis “escolaridade”, “religião” e “renda familiar” como complemento da análise, não se aplicando, nesse caso, nenhum tipo de ponderação. Em cada cluster serão realizadas de 05 a 10 entrevistas conforme a quantidade da amostra distribuída entre locais. Entre uma entrevista realizada e outra, deve-se “pular” no mínimo três imóveis residenciais. Terrenos baldios, imóveis em construção ou desabitados, órgãos públicos, escolas, igrejas e imóveis estritamente comerciais não são considerados na contagem de intervalo de três residências entre entrevistas. Caso o pesquisador não consiga completar a cota de entrevistas designada para um cluster, deve dar continuidade na quadra acima ou à direita daquela sorteada como ponto de partida, até conseguir cumprir sua meta. A localização para o início de um cluster é o canto norte mais à esquerda, se deslocando sempre no sentido horário. Vale ressaltar que, em muitos bairros dos municípios do Estado do Amazonas, não possuem quadras perfeitas. Em algumas situações, o pesquisador tem que usar o bom senso de direção para percorrer um cluster.
c. Ponderação: a pesquisa possui ponderação igual a 1 (um) para as variáveis “sexo” e “idade” devido à metodologia adotada (autoponderada). Para as variáveis “grau de escolaridade”, “religião” e “renda familiar” não se aplicará nenhuma ponderação devido aos dados secundários existentes do Estado do Amazonas serem totalmente desatualizados.
d. Intervalo de confiança / Margem de erro: a margem de erro máxima estimada é de 2,5%, para mais ou para menos, com um grau de confiabilidade de 95%. Isso significa que se fossem feitas 100 entrevistas com a mesma metodologia, 95 estariam dentro da margem de erro prevista.";"Após a coleta de dados é realizada uma fiscalização, na sede da empresa, através de contato telefônico, que consiste na checagem de 10% a 30% das entrevistas aplicadas, tendo a finalidade verificar a veracidade e os procedimentos adotados pelo pesquisador durante a aplicação da entrevista.";"A pesquisa será realizada na área urbana e, eventualmente, em algumas áreas rurais dos 10 municípios do interior do Estado do Amazonas (em razão das características geográficas e de acessibilidade do nosso Estado), divididos na seguinte proporção: Carauari 29 (vinte e nove); Coari 86 (oitenta e seis); Autazes 40 (quarenta); Borba 35 (trinta e cinco); Itacoatiara 116 (cento e dezesseis); Manacapuru 120 (cento e vinte); Lábrea 37 (trinta e sete); Parintins 117 (cento e dezessete); São Paulo de Olivença 28 (vinte e oito); e, Tefé 67 (sessenta e sete). Em Manaus, especificamente, a pesquisa será realizada nas seis zonas administrativas da cidade, que compreendem os seguintes bairros (oficiais), com a quantidade de entrevistados entre parênteses: ZONA CENTRO-OESTE: Alvorada (30 entrevistas), da Paz (07 entrevistas), Dom Pedro (08 entrevistas), Planalto (08 entrevistas) e Redenção (16 entrevistas); ZONA CENTRO-SUL: Chapada (06 entrevistas), Flores (25 entrevistas), Nossa Senhora das Graças (08 entrevistas), Parque 10 de Novembro (21 entrevistas) e Aleixo (10 entrevistas); ZONA LESTE: Armando Mendes (13 entrevistas), Colônia Antônio Aleixo (08 entrevistas), Coroado (24 entrevistas), Jorge Teixeira (53 entrevistas), Mauazinho (11 entrevistas), São José Operário (31 entrevistas), Tancredo Neves (23 entrevistas), Gilberto Mestrinho (26 entrevistas), e Zumbi dos Palmares (17 entrevistas); ZONA NORTE: Cidade Nova (57 entrevistas), Colônia Santo Antônio (08 entrevistas), Monte das Oliveiras (19 entrevistas), Novo Israel (08 entrevistas), Santa Etelvina (12 entrevistas), Novo Aleixo (45 entrevistas), Cidade de Deus (33 entrevistas), Nova Cidade (28 entrevistas), e Colônia Terra Nova (21 entrevistas); ZONA OESTE: Compensa (37 entrevistas), Lírio do Vale (10 entrevistas), Nova Esperança (09 entrevistas), Santo Agostinho (08 entrevistas), Santo Antônio (10 entrevistas), São Jorge (11 entrevistas), São Raimundo (07 entrevistas), Vila da Prata (05 entrevistas), Tarumã (14 entrevistas) e Tarumã-Açu (06 entrevistas); ZONA SUL: Betânia (06 entrevistas), Cachoeirinha (09 entrevistas), Centro (17 entrevistas), Crespo (08 entrevistas), Educandos (08 entrevistas), Japiim (28 entrevistas), Morro da Liberdade (06 entrevistas), Petrópolis (22 entrevistas), Praça 14 de Janeiro (05 entrevistas), Raiz (08 entrevistas), São Francisco (09 entrevistas) e São Lázaro (06 entrevistas).
OBS: os bairros Adrianópolis, São Geraldo, Puraquequara, Distrito Industrial II, Lago Azul, Glória, Ponta Negra, Colônia Oliveira Machado, Nossa Senhora de Aparecida, Santa Luzia, Presidente Vargas, Distrito Industrial I e Vila Buriti não atingem proporcionalmente o número mínimo de entrevistas para levantamento de dados."
"27/02/2023";"15:36:19";2014;3;"Eleições Gerais 2014";"AM";"AM";"AMAZONAS";"AM000412014";"2014-09-08 00:00:00";"#NE";"10730923000152";"ALDOUS J R SANTANA ";"#NE";"Governador, Senador";"2014-08-28 00:00:00";"2014-08-31 00:00:00";2002;"8924/1º REGIÃO";"Amaike Keric Alves da Silva";"15000,00";"Metodologia de pesquisa: A pesquisa realizada foi do tipo quantitativa, e foi realizada com metodologia probabilística, os sorteios de campo foram feitos de forma aleatória, com sorteio de quadra e entrevistas domiciliares de um residente por casa; Em Manaus, utilizamos o CENSO do IBGE 2010 como base estatística para definição dos números de entrevistados por Zona Administrativa, e no Interior, o número de entrevistados foi proporcional ao número de eleitores informados pelo TRE-AM 2012.";"A margem de erro máxima estimada é de 2,5%, para mais ou para menos, com um grau de confiabilidade de 95%.";"Após a coleta de dados é realizada uma fiscalização na sede da empresa através de contato telefônico que consiste na checagem de 10% a 15% das entrevistas aplicadas, tendo a finalidade de verificar a veracidade e os procedimentos adotados em campo.";"A pesquisa foi realizada nas seis zonas da cidade (Zona Leste, Zona Norte, Zona Sul, Zona Centro Oeste, Zona Centro Sul e Zona Oeste) e na área urbana em 27 municípios do interior do Estado do Amazonas, divididos na seguinte proporção: Apuí - 26 (vinte e seis); Atalaia do Norte - 15 (quinze), Barcelos – 19 (dezenove); Barreirinha – 39 (trinta e nove); Boa Vista do Ramos – 25 (vinte e cinco); Borba – 41 (quarenta e um); Caapiranga – 20 (vinte); Carauarí – 42 (quarenta e dois) ; Careiro da Várzea – 25 (vinte e cinco); Coari 46 (quarenta e seis); Codajás – 26 (vinte e seis); Eurinepé – 22 (vinte e dois); Fonte Boa – 21 (vinte e um); Humaitá - 28 (vinte e oito); Iranduba - 33 (trinta e três); Itacoatiara - 99 (noventa e nove); Lábrea – 19 (dezenove); Manacapuru - 96 (noventa e seis); Manicoré - 17 (dezessete); Maués - 30 (trinta); Novo Airão –
14 (quatorze); Parintins - 104 (cento e quatro); Presidente Figueiredo – 16 (dezesseis); São Gabriel da Cachoeira – 11 (onze); Silves – 11 (onze); Tabatinga - 30 (trinta); e, Tefé - 26 (vinte e seis)."
"27/02/2023";"15:36:19";2014;3;"Eleições Gerais 2014";"AM";"AM";"AMAZONAS";"AM000522014";"2014-09-30 00:00:00";"#NE";"06023655000161";"A F SOARES MARKETING E PESQUISAS DE MERCADO LTDA";"#NE";"Governador, Senador";"2014-10-05 00:00:00";"2014-10-05 00:00:00";2400;"7117-A ";"JOÃO CALDAS DO LAGO NETO ";"37000,00";"Survey, quantitativa, descritiva, transversal. Pesquisa de campo (dados primários). Amostragem não probabilística, estratificada por cotas. Universo: eleitores residentes e domiciliados na área urbana dos municípios pesquisados. Coleta dos dados: questionário estruturado, aplicado de modo presencial em entrevista direta ou face-to-face. Tratamento dos dados: estatística descritiva (Média, mediana, desvio-padrão),  analise de normalidade (Skewness e curtosis) e análises multivariadas (AFE – Análise Fatorial Exploratória). ";": erro de 3% para mais ou menos em um em um intervalo de confiança de 95% 
O universo da pesquisa é de acordo com o TRE AM – Tribunal Regional Eleitoral do Estado do Amazonas, formado por 2.226.891 eleitores (atualizado em 21/07/2014, às 09:55) aptos a votar no Amazonas. O tamanho da amostra será de 2.400 indivíduos. O erro amostral para a amostra é de 2% para mais ou menos, considerando um nível de confiança de 95%. A pesquisa será aplicada em todas as seis zonas administrativas de Manaus e mais 12 municípios conforme, ponderação descrita a seguir: divisão por meio da proporcionalidade ao tamanho do Universo da amostra entre zonas administrativas e bairros; seguida pela amostra aleatória simples distribuída por setores censitários marcados pelos quarteirões onde cada pesquisador terá conhecimento de sua área de abrangência em mapa elaborado no Software Arc Map 11.0. As entrevistas serão realizadas por 27 pesquisadores de campo, sob coordenação de 13 coordenadores de equipes subordinados ao Setor de Coleta de Dados da Action. Para estabelecer a distribuição da amostra total (2.400 indivíduos) foi utilizado o Software Sphinx na função ponderação pelo critério PPT. Desta forma foram estimadas as frequências absolutas (ao lado de suas respectivas frequências relativas) para cada município, de acordo com a sua proporção na amostra. A distribuição prevista foi, para MANAUS 1.341 (55,9%); PARINTINS 122 (5%), ITACOATIARA 105 (4%), MANACAPURU 99 (4%), TEFÉ 88 (4%), TABATINGA 54 (2%), EIRUNEPÉ 39 (2%), HUMAITÁ 50 (2%), BOCA DO ACRE 106 (4%), BORBA 106 (4%), BARREIRINHA 95 (4%), CODAJÁS 80 (3%) e NOVO AIRÃO 115 (5%), no TOTAL 2.400 (100%). Gênero Masculino 1.152 (48%), Feminino 1.248 (52%) no TOTAL 2.400 (100%).  Faixa etária De 16 a 19 anos 312 (13%), De 20 a 29 anos 744 (31%), De 30 a 39 anos 576 (24%), De 40 a 49 anos 384 (16%), De 50 a 59 anos 240 (10%), Igual ou superior a 60 anos 144 (6%), no TOTAL 2.400 (100%). Em Manaus a Ponderação por zonas eleitorais será 1ª ZONA ELEITORAL 133 (10%), 2ª ZONA ELEITORAL 68 (5%), 31ª ZONA ELEITORAL 79 (6%), 32ª ZONA ELEITORAL 76 (6%), 37ª ZONA ELEITORAL 98 (7%), 40ª ZONA ELEITORAL 89 (7%), 58ª ZONA ELEITORAL 117 (9%), 59ª ZONA ELEITORAL 129 (10%), 62ª ZONA ELEITORAL 96 (7%), 63ª ZONA ELEITORAL 74 (6%), 65ª ZONA ELEITORAL 82 (6%), 68ª ZONA ELEITORAL 163 (12%) e 70ª ZONA ELEITORAL 137 (10%), no TOTAL de 1.173 (100%.)
";"O controle será exercido por meio de crítica de todos os questionários aplicados, (com a preocupação de avaliar todos os pesquisadores). Além destes procedimentos, serão realizadas análises na base de dados, por meio dos testes de consistência e normalidade da amostra, utilizando como ferramenta para esta finalidade o software Sphinx.  Em uma segunda etapa, após crítica dos dados, as variáveis correlatas serão cruzadas e os questionários que apresentarem incoerências ou anormalidade, segundo a distância de Mahalanobis, serão excluídos e substituídos por outros coletados como excedente ou reposição de cotas. ";"Atendendo às exigências do Capítulo I, do art. 2º. § 5º da Resolução-TSE nº. 23.400/2013, indicam-se as zonas a serem exploradas na pesquisa, sendo que em, até 24 horas após a divulgação de resultados, serão enviados os dados referentes aos respectivos bairros. A distribuição prevista foi, para MANAUS 1.341 (55,9%); PARINTINS 122 (5%), ITACOATIARA 105 (4%), MANACAPURU 99 (4%), TEFÉ 88 (4%), TABATINGA 54 (2%), EIRUNEPÉ 39 (2%), HUMAITÁ 50 (2%), BOCA DO ACRE 106 (4%), BORBA 106 (4%), BARREIRINHA 95 (4%), CODAJÁS 80 (3%) e NOVO AIRÃO 115 (5%), no TOTAL 2.400 (100%). Gênero Masculino 1.152 (48%), Feminino 1.248 (52%) no TOTAL 2.400 (100%).  Faixa etária De 16 a 19 anos 312 (13%), De 20 a 29 anos 744 (31%), De 30 a 39 anos 576 (24%), De 40 a 49 anos 384 (16%), De 50 a 59 anos 240 (10%), Igual ou superior a 60 anos 144 (6%), no TOTAL 2.400 (100%). Em Manaus a Ponderação por zonas eleitorais será 1ª ZONA ELEITORAL 133 (10%), 2ª ZONA ELEITORAL 68 (5%), 31ª ZONA ELEITORAL 79 (6%), 32ª ZONA ELEITORAL 76 (6%), 37ª ZONA ELEITORAL 98 (7%), 40ª ZONA ELEITORAL 89 (7%), 58ª ZONA ELEITORAL 117 (9%), 59ª ZONA ELEITORAL 129 (10%), 62ª ZONA ELEITORAL 96 (7%), 63ª ZONA ELEITORAL 74 (6%), 65ª ZONA ELEITORAL 82 (6%), 68ª ZONA ELEITORAL 163 (12%) e 70ª ZONA ELEITORAL 137 (10%), no TOTAL de 1.173 (100%.)"
"27/02/2023";"15:36:19";2014;3;"Eleições Gerais 2014";"AM";"AM";"AMAZONAS";"AM000572014";"2014-10-07 00:00:00";"#NE";"84480946000192";"D M Duarte";"#NE";"Governador";"2014-10-21 00:00:00";"2014-10-24 00:00:00";1000;"8.332";"Ézio Lacerda Lopes";"12000,00";"Esta pesquisa é quantitativa através de uma amostragem probabilística e aleatória, levando-se em consideração o comparecimento do primeiro turno nas eleições de 2014, sendo: 59,3% da capital e 40,7% no interior. Cada entrevista será realizada aleatoriamente dentre quinze números disponíveis para esta, podendo sê-la para telefone fixo ou móvel.";"a. Público pesquisado: eleitores com telefone residencial ou móvel, residentes e domiciliados em Manaus e em 08 municípios do Estado do Amazonas.
b. Tipo de amostra: aleatória com o sorteio dos números de telefone de todas as operadoras de telefones fixos e móveis, tendo como base os prefixos de cada uma delas, ou seja, XXXX-0001 a XXXX-9999. A entrevista será realizada por telefone e digitada, posteriormente, no software SPHINX. O número de entrevistas por município e/ou bairro é proporcional ao número de eleitores que compareceram no primeiro turno nas eleições de 2014, conforme os dados do TRE/AM-2014 e do IBGE. As variáveis “escolaridade”, “religião” e “renda familiar”, como complemento da análise, não serão aplicadas, nesse caso, para nenhum tipo de ponderação.
c. Ponderação: a pesquisa possui ponderação igual a 1 (um) para as variáveis “sexo” e “idade” devido à metodologia adotada (autoponderada). Para as variáveis “grau de escolaridade”, “religião” e “renda familiar” não se aplicará nenhuma ponderação devido aos dados secundários existentes do Estado do Amazonas serem totalmente desatualizados.
d. Intervalo de confiança / Margem de erro: a margem de erro máxima estimada é de 3,1%, para mais ou para menos, com um grau de confiabilidade de 95%. Isso significa que se fossem feitas 100 entrevistas com a mesma metodologia, 95 estariam dentro da margem de erro prevista.";"Após a coleta de dados é realizada uma fiscalização, na base dos dados coletados, onde ocorre a fiscalização por um supervisor, através de um novo contato telefônico, para uma checagem de 10% das entrevistas aplicadas.";"A pesquisa será realizada em 08 municípios do interior do estado e na capital, na seguinte proporção, com a quantidade de entrevistados entre parênteses: Parintins (75); Itacoatiara (77); Manacapuru (74); Coari (51); Tefé (44); Tabatinga (34); Humaitá (32); e, Eirunepé (20). Em Manaus, especificamente, a pesquisa será realizada na área urbana da cidade."
"27/02/2023";"15:36:19";2014;3;"Eleições Gerais 2014";"AM";"AM";"AMAZONAS";"AM000592014";"2014-10-07 00:00:00";"#NE";"03079221000195";"DMP DESIGN MARKETING E PROPAGANDA LTDA";"#NE";"Governador";"2014-10-17 00:00:00";"2014-10-23 00:00:00";2000;"8940";"ERICO JANDER DA SILVA LOPES";"40000,00";"A metodologia da pesquisa realizada pela DMP, é uma pesquisa quantitativa com utilização de questionário estruturado, e amostragem probabilística simples, com efetuação de entrevistas pessoais em pontos de fluxo populacional, tendo por universo o eleitorado de Manaus e 7 outros municípios do estado, obedecendo ao regime de quotas (base TSE de 2012/Censo 2010) por densidade eleitoral das regiões, sexo, idade, grau de instrução e nível econômico e com o número de entrevistas proporcionais ao número de eleitores do interior do Estado do Amazonas. Esta metodologia assegura a representatividade de todos os segmentos sociais da população em qualquer Estado, sendo incluídas na amostra as zonas geográficas descritas no questionário.";"O plano Amostral segundo os itens exigidos por lei segue descritos: Universo  Eleitorado do Estado do Amazonas, com 16 anos ou mais na área urbana e em 8 municípios do interior do Estado do Amazonas
selecionados de forma sistemática conforme características geográficas e com amostragem proporcional por bairro dentro de cada município. Amostragem, coeficiente de confiança, margem de erro: A pesquisa DMP vai entrevistar 2000 eleitores. A amostra garante a nível estadual uma margem de erro de 2,2% para um intervalo e confiança de 95%. As ponderações em relação a sexo, idade, grau de instrução e nível econômico, descritas nas perguntas 1 a 4 do questionário, serão realizadas para refletir estatisticamente a proporção do eleitorado consultado, conforme percentuais SEXO: TSE/JUNHO/2012 % Masculino 48,2 Feminino 51,8 FAIXA ETÁRIA: TSE/JUNHO/2012 % De 16 a 17 anos 2,0; De 18 a 24 anos 18; De 25 a 34 anos 28,5; De 35 a 44 anos 21,6; De 45 a 59 anos 19,8; Mais de 60 anos 9,8; GRAU DE INSTRUÇÃO: TSE/JUNHO2012: % Analfabeto / 1 ano ou menos de estudo 9,6; Ensino Fundamental (incompleto/completo) 42,1 Ensino Médio (incompleto/completo) 41,9 Superior (incompleto/completo) 6,4 - FAIXA DE RENDA: Até 724,00; De R$ 724,01 a R$2.172,00; De R$
2.172,01 a R$ 3.620,00: Acima de R$ 3.620,00.";"Sistema interno de controle, verificação, conferência e fiscalização da coleta de dados e do trabalho de campo é assim descrito: Durante o trabalho de campo são checadas as entrevistas (externa), internamente, os dados de diferentes questões são pré-processados e cruzados entre si, e também é feita a conferencia por meio de ligações telefônicas de 10% dos entrevistados sorteados de forma aleatória.";"#NULO#"
"27/02/2023";"15:36:19";2014;4;"Eleições Gerais Suplementares 2014";"AM";"AM";"AMAZONAS";"AM075242014";"2017-06-19 00:00:00";"S";"84480946000192";"DD MIDIA E PESQUISA LTDA - EPP";"THE VOICE PESQUISA 365";"Governador";"2017-06-19 00:00:00";"2017-06-22 00:00:00";3000;"8332";"Ézio Lacerda Lopes";"30000,00";"III.	METODOLOGIA E PERÍODO DE REALIZAÇÃO DA PESQUISA: Pesquisa do tipo quantitativo, por amostragem, com aplicação de questionário estruturado e abordagem perante uma amostra representativa com duas abordagens distintas. No interior utilizaremos o método denominado RDD (listas randômicas aleatórias hibridas de telefones fixos e moveis), onde há uma probabilidade conhecida que um número será selecionado aleatoriamente. 
A referência acadêmica para os procedimentos técnicos da amostragem e da Associação Americana para Pesquisa de Opinião Pública (AAPOR).
A base de moradores com acesso ao serviço de telefonia fixa e móvel e de aproximadamente 70%. 

O parâmetro da amostra e dos usuários com acesso ao serviço de telefonia no interior. 
Na capital realizaremos as entrevistas face to face nos 30 maiores pontos de fluxo públicos georeferenciados pela nossa base de dados. 
A entrevista e voluntaria é confidencial.
A coleta de dados ocorrera entre os dias 19 a 22 de Junho de 2017.
";"IV.	PLANO AMOSTRAL:
a.	Público pesquisado: Eleitores de todas as cidades do Amazonas possíveis de serem selecionadas pelos métodos de coleta definidos no plano amostral.
b.	Tipo de amostra: Tamanho da amostra: serão realizadas 3.000 (três mil) entrevistas, sendo 1800 (hum mil e oitocentas) na capital e 1200 (hum mil e duzentas) no interior. 
c.	Ponderação: A pesquisa possui ponderação igual a 1 (um) para as variáveis, sexo e idade por reproduzir na amostra a proporção aproximada dos números oficiais do TRE-AM. As variáveis grau de instrução e nível econômico não se aplicará nenhuma ponderação. A relação completa dos bairros (da capital) incluídos no levantamento será encaminhado a esse tribunal posteriormente.
d. 	Intervalo de credibilidade / Margem de erro: A margem de erro máxima estimada é de 2 pontos percentuais para os resultados obtidos. Grau de confiabilidade de 95%. Isso significa que se fossem feitas 100 entrevistas com a mesma metodologia, 95 estariam dentro da margem de erro prevista.
";"V.	SISTEMA INTERNO DE CONTROLE E VERIFICAÇÃO, CONFERÊNCIA E FISCALIZAÇÃO DA COLETA DE DADOS E DO TRABALHO DE CAMPO: A equipe envolvida neste projeto foi devidamente treinada e toda a operação será realizada com equipamentos eletrônicos. Após a coleta de dados é realizada uma fiscalização de no mínimo 20% das entrevistas aplicadas e ao final uma análise de consistência dos dados coletados.";"Na ausência de delimitação do bairro, será identificada a área em que foi realizada a pesquisa (conforme §6º. do art. 2º. da Resolução-TSE nº. 23.453/2015, Até o sétimo dia seguinte ao registro da pesquisa, será ele complementado com os dados relativos aos bairros abrangidos; na ausência de delimitação do bairro, será identificada a área em que foi realizada)."
