"DT_GERACAO";"HH_GERACAO";"AA_ELEICAO";"CD_ELEICAO";"NM_ELEICAO";"SG_UF";"SG_UE";"NM_UE";"NR_PROTOCOLO_REGISTRO";"DT_REGISTRO";"NR_CNPJ_EMPRESA";"NM_EMPRESA";"NM_EMPRESA_FANTASIA";"DS_CARGOS";"DT_INICIO_PESQUISA";"DT_FIM_PESQUISA";"QT_ENTREVISTADOS";"CD_CONRE";"NM_ESTATISTICO_RESP";"VR_PESQUISA";"NR_CPF_CNPJ_CONTRATANTE";"NM_CONTRATANTE";"DS_ORIGEM_RECURSO";"NR_CPF_CNPJ_PAGANTE";"NM_PAGANTE_PESQUISA";"DS_METODOLOGIA_PESQUISA";"DS_PLANO_AMOSTRAL";"DS_SISTEMA_CONTROLE";"DS_DADO_MUNICIPIO"
"24/08/2022";"00:10:36";"2018";"5";"Eleições Gerais 2018";"RJ";"RJ";"RIO DE JANEIRO";"RJ000332018";"13/10/2018";"29842579000111";"REAL TIME BIG DATA GESTAO DE DADOS LTDA.";"REAL TIME BIG DATA";"Governador";"17/10/2018";"18/10/2018";"3000";"7655";"Augusto da Silva Rocha";"12000,00";"29842579000111";"REAL TIME BIG DATA GESTAO DE DADOS LTDA.";"#NULO#";"29842579000111";"REAL TIME BIG DATA GESTAO DE DADOS LTDA.";"Pesquisa quantitativa, que consiste na realização de entrevistas por telefone, com a aplicação de questionário estruturado junto a uma amostra, representativa do eleitorado em estudo.";"Universo: 12.406.396 eleitores. Amostra: 3000 entrevistas. O nível de confiança estimado é de 95% para uma margem de erro máxima estimada, considerando uma técnica de amostragem aleatória simples, de aproximadamente 2 pontos percentuais para mais ou para menos sobre os resultados obtidos. Divisão Censitária. Ponderação quanto ao sexo e faixa etária: Masculino de 16 a 24 anos (6,3%), Masculino de 25 a 34 anos (9,1%), Masculino de 35 a 44 anos (9,2%), Masculino de 45 a 59 anos (11,6%) e Masculino acima de 59 anos (10,0%). Feminino de 16 a 24 anos (6,6%), Feminino de 25 a 34 anos (9,7%), Feminino de 35 a 44 anos (10,3%), Feminino de 45 a 59 anos (13,6%) e Feminino acima de 59 anos (13,5%). Ponderação quanto ao nível de instrução: 29% de Analfabeto / Fundamental Incompleto, 16% de Lê e escreve / Fundamental Completo, 42% de Médio Incompleto / Médio Completo e 12% de Superior Incompleto / Superior Completo. Ponderação quanto ao nível de instrução: 29% de Analfabeto / Fundamental Incompleto, 16% de Lê e escreve / Fundamental Completo, 42% de Médio Incompleto / Médio Completo e 12% de Superior Incompleto / Superior Completo. Ponderação quanto a renda: Economicamente Ativo: 63%. Não Economicamente Ativo: 37% Está prevista eventual ponderação para correção das variáveis sexo, faixa etária e escolaridade, com base nos percentuais acima apresentados, caso ocorram diferenças superiores a 3,0 pontos percentuais entre o previsto na amostra e a coleta realizada. Para as variáveis: Nível Econômico e Renda Familiar Mensal, o fator de ponderação é igual a 1 (resultados obtidos no campo). Fonte de Dados: IBGE e TSE 2018.";"Checagem de 20% da amostra efetuada pelos supervisores. Todos os entrevistadores foram amplamente treinados e orientados tanto teoricamente quanto praticamente sobre suas responsabilidade e funções, respeitando as cotas pré-estabelecidas. A equipe está dividida em coordenadoria-geral / supervisores / entrevistadores.";"Em anexo."
"24/08/2022";"00:10:36";"2018";"5";"Eleições Gerais 2018";"RJ";"RJ";"RIO DE JANEIRO";"RJ002132018";"21/10/2018";"68802370000186";"IBOPE INTELIGENCIA PESQUISA E CONSULTORIA LTDA";"#NULO#";"Governador";"21/10/2018";"27/10/2018";"2002";"6208-A ";"Márcia Cavallari Nunes";"141526,18";"04067191000240";"EDITORA GLOBO S/A / EDITORA GLOBO";"Recursos Próprios";"68802370000186";"IBOPE INTELIGENCIA PESQUISA E CONSULTORIA LTDA";"Pesquisa quantitativa, que consiste na realização de entrevistas pessoais, com a aplicação de questionário estruturado junto a uma amostra representativa do eleitorado em estudo. Pesquisa realizada no estado do Rio de Janeiro.";"Representativo do eleitorado da área em estudo, elaborada em três estágios. No primeiro estágio faz-se um sorteio probabilístico dos municípios, onde as entrevistas serão realizadas, pelo método PPT (Probabilidade Proporcional ao Tamanho), tomando o eleitorado como base para tal seleção. No segundo estágio faz-se um sorteio probabilístico dos setores censitários, onde as entrevistas serão realizadas, pelo método PPT (Probabilidade Proporcional ao Tamanho), tomando a população de 16 anos ou mais residente nos setores como base para tal seleção. No terceiro e último estágio, dentro dos setores sorteados, os respondentes são selecionados através de quotas amostrais proporcionais em função de variáveis significativas, a saber: IDADE: 16-24 (masculino) 16% (feminino) 14%. 25-34 (masculino) 21% (feminino) 19%. 35-44 (masculino) 20% (feminino) 21%. 45-54 (masculino) 19% (feminino) 19%. 55 e+ (masculino) 24% (feminino) 27%. INSTRUÇÃO: Até Ensino Médio (masculino) 77% (feminino) 75%. Ensino Superior (masculino) 23% (feminino) 25%. NÍVEL ECONÔMICO: Economicamente ativo (masculino) 70% (feminino) 49%. Não Economicamente ativo (masculino) 30% (feminino) 51%. Está prevista eventual ponderação para correção das variáveis sexo e idade, com base nos percentuais anteriormente mencionados, caso ocorram diferenças superiores a 3 pontos percentuais entre o previsto na amostra e a coleta de dados realizada. Para as variáveis de grau de instrução e nível econômico do entrevistado, o fator previsto para ponderação é 1 (resultados obtidos em campo). O nível de confiança estimado é de 95% e a margem de erro máxima estimada considerando um modelo de amostragem aleatório simples, é de 02 (dois) pontos percentuais para mais ou para menos sobre os resultados encontrados no total da amostra. FONTE DOS DADOS: Censo 2010 | PNADC 2016 | TSE 2018.";"Para a realização da pesquisa, utiliza-se uma equipe de entrevistadores e supervisores contratados pelo IBOPE INTELIGÊNCIA PESQUISA E CONSULTORIA LTDA. devidamente treinados para o trabalho. Após os trabalhos de campo, os questionários são submetidos a uma fiscalização de cerca de 20% (vinte por cento) dos questionários aplicados pelos entrevistadores. para verificação das respostas e da adequação dos entrevistados aos parâmetros amostrais.";"A área de abrangência da coleta é o estado do Rio de Janeiro. A relação das localidades selecionadas para aplicação da amostra será apresentada até o 7º dia seguinte ao registro da pesquisa, conforme expresso no art. 2º, §6º da Resolução 23.549/2017 do TSE."
"24/08/2022";"00:10:36";"2018";"5";"Eleições Gerais 2018";"RJ";"RJ";"RIO DE JANEIRO";"RJ002132018";"21/10/2018";"68802370000186";"IBOPE INTELIGENCIA PESQUISA E CONSULTORIA LTDA";"#NULO#";"Governador";"21/10/2018";"27/10/2018";"2002";"6208-A ";"Márcia Cavallari Nunes";"141526,18";"27865757000102";"GLOBO COMUNICACAO E PARTICIPACOES S/A / GCP,TV GLOBO, REDE GLOBO, GLOBO.COM, SOM LIVRE";"Recursos Próprios";"68802370000186";"IBOPE INTELIGENCIA PESQUISA E CONSULTORIA LTDA";"Pesquisa quantitativa, que consiste na realização de entrevistas pessoais, com a aplicação de questionário estruturado junto a uma amostra representativa do eleitorado em estudo. Pesquisa realizada no estado do Rio de Janeiro.";"Representativo do eleitorado da área em estudo, elaborada em três estágios. No primeiro estágio faz-se um sorteio probabilístico dos municípios, onde as entrevistas serão realizadas, pelo método PPT (Probabilidade Proporcional ao Tamanho), tomando o eleitorado como base para tal seleção. No segundo estágio faz-se um sorteio probabilístico dos setores censitários, onde as entrevistas serão realizadas, pelo método PPT (Probabilidade Proporcional ao Tamanho), tomando a população de 16 anos ou mais residente nos setores como base para tal seleção. No terceiro e último estágio, dentro dos setores sorteados, os respondentes são selecionados através de quotas amostrais proporcionais em função de variáveis significativas, a saber: IDADE: 16-24 (masculino) 16% (feminino) 14%. 25-34 (masculino) 21% (feminino) 19%. 35-44 (masculino) 20% (feminino) 21%. 45-54 (masculino) 19% (feminino) 19%. 55 e+ (masculino) 24% (feminino) 27%. INSTRUÇÃO: Até Ensino Médio (masculino) 77% (feminino) 75%. Ensino Superior (masculino) 23% (feminino) 25%. NÍVEL ECONÔMICO: Economicamente ativo (masculino) 70% (feminino) 49%. Não Economicamente ativo (masculino) 30% (feminino) 51%. Está prevista eventual ponderação para correção das variáveis sexo e idade, com base nos percentuais anteriormente mencionados, caso ocorram diferenças superiores a 3 pontos percentuais entre o previsto na amostra e a coleta de dados realizada. Para as variáveis de grau de instrução e nível econômico do entrevistado, o fator previsto para ponderação é 1 (resultados obtidos em campo). O nível de confiança estimado é de 95% e a margem de erro máxima estimada considerando um modelo de amostragem aleatório simples, é de 02 (dois) pontos percentuais para mais ou para menos sobre os resultados encontrados no total da amostra. FONTE DOS DADOS: Censo 2010 | PNADC 2016 | TSE 2018.";"Para a realização da pesquisa, utiliza-se uma equipe de entrevistadores e supervisores contratados pelo IBOPE INTELIGÊNCIA PESQUISA E CONSULTORIA LTDA. devidamente treinados para o trabalho. Após os trabalhos de campo, os questionários são submetidos a uma fiscalização de cerca de 20% (vinte por cento) dos questionários aplicados pelos entrevistadores. para verificação das respostas e da adequação dos entrevistados aos parâmetros amostrais.";"A área de abrangência da coleta é o estado do Rio de Janeiro. A relação das localidades selecionadas para aplicação da amostra será apresentada até o 7º dia seguinte ao registro da pesquisa, conforme expresso no art. 2º, §6º da Resolução 23.549/2017 do TSE."
"24/08/2022";"00:10:36";"2018";"5";"Eleições Gerais 2018";"RJ";"RJ";"RIO DE JANEIRO";"RJ004702018";"13/09/2018";"68802370000186";"IBOPE INTELIGENCIA PESQUISA E CONSULTORIA LTDA";"#NULO#";"Governador, Senador";"13/09/2018";"19/09/2018";"1512";"6208-A";"Márcia Cavallari Nunes";"115445,98";"04067191000240";"EDITORA GLOBO S/A / EDITORA GLOBO";"Recursos Próprios";"68802370000186";"IBOPE INTELIGENCIA PESQUISA E CONSULTORIA LTDA";"Pesquisa quantitativa, que consiste na realização de entrevistas pessoais, com a aplicação de questionário estruturado junto a uma amostra representativa do eleitorado em estudo. Pesquisa realizada no estado do Rio de Janeiro.";"Representativo do eleitorado da área em estudo, elaborada em três estágios. No primeiro estágio faz-se um sorteio probabilístico dos municípios, onde as entrevistas serão realizadas, pelo método PPT (Probabilidade Proporcional ao Tamanho), tomando o eleitorado como base para tal seleção. No segundo estágio faz-se um sorteio probabilístico dos setores censitários, onde as entrevistas serão realizadas, pelo método PPT (Probabilidade Proporcional ao Tamanho), tomando a população de 16 anos ou mais residente nos setores como base para tal seleção. No terceiro e último estágio, dentro dos setores sorteados, os respondentes são selecionados através de quotas amostrais proporcionais em função de variáveis significativas, a saber: IDADE: 16-24 (masculino) 16% (feminino) 14%. 25-34 (masculino) 21% (feminino) 19%. 35-44 (masculino) 20% (feminino) 21%. 45-54 (masculino) 19% (feminino) 19%. 55 e+ (masculino) 24% (feminino) 28%. INSTRUÇÃO: Até Ensino Médio (masculino) 77% (feminino) 75%. Ensino Superior (masculino) 23% (feminino) 25%. NÍVEL ECONÔMICO: Economicamente ativo (masculino) 70% (feminino) 49%. Não Economicamente ativo (masculino) 30% (feminino) 51%. Está prevista eventual ponderação para correção das variáveis sexo e idade, com base nos percentuais anteriormente mencionados, caso ocorram diferenças superiores a 3 pontos percentuais entre o previsto na amostra e a coleta de dados realizada. Para as variáveis de grau de instrução e nível econômico do entrevistado, o fator previsto para ponderação é 1 (resultados obtidos em campo). O nível de confiança estimado é de 95% e a margem de erro máxima estimada considerando um modelo de amostragem aleatório simples, é de 03 (três) pontos percentuais para mais ou para menos sobre os resultados encontrados no total da amostra. FONTE DOS DADOS: Censo 2010 | PNADC 2016 | TSE 2018.";"Para a realização da pesquisa, utiliza-se uma equipe de entrevistadores e supervisores contratados pelo IBOPE INTELIGÊNCIA PESQUISA E CONSULTORIA LTDA. devidamente treinados para o trabalho. Após os trabalhos de campo, os questionários são submetidos a uma fiscalização de cerca de 20% (vinte por cento) dos questionários aplicados pelos entrevistadores. para verificação das respostas e da adequação dos entrevistados aos parâmetros amostrais.";"A área de abrangência da coleta é o estado do Rio de Janeiro. A relação das localidades selecionadas para aplicação da amostra será apresentada até o 7º dia seguinte ao registro da pesquisa, conforme expresso no art. 2º, §6º da Resolução 23.549/2017 do TSE."
"24/08/2022";"00:10:36";"2018";"5";"Eleições Gerais 2018";"RJ";"RJ";"RIO DE JANEIRO";"RJ004702018";"13/09/2018";"68802370000186";"IBOPE INTELIGENCIA PESQUISA E CONSULTORIA LTDA";"#NULO#";"Governador, Senador";"13/09/2018";"19/09/2018";"1512";"6208-A";"Márcia Cavallari Nunes";"115445,98";"27865757000102";"GLOBO COMUNICACAO E PARTICIPACOES S/A / GCP,TV GLOBO, REDE GLOBO, GLOBO.COM, SOM LIVRE";"Recursos Próprios";"68802370000186";"IBOPE INTELIGENCIA PESQUISA E CONSULTORIA LTDA";"Pesquisa quantitativa, que consiste na realização de entrevistas pessoais, com a aplicação de questionário estruturado junto a uma amostra representativa do eleitorado em estudo. Pesquisa realizada no estado do Rio de Janeiro.";"Representativo do eleitorado da área em estudo, elaborada em três estágios. No primeiro estágio faz-se um sorteio probabilístico dos municípios, onde as entrevistas serão realizadas, pelo método PPT (Probabilidade Proporcional ao Tamanho), tomando o eleitorado como base para tal seleção. No segundo estágio faz-se um sorteio probabilístico dos setores censitários, onde as entrevistas serão realizadas, pelo método PPT (Probabilidade Proporcional ao Tamanho), tomando a população de 16 anos ou mais residente nos setores como base para tal seleção. No terceiro e último estágio, dentro dos setores sorteados, os respondentes são selecionados através de quotas amostrais proporcionais em função de variáveis significativas, a saber: IDADE: 16-24 (masculino) 16% (feminino) 14%. 25-34 (masculino) 21% (feminino) 19%. 35-44 (masculino) 20% (feminino) 21%. 45-54 (masculino) 19% (feminino) 19%. 55 e+ (masculino) 24% (feminino) 28%. INSTRUÇÃO: Até Ensino Médio (masculino) 77% (feminino) 75%. Ensino Superior (masculino) 23% (feminino) 25%. NÍVEL ECONÔMICO: Economicamente ativo (masculino) 70% (feminino) 49%. Não Economicamente ativo (masculino) 30% (feminino) 51%. Está prevista eventual ponderação para correção das variáveis sexo e idade, com base nos percentuais anteriormente mencionados, caso ocorram diferenças superiores a 3 pontos percentuais entre o previsto na amostra e a coleta de dados realizada. Para as variáveis de grau de instrução e nível econômico do entrevistado, o fator previsto para ponderação é 1 (resultados obtidos em campo). O nível de confiança estimado é de 95% e a margem de erro máxima estimada considerando um modelo de amostragem aleatório simples, é de 03 (três) pontos percentuais para mais ou para menos sobre os resultados encontrados no total da amostra. FONTE DOS DADOS: Censo 2010 | PNADC 2016 | TSE 2018.";"Para a realização da pesquisa, utiliza-se uma equipe de entrevistadores e supervisores contratados pelo IBOPE INTELIGÊNCIA PESQUISA E CONSULTORIA LTDA. devidamente treinados para o trabalho. Após os trabalhos de campo, os questionários são submetidos a uma fiscalização de cerca de 20% (vinte por cento) dos questionários aplicados pelos entrevistadores. para verificação das respostas e da adequação dos entrevistados aos parâmetros amostrais.";"A área de abrangência da coleta é o estado do Rio de Janeiro. A relação das localidades selecionadas para aplicação da amostra será apresentada até o 7º dia seguinte ao registro da pesquisa, conforme expresso no art. 2º, §6º da Resolução 23.549/2017 do TSE."
"24/08/2022";"00:10:36";"2018";"5";"Eleições Gerais 2018";"RJ";"RJ";"RIO DE JANEIRO";"RJ009772018";"22/09/2018";"07630546000175";"DATAFOLHA INSTITUTO DE PESQUISAS LTDA.";"#NULO#";"Senador, Governador";"26/09/2018";"28/09/2018";"1414";"72.49A";"Renata Nunes César";"130390,00";"27865757000102";"GLOBO COMUNICACAO E PARTICIPACOES S/A / GCP,TV GLOBO, REDE GLOBO, GLOBO.COM, SOM LIVRE";"Recursos Próprios";"07630546000175";"DATAFOLHA INSTITUTO DE PESQUISAS LTDA.";"Pesquisa do tipo quantitativo, por amostragem, com aplicação de questionário estruturado e abordagem pessoal em pontos de fluxo populacional. O conjunto do eleitorado do Estado do Rio de Janeiro com 16 anos ou mais foi tomado como universo da pesquisa.";"Universo: Eleitorado do Estado do Rio de Janeiro, com 16 anos ou mais. Tamanho da amostra: A amostra prevista é de 1.414 entrevistas. Técnica de amostragem: A amostra é estratificada por natureza dos municípios (capital, região metropolitana ou interior). Em cada estrato, num primeiro estágio, são sorteados os municípios que farão parte do levantamento. Num segundo estágio, são sorteados os bairros e pontos de abordagem onde serão aplicadas as entrevistas.  Por fim, os entrevistados são selecionados aleatoriamente para responder ao questionário, de acordo com cotas de sexo e faixa etária. Nesta amostra, o estrato referente à capital foi desproporcionalizado para permitir detalhamento. Nos resultados finais, as corretas proporções serão restabelecidas através de ponderação. A amostra prevista é de 1.414 questionários, sendo 644 na capital. Os dados utilizados para definição e seleção da amostra são baseados nos dados fornecidos pelo TSE ¿ Tribunal Superior Eleitoral (eleitorado de agosto 2018) e IBGE (Estimativa 2018). Os dados relativos a sexo e faixa etária são: Sexo masculino 46%, feminino: 54%, 16 a 24 anos 13%, 25 a 34 anos 19%, 35 a 44 anos 19%, 45 a 59 anos 25% e 60 anos ou mais 24%. Ponderação dos resultados: No processamento dos dados é realizada ponderação referente à proporção de cada cidade na amostra para correta representação das regiões. Está prevista a eventual ponderação para correção nos tamanhos dos segmentos considerando as variáveis sexo e faixa etária. Para as variáveis grau de instrução e nível econômico do entrevistado (renda familiar mensal), o fator previsto para ponderação é 1 (resultados obtidos em campo).   Área física: Serão realizadas entrevistas em 39 municípios, localizados no Estado do Rio de Janeiro. A relação completa dos municípios e bairros pesquisados será encaminhada a esse tribunal posteriormente até o sétimo dia seguinte à data de registro da pesquisa, conforme a Resolução 23.549/2017 do TSE, no art.2º §6º. Margem de Erro: A margem de erro máxima prevista é de 3 pontos percentuais para mais ou para menos, considerando um nível de confiança de 95%. Os intervalos de confiança serão calculados considerando os resultados obtidos para um nível de confiança de 95%.  ";"Os pesquisadores envolvidos na realização desta pesquisa são treinados pelo Instituto e recebem instruções específicas para cada projeto realizado. A coleta será feita com a utilização de tablet e questionário eletrônico. São checados, no mínimo, 30% dos questionários de cada pesquisador, seja in loco por supervisores de campo ou, posteriormente, por telefone. Internamente, todo o material é verificado e codificado. Antes do processamento final e emissão dos resultados, realiza-se processo de consistência dos dados.";"#NULO#"
"24/08/2022";"00:10:36";"2018";"5";"Eleições Gerais 2018";"RJ";"RJ";"RIO DE JANEIRO";"RJ009772018";"22/09/2018";"07630546000175";"DATAFOLHA INSTITUTO DE PESQUISAS LTDA.";"#NULO#";"Senador, Governador";"26/09/2018";"28/09/2018";"1414";"72.49A";"Renata Nunes César";"130390,00";"60579703000148";"EMPRESA FOLHA DA MANHA S.A.";"Recursos Próprios";"07630546000175";"DATAFOLHA INSTITUTO DE PESQUISAS LTDA.";"Pesquisa do tipo quantitativo, por amostragem, com aplicação de questionário estruturado e abordagem pessoal em pontos de fluxo populacional. O conjunto do eleitorado do Estado do Rio de Janeiro com 16 anos ou mais foi tomado como universo da pesquisa.";"Universo: Eleitorado do Estado do Rio de Janeiro, com 16 anos ou mais. Tamanho da amostra: A amostra prevista é de 1.414 entrevistas. Técnica de amostragem: A amostra é estratificada por natureza dos municípios (capital, região metropolitana ou interior). Em cada estrato, num primeiro estágio, são sorteados os municípios que farão parte do levantamento. Num segundo estágio, são sorteados os bairros e pontos de abordagem onde serão aplicadas as entrevistas.  Por fim, os entrevistados são selecionados aleatoriamente para responder ao questionário, de acordo com cotas de sexo e faixa etária. Nesta amostra, o estrato referente à capital foi desproporcionalizado para permitir detalhamento. Nos resultados finais, as corretas proporções serão restabelecidas através de ponderação. A amostra prevista é de 1.414 questionários, sendo 644 na capital. Os dados utilizados para definição e seleção da amostra são baseados nos dados fornecidos pelo TSE ¿ Tribunal Superior Eleitoral (eleitorado de agosto 2018) e IBGE (Estimativa 2018). Os dados relativos a sexo e faixa etária são: Sexo masculino 46%, feminino: 54%, 16 a 24 anos 13%, 25 a 34 anos 19%, 35 a 44 anos 19%, 45 a 59 anos 25% e 60 anos ou mais 24%. Ponderação dos resultados: No processamento dos dados é realizada ponderação referente à proporção de cada cidade na amostra para correta representação das regiões. Está prevista a eventual ponderação para correção nos tamanhos dos segmentos considerando as variáveis sexo e faixa etária. Para as variáveis grau de instrução e nível econômico do entrevistado (renda familiar mensal), o fator previsto para ponderação é 1 (resultados obtidos em campo).   Área física: Serão realizadas entrevistas em 39 municípios, localizados no Estado do Rio de Janeiro. A relação completa dos municípios e bairros pesquisados será encaminhada a esse tribunal posteriormente até o sétimo dia seguinte à data de registro da pesquisa, conforme a Resolução 23.549/2017 do TSE, no art.2º §6º. Margem de Erro: A margem de erro máxima prevista é de 3 pontos percentuais para mais ou para menos, considerando um nível de confiança de 95%. Os intervalos de confiança serão calculados considerando os resultados obtidos para um nível de confiança de 95%.  ";"Os pesquisadores envolvidos na realização desta pesquisa são treinados pelo Instituto e recebem instruções específicas para cada projeto realizado. A coleta será feita com a utilização de tablet e questionário eletrônico. São checados, no mínimo, 30% dos questionários de cada pesquisador, seja in loco por supervisores de campo ou, posteriormente, por telefone. Internamente, todo o material é verificado e codificado. Antes do processamento final e emissão dos resultados, realiza-se processo de consistência dos dados.";"#NULO#"
"24/08/2022";"00:10:36";"2018";"5";"Eleições Gerais 2018";"RJ";"RJ";"RIO DE JANEIRO";"RJ012962018";"25/08/2018";"81908345000140";"INSTITUTO PARANA DE PESQUISAS E ANALISE DE CONSUMIDOR LTDA";"#NULO#";"Senador, Governador";"25/08/2018";"30/08/2018";"1860";"10245";"Tatiani Cristina Ara";"35000,00";"81908345000140";"INSTITUTO PARANA DE PESQUISAS E ANALISE DE CONSUMIDOR LTDA";"#NULO#";"81908345000140";"INSTITUTO PARANA DE PESQUISAS E ANALISE DE CONSUMIDOR LTDA";"Pesquisa com metodologia quantitativa, com a realização de entrevistas utilizando questionário estruturado junto a uma amostra representativa do eleitorado do Estado do Rio de Janeiro.";"A amostra será representativa dos moradores das áreas pesquisadas e será selecionada em três etapas. Na primeira etapa realiza-se um sorteio probabilístico dos municípios onde as entrevistas serão realizadas através do método PPT (Probabilidade Proporcional ao Tamanho), considerando a população eleitora com 16 anos ou mais residente nos municípios como base para essa seleção. Na segunda etapa, faz-se um sorteio probabilístico dos setores censitários, onde as entrevistas serão realizadas, através do método PPT (Probabilidade Proporcional ao Tamanho), tomando a população eleitora de 16 anos ou mais residente nos setores como base para essa seleção. Na terceira etapa, a seleção do entrevistado dentro do setor censitário, será feita utilizando-se quotas amostrais proporcionais, em função das seguintes variáveis:  SEXO:  Masculino - 46%.  Feminino - 54% |  FAIXA ETÁRIA:  Entre 16 e 24 anos: 13%.  Entre 25 e 34 anos: 19%.  Entre 35 e 44 anos: 19%.  Entre 45 e 59 anos: 25%.  Com 60 anos ou mais: 24% |  ESCOLARIDADE:  Até Ensino Médio: 74%.  Ensino Superior: 26% |  NÍVEL ECONÔMICO:  Economicamente Ativo: 63%.  Não Economicamente Ativo: 37%.  Está prevista eventual ponderação para correção das variáveis sexo, faixa etária e escolaridade, com base nos percentuais acima apresentados, caso ocorram diferenças superiores a 3,0 (três) pontos percentuais entre o previsto na amostra e a coleta realizada. Para as variáveis: Nível Econômico e Renda Familiar Mensal, o fator de ponderação é igual a 1, (resultados obtidos no campo). O nível de confiança estimado é de 95% (noventa e cinco por cento) para uma margem de erro máxima estimada, considerando uma técnica de amostragem aleatória simples, de aproximadamente 2,5 (dois vírgula cinco) pontos percentuais para mais ou para menos sobre os resultados obtidos. Fonte de Dados: IBGE Censo 2010 e TSE - Agosto 2018.";"As entrevistas serão realizadas por uma equipe de entrevistadores e supervisores devidamente qualificada pelo Instituto Paraná Pesquisas, com experiência e treinamento em pesquisas de opinião pública. No decorrer do trabalho de coleta de dados, os questionários aplicados, serão auditados em aproximadamente 20% (vinte por cento) para verificação quanto ao cuidado na sua aplicação, bem como a adequação do entrevistado às variáveis das quotas amostrais.";"Conforme parágrafo 6º, do art 2º da Resolução TSE nº 23.549/2017,  Até o 7º dia ao registro da pesquisa, será ele, (o registro da pesquisa), complementado com dados relativos aos municípios e bairros abrangidos. na ausência de delimitação do bairro, será identificada a área em que foi realizada .   A área de abrangência da coleta de dados é o Estado do Rio de Janeiro e a relação dos municípios e bairros selecionados para compor a amostra será apresentado até o 7º dia seguinte ao registro da pesquisa, conforme expresso no artigo supracitado."
"24/08/2022";"00:10:36";"2018";"5";"Eleições Gerais 2018";"RJ";"RJ";"RIO DE JANEIRO";"RJ019342018";"27/09/2018";"19557018000117";"AGORA PESQUISA - EIRELI";"AGORA PESQUISA";"Governador, Senador";"01/10/2018";"03/10/2018";"1500";"7655";"AUGUSTO DA SILVA ROCHA";"52000,00";"19557018000117";"AGORA PESQUISA - EIRELI";"#NULO#";"19557018000117";"AGORA PESQUISA - EIRELI";"Pesquisa quantitativa, que consiste na realização de entrevistas pessoais, com a aplicação de questionário estruturado junto a uma amostra representativa do eleitorado em estudo. Pesquisa realizada no estado do Rio de Janeiro.";"Representativo do eleitorado da área em estudo, elaborada em três estágios. No primeiro estágio faz-se um sorteio probabilístico dos municípios, onde as entrevistas serão realizadas, pelo método PPT (Probabilidade Proporcional ao Tamanho), tomando o eleitorado como base para tal seleção. No segundo estágio faz-se um sorteio probabilístico dos setores censitários, onde as entrevistas serão realizadas, pelo método PPT (Probabilidade Proporcional ao Tamanho), tomando a população de 16 anos ou mais residente nos setores como base para tal seleção. No terceiro e último estágio, dentro dos setores sorteados, os respondentes são selecionados através de quotas amostrais proporcionais em função de variáveis significativas, a saber: IDADE: 16-24 (masculino) 16% (feminino) 14%. 25-34 (masculino) 21% (feminino) 19%. 35-44 (masculino) 20% (feminino) 21%. 45-54 (masculino) 19% (feminino) 19%. 55 e+ (masculino) 24% (feminino) 28%. INSTRUÇÃO: Até Ensino Médio (masculino) 77% (feminino) 75%. Ensino Superior (masculino) 23% (feminino) 25%. NÍVEL ECONÔMICO: Economicamente ativo (masculino) 70% (feminino) 49%. Não Economicamente ativo (masculino) 30% (feminino) 51%. Está prevista eventual ponderação para correção das variáveis sexo e idade, com base nos percentuais anteriormente mencionados, caso ocorram diferenças superiores a 3 pontos percentuais entre o previsto na amostra e a coleta de dados realizada. Para as variáveis de grau de instrução e nível econômico do entrevistado, o fator previsto para ponderação é 1 (resultados obtidos em campo). O nível de confiança estimado é de 95% e a margem de erro máxima estimada considerando um modelo de amostragem aleatório simples, é de 03 (três) pontos percentuais para mais ou para menos sobre os resultados encontrados no total da amostra. FONTE DOS DADOS: Censo 2010 | PNADC 2016 | TSE 2018.";"Para a realização da pesquisa, utiliza-se uma equipe de entrevistadores e supervisores contratados pela ÁGORA PESQUISA devidamente treinados para o trabalho. Após os trabalhos de campo, os questionários são submetidos a uma fiscalização de cerca de 20% (vinte por cento) dos questionários aplicados pelos entrevistadores. para verificação das respostas e da adequação dos entrevistados aos parâmetros amostrais.  ";"A área de abrangência da coleta é o estado do Rio de Janeiro. A relação das localidades selecionadas para aplicação da amostra será apresentada até o 7º dia seguinte ao registro da pesquisa, conforme expresso no art. 2º, §6º da Resolução 23.549/2017 do TSE."
"24/08/2022";"00:10:36";"2018";"5";"Eleições Gerais 2018";"RJ";"RJ";"RIO DE JANEIRO";"RJ019522018";"04/09/2018";"68802370000186";"IBOPE INTELIGENCIA PESQUISA E CONSULTORIA LTDA";"#NULO#";"Governador, Senador";"04/09/2018";"10/09/2018";"1204";"6208-A";"Márcia Cavallari Nunes";"91929,21";"04067191000240";"EDITORA GLOBO S/A / EDITORA GLOBO";"Recursos Próprios";"68802370000186";"IBOPE INTELIGENCIA PESQUISA E CONSULTORIA LTDA";"Pesquisa quantitativa, que consiste na realização de entrevistas pessoais, com a aplicação de questionário estruturado junto a uma amostra representativa do eleitorado em estudo. Pesquisa realizada no estado do Rio de Janeiro.";"Representativo do eleitorado da área em estudo, elaborada em três estágios. No primeiro estágio faz-se um sorteio probabilístico dos municípios, onde as entrevistas serão realizadas, pelo método PPT (Probabilidade Proporcional ao Tamanho), tomando o eleitorado como base para tal seleção. No segundo estágio faz-se um sorteio probabilístico dos setores censitários, onde as entrevistas serão realizadas, pelo método PPT (Probabilidade Proporcional ao Tamanho), tomando a população de 16 anos ou mais residente nos setores como base para tal seleção. No terceiro e último estágio, dentro dos setores sorteados, os respondentes são selecionados através de quotas amostrais proporcionais em função de variáveis significativas, a saber: IDADE: 16-24 (masculino) 16% (feminino) 14%. 25-34 (masculino) 21% (feminino) 19%. 35-44 (masculino) 20% (feminino) 21%. 45-54 (masculino) 19% (feminino) 19%. 55 e+ (masculino) 24% (feminino) 27%. INSTRUÇÃO: Até Ensino Médio (masculino) 77% (feminino) 75%. Ensino Superior (masculino) 23% (feminino) 25%. NÍVEL ECONÔMICO: Economicamente ativo (masculino) 70% (feminino) 49%. Não Economicamente ativo (masculino) 30% (feminino) 51%. Está prevista eventual ponderação para correção das variáveis sexo e idade, com base nos percentuais anteriormente mencionados, caso ocorram diferenças superiores a 3 pontos percentuais entre o previsto na amostra e a coleta de dados realizada. Para as variáveis de grau de instrução e nível econômico do entrevistado, o fator previsto para ponderação é 1 (resultados obtidos em campo). O nível de confiança estimado é de 95% e a margem de erro máxima estimada considerando um modelo de amostragem aleatório simples, é de 03 (três) pontos percentuais para mais ou para menos sobre os resultados encontrados no total da amostra. FONTE DOS DADOS: Censo 2010 | PNADC 2016 | TSE 2018.";"Para a realização da pesquisa, utiliza-se uma equipe de entrevistadores e supervisores contratados pelo IBOPE INTELIGÊNCIA PESQUISA E CONSULTORIA LTDA. devidamente treinados para o trabalho. Após os trabalhos de campo, os questionários são submetidos a uma fiscalização de cerca de 20% (vinte por cento) dos questionários aplicados pelos entrevistadores. para verificação das respostas e da adequação dos entrevistados aos parâmetros amostrais.";"A área de abrangência da coleta é o estado do Rio de Janeiro. A relação das localidades selecionadas para aplicação da amostra será apresentada até o 7º dia seguinte ao registro da pesquisa, conforme expresso no art. 2º, §6º da Resolução 23.549/2017 do TSE."
"24/08/2022";"00:10:36";"2018";"5";"Eleições Gerais 2018";"RJ";"RJ";"RIO DE JANEIRO";"RJ019522018";"04/09/2018";"68802370000186";"IBOPE INTELIGENCIA PESQUISA E CONSULTORIA LTDA";"#NULO#";"Governador, Senador";"04/09/2018";"10/09/2018";"1204";"6208-A";"Márcia Cavallari Nunes";"91929,21";"27865757000102";"GLOBO COMUNICACAO E PARTICIPACOES S/A / GCP,TV GLOBO, REDE GLOBO, GLOBO.COM, SOM LIVRE";"Recursos Próprios";"68802370000186";"IBOPE INTELIGENCIA PESQUISA E CONSULTORIA LTDA";"Pesquisa quantitativa, que consiste na realização de entrevistas pessoais, com a aplicação de questionário estruturado junto a uma amostra representativa do eleitorado em estudo. Pesquisa realizada no estado do Rio de Janeiro.";"Representativo do eleitorado da área em estudo, elaborada em três estágios. No primeiro estágio faz-se um sorteio probabilístico dos municípios, onde as entrevistas serão realizadas, pelo método PPT (Probabilidade Proporcional ao Tamanho), tomando o eleitorado como base para tal seleção. No segundo estágio faz-se um sorteio probabilístico dos setores censitários, onde as entrevistas serão realizadas, pelo método PPT (Probabilidade Proporcional ao Tamanho), tomando a população de 16 anos ou mais residente nos setores como base para tal seleção. No terceiro e último estágio, dentro dos setores sorteados, os respondentes são selecionados através de quotas amostrais proporcionais em função de variáveis significativas, a saber: IDADE: 16-24 (masculino) 16% (feminino) 14%. 25-34 (masculino) 21% (feminino) 19%. 35-44 (masculino) 20% (feminino) 21%. 45-54 (masculino) 19% (feminino) 19%. 55 e+ (masculino) 24% (feminino) 27%. INSTRUÇÃO: Até Ensino Médio (masculino) 77% (feminino) 75%. Ensino Superior (masculino) 23% (feminino) 25%. NÍVEL ECONÔMICO: Economicamente ativo (masculino) 70% (feminino) 49%. Não Economicamente ativo (masculino) 30% (feminino) 51%. Está prevista eventual ponderação para correção das variáveis sexo e idade, com base nos percentuais anteriormente mencionados, caso ocorram diferenças superiores a 3 pontos percentuais entre o previsto na amostra e a coleta de dados realizada. Para as variáveis de grau de instrução e nível econômico do entrevistado, o fator previsto para ponderação é 1 (resultados obtidos em campo). O nível de confiança estimado é de 95% e a margem de erro máxima estimada considerando um modelo de amostragem aleatório simples, é de 03 (três) pontos percentuais para mais ou para menos sobre os resultados encontrados no total da amostra. FONTE DOS DADOS: Censo 2010 | PNADC 2016 | TSE 2018.";"Para a realização da pesquisa, utiliza-se uma equipe de entrevistadores e supervisores contratados pelo IBOPE INTELIGÊNCIA PESQUISA E CONSULTORIA LTDA. devidamente treinados para o trabalho. Após os trabalhos de campo, os questionários são submetidos a uma fiscalização de cerca de 20% (vinte por cento) dos questionários aplicados pelos entrevistadores. para verificação das respostas e da adequação dos entrevistados aos parâmetros amostrais.";"A área de abrangência da coleta é o estado do Rio de Janeiro. A relação das localidades selecionadas para aplicação da amostra será apresentada até o 7º dia seguinte ao registro da pesquisa, conforme expresso no art. 2º, §6º da Resolução 23.549/2017 do TSE."
"24/08/2022";"00:10:36";"2018";"5";"Eleições Gerais 2018";"RJ";"RJ";"RIO DE JANEIRO";"RJ021552018";"28/09/2018";"07630546000175";"DATAFOLHA INSTITUTO DE PESQUISAS LTDA.";"#NULO#";"Governador, Senador";"03/10/2018";"04/10/2018";"1484";"72.49A";"Renata Nunes César";"130390,00";"27865757000102";"GLOBO COMUNICACAO E PARTICIPACOES S/A / GCP,TV GLOBO, REDE GLOBO, GLOBO.COM, SOM LIVRE";"Recursos Próprios";"07630546000175";"DATAFOLHA INSTITUTO DE PESQUISAS LTDA.";"Pesquisa do tipo quantitativo, por amostragem, com aplicação de questionário estruturado e abordagem pessoal em pontos de fluxo populacional. O conjunto do eleitorado do Estado do Rio de Janeiro com 16 anos ou mais foi tomado como universo da pesquisa.";"Universo: Eleitorado do Estado do Rio de Janeiro, com 16 anos ou mais. Tamanho da amostra: A amostra prevista é de 1.484 entrevistas. Técnica de amostragem: A amostra é estratificada por natureza dos municípios (capital, região metropolitana ou interior). Em cada estrato, num primeiro estágio, são sorteados os municípios que farão parte do levantamento. Num segundo estágio, são sorteados os bairros e pontos de abordagem onde serão aplicadas as entrevistas.  Por fim, os entrevistados são selecionados aleatoriamente para responder ao questionário, de acordo com cotas de sexo e faixa etária. Nesta amostra, o estrato referente à capital foi desproporcionalizado para permitir detalhamento. Nos resultados finais, as corretas proporções serão restabelecidas através de ponderação. A amostra prevista é de 1.484 questionários, sendo 644 na capital. Os dados utilizados para definição e seleção da amostra são baseados nos dados fornecidos pelo TSE ¿ Tribunal Superior Eleitoral (eleitorado de agosto 2018) e IBGE (Estimativa 2018). Os dados relativos a sexo e faixa etária são: Sexo masculino 46%, feminino: 54%, 16 a 24 anos 13%, 25 a 34 anos 19%, 35 a 44 anos 19%, 45 a 59 anos 25% e 60 anos ou mais 24%. Ponderação dos resultados: No processamento dos dados é realizada ponderação referente à proporção de cada cidade na amostra para correta representação das regiões. Está prevista a eventual ponderação para correção nos tamanhos dos segmentos considerando as variáveis sexo e faixa etária. Para as variáveis grau de instrução e nível econômico do entrevistado (renda familiar mensal), o fator previsto para ponderação é 1 (resultados obtidos em campo).   Área física: Serão realizadas entrevistas em 42 municípios, localizados no Estado do Rio de Janeiro. A relação completa dos municípios e bairros pesquisados será encaminhada a esse tribunal posteriormente até o sétimo dia seguinte à data de registro da pesquisa, conforme a Resolução 23.549/2017 do TSE, no art.2º §6º. Margem de Erro: A margem de erro máxima prevista é de 3 pontos percentuais para mais ou para menos, considerando um nível de confiança de 95%. Os intervalos de confiança serão calculados considerando os resultados obtidos para um nível de confiança de 95%.  ";"Os pesquisadores envolvidos na realização desta pesquisa são treinados pelo Instituto e recebem instruções específicas para cada projeto realizado. A coleta será feita com a utilização de tablet e questionário eletrônico. São checados, no mínimo, 30% dos questionários de cada pesquisador, seja in loco por supervisores de campo ou, posteriormente, por telefone. Internamente, todo o material é verificado e codificado. Antes do processamento final e emissão dos resultados, realiza-se processo de consistência dos dados.";"#NULO#"
"24/08/2022";"00:10:36";"2018";"5";"Eleições Gerais 2018";"RJ";"RJ";"RIO DE JANEIRO";"RJ021552018";"28/09/2018";"07630546000175";"DATAFOLHA INSTITUTO DE PESQUISAS LTDA.";"#NULO#";"Governador, Senador";"03/10/2018";"04/10/2018";"1484";"72.49A";"Renata Nunes César";"130390,00";"60579703000148";"EMPRESA FOLHA DA MANHA S.A.";"Recursos Próprios";"07630546000175";"DATAFOLHA INSTITUTO DE PESQUISAS LTDA.";"Pesquisa do tipo quantitativo, por amostragem, com aplicação de questionário estruturado e abordagem pessoal em pontos de fluxo populacional. O conjunto do eleitorado do Estado do Rio de Janeiro com 16 anos ou mais foi tomado como universo da pesquisa.";"Universo: Eleitorado do Estado do Rio de Janeiro, com 16 anos ou mais. Tamanho da amostra: A amostra prevista é de 1.484 entrevistas. Técnica de amostragem: A amostra é estratificada por natureza dos municípios (capital, região metropolitana ou interior). Em cada estrato, num primeiro estágio, são sorteados os municípios que farão parte do levantamento. Num segundo estágio, são sorteados os bairros e pontos de abordagem onde serão aplicadas as entrevistas.  Por fim, os entrevistados são selecionados aleatoriamente para responder ao questionário, de acordo com cotas de sexo e faixa etária. Nesta amostra, o estrato referente à capital foi desproporcionalizado para permitir detalhamento. Nos resultados finais, as corretas proporções serão restabelecidas através de ponderação. A amostra prevista é de 1.484 questionários, sendo 644 na capital. Os dados utilizados para definição e seleção da amostra são baseados nos dados fornecidos pelo TSE ¿ Tribunal Superior Eleitoral (eleitorado de agosto 2018) e IBGE (Estimativa 2018). Os dados relativos a sexo e faixa etária são: Sexo masculino 46%, feminino: 54%, 16 a 24 anos 13%, 25 a 34 anos 19%, 35 a 44 anos 19%, 45 a 59 anos 25% e 60 anos ou mais 24%. Ponderação dos resultados: No processamento dos dados é realizada ponderação referente à proporção de cada cidade na amostra para correta representação das regiões. Está prevista a eventual ponderação para correção nos tamanhos dos segmentos considerando as variáveis sexo e faixa etária. Para as variáveis grau de instrução e nível econômico do entrevistado (renda familiar mensal), o fator previsto para ponderação é 1 (resultados obtidos em campo).   Área física: Serão realizadas entrevistas em 42 municípios, localizados no Estado do Rio de Janeiro. A relação completa dos municípios e bairros pesquisados será encaminhada a esse tribunal posteriormente até o sétimo dia seguinte à data de registro da pesquisa, conforme a Resolução 23.549/2017 do TSE, no art.2º §6º. Margem de Erro: A margem de erro máxima prevista é de 3 pontos percentuais para mais ou para menos, considerando um nível de confiança de 95%. Os intervalos de confiança serão calculados considerando os resultados obtidos para um nível de confiança de 95%.  ";"Os pesquisadores envolvidos na realização desta pesquisa são treinados pelo Instituto e recebem instruções específicas para cada projeto realizado. A coleta será feita com a utilização de tablet e questionário eletrônico. São checados, no mínimo, 30% dos questionários de cada pesquisador, seja in loco por supervisores de campo ou, posteriormente, por telefone. Internamente, todo o material é verificado e codificado. Antes do processamento final e emissão dos resultados, realiza-se processo de consistência dos dados.";"#NULO#"
"24/08/2022";"00:10:36";"2018";"5";"Eleições Gerais 2018";"RJ";"RJ";"RIO DE JANEIRO";"RJ023172018";"08/08/2018";"29842579000111";"REAL TIME BIG DATA GESTAO DE DADOS LTDA.";"REAL TIME BIG DATA";"Governador, Senador";"10/08/2018";"12/08/2018";"2000";"7655";"Augusto da Silva Rocha";"25000,00";"29842579000111";"REAL TIME BIG DATA GESTAO DE DADOS LTDA.";"#NULO#";"29842579000111";"REAL TIME BIG DATA GESTAO DE DADOS LTDA.";"Pesquisa quantitativa com a aplicação de questionário estruturado junto a uma amostra, representativa do eleitorado em estudo.";"O nível de confiança estimado é de 95% para uma margem de erro máxima estimada, considerando uma técnica de amostragem aleatória simples, de aproximadamente 2 pontos percentuais para mais ou para menos sobre os resultados obtidos. Divisão Censitária. Ponderação quanto ao sexo e faixa etária: Masculino de 16 a 24 anos (6,5%), Masculino de 25 a 34 anos (9,1%), Masculino de 35 a 44 anos (9,2%), Masculino de 45 a 59 anos (11,6%) e Masculino acima de 59 anos (9,9%). Feminino de 16 a 24 anos (6,9%), Feminino de 25 a 34 anos (9,7%), Feminino de 35 a 44 anos (10,3%), Feminino de 45 a 59 anos (13,5%) e Feminino acima de 59 anos (13,3%). Ponderação quanto ao nível de instrução: 28,8% de Analfabeto / Fundamental Incompleto, 16,5% de Lê e escreve / Fundamental Completo, 42,4% de Médio Incompleto / Médio Completo e 12,3% de Superior Incompleto / Superior Completo. Ponderação quanto a renda: Economicamente Ativo: 63%. Não Economicamente Ativo: 37%    Está prevista eventual ponderação para correção das variáveis sexo, faixa etária e escolaridade, com base nos percentuais acima apresentados, caso ocorram diferenças superiores a 3,0 pontos percentuais entre o previsto na amostra e a coleta realizada. Para as variáveis: Nível Econômico e Renda Familiar Mensal, o fator de ponderação é igual a 1 (resultados obtidos no campo). Fonte de Dados: IBGE e TSE 2018.";"Checagem de cerca de 20% da amostra efetuada pelos supervisores. Todos os entrevistadores foram amplamente treinados e orientados tanto teoricamente quanto praticamente sobre suas responsabilidade e funções, respeitando as cotas pré-estabelecidas. A equipe está dividida em coordenadoria-geral /coordenadoria regional / supervisores / entrevistadores.";"A área de abrangência da coleta de dados e a relação dos municípios selecionados para compor a amostra será apresentada até o 7º dia seguinte ao registro da pesquisa, conforme expresso no artigo acima."
"24/08/2022";"00:10:36";"2018";"5";"Eleições Gerais 2018";"RJ";"RJ";"RIO DE JANEIRO";"RJ023632018";"22/10/2018";"68802370000186";"IBOPE INTELIGENCIA PESQUISA E CONSULTORIA LTDA";"#NULO#";"Governador";"22/10/2018";"28/10/2018";"2600";"6208-A";"Márcia Cavallari Nunes";"141526,18";"68802370000186";"IBOPE INTELIGENCIA PESQUISA E CONSULTORIA LTDA";"#NULO#";"68802370000186";"IBOPE INTELIGENCIA PESQUISA E CONSULTORIA LTDA";"Pesquisa quantitativa, que consiste na realização de entrevistas pessoais, com a aplicação de questionário estruturado junto a uma amostra representativa do eleitorado em estudo. Pesquisa realizada no estado do Rio de Janeiro.";"Representativa dos votantes da área em estudo, elaborada em três estágios. No primeiro estágio fez-se um sorteio probabilístico dos municípios pesquisados, pelo método PPT (Probabilidade Proporcional ao Tamanho), com base na população de votantes (TSE 2018, excluindo abstenção 1º turno 2010 e 2014) de cada município.  Em um segundo estágio, dentro dos municípios sorteados foram selecionados, também pelo método PPT, os locais de votação com base no número de votantes de cada local de votação. No terceiro estágio, dentro dos locais de votação sorteados, os respondentes foram selecionados através de quotas amostrais, proporcionais em função de variáveis significativas, a saber: Sexo, Idade, de acordo com o perfil dos votantes. Devido à metodologia amostral adotada, a pesquisa é auto-ponderada, ou seja, as proporções do universo pesquisado estão previstas na amostra, não sendo necessário qualquer tipo de ponderação quanto à sexo, idade, grau de instrução e nível econômico.    O intervalo de confiança estimado é de 99% e a margem de erro máxima estimada considerando um modelo de amostragem aleatório simples, é de 03 (três) pontos percentuais para mais ou para menos sobre os resultados encontrados no total da amostra.  ";"Para a realização da pesquisa, utiliza-se uma equipe de entrevistadores e supervisores contratados pelo IBOPE INTELIGÊNCIA PESQUISA E CONSULTORIA LTDA. devidamente treinados para o trabalho. Após os trabalhos de campo, os questionários são submetidos a uma fiscalização de cerca de 20% (vinte por cento) dos questionários aplicados pelos entrevistadores para verificação das respostas e da adequação dos entrevistados aos parâmetros amostrais.";"A área de abrangência da coleta é o estado do Rio de Janeiro. A relação das localidades selecionadas para aplicação da amostra será apresentada até o 7º dia seguinte ao registro da pesquisa, conforme expresso no art. 2º, §6º da Resolução 23.549/2017 do TSE."
"24/08/2022";"00:10:36";"2018";"5";"Eleições Gerais 2018";"RJ";"RJ";"RIO DE JANEIRO";"RJ025002018";"30/09/2018";"68802370000186";"IBOPE INTELIGENCIA PESQUISA E CONSULTORIA LTDA";"#NULO#";"Governador, Senador";"30/09/2018";"06/10/2018";"2002";"6208-A ";"Márcia Cavallari Nunes";"152859,04";"04067191000240";"EDITORA GLOBO S/A / EDITORA GLOBO";"Recursos Próprios";"68802370000186";"IBOPE INTELIGENCIA PESQUISA E CONSULTORIA LTDA";"Pesquisa quantitativa, que consiste na realização de entrevistas pessoais, com a aplicação de questionário estruturado junto a uma amostra representativa do eleitorado em estudo. Pesquisa realizada no estado do Rio de Janeiro.";"Representativo do eleitorado da área em estudo, elaborada em três estágios. No primeiro estágio faz-se um sorteio probabilístico dos municípios, onde as entrevistas serão realizadas, pelo método PPT (Probabilidade Proporcional ao Tamanho), tomando o eleitorado como base para tal seleção. No segundo estágio faz-se um sorteio probabilístico dos setores censitários, onde as entrevistas serão realizadas, pelo método PPT (Probabilidade Proporcional ao Tamanho), tomando a população de 16 anos ou mais residente nos setores como base para tal seleção. No terceiro e último estágio, dentro dos setores sorteados, os respondentes são selecionados através de quotas amostrais proporcionais em função de variáveis significativas, a saber: IDADE: 16-24 (masculino) 16% (feminino) 14%. 25-34 (masculino) 21% (feminino) 19%. 35-44 (masculino) 20% (feminino) 21%. 45-54 (masculino) 19% (feminino) 19%. 55 e+ (masculino) 24% (feminino) 27%. INSTRUÇÃO: Até Ensino Médio (masculino) 77% (feminino) 75%. Ensino Superior (masculino) 23% (feminino) 25%. NÍVEL ECONÔMICO: Economicamente ativo (masculino) 70% (feminino) 49%. Não Economicamente ativo (masculino) 30% (feminino) 51%. Está prevista eventual ponderação para correção das variáveis sexo e idade, com base nos percentuais anteriormente mencionados, caso ocorram diferenças superiores a 3 pontos percentuais entre o previsto na amostra e a coleta de dados realizada. Para as variáveis de grau de instrução e nível econômico do entrevistado, o fator previsto para ponderação é 1 (resultados obtidos em campo). O nível de confiança estimado é de 95% e a margem de erro máxima estimada considerando um modelo de amostragem aleatório simples, é de 02 (dois) pontos percentuais para mais ou para menos sobre os resultados encontrados no total da amostra. FONTE DOS DADOS: Censo 2010 | PNADC 2016 | TSE 2018.";"Para a realização da pesquisa, utiliza-se uma equipe de entrevistadores e supervisores contratados pelo IBOPE INTELIGÊNCIA PESQUISA E CONSULTORIA LTDA. devidamente treinados para o trabalho. Após os trabalhos de campo, os questionários são submetidos a uma fiscalização de cerca de 20% (vinte por cento) dos questionários aplicados pelos entrevistadores. para verificação das respostas e da adequação dos entrevistados aos parâmetros amostrais.";"A área de abrangência da coleta é o estado do Rio de Janeiro. A relação das localidades selecionadas para aplicação da amostra será apresentada até o 7º dia seguinte ao registro da pesquisa, conforme expresso no art. 2º, §6º da Resolução 23.549/2017 do TSE."
"24/08/2022";"00:10:36";"2018";"5";"Eleições Gerais 2018";"RJ";"RJ";"RIO DE JANEIRO";"RJ025002018";"30/09/2018";"68802370000186";"IBOPE INTELIGENCIA PESQUISA E CONSULTORIA LTDA";"#NULO#";"Governador, Senador";"30/09/2018";"06/10/2018";"2002";"6208-A ";"Márcia Cavallari Nunes";"152859,04";"27865757000102";"GLOBO COMUNICACAO E PARTICIPACOES S/A / GCP,TV GLOBO, REDE GLOBO, GLOBO.COM, SOM LIVRE";"Recursos Próprios";"68802370000186";"IBOPE INTELIGENCIA PESQUISA E CONSULTORIA LTDA";"Pesquisa quantitativa, que consiste na realização de entrevistas pessoais, com a aplicação de questionário estruturado junto a uma amostra representativa do eleitorado em estudo. Pesquisa realizada no estado do Rio de Janeiro.";"Representativo do eleitorado da área em estudo, elaborada em três estágios. No primeiro estágio faz-se um sorteio probabilístico dos municípios, onde as entrevistas serão realizadas, pelo método PPT (Probabilidade Proporcional ao Tamanho), tomando o eleitorado como base para tal seleção. No segundo estágio faz-se um sorteio probabilístico dos setores censitários, onde as entrevistas serão realizadas, pelo método PPT (Probabilidade Proporcional ao Tamanho), tomando a população de 16 anos ou mais residente nos setores como base para tal seleção. No terceiro e último estágio, dentro dos setores sorteados, os respondentes são selecionados através de quotas amostrais proporcionais em função de variáveis significativas, a saber: IDADE: 16-24 (masculino) 16% (feminino) 14%. 25-34 (masculino) 21% (feminino) 19%. 35-44 (masculino) 20% (feminino) 21%. 45-54 (masculino) 19% (feminino) 19%. 55 e+ (masculino) 24% (feminino) 27%. INSTRUÇÃO: Até Ensino Médio (masculino) 77% (feminino) 75%. Ensino Superior (masculino) 23% (feminino) 25%. NÍVEL ECONÔMICO: Economicamente ativo (masculino) 70% (feminino) 49%. Não Economicamente ativo (masculino) 30% (feminino) 51%. Está prevista eventual ponderação para correção das variáveis sexo e idade, com base nos percentuais anteriormente mencionados, caso ocorram diferenças superiores a 3 pontos percentuais entre o previsto na amostra e a coleta de dados realizada. Para as variáveis de grau de instrução e nível econômico do entrevistado, o fator previsto para ponderação é 1 (resultados obtidos em campo). O nível de confiança estimado é de 95% e a margem de erro máxima estimada considerando um modelo de amostragem aleatório simples, é de 02 (dois) pontos percentuais para mais ou para menos sobre os resultados encontrados no total da amostra. FONTE DOS DADOS: Censo 2010 | PNADC 2016 | TSE 2018.";"Para a realização da pesquisa, utiliza-se uma equipe de entrevistadores e supervisores contratados pelo IBOPE INTELIGÊNCIA PESQUISA E CONSULTORIA LTDA. devidamente treinados para o trabalho. Após os trabalhos de campo, os questionários são submetidos a uma fiscalização de cerca de 20% (vinte por cento) dos questionários aplicados pelos entrevistadores. para verificação das respostas e da adequação dos entrevistados aos parâmetros amostrais.";"A área de abrangência da coleta é o estado do Rio de Janeiro. A relação das localidades selecionadas para aplicação da amostra será apresentada até o 7º dia seguinte ao registro da pesquisa, conforme expresso no art. 2º, §6º da Resolução 23.549/2017 do TSE."
"24/08/2022";"00:10:36";"2018";"5";"Eleições Gerais 2018";"RJ";"RJ";"RIO DE JANEIRO";"RJ032492018";"14/08/2018";"68802370000186";"IBOPE INTELIGENCIA PESQUISA E CONSULTORIA LTDA";"#NULO#";"Governador, Senador";"14/08/2018";"20/08/2018";"1204";"6208-A";"Márcia Cavallari Nunes";"91929,21";"04067191000240";"EDITORA GLOBO S/A";"Recursos Próprios";"68802370000186";"IBOPE INTELIGENCIA PESQUISA E CONSULTORIA LTDA";"Pesquisa quantitativa, que consiste na realização de entrevistas pessoais, com a aplicação de questionário estruturado junto a uma amostra representativa do eleitorado em estudo. Pesquisa realizada no estado do Rio de Janeiro.";"Representativo do eleitorado da área em estudo, elaborada em três estágios. No primeiro estágio faz-se um sorteio probabilístico dos municípios, onde as entrevistas serão realizadas, pelo método PPT (Probabilidade Proporcional ao Tamanho), tomando o eleitorado como base para tal seleção. No segundo estágio faz-se um sorteio probabilístico dos setores censitários, onde as entrevistas serão realizadas, pelo método PPT (Probabilidade Proporcional ao Tamanho), tomando a população de 16 anos ou mais residente nos setores como base para tal seleção. No terceiro e último estágio, dentro dos setores sorteados, os respondentes são selecionados através de quotas amostrais proporcionais em função de variáveis significativas, a saber: IDADE: 16-24 (masculino) 16% (feminino) 14%. 25-34 (masculino) 21% (feminino) 19%. 35-44 (masculino) 20% (feminino) 21%. 45-54 (masculino) 19% (feminino) 19%. 55 e+ (masculino) 24% (feminino) 27%. INSTRUÇÃO: Até Ensino Médio (masculino) 77% (feminino) 75%. Ensino Superior (masculino) 23% (feminino) 25%. NÍVEL ECONÔMICO: Economicamente ativo (masculino) 70% (feminino) 49%. Não Economicamente ativo (masculino) 30% (feminino) 51%. Está prevista eventual ponderação para correção das variáveis sexo e idade, com base nos percentuais anteriormente mencionados, caso ocorram diferenças superiores a 3 pontos percentuais entre o previsto na amostra e a coleta de dados realizada. Para as variáveis de grau de instrução e nível econômico do entrevistado, o fator previsto para ponderação é 1 (resultados obtidos em campo). O nível de confiança estimado é de 95% e a margem de erro máxima estimada considerando um modelo de amostragem aleatório simples, é de 03 (três) pontos percentuais para mais ou para menos sobre os resultados encontrados no total da amostra. FONTE DOS DADOS: Censo 2010 | PNADC 2016 | TSE 2018.";"Para a realização da pesquisa, utiliza-se uma equipe de entrevistadores e supervisores contratados pelo IBOPE INTELIGÊNCIA PESQUISA E CONSULTORIA LTDA. devidamente treinados para o trabalho. Após os trabalhos de campo, os questionários são submetidos a uma fiscalização de cerca de 20% (vinte por cento) dos questionários aplicados pelos entrevistadores. para verificação das respostas e da adequação dos entrevistados aos parâmetros amostrais.";"A área de abrangência da coleta é Rio de Janeiro. A relação das localidades selecionadas para aplicação da amostra será apresentada até o 7º dia seguinte ao registro da pesquisa, conforme expresso no art. 2º, §6º da Resolução 23.549/2017 do TSE."
"24/08/2022";"00:10:36";"2018";"5";"Eleições Gerais 2018";"RJ";"RJ";"RIO DE JANEIRO";"RJ032492018";"14/08/2018";"68802370000186";"IBOPE INTELIGENCIA PESQUISA E CONSULTORIA LTDA";"#NULO#";"Governador, Senador";"14/08/2018";"20/08/2018";"1204";"6208-A";"Márcia Cavallari Nunes";"91929,21";"27865757000102";"GLOBO COMUNICACAO E PARTICIPACOES S/A / GCP,TV GLOBO, REDE GLOBO, GLOBO.COM, SOM LIVRE";"Recursos Próprios";"68802370000186";"IBOPE INTELIGENCIA PESQUISA E CONSULTORIA LTDA";"Pesquisa quantitativa, que consiste na realização de entrevistas pessoais, com a aplicação de questionário estruturado junto a uma amostra representativa do eleitorado em estudo. Pesquisa realizada no estado do Rio de Janeiro.";"Representativo do eleitorado da área em estudo, elaborada em três estágios. No primeiro estágio faz-se um sorteio probabilístico dos municípios, onde as entrevistas serão realizadas, pelo método PPT (Probabilidade Proporcional ao Tamanho), tomando o eleitorado como base para tal seleção. No segundo estágio faz-se um sorteio probabilístico dos setores censitários, onde as entrevistas serão realizadas, pelo método PPT (Probabilidade Proporcional ao Tamanho), tomando a população de 16 anos ou mais residente nos setores como base para tal seleção. No terceiro e último estágio, dentro dos setores sorteados, os respondentes são selecionados através de quotas amostrais proporcionais em função de variáveis significativas, a saber: IDADE: 16-24 (masculino) 16% (feminino) 14%. 25-34 (masculino) 21% (feminino) 19%. 35-44 (masculino) 20% (feminino) 21%. 45-54 (masculino) 19% (feminino) 19%. 55 e+ (masculino) 24% (feminino) 27%. INSTRUÇÃO: Até Ensino Médio (masculino) 77% (feminino) 75%. Ensino Superior (masculino) 23% (feminino) 25%. NÍVEL ECONÔMICO: Economicamente ativo (masculino) 70% (feminino) 49%. Não Economicamente ativo (masculino) 30% (feminino) 51%. Está prevista eventual ponderação para correção das variáveis sexo e idade, com base nos percentuais anteriormente mencionados, caso ocorram diferenças superiores a 3 pontos percentuais entre o previsto na amostra e a coleta de dados realizada. Para as variáveis de grau de instrução e nível econômico do entrevistado, o fator previsto para ponderação é 1 (resultados obtidos em campo). O nível de confiança estimado é de 95% e a margem de erro máxima estimada considerando um modelo de amostragem aleatório simples, é de 03 (três) pontos percentuais para mais ou para menos sobre os resultados encontrados no total da amostra. FONTE DOS DADOS: Censo 2010 | PNADC 2016 | TSE 2018.";"Para a realização da pesquisa, utiliza-se uma equipe de entrevistadores e supervisores contratados pelo IBOPE INTELIGÊNCIA PESQUISA E CONSULTORIA LTDA. devidamente treinados para o trabalho. Após os trabalhos de campo, os questionários são submetidos a uma fiscalização de cerca de 20% (vinte por cento) dos questionários aplicados pelos entrevistadores. para verificação das respostas e da adequação dos entrevistados aos parâmetros amostrais.";"A área de abrangência da coleta é Rio de Janeiro. A relação das localidades selecionadas para aplicação da amostra será apresentada até o 7º dia seguinte ao registro da pesquisa, conforme expresso no art. 2º, §6º da Resolução 23.549/2017 do TSE."
"24/08/2022";"00:10:36";"2018";"5";"Eleições Gerais 2018";"RJ";"RJ";"RIO DE JANEIRO";"RJ032552018";"20/10/2018";"29842579000111";"REAL TIME BIG DATA GESTAO DE DADOS LTDA.";"REAL TIME BIG DATA";"Governador";"25/10/2018";"25/10/2018";"3000";"7655";"Augusto da Silva Rocha";"12000,00";"29842579000111";"REAL TIME BIG DATA GESTAO DE DADOS LTDA.";"#NULO#";"29842579000111";"REAL TIME BIG DATA GESTAO DE DADOS LTDA.";"Pesquisa quantitativa, que consiste na realização de entrevistas por telefone, com a aplicação de questionário estruturado junto a uma amostra, representativa do eleitorado em estudo.";"Universo: 12.406.396 eleitores. Amostra: 3000 entrevistas. O nível de confiança estimado é de 95% para uma margem de erro máxima estimada, considerando uma técnica de amostragem aleatória simples, de aproximadamente 2 pontos percentuais para mais ou para menos sobre os resultados obtidos. Divisão Censitária. Ponderação quanto ao sexo e faixa etária: Masculino de 16 a 24 anos (6,3%), Masculino de 25 a 34 anos (9,1%), Masculino de 35 a 44 anos (9,2%), Masculino de 45 a 59 anos (11,6%) e Masculino acima de 59 anos (10,0%). Feminino de 16 a 24 anos (6,6%), Feminino de 25 a 34 anos (9,7%), Feminino de 35 a 44 anos (10,3%), Feminino de 45 a 59 anos (13,6%) e Feminino acima de 59 anos (13,5%). Ponderação quanto ao nível de instrução: 29% de Analfabeto / Fundamental Incompleto, 16% de Lê e escreve / Fundamental Completo, 42% de Médio Incompleto / Médio Completo e 12% de Superior Incompleto / Superior Completo. Ponderação quanto ao nível de instrução: 29% de Analfabeto / Fundamental Incompleto, 16% de Lê e escreve / Fundamental Completo, 42% de Médio Incompleto / Médio Completo e 12% de Superior Incompleto / Superior Completo. Ponderação quanto a renda: Economicamente Ativo: 63%. Não Economicamente Ativo: 37% Está prevista eventual ponderação para correção das variáveis sexo, faixa etária e escolaridade, com base nos percentuais acima apresentados, caso ocorram diferenças superiores a 3,0 pontos percentuais entre o previsto na amostra e a coleta realizada. Para as variáveis: Nível Econômico e Renda Familiar Mensal, o fator de ponderação é igual a 1 (resultados obtidos no campo). Fonte de Dados: IBGE e TSE 2018.";"Checagem de 20% da amostra efetuada pelos supervisores. Todos os entrevistadores foram amplamente treinados e orientados tanto teoricamente quanto praticamente sobre suas responsabilidade e funções, respeitando as cotas pré-estabelecidas. A equipe está dividida em coordenadoria-geral / supervisores / entrevistadores.";"Em anexo."
"24/08/2022";"00:10:36";"2018";"5";"Eleições Gerais 2018";"RJ";"RJ";"RIO DE JANEIRO";"RJ033312018";"13/09/2018";"29842579000111";"REAL TIME BIG DATA GESTAO DE DADOS LTDA.";"REAL TIME BIG DATA";"Governador, Senador";"17/09/2018";"18/09/2018";"2000";"7655";"Augusto da Silva Rocha";"25000,00";"29842579000111";"REAL TIME BIG DATA GESTAO DE DADOS LTDA.";"#NULO#";"29842579000111";"REAL TIME BIG DATA GESTAO DE DADOS LTDA.";"Pesquisa quantitativa com a aplicação de questionário estruturado junto a uma amostra, representativa do eleitorado em estudo.";"O nível de confiança estimado é de 95% para uma margem de erro máxima estimada, considerando uma técnica de amostragem aleatória simples, de aproximadamente 2 pontos percentuais para mais ou para menos sobre os resultados obtidos. Divisão Censitária. Ponderação quanto ao sexo e faixa etária: Masculino de 16 a 24 anos (6,5%), Masculino de 25 a 34 anos (9,1%), Masculino de 35 a 44 anos (9,2%), Masculino de 45 a 59 anos (11,6%) e Masculino acima de 59 anos (9,9%). Feminino de 16 a 24 anos (6,9%), Feminino de 25 a 34 anos (9,7%), Feminino de 35 a 44 anos (10,3%), Feminino de 45 a 59 anos (13,5%) e Feminino acima de 59 anos (13,3%). Ponderação quanto ao nível de instrução: 28,8% de Analfabeto / Fundamental Incompleto, 16,5% de Lê e escreve / Fundamental Completo, 42,4% de Médio Incompleto / Médio Completo e 12,3% de Superior Incompleto / Superior Completo. Ponderação quanto a renda: Economicamente Ativo: 63%. Não Economicamente Ativo: 37% Está prevista eventual ponderação para correção das variáveis sexo, faixa etária e escolaridade, com base nos percentuais acima apresentados, caso ocorram diferenças superiores a 3,0 pontos percentuais entre o previsto na amostra e a coleta realizada. Para as variáveis: Nível Econômico e Renda Familiar Mensal, o fator de ponderação é igual a 1 (resultados obtidos no campo). Fonte de Dados: IBGE e TSE 2018.";"Checagem de cerca de 20% da amostra efetuada pelos supervisores. Todos os entrevistadores foram amplamente treinados e orientados tanto teoricamente quanto praticamente sobre suas responsabilidade e funções, respeitando as cotas pré-estabelecidas. A equipe está dividida em coordenadoria-geral /coordenadoria regional / supervisores / entrevistadores.";"Em anexo."
"24/08/2022";"00:10:36";"2018";"5";"Eleições Gerais 2018";"RJ";"RJ";"RIO DE JANEIRO";"RJ035492018";"16/08/2018";"07630546000175";"DATAFOLHA INSTITUTO DE PESQUISAS LTDA.";"#NULO#";"Governador, Senador";"20/08/2018";"21/08/2018";"1300";"72.49A";"Renata Nunes César";"130390,00";"27865757000102";"GLOBO COMUNICACAO E PARTICIPACOES S/A / GCP,TV GLOBO, REDE GLOBO, GLOBO.COM, SOM LIVRE";"Recursos Próprios";"07630546000175";"DATAFOLHA INSTITUTO DE PESQUISAS LTDA.";"Pesquisa do tipo quantitativo, por amostragem, com aplicação de questionário estruturado e abordagem pessoal em pontos de fluxo populacional. O conjunto do eleitorado do Estado do Rio de Janeiro com 16 anos ou mais foi tomado como universo da pesquisa.";"Universo: Eleitorado do Estado do Rio de Janeiro, com 16 anos ou mais. Tamanho da amostra: A amostra prevista é de 1300 entrevistas. Técnica de amostragem: A amostra é estratificada por natureza dos municípios (capital, região metropolitana ou interior). Em cada estrato, num primeiro estágio, são sorteados os municípios que farão parte do levantamento. Num segundo estágio, são sorteados os bairros e pontos de abordagem onde serão aplicadas as entrevistas.  Por fim, os entrevistados são selecionados aleatoriamente para responder ao questionário, de acordo com cotas de sexo e faixa etária. Nesta amostra, o estrato referente à capital foi desproporcionalizado para permitir detalhamento. Nos resultados finais, as corretas proporções serão restabelecidas através de ponderação. A amostra prevista é de 1300 questionários, sendo 640 na capital. Os dados utilizados para definição e seleção da amostra são baseados nos dados fornecidos pelo TSE ¿ Tribunal Superior Eleitoral (eleitorado de junho 2018) e IBGE (Estimativa 2017). Os dados relativos a sexo e faixa etária são: Sexo masculino 46%, feminino: 54%, 16 a 24 anos 14%, 25 a 34 anos 19%, 35 a 44 anos 19%, 45 a 59 anos 25% e 60 anos ou mais 23%. Ponderação dos resultados: No processamento dos dados é realizada ponderação referente à proporção de cada cidade na amostra para correta representação das regiões. Está prevista a eventual ponderação para correção nos tamanhos dos segmentos considerando as variáveis sexo e faixa etária. Para as variáveis grau de instrução e nível econômico do entrevistado (renda familiar mensal), o fator previsto para ponderação é 1 (resultados obtidos em campo).   Área física: Serão realizadas entrevistas em 34 municípios, localizados no Estado do Rio de Janeiro. A relação completa dos municípios e bairros pesquisados será encaminhada a esse tribunal posteriormente até o sétimo dia seguinte à data de registro da pesquisa, conforme a Resolução 23.549/2017 do TSE, no art.2º §6º. Margem de Erro: A margem de erro máxima prevista é de 3 pontos percentuais para mais ou para menos, considerando um nível de confiança de 95%. Os intervalos de confiança serão calculados considerando os resultados obtidos para um nível de confiança de 95%.  ";"Os pesquisadores envolvidos na realização desta pesquisa são treinados pelo Instituto e recebem instruções específicas para cada projeto realizado. A coleta será feita com a utilização de tablet e questionário eletrônico. São checados, no mínimo, 30% dos questionários de cada pesquisador, seja in loco por supervisores de campo ou, posteriormente, por telefone. Internamente, todo o material é verificado e codificado. Antes do processamento final e emissão dos resultados, realiza-se processo de consistência dos dados.";"#NULO#"
"24/08/2022";"00:10:36";"2018";"5";"Eleições Gerais 2018";"RJ";"RJ";"RIO DE JANEIRO";"RJ035492018";"16/08/2018";"07630546000175";"DATAFOLHA INSTITUTO DE PESQUISAS LTDA.";"#NULO#";"Governador, Senador";"20/08/2018";"21/08/2018";"1300";"72.49A";"Renata Nunes César";"130390,00";"60579703000148";"EMPRESA FOLHA DA MANHA S.A.";"Recursos Próprios";"07630546000175";"DATAFOLHA INSTITUTO DE PESQUISAS LTDA.";"Pesquisa do tipo quantitativo, por amostragem, com aplicação de questionário estruturado e abordagem pessoal em pontos de fluxo populacional. O conjunto do eleitorado do Estado do Rio de Janeiro com 16 anos ou mais foi tomado como universo da pesquisa.";"Universo: Eleitorado do Estado do Rio de Janeiro, com 16 anos ou mais. Tamanho da amostra: A amostra prevista é de 1300 entrevistas. Técnica de amostragem: A amostra é estratificada por natureza dos municípios (capital, região metropolitana ou interior). Em cada estrato, num primeiro estágio, são sorteados os municípios que farão parte do levantamento. Num segundo estágio, são sorteados os bairros e pontos de abordagem onde serão aplicadas as entrevistas.  Por fim, os entrevistados são selecionados aleatoriamente para responder ao questionário, de acordo com cotas de sexo e faixa etária. Nesta amostra, o estrato referente à capital foi desproporcionalizado para permitir detalhamento. Nos resultados finais, as corretas proporções serão restabelecidas através de ponderação. A amostra prevista é de 1300 questionários, sendo 640 na capital. Os dados utilizados para definição e seleção da amostra são baseados nos dados fornecidos pelo TSE ¿ Tribunal Superior Eleitoral (eleitorado de junho 2018) e IBGE (Estimativa 2017). Os dados relativos a sexo e faixa etária são: Sexo masculino 46%, feminino: 54%, 16 a 24 anos 14%, 25 a 34 anos 19%, 35 a 44 anos 19%, 45 a 59 anos 25% e 60 anos ou mais 23%. Ponderação dos resultados: No processamento dos dados é realizada ponderação referente à proporção de cada cidade na amostra para correta representação das regiões. Está prevista a eventual ponderação para correção nos tamanhos dos segmentos considerando as variáveis sexo e faixa etária. Para as variáveis grau de instrução e nível econômico do entrevistado (renda familiar mensal), o fator previsto para ponderação é 1 (resultados obtidos em campo).   Área física: Serão realizadas entrevistas em 34 municípios, localizados no Estado do Rio de Janeiro. A relação completa dos municípios e bairros pesquisados será encaminhada a esse tribunal posteriormente até o sétimo dia seguinte à data de registro da pesquisa, conforme a Resolução 23.549/2017 do TSE, no art.2º §6º. Margem de Erro: A margem de erro máxima prevista é de 3 pontos percentuais para mais ou para menos, considerando um nível de confiança de 95%. Os intervalos de confiança serão calculados considerando os resultados obtidos para um nível de confiança de 95%.  ";"Os pesquisadores envolvidos na realização desta pesquisa são treinados pelo Instituto e recebem instruções específicas para cada projeto realizado. A coleta será feita com a utilização de tablet e questionário eletrônico. São checados, no mínimo, 30% dos questionários de cada pesquisador, seja in loco por supervisores de campo ou, posteriormente, por telefone. Internamente, todo o material é verificado e codificado. Antes do processamento final e emissão dos resultados, realiza-se processo de consistência dos dados.";"#NULO#"
"24/08/2022";"00:10:36";"2018";"5";"Eleições Gerais 2018";"RJ";"RJ";"RIO DE JANEIRO";"RJ036402018";"17/10/2018";"29842579000111";"REAL TIME BIG DATA GESTAO DE DADOS LTDA.";"REAL TIME BIG DATA";"Governador";"22/10/2018";"22/10/2018";"3000";"7655";"Augusto da Silva Rocha";"12000,00";"29842579000111";"REAL TIME BIG DATA GESTAO DE DADOS LTDA.";"#NULO#";"29842579000111";"REAL TIME BIG DATA GESTAO DE DADOS LTDA.";"Pesquisa quantitativa, que consiste na realização de entrevistas por telefone, com a aplicação de questionário estruturado junto a uma amostra, representativa do eleitorado em estudo.";"Universo: 12.406.396 eleitores. Amostra: 3000 entrevistas. O nível de confiança estimado é de 95% para uma margem de erro máxima estimada, considerando uma técnica de amostragem aleatória simples, de aproximadamente 2 pontos percentuais para mais ou para menos sobre os resultados obtidos. Divisão Censitária. Ponderação quanto ao sexo e faixa etária: Masculino de 16 a 24 anos (6,3%), Masculino de 25 a 34 anos (9,1%), Masculino de 35 a 44 anos (9,2%), Masculino de 45 a 59 anos (11,6%) e Masculino acima de 59 anos (10,0%). Feminino de 16 a 24 anos (6,6%), Feminino de 25 a 34 anos (9,7%), Feminino de 35 a 44 anos (10,3%), Feminino de 45 a 59 anos (13,6%) e Feminino acima de 59 anos (13,5%). Ponderação quanto ao nível de instrução: 29% de Analfabeto / Fundamental Incompleto, 16% de Lê e escreve / Fundamental Completo, 42% de Médio Incompleto / Médio Completo e 12% de Superior Incompleto / Superior Completo. Ponderação quanto ao nível de instrução: 29% de Analfabeto / Fundamental Incompleto, 16% de Lê e escreve / Fundamental Completo, 42% de Médio Incompleto / Médio Completo e 12% de Superior Incompleto / Superior Completo. Ponderação quanto a renda: Economicamente Ativo: 63%. Não Economicamente Ativo: 37% Está prevista eventual ponderação para correção das variáveis sexo, faixa etária e escolaridade, com base nos percentuais acima apresentados, caso ocorram diferenças superiores a 3,0 pontos percentuais entre o previsto na amostra e a coleta realizada. Para as variáveis: Nível Econômico e Renda Familiar Mensal, o fator de ponderação é igual a 1 (resultados obtidos no campo). Fonte de Dados: IBGE e TSE 2018.";"Checagem de 20% da amostra efetuada pelos supervisores. Todos os entrevistadores foram amplamente treinados e orientados tanto teoricamente quanto praticamente sobre suas responsabilidade e funções, respeitando as cotas pré-estabelecidas. A equipe está dividida em coordenadoria-geral / supervisores / entrevistadores.";"Em anexo."
"24/08/2022";"00:10:36";"2018";"5";"Eleições Gerais 2018";"RJ";"RJ";"RIO DE JANEIRO";"RJ037852018";"19/10/2018";"07630546000175";"DATAFOLHA INSTITUTO DE PESQUISAS LTDA.";"#NULO#";"Governador";"24/10/2018";"25/10/2018";"1484";"72.49A";"Renata Nunes César";"140420,00";"27865757000102";"GLOBO COMUNICACAO E PARTICIPACOES S/A / GCP,TV GLOBO, REDE GLOBO, GLOBO.COM, SOM LIVRE";"Recursos Próprios";"07630546000175";"DATAFOLHA INSTITUTO DE PESQUISAS LTDA.";"Pesquisa do tipo quantitativo, por amostragem, com aplicação de questionário estruturado e abordagem pessoal em pontos de fluxo populacional. O conjunto do eleitorado do Estado do Rio de Janeiro com 16 anos ou mais foi tomado como universo da pesquisa.";"Universo: Eleitorado do Estado do Rio de Janeiro, com 16 anos ou mais. Tamanho da amostra: A amostra prevista é de 1.484 entrevistas. Técnica de amostragem: A amostra é estratificada por natureza dos municípios (capital, região metropolitana ou interior). Em cada estrato, num primeiro estágio, são sorteados os municípios que farão parte do levantamento. Num segundo estágio, são sorteados os bairros e pontos de abordagem onde serão aplicadas as entrevistas.  Por fim, os entrevistados são selecionados aleatoriamente para responder ao questionário, de acordo com cotas de sexo e faixa etária. Nesta amostra, o estrato referente à capital foi desproporcionalizado para permitir detalhamento. Nos resultados finais, as corretas proporções serão restabelecidas através de ponderação. A amostra prevista é de 1.484 questionários, sendo 644 na capital. Os dados utilizados para definição e seleção da amostra são baseados nos dados fornecidos pelo TSE ¿ Tribunal Superior Eleitoral (eleitorado de agosto 2018) e IBGE (Estimativa 2018). Os dados relativos a sexo e faixa etária são: Sexo masculino 46%, feminino: 54%, 16 a 24 anos 13%, 25 a 34 anos 19%, 35 a 44 anos 19%, 45 a 59 anos 25% e 60 anos ou mais 24%. Ponderação dos resultados: No processamento dos dados é realizada ponderação referente à proporção de cada cidade na amostra para correta representação das regiões. Está prevista a eventual ponderação para correção nos tamanhos dos segmentos considerando as variáveis sexo e faixa etária. Para as variáveis grau de instrução e nível econômico do entrevistado (renda familiar mensal), o fator previsto para ponderação é 1 (resultados obtidos em campo).   Área física: Serão realizadas entrevistas em 42 municípios, localizados no Estado do Rio de Janeiro. A relação completa dos municípios e bairros pesquisados será encaminhada a esse tribunal posteriormente até o sétimo dia seguinte à data de registro da pesquisa, conforme a Resolução 23.549/2017 do TSE, no art.2º §6º. Margem de Erro: A margem de erro máxima prevista é de 3 pontos percentuais para mais ou para menos, considerando um nível de confiança de 95%. Os intervalos de confiança serão calculados considerando os resultados obtidos para um nível de confiança de 95%.  ";"Os pesquisadores envolvidos na realização desta pesquisa são treinados pelo Instituto e recebem instruções específicas para cada projeto realizado. A coleta será feita com a utilização de tablet e questionário eletrônico. São checados, no mínimo, 30% dos questionários de cada pesquisador, seja in loco por supervisores de campo ou, posteriormente, por telefone. Internamente, todo o material é verificado e codificado. Antes do processamento final e emissão dos resultados, realiza-se processo de consistência dos dados.";"#NULO#"
"24/08/2022";"00:10:36";"2018";"5";"Eleições Gerais 2018";"RJ";"RJ";"RIO DE JANEIRO";"RJ037852018";"19/10/2018";"07630546000175";"DATAFOLHA INSTITUTO DE PESQUISAS LTDA.";"#NULO#";"Governador";"24/10/2018";"25/10/2018";"1484";"72.49A";"Renata Nunes César";"140420,00";"60579703000148";"EMPRESA FOLHA DA MANHA S.A.";"Recursos Próprios";"07630546000175";"DATAFOLHA INSTITUTO DE PESQUISAS LTDA.";"Pesquisa do tipo quantitativo, por amostragem, com aplicação de questionário estruturado e abordagem pessoal em pontos de fluxo populacional. O conjunto do eleitorado do Estado do Rio de Janeiro com 16 anos ou mais foi tomado como universo da pesquisa.";"Universo: Eleitorado do Estado do Rio de Janeiro, com 16 anos ou mais. Tamanho da amostra: A amostra prevista é de 1.484 entrevistas. Técnica de amostragem: A amostra é estratificada por natureza dos municípios (capital, região metropolitana ou interior). Em cada estrato, num primeiro estágio, são sorteados os municípios que farão parte do levantamento. Num segundo estágio, são sorteados os bairros e pontos de abordagem onde serão aplicadas as entrevistas.  Por fim, os entrevistados são selecionados aleatoriamente para responder ao questionário, de acordo com cotas de sexo e faixa etária. Nesta amostra, o estrato referente à capital foi desproporcionalizado para permitir detalhamento. Nos resultados finais, as corretas proporções serão restabelecidas através de ponderação. A amostra prevista é de 1.484 questionários, sendo 644 na capital. Os dados utilizados para definição e seleção da amostra são baseados nos dados fornecidos pelo TSE ¿ Tribunal Superior Eleitoral (eleitorado de agosto 2018) e IBGE (Estimativa 2018). Os dados relativos a sexo e faixa etária são: Sexo masculino 46%, feminino: 54%, 16 a 24 anos 13%, 25 a 34 anos 19%, 35 a 44 anos 19%, 45 a 59 anos 25% e 60 anos ou mais 24%. Ponderação dos resultados: No processamento dos dados é realizada ponderação referente à proporção de cada cidade na amostra para correta representação das regiões. Está prevista a eventual ponderação para correção nos tamanhos dos segmentos considerando as variáveis sexo e faixa etária. Para as variáveis grau de instrução e nível econômico do entrevistado (renda familiar mensal), o fator previsto para ponderação é 1 (resultados obtidos em campo).   Área física: Serão realizadas entrevistas em 42 municípios, localizados no Estado do Rio de Janeiro. A relação completa dos municípios e bairros pesquisados será encaminhada a esse tribunal posteriormente até o sétimo dia seguinte à data de registro da pesquisa, conforme a Resolução 23.549/2017 do TSE, no art.2º §6º. Margem de Erro: A margem de erro máxima prevista é de 3 pontos percentuais para mais ou para menos, considerando um nível de confiança de 95%. Os intervalos de confiança serão calculados considerando os resultados obtidos para um nível de confiança de 95%.  ";"Os pesquisadores envolvidos na realização desta pesquisa são treinados pelo Instituto e recebem instruções específicas para cada projeto realizado. A coleta será feita com a utilização de tablet e questionário eletrônico. São checados, no mínimo, 30% dos questionários de cada pesquisador, seja in loco por supervisores de campo ou, posteriormente, por telefone. Internamente, todo o material é verificado e codificado. Antes do processamento final e emissão dos resultados, realiza-se processo de consistência dos dados.";"#NULO#"
"24/08/2022";"00:10:36";"2018";"5";"Eleições Gerais 2018";"RJ";"RJ";"RIO DE JANEIRO";"RJ038062018";"29/09/2018";"07630546000175";"DATAFOLHA INSTITUTO DE PESQUISAS LTDA.";"#NULO#";"Governador, Senador";"05/10/2018";"06/10/2018";"2574";"72.49A";"Renata Nunes César";"200600,00";"27865757000102";"GLOBO COMUNICACAO E PARTICIPACOES S/A / GCP,TV GLOBO, REDE GLOBO, GLOBO.COM, SOM LIVRE";"Recursos Próprios";"07630546000175";"DATAFOLHA INSTITUTO DE PESQUISAS LTDA.";"Pesquisa do tipo quantitativo, por amostragem, com aplicação de questionário estruturado e abordagem pessoal em pontos de fluxo populacional. O conjunto do eleitorado do Estado do Rio de Janeiro com 16 anos ou mais foi tomado como universo da pesquisa";"Universo: Eleitorado do Estado do Rio de Janeiro, com 16 anos ou mais. Tamanho da amostra: A amostra prevista é de 2.574 entrevistas. Técnica de amostragem: A amostra é estratificada por natureza dos municípios (capital, região metropolitana ou interior). Em cada estrato, num primeiro estágio, são sorteados os municípios que farão parte do levantamento. Num segundo estágio, são sorteados os bairros e pontos de abordagem onde serão aplicadas as entrevistas.  Por fim, os entrevistados são selecionados aleatoriamente para responder ao questionário, de acordo com cotas de sexo e faixa etária. Nesta amostra, o estrato referente à capital foi desproporcionalizado para permitir detalhamento. Nos resultados finais, as corretas proporções serão restabelecidas através de ponderação. A amostra prevista é de 2.574 questionários, sendo 1.040 na capital. Os dados utilizados para definição e seleção da amostra são baseados nos dados fornecidos pelo TSE ¿ Tribunal Superior Eleitoral (eleitorado de agosto 2018) e IBGE (Estimativa 2018). Os dados relativos a sexo e faixa etária são: Sexo masculino 46%, feminino: 54%, 16 a 24 anos 13%, 25 a 34 anos 19%, 35 a 44 anos 19%, 45 a 59 anos 25% e 60 anos ou mais 24%. Ponderação dos resultados: No processamento dos dados é realizada ponderação referente à proporção de cada cidade na amostra para correta representação das regiões. Está prevista a eventual ponderação para correção nos tamanhos dos segmentos considerando as variáveis sexo e faixa etária. Para as variáveis grau de instrução e nível econômico do entrevistado (renda familiar mensal), o fator previsto para ponderação é 1 (resultados obtidos em campo).   Área física: Serão realizadas entrevistas em 42 municípios, localizados no Estado do Rio de Janeiro. A relação completa dos municípios e bairros pesquisados será encaminhada a esse tribunal posteriormente até o sétimo dia seguinte à data de registro da pesquisa, conforme a Resolução 23.549/2017 do TSE, no art.2º §6º. Margem de Erro: A margem de erro máxima prevista é de 2 pontos percentuais para mais ou para menos, considerando um nível de confiança de 95%. Os intervalos de confiança serão calculados considerando os resultados obtidos para um nível de confiança de 95%.  ";"Os pesquisadores envolvidos na realização desta pesquisa são treinados pelo Instituto e recebem instruções específicas para cada projeto realizado. A coleta será feita com a utilização de tablet e questionário eletrônico. São checados, no mínimo, 30% dos questionários de cada pesquisador, seja in loco por supervisores de campo ou, posteriormente, por telefone. Internamente, todo o material é verificado e codificado. Antes do processamento final e emissão dos resultados, realiza-se processo de consistência dos dados.";"#NULO#"
"24/08/2022";"00:10:36";"2018";"5";"Eleições Gerais 2018";"RJ";"RJ";"RIO DE JANEIRO";"RJ038062018";"29/09/2018";"07630546000175";"DATAFOLHA INSTITUTO DE PESQUISAS LTDA.";"#NULO#";"Governador, Senador";"05/10/2018";"06/10/2018";"2574";"72.49A";"Renata Nunes César";"200600,00";"60579703000148";"EMPRESA FOLHA DA MANHA S.A.";"Recursos Próprios";"07630546000175";"DATAFOLHA INSTITUTO DE PESQUISAS LTDA.";"Pesquisa do tipo quantitativo, por amostragem, com aplicação de questionário estruturado e abordagem pessoal em pontos de fluxo populacional. O conjunto do eleitorado do Estado do Rio de Janeiro com 16 anos ou mais foi tomado como universo da pesquisa";"Universo: Eleitorado do Estado do Rio de Janeiro, com 16 anos ou mais. Tamanho da amostra: A amostra prevista é de 2.574 entrevistas. Técnica de amostragem: A amostra é estratificada por natureza dos municípios (capital, região metropolitana ou interior). Em cada estrato, num primeiro estágio, são sorteados os municípios que farão parte do levantamento. Num segundo estágio, são sorteados os bairros e pontos de abordagem onde serão aplicadas as entrevistas.  Por fim, os entrevistados são selecionados aleatoriamente para responder ao questionário, de acordo com cotas de sexo e faixa etária. Nesta amostra, o estrato referente à capital foi desproporcionalizado para permitir detalhamento. Nos resultados finais, as corretas proporções serão restabelecidas através de ponderação. A amostra prevista é de 2.574 questionários, sendo 1.040 na capital. Os dados utilizados para definição e seleção da amostra são baseados nos dados fornecidos pelo TSE ¿ Tribunal Superior Eleitoral (eleitorado de agosto 2018) e IBGE (Estimativa 2018). Os dados relativos a sexo e faixa etária são: Sexo masculino 46%, feminino: 54%, 16 a 24 anos 13%, 25 a 34 anos 19%, 35 a 44 anos 19%, 45 a 59 anos 25% e 60 anos ou mais 24%. Ponderação dos resultados: No processamento dos dados é realizada ponderação referente à proporção de cada cidade na amostra para correta representação das regiões. Está prevista a eventual ponderação para correção nos tamanhos dos segmentos considerando as variáveis sexo e faixa etária. Para as variáveis grau de instrução e nível econômico do entrevistado (renda familiar mensal), o fator previsto para ponderação é 1 (resultados obtidos em campo).   Área física: Serão realizadas entrevistas em 42 municípios, localizados no Estado do Rio de Janeiro. A relação completa dos municípios e bairros pesquisados será encaminhada a esse tribunal posteriormente até o sétimo dia seguinte à data de registro da pesquisa, conforme a Resolução 23.549/2017 do TSE, no art.2º §6º. Margem de Erro: A margem de erro máxima prevista é de 2 pontos percentuais para mais ou para menos, considerando um nível de confiança de 95%. Os intervalos de confiança serão calculados considerando os resultados obtidos para um nível de confiança de 95%.  ";"Os pesquisadores envolvidos na realização desta pesquisa são treinados pelo Instituto e recebem instruções específicas para cada projeto realizado. A coleta será feita com a utilização de tablet e questionário eletrônico. São checados, no mínimo, 30% dos questionários de cada pesquisador, seja in loco por supervisores de campo ou, posteriormente, por telefone. Internamente, todo o material é verificado e codificado. Antes do processamento final e emissão dos resultados, realiza-se processo de consistência dos dados.";"#NULO#"
"24/08/2022";"00:10:36";"2018";"5";"Eleições Gerais 2018";"RJ";"RJ";"RIO DE JANEIRO";"RJ040212018";"11/10/2018";"68802370000186";"IBOPE INTELIGENCIA PESQUISA E CONSULTORIA LTDA";"#NULO#";"Governador";"11/10/2018";"17/10/2018";"1512";"6208-A";"Márcia Cavallari Nunes";"106886,90";"04067191000240";"EDITORA GLOBO S/A / EDITORA GLOBO";"Recursos Próprios";"68802370000186";"IBOPE INTELIGENCIA PESQUISA E CONSULTORIA LTDA";"Pesquisa quantitativa, que consiste na realização de entrevistas pessoais, com a aplicação de questionário estruturado junto a uma amostra representativa do eleitorado em estudo. Pesquisa realizada no estado do Rio de Janeiro.";"Representativo do eleitorado da área em estudo, elaborada em três estágios. No primeiro estágio faz-se um sorteio probabilístico dos municípios, onde as entrevistas serão realizadas, pelo método PPT (Probabilidade Proporcional ao Tamanho), tomando o eleitorado como base para tal seleção. No segundo estágio faz-se um sorteio probabilístico dos setores censitários, onde as entrevistas serão realizadas, pelo método PPT (Probabilidade Proporcional ao Tamanho), tomando a população de 16 anos ou mais residente nos setores como base para tal seleção. No terceiro e último estágio, dentro dos setores sorteados, os respondentes são selecionados através de quotas amostrais proporcionais em função de variáveis significativas, a saber: IDADE: 16-24 (masculino) 16% (feminino) 14%. 25-34 (masculino) 21% (feminino) 19%. 35-44 (masculino) 20% (feminino) 21%. 45-54 (masculino) 19% (feminino) 19%. 55 e+ (masculino) 24% (feminino) 28%. INSTRUÇÃO: Até Ensino Médio (masculino) 77% (feminino) 75%. Ensino Superior (masculino) 23% (feminino) 25%. NÍVEL ECONÔMICO: Economicamente ativo (masculino) 70% (feminino) 49%. Não Economicamente ativo (masculino) 30% (feminino) 51%. Está prevista eventual ponderação para correção das variáveis sexo e idade, com base nos percentuais anteriormente mencionados, caso ocorram diferenças superiores a 3 pontos percentuais entre o previsto na amostra e a coleta de dados realizada. Para as variáveis de grau de instrução e nível econômico do entrevistado, o fator previsto para ponderação é 1 (resultados obtidos em campo). O nível de confiança estimado é de 95% e a margem de erro máxima estimada considerando um modelo de amostragem aleatório simples, é de 03 (três) pontos percentuais para mais ou para menos sobre os resultados encontrados no total da amostra. FONTE DOS DADOS: Censo 2010 | PNADC 2016 | TSE 2018.";"Para a realização da pesquisa, utiliza-se uma equipe de entrevistadores e supervisores contratados pelo IBOPE INTELIGÊNCIA PESQUISA E CONSULTORIA LTDA. devidamente treinados para o trabalho. Após os trabalhos de campo, os questionários são submetidos a uma fiscalização de cerca de 20% (vinte por cento) dos questionários aplicados pelos entrevistadores. para verificação das respostas e da adequação dos entrevistados aos parâmetros amostrais.";"A área de abrangência da coleta é o estado do Rio de Janeiro. A relação das localidades selecionadas para aplicação da amostra será apresentada até o 7º dia seguinte ao registro da pesquisa, conforme expresso no art. 2º, §6º da Resolução 23.549/2017 do TSE."
"24/08/2022";"00:10:36";"2018";"5";"Eleições Gerais 2018";"RJ";"RJ";"RIO DE JANEIRO";"RJ040212018";"11/10/2018";"68802370000186";"IBOPE INTELIGENCIA PESQUISA E CONSULTORIA LTDA";"#NULO#";"Governador";"11/10/2018";"17/10/2018";"1512";"6208-A";"Márcia Cavallari Nunes";"106886,90";"27865757000102";"GLOBO COMUNICACAO E PARTICIPACOES S/A / GCP,TV GLOBO, REDE GLOBO, GLOBO.COM, SOM LIVRE";"Recursos Próprios";"68802370000186";"IBOPE INTELIGENCIA PESQUISA E CONSULTORIA LTDA";"Pesquisa quantitativa, que consiste na realização de entrevistas pessoais, com a aplicação de questionário estruturado junto a uma amostra representativa do eleitorado em estudo. Pesquisa realizada no estado do Rio de Janeiro.";"Representativo do eleitorado da área em estudo, elaborada em três estágios. No primeiro estágio faz-se um sorteio probabilístico dos municípios, onde as entrevistas serão realizadas, pelo método PPT (Probabilidade Proporcional ao Tamanho), tomando o eleitorado como base para tal seleção. No segundo estágio faz-se um sorteio probabilístico dos setores censitários, onde as entrevistas serão realizadas, pelo método PPT (Probabilidade Proporcional ao Tamanho), tomando a população de 16 anos ou mais residente nos setores como base para tal seleção. No terceiro e último estágio, dentro dos setores sorteados, os respondentes são selecionados através de quotas amostrais proporcionais em função de variáveis significativas, a saber: IDADE: 16-24 (masculino) 16% (feminino) 14%. 25-34 (masculino) 21% (feminino) 19%. 35-44 (masculino) 20% (feminino) 21%. 45-54 (masculino) 19% (feminino) 19%. 55 e+ (masculino) 24% (feminino) 28%. INSTRUÇÃO: Até Ensino Médio (masculino) 77% (feminino) 75%. Ensino Superior (masculino) 23% (feminino) 25%. NÍVEL ECONÔMICO: Economicamente ativo (masculino) 70% (feminino) 49%. Não Economicamente ativo (masculino) 30% (feminino) 51%. Está prevista eventual ponderação para correção das variáveis sexo e idade, com base nos percentuais anteriormente mencionados, caso ocorram diferenças superiores a 3 pontos percentuais entre o previsto na amostra e a coleta de dados realizada. Para as variáveis de grau de instrução e nível econômico do entrevistado, o fator previsto para ponderação é 1 (resultados obtidos em campo). O nível de confiança estimado é de 95% e a margem de erro máxima estimada considerando um modelo de amostragem aleatório simples, é de 03 (três) pontos percentuais para mais ou para menos sobre os resultados encontrados no total da amostra. FONTE DOS DADOS: Censo 2010 | PNADC 2016 | TSE 2018.";"Para a realização da pesquisa, utiliza-se uma equipe de entrevistadores e supervisores contratados pelo IBOPE INTELIGÊNCIA PESQUISA E CONSULTORIA LTDA. devidamente treinados para o trabalho. Após os trabalhos de campo, os questionários são submetidos a uma fiscalização de cerca de 20% (vinte por cento) dos questionários aplicados pelos entrevistadores. para verificação das respostas e da adequação dos entrevistados aos parâmetros amostrais.";"A área de abrangência da coleta é o estado do Rio de Janeiro. A relação das localidades selecionadas para aplicação da amostra será apresentada até o 7º dia seguinte ao registro da pesquisa, conforme expresso no art. 2º, §6º da Resolução 23.549/2017 do TSE."
"24/08/2022";"00:10:36";"2018";"5";"Eleições Gerais 2018";"RJ";"RJ";"RIO DE JANEIRO";"RJ042042018";"01/10/2018";"68802370000186";"IBOPE INTELIGENCIA PESQUISA E CONSULTORIA LTDA";"#NULO#";"Governador, Senador";"01/10/2018";"07/10/2018";"2600";"6208-A";"Márcia Cavallari Nunes";"152859,04";"68802370000186";"IBOPE INTELIGENCIA PESQUISA E CONSULTORIA LTDA";"#NULO#";"68802370000186";"IBOPE INTELIGENCIA PESQUISA E CONSULTORIA LTDA";"Pesquisa quantitativa, que consiste na realização de entrevistas pessoais, com a aplicação de questionário estruturado junto a uma amostra representativa do eleitorado em estudo.Pesquisa realizada no estado de Rio de Janeiro.";"Representativa dos votantes da área em estudo, elaborada em três estágios. No primeiro estágio fez-se um sorteio probabilístico dos municípios pesquisados, pelo método PPT (Probabilidade Proporcional ao Tamanho), com base na população de votantes (TSE 2018, excluindo abstenção 1º turno 2010 e 2014) de cada município.  Em um segundo estágio, dentro dos municípios sorteados foram selecionados, também pelo método PPT, os locais de votação com base no número de votantes de cada local de votação. No terceiro estágio, dentro dos locais de votação sorteados, os respondentes foram selecionados através de quotas amostrais, proporcionais em função de variáveis significativas, a saber: Sexo, Idade, de acordo com o perfil dos votantes. Devido à metodologia amostral adotada, a pesquisa é auto-ponderada, ou seja, as proporções do universo pesquisado estão previstas na amostra, não sendo necessário qualquer tipo de ponderação quanto à sexo, idade, grau de instrução e nível econômico.    O intervalo de confiança estimado é de 99% e a margem de erro máxima estimada considerando um modelo de amostragem aleatório simples, é de 03 (três) pontos percentuais para mais ou para menos sobre os resultados encontrados no total da amostra.    ";"Para a realização da pesquisa, utiliza-se uma equipe de entrevistadores e supervisores contratados pelo IBOPE INTELIGÊNCIA PESQUISA E CONSULTORIA LTDA. devidamente treinados para o trabalho. Após os trabalhos de campo, os questionários são submetidos a uma fiscalização de cerca de 20% (vinte por cento) dos questionários aplicados pelos entrevistadores para verificação das respostas e da adequação dos entrevistados aos parâmetros amostrais.";"A área de abrangência da coleta é o estado do Rio de Janeiro. A relação das localidades selecionadas para aplicação da amostra será apresentada até o 7º dia seguinte ao registro da pesquisa, conforme expresso no art. 2º, §6º da Resolução 23.549/2017 do TSE."
"24/08/2022";"00:10:36";"2018";"5";"Eleições Gerais 2018";"RJ";"RJ";"RIO DE JANEIRO";"RJ042582018";"14/09/2018";"07630546000175";"DATAFOLHA INSTITUTO DE PESQUISAS LTDA.";"#NULO#";"Governador, Senador";"18/09/2018";"19/09/2018";"1358";"72.49A";"Renata Nunes César";"130390,00";"27865757000102";"GLOBO COMUNICACAO E PARTICIPACOES S/A / GCP,TV GLOBO, REDE GLOBO, GLOBO.COM, SOM LIVRE";"Recursos Próprios";"07630546000175";"DATAFOLHA INSTITUTO DE PESQUISAS LTDA.";"Pesquisa do tipo quantitativo, por amostragem, com aplicação de questionário estruturado e abordagem pessoal em pontos de fluxo populacional. O conjunto do eleitorado do Estado do Rio de Janeiro com 16 anos ou mais foi tomado como universo da pesquisa.";"Universo: Eleitorado do Estado do Rio de Janeiro, com 16 anos ou mais. Tamanho da amostra: A amostra prevista é de 1358 entrevistas. Técnica de amostragem: A amostra é estratificada por natureza dos municípios (capital, região metropolitana ou interior). Em cada estrato, num primeiro estágio, são sorteados os municípios que farão parte do levantamento. Num segundo estágio, são sorteados os bairros e pontos de abordagem onde serão aplicadas as entrevistas.  Por fim, os entrevistados são selecionados aleatoriamente para responder ao questionário, de acordo com cotas de sexo e faixa etária. Nesta amostra, o estrato referente à capital foi desproporcionalizado para permitir detalhamento. Nos resultados finais, as corretas proporções serão restabelecidas através de ponderação. A amostra prevista é de 1358 questionários, sendo 644 na capital. Os dados utilizados para definição e seleção da amostra são baseados nos dados fornecidos pelo TSE ¿ Tribunal Superior Eleitoral (eleitorado de agosto 2018) e IBGE (Estimativa 2018). Os dados relativos a sexo e faixa etária são: Sexo masculino 46%, feminino: 54%, 16 a 24 anos 13%, 25 a 34 anos 19%, 35 a 44 anos 19%, 45 a 59 anos 25% e 60 anos ou mais 24%. Ponderação dos resultados: No processamento dos dados é realizada ponderação referente à proporção de cada cidade na amostra para correta representação das regiões. Está prevista a eventual ponderação para correção nos tamanhos dos segmentos considerando as variáveis sexo e faixa etária. Para as variáveis grau de instrução e nível econômico do entrevistado (renda familiar mensal), o fator previsto para ponderação é 1 (resultados obtidos em campo).   Área física: Serão realizadas entrevistas em 35 municípios, localizados no Estado do Rio de Janeiro. A relação completa dos municípios e bairros pesquisados será encaminhada a esse tribunal posteriormente até o sétimo dia seguinte à data de registro da pesquisa, conforme a Resolução 23.549/2017 do TSE, no art.2º §6º. Margem de Erro: A margem de erro máxima prevista é de 3 pontos percentuais para mais ou para menos, considerando um nível de confiança de 95%. Os intervalos de confiança serão calculados considerando os resultados obtidos para um nível de confiança de 95%.  ";"Os pesquisadores envolvidos na realização desta pesquisa são treinados pelo Instituto e recebem instruções específicas para cada projeto realizado. A coleta será feita com a utilização de tablet e questionário eletrônico. São checados, no mínimo, 30% dos questionários de cada pesquisador, seja in loco por supervisores de campo ou, posteriormente, por telefone. Internamente, todo o material é verificado e codificado. Antes do processamento final e emissão dos resultados, realiza-se processo de consistência dos dados.";"#NULO#"
"24/08/2022";"00:10:36";"2018";"5";"Eleições Gerais 2018";"RJ";"RJ";"RIO DE JANEIRO";"RJ042582018";"14/09/2018";"07630546000175";"DATAFOLHA INSTITUTO DE PESQUISAS LTDA.";"#NULO#";"Governador, Senador";"18/09/2018";"19/09/2018";"1358";"72.49A";"Renata Nunes César";"130390,00";"60579703000148";"EMPRESA FOLHA DA MANHA S.A.";"Recursos Próprios";"07630546000175";"DATAFOLHA INSTITUTO DE PESQUISAS LTDA.";"Pesquisa do tipo quantitativo, por amostragem, com aplicação de questionário estruturado e abordagem pessoal em pontos de fluxo populacional. O conjunto do eleitorado do Estado do Rio de Janeiro com 16 anos ou mais foi tomado como universo da pesquisa.";"Universo: Eleitorado do Estado do Rio de Janeiro, com 16 anos ou mais. Tamanho da amostra: A amostra prevista é de 1358 entrevistas. Técnica de amostragem: A amostra é estratificada por natureza dos municípios (capital, região metropolitana ou interior). Em cada estrato, num primeiro estágio, são sorteados os municípios que farão parte do levantamento. Num segundo estágio, são sorteados os bairros e pontos de abordagem onde serão aplicadas as entrevistas.  Por fim, os entrevistados são selecionados aleatoriamente para responder ao questionário, de acordo com cotas de sexo e faixa etária. Nesta amostra, o estrato referente à capital foi desproporcionalizado para permitir detalhamento. Nos resultados finais, as corretas proporções serão restabelecidas através de ponderação. A amostra prevista é de 1358 questionários, sendo 644 na capital. Os dados utilizados para definição e seleção da amostra são baseados nos dados fornecidos pelo TSE ¿ Tribunal Superior Eleitoral (eleitorado de agosto 2018) e IBGE (Estimativa 2018). Os dados relativos a sexo e faixa etária são: Sexo masculino 46%, feminino: 54%, 16 a 24 anos 13%, 25 a 34 anos 19%, 35 a 44 anos 19%, 45 a 59 anos 25% e 60 anos ou mais 24%. Ponderação dos resultados: No processamento dos dados é realizada ponderação referente à proporção de cada cidade na amostra para correta representação das regiões. Está prevista a eventual ponderação para correção nos tamanhos dos segmentos considerando as variáveis sexo e faixa etária. Para as variáveis grau de instrução e nível econômico do entrevistado (renda familiar mensal), o fator previsto para ponderação é 1 (resultados obtidos em campo).   Área física: Serão realizadas entrevistas em 35 municípios, localizados no Estado do Rio de Janeiro. A relação completa dos municípios e bairros pesquisados será encaminhada a esse tribunal posteriormente até o sétimo dia seguinte à data de registro da pesquisa, conforme a Resolução 23.549/2017 do TSE, no art.2º §6º. Margem de Erro: A margem de erro máxima prevista é de 3 pontos percentuais para mais ou para menos, considerando um nível de confiança de 95%. Os intervalos de confiança serão calculados considerando os resultados obtidos para um nível de confiança de 95%.  ";"Os pesquisadores envolvidos na realização desta pesquisa são treinados pelo Instituto e recebem instruções específicas para cada projeto realizado. A coleta será feita com a utilização de tablet e questionário eletrônico. São checados, no mínimo, 30% dos questionários de cada pesquisador, seja in loco por supervisores de campo ou, posteriormente, por telefone. Internamente, todo o material é verificado e codificado. Antes do processamento final e emissão dos resultados, realiza-se processo de consistência dos dados.";"#NULO#"
"24/08/2022";"00:10:36";"2018";"5";"Eleições Gerais 2018";"RJ";"RJ";"RIO DE JANEIRO";"RJ046342018";"27/09/2018";"68802370000186";"IBOPE INTELIGENCIA PESQUISA E CONSULTORIA LTDA";"#NULO#";"Senador, Governador";"27/09/2018";"03/10/2018";"2002";"6208-A";"Márcia Cavallari Nunes";"152859,04";"04067191000240";"EDITORA GLOBO S/A / EDITORA GLOBO";"Recursos Próprios";"68802370000186";"IBOPE INTELIGENCIA PESQUISA E CONSULTORIA LTDA";"Pesquisa quantitativa, que consiste na realização de entrevistas pessoais, com a aplicação de questionário estruturado junto a uma amostra representativa do eleitorado em estudo. Pesquisa realizada no estado do Rio de Janeiro.";"Representativo do eleitorado da área em estudo, elaborada em três estágios. No primeiro estágio faz-se um sorteio probabilístico dos municípios, onde as entrevistas serão realizadas, pelo método PPT (Probabilidade Proporcional ao Tamanho), tomando o eleitorado como base para tal seleção. No segundo estágio faz-se um sorteio probabilístico dos setores censitários, onde as entrevistas serão realizadas, pelo método PPT (Probabilidade Proporcional ao Tamanho), tomando a população de 16 anos ou mais residente nos setores como base para tal seleção. No terceiro e último estágio, dentro dos setores sorteados, os respondentes são selecionados através de quotas amostrais proporcionais em função de variáveis significativas, a saber: IDADE: 16-24 (masculino) 16% (feminino) 14%. 25-34 (masculino) 21% (feminino) 19%. 35-44 (masculino) 20% (feminino) 21%. 45-54 (masculino) 19% (feminino) 19%. 55 e+ (masculino) 24% (feminino) 27%. INSTRUÇÃO: Até Ensino Médio (masculino) 77% (feminino) 75%. Ensino Superior (masculino) 23% (feminino) 25%. NÍVEL ECONÔMICO: Economicamente ativo (masculino) 70% (feminino) 49%. Não Economicamente ativo (masculino) 30% (feminino) 51%. Está prevista eventual ponderação para correção das variáveis sexo e idade, com base nos percentuais anteriormente mencionados, caso ocorram diferenças superiores a 3 pontos percentuais entre o previsto na amostra e a coleta de dados realizada. Para as variáveis de grau de instrução e nível econômico do entrevistado, o fator previsto para ponderação é 1 (resultados obtidos em campo). O nível de confiança estimado é de 95% e a margem de erro máxima estimada considerando um modelo de amostragem aleatório simples, é de 02 (dois) pontos percentuais para mais ou para menos sobre os resultados encontrados no total da amostra. FONTE DOS DADOS: Censo 2010 | PNADC 2016 | TSE 2018.";"Para a realização da pesquisa, utiliza-se uma equipe de entrevistadores e supervisores contratados pelo IBOPE INTELIGÊNCIA PESQUISA E CONSULTORIA LTDA. devidamente treinados para o trabalho. Após os trabalhos de campo, os questionários são submetidos a uma fiscalização de cerca de 20% (vinte por cento) dos questionários aplicados pelos entrevistadores. para verificação das respostas e da adequação dos entrevistados aos parâmetros amostrais.";"A área de abrangência da coleta é o estado do Rio de Janeiro. A relação das localidades selecionadas para aplicação da amostra será apresentada até o 7º dia seguinte ao registro da pesquisa, conforme expresso no art. 2º, §6º da Resolução 23.549/2017 do TSE."
"24/08/2022";"00:10:36";"2018";"5";"Eleições Gerais 2018";"RJ";"RJ";"RIO DE JANEIRO";"RJ046342018";"27/09/2018";"68802370000186";"IBOPE INTELIGENCIA PESQUISA E CONSULTORIA LTDA";"#NULO#";"Senador, Governador";"27/09/2018";"03/10/2018";"2002";"6208-A";"Márcia Cavallari Nunes";"152859,04";"27865757000102";"GLOBO COMUNICACAO E PARTICIPACOES S/A / GCP,TV GLOBO, REDE GLOBO, GLOBO.COM, SOM LIVRE";"Recursos Próprios";"68802370000186";"IBOPE INTELIGENCIA PESQUISA E CONSULTORIA LTDA";"Pesquisa quantitativa, que consiste na realização de entrevistas pessoais, com a aplicação de questionário estruturado junto a uma amostra representativa do eleitorado em estudo. Pesquisa realizada no estado do Rio de Janeiro.";"Representativo do eleitorado da área em estudo, elaborada em três estágios. No primeiro estágio faz-se um sorteio probabilístico dos municípios, onde as entrevistas serão realizadas, pelo método PPT (Probabilidade Proporcional ao Tamanho), tomando o eleitorado como base para tal seleção. No segundo estágio faz-se um sorteio probabilístico dos setores censitários, onde as entrevistas serão realizadas, pelo método PPT (Probabilidade Proporcional ao Tamanho), tomando a população de 16 anos ou mais residente nos setores como base para tal seleção. No terceiro e último estágio, dentro dos setores sorteados, os respondentes são selecionados através de quotas amostrais proporcionais em função de variáveis significativas, a saber: IDADE: 16-24 (masculino) 16% (feminino) 14%. 25-34 (masculino) 21% (feminino) 19%. 35-44 (masculino) 20% (feminino) 21%. 45-54 (masculino) 19% (feminino) 19%. 55 e+ (masculino) 24% (feminino) 27%. INSTRUÇÃO: Até Ensino Médio (masculino) 77% (feminino) 75%. Ensino Superior (masculino) 23% (feminino) 25%. NÍVEL ECONÔMICO: Economicamente ativo (masculino) 70% (feminino) 49%. Não Economicamente ativo (masculino) 30% (feminino) 51%. Está prevista eventual ponderação para correção das variáveis sexo e idade, com base nos percentuais anteriormente mencionados, caso ocorram diferenças superiores a 3 pontos percentuais entre o previsto na amostra e a coleta de dados realizada. Para as variáveis de grau de instrução e nível econômico do entrevistado, o fator previsto para ponderação é 1 (resultados obtidos em campo). O nível de confiança estimado é de 95% e a margem de erro máxima estimada considerando um modelo de amostragem aleatório simples, é de 02 (dois) pontos percentuais para mais ou para menos sobre os resultados encontrados no total da amostra. FONTE DOS DADOS: Censo 2010 | PNADC 2016 | TSE 2018.";"Para a realização da pesquisa, utiliza-se uma equipe de entrevistadores e supervisores contratados pelo IBOPE INTELIGÊNCIA PESQUISA E CONSULTORIA LTDA. devidamente treinados para o trabalho. Após os trabalhos de campo, os questionários são submetidos a uma fiscalização de cerca de 20% (vinte por cento) dos questionários aplicados pelos entrevistadores. para verificação das respostas e da adequação dos entrevistados aos parâmetros amostrais.";"A área de abrangência da coleta é o estado do Rio de Janeiro. A relação das localidades selecionadas para aplicação da amostra será apresentada até o 7º dia seguinte ao registro da pesquisa, conforme expresso no art. 2º, §6º da Resolução 23.549/2017 do TSE."
"24/08/2022";"00:10:36";"2018";"5";"Eleições Gerais 2018";"RJ";"RJ";"RIO DE JANEIRO";"RJ050902018";"11/10/2018";"07630546000175";"DATAFOLHA INSTITUTO DE PESQUISAS LTDA.";"#NULO#";"Governador";"16/10/2018";"18/10/2018";"1484";"72.49A";"Renata Nunes César";"140420,00";"27865757000102";"GLOBO COMUNICACAO E PARTICIPACOES S/A / GCP,TV GLOBO, REDE GLOBO, GLOBO.COM, SOM LIVRE";"Recursos Próprios";"07630546000175";"DATAFOLHA INSTITUTO DE PESQUISAS LTDA.";"Pesquisa do tipo quantitativo, por amostragem, com aplicação de questionário estruturado e abordagem pessoal em pontos de fluxo populacional. O conjunto do eleitorado do Estado do Rio de Janeiro com 16 anos ou mais foi tomado como universo da pesquisa";"Universo: Eleitorado do Estado do Rio de Janeiro, com 16 anos ou mais. Tamanho da amostra: A amostra prevista é de 1.484 entrevistas. Técnica de amostragem: A amostra é estratificada por natureza dos municípios (capital, região metropolitana ou interior). Em cada estrato, num primeiro estágio, são sorteados os municípios que farão parte do levantamento. Num segundo estágio, são sorteados os bairros e pontos de abordagem onde serão aplicadas as entrevistas.  Por fim, os entrevistados são selecionados aleatoriamente para responder ao questionário, de acordo com cotas de sexo e faixa etária. Nesta amostra, o estrato referente à capital foi desproporcionalizado para permitir detalhamento. Nos resultados finais, as corretas proporções serão restabelecidas através de ponderação. A amostra prevista é de 1.484 questionários, sendo 644 na capital. Os dados utilizados para definição e seleção da amostra são baseados nos dados fornecidos pelo TSE ¿ Tribunal Superior Eleitoral (eleitorado de agosto 2018) e IBGE (Estimativa 2018). Os dados relativos a sexo e faixa etária são: Sexo masculino 46%, feminino: 54%, 16 a 24 anos 13%, 25 a 34 anos 19%, 35 a 44 anos 19%, 45 a 59 anos 25% e 60 anos ou mais 24%. Ponderação dos resultados: No processamento dos dados é realizada ponderação referente à proporção de cada cidade na amostra para correta representação das regiões. Está prevista a eventual ponderação para correção nos tamanhos dos segmentos considerando as variáveis sexo e faixa etária. Para as variáveis grau de instrução e nível econômico do entrevistado (renda familiar mensal), o fator previsto para ponderação é 1 (resultados obtidos em campo).   Área física: Serão realizadas entrevistas em 42 municípios, localizados no Estado do Rio de Janeiro. A relação completa dos municípios e bairros pesquisados será encaminhada a esse tribunal posteriormente até o sétimo dia seguinte à data de registro da pesquisa, conforme a Resolução 23.549/2017 do TSE, no art.2º §6º. Margem de Erro: A margem de erro máxima prevista é de 3 pontos percentuais para mais ou para menos, considerando um nível de confiança de 95%. Os intervalos de confiança serão calculados considerando os resultados obtidos para um nível de confiança de 95%.  ";"Os pesquisadores envolvidos na realização desta pesquisa são treinados pelo Instituto e recebem instruções específicas para cada projeto realizado. A coleta será feita com a utilização de tablet e questionário eletrônico. São checados, no mínimo, 30% dos questionários de cada pesquisador, seja in loco por supervisores de campo ou, posteriormente, por telefone. Internamente, todo o material é verificado e codificado. Antes do processamento final e emissão dos resultados, realiza-se processo de consistência dos dados.";"#NULO#"
"24/08/2022";"00:10:36";"2018";"5";"Eleições Gerais 2018";"RJ";"RJ";"RIO DE JANEIRO";"RJ050902018";"11/10/2018";"07630546000175";"DATAFOLHA INSTITUTO DE PESQUISAS LTDA.";"#NULO#";"Governador";"16/10/2018";"18/10/2018";"1484";"72.49A";"Renata Nunes César";"140420,00";"60579703000148";"EMPRESA FOLHA DA MANHA S.A.";"Recursos Próprios";"07630546000175";"DATAFOLHA INSTITUTO DE PESQUISAS LTDA.";"Pesquisa do tipo quantitativo, por amostragem, com aplicação de questionário estruturado e abordagem pessoal em pontos de fluxo populacional. O conjunto do eleitorado do Estado do Rio de Janeiro com 16 anos ou mais foi tomado como universo da pesquisa";"Universo: Eleitorado do Estado do Rio de Janeiro, com 16 anos ou mais. Tamanho da amostra: A amostra prevista é de 1.484 entrevistas. Técnica de amostragem: A amostra é estratificada por natureza dos municípios (capital, região metropolitana ou interior). Em cada estrato, num primeiro estágio, são sorteados os municípios que farão parte do levantamento. Num segundo estágio, são sorteados os bairros e pontos de abordagem onde serão aplicadas as entrevistas.  Por fim, os entrevistados são selecionados aleatoriamente para responder ao questionário, de acordo com cotas de sexo e faixa etária. Nesta amostra, o estrato referente à capital foi desproporcionalizado para permitir detalhamento. Nos resultados finais, as corretas proporções serão restabelecidas através de ponderação. A amostra prevista é de 1.484 questionários, sendo 644 na capital. Os dados utilizados para definição e seleção da amostra são baseados nos dados fornecidos pelo TSE ¿ Tribunal Superior Eleitoral (eleitorado de agosto 2018) e IBGE (Estimativa 2018). Os dados relativos a sexo e faixa etária são: Sexo masculino 46%, feminino: 54%, 16 a 24 anos 13%, 25 a 34 anos 19%, 35 a 44 anos 19%, 45 a 59 anos 25% e 60 anos ou mais 24%. Ponderação dos resultados: No processamento dos dados é realizada ponderação referente à proporção de cada cidade na amostra para correta representação das regiões. Está prevista a eventual ponderação para correção nos tamanhos dos segmentos considerando as variáveis sexo e faixa etária. Para as variáveis grau de instrução e nível econômico do entrevistado (renda familiar mensal), o fator previsto para ponderação é 1 (resultados obtidos em campo).   Área física: Serão realizadas entrevistas em 42 municípios, localizados no Estado do Rio de Janeiro. A relação completa dos municípios e bairros pesquisados será encaminhada a esse tribunal posteriormente até o sétimo dia seguinte à data de registro da pesquisa, conforme a Resolução 23.549/2017 do TSE, no art.2º §6º. Margem de Erro: A margem de erro máxima prevista é de 3 pontos percentuais para mais ou para menos, considerando um nível de confiança de 95%. Os intervalos de confiança serão calculados considerando os resultados obtidos para um nível de confiança de 95%.  ";"Os pesquisadores envolvidos na realização desta pesquisa são treinados pelo Instituto e recebem instruções específicas para cada projeto realizado. A coleta será feita com a utilização de tablet e questionário eletrônico. São checados, no mínimo, 30% dos questionários de cada pesquisador, seja in loco por supervisores de campo ou, posteriormente, por telefone. Internamente, todo o material é verificado e codificado. Antes do processamento final e emissão dos resultados, realiza-se processo de consistência dos dados.";"#NULO#"
"24/08/2022";"00:10:36";"2018";"5";"Eleições Gerais 2018";"RJ";"RJ";"RIO DE JANEIRO";"RJ054332018";"21/09/2018";"86849395000117";"DATA WORLD PESQUISA E CONSULTORIA S/C. LTDA";"SENSUS";"Senador, Governador";"24/09/2018";"27/09/2018";"1500";"8429 / 6ª Região";"Felipe Abrahão Coelho Fantauzzi";"90000,00";"86849395000117";"DATA WORLD PESQUISA E CONSULTORIA S/C. LTDA";"#NULO#";"86849395000117";"DATA WORLD PESQUISA E CONSULTORIA S/C. LTDA";"1500 Entrevistas no estado do Rio de Janeiro, estratificadas para 6 Regiões, com o sorteio aleatório de 30 Municípios pelo método da Probabilidade Proporcional ao Tamanho - PPT. Probabilística sistemática até o Setor Censitário para Urbano e Rural, com cotas para Sexo, Idade e Escolaridade no Setor Censitário.";"a) Ponderação sexo, idade, instrução. Sexo: 46,2% Masculino. 53,8% Feminino. Idade: 3,9% de 16 a 17 anos. 12,7% de 18 a 24 anos. 8,4% de 25 a 29 anos. 19,6% de 30 a 39 anos. 16,9% de 40 a 49 anos. 38,6% 50 anos ou mais. Instrução 17,5% até 4a Série do Ensino Fundamental, 23,7% da 5a a 8a Série do Ensino Fundamental. 36,1%% da 1a a 3a Série do Ensino Médio. 22,7% Superior completo ou incompleto. Renda Familiar Mensal conforme coletado em campo.  b) Intervalo de Confiança = 95%, Margem de Erro = ± 2,5%";"A equipe de trabalho de campo é formada por entrevistadores e coordenadores. Os entrevistadores aplicam as entrevistas individuais domiciliares em Setores Censitários do IBGE previamente sorteados pelo Instituto, dentro de um prazo pré-definido, enquanto os Coordenadores fiscalizam o trabalho dos Entrevistadores. É atribuição dos Coordenadores: 1) Garantir o cumprimento correto das entrevistas. 2) Anular questionários que não cumpram a amostra através da conferência das cotas. 3) Anular questionários preenchidos e/ou aplicados incorretamente. 4) Fazer cumprir o trabalho de campo dentro do prazo especificado. Após conclusão do trabalho de campo é realizada uma checagem de cerca de 15% dos questionários aplicados, através de verificação in loco: 1) Confirmação da existência do entrevistado. 2) Verificação de cotas (Sexo, Idade e Escolaridade). 3) Verificação da aplicação integral do questionário.";"Angra dos Reis, Barra Mansa, Belford Roxo, Cabo Frio, Campos dos Goytacazes, Casimiro de Abreu, Duque de Caxias, Itaboraí, Itaguaí, Itaperuna, Itatiaia, Japeri, Macaé, Magé, Mesquita, Natividade, Nilópolis, Niterói, Nova Friburgo, Nova Iguaçu, Petrópolis, Resende, Rio das Ostras, Rio de Janeiro, São Gonçalo, São João da Barra, São João de Meriti, Sapucaia, Vassouras e Volta Redonda."
"24/08/2022";"00:10:36";"2018";"5";"Eleições Gerais 2018";"RJ";"RJ";"RIO DE JANEIRO";"RJ061742018";"01/10/2018";"68802370000186";"IBOPE INTELIGENCIA PESQUISA E CONSULTORIA LTDA";"#NULO#";"Governador, Senador";"01/10/2018";"07/10/2018";"2600";"6208-A";"Márcia Cavallari Nunes";"152859,04";"68802370000186";"IBOPE INTELIGENCIA PESQUISA E CONSULTORIA LTDA";"#NULO#";"68802370000186";"IBOPE INTELIGENCIA PESQUISA E CONSULTORIA LTDA";"Pesquisa quantitativa, que consiste na realização de entrevistas pessoais, com a aplicação de questionário estruturado junto a uma amostra representativa do eleitorado em estudo. Pesquisa realizada no estado de Rio de Janeiro.";"Representativa dos votantes da área em estudo, elaborada em três estágios. No primeiro estágio fez-se um sorteio probabilístico dos municípios pesquisados, pelo método PPT (Probabilidade Proporcional ao Tamanho), com base na população de votantes (TSE 2018, excluindo abstenção 1º turno 2010 e 2014) de cada município.  Em um segundo estágio, dentro dos municípios sorteados foram selecionados, também pelo método PPT, os locais de votação com base no número de votantes de cada local de votação. No terceiro estágio, dentro dos locais de votação sorteados, os respondentes foram selecionados através de quotas amostrais, proporcionais em função de variáveis significativas, a saber: Sexo, Idade, de acordo com o perfil dos votantes. Devido à metodologia amostral adotada, a pesquisa é auto-ponderada, ou seja, as proporções do universo pesquisado estão previstas na amostra, não sendo necessário qualquer tipo de ponderação quanto à sexo, idade, grau de instrução e nível econômico.    O intervalo de confiança estimado é de 99% e a margem de erro máxima estimada considerando um modelo de amostragem aleatório simples, é de 03 (três) pontos percentuais para mais ou para menos sobre os resultados encontrados no total da amostra.  ";"Para a realização da pesquisa, utiliza-se uma equipe de entrevistadores e supervisores contratados pelo IBOPE INTELIGÊNCIA PESQUISA E CONSULTORIA LTDA. devidamente treinados para o trabalho. Após os trabalhos de campo, os questionários são submetidos a uma fiscalização de cerca de 20% (vinte por cento) dos questionários aplicados pelos entrevistadores para verificação das respostas e da adequação dos entrevistados aos parâmetros amostrais.";"A área de abrangência da coleta é o estado do Rio de Janeiro. A relação das localidades selecionadas para aplicação da amostra será apresentada até o 7º dia seguinte ao registro da pesquisa, conforme expresso no art. 2º, §6º da Resolução 23.549/2017 do TSE."
"24/08/2022";"00:10:36";"2018";"5";"Eleições Gerais 2018";"RJ";"RJ";"RIO DE JANEIRO";"RJ063042018";"14/07/2018";"81908345000140";"INSTITUTO PARANA DE PESQUISAS E ANALISE DE CONSUMIDOR LTDA";"#NULO#";"Governador, Senador";"14/07/2018";"19/07/2018";"1860";"10245";"Tatiani Cristina Ara";"35000,00";"81908345000140";"INSTITUTO PARANA DE PESQUISAS E ANALISE DE CONSUMIDOR LTDA";"#NULO#";"81908345000140";"INSTITUTO PARANA DE PESQUISAS E ANALISE DE CONSUMIDOR LTDA";"Pesquisa com metodologia quantitativa, com a realização de entrevistas utilizando questionário estruturado junto a uma amostra representativa do eleitorado do Estado do Rio de Janeiro.";"A amostra será representativa dos moradores das áreas pesquisadas e será selecionada em três etapas. Na primeira etapa realiza-se um sorteio probabilístico dos municípios onde as entrevistas serão realizadas através do método PPT (Probabilidade Proporcional ao Tamanho), considerando a população eleitora com 16 anos ou mais residente nos municípios como base para essa seleção. Na segunda etapa, faz-se um sorteio probabilístico dos setores censitários, onde as entrevistas serão realizadas, através do método PPT (Probabilidade Proporcional ao Tamanho), tomando a população eleitora de 16 anos ou mais residente nos setores como base para essa seleção. Na terceira etapa, a seleção do entrevistado dentro do setor censitário, será feita utilizando-se quotas amostrais proporcionais, em função das seguintes variáveis:  SEXO:  Masculino - 46%.  Feminino - 54% |  FAIXA ETÁRIA:  Entre 16 e 24 anos: 14%.  Entre 25 e 34 anos: 19%.  Entre 35 e 44 anos: 19%.  Entre 45 e 59 anos: 25%.  Com 60 anos ou mais: 23% |  ESCOLARIDADE:  Até Ensino Médio: 72%.  Ensino Superior: 28% |  NÍVEL ECONÔMICO:  Economicamente Ativo: 63%.  Não Economicamente Ativo: 37%.  Está prevista eventual ponderação para correção das variáveis sexo, faixa etária e escolaridade, com base nos percentuais acima apresentados, caso ocorram diferenças superiores a 3,0 (três) pontos percentuais entre o previsto na amostra e a coleta realizada. Para as variáveis: Nível Econômico e Renda Familiar Mensal, o fator de ponderação é igual a 1, (resultados obtidos no campo). O nível de confiança estimado é de 95% (noventa e cinco por cento) para uma margem de erro máxima estimada, considerando uma técnica de amostragem aleatória simples, de aproximadamente 2,5 (dois vírgula cinco) pontos percentuais para mais ou para menos sobre os resultados obtidos. Fonte de Dados: IBGE e TSE 2018.";"As entrevistas serão realizadas por uma equipe de entrevistadores e supervisores devidamente qualificada pelo Instituto Paraná Pesquisas, com experiência e treinamento em pesquisas de opinião pública. No decorrer do trabalho de coleta de dados, os questionários aplicados, serão auditados em aproximadamente 20% (vinte por cento) para verificação quanto ao cuidado na sua aplicação, bem como a adequação do entrevistado às variáveis das quotas amostrais.";"Conforme parágrafo 6º, do art 2º da Resolução TSE nº 23.549/2017,  Até o 7º dia ao registro da pesquisa, será ele, (o registro da pesquisa), complementado com dados relativos aos municípios e bairros abrangidos. na ausência de delimitação do bairro, será identificada a área em que foi realizada .   A área de abrangência da coleta de dados é o Estado do Rio de Janeiro e a relação dos municípios e bairros selecionados para compor a amostra será apresentado até o 7º dia seguinte ao registro da pesquisa, conforme expresso no artigo supracitado."
"24/08/2022";"00:10:36";"2018";"5";"Eleições Gerais 2018";"RJ";"RJ";"RIO DE JANEIRO";"RJ064802018";"11/07/2018";"23529695000107";"INSTITUTO DE PESQUISA DATA BASE E ESTATISTICA LTDA";"INSTITUTO DATA BASEE";"Governador";"19/06/2018";"24/06/2018";"2102";"10.125 2ª Região (RJ/ES)";"Stalin Jaborandy Guinancio";"35000,00";"17239219000140";"COURAGE BRAZIL EIRELI / COURAGE BRAZIL";"Recursos Próprios";"23529695000107";"INSTITUTO DE PESQUISA DATA BASE E ESTATISTICA LTDA";"Pesquisa quantitativa consistente na realização de entrevistas pessoais, com a aplicação de questionário estruturado junto a uma amostra representativa do eleitorado em estudo do Estado do Rio de Janeiro. As entrevistas foram realizadas em locais de grande fluxo de pessoas (transeuntes).";"O eleitorado selecionado da área em estudo foi elaborado em dois estágios. No primeiro estágio foi feito sorteio probabilístico dos municípios nos quais as entrevistas foram realizadas, utilizando o método PPT (Probabilidade Proporcional ao Tamanho, tendo como base seu respectivo  eleitorado. No segundo estágio, dentro dos municípios sorteados, os entrevistados foram selecionados através de cotas amostrais, sendo elas relativas ao sexo dos entrevistados e faixa etária, a seguir apresentadas: SEXO: 52,57% (Feminino). 47,43% (Masculino). FAIXA ETÁRIA: 15,79% (16 a 24 anos). 19,75% (25 a 34 anos). 17,79% (35 a 44 anos). 26,69% (45 a 59 anos). 19,84% (60 ou mais). Foi prevista eventual ponderação para correção das variáveis sexo e idade caso ocorressem diferenças superiores a 3% (três) pontos percentuais entre o previsto na amostra e a coleta de dados realizada. Fonte dos dados: TSE 2018.  As demais ponderações (religião, grau de instrução e nível econômico) foram obtidas de acordo com variáveis encontradas em campo.   O nível de confiança visado é de 95% (noventa e cinco por cento).  A margem de erro visada é de 2,00% (dois pontos percentuais), para mais ou para menos.  ";"Para a realização da pesquisa foi utilizada uma equipe de entrevistadores, outra de supervisores e um coordenador, sendo 1 supervisor para cada 4 entrevistadores, todos contratados e devidamente treinados para o trabalho de campo pelo Instituto de Pesquisa Data Basee. Após o trabalho de campo os questionários aplicados pelos entrevistadores foram submetidos a uma fiscalização de cerca de 20% (vinte por cento) do total para verificação das respostas e da adequação dos entrevistados aos parâmetros amostrais.";"Área de abrangência: Estado do Rio de Janeiro.   Relação de abrangência para a aplicação da amostra:   BAIXADA LITORÂNEA: Araruama (Centro/Calçadão), Cabo Frio (Centro/Calçadão), Cachoeiras de Macacu (Centro/Perto da Rodoviária), Casimiro de Abreu (Centro/Praça Principal), Iguaba Grande (Centro/Calçadão), Rio das Ostras (Centro/Av. Amaral Peixoto), São Pedro da Aldeia (Centro Comercial) e Saquarema (Quixaba e Centro).   REGIÃO CENTRO SUL FLUMINENSE: Miguel Pereira (Centro/Praça Principal), Paraíba do Sul (Centro) e Paulo de Frontin (Centro/Perto da Rodoviária).   COSTA VERDE: Angra dos Reis (Centro) e Paraty (Centro/Centro Histórico).   MÉDIO PARAÍBA: Barra do Piraí (Centro/Centro Comercial), Barra Mansa (Centro e Bairro Ano Bom), Porto Real (Centro/Comercial), Valença (Centro/Praça Principal), Resende (Centro/Calçadão) e Volta Redonda (Centro I/Centro II).   REGIÃO METROPOLITANA: Belford Roxo (Centro/Calçadão), Duque de Caxias (Centro/Calçadão), Guapimirim (Centro/Praça Principal), Itaboraí (Centro/Ponto de Ônibus e saída para Maricá), Itaguaí (Centro/Calçadão), Japeri (Centro/Comercial), Magé (Centro/Praça Principal/Calçadão), Maricá (Praça Principal/Skate), Mesquita (Centro), Nilópolis (Centro/Estação), Niterói (Centro/Calçadão e Icaraí), Nova Iguaçu (Centro/Top Shopping, K11), Queimados (Calçadão), Rio de Janeiro (Campo Grande, Bangu, Santa Cruz, Realengo, Tijuca, Jacarepaguá, Copacabana, Barra da Tijuca, Maré, Guaratiba, Senador Camará, Taquara, Pavuna, Irajá, Paciência, Vila Isabel, Botafogo, Recreio dos Bandeirantes, Penha, Cosmos, Freguesia, Rocinha, Complexo do Alemão, Inhoaíba, Padre Miguel), São Gonçalo (Centro/Zé Garoto e Alcântara/Calçadão), São João de Meriti (Centro/Praça da Matriz, Calçadão do Éden) e Tanguá (Centro/Calçadão).   REGIÃO NOROESTE FLUMINENSE: Itaocara (Centro/Calçadão), Itaperuna (Centro), Laje do Muriaé (Centro/Praça Principal) e Santo Antônio de Pádua (Centro/Praça Principal).  REGIÃO NORTE FLUMINENSE: Campos dos Goytacazes (Centro/Calçadão, Distrito de Goytacazes e Guarus), Quissamã (Centro/Praça Matriz), Macaé (Centro/Calçadão) e São Francisco do Itabapoana (Centro Comercial).   REGIÃO SERRANA: Cantagalo (Centro/Praça Matriz), Nova Friburgo (Centro/Rodoviária, Centro/Shopping Cadima e Avenida Alberto Braune), Petrópolis (Centro/Centro Histórico), Teresópolis (Calçadão) e Trajano de Moraes (Centro/Praça Principal).  "
"24/08/2022";"00:10:36";"2018";"5";"Eleições Gerais 2018";"RJ";"RJ";"RIO DE JANEIRO";"RJ065462018";"11/10/2018";"81908345000140";"INSTITUTO PARANA DE PESQUISAS E ANALISE DE CONSUMIDOR LTDA";"#NULO#";"Governador";"14/10/2018";"16/10/2018";"1860";"10245";"Tatiani Cristina Ara";"35000,00";"81908345000140";"INSTITUTO PARANA DE PESQUISAS E ANALISE DE CONSUMIDOR LTDA";"#NULO#";"81908345000140";"INSTITUTO PARANA DE PESQUISAS E ANALISE DE CONSUMIDOR LTDA";"Pesquisa com metodologia quantitativa, com a realização de entrevistas utilizando questionário estruturado junto a uma amostra representativa do eleitorado do Estado do Rio de Janeiro.";"A amostra será representativa dos moradores das áreas pesquisadas e será selecionada em três etapas. Na primeira etapa realiza-se um sorteio probabilístico dos municípios onde as entrevistas serão realizadas através do método PPT (Probabilidade Proporcional ao Tamanho), considerando a população eleitora com 16 anos ou mais residente nos municípios como base para essa seleção. Na segunda etapa, faz-se um sorteio probabilístico dos setores censitários, onde as entrevistas serão realizadas, através do método PPT (Probabilidade Proporcional ao Tamanho), tomando a população de 16 anos ou mais residente nos setores como base para essa seleção. Na terceira etapa, a seleção do entrevistado dentro do setor censitário, será feita utilizando-se quotas amostrais proporcionais, em função das seguintes variáveis:  SEXO:  Masculino - 46%.  Feminino - 54% |  FAIXA ETÁRIA:  Entre 16 e 24 anos: 13%.  Entre 25 e 34 anos: 19%.  Entre 35 e 44 anos: 19%.  Entre 45 e 59 anos: 25%.  Com 60 anos ou mais: 24% |  ESCOLARIDADE:  Até Ensino Médio: 74%.  Ensino Superior: 26% |  NÍVEL ECONÔMICO:  Economicamente Ativo: 63%.  Não Economicamente Ativo: 37%.  Está prevista eventual ponderação para correção das variáveis sexo, faixa etária e escolaridade, com base nos percentuais acima apresentados, caso ocorram diferenças superiores a 3,0 (três) pontos percentuais entre o previsto na amostra e a coleta realizada. Para as variáveis: Nível Econômico e Renda Familiar Mensal, o fator de ponderação é igual a 1, (resultados obtidos no campo). O nível de confiança estimado é de 95% (noventa e cinco por cento) para uma margem de erro máxima estimada, considerando uma técnica de amostragem aleatória simples, de aproximadamente 2,5 (dois vírgula cinco) pontos percentuais para mais ou para menos sobre os resultados obtidos. Fonte de Dados: IBGE Censo 2010 e TSE - Julho 2018.";"As entrevistas serão realizadas por uma equipe de entrevistadores e supervisores devidamente qualificada pelo Instituto Paraná Pesquisas, com experiência e treinamento em pesquisas de opinião pública. No decorrer do trabalho de coleta de dados, os questionários aplicados, serão auditados em aproximadamente 20% (vinte por cento) para verificação quanto ao cuidado na sua aplicação, bem como a adequação do entrevistado às variáveis das quotas amostrais.";"Conforme parágrafo 6º, do art 2º da Resolução TSE nº 23.549/2017,  Até o 7º dia ao registro da pesquisa, será ele, (o registro da pesquisa), complementado com dados relativos aos municípios e bairros abrangidos. na ausência de delimitação do bairro, será identificada a área em que foi realizada .   A área de abrangência da coleta de dados é o Estado do Rio de Janeiro e a relação dos municípios e bairros selecionados para compor a amostra será apresentado até o 7º dia seguinte ao registro da pesquisa, conforme expresso no artigo supracitado."
"24/08/2022";"00:10:36";"2018";"5";"Eleições Gerais 2018";"RJ";"RJ";"RIO DE JANEIRO";"RJ066682018";"31/08/2018";"07630546000175";"DATAFOLHA INSTITUTO DE PESQUISAS LTDA.";"#NULO#";"Governador, Senador";"04/09/2018";"06/09/2018";"1358";"72.49A";"Renata Nunes César";"130390,00";"27865757000102";"GLOBO COMUNICACAO E PARTICIPACOES S/A / GCP,TV GLOBO, REDE GLOBO, GLOBO.COM, SOM LIVRE";"Recursos Próprios";"07630546000175";"DATAFOLHA INSTITUTO DE PESQUISAS LTDA.";"Pesquisa do tipo quantitativo, por amostragem, com aplicação de questionário estruturado e abordagem pessoal em pontos de fluxo populacional. O conjunto do eleitorado do Estado do Rio de Janeiro com 16 anos ou mais foi tomado como universo da pesquisa.";"Universo: Eleitorado do Estado do Rio de Janeiro, com 16 anos ou mais. Tamanho da amostra: A amostra prevista é de 1358 entrevistas. Técnica de amostragem: A amostra é estratificada por natureza dos municípios (capital, região metropolitana ou interior). Em cada estrato, num primeiro estágio, são sorteados os municípios que farão parte do levantamento. Num segundo estágio, são sorteados os bairros e pontos de abordagem onde serão aplicadas as entrevistas.  Por fim, os entrevistados são selecionados aleatoriamente para responder ao questionário, de acordo com cotas de sexo e faixa etária. Nesta amostra, o estrato referente à capital foi desproporcionalizado para permitir detalhamento. Nos resultados finais, as corretas proporções serão restabelecidas através de ponderação. A amostra prevista é de 1358 questionários, sendo 644 na capital. Os dados utilizados para definição e seleção da amostra são baseados nos dados fornecidos pelo TSE ¿ Tribunal Superior Eleitoral (eleitorado de junho 2018) e IBGE (Estimativa 2018). Os dados relativos a sexo e faixa etária são: Sexo masculino 46%, feminino: 54%, 16 a 24 anos 14%, 25 a 34 anos 19%, 35 a 44 anos 19%, 45 a 59 anos 25% e 60 anos ou mais 23%. Ponderação dos resultados: No processamento dos dados é realizada ponderação referente à proporção de cada cidade na amostra para correta representação das regiões. Está prevista a eventual ponderação para correção nos tamanhos dos segmentos considerando as variáveis sexo e faixa etária. Para as variáveis grau de instrução e nível econômico do entrevistado (renda familiar mensal), o fator previsto para ponderação é 1 (resultados obtidos em campo).   Área física: Serão realizadas entrevistas em 35 municípios, localizados no Estado do Rio de Janeiro. A relação completa dos municípios e bairros pesquisados será encaminhada a esse tribunal posteriormente até o sétimo dia seguinte à data de registro da pesquisa, conforme a Resolução 23.549/2017 do TSE, no art.2º §6º. Margem de Erro: A margem de erro máxima prevista é de 3 pontos percentuais para mais ou para menos, considerando um nível de confiança de 95%. Os intervalos de confiança serão calculados considerando os resultados obtidos para um nível de confiança de 95%.  ";"Os pesquisadores envolvidos na realização desta pesquisa são treinados pelo Instituto e recebem instruções específicas para cada projeto realizado. A coleta será feita com a utilização de tablet e questionário eletrônico. São checados, no mínimo, 30% dos questionários de cada pesquisador, seja in loco por supervisores de campo ou, posteriormente, por telefone. Internamente, todo o material é verificado e codificado. Antes do processamento final e emissão dos resultados, realiza-se processo de consistência dos dados.";"#NULO#"
"24/08/2022";"00:10:36";"2018";"5";"Eleições Gerais 2018";"RJ";"RJ";"RIO DE JANEIRO";"RJ066682018";"31/08/2018";"07630546000175";"DATAFOLHA INSTITUTO DE PESQUISAS LTDA.";"#NULO#";"Governador, Senador";"04/09/2018";"06/09/2018";"1358";"72.49A";"Renata Nunes César";"130390,00";"60579703000148";"EMPRESA FOLHA DA MANHA S.A.";"Recursos Próprios";"07630546000175";"DATAFOLHA INSTITUTO DE PESQUISAS LTDA.";"Pesquisa do tipo quantitativo, por amostragem, com aplicação de questionário estruturado e abordagem pessoal em pontos de fluxo populacional. O conjunto do eleitorado do Estado do Rio de Janeiro com 16 anos ou mais foi tomado como universo da pesquisa.";"Universo: Eleitorado do Estado do Rio de Janeiro, com 16 anos ou mais. Tamanho da amostra: A amostra prevista é de 1358 entrevistas. Técnica de amostragem: A amostra é estratificada por natureza dos municípios (capital, região metropolitana ou interior). Em cada estrato, num primeiro estágio, são sorteados os municípios que farão parte do levantamento. Num segundo estágio, são sorteados os bairros e pontos de abordagem onde serão aplicadas as entrevistas.  Por fim, os entrevistados são selecionados aleatoriamente para responder ao questionário, de acordo com cotas de sexo e faixa etária. Nesta amostra, o estrato referente à capital foi desproporcionalizado para permitir detalhamento. Nos resultados finais, as corretas proporções serão restabelecidas através de ponderação. A amostra prevista é de 1358 questionários, sendo 644 na capital. Os dados utilizados para definição e seleção da amostra são baseados nos dados fornecidos pelo TSE ¿ Tribunal Superior Eleitoral (eleitorado de junho 2018) e IBGE (Estimativa 2018). Os dados relativos a sexo e faixa etária são: Sexo masculino 46%, feminino: 54%, 16 a 24 anos 14%, 25 a 34 anos 19%, 35 a 44 anos 19%, 45 a 59 anos 25% e 60 anos ou mais 23%. Ponderação dos resultados: No processamento dos dados é realizada ponderação referente à proporção de cada cidade na amostra para correta representação das regiões. Está prevista a eventual ponderação para correção nos tamanhos dos segmentos considerando as variáveis sexo e faixa etária. Para as variáveis grau de instrução e nível econômico do entrevistado (renda familiar mensal), o fator previsto para ponderação é 1 (resultados obtidos em campo).   Área física: Serão realizadas entrevistas em 35 municípios, localizados no Estado do Rio de Janeiro. A relação completa dos municípios e bairros pesquisados será encaminhada a esse tribunal posteriormente até o sétimo dia seguinte à data de registro da pesquisa, conforme a Resolução 23.549/2017 do TSE, no art.2º §6º. Margem de Erro: A margem de erro máxima prevista é de 3 pontos percentuais para mais ou para menos, considerando um nível de confiança de 95%. Os intervalos de confiança serão calculados considerando os resultados obtidos para um nível de confiança de 95%.  ";"Os pesquisadores envolvidos na realização desta pesquisa são treinados pelo Instituto e recebem instruções específicas para cada projeto realizado. A coleta será feita com a utilização de tablet e questionário eletrônico. São checados, no mínimo, 30% dos questionários de cada pesquisador, seja in loco por supervisores de campo ou, posteriormente, por telefone. Internamente, todo o material é verificado e codificado. Antes do processamento final e emissão dos resultados, realiza-se processo de consistência dos dados.";"#NULO#"
"24/08/2022";"00:10:36";"2018";"5";"Eleições Gerais 2018";"RJ";"RJ";"RIO DE JANEIRO";"RJ068442018";"27/09/2018";"16832830000115";"GMR INTELIGENCIA DE MERCADO LTDA - EPP";"GMR INTELIGENCIA DE MERCADO";"Governador, Senador";"28/09/2018";"02/10/2018";"830";"9808";"Joel Carlos Rodrigues Otaviano";"24900,00";"16832830000115";"GMR INTELIGENCIA DE MERCADO LTDA - EPP";"#NULO#";"16832830000115";"GMR INTELIGENCIA DE MERCADO LTDA - EPP";"Pesquisa do tipo quantitativo, por amostragem, com aplicação de questionário estruturado e abordagem pessoal em pontos de fluxo populacional. O conjunto do eleitorado do Estado do Rio de Janeiro, com 16 anos ou mais, foi tomado como o universo da pesquisa.";"Universo: Eleitorado do Estado do Rio de Janeiro, com 16 anos ou mais. Tamanho da amostra: A amostra prevista é de 830 entrevistas. Técnica de amostragem: A amostra é estratificada por natureza dos municípios (capital, região metropolitana ou interior). Em cada estrato, num primeiro estágio, são sorteados os municípios que farão parte do levantamento. Num segundo estágio, são sorteados os bairros e pontos de abordagem onde serão aplicadas as entrevistas. Por fim, os entrevistados são selecionados aleatoriamente para responder ao questionário, de acordo com cotas de sexo e faixa etária. Os dados utilizados para definição e seleção da amostra são baseados nos dados fornecidos pelo Tribunal Superior Eleitoral (eleitorado de agosto 2018) e IBGE (Estimativa 2018). Os dados relativos a sexo e faixa etária são: Sexo masculino 46%, feminino: 54%, 16 a 24 anos 13%, 25 a 34 anos 19%, 35 a 44 anos 19%, 45 a 59 anos 25% e 60 anos ou mais 24%.     Serão realizadas entrevistas em 34 municípios, localizados no Estado do Rio de Janeiro. A relação completa dos municípios e bairros pesquisados será encaminhada a esse tribunal posteriormente até o sétimo dia seguinte à data de registro da pesquisa, conforme a Resolução 23.549/2017 do TSE, no art.2º §6º. Margem de Erro: A margem de erro máxima prevista é de 3,4 pontos percentuais para mais ou para menos, considerando um nível de confiança de 95%. Os intervalos de confiança serão calculados considerando os resultados obtidos para um nível de confiança de 95%.  ";"Os pesquisadores envolvidos na realização desta pesquisa são treinados pela empresa e recebem instruções específicas para cada projeto realizado. A coleta será feita com a utilização de tablet e questionário eletrônico. São checados, no mínimo, 30% dos questionários de cada pesquisador, seja in loco por supervisores de campo ou, posteriormente, por telefone. Internamente, todo o material é verificado. Antes do processamento final e emissão dos resultados, realiza-se processo de consistência dos dados";"#NULO#"
"24/08/2022";"00:10:36";"2018";"5";"Eleições Gerais 2018";"RJ";"RJ";"RIO DE JANEIRO";"RJ069442018";"10/10/2018";"29842579000111";"REAL TIME BIG DATA GESTAO DE DADOS LTDA.";"REAL TIME BIG DATA";"Governador";"15/10/2018";"15/10/2018";"3000";"7655";"Augusto da Silva Rocha";"12000,00";"29842579000111";"REAL TIME BIG DATA GESTAO DE DADOS LTDA.";"#NULO#";"29842579000111";"REAL TIME BIG DATA GESTAO DE DADOS LTDA.";"Pesquisa quantitativa, que consiste na realização de entrevistas por telefone, com a aplicação de questionário estruturado junto a uma amostra, representativa do eleitorado em estudo.";"Universo: 12.406.396 eleitores. Amostra: 3000 entrevistas. O nível de confiança estimado é de 95% para uma margem de erro máxima estimada, considerando uma técnica de amostragem aleatória simples, de aproximadamente 2 pontos percentuais para mais ou para menos sobre os resultados obtidos. Divisão Censitária. Ponderação quanto ao sexo e faixa etária: Masculino de 16 a 24 anos (6,3%), Masculino de 25 a 34 anos (9,1%), Masculino de 35 a 44 anos (9,2%), Masculino de 45 a 59 anos (11,6%) e Masculino acima de 59 anos (10,0%). Feminino de 16 a 24 anos (6,6%), Feminino de 25 a 34 anos (9,7%), Feminino de 35 a 44 anos (10,3%), Feminino de 45 a 59 anos (13,6%) e Feminino acima de 59 anos (13,5%). Ponderação quanto ao nível de instrução: 29% de Analfabeto / Fundamental Incompleto, 16% de Lê e escreve / Fundamental Completo, 42% de Médio Incompleto / Médio Completo e 12% de Superior Incompleto / Superior Completo. Ponderação quanto ao nível de instrução: 29% de Analfabeto / Fundamental Incompleto, 16% de Lê e escreve / Fundamental Completo, 42% de Médio Incompleto / Médio Completo e 12% de Superior Incompleto / Superior Completo. Ponderação quanto a renda: Economicamente Ativo: 63%. Não Economicamente Ativo: 37% Está prevista eventual ponderação para correção das variáveis sexo, faixa etária e escolaridade, com base nos percentuais acima apresentados, caso ocorram diferenças superiores a 3,0 pontos percentuais entre o previsto na amostra e a coleta realizada. Para as variáveis: Nível Econômico e Renda Familiar Mensal, o fator de ponderação é igual a 1 (resultados obtidos no campo). Fonte de Dados: IBGE e TSE 2018.";"Checagem de 20% da amostra efetuada pelos supervisores. Todos os entrevistadores foram amplamente treinados e orientados tanto teoricamente quanto praticamente sobre suas responsabilidade e funções, respeitando as cotas pré-estabelecidas. A equipe está dividida em coordenadoria-geral / supervisores / entrevistadores.";"Em anexo."
"24/08/2022";"00:10:36";"2018";"5";"Eleições Gerais 2018";"RJ";"RJ";"RIO DE JANEIRO";"RJ073572018";"19/09/2018";"11077560000160";"IPRI INSTITUTO DE PESQUISA DE REPUTACAO E IMAGEM LTDA";"INSTITUTO FSB PESQUISA";"Deputado Federal, Deputado Estadual, Governador, Senador";"21/09/2018";"23/09/2018";"2040";"8656-A";"Neale Ahmed El-Dash";"80000,00";"11077560000160";"IPRI INSTITUTO DE PESQUISA DE REPUTACAO E IMAGEM LTDA";"#NULO#";"11077560000160";"IPRI INSTITUTO DE PESQUISA DE REPUTACAO E IMAGEM LTDA";"Pesquisa quantitativa domicilar realizada com população residente no Rio de Janeiro, a partir de 16 anos e com título de eleitor, em um questionário estruturado, para avaliação do cenário político eleitoral. Os entrevistados são uma amostra do eleitorado brasileiro, selecionados utilizando-se amostragem probabílistica com cotas. Todas as entrevistas serão domiciliares e com questionário aplicado por tablets. ";"Realização de 2.040 entrevistas em uma amostra do eleitorado do Rio de Janeiro (acima de 16 anos). A técnica de sorteio dos municípios e dos setores censitários é a proporcional ao tamanho (PPT). Dentro do setor censitário, os entrevistados são selecionados por cotas para responder ao questionário. A amostra possui margem de erro estimada de 2 pontos percentuais para mais ou para menos, considerando um intervalo de confiança de 95%, obtida supondo-se que dentro de cada cota os residentes têm a mesma probabilidade de seleção.   A amostra é controlada a partir de quatro variáveis: (a) sexo. (b) idade. (c) população economicamente ativa (d) condição do município. A distribuição amostral esperada é a seguinte: masculino (47%), feminino (53%), 16 a 24 anos (14%), 25 a 34 anos (18%), 35 a 44 anos (19%), 45 a 54 anos (18%), 55 a 64 anos (15%), mais de 65 anos (16%), população economicamente ativa (64%), e população não economicamente ativa (36%), capital (38%), interior (30%) e região metropolitana (31%).   Ao final da rodada será aplicado um fator de ponderação nos resultados para correção de eventuais diferenças entre o planejado na amostra e o observado pelo trabalho de campo. A relação completa dos municípios e bairros pesquisados será encaminhada a este tribunal até o sétimo dia seguinte à data de registro da pesquisa, conforme a Resolução 23.549/2017 do TSE, art.2º §6º.  ";"O controle de qualidade e verificação das entrevistas são realizados durante e após a conclusão de campo, por equipe de auditoria responsável pela fiscalização de cerca de 20% dos questionários aplicados durante o trabalho de campo. Essa etapa é assistida por meio de software que leva em consideração a adequação das entrevistas ao fluxo do questionário para conferência e fiscalização dos dados coletados durante o campo da pesquisa. ";"#NULO#"
"24/08/2022";"00:10:36";"2018";"5";"Eleições Gerais 2018";"RJ";"RJ";"RIO DE JANEIRO";"RJ075132018";"17/10/2018";"68802370000186";"IBOPE INTELIGENCIA PESQUISA E CONSULTORIA LTDA";"#NULO#";"Governador";"17/10/2018";"23/10/2018";"1512";"6208-A";"Márcia Cavallari Nunes";"106886,90";"04067191000240";"EDITORA GLOBO S/A / EDITORA GLOBO";"Recursos Próprios";"68802370000186";"IBOPE INTELIGENCIA PESQUISA E CONSULTORIA LTDA";"Pesquisa quantitativa, que consiste na realização de entrevistas pessoais, com a aplicação de questionário estruturado junto a uma amostra representativa do eleitorado em estudo. Pesquisa realizada no estado do Rio de Janeiro.";"Representativo do eleitorado da área em estudo, elaborada em três estágios. No primeiro estágio faz-se um sorteio probabilístico dos municípios, onde as entrevistas serão realizadas, pelo método PPT (Probabilidade Proporcional ao Tamanho), tomando o eleitorado como base para tal seleção. No segundo estágio faz-se um sorteio probabilístico dos setores censitários, onde as entrevistas serão realizadas, pelo método PPT (Probabilidade Proporcional ao Tamanho), tomando a população de 16 anos ou mais residente nos setores como base para tal seleção. No terceiro e último estágio, dentro dos setores sorteados, os respondentes são selecionados através de quotas amostrais proporcionais em função de variáveis significativas, a saber: IDADE: 16-24 (masculino) 16% (feminino) 14%. 25-34 (masculino) 21% (feminino) 19%. 35-44 (masculino) 20% (feminino) 21%. 45-54 (masculino) 19% (feminino) 19%. 55 e+ (masculino) 24% (feminino) 28%. INSTRUÇÃO: Até Ensino Médio (masculino) 77% (feminino) 75%. Ensino Superior (masculino) 23% (feminino) 25%. NÍVEL ECONÔMICO: Economicamente ativo (masculino) 70% (feminino) 49%. Não Economicamente ativo (masculino) 30% (feminino) 51%. Está prevista eventual ponderação para correção das variáveis sexo e idade, com base nos percentuais anteriormente mencionados, caso ocorram diferenças superiores a 3 pontos percentuais entre o previsto na amostra e a coleta de dados realizada. Para as variáveis de grau de instrução e nível econômico do entrevistado, o fator previsto para ponderação é 1 (resultados obtidos em campo). O nível de confiança estimado é de 95% e a margem de erro máxima estimada considerando um modelo de amostragem aleatório simples, é de 03 (três) pontos percentuais para mais ou para menos sobre os resultados encontrados no total da amostra. FONTE DOS DADOS: Censo 2010 | PNADC 2016 | TSE 2018.";"Para a realização da pesquisa, utiliza-se uma equipe de entrevistadores e supervisores contratados pelo IBOPE INTELIGÊNCIA PESQUISA E CONSULTORIA LTDA. devidamente treinados para o trabalho. Após os trabalhos de campo, os questionários são submetidos a uma fiscalização de cerca de 20% (vinte por cento) dos questionários aplicados pelos entrevistadores. para verificação das respostas e da adequação dos entrevistados aos parâmetros amostrais.";"A área de abrangência da coleta é o estado do Rio de Janeiro. A relação das localidades selecionadas para aplicação da amostra será apresentada até o 7º dia seguinte ao registro da pesquisa, conforme expresso no art. 2º, §6º da Resolução 23.549/2017 do TSE."
"24/08/2022";"00:10:36";"2018";"5";"Eleições Gerais 2018";"RJ";"RJ";"RIO DE JANEIRO";"RJ075132018";"17/10/2018";"68802370000186";"IBOPE INTELIGENCIA PESQUISA E CONSULTORIA LTDA";"#NULO#";"Governador";"17/10/2018";"23/10/2018";"1512";"6208-A";"Márcia Cavallari Nunes";"106886,90";"27865757000102";"GLOBO COMUNICACAO E PARTICIPACOES S/A / GCP,TV GLOBO, REDE GLOBO, GLOBO.COM, SOM LIVRE";"Recursos Próprios";"68802370000186";"IBOPE INTELIGENCIA PESQUISA E CONSULTORIA LTDA";"Pesquisa quantitativa, que consiste na realização de entrevistas pessoais, com a aplicação de questionário estruturado junto a uma amostra representativa do eleitorado em estudo. Pesquisa realizada no estado do Rio de Janeiro.";"Representativo do eleitorado da área em estudo, elaborada em três estágios. No primeiro estágio faz-se um sorteio probabilístico dos municípios, onde as entrevistas serão realizadas, pelo método PPT (Probabilidade Proporcional ao Tamanho), tomando o eleitorado como base para tal seleção. No segundo estágio faz-se um sorteio probabilístico dos setores censitários, onde as entrevistas serão realizadas, pelo método PPT (Probabilidade Proporcional ao Tamanho), tomando a população de 16 anos ou mais residente nos setores como base para tal seleção. No terceiro e último estágio, dentro dos setores sorteados, os respondentes são selecionados através de quotas amostrais proporcionais em função de variáveis significativas, a saber: IDADE: 16-24 (masculino) 16% (feminino) 14%. 25-34 (masculino) 21% (feminino) 19%. 35-44 (masculino) 20% (feminino) 21%. 45-54 (masculino) 19% (feminino) 19%. 55 e+ (masculino) 24% (feminino) 28%. INSTRUÇÃO: Até Ensino Médio (masculino) 77% (feminino) 75%. Ensino Superior (masculino) 23% (feminino) 25%. NÍVEL ECONÔMICO: Economicamente ativo (masculino) 70% (feminino) 49%. Não Economicamente ativo (masculino) 30% (feminino) 51%. Está prevista eventual ponderação para correção das variáveis sexo e idade, com base nos percentuais anteriormente mencionados, caso ocorram diferenças superiores a 3 pontos percentuais entre o previsto na amostra e a coleta de dados realizada. Para as variáveis de grau de instrução e nível econômico do entrevistado, o fator previsto para ponderação é 1 (resultados obtidos em campo). O nível de confiança estimado é de 95% e a margem de erro máxima estimada considerando um modelo de amostragem aleatório simples, é de 03 (três) pontos percentuais para mais ou para menos sobre os resultados encontrados no total da amostra. FONTE DOS DADOS: Censo 2010 | PNADC 2016 | TSE 2018.";"Para a realização da pesquisa, utiliza-se uma equipe de entrevistadores e supervisores contratados pelo IBOPE INTELIGÊNCIA PESQUISA E CONSULTORIA LTDA. devidamente treinados para o trabalho. Após os trabalhos de campo, os questionários são submetidos a uma fiscalização de cerca de 20% (vinte por cento) dos questionários aplicados pelos entrevistadores. para verificação das respostas e da adequação dos entrevistados aos parâmetros amostrais.";"A área de abrangência da coleta é o estado do Rio de Janeiro. A relação das localidades selecionadas para aplicação da amostra será apresentada até o 7º dia seguinte ao registro da pesquisa, conforme expresso no art. 2º, §6º da Resolução 23.549/2017 do TSE."
"24/08/2022";"00:10:36";"2018";"5";"Eleições Gerais 2018";"RJ";"RJ";"RIO DE JANEIRO";"RJ077372018";"28/09/2018";"00654576000172";"INSTITUTO VERITA LTDA - EPP";"VERITA";"Governador, Senador";"02/10/2018";"05/10/2018";"3030";"7806";"James Richard Silva Santos Ferro";"118170,00";"00654576000172";"INSTITUTO VERITA LTDA - EPP";"#NULO#";"00654576000172";"INSTITUTO VERITA LTDA - EPP";"Pesquisa quantitativa, que consiste na realização de entrevistas, com a aplicação de questionário estruturado junto a uma amostra representativa do eleitorado desta Unidade da Federação.";"ESTUDO REPRESENTATIVO DO ELEITORADO DO ESTADO Rio de Janeiro - MÉTODO PPT (Probabilidade Proporcional ao Tamanho)   -   PLANO AMOSTRAL E PONDERAÇÃO QUANTO A SEXO, IDADE, GRAU DE INSTRUÇÃO E NÍVEL ECONÔMICO DO ENTREVISTADO. INTERVALO DE CONFIANÇA E MARGEM DE ERRO: Representativo do eleitorado da área em estudo, elaborada, em vários estágios, da seguinte forma:   -   1. Divisão da UF em três estratos 2. Ordenação dos municípios de cada estrato segundo o porte, redividindo, em cada estrato, em Três subestratos contendo aproximadamente o mesmo número de domicílios. 3. Sorteio dos municípios por amostragem de conglomerados, de acordo com porte mantendo a proporção de eleitores  4. Sorteio, dentro de cada município de bairros ou setores censitários onde serão realizadas entrevistas. 5. Os respondentes são selecionados através de quotas amostrais proporcionais em função de variáveis significativas, a saber:  -   IDADE: FEMININO, 16 A 24 A NOS. 6,6%/ MASCULINO, 16 A 24 ANOS. 6,3% / FEMININO, 25 A 34 ANOS. 9,7% / MASCULINO, 25 A 34 ANOS. 9,1% /FEMININO, 35 A 44 ANOS. 10,3% / MASCULINO, 35 A 44 ANOS. 9,2% / FEMININO, 45 A 59 ANOS. 13,6%/ MASCULINO, 45 A 59 ANOS. 11,6% / FEMININO, 60 ANOS OU MAIS. 13,5%/ MASCULINO, 60 ANOS OU MAIS. 10,1%-  GRAU DE INSTRUÇÃO: Analfabeto até Ensino Médio completo 53,1%,  Superior incompleto, completo ou mais ou mais 46,9% -  NÍVEL ECONÔMICO: FEMININO Não PEA 49,5%, FEMININO PEA 50,5%, MASCULINO Não PEA 29,7%, MASCULINO PEA 70,3%    -    Está prevista eventual ponderação para correção das variáveis, com base nos percentuais anteriormente mencionados, caso ocorram diferenças superiores a margem de erro da pesquisa de  2 pontos percentuais entre o previsto na amostra e a coleta de dados realizada. Para as variáveis de grau de instrução e nível econômico do entrevistado, o fator previsto para ponderação é 1 (resultados obtidos em campo). O nível de confiança estimado é de 95% e a margem de erro máxima estimada considerando um modelo de amostragem aleatório simples, é de 2 pontos percentuais para mais ou para menos sobre os resultados encontrados no total da amostra. FONTE DOS DADOS: Censo 2010, PNAD 2017, TSE 2018, dentre outras";"Para a realização da pesquisa, utiliza-se uma equipe de entrevistadores e supervisores contratados pelo INSTITUTO VERITÁ LTDA. devidamente treinados para o trabalho. Após os trabalhos de campo, os questionários são submetidos a uma fiscalização de cerca de 20% (vinte por cento) dos questionários aplicados pelos entrevistadores. para verificação das respostas e da adequação dos entrevistadores aos parâmetros amostrais.";"A PESQUISA NÃO FOI DIVULGADA."
"24/08/2022";"00:10:36";"2018";"5";"Eleições Gerais 2018";"RJ";"RJ";"RIO DE JANEIRO";"RJ081032018";"26/09/2018";"29842579000111";"REAL TIME BIG DATA GESTAO DE DADOS LTDA.";"REAL TIME BIG DATA";"Senador, Governador";"01/10/2018";"02/10/2018";"2000";"7655";"Augusto da Silva Rocha";"25000,00";"29842579000111";"REAL TIME BIG DATA GESTAO DE DADOS LTDA.";"#NULO#";"29842579000111";"REAL TIME BIG DATA GESTAO DE DADOS LTDA.";"Pesquisa quantitativa com a aplicação de questionário estruturado junto a uma amostra, representativa do eleitorado em estudo.";"O nível de confiança estimado é de 95% para uma margem de erro máxima estimada, considerando uma técnica de amostragem aleatória simples, de aproximadamente 2 pontos percentuais para mais ou para menos sobre os resultados obtidos. Divisão Censitária. Ponderação quanto ao sexo e faixa etária: Masculino de 16 a 24 anos (6,5%), Masculino de 25 a 34 anos (9,1%), Masculino de 35 a 44 anos (9,2%), Masculino de 45 a 59 anos (11,6%) e Masculino acima de 59 anos (9,9%). Feminino de 16 a 24 anos (6,9%), Feminino de 25 a 34 anos (9,7%), Feminino de 35 a 44 anos (10,3%), Feminino de 45 a 59 anos (13,5%) e Feminino acima de 59 anos (13,3%). Ponderação quanto ao nível de instrução: 29% de Analfabeto / Fundamental Incompleto, 16% de Lê e escreve / Fundamental Completo, 42% de Médio Incompleto / Médio Completo e 12% de Superior Incompleto / Superior Completo. Ponderação quanto a renda: Economicamente Ativo: 63%. Não Economicamente Ativo: 37% Está prevista eventual ponderação para correção das variáveis sexo, faixa etária e escolaridade, com base nos percentuais acima apresentados, caso ocorram diferenças superiores a 3,0 pontos percentuais entre o previsto na amostra e a coleta realizada. Para as variáveis: Nível Econômico e Renda Familiar Mensal, o fator de ponderação é igual a 1 (resultados obtidos no campo). Fonte de Dados: IBGE e TSE 2018.";"Checagem de cerca de 20% da amostra efetuada pelos supervisores. Todos os entrevistadores foram amplamente treinados e orientados tanto teoricamente quanto praticamente sobre suas responsabilidade e funções, respeitando as cotas pré-estabelecidas. A equipe está dividida em coordenadoria-geral /coordenadoria regional / supervisores / entrevistadores.";"Em anexo."
"24/08/2022";"00:10:36";"2018";"5";"Eleições Gerais 2018";"RJ";"RJ";"RIO DE JANEIRO";"RJ085822018";"21/10/2018";"07630546000175";"DATAFOLHA INSTITUTO DE PESQUISAS LTDA.";"#NULO#";"Governador";"26/10/2018";"27/10/2018";"2940";"72.49A";"Renata Nunes César";"200600,00";"27865757000102";"GLOBO COMUNICACAO E PARTICIPACOES S/A / GCP,TV GLOBO, REDE GLOBO, GLOBO.COM, SOM LIVRE";"Recursos Próprios";"07630546000175";"DATAFOLHA INSTITUTO DE PESQUISAS LTDA.";"Pesquisa do tipo quantitativo, por amostragem, com aplicação de questionário estruturado e abordagem pessoal em pontos de fluxo populacional. O conjunto do eleitorado do Estado do Rio de Janeiro com 16 anos ou mais foi tomado como universo da pesquisa";"Universo: Eleitorado do Estado do Rio de Janeiro, com 16 anos ou mais. Tamanho da amostra: A amostra prevista é de 2.940 entrevistas. Técnica de amostragem: A amostra é estratificada por natureza dos municípios (capital, região metropolitana ou interior). Em cada estrato, num primeiro estágio, são sorteados os municípios que farão parte do levantamento. Num segundo estágio, são sorteados os bairros e pontos de abordagem onde serão aplicadas as entrevistas.  Por fim, os entrevistados são selecionados aleatoriamente para responder ao questionário, de acordo com cotas de sexo e faixa etária. Nesta amostra, o estrato referente à capital foi desproporcionalizado para permitir detalhamento. Nos resultados finais, as corretas proporções serão restabelecidas através de ponderação. A amostra prevista é de 2.940 questionários, sendo 1.200 na capital. Os dados utilizados para definição e seleção da amostra são baseados nos dados fornecidos pelo TSE ¿ Tribunal Superior Eleitoral (eleitorado de agosto 2018) e IBGE (Estimativa 2018). Os dados relativos a sexo e faixa etária são: Sexo masculino 46%, feminino: 54%, 16 a 24 anos 13%, 25 a 34 anos 19%, 35 a 44 anos 19%, 45 a 59 anos 25% e 60 anos ou mais 24%. Ponderação dos resultados: No processamento dos dados é realizada ponderação referente à proporção de cada cidade na amostra para correta representação das regiões. Está prevista a eventual ponderação para correção nos tamanhos dos segmentos considerando as variáveis sexo e faixa etária. Para as variáveis grau de instrução e nível econômico do entrevistado (renda familiar mensal), o fator previsto para ponderação é 1 (resultados obtidos em campo).   Área física: Serão realizadas entrevistas em 42 municípios, localizados no Estado do Rio de Janeiro. A relação completa dos municípios e bairros pesquisados será encaminhada a esse tribunal posteriormente até o sétimo dia seguinte à data de registro da pesquisa, conforme a Resolução 23.549/2017 do TSE, no art.2º §6º. Margem de Erro: A margem de erro máxima prevista é de 2 pontos percentuais para mais ou para menos, considerando um nível de confiança de 95%. Os intervalos de confiança serão calculados considerando os resultados obtidos para um nível de confiança de 95%.  ";"Os pesquisadores envolvidos na realização desta pesquisa são treinados pelo Instituto e recebem instruções específicas para cada projeto realizado. A coleta será feita com a utilização de tablet e questionário eletrônico. São checados, no mínimo, 30% dos questionários de cada pesquisador, seja in loco por supervisores de campo ou, posteriormente, por telefone. Internamente, todo o material é verificado e codificado. Antes do processamento final e emissão dos resultados, realiza-se processo de consistência dos dados.";"#NULO#"
"24/08/2022";"00:10:36";"2018";"5";"Eleições Gerais 2018";"RJ";"RJ";"RIO DE JANEIRO";"RJ085822018";"21/10/2018";"07630546000175";"DATAFOLHA INSTITUTO DE PESQUISAS LTDA.";"#NULO#";"Governador";"26/10/2018";"27/10/2018";"2940";"72.49A";"Renata Nunes César";"200600,00";"60579703000148";"EMPRESA FOLHA DA MANHA S.A.";"Recursos Próprios";"07630546000175";"DATAFOLHA INSTITUTO DE PESQUISAS LTDA.";"Pesquisa do tipo quantitativo, por amostragem, com aplicação de questionário estruturado e abordagem pessoal em pontos de fluxo populacional. O conjunto do eleitorado do Estado do Rio de Janeiro com 16 anos ou mais foi tomado como universo da pesquisa";"Universo: Eleitorado do Estado do Rio de Janeiro, com 16 anos ou mais. Tamanho da amostra: A amostra prevista é de 2.940 entrevistas. Técnica de amostragem: A amostra é estratificada por natureza dos municípios (capital, região metropolitana ou interior). Em cada estrato, num primeiro estágio, são sorteados os municípios que farão parte do levantamento. Num segundo estágio, são sorteados os bairros e pontos de abordagem onde serão aplicadas as entrevistas.  Por fim, os entrevistados são selecionados aleatoriamente para responder ao questionário, de acordo com cotas de sexo e faixa etária. Nesta amostra, o estrato referente à capital foi desproporcionalizado para permitir detalhamento. Nos resultados finais, as corretas proporções serão restabelecidas através de ponderação. A amostra prevista é de 2.940 questionários, sendo 1.200 na capital. Os dados utilizados para definição e seleção da amostra são baseados nos dados fornecidos pelo TSE ¿ Tribunal Superior Eleitoral (eleitorado de agosto 2018) e IBGE (Estimativa 2018). Os dados relativos a sexo e faixa etária são: Sexo masculino 46%, feminino: 54%, 16 a 24 anos 13%, 25 a 34 anos 19%, 35 a 44 anos 19%, 45 a 59 anos 25% e 60 anos ou mais 24%. Ponderação dos resultados: No processamento dos dados é realizada ponderação referente à proporção de cada cidade na amostra para correta representação das regiões. Está prevista a eventual ponderação para correção nos tamanhos dos segmentos considerando as variáveis sexo e faixa etária. Para as variáveis grau de instrução e nível econômico do entrevistado (renda familiar mensal), o fator previsto para ponderação é 1 (resultados obtidos em campo).   Área física: Serão realizadas entrevistas em 42 municípios, localizados no Estado do Rio de Janeiro. A relação completa dos municípios e bairros pesquisados será encaminhada a esse tribunal posteriormente até o sétimo dia seguinte à data de registro da pesquisa, conforme a Resolução 23.549/2017 do TSE, no art.2º §6º. Margem de Erro: A margem de erro máxima prevista é de 2 pontos percentuais para mais ou para menos, considerando um nível de confiança de 95%. Os intervalos de confiança serão calculados considerando os resultados obtidos para um nível de confiança de 95%.  ";"Os pesquisadores envolvidos na realização desta pesquisa são treinados pelo Instituto e recebem instruções específicas para cada projeto realizado. A coleta será feita com a utilização de tablet e questionário eletrônico. São checados, no mínimo, 30% dos questionários de cada pesquisador, seja in loco por supervisores de campo ou, posteriormente, por telefone. Internamente, todo o material é verificado e codificado. Antes do processamento final e emissão dos resultados, realiza-se processo de consistência dos dados.";"#NULO#"
"24/08/2022";"00:10:36";"2018";"5";"Eleições Gerais 2018";"RJ";"RJ";"RIO DE JANEIRO";"RJ088062018";"27/09/2018";"20815824000127";"MARCIO BARTOLOMEU AZEVEDO DA COSTA";"INTELIGENCE SERVICOS";"Governador";"25/09/2018";"26/09/2018";"600";"9327";"MARCIO BARTOLOMEU AZEVEDO DA COSTA";"12000,00";"20815824000127";"MARCIO BARTOLOMEU AZEVEDO DA COSTA";"#NULO#";"20815824000127";"MARCIO BARTOLOMEU AZEVEDO DA COSTA";"COLETA DE DADOS: Entrevistas pessoais com utilização de questionário elaborado de acordo com os objetivos da pesquisa. As entrevistas são realizadas por uma equipe de entrevistadores da empresa, devidamente treinada para abordagem deste tipo de público. A pesquisa é realizada com a população de 16 anos ou mais da área em estudo. O universo de habitantes é estratificado.";"O modelo de amostragem utilizado é o de conglomerados em 3 estágios. No primeiro estágio os municípios são selecionados probabilisticamente através do método PPT (Probabilidade Proporcional ao Tamanho), com base na população de 16 anos ou mais de cada município. No segundo estágio são selecionados os conglomerados: setores censitários, com PPT (Probabilidade Proporcional ao Tamanho) sistemático. A medida de tamanho é a população de 16 anos ou mais residente nos setores. Finalmente, no terceiro estágio é selecionado em cada conglomerado um número fixo de habitantes segundo cotas de variáveis descritas abaixo.FONTES DE DADOS PARA ELABORAÇÃO DA AMOSTRA: Censo 2010, PNAD 2014 e TSE 2016  PERFIL ECONÔMICO (PEA): Economicamente ativo (masculino) 74% (feminino) 47%. Não Economicamente ativo (masculino) 26% (feminino) 53%.ESTRATIFICAÇÃO POR SEXO: Masculino: 47% | Feminino: 53% ESTRATIFICAÇÃO POR FAIXA ETÁRIA: 16-24: 12% | 25-34: 19% | 35-44: 21% | 45-59: 26% 60 OU +: 22%  ESTRATIFICAÇÃO POR NÍVEL DE ESCOLARIDADE: ANALFABETOS: 5% | LÊ E ESCREVE: 9%  ENSINO FUNDAMENTAL: 42% | ENSINO MÉDIO: 36% | ENSINO SUPERIOR: 8% .MARGEM DE ERRO: A margem de erro estimada é de 4 pontos percentuais para mais ou para menos sobre os resultados encontrados no total da amostra. ";"CONTROLE DE QUALIDADE: Há filtragem em todos os questionários após a realização das entrevistas. Fiscalização em aproximadamente 20% dos questionários.";"ABRANGÊNCIA DO UNIVERSO EM ESTUDO: Rio de Janeiro, nos municípios de Itaboraí, Tanguá, Rio Bonito, Silva Jardim e Casimiro de Abreu."
"24/08/2022";"00:10:36";"2018";"5";"Eleições Gerais 2018";"RJ";"RJ";"RIO DE JANEIRO";"RJ088132018";"19/09/2018";"68802370000186";"IBOPE INTELIGENCIA PESQUISA E CONSULTORIA LTDA";"#NULO#";"Senador, Governador";"19/09/2018";"25/09/2018";"1512";"6208-A ";"Márcia Cavallari Nunes";"115445,98";"04067191000240";"EDITORA GLOBO S/A / EDITORA GLOBO";"Recursos Próprios";"68802370000186";"IBOPE INTELIGENCIA PESQUISA E CONSULTORIA LTDA";"Pesquisa quantitativa, que consiste na realização de entrevistas pessoais, com a aplicação de questionário estruturado junto a uma amostra representativa do eleitorado em estudo. Pesquisa realizada no estado do Rio de Janeiro.";"Representativo do eleitorado da área em estudo, elaborada em três estágios. No primeiro estágio faz-se um sorteio probabilístico dos municípios, onde as entrevistas serão realizadas, pelo método PPT (Probabilidade Proporcional ao Tamanho), tomando o eleitorado como base para tal seleção. No segundo estágio faz-se um sorteio probabilístico dos setores censitários, onde as entrevistas serão realizadas, pelo método PPT (Probabilidade Proporcional ao Tamanho), tomando a população de 16 anos ou mais residente nos setores como base para tal seleção. No terceiro e último estágio, dentro dos setores sorteados, os respondentes são selecionados através de quotas amostrais proporcionais em função de variáveis significativas, a saber: IDADE: 16-24 (masculino) 16% (feminino) 14%. 25-34 (masculino) 21% (feminino) 19%. 35-44 (masculino) 20% (feminino) 21%. 45-54 (masculino) 19% (feminino) 19%. 55 e+ (masculino) 24% (feminino) 28%. INSTRUÇÃO: Até Ensino Médio (masculino) 77% (feminino) 75%. Ensino Superior (masculino) 23% (feminino) 25%. NÍVEL ECONÔMICO: Economicamente ativo (masculino) 70% (feminino) 49%. Não Economicamente ativo (masculino) 30% (feminino) 51%. Está prevista eventual ponderação para correção das variáveis sexo e idade, com base nos percentuais anteriormente mencionados, caso ocorram diferenças superiores a 3 pontos percentuais entre o previsto na amostra e a coleta de dados realizada. Para as variáveis de grau de instrução e nível econômico do entrevistado, o fator previsto para ponderação é 1 (resultados obtidos em campo). O nível de confiança estimado é de 95% e a margem de erro máxima estimada considerando um modelo de amostragem aleatório simples, é de 03 (três) pontos percentuais para mais ou para menos sobre os resultados encontrados no total da amostra. FONTE DOS DADOS: Censo 2010 | PNADC 2016 | TSE 2018.";"Para a realização da pesquisa, utiliza-se uma equipe de entrevistadores e supervisores contratados pelo IBOPE INTELIGÊNCIA PESQUISA E CONSULTORIA LTDA. devidamente treinados para o trabalho. Após os trabalhos de campo, os questionários são submetidos a uma fiscalização de cerca de 20% (vinte por cento) dos questionários aplicados pelos entrevistadores. para verificação das respostas e da adequação dos entrevistados aos parâmetros amostrais.";"A área de abrangência da coleta é o estado do Rio de Janeiro. A relação das localidades selecionadas para aplicação da amostra será apresentada até o 7º dia seguinte ao registro da pesquisa, conforme expresso no art. 2º, §6º da Resolução 23.549/2017 do TSE."
"24/08/2022";"00:10:36";"2018";"5";"Eleições Gerais 2018";"RJ";"RJ";"RIO DE JANEIRO";"RJ088132018";"19/09/2018";"68802370000186";"IBOPE INTELIGENCIA PESQUISA E CONSULTORIA LTDA";"#NULO#";"Senador, Governador";"19/09/2018";"25/09/2018";"1512";"6208-A ";"Márcia Cavallari Nunes";"115445,98";"27865757000102";"GLOBO COMUNICACAO E PARTICIPACOES S/A / GCP,TV GLOBO, REDE GLOBO, GLOBO.COM, SOM LIVRE";"Recursos Próprios";"68802370000186";"IBOPE INTELIGENCIA PESQUISA E CONSULTORIA LTDA";"Pesquisa quantitativa, que consiste na realização de entrevistas pessoais, com a aplicação de questionário estruturado junto a uma amostra representativa do eleitorado em estudo. Pesquisa realizada no estado do Rio de Janeiro.";"Representativo do eleitorado da área em estudo, elaborada em três estágios. No primeiro estágio faz-se um sorteio probabilístico dos municípios, onde as entrevistas serão realizadas, pelo método PPT (Probabilidade Proporcional ao Tamanho), tomando o eleitorado como base para tal seleção. No segundo estágio faz-se um sorteio probabilístico dos setores censitários, onde as entrevistas serão realizadas, pelo método PPT (Probabilidade Proporcional ao Tamanho), tomando a população de 16 anos ou mais residente nos setores como base para tal seleção. No terceiro e último estágio, dentro dos setores sorteados, os respondentes são selecionados através de quotas amostrais proporcionais em função de variáveis significativas, a saber: IDADE: 16-24 (masculino) 16% (feminino) 14%. 25-34 (masculino) 21% (feminino) 19%. 35-44 (masculino) 20% (feminino) 21%. 45-54 (masculino) 19% (feminino) 19%. 55 e+ (masculino) 24% (feminino) 28%. INSTRUÇÃO: Até Ensino Médio (masculino) 77% (feminino) 75%. Ensino Superior (masculino) 23% (feminino) 25%. NÍVEL ECONÔMICO: Economicamente ativo (masculino) 70% (feminino) 49%. Não Economicamente ativo (masculino) 30% (feminino) 51%. Está prevista eventual ponderação para correção das variáveis sexo e idade, com base nos percentuais anteriormente mencionados, caso ocorram diferenças superiores a 3 pontos percentuais entre o previsto na amostra e a coleta de dados realizada. Para as variáveis de grau de instrução e nível econômico do entrevistado, o fator previsto para ponderação é 1 (resultados obtidos em campo). O nível de confiança estimado é de 95% e a margem de erro máxima estimada considerando um modelo de amostragem aleatório simples, é de 03 (três) pontos percentuais para mais ou para menos sobre os resultados encontrados no total da amostra. FONTE DOS DADOS: Censo 2010 | PNADC 2016 | TSE 2018.";"Para a realização da pesquisa, utiliza-se uma equipe de entrevistadores e supervisores contratados pelo IBOPE INTELIGÊNCIA PESQUISA E CONSULTORIA LTDA. devidamente treinados para o trabalho. Após os trabalhos de campo, os questionários são submetidos a uma fiscalização de cerca de 20% (vinte por cento) dos questionários aplicados pelos entrevistadores. para verificação das respostas e da adequação dos entrevistados aos parâmetros amostrais.";"A área de abrangência da coleta é o estado do Rio de Janeiro. A relação das localidades selecionadas para aplicação da amostra será apresentada até o 7º dia seguinte ao registro da pesquisa, conforme expresso no art. 2º, §6º da Resolução 23.549/2017 do TSE."
"24/08/2022";"00:10:36";"2018";"5";"Eleições Gerais 2018";"RJ";"RJ";"RIO DE JANEIRO";"RJ091342018";"04/05/2018";"81908345000140";"INSTITUTO PARANA DE PESQUISAS E ANALISE DE CONSUMIDOR LTDA";"#NULO#";"Governador, Senador";"04/05/2018";"09/05/2018";"1850";"10245";"Tatiani Cristina Ara";"35000,00";"07433596000162";"CASA BRASIL EMPREENDIMENTOS CULTURAIS E EDITORIAIS LTDA / CASA BRASIL";"Recursos Próprios";"81908345000140";"INSTITUTO PARANA DE PESQUISAS E ANALISE DE CONSUMIDOR LTDA";"Pesquisa com metodologia quantitativa, com a realização de entrevistas utilizando questionário estruturado junto a uma amostra representativa do eleitorado do Estado do Rio de Janeiro.";"A amostra será representativa dos moradores das áreas pesquisadas e será selecionada em três etapas. Na primeira etapa realiza-se um sorteio probabilístico dos municípios onde as entrevistas serão realizadas através do método PPT (Probabilidade Proporcional ao Tamanho), considerando a população eleitora com 16 anos ou mais residente nos municípios como base para essa seleção. Na segunda etapa, faz-se um sorteio probabilístico dos setores censitários, onde as entrevistas serão realizadas, através do método PPT (Probabilidade Proporcional ao Tamanho), tomando a população eleitora de 16 anos ou mais residente nos setores como base para essa seleção. Na terceira etapa, a seleção do entrevistado dentro do setor censitário, será feita utilizando-se quotas amostrais proporcionais, em função das seguintes variáveis:  SEXO:  Masculino - 46%.  Feminino - 54% |  FAIXA ETÁRIA:  Entre 16 e 24 anos: 13%.  Entre 25 e 34 anos: 19%.  Entre 35 e 44 anos: 20%.  Entre 45 e 59 anos: 25%.  Com 60 anos ou mais: 23% |  ESCOLARIDADE:  Até Ensino Médio: 73%.  Ensino Superior: 27% |  NÍVEL ECONÔMICO:  Economicamente Ativo: 63%.  Não Economicamente Ativo: 37%.  Está prevista eventual ponderação para correção das variáveis sexo, faixa etária e escolaridade, com base nos percentuais acima apresentados, caso ocorram diferenças superiores a 3,0 (três) pontos percentuais entre o previsto na amostra e a coleta realizada. Para as variáveis: Nível Econômico e Renda Familiar Mensal, o fator de ponderação é igual a 1, (resultados obtidos no campo). O nível de confiança estimado é de 95% (noventa e cinco por cento) para uma margem de erro máxima estimada, considerando uma técnica de amostragem aleatória simples, de 2,5 (dois vírgula cinco) pontos percentuais para mais ou para menos sobre os resultados obtidos. Fonte de Dados: IBGE e TSE 2018.";"As entrevistas serão realizadas por uma equipe de entrevistadores e supervisores devidamente qualificada pelo Instituto Paraná Pesquisas, com experiência e treinamento em pesquisas de opinião pública. No decorrer do trabalho de coleta de dados, os questionários aplicados serão auditados em aproximadamente 20% (vinte por cento) para verificação quanto ao cuidado na sua aplicação, bem como a adequação do entrevistado às variáveis das quotas amostrais.";"Conforme parágrafo 6º, do art 2º da Resolução TSE nº 23.549/2017,  Até o 7º dia ao registro da pesquisa, será ele (o registro da pesquisa) complementado com dados relativos aos municípios e bairros abrangidos. na ausência de delimitação do bairro, será identificada a área em que foi realizada .   A área de abrangência da coleta de dados é o Estado do Rio de Janeiro e a relação dos municípios e bairros selecionados para compor a amostra será apresentado até o 7º dia seguinte ao registro da pesquisa, conforme expresso no artigo supracitado."
"24/08/2022";"00:10:36";"2018";"5";"Eleições Gerais 2018";"RJ";"RJ";"RIO DE JANEIRO";"RJ097582018";"26/09/2018";"16832830000115";"GMR INTELIGENCIA DE MERCADO LTDA - EPP";"GMR INTELIGENCIA DE MERCADO";"Governador, Senador";"28/09/2018";"02/10/2018";"830";"9808";"Joel Carlos Rodrigues Otaviano";"24900,00";"16832830000115";"GMR INTELIGENCIA DE MERCADO LTDA - EPP";"#NULO#";"16832830000115";"GMR INTELIGENCIA DE MERCADO LTDA - EPP";"Pesquisa do tipo quantitativo, por amostragem, com aplicação de questionário estruturado e abordagem pessoal em pontos de fluxo populacional. O conjunto do eleitorado do Estado do Rio de Janeiro, com 16 anos ou mais, foi tomado como o universo da pesquisa.";"Universo: Eleitorado do Estado do Rio de Janeiro, com 16 anos ou mais. Tamanho da amostra: A amostra prevista é de 830 entrevistas. Técnica de amostragem: A amostra é estratificada por natureza dos municípios (capital, região metropolitana ou interior). Em cada estrato, num primeiro estágio, são sorteados os municípios que farão parte do levantamento. Num segundo estágio, são sorteados os bairros e pontos de abordagem onde serão aplicadas as entrevistas. Por fim, os entrevistados são selecionados aleatoriamente para responder ao questionário, de acordo com cotas de sexo e faixa etária. Os dados utilizados para definição e seleção da amostra são baseados nos dados fornecidos pelo Tribunal Superior Eleitoral (eleitorado de agosto 2018) e IBGE (Estimativa 2018). Os dados relativos a sexo e faixa etária são: Sexo masculino 46%, feminino: 54%, 16 a 24 anos 13%, 25 a 34 anos 19%, 35 a 44 anos 19%, 45 a 59 anos 25% e 60 anos ou mais 24%. ";"Serão realizadas entrevistas em 35 municípios, localizados no Estado do Rio de Janeiro. A relação completa dos municípios e bairros pesquisados será encaminhada a esse tribunal posteriormente até o sétimo dia seguinte à data de registro da pesquisa, conforme a Resolução 23.549/2017 do TSE, no art.2º §6º. Margem de Erro: A margem de erro máxima prevista é de 3,4 pontos percentuais para mais ou para menos, considerando um nível de confiança de 95%. Os intervalos de confiança serão calculados considerando os resultados obtidos para um nível de confiança de 95%.    Os pesquisadores envolvidos na realização desta pesquisa são treinados pela empresa e recebem instruções específicas para cada projeto realizado. A coleta será feita com a utilização de tablet e questionário eletrônico. São checados, no mínimo, 30% dos questionários de cada pesquisador, seja in loco por supervisores de campo ou, posteriormente, por telefone. Internamente, todo o material é verificado. Antes do processamento final e emissão dos resultados, realiza-se processo de consistência dos dados";"#NULO#"
