"DT_GERACAO";"HH_GERACAO";"AA_ELEICAO";"CD_ELEICAO";"NM_ELEICAO";"SG_UF";"SG_UE";"NM_UE";"NR_PROTOCOLO_REGISTRO";"DT_REGISTRO";"NR_CNPJ_EMPRESA";"NM_EMPRESA";"NM_EMPRESA_FANTASIA";"DS_CARGOS";"DT_INICIO_PESQUISA";"DT_FIM_PESQUISA";"QT_ENTREVISTADOS";"CD_CONRE";"NM_ESTATISTICO_RESP";"VR_PESQUISA";"NR_CPF_CNPJ_CONTRATANTE";"NM_CONTRATANTE";"DS_ORIGEM_RECURSO";"NR_CPF_CNPJ_PAGANTE";"NM_PAGANTE_PESQUISA";"DS_METODOLOGIA_PESQUISA";"DS_PLANO_AMOSTRAL";"DS_SISTEMA_CONTROLE";"DS_DADO_MUNICIPIO"
"24/08/2022";"00:10:36";"2018";"5";"Eleições Gerais 2018";"PI";"PI";"PIAUÍ";"PI001612018";"20/06/2018";"07608537000188";"CENTRO DE TREINAMENTO HUMANO LTDA - ME";"INSTITUTO GALAXY";"Governador, Deputado Estadual, Deputado Federal, Senador";"20/06/2018";"22/06/2018";"320";"5102";"Paulo Rubes Oliveira Jales de Carvalho";"1849,85";"07608537000188";"CENTRO DE TREINAMENTO HUMANO LTDA - ME";"#NULO#";"07608537000188";"CENTRO DE TREINAMENTO HUMANO LTDA - ME";"Ponderações quanto a sexo, idade, grau de instrução e nível econômico do entrevistado. Margem de Erro: A margem de erro máxima prevista para o total da amostra é de 5,48% pontos percentuais para mais ou para menos, considerando um nível de confiança (probabilidade do intervalo do erro) de 95%. Universo: Eleitorado da zona urbana do Município de Pedro II - PI, com 16 anos ou mais.";"Tamanho da amostra: A amostra prevista é de 320 entrevistas. Técnica de amostragem: A amostra é estratificada segundo combinação das variáveis sexo e faixa etária, renda e instrução do eleitorado de acordo com dados do TSE (eleitorado abril de 2018) e Fundação IBGE em se tratando de renda. Os tamanhos desses segmentos são: Sexo masculino: 47,86%, feminino 52,14%. Faixa Etária: 16 a 24 anos: 21,64%, 25 a 34 anos: 20,25%, 35 a 44 anos: 17,38%, 45 a 59 anos: 21,83% e 60 anos ou mais: 18,89%. Instrução: Analfabeto 17,12%. Lê e Escreve 20,43%, Fundamental incompleto a completo 30,96%, Médio incompleto a completo 22,84%, Superior incompleto a completo 8,64%. Faixa de Renda: Rendimento até 1 salário mínimo 81,72%, acima de 1 até 2 salários mínimos 11,85%, mais de 2 a 5 salários mínimos 5,10%, acima de 5a 10 salários mínimos 1,08%, acima de 10 salários mínimos 0,26%.";"A conferência e fiscalização da coleta dos dados são feitas com base na grade de campo em todo material coletado. Os pesquisadores envolvidos na realização desta pesquisa são treinados pelo Instituto e recebem instruções específicas para cada projeto realizado. São checados os questionários de cada pesquisador in loco por líder da pesquisa. Todo o material é verificado, codificado, digitado e, antes do processamento final, realiza-se a conferência através da análise de desvio-padrão das respostas pelo sistema e análise de gps.";"Santa Fé, Vila Operária, Centro, São Francisco, Areia Branca, Boa Esperança, Campestre, Saborá, Multirão, Engenho Novo, Santo Antônio, Caixa D¿água, Cristo Rei, Vila União, Pirapora,Ugurana"
"24/08/2022";"00:10:36";"2018";"5";"Eleições Gerais 2018";"PI";"PI";"PIAUÍ";"PI004112018";"13/02/2018";"10320257000184";"INSTITUTO PIAUIENSE DE OPINIAO PUBLICA LTDA - EPP";"AMOSTRAGEM OPINIAO E MERCADO";"Governador, Senador";"26/01/2018";"30/01/2018";"1137";"CONRE  - 7ª REGIÃO Nº 6695";"JOÃO BATISTA MENDES TELES";"67650,00";"00361945000139";"SISTEMA MEIO NORTE DE COMUNICACAO LTDA / MEIO NORTE";"Recursos Próprios";"10320257000184";"INSTITUTO PIAUIENSE DE OPINIAO PUBLICA LTDA - EPP";"Metodologia empregada: Amostragem não aleatória por cotas de sexo, faixa etária, grau de instrução, renda familiar, zona (urbana e rural), microrregiões e municípios. Entrevistas domiciliares e individuais.";"PLANO AMOSTRAL: Amostragem por cotas. O conjunto do eleitorado dos municípios é distribuído proporcionalmente por sexo, faixa etária, grau de instrução, classe de renda domiciliar. As variáveis: sexo, faixa etária e grau de instrução são ponderadas de acordo com as Estatísticas do Eleitorado do Piauí, TSE, Janeiro de 2018 referente aos municípios pesquisados. A variável classe de renda domiciliar é ponderada de acordo com as estatística do Censo Demográfico IBGE  2010. O nível de confiança é de 95% com margem de erro de 2,85% para mais ou para menos, nas estatísticas apresentadas para o total da amostra levantada considerando variância máxima, p=0,50. 1 ¿ p = 0,50.    Cotas de sexo: Masculino (539), Feminino (598),     Cotas de faixa etária:   16 a 17 anos (29), 18 a 24 anos (179), 25 a 34 anos (258), 35 a 44 anos (231), 45 a 59 anos (249), 60 e + anos (191),     Cotas de grau de instrução: Analfabeto (128), lê e escreve (117), Ensino fundamental incompleto/completo (280), Ensino médio incompleto/completo (443), superior incompleto (62), superior completo (107),     Cotas de classe de renda domiciliar:    Até R$ 954,00 (474),    de R$ 954,01 à R$ 1.908,00 (360),    de R$ 1.908,01 à R$ 4.770,00 (205), de R$ 4.770,01 à R$ 9.540,00 (74), mais de R$ 9.540,00 (24).";"SISTEMA INTERNO DE CONTROLE:  Supervisão interna em 100% dos questionários aplicados e crítica dos dados digitados feita pelo computador.  Checagem direta com retorno e/ou acompanhamento e/ou por telefone feita pelos supervisores de campo em no mínimo 20% dos questionários aplicados, de acordo com a exigência da ABEP ¿ Associação Brasileira de Empresas de Pesquisa. Relatórios de campo ¿ pesquisadores e supervisores.";"Municípios pesquisados por microrregião:    Baixo Parnaíba Piauiense (Batalha, Joaquim Pires, Esperantina, Piripiri).     Litoral Piauiense (Cajueiro da Praia, Luís Correia, Parnaíba).     Teresina (Teresina,  Lagoa Alegre, Altos).     Campo Maior (São João da Serra, Pedro II, Campo Maior, Capitão de Campos).     Médio Parnaíba Piauiense (Angical do Piauí, Regeneração, Amarante).     Valença do Piauí (Francinópolis, Elesbão Veloso, Valença do Piauí).    Alto Parnaíba Piauiense (Uruçuí).    Bertolínia (Landri Sales, Colônia do Gurguéia).    Floriano (São Francisco do Piauí, Floriano, Guadalupe).    Alto Médio Gurguéia (Bom Jesus, Monte Alegre do Piauí).     São Raimundo Nonato (Guaribas, Canto do Buriti, São Raimundo Nonato, Pajeú do Piauí).     Chapadas do Extremo Sul Piauiense (Corrente, Parnaguá).     Picos (Dom Expedito Lopes, Oeiras, Picos, Geminiano).     Pio IX (Alegrete do Piauí, Pio IX).     Alto Médio Canindé (Santo Inácio do Piauí, Campinas do Piauí, Simões, Jaicós, São João do Piauí, Paulistana, Paes Landim)."
"24/08/2022";"00:10:36";"2018";"5";"Eleições Gerais 2018";"PI";"PI";"PIAUÍ";"PI004422018";"18/08/2018";"22675543000141";"R10 COMUNICACAO EIRELI";"PORTAL R10";"Governador, Deputado Estadual, Deputado Federal, Senador";"22/08/2018";"23/08/2018";"300";"10190";"Stênio Rodrigues Lima";"1500,00";"22675543000141";"R10 COMUNICACAO EIRELI";"#NULO#";"22675543000141";"R10 COMUNICACAO EIRELI";"Eleitores com 16 ou mais anos de idade com domicílio eleitoral no município de Coivaras  ¿ PI, na zona urbana e rural. Trata-se de uma pesquisa preferencialmente domiciliar e individual através de uma amostra estratificada por cota de sexo, faixa etária, nível de instrução e faixa de renda, de acordo com a Resolução 23.453 TSE e dados do IBGE com referência no censo 2010. Todos os indivíduos terão a mesma chance de serem selecionados. ";"ZONA: URBANA (30%) RURAL (70%). SEXO: MASCULINO (51,54% - 155), FEMININO (48,46% - 145). FAIXA ETÁRIA até 24 anos (18,70% - 56), de 25 a 34 anos (21,64% - 65), de 35 a 44 anos (31,43% - 64), de 45 a 59 anos (23,24% - 70), 60 anos ou mais (14,99% - 45). ESCOLARIDADE: Analfabeto (6,29% - 19), Lê e escreve (19,04% - 57), 1º Grau inc/comp (33,80% - 101), 2º Grau inc/comp (32,80% - 98), 3º Grau inc/comp (8,08% - 24). RENDA Até 1 salário (75% - 225), entre 1 e 2 salários (15,28% - 46), entre 2 e 5 salários (6,94% - 21), entre 5 e 10 salários (1,39% - 04), Mais de 10 salários (1,39% - 04).   NÍVEL DE CONFIANÇA = 95%. NÍVEL DE SIGNIFICÂNCIA = 5% E MARGEM DE ERRO = 5,66%, com P = 0,5.   ";"Checagem pelo supervisor em pelo menos 20% dos questionários aplicados em campo ou por fone. Sistema próprio de pesquisa, formulação e tabulação dos dados em planilhas (Gráficos e Analíticos). ";"ZONA URBANA: Centro.  ZONA RURAL: Será adicionado posteriormente.  "
"24/08/2022";"00:10:36";"2018";"5";"Eleições Gerais 2018";"PI";"PI";"PIAUÍ";"PI005342018";"29/09/2018";"00654576000172";"INSTITUTO VERITA LTDA - EPP";"VERITA";"Senador, Governador";"02/10/2018";"05/10/2018";"2020";"7806";"James Richard Silva Santos Ferro";"78780,00";"00654576000172";"INSTITUTO VERITA LTDA - EPP";"#NULO#";"00654576000172";"INSTITUTO VERITA LTDA - EPP";"Pesquisa quantitativa, que consiste na realização de entrevistas, com a aplicação de questionário estruturado junto a uma amostra representativa do eleitorado desta Unidade da Federação.";"ESTUDO REPRESENTATIVO DO ELEITORADO DO ESTADO Piauí - MÉTODO PPT (Probabilidade Proporcional ao Tamanho)   -   PLANO AMOSTRAL E PONDERAÇÃO QUANTO A SEXO, IDADE, GRAU DE INSTRUÇÃO E NÍVEL ECONÔMICO DO ENTREVISTADO. INTERVALO DE CONFIANÇA E MARGEM DE ERRO: Representativo do eleitorado da área em estudo, elaborada, em vários estágios, da seguinte forma:   -   1. Divisão da UF em três estratos 2. Ordenação dos municípios de cada estrato segundo o porte, redividindo, em cada estrato, em Três subestratos contendo aproximadamente o mesmo número de domicílios. 3. Sorteio dos municípios por amostragem de conglomerados, de acordo com porte mantendo a proporção de eleitores  4. Sorteio, dentro de cada município de bairros ou setores censitários onde serão realizadas entrevistas. 5. Os respondentes são selecionados através de quotas amostrais proporcionais em função de variáveis significativas, a saber:  -   IDADE: FEMININO, 16 A 24 A NOS. 9,0%/ MASCULINO, 16 A 24 ANOS. 9,0% / FEMININO, 25 A 34 ANOS. 11,4% / MASCULINO, 25 A 34 ANOS. 10,7% /FEMININO, 35 A 44 ANOS. 10,6% / MASCULINO, 35 A 44 ANOS. 9,9% / FEMININO, 45 A 59 ANOS. 11,8%/ MASCULINO, 45 A 59 ANOS. 10,6% / FEMININO, 60 ANOS OU MAIS. 9,0%/ MASCULINO, 60 ANOS OU MAIS. 8,0%-  GRAU DE INSTRUÇÃO: Analfabeto até Ensino Médio completo 71,2%,  Superior incompleto, completo ou mais ou mais 28,8% -  NÍVEL ECONÔMICO: FEMININO Não PEA 54,1%, FEMININO PEA 45,9%, MASCULINO Não PEA 33,8%, MASCULINO PEA 66,2%    -    Está prevista eventual ponderação para correção das variáveis, com base nos percentuais anteriormente mencionados, caso ocorram diferenças superiores a margem de erro da pesquisa de  2,2 pontos percentuais entre o previsto na amostra e a coleta de dados realizada. Para as variáveis de grau de instrução e nível econômico do entrevistado, o fator previsto para ponderação é 1 (resultados obtidos em campo). O nível de confiança estimado é de 95% e a margem de erro máxima estimada considerando um modelo de amostragem aleatório simples, é de 2,2 pontos percentuais para mais ou para menos sobre os resultados encontrados no total da amostra. FONTE DOS DADOS: Censo 2010, PNAD 2017, TSE 2018, dentre outras";"Para a realização da pesquisa, utiliza-se uma equipe de entrevistadores e supervisores contratados pelo INSTITUTO VERITÁ LTDA. devidamente treinados para o trabalho. Após os trabalhos de campo, os questionários são submetidos a uma fiscalização de cerca de 20% (vinte por cento) dos questionários aplicados pelos entrevistadores. para verificação das respostas e da adequação dos entrevistadores aos parâmetros amostrais";"A PESQUISA NÃO FOI DIVULGADA."
"24/08/2022";"00:10:36";"2018";"5";"Eleições Gerais 2018";"PI";"PI";"PIAUÍ";"PI005592018";"29/09/2018";"68802370000186";"IBOPE INTELIGENCIA PESQUISA E CONSULTORIA LTDA";"#NULO#";"Governador, Senador";"29/09/2018";"05/10/2018";"812";"6208-A";"Márcia Cavallari Nunes";"89769,00";"06847495000175";"TV RADIO CLUBE DE TERESINA SA / ";"Recursos Próprios";"68802370000186";"IBOPE INTELIGENCIA PESQUISA E CONSULTORIA LTDA";"Pesquisa quantitativa, que consiste na realização de entrevistas pessoais, com a aplicação de questionário estruturado junto a uma amostra representativa do eleitorado em estudo. Pesquisa realizada no estado do Piauí.";"Representativo do eleitorado da área em estudo, elaborada em três estágios. No primeiro estágio faz-se um sorteio probabilístico dos municípios, onde as entrevistas serão realizadas, pelo método PPT (Probabilidade Proporcional ao Tamanho), tomando o eleitorado como base para tal seleção. No segundo estágio faz-se um sorteio probabilístico dos setores censitários, onde as entrevistas serão realizadas, pelo método PPT (Probabilidade Proporcional ao Tamanho), tomando a população de 16 anos ou mais residente nos setores como base para tal seleção. No terceiro e último estágio, dentro dos setores sorteados, os respondentes são selecionados através de quotas amostrais proporcionais em função de variáveis significativas, a saber: IDADE: 16-24 (masculino) 22% (feminino) 19%. 25-34 (masculino) 24% (feminino) 25%. 35-44 (masculino) 20% (feminino) 20%. 45-54 (masculino) 16% (feminino) 17%. 55 e+ (masculino) 18% (feminino) 19%. INSTRUÇÃO: Até Ensino Médio (masculino) 88% (feminino) 81%. Ensino Superior (masculino) 12% (feminino) 19%. NÍVEL ECONÔMICO: Economicamente ativo (masculino) 70% (feminino) 49%. Não Economicamente ativo (masculino) 30% (feminino) 51%. Está prevista eventual ponderação para correção das variáveis sexo e idade, com base nos percentuais anteriormente mencionados, caso ocorram diferenças superiores a 3 pontos percentuais entre o previsto na amostra e a coleta de dados realizada. Para as variáveis de grau de instrução e nível econômico do entrevistado, o fator previsto para ponderação é 1 (resultados obtidos em campo). O nível de confiança estimado é de 95% e a margem de erro máxima estimada considerando um modelo de amostragem aleatório simples, é de 03 (três) pontos percentuais para mais ou para menos sobre os resultados encontrados no total da amostra. FONTE DOS DADOS: Censo 2010 | PNADC 2016 | TSE 2018.    ";"Para a realização da pesquisa, utiliza-se uma equipe de entrevistadores e supervisores contratados pelo IBOPE INTELIGÊNCIA PESQUISA E CONSULTORIA LTDA. devidamente treinados para o trabalho. Após os trabalhos de campo, os questionários são submetidos a uma fiscalização de cerca de 20% (vinte por cento) dos questionários aplicados pelos entrevistadores. para verificação das respostas e da adequação dos entrevistados aos parâmetros amostrais.";"A área de abrangência da coleta é o estado do Piauí. A relação das localidades selecionadas para aplicação da amostra será apresentada até o 7º dia seguinte ao registro da pesquisa, conforme expresso no art. 2º, §6º da Resolução 23.549/2017 do TSE.    "
"24/08/2022";"00:10:36";"2018";"5";"Eleições Gerais 2018";"PI";"PI";"PIAUÍ";"PI005892018";"26/09/2018";"10320257000184";"INSTITUTO PIAUIENSE DE OPINIAO PUBLICA LTDA - EPP";"AMOSTRAGEM OPINIAO E MERCADO";"Senador, Governador";"25/09/2018";"27/09/2018";"600";"CONRE  - 7ª REGIÃO Nº 6695";"JOÃO BATISTA MENDES TELES";"12000,00";"04335074000130";"WEBPROM LTDA / WEBPROM";"Recursos Próprios";"10320257000184";"INSTITUTO PIAUIENSE DE OPINIAO PUBLICA LTDA - EPP";"Metodologia empregada: Amostragem não aleatória por cotas de sexo, faixa etária, grau de instrução, renda familiar, Superintendência de Desenvolvimento Urbano ¿ SDU e bairros. Entrevistas domiciliares e individuais. Coleta dos dados realizada por meio de TABLET.";"PLANO AMOSTRAL    Amostragem por cotas. O conjunto do eleitorado do município é distribuído proporcionalmente por sexo, faixa etária, grau de instrução, renda familiar. As variáveis: sexo, faixa etária e grau de instrução são ponderadas de acordo com as Estatísticas do Eleitorado do Piauí, TRE-PI, Setembro de 2018 referente ao município TERESINA-PI. A variável renda familiar é ponderada de acordo com as estatística do Censo Demográfico IBGE  2010. O intervalo de confiança é de 95% com margem de erro de 3,92% para mais ou para menos, nas estatísticas apresentadas para o total da amostra levantada considerando variância máxima p=0,50.     Cotas de sexo: Masculino (270), Feminino (330),     Cotas de faixa etária:   16 a 17 anos (10), 18 a 24 anos (90), 25 a 34 anos (140), 35 a 44 anos (130), 45 a 59 anos (140), 60 e + anos (90),     Cotas de grau de instrução: Analfabeto (10), lê e escreve (30), Ensino fundamental incompleto/completo (140), Ensino médio incompleto/completo (290), superior incompleto (50), superior completo (80),     Cotas de classe de renda domiciliar:    Até R$ 954,00 (100),    de R$ 954,01 à R$ 1.908,00 (150),    de R$ 1.908,01 à R$ 4.770,00 (200), de R$ 4.770,01 à R$ 9.540,00 (80), mais de R$ 9.540,00 (70).";"Supervisão interna em 100% dos questionários aplicados e crítica dos dados digitados feita pelo computador.  Checagem direta com retorno e/ou acompanhamento e/ou por telefone feita pelos supervisores de campo em no mínimo 20% dos questionários aplicados, de acordo com a exigência da ABEP ¿ Associação Brasileira de Empresas de Pesquisa. Relatórios de campo ¿ pesquisadores e supervisores.";"MUNICÍPIO PESQUISADO:  TERESINA-PIAUÍ    BAIRROS PESQUISADOS POR SDU:    1-SDU - CENTRO NORTE:  São Francisco, Aeroporto, Água Mineral, Alvorada, Aroeiras, Bom Jesus, Buenos Aires, Cabral, Santa Maria da Codipi /Parque Brasil I, II / Monte Verde / Francisca Trindade / Jacinta Andrade / Monte Alegre, Chapadinha, Mocambinho I, II, III / Santa Sofia, Morro da Esperança, Olaria, Poti Velho.    2-SDU - LESTE:  Campestre, Jóquei, Piçarreira, Samapi, São Cristóvão, São João, Satélite, Tabajaras, Vale Quem Tem / Geovane Prado / Loteamento Porto Seguro, Verde Lar.    3-SDU - SUDESTE:  Beira Rio, Colorado / Vila Bom Sucesso / Vila Urbano Eulálio / Monte Horebe, Extrema / Parque Alexandria / Parque Jurema, Gurupi / Alto da Ressureição, Dirceu Arcoverde I, II / Parque Itararé,  São Sebastião / Deus Quer.    4-SDU - SUL:  Angelim / Teresa Cristina I / II / Conjunto Mário Covas, Areias, Distrito Industrial, Lourival Parente, Monte Castelo, Morada Nova, Pio XII, Promorar, Redenção, Três Andares / Vila da Paz, Vermelha.  "
"24/08/2022";"00:10:36";"2018";"5";"Eleições Gerais 2018";"PI";"PI";"PIAUÍ";"PI009042018";"14/07/2018";"07608537000188";"CENTRO DE TREINAMENTO HUMANO LTDA - ME";"INSTITUTO GALAXY";"Senador, Deputado Distrital, Deputado Estadual, Governador, Deputado Federal";"14/07/2018";"14/07/2018";"320";"5102";"Paulo Rubes Oliveira Jales de Carvalho";"1487,07";"07608537000188";"CENTRO DE TREINAMENTO HUMANO LTDA - ME";"#NULO#";"07608537000188";"CENTRO DE TREINAMENTO HUMANO LTDA - ME";"Pesquisa do tipo quantitativo, por amostragem, com aplicação de questionários estruturados para tanto e abordagem pessoal domiciliar. O conjunto do eleitorado da zona urbana do Município de Esperantina - PI, com 16 anos ou mais será tomado como universo da pesquisa.";"Ponderações quanto a sexo, idade, grau de instrução e nível econômico do entrevistado. Margem de Erro: A margem de erro máxima prevista para o total da amostra é de 5,48% pontos percentuais para mais ou para menos, considerando um nível de confiança (probabilidade do intervalo do erro) de 95%. Universo: Eleitorado da zona urbana do Município de Esperantina  - PI, com 16 anos ou mais. Tamanho da amostra: A amostra prevista é de 320 entrevistas. Técnica de amostragem: A amostra é estratificada segundo combinação das variáveis sexo e faixa etária, renda e instrução do eleitorado de acordo com dados do TSE (eleitorado abril de 2018) e Fundação IBGE em se tratando de renda. Os tamanhos desses segmentos são: Sexo masculino: 48,50%, feminino 51,50%. Faixa Etária: 16 a 24 anos: 19,29%, 25 a 34 anos: 25,38%, 35 a 44 anos: 19,83%, 45 a 59 anos: 20,67% e 60 anos ou mais: 14,83%. Faixa de Instrução: Analfabeto 8,87%. Lê e Escreve 13,39%, Fundamental incompleto a completo 39,38%, Médio incompleto a completo 29,45%, Superior incompleto a completo 8,90%. Renda: Rendimento até 1 salário mínimo 73,23%, acima de 1 até 2 salários mínimos 18,23%, mais de 2 a 5 salários mínimos 7,06%, acima de 5 a 10 salários mínimos 0,99%, acima de 10 salários mínimos 0,48%.";"A conferência e fiscalização da coleta dos dados são feitas com base na grade de campo em todo material coletado. Os pesquisadores envolvidos na realização desta pesquisa são treinados pelo Instituto e recebem instruções específicas para cada projeto realizado. São checados os questionários de cada pesquisador in loco por líder da pesquisa. Todo o material é verificado, codificado, digitado e, antes do processamento final, realiza-se a conferência através da análise de desvio-padrão das respostas pelo sistema e análise de gps.";"Alecrim, Batista de Amorim, Canto da Velha, Centro, Chapadinha Norte, Chapadinha Sul, Conj. Bernardo Rego, Cruzeiro, Mão Santa, Mutirão, Nova Esperança, Palestina, Rural"
"24/08/2022";"00:10:36";"2018";"5";"Eleições Gerais 2018";"PI";"PI";"PIAUÍ";"PI011612018";"23/08/2018";"09636807000190";"INSTITUTO DE PESQUISA DATA AZ LTDA - ME";"#NULO#";"Governador, Deputado Estadual, Deputado Federal, Senador";"24/08/2018";"27/08/2018";"1250";"9356 7º Região";"Laércio de Sousa Araújo";"20000,00";"09636807000190";"INSTITUTO DE PESQUISA DATA AZ LTDA - ME";"#NULO#";"09636807000190";"INSTITUTO DE PESQUISA DATA AZ LTDA - ME";"Eleitores com 16 ou mais anos de idade com domicílio eleitoral do estado do Piauí. Trata-se de uma pesquisa preferencialmente domiciliar e individual através de uma amostra quantitativa de acordo com a Resolução 23.549/2017, dentro das cotas de sexo, faixa etária, nível de instrução e faixa de renda (dados do IBGE e referência na estimativa da população 2017, com uma população eleitoral de 2.370.894 ¿ até jul2018).";"SEXO: MASCULINO (48%), FEMININO (52%). FAIXA ETÁRIA até 24 anos (19%), de 25 a 34 anos (22%), de 35 a 44 anos (20%), de 45 a 59 anos (22%), 60 anos ou mais (17%). ESCOLARIDADE: Analfabeto (9%), Lê e escreve (16%), 1º Grau inc/comp (29%), 2º Grau inc/comp (33%), 3º Grau inc/comp (12%). RENDA Até 1 salário (50%), entre 1 e 2 salários (31%), entre 2 e 3 salários (11%), entre 3 e 4 salários (5%), Mais de 4 salários (3%).  Nível de confiança = 95%. nível de significância = 5% E margem de erro = 2,8%, com P = 0,5  ";"Checagem pelo supervisor em pelo menos 20% dos questionários aplicados em campo ou por fone. Questionários aplicados eletronicamente, por meio de tablets, com sistema próprio de pesquisa, formulação e tabulação.";"¿ Planície Litorânea ¿ Parnaíba, Luís Correia, Buriti dos Lopes.  ¿ Cocais ¿ Barras, Batalha, Esperantina, Luzilândia, Piripiri, Piracuruca, Pedro II, Cocal.  ¿ Carnaubais ¿ Campo Maior, Castelo do Piauí, São Miguel do Tapuio.  ¿ Entre Rios ¿ Teresina, José de Freitas, Altos, Água Branca, Amarante, Regeneração, Angical do Piauí, São Pedro do Piauí, Demerval Lobão, Monsenhor Gil, Palmeirais, União, Miguel Alves, Passagem Franca do Piauí, Barro Duro, Nazária.  ¿ Vale do Sambito ¿ Elesbão Veloso, Inhuma, Valença do Piauí, Ipiranga do Piauí.  ¿ Vale do Rio Guaribas ¿ Picos, Dom Expedito Lopes.  ¿ Vale do Rio Canindé ¿ Simplício Mendes, Conceição do Canindé, Oeiras.  ¿ Serra da Capivara ¿ São João do Piauí, São Raimundo Nonato.  ¿ Vale dos Rios Piauí e Itaueira ¿ Floriano, Itaueira, Canto do Buriti.  ¿ Tabuleiros do Alto Parnaíba ¿ Bertolínia, Sebastião Leal, Uruçuí.  ¿ Chapada das Mangabeiras ¿ Colônia do Gurguéia, Cristino Castro, Gilbués, Bom Jesus, Corrente, Monte Alegre do Piauí, Alvorada do Gurguéia.  ¿ Chapada do Vale do Rio Itaim ¿ Paulistana, Jaicós, Jacobina do Piauí.  Patos do Piauí, Anésio de Abreu, Joaquim Pires, Capitão de Campos, Cabeceiras do Piauí, Brasileira, Currais, Santa Luz.  "
"24/08/2022";"00:10:36";"2018";"5";"Eleições Gerais 2018";"PI";"PI";"PIAUÍ";"PI011842018";"25/07/2018";"15563771000164";"INSTITUTO CREDIBILIDADE LTDA";"INSTITUTO CREDIBILIDADE";"Senador, Deputado Federal, Deputado Estadual, Governador";"18/07/2018";"23/07/2018";"1200";"5102 (7ª REGIÃO)";"PAULO RUBENS OLIVEIRA JALES DE CARVALHO";"28000,00";"23499973000112";"PARTIDO DA SOCIAL DEMOCRACIA BRASILEIRA / P S D B";"Fundo Partidário";"15563771000164";"INSTITUTO CREDIBILIDADE LTDA";"A metodologia empregada nesta pesquisa utilizará uma amostragem aleatória estratificada proporcional por sexo, idade, escolaridade e renda distribuídas na zona urbana e rural através de entrevistas domiciliares e individuais no estado do Piauí, obedecendo à proporção da divisão pelos 12 Territórios. A Pesquisa será realizada no período de 18 a 23 de julho de 2018 nas cidades constantes no plano amostral com um total de 1200 entrevistas.";"O método de amostragem que será utilizada nesta pesquisa quantitativa eleitoral será através de uma amostra probabilística aleatória estratificada proporcional (tabela abaixo), visto que a população de origem é considerada heterogênea, pois a mesma estará dividida em estratos referentes de acordo a divisão geopolítica do estado do PIAUÍ. renda (em salários mínimos), escolaridade, idade e sexo. Sendo que, as variáveis sexo, idade e escolaridade, terão as escalas distribuídas de acordo com as estatísticas do Tribunal Superior Eleitoral (TSE) de junho de 2018. Enquanto que a variável renda do chefe do domicílio, segundo o que estabelece o Instituto Brasileiro de Geografia e Estatística (IBGE), através do Censo de 2010. As escolhas de base de ambos os institutos foram selecionados, pois não se diverge da classificação eleitoral proposta pelo TSE. Ainda, para a realização do estudo levantou-se o tamanho populacional de eleitores pertencente ao estado do PIAUÍ, e com uma margem de erro de 2,8% para mais ou para menos e uma margem de confiança de 95%, chegou-se em uma amostra significativa e aleatória de 1200 eleitores a pesquisar, assim distribuídos: SEXO: Masculino ¿ 577, Feminino 623/ Faixa Etária: De 16 a 17 anos ¿ 26, de 18 a 24 anos ¿ 190, de 25 a 34 anos ¿ 268, de 35 a 44 anos ¿ 245, de 45 a 59 anos ¿ 270, de 60 anos ou mais 201. RENDA FAMILIAR: Até 1 Sal. Mínimo ¿ 667, Mais de de 1 a 2 Sal. Mínimos ¿ 276, Mais de 2 Sal. Mínimos ¿ 257. ESOLARIDADE: Analfabetos -113, Ensino Fundamental ¿ 545, Ensino Médio ¿ 394, Ensino Superior ¿ 148";"Equipe aplicadora dos questionários estruturados formada por 15 entrevistadores e 1 supervisor devidamente treinados. Todos os questionários serão supervisionados no trabalho de campo pelo supervisor (diretamente ou acompanhamento) verificando a aplicação correta da grade e 20% será checada posteriormente a coleta (diretamente no local pelo supervisor), haverá ainda supervisão interna de todos os questionários aplicados (1200) e crítica dos dados digitados feita pelo computador/coordenação.";"TERRITÓRIO PLANÍCIE LITORÂNEA QUANT  BOM PRINCÍPIO 4  LUIS CORREIA 8  PARNAÍBA 63  BURITI DOS LOPES 11  COCAL 14  TERRITÓRIO DOS COCAIS   BARRAS 20  BATALHA 15  ESPERANTINA 18  CAMPO LARGO 8  LUZILÂNDIA 14  LAGOA DE SÃO FRANCISCO 5  PIRACURUCA 15  PIRIPIRI 32  PEDRO II 19  TERRITÓRIOCARNAUBAIS   CABECEIRAS DO PIAUÍ 6  CAMPO MAIOR 25  JATOBÁ 6  SÃO MIGUEL DO TAPUIO 4  CASTELO DO PIAUÍ 13  TERRITÓRIO ENTRE RIOS   MIGUEL ALVES 15  ALTOS 18  JOSÉ DE FREITAS 22  TERESINA 297  UNIÃO 25  DEMERVAL LOBÃO 9  MONSENHOR GIL 8  ÁGUA BRANCA 10  AMARANTE 10  BARRO DURO 6  PALMEIRAIS 10  REGENERAÇÃO 10  SÃO PEDRO DO PIAUÍ 8  TERRITÓRIO VALE DO SAMBITO   ELESBÃO VELOSO 12  INHUMA 12  IPIRANGA DO PIAUÍ 6  VALENÇA DO PIAUÍ 16  TERRITÓRIO VALE DO RIO GUARIBAS   SANTO ANTÔNIO DE LISBOA 5  PICOS 39  FRANCISCO SANTOS 6  PIO IX 14  SÃO JULIÃO 6  CAMPO GRANDE DO PIAUÍ 6  BOCAINA 4  DOM EXPEDITO LOPES 5  TERRITÓRIO CHAPADA VALE DO RIO ITAIM   FRANCISCO MACEDO 5  JAICÓS 12  MARCOLÂNDIA 7  PADRE MARCOS 6  SIMÕES 10  PAULISTANA 12  TERRITÓRIO VALE DO RIO CANINDÉ   COLÔNIA DO PIAUÍ 5  OEIRAS 25  SANTA ROSA DO PIAUI 4  SANTO INÁCIO DO PIAUÍ 5  SIMPLÍCIO MENDES 8  TERRITÓRIO SERRA DA CAPIVARA   SÃO JOÃO DO PIAUÍ 13  CAPITÃO GERVASIO OLIVEIRA 5  SÃO RAIMUNDO NONATO 21  ANÍSIO DE ABREU 7  SÃO LOURENÇO DO PIAUÍ 4  VÁRZEA BRANCA 5  TERRITÓRIO VALES DOS RIOS PIAUÍ E ITAUIERA   FLORIANO 33  SÃO JOSÉ DO PEIXE 5  ITAUEIRA 9  CANTO DO BURITI 14  TERRITÓRIO TABOLERIOS DO ALTO PARNAIBA   PORT ALEGRE 7  URUÇUÍ 10  MARCOS PARENTE 5  CANAVIEIRA 5  JERUMENHA 5  TERRITÓRIO CHAPADA DAS MANGABEIRAS   ELIZEU MARTINS 7  MANOEL EMÍDIO 6  SANTA LUZ 5  BOM JESUS 16  PALMEIRA DO PIAUÍ 5  GILBUÉS 8  SEBASTIÃO BARROS 5  CORRENTE 17  CURIMATÁ 5   1200  "
"24/08/2022";"00:10:36";"2018";"5";"Eleições Gerais 2018";"PI";"PI";"PIAUÍ";"PI013302018";"31/08/2018";"09636807000190";"INSTITUTO DE PESQUISA DATA AZ LTDA - ME";"#NULO#";"Governador, Deputado Estadual, Deputado Federal, Senador";"03/09/2018";"06/09/2018";"1250";"9356 7° região";"Laércio de Sousa Araujo";"20000,00";"09636807000190";"INSTITUTO DE PESQUISA DATA AZ LTDA - ME";"#NULO#";"09636807000190";"INSTITUTO DE PESQUISA DATA AZ LTDA - ME";"Eleitores com 16 ou mais anos de idade com domicílio eleitoral do estado do Piauí. Trata-se de uma pesquisa preferencialmente domiciliar e individual através de uma amostra quantitativa de acordo com a Resolução 23.549/2017, dentro das cotas de sexo, faixa etária, nível de instrução e faixa de renda (dados do IBGE e referência na estimativa da população 2017, com uma população eleitoral de 2.370.894 ¿ até jul2018).";"SEXO: MASCULINO (48%), FEMININO (52%). FAIXA ETÁRIA até 24 anos (19%), de 25 a 34 anos (22%), de 35 a 44 anos (20%), de 45 a 59 anos (22%), 60 anos ou mais (17%). ESCOLARIDADE: Analfabeto (9%), Lê e escreve (16%), 1º Grau inc/comp (29%), 2º Grau inc/comp (33%), 3º Grau inc/comp (12%). RENDA Até 1 salário (50%), entre 1 e 2 salários (31%), entre 2 e 3 salários (11%), entre 3 e 4 salários (5%), Mais de 4 salários (3%).  Nível de confiança = 95%. nível de significância = 5% E margem de erro = 2,8%, com P = 0,5.  ";"Checagem pelo supervisor em pelo menos 20% dos questionários aplicados em campo ou por fone. Questionários aplicados eletronicamente, por meio de tablets, com sistema próprio de pesquisa, formulação e tabulação.";"¿ Planície Litorânea ¿ Parnaíba, Luís Correia, Buriti dos Lopes.  ¿ Cocais ¿ Barras, Batalha, Esperantina, Luzilândia, Piripiri, Piracuruca, Pedro II, Cocal.  ¿ Carnaubais ¿ Campo Maior, Castelo do Piauí, São Miguel do Tapuio.  ¿ Entre Rios ¿ Teresina, José de Freitas, Altos, Água Branca, Amarante, Regeneração, Angical do Piauí, São Pedro do Piauí, Demerval Lobão, Monsenhor Gil, Palmeirais, União, Miguel Alves, Passagem Franca do Piauí, Barro Duro, Nazária.  ¿ Vale do Sambito ¿ Elesbão Veloso, Inhuma, Valença do Piauí, Ipiranga do Piauí.  ¿ Vale do Rio Guaribas ¿ Picos, Dom Expedito Lopes.  ¿ Vale do Rio Canindé ¿ Simplício Mendes, Conceição do Canindé, Oeiras.  ¿ Serra da Capivara ¿ São João do Piauí, São Raimundo Nonato.  ¿ Vale dos Rios Piauí e Itaueira ¿ Floriano, Itaueira, Canto do Buriti.  ¿ Tabuleiros do Alto Parnaíba ¿ Bertolínia, Sebastião Leal, Uruçuí.  ¿ Chapada das Mangabeiras ¿ Colônia do Gurguéia, Cristino Castro, Gilbués, Bom Jesus, Corrente, Monte Alegre do Piauí, Alvorada do Gurguéia.  ¿ Chapada do Vale do Rio Itaim ¿ Paulistana, Jaicós, Jacobina do Piauí.  Patos do Piauí, Anísio de Abreu, Joaquim Pires, Capitão de Campos, Cabeceiras do Piauí, Brasileira, Currais, Santa Luz"
"24/08/2022";"00:10:36";"2018";"5";"Eleições Gerais 2018";"PI";"PI";"PIAUÍ";"PI016182018";"18/08/2018";"22675543000141";"R10 COMUNICACAO EIRELI";"PORTAL R10";"Governador, Deputado Estadual, Deputado Federal, Senador";"20/08/2018";"21/08/2018";"300";"10190";"Stênio Rodrigues Lima";"1500,00";"22675543000141";"R10 COMUNICACAO EIRELI";"#NULO#";"22675543000141";"R10 COMUNICACAO EIRELI";"Eleitores com 16 ou mais anos de idade com domicílio eleitoral no município de Alto Longá ¿ PI, na zona urbana e rural. Trata-se de uma pesquisa preferencialmente domiciliar e individual através de uma amostra estratificada por cota de sexo, faixa etária, nível de instrução e faixa de renda, de acordo com a Resolução 23.453 TSE e dados do IBGE com referência no censo 2010. Todos os indivíduos terão a mesma chance de serem selecionados. ";"ZONA: URBANA (49%) RURAL (51%). SEXO: MASCULINO (50,25% - 151), FEMININO (49,75% - 149). FAIXA ETÁRIA até 24 anos (18,36% - 55), de 25 a 34 anos (21,48% - 64), de 35 a 44 anos (19,19% - 58), de 45 a 59 anos (23,28% - 70), 60 anos ou mais (17,69% - 53). ESCOLARIDADE: Analfabeto (7,76% - 23), Lê e escreve (23,27% - 70), 1º Grau inc/comp (30,91% - 93), 2º Grau inc/comp (29,69% - 89), 3º Grau inc/comp (8,38% - 25). RENDA Até 1 salário (51,33% - 154), entre 1 e 2 salários (33,67% - 101), entre 2 e 5 salários (8,54% - 26), entre 5 e 10 salários (3,56% - 11), Mais de 10 salários (2,90% - 09).   NÍVEL DE CONFIANÇA = 95%. NÍVEL DE SIGNIFICÂNCIA = 5% E MARGEM DE ERRO = 5,66%, com P = 0,5.  ";"Checagem pelo supervisor em pelo menos 20% dos questionários aplicados em campo ou por fone. Sistema próprio de pesquisa, formulação e tabulação dos dados em planilhas (Gráficos e Analíticos). ";"ZONA URBANA: Centro, Recreio. Flor do dia, Conj. Habitacional, Baixa da Carnaúba, Piçarra, Jardim, Brejinho, Boa Vista e Bom Princípio.  ZONA RURAL: Baixa do Sambito, Lagoinha, Cercado, São Rafael, Pernambuquinho, Cortado, São Nicolau, Baixa da Roça, São Francisco, Lagoa do Longá, Invejada dos Franklin, Invejada dos Cardosos e Buritizal.  "
"24/08/2022";"00:10:36";"2018";"5";"Eleições Gerais 2018";"PI";"PI";"PIAUÍ";"PI017752018";"13/09/2018";"22675543000141";"R10 COMUNICACAO EIRELI";"PORTAL R10";"Governador, Deputado Estadual, Deputado Federal, Senador";"14/09/2018";"16/09/2018";"1000";"10526";"JOSÉ DOS REIS CUNHA FILHO";"5000,00";"22675543000141";"R10 COMUNICACAO EIRELI";"#NULO#";"22675543000141";"R10 COMUNICACAO EIRELI";"Eleitores com 16 ou mais anos de idade com domicílio eleitoral no município de Teresina ¿ PI, na zona urbana e rural. Trata-se de uma pesquisa preferencialmente domiciliar e individual através de uma amostra estratificada por cota de sexo, faixa etária, nível de instrução e faixa de renda, de acordo com a Resolução 23.453 TSE e dados do IBGE com referência no censo 2010. Todos os indivíduos terão a mesma chance de serem selecionados. ";"SEXO: MASCULINO (45% - 450), FEMININO (55% - 550). FAIXA ETÁRIA até 24 anos (15% - 150), de 25 a 34 anos (24% - 240), de 35 a 44 anos (22% - 220), de 45 a 59 anos (24% - 240), 60 anos ou mais (15% - 150). ESCOLARIDADE: Analfabeto (2,4% - 24), Lê e escreve (6% - 60), 1º Grau inc/comp (24,5% - 245), 2º Grau inc/comp (45,3% - 453), 3º Grau inc/comp (21,8% - 218). RENDA Até 1 salário (20% - 200), entre 1 e 2 salários (44% - 440), entre 2 e 5 salários (17% - 170), entre 5 e 10 salários (10% - 100), Mais de 10 salários (9% - 90).   NÍVEL DE CONFIANÇA = 95%. NÍVEL DE SIGNIFICÂNCIA = 5% E MARGEM DE ERRO = 3,1%, com P = 0,5.  ";"Checagem pelo supervisor em pelo menos 20% dos questionários aplicados em campo ou por fone. Sistema próprio de pesquisa, formulação e tabulação dos dados em planilhas (Gráficos e Analíticos). ";"ZONA NORTE - Jacinta Andrade, Acarape, Aeroporto, Água Mineral, Alto Alegre, Buenos Aires, Itaperu, Mafrense, Matadouro, Memorare, Mocambinho, Parque Alvorada, Poti Velho, Primavera, Real Copagre, Santa Maria da Codipe, Santa Sofia, São Francisco, São Joaquim. ZONA SUL/RURAL ¿ Angelim, Bela Vista, Lourival Parente, Morada Nova, Parque Piauí, Parque São João, Parque Sul, Portal da Alegria, Porto Alegre, Promorar, Redenção, Saci, Esplanada, Tabuleta, Três Andares, Vila Irmã Dulce, Cerâmica Cil I e II, Chapadinha. ZONA LESTE/RURAL ¿ Campestre, Fátima, Horto Florestal, Ininga, Jóquei, Morada do Sol, Noivos, Pedra Mole, Piçarreira, Planalto Uruguai, Recanto das Palmeiras, Santta Isabel, São Cristovão, São João, Satélite, Socopo, Uruguai, Vale do Gavião, Vale Quem Tem e Santa Teresa. ZONA SUDESTE ¿ Cumprida, Dirceu I e II, Extrema, Gurupi, Itararé, Novo Horizonte, Parque Ideal, Parque Poti, Redonda, Renascença, São Paulo, São Sebastião, Tancredo Neves, Todos os Santos, Usina Santana, Verde Cap. ZONA CENTRO ¿ Frei Serafim, Cabral, Centro Norte/Sul, Cristo Rei, Ilhotas, Macaúba, Mafuá, Marquês, Matinha, Monte Castelo, Morro da Esperança, Nossa Senhora das Graças, Piçarra, Pio XII, Pirajá, Porenquanto, São Pedro, Vermelha, Vila Operária."
"24/08/2022";"00:10:36";"2018";"5";"Eleições Gerais 2018";"PI";"PI";"PIAUÍ";"PI019292018";"11/07/2018";"19190101000109";"OPINAR PESQUISAS LTDA.";"OPINAR PESQUISAS";"Governador, Deputado Estadual, Deputado Federal, Senador";"12/07/2018";"14/07/2018";"1082";"8749";"kleison de Paiva Freitas";"28000,00";"09590480000162";"TELEVISAO PIONEIRA LTDA / ";"Recursos Próprios";"19190101000109";"OPINAR PESQUISAS LTDA.";"A metodologia empregada nesta pesquisa utilizará uma amostragem aleatória estratificada proporcional por sexo, idade, escolaridade e renda distribuídas na zona urbana e rural através de entrevistas domiciliares e individuais no estado do Piauí. A Pesquisa será realizada no período de 12 a 14 de julho de 2018 nas cidades descriminadas no plano amostral com um total de 1082 entrevistas.";"O método de amostragem que será utilizada nesta pesquisa quantitativa eleitoral será através de uma amostra probabilística aleatória estratificada proporcional (tabela abaixo), visto que a população de origem é considerada heterogênea, pois a mesma estará dividida em estratos referentes de acordo a divisão geopolítica do estado do PIAUÍ.   Para isso, foi elaborado inicialmente um questionário de pesquisa (em anexo), como ferramenta de coleta de dados em que as variáveis que serão coletadas do público-alvo analisado em cada zona rural e/ou urbana de cada  município citado são: renda (em salários mínimos), escolaridade, idade e sexo. Sendo que, as variáveis sexo, idade e escolaridade, terão as escalas distribuídas de acordo com as estatísticas do Tribunal Superior Eleitoral (TSE) de junho de 2018. Enquanto que a variável renda do chefe do domicílio, segundo o que estabelece o Instituto Brasileiro de Geografia e Estatística (IBGE), através do Censo de 2010. As escolhas de base de ambos os institutos foram selecionados, pois não se diverge da classificação eleitoral proposta pelo TSE. Ainda, para a realização do estudo levantou-se o tamanho populacional de eleitores pertencente ao estado do PIAUÍ, e com uma margem de erro de 2,97% para mais ou para menos e uma margem de confiança de 95%, chegou-se em uma amostra significativa e aleatória de 1082 eleitores a pesquisar, assim distribuídos:  Sexo 1082  Feminino 562  Masculino 520  Idade 1082  16 e 17 anos    23  de 18 a 24 anos 171  de 25 a 34 anos 242  de 35 a 44 anos 221  de 45 a 59 anos 243  mais de 60 anos 182  Renda 1082  Até R$ 954,00 601  De R$ 954,01 a R$ 1.908,00  249  De R$ 1.908,01 a R$ 4770,00  166  De R$ 4770,01 a R$ 9540,00  45  Mais de R$ 9540,01 21  Escolaridade 1082  Analfabeto 102  Le e escreve 175  Ensino Fundamental 316  Ensino Médio 356  Superior 133  ";"Com o objetivo de garantir que o estudo não é passível de víeis que beneficie determinados públicos-alvo ou algum segmento partidário, a equipe aplicadora dos questionários de pesquisas será formada por 22 entrevistadores e 1 supervisor de campo. Assim, todos os questionários serão supervisionados no trabalho de campo pelo supervisor (diretamente ou acompanhamento) e 20% dos questionários serão checados posteriormente (diretamente no local ou por telefone) pelo supervisor, para evitar erros que corroborem com alguma tendência dos dados. Haverá ainda uma supervisão interna de todos os questionários (1082) aplicados e uma análise crítica dos dados digitados no software de análise estatística.";"A distribuição das entrevistas nos municípios (Zona Urbana e Rural) do estado do PIAUÍ será:    Município  Amostra   Urbana   rural   1 JAICÓS 22,00 10,00 12,00  2 PAULISTANA 25,00 13,00 12,00  3 SÃO JOÃO DO PIAUÍ 21,00 14,00 7,00  4 SIMÕES 19,00 8,00 11,00  5 SIMPLÍCIO MENDES 15,00 9,00 6,00  6 BOM JESUS 15,00 12,00 3,00  7 GILBUÉS 7,00 4,00 3,00  8 MONTE ALEGRE DO PIAUÍ 7,00 2,00 5,00  9 BAIXA GRANDE DO RIBEIRO 5,00 3,00 2,00  10 URUÇUÍ 10,00 8,00 2,00  11 COLÔNIA DO GURGUÉIA 7,00 6,00 1,00  12 LANDRI SALES 8,00 6,00 2,00  13 BARRAS 21,00 10,00 11,00  14 BATALHA 13,00 5,00 8,00  15 ESPERANTINA 18,00 11,00 7,00  16 JOAQUIM PIRES 6,00 2,00 4,00  17 LUZILÂNDIA 11,00 6,00 5,00  18 MIGUEL ALVES 14,00 5,00 9,00  19 PIRIPIRI 31,00 22,00 9,00  20 AVELINO LOPES 8,00 5,00 3,00  21 CORRENTE 19,00 12,00 7,00  22 CAMPO MAIOR 35,00 26,00 9,00  23 PEDRO II 30,00 18,00 12,00  24 SÃO MIGUEL DO TAPUIO 15,00 6,00 9,00  25 FLORIANO 30,00 26,00 4,00  26 GUADALUPE 6,00 6,00 0,00  27 ITAUEIRA 6,00 3,00 3,00  28 BURITI DOS LOPES 10,00 5,00 5,00  29 COCAL 12,00 6,00 6,00  30 PARNAÍBA 67,00 63,00 4,00  31 PIRACURUCA 15,00 10,00 5,00  32 ÁGUA BRANCA 10,00 9,00 1,00  33 AMARANTE 11,00 6,00 5,00  34 PALMEIRAIS 9,00 3,00 6,00  35 REGENERAÇÃO 11,00 9,00 2,00  36 SÃO PEDRO DO PIAUÍ 7,00 4,00 3,00  37 OEIRAS 26,00 16,00 10,00  38 PICOS 47,00 37,00 10,00  39 FRANCISCO SANTOS 8,00 4,00 4,00  40 PIO IX 15,00 4,00 11,00  41 CANTO DO BURITI 18,00 10,00 8,00  42 SÃO RAIMUNDO NONATO 29,00 19,00 10,00  43 ALTOS 15,00 11,00 4,00  44 DEMERVAL LOBÃO 5,00 4,00 1,00  45 JOSÉ DE FREITAS 15,00 9,00 6,00  46 MONSENHOR GIL 4,00 2,00 2,00  47 TERESINA 269,00 254,00 15,00  48 UNIÃO 16,00 8,00 8,00  49 ELESBÃO VELOSO 12,00 8,00 4,00  50 INHUMA 12,00 6,00 6,00  51 VALENÇA DO PIAUÍ 15,00 12,00 3,00       "
"24/08/2022";"00:10:36";"2018";"5";"Eleições Gerais 2018";"PI";"PI";"PIAUÍ";"PI020462018";"11/09/2018";"09636807000190";"INSTITUTO DE PESQUISA DATA AZ LTDA - ME";"#NULO#";"Senador, Deputado Estadual, Governador, Deputado Federal";"12/09/2018";"12/09/2018";"300";"9356";"Laércio de Sousa Araújo";"4000,00";"09636807000190";"INSTITUTO DE PESQUISA DATA AZ LTDA - ME";"#NULO#";"09636807000190";"INSTITUTO DE PESQUISA DATA AZ LTDA - ME";"Eleitores com 16 ou mais anos de idade com domicílio eleitoral no município de Regeneração - PI, na zona urbana e rural. Trata-se de uma pesquisa preferencialmente domiciliar e individual através de uma amostra estratificada de acordo com a Resolução 23.549/2017, dentro das cotas de sexo, faixa etária, nível de instrução e faixa de renda (dados do IBGE e referência na estimativa da população 2017, com uma população eleitoral de 13.635 ¿ até jul2018).";"ZONA: URBANA (79%) RURAL (21%). SEXO: MASCULINO (47%), FEMININO (53%). FAIXA ETÁRIA até 24 anos (17%), de 25 a 34 anos (22%), de 35 a 44 anos (19%), de 45 a 59 anos (22%), 60 anos ou mais (20%). ESCOLARIDADE: Analfabeto (12%), Lê e escreve (21%), 1º Grau inc/comp (31%), 2º Grau inc/comp (27%), 3º Grau inc/comp (9%). RENDA Até 1 salário (81%), entre 1 e 2 salários (13%), entre 2 e 3 salários (5%), entre 3 e 4 salários (0,8%), Mais de 4 salários (0,2%).  Nível de confiança = 95%. nível de significância = 5% E margem de erro = 5,7%, com P = 0,5.  ";"Checagem pelo supervisor em pelo menos 20% dos questionários aplicados em campo ou por fone. Questionários aplicados eletronicamente, por meio de tablets, com sistema próprio de pesquisa, formulação e tabulação.";"ZONA URBANA: Beco, Bela Vista, Centro, Buritizinho, Jacó, Mandú, Vila São Cristóvão, Vila União.    Localidades Rurais: Alto da Balança, Barreiro, Bebedouro, Brejo, Carnaíbas, Carnaúbas, Jacaré."
"24/08/2022";"00:10:36";"2018";"5";"Eleições Gerais 2018";"PI";"PI";"PIAUÍ";"PI020472018";"12/07/2018";"11186543000161";"ROGERIO M. P. MOURA - ME";"DATA MAX";"Senador";"04/07/2018";"10/07/2018";"1000";"5102 7ª Região";"Paulo Rubens Oliveira Jales de Carvalho";"500,00";"11186543000161";"ROGERIO M. P. MOURA - ME";"#NULO#";"11186543000161";"ROGERIO M. P. MOURA - ME";"Pesquisa do tipo quantitativo, por amostragem, com aplicação de questionário estruturado e abordagem pessoal domiciliar. O conjunto do eleitorado da zona urbana do Município de Teresina ¿ PI, com 16 anos ou mais será tomado como universo da pesquisa. ";"Ponderações quanto a sexo, idade, grau de instrução e nível econômico do entrevistado. Margem de Erro: A margem de erro máxima prevista para o total da amostra é de 3,1% pontos percentuais para mais ou para menos, considerando um nível de confiança (probabilidade do intervalo do erro) de 95%. Universo: Eleitorado da zona urbana do Município de Teresina - PI, com 16 anos ou mais. Tamanho da amostra: A amostra prevista é de 1000 entrevistas. Técnica de amostragem: A amostra é estratificada segundo combinação das variáveis sexo e faixa etária, renda e instrução do eleitorado de acordo com dados do TSE (eleitorado maio de 2018) e Fundação IBGE em se tratando de renda. Os tamanhos desses segmentos são: Sexo: Masc = 45,22% e Feminino 54,22%. Grau de Instrução: Analf a Lê e escreve 8,14%, Fund. Incompleto a completo 24,14%, Médio incompleto a completo 46,10%, Superior incompleto a completo 21,62%. Faixa de renda: Até 1 salário mínimo 52,97%, Mais de 1 a 2 salários mínimos 23,47%, Mais de 2 a 5 salários mínimos 14,55%, Mais de 5 a 10 salários mínimos 5,86% e Mais de 10 salários mínimos 3,15%. Faixa etária: Até 24 anos 16,17%, Acima de 24 a 34 anos 23,68%, Acima de 34 a 44 anos 22,05%, Acima de 44 a 59 anos 23,40% e 60 ou mais anos  14,70%     VARIÁVEIS (COTAS) QUANTIDADES   Relativo (%) Absoluto (n)  SEXO  Masculino =   Feminino  GRAU DE INSTRUÇÃO  Analfabeto a Lê e Escreve  Fundamental incompleto a completo  Médio incompleto a completo  Superior incompleto a completo  FAIXA DE RENDA  Até 1 Salário mínimo  Acima de 1 a 2 Salários mínimos  Acima de 2 a 5 Salários mínimos  Acima de 5 a 10 Salários mínimos  Acima de 10 Salários mínimos  FAIXA ETÁRIA  16 a 24 anos  Acima de 24 a 34 anos  Acima de 34 a 44 anos  Acima de 44 a 59 anos  60 ou mais anos   45,22  54,78    8,14  24,14  46,10  21,62    52,97  23,47  14,55  5,86  3,15    16,17  23,68  22,05  23,40  14,70   452  548    81  241  462  216    529  235  146  59  31    162  236  221  234  147  SOMATÓRIO 100,00 1000    ";"Os pesquisadores envolvidos na realização desta pesquisa são treinados pelo Instituto e recebem instruções específicas para cada projeto realizado. São checados, no mínimo, 30% dos questionários de cada pesquisador, seja in loco por supervisores de campo, todo o material (100%) é verificado, codificado, digitado e, antes do processamento final, realiza-se a conferência da digitação (consistência dos dados).   A seleção das unidades investigadas é feita segundo procedimentos aleatórios e as entrevistas realizadas em domicílios residenciais, cujas quantidades foram distribuídas proporcionalmente à população do município.   ";"ZONA NORTE:  SÃO JOAQUIM  POTY VELHO  MOCAMBINHO I  MONTE VERDE  PARQUE BRASIL  SANTA MARIA DA CODIPI  PORENQUANTO  PRIMAVERA I  VILA OPERÁRIA  MARQUÊS  ALTO ALEGRE  REAL COPAGRE  ÁGUA MINERAL  BUENOS AIRES  SANTA MARIA DAS VASSOURAS  PARQUE WALL FERRAZ  FRANCISCA TRINDADE  JACINTA ANDRADE  PARQUE ALVORADA  NOVA BRASÍLIA  MEMORAE  VILA SÃO FRANCISCO NORTE  AEROPORTO  ACARAPE  MAFUÁ  CABRAL  PRIMAVERA II       ZONA LESTE:  PIÇARREIRA  PLANALTO URUGUAI  SATÉLITE  VILA BANDEIRANTES  TAQUARI  PARQUE MÃO SANTA  VALE QUEM TEM  JOQUEI  FÁTIMA  SÃO JOÃO  SÃO CRISTÓVÃO  PARQUE UNIVERSITÁRIO  ININGA  SOCOPO  VALE DO GAVIÃO  SANTA BÁRBARA  PORTO DO CENTRO  VILA MARIA  PEDRA MOLE  ANITA FERRAZ  SANTA IZABEL     ZONA SUDESTE:  ALTO DA RESSUREIÇÃO  FREI DAMIÃO  RENASCENÇA I  RENASCENÇA II  SÃO PAULO  TODOS OS SANTOS  PARQUE IDEAL  PARQUE ITARARÉ  DIRCEU I  DIRCEU II  FRANCISCO MARREIROS  EXTREMA  NOVO HORIZONTE  JARDIM EUROPA  DEUS QUER  NOVO MILÊNIO  JARDIM DOS PÁSSAROS  REDONDA  PARQUE PROGRESSO  PARQUE JUREMA  RACANTO DAS PALMEIRAS     ZONA SUL:  SANTO ANTONIO  PROMORAR  PARQUE PIAUÍ  SACY  SÃO PEDRO  VERMELHA  MACAÚBA  MONTE CASTELO  TRÊS ANDARES  PIÇARRA  VILA DA PAZ  REDENÇÃO  PORTO ALEGRE  VILA IRMÃ DULCE  ANGELIM I  VAMOS VER O SOL  BELA VISTA I  BELA VISTA II  LOURIVAL PARENTE  CONJ EDUARDO COSTA  TERESINA SUL  PORTAL DA ALEGRIA  ESPLANADA  ANGELIM III  MÁRIO COVAS  BETINHO  SANTA FÉ  CIDADE NOVA  PARQUE RODOVIÁRIO "
"24/08/2022";"00:10:36";"2018";"5";"Eleições Gerais 2018";"PI";"PI";"PIAUÍ";"PI020662018";"26/07/2018";"10320257000184";"INSTITUTO PIAUIENSE DE OPINIAO PUBLICA LTDA - EPP";"AMOSTRAGEM OPINIAO E MERCADO";"Governador, Deputado Federal, Senador";"20/07/2018";"23/07/2018";"1137";"CONRE  - 7ª REGIÃO Nº 6695";"JOÃO BATISTA MENDES TELES";"55000,00";"00361945000139";"SISTEMA MEIO NORTE DE COMUNICACAO LTDA / MEIO NORTE";"Recursos Próprios";"10320257000184";"INSTITUTO PIAUIENSE DE OPINIAO PUBLICA LTDA - EPP";"Metodologia empregada: Amostragem não aleatória por cotas de sexo, faixa etária, grau de instrução, renda familiar, zona (urbana e rural), microrregiões e municípios. Entrevistas domiciliares e individuais.";"Amostragem por cotas. O conjunto do eleitorado dos municípios é distribuído proporcionalmente por sexo, faixa etária, grau de instrução, classe de renda domiciliar. As variáveis: sexo, faixa etária e grau de instrução são ponderadas de acordo com as Estatísticas do Eleitorado do Piauí, TSE, Julho de 2018 referente aos municípios pesquisados. A variável classe de renda domiciliar é ponderada de acordo com as estatística do Censo Demográfico IBGE  2010. O nível de confiança é de 95% com margem de erro de 2,85% para mais ou para menos, nas estatísticas apresentadas para o total da amostra levantada considerando variância máxima, p=0,50. 1 ¿ p = 0,50.    Cotas de sexo: Masculino (538), Feminino (599),     Cotas de faixa etária:   16 a 17 anos (23), 18 a 24 anos (170), 25 a 34 anos (263), 35 a 44 anos (239), 45 a 59 anos (253), 60 e + anos (189),     Cotas de grau de instrução: Analfabeto (107), lê e escreve (116), Ensino fundamental incompleto/completo (303), Ensino médio incompleto/completo (443), superior incompleto (62), superior completo (106),     Cotas de classe de renda domiciliar:    Até R$ 954,00 (474),    de R$ 954,01 à R$ 1.908,00 (369),    de R$ 1.908,01 à R$ 4.770,00 (209), de R$ 4.770,01 à R$ 9.540,00 (70), mais de R$ 9.540,00 (15).";"Supervisão interna em 100% dos questionários aplicados e crítica dos dados digitados feita pelo computador.  Checagem direta com retorno e/ou acompanhamento e/ou por telefone feita pelos supervisores de campo em no mínimo 20% dos questionários aplicados, de acordo com a exigência da ABEP ¿ Associação Brasileira de Empresas de Pesquisa. Relatórios de campo ¿ pesquisadores e supervisores.";"Municípios pesquisados por microrregião:    Baixo Parnaíba Piauiense (Batalha, Esperantina, Barras, Piripiri).     Litoral Piauiense (Ilha Grande, Luís Correia, Parnaíba).     Teresina (Teresina,  Demerval Lobão, Altos).     Campo Maior (Alto Longá, Castelo do Piauí, Pedro II, Campo Maior).     Médio Parnaíba Piauiense (Regeneração, São Pedro do Piauí, Água Branca).     Valença do Piauí (Inhuma, Elesbão Veloso, Valença do Piauí).    Alto Parnaíba Piauiense (Uruçuí).    Bertolínia (Landri Sales, Colônia do Gurguéia).    Floriano (Guadalupe, Itaueira, Floriano).    Alto Médio Gurguéia (Monte Alegre do Piauí, Bom Jesus).     São Raimundo Nonato (Caracol, Canto do Buriti, São Raimundo Nonato, Anísio de Abreu).     Chapadas do Extremo Sul Piauiense (Avelino Lopes, Corrente).     Picos (Santa Cruz do Piauí, Ipiranga do Piauí, Oeiras, Picos).     Pio IX (Monsenhor Hipólito, Pio IX).     Alto Médio Canindé (Patos do Piauí, Massapê do Piauí, Isaías Coelho, Paulistana, Simões, Jaicós, São João do Piauí)."
"24/08/2022";"00:10:36";"2018";"5";"Eleições Gerais 2018";"PI";"PI";"PIAUÍ";"PI020922018";"15/08/2018";"09636807000190";"INSTITUTO DE PESQUISA DATA AZ LTDA - ME";"#NULO#";"Governador, Deputado Estadual, Senador, Deputado Federal";"18/08/2018";"18/08/2018";"350";"9356 7ª Região";"Laércio de Sousa Araújo ";"3000,00";"09636807000190";"INSTITUTO DE PESQUISA DATA AZ LTDA - ME";"#NULO#";"09636807000190";"INSTITUTO DE PESQUISA DATA AZ LTDA - ME";"Eleitores com 16 ou mais anos de idade com domicílio eleitoral no município de José de Freitas - PI, na zona urbana e rural. Trata-se de uma pesquisa preferencialmente domiciliar e individual através de uma amostra estratificada de acordo com a Resolução 23.549/2017, dentro das cotas de sexo, faixa etária, nível de instrução e faixa de renda (dados do IBGE e referência na estimativa da população 2017, com uma população eleitoral de 31.038 ¿ até jul2018).";"ZONA: URBANA (58%) RURAL (42%). SEXO: MASCULINO (49%), FEMININO (51%). FAIXA ETÁRIA até 24 anos (19%), de 25 a 34 anos (24%), de 35 a 44 anos (21%), de 45 a 59 anos (21%), 60 anos ou mais (15%). ESCOLARIDADE: Analfabeto (11%), Lê e escreve (12%), 1º Grau inc/comp (33%), 2º Grau inc/comp (36%), 3º Grau inc/comp (8%). RENDA Até 1 salário (81%), entre 1 e 2 salários (13%), entre 2 e 3 salários (5%), entre 3 e 4 salários (0,78%), Mais de 4 salários (0,22%).  Nível de confiança = 95%. nível de significância = 5% E margem de erro = 5,2%, com P = 0,5.";"Checagem pelo supervisor em pelo menos 20% dos questionários aplicados em campo ou por fone. Questionários aplicados eletronicamente, por meio de tablets, com sistema próprio de pesquisa, formulação e tabulação.";"ZONA URBANA: Bom Princípio, Santa Luzia, Suco de Uva, Tijuca, Boqueirão, Centro, Cidade Nova, Barragem do Bezerro, Comunidade Cruizinha, Deus Me Deu, Fátima, Gusmão, Horto Florestal, Marmelada, Matadouro, Matinha, Mutirão, Nossa Senhora do Carmo, Pitombeira, Santa Rosa, Santo Antônio, Vila Silveira, Ipiranga, São Pedro.    Localidades Rurais: Caiçara, Carvalho, Ema, Felicidade, Gracioso, João Pereira, Lagoa do Piripiri, Morada Nova, Pedra Amolar, Vertente, Mocambo, São Luiz, Saco e São Mateus."
"24/08/2022";"00:10:36";"2018";"5";"Eleições Gerais 2018";"PI";"PI";"PIAUÍ";"PI021312018";"13/09/2018";"09636807000190";"INSTITUTO DE PESQUISA DATA AZ LTDA - ME";"#NULO#";"Governador, Deputado Estadual, Deputado Federal, Senador";"14/09/2018";"17/09/2018";"1250";"9356 ";"Laércio de Sousa Araújo";"20000,00";"09636807000190";"INSTITUTO DE PESQUISA DATA AZ LTDA - ME";"#NULO#";"09636807000190";"INSTITUTO DE PESQUISA DATA AZ LTDA - ME";"Eleitores com 16 ou mais anos de idade com domicílio eleitoral do estado do Piauí. Trata-se de uma pesquisa preferencialmente domiciliar e individual através de uma amostra quantitativa de acordo com a Resolução 23.549/2017, dentro das cotas de sexo, faixa etária, nível de instrução e faixa de renda (dados do IBGE e referência na estimativa da população 2017, com uma população eleitoral de 2.370.894 ¿ até jul2018).";"SEXO: MASCULINO (48%), FEMININO (52%). FAIXA ETÁRIA até 24 anos (19%), de 25 a 34 anos (22%), de 35 a 44 anos (20%), de 45 a 59 anos (22%), 60 anos ou mais (17%). ESCOLARIDADE: Analfabeto (9%), Lê e escreve (16%), 1º Grau inc/comp (29%), 2º Grau inc/comp (33%), 3º Grau inc/comp (12%). RENDA Até 1 salário (50%), entre 1 e 2 salários (31%), entre 2 e 3 salários (11%), entre 3 e 4 salários (5%), Mais de 4 salários (3%).  Nível de confiança = 95%. nível de significância = 5% E margem de erro = 2,8%, com P = 0,5.  ";"Checagem pelo supervisor em pelo menos 20% dos questionários aplicados em campo ou por fone. Questionários aplicados eletronicamente, por meio de tablets, com sistema próprio de pesquisa, formulação e tabulação.";"¿ Planície Litorânea ¿ Parnaíba, Luís Correia, Buriti dos Lopes. ¿   ¿ Cocais ¿ Barras, Batalha, Esperantina, Luzilândia, Piripiri, Piracuruca, Pedro II, Cocal, Joaquim Pires, Brasileira.  ¿  Carnaubais ¿ Campo Maior, Castelo do Piauí, São Miguel do Tapuio, Cabeceiras, Capitão de Campos,  ¿   ¿ Entre Rios ¿ Teresina, José de Freitas, Altos, Água Branca, Amarante, Regeneração, Angical do Piauí, São Pedro do Piauí, Demerval Lobão, Monsenhor Gil, Palmeirais, União, Miguel Alves, Passagem Franca do Piauí, Barro Duro, Nazária. ¿   ¿ Vale do Sambito ¿ Elesbão Veloso, Inhuma, Valença do Piauí, Ipiranga do Piauí. ¿  ¿  Vale do Rio Guaribas ¿ Picos, Dom Expedito Lopes. ¿   ¿ Vale do Rio Canindé ¿ Simplício Mendes, Conceição do Canindé, Oeiras. ¿   ¿ Serra da Capivara ¿ São João do Piauí, São Raimundo Nonato, Anísio de Abreu. ¿   ¿ Vale dos Rios Piauí e Itaueira ¿ Floriano, Itaueira, Canto do Buriti. ¿   ¿ Tabuleiros do Alto Parnaíba ¿ Bertolínia, Sebastião Leal, Uruçuí. ¿   ¿ Chapada das Mangabeiras ¿ Colônia do Gurguéia, Cristino Castro, Gilbués, Bom Jesus, Corrente, Monte Alegre do Piauí, Eliseu Martins, Manoel Emídio, Currais. ¿   ¿ Chapada do Vale do Rio Itaim ¿ Paulistana, Jaicós, Jacobina do Piauí, Patos do Piauí  "
"24/08/2022";"00:10:36";"2018";"5";"Eleições Gerais 2018";"PI";"PI";"PIAUÍ";"PI023322018";"15/08/2018";"09636807000190";"INSTITUTO DE PESQUISA DATA AZ LTDA - ME";"#NULO#";"Governador, Deputado Estadual, Deputado Federal, Senador";"16/08/2018";"16/08/2018";"400";"9356 ";"Laércio de Sousa Araújo";"4000,00";"09636807000190";"INSTITUTO DE PESQUISA DATA AZ LTDA - ME";"#NULO#";"09636807000190";"INSTITUTO DE PESQUISA DATA AZ LTDA - ME";"Eleitores com 16 ou mais anos de idade com domicílio eleitoral no município de Floriano - PI, na zona urbana e rural. Trata-se de uma pesquisa preferencialmente domiciliar e individual através de uma amostra estratificada de acordo com a Resolução 23.549/2017, dentro das cotas de sexo, faixa etária, nível de instrução e faixa de renda (dados do IBGE e referência na estimativa da população 2017, com uma população eleitoral de 42.796 ¿ até jul2018).";"ZONA: URBANA (87%) RURAL (13%). SEXO: MASCULINO (47%), FEMININO (53%). FAIXA ETÁRIA até 24 anos (17%), de 25 a 34 anos (22%), de 35 a 44 anos (21%), de 45 a 59 anos (22%), 60 anos ou mais (18%). ESCOLARIDADE: Analfabeto (5%), Lê e escreve (12%), 1º Grau inc/comp (26%), 2º Grau inc/comp (42%), 3º Grau inc/comp (15%). RENDA Até 1 salário (66%), entre 1 e 2 salários (29%), entre 2 e 3 salários (4%), entre 3 e 4 salários (0,5%), Mais de 4 salários (0,5%).  Nível de confiança = 95%. nível de significância = 5% E margem de erro = 4,9%, com P = 0,5.";"Checagem pelo supervisor em pelo menos 20% dos questionários aplicados em campo ou por fone. Questionários aplicados eletronicamente, por meio de tablets, com sistema próprio de pesquisa, formulação e tabulação.";"Bairros: Riacho Fundo/Alto da Cruz, Juá/Matadouro, Planalto Sambaíba, Vila Leão, Centro, Ibiapaba, Sambaíba velha/Sambaíba nova, Conj. Aparecida Procópio (Brogodó), Campo Velho (conj. Hermes Pacheco), Via Azul, Tamboril, Morro do Tiro, Pau Ferrado, Pedro Simplício, São Borja, Bom Lugar, Tiberão, Cancela, Caixa D´água, Catumbi, Curador, Alto da Guia, Cajueiro II, Conj. Habitacional Filadelfo Freire de Castro, Conjunto Habitacional Zé Pereira, Taboca, Nossa Senhora Daguia, Manguinha, Irapuá I e II, São Cristovão.    Localidades rurais: Vereda Grande, Tabuleiro do Mato e L3."
"24/08/2022";"00:10:36";"2018";"5";"Eleições Gerais 2018";"PI";"PI";"PIAUÍ";"PI024562018";"16/06/2018";"07608537000188";"CENTRO DE TREINAMENTO HUMANO LTDA - ME";"INSTITUTO GALAXY";"Deputado Federal, Senador, Governador, Deputado Estadual";"23/06/2018";"24/06/2018";"320";"5102";"Paulo Rubens Oliveira Jales de Carvalho";"1849,85";"07608537000188";"CENTRO DE TREINAMENTO HUMANO LTDA - ME";"#NULO#";"07608537000188";"CENTRO DE TREINAMENTO HUMANO LTDA - ME";"Ponderações quanto a sexo, idade, grau de instrução e nível econômico do entrevistado. Margem de Erro: A margem de erro máxima prevista para o total da amostra é de 5,48% pontos percentuais para mais ou para menos, considerando um nível de confiança (probabilidade do intervalo do erro) de 95%. Universo: Eleitorado da zona urbana do Município de Parnaíba - PI, com 16 anos ou mais. ";"Tamanho da amostra: A amostra prevista é de 320 entrevistas. Técnica de amostragem: A amostra é estratificada segundo combinação das variáveis sexo e faixa etária, renda e instrução do eleitorado de acordo com dados do TSE (eleitorado abril de 2018) e Fundação IBGE em se tratando de renda. Os tamanhos desses segmentos são: Sexo masculino: 46,71%, feminino 53,29%. Faixa Etária: 16 a 24 anos: 19,06%, 25 a 34 anos: 23,69%, 35 a 44 anos: 20,60%, 45 a 59 anos: 22,19% e 60 anos ou mais: 14,45%. Faixa de Renda: Rendimento até 1 salário mínimo 66,15%, acima de 1 até 2 salários mínimos 18,48%, mais de 2 a 5 salários mínimos 10,51%, acima de 5a 10 salários mínimos 3,57%, acima de 10 salários mínimos 1,28%. Instrução: Analfabeto 5,39%. Lê e Escreve 11,84%, Fundamental incompleto a completo 29,08%, Médio incompleto a completo 39,57%, Superior incompleto a completo 14,12%.";"A conferência e fiscalização da coleta dos dados são feitas com base na grade de campo em todo material coletado. Os pesquisadores envolvidos na realização desta pesquisa são treinados pelo Instituto e recebem instruções específicas para cada projeto realizado. São checados os questionários de cada pesquisador in loco por líder da pesquisa. Todo o material é verificado, codificado, digitado e, antes do processamento final, realiza-se a conferência através da análise de desvio-padrão das respostas pelo sistema e análise de gps. ";"ALTO SANTA MARIA, BEBEDOURO, BOA ESPERANÇA, CENTRO, DE FÁTIMA, DIRCEU ARCOVERDE, DO CARMO, FREI HIGINO, IGARAÇU, JOÃO XXIII, MENDONÇA CLARK, NOVA PARNAÍBA, PINDORAMA, REIS VELOSO, RODOVIÁRIA, SANTA ISABEL, SANTA LUZIA, SÃO BENEDITO, SÃO FRANCISCO DE GUARITA, SÃO JOSÉ, SÃO JUDAS TADEU, SÃO VICENTE DE PAULA "
"24/08/2022";"00:10:36";"2018";"5";"Eleições Gerais 2018";"PI";"PI";"PIAUÍ";"PI024582018";"06/07/2018";"07608537000188";"CENTRO DE TREINAMENTO HUMANO LTDA - ME";"INSTITUTO GALAXY";"Senador, Deputado Estadual, Deputado Federal";"08/07/2018";"09/07/2018";"320";"5102";"Paulo Rubes Oliveira Jales de Carvalho";"1638,67";"07608537000188";"CENTRO DE TREINAMENTO HUMANO LTDA - ME";"#NULO#";"07608537000188";"CENTRO DE TREINAMENTO HUMANO LTDA - ME";"Pesquisa do tipo quantitativo, por amostragem, com aplicação de questionários estruturados para tanto e abordagem pessoal domiciliar. O conjunto do eleitorado da zona urbana do Município de Batalha -PI, com 16 anos ou mais será tomado como universo da pesquisa.";"Ponderações quanto a sexo, idade, grau de instrução e nível econômico do entrevistado. Margem de Erro: A margem de erro máxima prevista para o total da amostra é de 5,48% pontos percentuais para mais ou para menos, considerando um nível de confiança (probabilidade do intervalo do erro) de 95%. Universo: Eleitorado da zona urbana do Município de Batalha - PI, com 16 anos ou mais. Tamanho da amostra: A amostra prevista é de 320 entrevistas. Técnica de amostragem: A amostra é estratificada segundo combinação das variáveis sexo e faixa etária, renda e instrução do eleitorado de acordo com dados do TSE (eleitorado abril de 2018) e Fundação IBGE em se tratando de renda. Os tamanhos desses segmentos são: Sexo masculino: 49,27%, feminino 50,73%. Faixa Etária: 16 a 24 anos: 23,39%, 25 a 34 anos: 21,74%, 35 a 44 anos: 19,39%, 45 a 59 anos: 20,65% e 60 anos ou mais: 17,83%. Faixa de Instrução: Analfabeto 18,20%. Lê e Escreve 16,74%, Fundamental incompleto a completo 32,57%, Médio incompleto a completo 26,07%, Superior incompleto a completo 6,41%.Renda: Rendimento até 1 salário mínimo 78,27%, acima de 1 até 2 salários mínimos 15,85%, mais de 2 a 5 salários mínimos 5,00%, acima de 5a 10 salários mínimos 0,69%, acima de 10 salários mínimos 0,20%.";"A conferência e fiscalização da coleta dos dados são feitas com base na grade de campo em todo material coletado. Os pesquisadores envolvidos na realização desta pesquisa são treinados pelo Instituto e recebem instruções específicas para cada projeto realizado. São checados os questionários de cada pesquisador in loco por líder da pesquisa. Todo o material é verificado, codificado, digitado e, antes do processamento final, realiza-se a conferência através da análise de desvio-padrão das respostas pelo sistema e análise de gps.";"Formigueiro, Vila Kolping, Santa Cruz, Matadouro, São Francisco, Centro, Esperança I, Esperança II, Pedra do letreiro, Santa Fé, Santo Amaro, Porto Belo"
"24/08/2022";"00:10:36";"2018";"5";"Eleições Gerais 2018";"PI";"PI";"PIAUÍ";"PI025882018";"03/05/2018";"15563771000164";"INSTITUTO CREDIBILIDADE LTDA";"INSTITUTO CREDIBILIDADE";"Senador, Governador, Deputado Estadual, Deputado Federal";"26/04/2018";"27/04/2018";"350";"9177";"DÍOGENES VITOR DA SILVEIRA";"5000,00";"23499973000112";"PARTIDO DA SOCIAL DEMOCRACIA BRASILEIRA / P S D B";"Fundo Partidário";"15563771000164";"INSTITUTO CREDIBILIDADE LTDA";"A metodologia empregada nesta pesquisa utilizou uma amostragem não aleatória por cotas proporcionais de sexo, faixa etária, grau de instrução, renda domiciliar, no município de OEIRAS -  PI    As entrevistas foram domiciliares e individuais na zona urbana e rural do município. A Pesquisa foi realizada no período de 26 e 27 de abril de 2018 nos bairros e povoados relacionados no plano amostral com um total de 350 entrevistas num universo de 26.760 eleitores (TSE março/2018).  ";"A amostragem foi por cotas (tabela abaixo). Dentro do município, as entrevistas são distribuídas proporcionalmente pelas cotas de sexo, faixa etária e grau de instrução de acordo com as estatísticas do TSE (março de 2018) renda do chefe do domicílio segundo o IBGE, por este critério não haver equivalência nas estatísticas do IBGE que se utiliza de outra classificação divergente das eleitorais. O intervalo de confiança (nível de significância) é de 95% com margem de erro de 5,20% para mais ou para menos, nas estatísticas apresentadas para o total da amostra levantada. Entrevistas por Sexo:  Masculino 47,5% - 166:  Feminino 52,5% - 184.  Idade: 16 a 24 anos 18,13% - 63¿ de 25 a 34 anos 20,85% -  73¿ de 35 a 44 anos 20,68% - 72¿ de 45 a 59 anos 21,95% -  77 ¿ mais de 60 anos 18,36%  - 64.   Renda Familiar Até R$ 954,00  43,29% - 151, De R$ 954,01 a R$ 1.908,00  36,5% -  128. De R$ 1.908,01 ou mais 20,21%  - 71.   Escolaridade Analfabeto 10,72% 38, Ensino Fundamental Incompleto e Completo 46,13% - 161, Ensino Médio Completo e Incompleto: 31,05% - 109, Ensino Superior Completo e Incompleto: 12,10% - 42.  ";"Equipe aplicadora dos questionários estruturados formada por 3 entrevistadores e 1 supervisor devidamente treinados. Todos os questionários foram supervisionados no trabalho de campo pelo supervisor (diretamente ou acompanhamento) verificando a aplicação correta da grade e 20%  checada posteriormente a coleta (diretamente no local pelo supervisor), houve ainda supervisão interna de todos os questionários aplicados (350) e crítica dos dados digitados feita pelo computador/coordenação.";"ZONA URBANA  Centro 29   Oeiras Nova 39   Canela 19 7  Pedreira 9 3  Jureminha 30   Vereda 15   Rodagem Picos 15   Rosário 14   Uberaba I 15   Vila São José 8   Jurani 7   Vila Aleksandra 13   Conjunto Verde Teto 25   Rodagem de Floriano 13   Santa Teresa 4   Totais 255     ZONA RURAL  Buriti Rei 8   Briona 12   Feitoria 4   Tamboril 10   M. Redondo 11   M. Grande 11   N. Fazenda, 8   B. Nova 12   M. do Meio 11   B. Monte 8   Totais 95  "
"24/08/2022";"00:10:36";"2018";"5";"Eleições Gerais 2018";"PI";"PI";"PIAUÍ";"PI027322018";"14/07/2018";"22889875000129";"FABIO MARCELO DE MORAIS BATISTA - ME";"CONSULTE INTELIGENCIA E MERCADO";"Governador, Deputado Estadual, Deputado Federal, Senador";"14/07/2018";"18/07/2018";"2000";"5102 7ª Região";"Paulo Rubens Oliveira Jales de Carvalho";"20000,00";"22889875000129";"FABIO MARCELO DE MORAIS BATISTA - ME";"#NULO#";"22889875000129";"FABIO MARCELO DE MORAIS BATISTA - ME";"Pesquisa do tipo quantitativo, por amostragem, com aplicação de questionário estruturado e abordagem pessoal domiciliar. O conjunto do eleitorado das zonas urbana e rural do Estado do Piauí com 16 anos ou mais será tomado como universo da pesquisa. ";"Ponderações quanto a sexo, idade, grau de instrução, e nível econômico do entrevistado. Margem de Erro: A margem de erro máxima prevista para o total da amostra é de 2,19% pontos percentuais para mais ou para menos, considerando um nível de confiança (probabilidade do intervalo do erro) de 95%. Universo: Eleitorado de 70 municípios do Estado do Piauí, na zona urbana e rural, com 16 anos ou mais. Tamanho da amostra: A amostra é de 2.000 entrevistas. Técnica de amostragem: A amostra é estratificada segundo combinação das variáveis sexo e faixa etária, renda e instrução do eleitorado e microrregiões. Os estratos terão tamanho proporcional a esses segmentos, de acordo com dados do TSE (eleitorado dezembro de 2018) e Fundação IBGE em se tratando de renda. Os tamanhos desses segmentos são: Sexo masculino: 48,26% (965), feminino 51,74% (1.035). Faixa Etária: 16 e 17 anos: 2,61% (52), 18 a 24 anos: 14,88% (298), 25 a 34 anos: 22,90% (458), 35 a 44 anos: 20,31% (406), 45 a 59 anos: 22,24% (445) e 60 anos ou mais: 17,06% (341). Faixa de Renda: Até 1 salário mínimo 71,41% (1.428), acima de 1 até 2 salários mínimos 16,38% (328), acima de 2 a 5 salários mínimos 8,34% (167), acima de 5 a 10 salários mínimos 2,67% (53), acima de 10 salários mínimos 1,20% (24). Instrução: Analfabeto a Lê e Escreve 27,04% (541), Fundamental incompleto a completo 29,81% (596), Médio incompleto a completo 31,59% (632), Superior incompleto a completo 11,56% (231";"Os pesquisadores envolvidos na realização desta pesquisa são treinados pelo Instituto e recebem instruções específicas para cada projeto realizado. São checados, no mínimo, 20% dos questionários de cada pesquisador, seja in loco por supervisores de campo, todo o material (100,00%) é verificado, codificado, digitado e, antes do processamento final, realiza-se a conferência da digitação (consistência dos dados). ";"MUNICÍPIOS VISITADOS / PESQUISADOS  PLANÍCIE LITORÂNEA  Parnaíba, Luís Correia, Ilha Grande, Caraúbas e Cocal dos Alves.  COCAIS  Barras, Batalha, Joaquim Pires, Luzilândia, Matias Olímpio, Nossa Senhora dos Remédios, Pedro II e Piripiri  CARNAUBAIS  Campo Maior, Jatobá e Novo Santo Antônio  ENTRE RIOS  Altos, Amarante, Beneditinos, Demerval Lobão, Jardim do Mulato, de Freitas, Monsenhor Gil, Miguel Alves, Nazária, São Pedro do Pi, Teresina e União.  VALE DO SAMBITO  Aroazes, Barra d¿Alcântara, Elesbão Veloso, Inhuma, Ipiranga, Lagoa do Sítio, Novo Oriente,  Prata, Pimenteiras e Valença do Pi.  RIO GUARIBAS  Alagoinha, Bocaína, Dom Expedito Lopes, Francisco Santos, Picos, Pio IX, Santo Antônio de Lisboa e Santana do Pi.  VALE DO ITAIM  Caldeirão Grande, Francisco Macêdo, Jaicós, Massapê, Marcolândia e Paulistana.  VALE DO CANINDÉ  Cajazeiras, Oeiras, Santo Inácio do Pi, São João da Varjota, Tanque  SERRA DA CAPIVARA  Campo Alegre do Fidalgo e São Lourenço do Pi.  TABULEIROS DO ALTO PARNAÍBA  Baixa Grande do Ribeiro, Uruçuí e Sebastião Leal  VALE DOS RIOS PIAUÍ E ITAUERA  Floriano, Nazaré do Pi, Nova Santa Rita, Pedro Laurentino e Socorro do Pi  CHAPADA DAS MANGABEIRAS  Avelino Lopes, Bom Jesus, Cristino Castro e Gilbués.  "
"24/08/2022";"00:10:36";"2018";"5";"Eleições Gerais 2018";"PI";"PI";"PIAUÍ";"PI028092018";"12/09/2018";"19190101000109";"OPINAR PESQUISAS LTDA.";"OPINAR PESQUISAS";"Governador, Deputado Estadual, Deputado Federal, Senador";"13/09/2018";"16/09/2018";"1082";"8749";"Kleison de Paiva Freitas";"28000,00";"09590480000162";"TELEVISAO PIONEIRA LTDA";"Recursos Próprios";"19190101000109";"OPINAR PESQUISAS LTDA.";"A metodologia empregada nesta pesquisa utilizará uma amostragem aleatória estratificada proporcional por sexo, idade, escolaridade e renda distribuídas na zona urbana e rural através de entrevistas domiciliares e individuais no estado do Piauí. A Pesquisa será realizada no período de 13 a 16 de setembro de 2018 nas cidades descriminadas no plano amostral com um total de 1082 entrevistas.    ";"O método de amostragem que será utilizada nesta pesquisa quantitativa eleitoral será através de uma amostra probabilística aleatória estratificada proporcional (tabela abaixo), visto que a população de origem é considerada heterogênea, pois a mesma estará dividida em estratos referentes de acordo a divisão geopolítica do estado do PIAUÍ.   Para isso, foi elaborado inicialmente um questionário de pesquisa (em anexo), como ferramenta de coleta de dados em que as variáveis que serão coletadas do público-alvo analisado em cada zona rural e/ou urbana de cada  município citado são: renda (em salários mínimos), escolaridade, idade e sexo. Sendo que, as variáveis sexo, idade e escolaridade, terão as escalas distribuídas de acordo com as estatísticas do Tribunal Superior Eleitoral (TSE) de julho de 2018. Enquanto que a variável renda do chefe do domicílio, segundo o que estabelece o Instituto Brasileiro de Geografia e Estatística (IBGE), através do Censo de 2010. As escolhas de base de ambos os institutos foram selecionados, pois não se diverge da classificação eleitoral proposta pelo TSE. Ainda, para a realização do estudo levantou-se o tamanho populacional de eleitores pertencente ao estado do PIAUÍ, e com uma margem de erro de 2,97% para mais ou para menos e uma margem de confiança de 95%, chegou-se em uma amostra significativa e aleatória de 1082 eleitores a pesquisar, assim distribuídos:  Sexo 1082  Feminino 561  Masculino 521  Idade 1082  16 e 17 anos    30  de 18 a 24 anos 171  de 25 a 34 anos 240  de 35 a 44 anos 221  de 45 a 59 anos 244  mais de 60 anos 176  Renda 1082  Até R$ 954,00 601  De R$ 954,01 a R$ 1.908,00  249  De R$ 1.908,01 a R$ 4770,00  166  De R$ 4770,01 a R$ 9540,00  45  Mais de R$ 9540,01 21  Escolaridade 1082  Analfabeto 101  Le e escreve 172  Ensino Fundamental 316  Ensino Médio 361  Superior 132  ";"Com o objetivo de garantir que o estudo não é passível de víeis que beneficie determinados públicos-alvo ou algum segmento partidário, a equipe aplicadora dos questionários de pesquisas será formada por 19 entrevistadores e 5 supervisores de campo. Assim, todos os questionários serão supervisionados no trabalho de campo pelo supervisor (diretamente ou acompanhamento) e 20% dos questionários serão checados posteriormente (diretamente no local ou por telefone) pelo supervisor, para evitar erros que corroborem com alguma tendência dos dados. Haverá ainda uma supervisão interna de todos os questionários (1082) aplicados e uma análise crítica dos dados digitados no software de análise estatística.    ";"A distribuição das entrevistas nos municípios (Zona Urbana e Rural) do estado do PIAUÍ será:    Município  Amostra   Urbana   rural   1 ITAINÓPOLIS 15,00 3,00 12,00  2 JAICÓS 22,00 10,00 12,00  3 PAULISTANA 25,00 13,00 12,00  4 SÃO JOÃO DO PIAUÍ 21,00 14,00 7,00  5 SIMÕES 19,00 8,00 11,00  6 SIMPLÍCIO MENDES 15,00 9,00 6,00  7 BOM JESUS 15,00 12,00 3,00  8 GILBUÉS 7,00 4,00 3,00  9 MONTE ALEGRE DO PIAUÍ 7,00 2,00 5,00  10 BAIXA GRANDE DO RIBEIRO 5,00 3,00 2,00  11 URUÇUÍ 10,00 8,00 2,00  12 COLÔNIA DO GURGUÉIA 7,00 6,00 1,00  13 LANDRI SALES 8,00 6,00 2,00  14 BARRAS 21,00 10,00 11,00  15 BATALHA 13,00 5,00 8,00  16 ESPERANTINA 18,00 11,00 7,00  17 JOAQUIM PIRES 6,00 2,00 4,00  18 LUZILÂNDIA 11,00 6,00 5,00  19 MIGUEL ALVES 14,00 5,00 9,00  20 PIRIPIRI 31,00 22,00 9,00  21 AVELINO LOPES 8,00 5,00 3,00  22 CORRENTE 19,00 12,00 7,00  23 ALTO LONGÁ 9,00 4,00 5,00  24 CAMPO MAIOR 26,00 19,00 7,00  25 CASTELO DO PIAUÍ 12,00 8,00 4,00  26 PEDRO II 22,00 13,00 9,00  27 SÃO MIGUEL DO TAPUIO 11,00 4,00 7,00  28 FLORIANO 30,00 26,00 4,00  29 GUADALUPE 6,00 6,00 0,00  30 ITAUEIRA 6,00 3,00 3,00  31 BURITI DOS LOPES 9,00 5,00 4,00  32 COCAL 10,00 5,00 5,00  33 LUIS CORREIA 14,00 6,00 8,00  34 PARNAÍBA 58,00 55,00 3,00  35 PIRACURUCA 13,00 9,00 4,00  36 ÁGUA BRANCA 10,00 9,00 1,00  37 AMARANTE 11,00 6,00 5,00  38 PALMEIRAIS 9,00 3,00 6,00  39 REGENERAÇÃO 11,00 9,00 2,00  40 SÃO PEDRO DO PIAUÍ 7,00 4,00 3,00  41 OEIRAS 26,00 16,00 10,00  42 PICOS 47,00 37,00 10,00  43 FRANCISCO SANTOS 8,00 4,00 4,00  44 PIO IX 15,00 4,00 11,00  45 CANTO DO BURITI 13,00 7,00 6,00  46 CARACOL 7,00 3,00 4,00  47 DOM INOCÊNCIO 6,00 1,00 5,00  48 SÃO RAIMUNDO NONATO 21,00 14,00 7,00  49 ALTOS 14,00 10,00 4,00  50 DEMERVAL LOBÃO 5,00 4,00 1,00  51 JOSÉ DE FREITAS 15,00 9,00 6,00  52 MONSENHOR GIL 4,00 2,00 2,00  53 NAZÁRIA 5,00 1,00 4,00  54 TERESINA 265,00 250,00 15,00  55 UNIÃO 16,00 8,00 8,00  56 ELESBÃO VELOSO 10,00 7,00 3,00  57 INHUMA 9,00 4,00 5,00  58 PIMENTEIRAS 8,00 3,00 5,00  59 VALENÇA DO PIAUÍ 12,00 9,00 3,00    1082 760 322     "
"24/08/2022";"00:10:36";"2018";"5";"Eleições Gerais 2018";"PI";"PI";"PIAUÍ";"PI028792018";"03/05/2018";"15563771000164";"INSTITUTO CREDIBILIDADE LTDA";"INSTITUTO CREDIBILIDADE";"Governador, Senador, Deputado Estadual, Deputado Federal";"26/04/2018";"30/04/2018";"400";"9177";"DIÓGENES VITOR DA SILVEIRA";"6000,00";"23499973000112";"PARTIDO DA SOCIAL DEMOCRACIA BRASILEIRA / P S D B";"Fundo Partidário";"15563771000164";"INSTITUTO CREDIBILIDADE LTDA";"A metodologia empregada nesta pesquisa utilizou uma amostragem não aleatória por cotas proporcionais de sexo, faixa etária, grau de instrução, renda domiciliar, no município de PARNAÍBA -  PI    As entrevistas foram domiciliares e individuais na zona urbana e rural do município. A Pesquisa foi realizada no período de 28 a 30 de abril de 2018 nos bairros e povoados relacionados no plano amostral com um total de 400 entrevistas num universo de 100.157 eleitores (TSE março/2018).  ";"A amostragem foi por cotas (tabela abaixo). Dentro do município, as entrevistas são distribuídas proporcionalmente pelas cotas de sexo, faixa etária e grau de instrução de acordo com as estatísticas do TSE (março de 2018) renda do chefe do domicílio segundo o IBGE, por este critério não haver equivalência nas estatísticas do IBGE que se utiliza de outra classificação divergente das eleitorais. O intervalo de confiança (nível de significância) é de 95% com margem de erro de 4,99pp  para mais ou para menos, nas estatísticas apresentadas para o total da amostra levantada. Entrevistas por Sexo:  Masculino 46,7% - 187:  Feminino 53,3% - 213.  Idade: 16 a 24 anos 16,97% - 68¿ de 25 a 34 anos 23,2% -  93¿ de 35 a 44 anos 21,15% - 85¿ de 45 a 59 anos 23,08% -  92 ¿ mais de 60 anos 15,6%  - 62.   Renda Familiar Até R$ 954,00  40,29% - 161, De R$ 954,01 a R$ 1.908,00  30,5% -  122. De R$ 1.908,01 ou mais 29,21%  - 117.   Escolaridade Analfabeto 5,26% 21, Ensino Fundamental Incompleto e Completo 40,25% - 161, Ensino Médio Completo e Incompleto: 40,29% - 161, Ensino Superior Completo e Incompleto: 14,21% - 57.  ";"Equipe aplicadora dos questionários estruturados formada por 3 entrevistadores e 1 supervisor devidamente treinados. Todos os questionários foram supervisionados no trabalho de campo pelo supervisor (diretamente ou acompanhamento) verificando a aplicação correta da grade e 20%  checada posteriormente a coleta (diretamente no local pelo supervisor), houve ainda supervisão interna de todos os questionários aplicados (350) e crítica dos dados digitados feita pelo computador/coordenação.";"ZONA URBANA  São Francisco   Fátima/José de Sousa 33   M. Clark/Floriopolis 18   Jardim das Acacias 4 1  Rodoviária/Rosapolis 38   Pindorama/João XXIII 29   B. Piauí 30   Brodevile 16   Campos/Catanduva 28   A. Santa Maria 10   São Vicente de Paula 21   Nova Parnaíba 12   São José 27   Do Carmo 20   Olho D Água 15   Floriopoles 9   Jardim das Acácia 1 0  Totais 339     ZONA RURAL  Portinho 10   São José 10   B. da Carnauba 9   Céu 7   Rancharia 8 13  L. da Prata 10   KM 16 7   Totais 61  "
"24/08/2022";"00:10:36";"2018";"5";"Eleições Gerais 2018";"PI";"PI";"PIAUÍ";"PI029492018";"16/07/2018";"07608537000188";"CENTRO DE TREINAMENTO HUMANO LTDA - ME";"INSTITUTO GALAXY";"Deputado Federal, Senador, Governador, Deputado Estadual";"15/07/2018";"15/07/2018";"320";"5102";"Paulo Rubes Oliveira Jales de Carvalho";"1438,07";"07608537000188";"CENTRO DE TREINAMENTO HUMANO LTDA - ME";"#NULO#";"07608537000188";"CENTRO DE TREINAMENTO HUMANO LTDA - ME";"Pesquisa do tipo quantitativo, por amostragem, com aplicação de questionários estruturados para tanto e abordagem pessoal domiciliar. O conjunto do eleitorado da zona urbana do Município de Luzilândia - PI, com 16 anos ou mais será tomado como universo da pesquisa.";"Ponderações quanto a sexo, idade, grau de instrução e nível econômico do entrevistado. Margem de Erro: A margem de erro máxima prevista para o total da amostra é de 5,48% pontos percentuais para mais ou para menos, considerando um nível de confiança (probabilidade do intervalo do erro) de 95%. Universo: Eleitorado da zona urbana do Município de Luzilândia - PI, com 16 anos ou mais. Tamanho da amostra: A amostra prevista é de 320 entrevistas. Técnica de amostragem: A amostra é estratificada segundo combinação das variáveis sexo e faixa etária, renda e instrução do eleitorado de acordo com dados do TSE (eleitorado abril de 2018) e Fundação IBGE em se tratando de renda. Os tamanhos desses segmentos são: Sexo masculino: 49,35%, feminino 50,65%. Faixa Etária: 16 a 24 anos: 18,99%, 25 a 34 anos: 24,08%, 35 a 44 anos: 18,92%, 45 a 59 anos: 19,99% e 60 anos ou mais: 18,01%. Faixa de Instrução: Analfabeto 16,46%. Lê e Escreve 22,91%, Fundamental incompleto a completo 28,31%, Médio incompleto a completo 23,75%, Superior incompleto a completo 8,57%. Renda: Rendimento até 1 salário mínimo 77,30%, acima de 1 até 2 salários mínimos 16,46%, mais de 2 a 5 salários mínimos 5,13%, acima de 5 a 10 salários mínimos 0,81%, acima de 10 salários mínimos 0,29%.";"A conferência e fiscalização da coleta dos dados são feitas com base na grade de campo em todo material coletado. Os pesquisadores envolvidos na realização desta pesquisa são treinados pelo Instituto e recebem instruções específicas para cada projeto realizado. São checados os questionários de cada pesquisador in loco por líder da pesquisa. Todo o material é verificado, codificado, digitado e, antes do processamento final, realiza-se a conferência através da análise de desvio-padrão das respostas pelo sistema e análise de gps.";"Cajueiro, Centro, Cohab, Coroa, Guaribada, Igarapé, Itararé, Novo Oriente, São Domingos"
"24/08/2022";"00:10:36";"2018";"5";"Eleições Gerais 2018";"PI";"PI";"PIAUÍ";"PI031632018";"15/08/2018";"09636807000190";"INSTITUTO DE PESQUISA DATA AZ LTDA - ME";"#NULO#";"Governador, Deputado Estadual, Deputado Federal, Senador";"15/08/2018";"15/08/2018";"316";"9356 7ª Região";"Laércio de Sousa Araújo";"3000,00";"09636807000190";"INSTITUTO DE PESQUISA DATA AZ LTDA - ME";"#NULO#";"09636807000190";"INSTITUTO DE PESQUISA DATA AZ LTDA - ME";"Eleitores com 16 ou mais anos de idade com domicílio eleitoral no município de Luís Correia - PI, na zona urbana e rural. Trata-se de uma pesquisa preferencialmente domiciliar e individual através de uma amostra estratificada de acordo com a Resolução 23.549/2017, dentro das cotas de sexo, faixa etária, nível de instrução e faixa de renda (dados do IBGE e referência na estimativa da população 2017, com uma população eleitoral de 23.839 ¿ até jul2018).";"ZONA: URBANA (44%) RURAL (56%). SEXO: MASCULINO (50%), FEMININO (50%). FAIXA ETÁRIA até 24 anos (20%), de 25 a 34 anos (24%), de 35 a 44 anos (20%), de 45 a 59 anos (21%), 60 anos ou mais (15%). ESCOLARIDADE: Analfabeto (22%), Lê e escreve (12%), 1º Grau inc/comp (33%), 2º Grau inc/comp (27%), 3º Grau inc/comp (6%). RENDA Até 1 salário (50%), entre 1 e 2 salários (31%), entre 2 e 3 salários (16%), entre 3 e 4 salários (2%), Mais de 4 salários (1%).  Nível de confiança = 95%. nível de significância = 5% E margem de erro = 5,7%, com P = 0,5.  ";"Checagem pelo supervisor em pelo menos 20% dos questionários aplicados em campo ou por fone. Questionários aplicados eletronicamente, por meio de tablets, com sistema próprio de pesquisa, formulação e tabulação.";"Zona Urbana: Nossa Senhora da Conceição/Cemitério, Centro, Santa Luzia, Coqueiro, Alto Bonito, Rancho Alegre, Peito de Moça, Triângulo, Cearazinho, Atalaia, Matadouro, Alto Murici/Campo    Zona Rural: Carnaubal, Bezerro Morto, Curral Velho, São Benedito, Jabuti I e II, Mutucas, Boa Esperança, Macapá, Carapebas, Ribeira, Lagoa do Barro, Sobradinho, Camurupim, Lagoa do Camelo, Timbaúba, Angico, Lagoa das Pedras, Baixo do Carpino, Poço Verde, Brejinho de Fátima, Campestre, Pinto, Lameira, Brejinho de São Francisco.  "
"24/08/2022";"00:10:36";"2018";"5";"Eleições Gerais 2018";"PI";"PI";"PIAUÍ";"PI031632018";"13/09/2018";"11186543000161";"ROGERIO M. P. MOURA - ME";"DATA MAX";"Governador, Deputado Estadual, Deputado Federal, Senador";"12/09/2018";"17/09/2018";"1200";"5102 7ª Região";"Paulo Rubens Oliveira Jales de Carvalho";"22000,00";"22087865000170";"EDITORA CENTRAL NE LTDA / EDITORA CENTRAL NORDESTE";"Recursos Próprios";"11186543000161";"ROGERIO M. P. MOURA - ME";"Pesquisa do tipo quantitativo, por amostragem, com aplicação de questionário estruturado e abordagem pessoal domiciliar. O conjunto do eleitorado do Estado do Piauí com 16 anos ou mais será tomado como universo da pesquisa. ";"Ponderações quanto a sexo, idade, grau de instrução, e nível econômico do entrevistado. Margem de Erro: A margem de erro máxima prevista para o total da amostra é de 2,83% pontos percentuais para mais ou para menos, considerando um nível de confiança (probabilidade do intervalo do erro) de 95%. Universo: Eleitorado de 46 municípios do Estado do Piauí, com 16 anos ou mais. Tamanho da amostra: A amostra é de 1.200 entrevistas. Técnica de amostragem: A amostra é estratificada segundo combinação das variáveis sexo e faixa etária, renda e instrução do eleitorado e microrregiões. Os estratos terão tamanho proporcional a esses segmentos, de acordo com dados do TSE (eleitorado junho de 2018) e Fundação IBGE em se tratando de renda. Os tamanhos desses segmentos são: Sexo masculino: 48,17%(578), feminino 51,83%(622). Faixa Etária: 16 a 24 anos: 18,46%(222), 25 a 34 anos: 22,18%(266), 35 a 44 anos: 20,42%(245), 45 a 59 anos: 22,22%(267) e 60 anos ou mais: 16,72% (200). Faixa de Renda: Até 1 salário mínimo 71,41%(857), acima de 1 até 2 salários mínimos 16,38% (196), acima de 2 a 5 salários mínimos 8,34% (100), acima de 5 a 10 salários mínimos 2,67% (32), acima de 10 salários mínimos 1,20% (15). Instrução: Analfabeto 9,33%(112), Lê e Escreve 15,92%(191), Fundamental incompleto a completo 29,22%(351), Médio incompleto a completo 33,36%(400), Superior incompleto a completo 12,17%(146). ";"Os pesquisadores envolvidos na realização desta pesquisa são treinados pelo Instituto e recebem instruções específicas para cada projeto realizado. São checados, no mínimo, 30% dos questionários de cada pesquisador, seja in loco por supervisores de campo, todo o material (100,00%) é verificado, codificado, digitado e, antes do processamento final, realiza-se a conferência da digitação (consistência dos dados). ";"MICRORREGIÃO    DE BERTOLÍNIA:      BERTOLÍNIA   COLÔNIA DO GURGUÉIA        MICRORREGIÃO    DE CAMPO MAIOR:      CAMPO MAIOR   CASTELO DO PIAUÍ   PEDRO II        MICRORREGIÃO    DE CHAPADAS DO EXTREMO   SUL PIAUIENSE:      CORRENTE   CRISTALÂNDIA DO PIAUÍ      MICRORREGIÃO  DE FLORIANO:      FLORIANO   JERUMENHA        MICRORREGIÃO  DE PICOS:      IPIRANGA DO PIAUÍ   OEIRAS   PICOS        MICRORREGIÃO    DE PIO IX:      PIO IX    SÃO JULIÃO      MICRORREGIÃO    DE SÃO RAIMUNDO NONATO:      CANTO DO BURITI   CORONEL JOSÉ DIAS   SÃO RAIMUNDO NONATO      MICRORREGIÃO  DE TERESINA:      ALTOS   DEMERVAL LOBÃO   JOSÉ DE FREITAS   MONSENHOR GIL   TERESINA   UNIÃO      MICRORREGIÃO    DE VALENÇA DO PIAUÍ:      ELESBÃO VELOSO   INHUMA   VALENÇA DO PIAUÍ        MICRORREGIÃO  ALTO MÉDIO  CANINDÉ:      FRONTEIRAS   JAICÓS   PAULISTANA   SÃO JOÃO DO PIAUÍ       MICRORREGIÃO  ALTO MÉDIO  GURGUÉIA:      BOM JESUS   CRISTINO CASTRO   MONTE ALEGRE DO PIAUÍ        MICRORREGIÃO    ALTO   PARNAÍBA   PIAUIENSE:      URUÇUÍ        MICRORREGIÃO    BAIXO   PARNAÍBA   PIAUIENSE:   BARRAS   ESPERANTINA   LUZILÂNDIA   PIRIPIRI      MICRORREGIÃO    DO LITORAL PIAUIENSE:      BURITI DOS LOPES   LUÍS CORREIA   PARNAÍBA   PIRACURUCA           MICRORREGIÃO    DO MÉDIO   PARNAÍBA   PIAUIENSE:      ÁGUA BRANCA   AMARANTE   SÃO PEDRO DO PIAUÍ  REGENERAÇÃO      "
"24/08/2022";"00:10:36";"2018";"5";"Eleições Gerais 2018";"PI";"PI";"PIAUÍ";"PI031912018";"15/08/2018";"09636807000190";"INSTITUTO DE PESQUISA DATA AZ LTDA - ME";"#NULO#";"Deputado Estadual, Deputado Federal, Senador, Governador";"19/08/2018";"19/08/2018";"420";"9356 ";"Laércio de Sousa Araújo";"4000,00";"09636807000190";"INSTITUTO DE PESQUISA DATA AZ LTDA - ME";"#NULO#";"09636807000190";"INSTITUTO DE PESQUISA DATA AZ LTDA - ME";"Eleitores com 16 ou mais anos de idade com domicílio eleitoral no município de Picos - PI, na zona urbana e rural. Trata-se de uma pesquisa preferencialmente domiciliar e individual através de uma amostra estratificada de acordo com a Resolução 23.549/2017, dentro das cotas de sexo, faixa etária, nível de instrução e faixa de renda (dados do IBGE e referência na estimativa da população 2017, com uma população eleitoral de 49.001 ¿ até jul2018).";"ZONA: URBANA (87%) RURAL (13%). SEXO: MASCULINO (47%), FEMININO (53%). FAIXA ETÁRIA até 24 anos (19%), de 25 a 34 anos (21%), de 35 a 44 anos (20%), de 45 a 59 anos (23%), 60 anos ou mais (15%). ESCOLARIDADE: Analfabeto (7%), Lê e escreve (16%), 1º Grau inc/comp (30%), 2º Grau inc/comp (34%), 3º Grau inc/comp (13%). RENDA Até 1 salário (49%), entre 1 e 2 salários (29%), entre 2 e 3 salários (15%), entre 3 e 4 salários (6%), Mais de 4 salários (1%).  Nível de confiança = 95%. nível de significância = 5% E margem de erro = 4,8%, com P = 0,5.  ";"Checagem pelo supervisor em pelo menos 20% dos questionários aplicados em campo ou por fone. Questionários aplicados eletronicamente, por meio de tablets, com sistema próprio de pesquisa, formulação e tabulação.";"Zona Urbana  Ipueiras, Belo Norte, Matadouro, Morada do Sol, São José, Bomba, Canto da Várzea, Malva, Trizidela, São Sebastião, Boa Vista/Passagem das Pedras, Catavento, DNER, Boa Sorte, Bela Vista, Fátima, Aerolândia, Centro, Paroquial, Paraibinha, Conduru, Jardim Natal, Parque Industrial, Pedreira/COHAB, Junco, Parque de Exposição.    Zona Rural: Coroatá, Povoado Mirolândia, Saco Grande, Altamira/Aeroporto, Bocolô, Curralinho/Cristovinho, Caraíbas, Fátima do Piauí"
"24/08/2022";"00:10:36";"2018";"5";"Eleições Gerais 2018";"PI";"PI";"PIAUÍ";"PI032642018";"27/06/2018";"07608537000188";"CENTRO DE TREINAMENTO HUMANO LTDA - ME";"INSTITUTO GALAXY";"Governador, Deputado Estadual, Deputado Federal, Senador";"30/06/2018";"30/06/2018";"320";"5102";"Paulo Rubes Oliveira Jales de Carvalho";"1227,00";"07608537000188";"CENTRO DE TREINAMENTO HUMANO LTDA - ME";"#NULO#";"07608537000188";"CENTRO DE TREINAMENTO HUMANO LTDA - ME";"Pesquisa do tipo quantitativo, por amostragem, com aplicação de questionários estruturados para tanto e abordagem pessoal domiciliar. O conjunto do eleitorado da zona urbana do Município de Miguel Alves- PI, com 16 anos ou mais será tomado como universo da pesquisa.      ";"Ponderações quanto a sexo, idade, grau de instrução e nível econômico do entrevistado. Margem de Erro: A margem de erro máxima prevista para o total da amostra é de 5,48% pontos percentuais para mais ou para menos, considerando um nível de confiança (probabilidade do intervalo do erro) de 95%. Universo: Eleitorado da zona urbana do Município de Miguel Alves - Pi, com 16 anos ou mais. Tamanho da amostra: A amostra prevista é de 320 entrevistas. Técnica de amostragem: A amostra é estratificada segundo combinação das variáveis sexo e faixa etária, renda e instrução do eleitorado de acordo com dados do TSE (eleitorado abril de 2018) e Fundação IBGE em se tratando de renda. Os tamanhos desses segmentos são: Sexo masculino: 49,02%, feminino 50,98%. Faixa Etária: 16 a 24 anos: 22,31%, 25 a 34 anos: 23,78%, 35 a 44 anos: 16,92%, 45 a 59 anos: 19,81% e 60 anos ou mais: 17,18%. Faixa de Renda: Rendimento até 1 salário mínimo 87,01%, acima de 1 até 2 salários mínimos 8,77%, mais de 2 a 5 salários mínimos 3,75%, acima de 5a 10 salários mínimos 0,58%, acima de 10 salários mínimos 0,14%. Instrução: Analfabeto 16,18%. Lê e Escreve 22,29%, Fundamental incompleto a completo 32,51%, Médio incompleto a completo 23,38%, Superior incompleto a completo 5,64%.";"A conferência e fiscalização da coleta dos dados são feitas com base na grade de campo em todo material coletado. Os pesquisadores envolvidos na realização desta pesquisa são treinados pelo Instituto e recebem instruções específicas para cada projeto realizado. São checados os questionários de cada pesquisador in loco por líder da pesquisa. Todo o material é verificado, codificado, digitado e, antes do processamento final, realiza-se a conferência através da análise de desvio-padrão das respostas pelo sistema e análise de gps. ";"Alto Bela Vista, Angelim, Beira Rio, Centro, Cohab, Forquilha Nova, Forquilha Velha, Mangueirão, Matadouro, São Miguel, Vacaria"
"24/08/2022";"00:10:36";"2018";"5";"Eleições Gerais 2018";"PI";"PI";"PIAUÍ";"PI033012018";"15/08/2018";"09636807000190";"INSTITUTO DE PESQUISA DATA AZ LTDA - ME";"#NULO#";"Deputado Federal, Deputado Estadual, Governador";"17/08/2018";"17/08/2018";"260";"9356 ";"Laércio de Sousa Araújo";"3000,00";"09636807000190";"INSTITUTO DE PESQUISA DATA AZ LTDA - ME";"#NULO#";"09636807000190";"INSTITUTO DE PESQUISA DATA AZ LTDA - ME";"Eleitores com 16 ou mais anos de idade com domicílio eleitoral no município de Landri Sales - PI, na zona urbana e rural. Trata-se de uma pesquisa preferencialmente domiciliar e individual através de uma amostra estratificada de acordo com a Resolução 23.549/2017, dentro das cotas de sexo, faixa etária, nível de instrução e faixa de renda (dados do IBGE e referência na estimativa da população 2017, com uma população eleitoral de 4.472 ¿ até jul2018).";"ZONA: URBANA (75%) RURAL (25%). SEXO: MASCULINO (49%), FEMININO (51%). FAIXA ETÁRIA até 24 anos (18%), de 25 a 34 anos (19%), de 35 a 44 anos (18%), de 45 a 59 anos (24%), 60 anos ou mais (21%). ESCOLARIDADE: Analfabeto (14%), Lê e escreve (11%), 1º Grau inc/comp (39%), 2º Grau inc/comp (26%), 3º Grau inc/comp (10%). RENDA Até 1 salário (81%), entre 1 e 2 salários (13%), entre 2 e 3 salários (5%), entre 3 e 4 salários (0,8%), Mais de 4 salários (0,2%).  Nível de confiança = 95%. nível de significância = 5% E margem de erro = 6,1%, com P = 0,5.  ";"Checagem pelo supervisor em pelo menos 20% dos questionários aplicados em campo ou por fone. Questionários aplicados eletronicamente, por meio de tablets, com sistema próprio de pesquisa, formulação e tabulação.";"ZONA URBANA: Centro, Santa Cruz, Betel, Santo Antônio, São Francisco, Vila São José, Horta.    Localidades Rurais: Assentamento Veredas I e II, Bom Jardim, Jesuda Neiva, Malhada Alta, Piedade, Regalo.    Localidades rurais: Vereda Grande, Tabuleiro do Mato e L3.  "
"24/08/2022";"00:10:36";"2018";"5";"Eleições Gerais 2018";"PI";"PI";"PIAUÍ";"PI034372018";"15/08/2018";"09636807000190";"INSTITUTO DE PESQUISA DATA AZ LTDA - ME";"#NULO#";"Senador, Governador, Deputado Estadual, Deputado Federal";"15/08/2018";"15/08/2018";"300";"9356 ";"Laércio de Sousa Araújo";"3000,00";"09636807000190";"INSTITUTO DE PESQUISA DATA AZ LTDA - ME";"#NULO#";"09636807000190";"INSTITUTO DE PESQUISA DATA AZ LTDA - ME";"Eleitores com 16 ou mais anos de idade com domicílio eleitoral no município de Regeneração - PI, na zona urbana e rural. Trata-se de uma pesquisa preferencialmente domiciliar e individual através de uma amostra estratificada de acordo com a Resolução 23.549/2017, dentro das cotas de sexo, faixa etária, nível de instrução e faixa de renda (dados do IBGE e referência na estimativa da população 2017, com uma população eleitoral de 13.635 ¿ até jul2018).";"ZONA: URBANA (79%) RURAL (21%). SEXO: MASCULINO (47%), FEMININO (53%). FAIXA ETÁRIA até 24 anos (17%), de 25 a 34 anos (22%), de 35 a 44 anos (19%), de 45 a 59 anos (22%), 60 anos ou mais (20%). ESCOLARIDADE: Analfabeto (12%), Lê e escreve (21%), 1º Grau inc/comp (31%), 2º Grau inc/comp (27%), 3º Grau inc/comp (9%). RENDA Até 1 salário (81%), entre 1 e 2 salários (13%), entre 2 e 3 salários (5%), entre 3 e 4 salários (0,8%), Mais de 4 salários (0,2%).  Nível de confiança = 95%. nível de significância = 5% E margem de erro = 5,7%, com P = 0,5.  ";"Checagem pelo supervisor em pelo menos 20% dos questionários aplicados em campo ou por fone. Questionários aplicados eletronicamente, por meio de tablets, com sistema próprio de pesquisa, formulação e tabulação";"ZONA URBANA: Beco, Bela Vista, Centro, Buritizinho, Jacó, Mandú, Vila São Cristóvão, Vila União.    Localidades Rurais: Alto da Balança, Barreiro, Bebedouro, Brejo, Carnaíbas, Carnaúbas, Jacaré.  "
"24/08/2022";"00:10:36";"2018";"5";"Eleições Gerais 2018";"PI";"PI";"PIAUÍ";"PI035172018";"05/07/2018";"07608537000188";"CENTRO DE TREINAMENTO HUMANO LTDA - ME";"INSTITUTO GALAXY";"Deputado Federal, Senador, Governador, Deputado Estadual";"08/07/2018";"09/07/2018";"320";"5102";"Paulo Rubes Oliveira Jales de Carvalho";"1638,67";"07608537000188";"CENTRO DE TREINAMENTO HUMANO LTDA - ME";"#NULO#";"07608537000188";"CENTRO DE TREINAMENTO HUMANO LTDA - ME";"Pesquisa do tipo quantitativo, por amostragem, com aplicação de questionários estruturados para tanto e abordagem pessoal domiciliar. O conjunto do eleitorado da zona urbana do Município de Barras -PI, com 16 anos ou mais será tomado como universo da pesquisa.";"Ponderações quanto a sexo, idade, grau de instrução e nível econômico do entrevistado. Margem de Erro: A margem de erro máxima prevista para o total da amostra é de 5,48% pontos percentuais para mais ou para menos, considerando um nível de confiança (probabilidade do intervalo do erro) de 95%. Universo: Eleitorado da zona urbana do Município de Barras - PI, com 16 anos ou mais. Tamanho da amostra: A amostra prevista é de 320 entrevistas. Técnica de amostragem: A amostra é estratificada segundo combinação das variáveis sexo e faixa etária, renda e instrução do eleitorado de acordo com dados do TSE (eleitorado abril de 2018) e Fundação IBGE em se tratando de renda. Os tamanhos desses segmentos são: Sexo masculino: 49,63%, feminino 50,37%. Faixa Etária: 16 a 24 anos: 20,71%, 25 a 34 anos: 24,23%, 35 a 44 anos: 20,19%, 45 a 59 anos: 20,14% e 60 anos ou mais: 14,73%. Faixa de Instrução: Analfabeto 11,52%. Lê e Escreve 18,17%, Fundamental incompleto a completo 31,17%, Médio incompleto a completo 29,98%, Superior incompleto a completo 9,16%.Renda: Rendimento até 1 salário mínimo 72,72%, acima de 1 até 2 salários mínimos 18,48%, mais de 2 a 5 salários mínimos 10,51%, acima de 5a 10 salários mínimos 3,57%, acima de 10 salários mínimos 1,28%. ";"A conferência e fiscalização da coleta dos dados são feitas com base na grade de campo em todo material coletado. Os pesquisadores envolvidos na realização desta pesquisa são treinados pelo Instituto e recebem instruções específicas para cada projeto realizado. São checados os questionários de cada pesquisador in loco por líder da pesquisa. Todo o material é verificado, codificado, digitado e, antes do processamento final, realiza-se a conferência através da análise de desvio-padrão das respostas pelo sistema e análise de gps. ";"Boa Vista, Centro, Corujal, Fátima, Gadinal, Matadouro, Santinho, São Cristóvão, Vila França, Vila Nize, Xique-xique"
"24/08/2022";"00:10:36";"2018";"5";"Eleições Gerais 2018";"PI";"PI";"PIAUÍ";"PI035932018";"08/08/2018";"26958708000143";"LUANA RAQUEL MARQUES PEREIRA MARTINS";"PORTAL DE OLHO";"Governador, Deputado Distrital, Deputado Estadual, Deputado Federal, Senador";"09/08/2018";"11/08/2018";"320";"10586";"Josiel Pereira dos Santos";"1500,00";"26958708000143";"LUANA RAQUEL MARQUES PEREIRA MARTINS";"#NULO#";"26958708000143";"LUANA RAQUEL MARQUES PEREIRA MARTINS";"Pesquisa do tipo quantitativo, por amostragem, com aplicação de questionário impresso, feita a  abordagem em domicílios e individuais da zona urbana e rural do município. O conjunto da população  brasileira com 16 anos ou mais foi tomado como universo da pesquisa.";"Plano amostral e ponderação quanto a sexo, idade, grau de instrução e nível econômico do  entrevistado, margem de erro e nível de confiança: Universo: População do município de Campo  Maior Piauí, com 16 anos ou mais. Tamanho da amostra: A amostra prevista é de 320 entrevistas.  Técnica de amostragem: A amostra é estratificada por região geográfica do município (Zona urbana e  Rural). Os entrevistados são selecionados aleatoriamente para responder ao questionário, de acordo  com cotas. Os dados utilizados para definição e seleção da amostra são baseados no IBGE (Censo  2010 e Estimativas 2013) e TSE 2018. Os dados relativos a sexo, faixa etária, grau de instrução e  nível econômico são: MASCULINO 52,52%(169), FEMININO 47,25%(151). DE 16 A 24 ANOS  15,86%(51), DE 25 A 34 ANOS 20,97%(67), DE 35 A 44 ANOS 20,47%(66), DE 45 A 59 ANOS  24,16%(77), 60 OU MAIS 18,54%(59). ANALFABETO LÊ E ESCREVE 20,69%(66), 1° GRAU  30,1%(96), 2° GRAU 34,04%(109), 3° GRAU 15,17%(49). ATÉ 1 SALÁRIO MÍNIMO 81,33%(260), DE  1 A 2 SALÁRIOS 10,9%(35), DE 2 A 5 SALÁRIOS 5,5%(18), ACIMA DE 5 SALÁRIOS MÍNIMOS  2,27%(7). ZONA URBANA 74%(237), RURAL 26%(83). Nível de confiança de 95% e Margem de erro  de 5,46%.";"A equipe aplicadora dos questionários estruturados será formada por 1 supervisor e 5 entrevistadores  devidamente treinados. Todos os questionários serão supervisionados pelo supervisor em pelo menos  20% dos questionários aplicados em campo verificando a aplicação correta que será checada  posteriormente a coleta (diretamente no local pelo supervisor), haverá supervisão interna de todos os  questionários aplicados (320) e crítica dos dados digitados feita pelo computador/coordenação.  Sistema próprio de pesquisa, formulação e tabulação dos dados em planilhas.";"BAIRROS DE CAMPO MAIOR PI: CONJUNTO JOSÉ DE ALMEIDA, SÃO LUIZ, RENASCER II, SÃO JOÃO, ÁGUA  AZUL, LOURDES, SANTA RITA, EVEREST, FLOR DO CAMPO, FLORES, CENTRO, ZABELÃO, CIDADE NOVA,  AGENOR MELO, BAIRRO DE FÁTIMA, PAULO VI, PARQUE ESTRELA, FRIPISA, SANTA CRUZ, VILA PAPI,  ESTAÇÃO, MATADOURO E CARIRI.  LOCALIDADES DE CAMPO MAIOR PI: ALTO DO MEIO BOM LUGAR, MAÇÃS, CORREDORES, SÃO JOAQUIM,  SANTO ANTÔNIO, ÁGUA BRANCA, TAPERA, ÁGUA FRIA, ANGELIM, BOQUEIRÃOZINHO, SALINAS, PORÇÃO II."
"24/08/2022";"00:10:36";"2018";"5";"Eleições Gerais 2018";"PI";"PI";"PIAUÍ";"PI039142018";"20/09/2018";"22675543000141";"R10 COMUNICACAO EIRELI";"PORTAL R10";"Governador, Deputado Federal, Deputado Estadual, Senador";"20/09/2018";"21/09/2018";"1000";"10526";"JOSÉ DOS REIS CUNHA FILHO";"5000,00";"22675543000141";"R10 COMUNICACAO EIRELI";"#NULO#";"22675543000141";"R10 COMUNICACAO EIRELI";"Eleitores com 16 ou mais anos de idade com domicílio eleitoral no município de Teresina - PI, na zona  urbana e rural. Trata-se de uma pesquisa preferencialmente domiciliar e individual através de uma amostra  estratificada por cota de sexo, faixa etária, nível de instrução e faixa de renda, de acordo com a Resolução  23.453 TSE e dados do IBGE com referência no censo 2010. Todos os indivíduos terão a mesma chance de  serem selecionados.";"SEXO: MASCULINO (45% - 450), FEMININO (55% - 550). FAIXA ETÁRIA até 24 anos (15% - 150), de  25 a 34 anos (24% - 240), de 35 a 44 anos (22% - 220), de 45 a 59 anos (24% - 240), 60 anos ou mais (15%  - 150). ESCOLARIDADE: Analfabeto (2,4% - 24), Lê e escreve (6% - 60), 1º Grau inc/comp (24,5% -  245), 2º Grau inc/comp (45,3% - 453), 3º Grau inc/comp (21,8% - 218). RENDA Até 1 salário (20% - 200),  entre 1 e 2 salários (44% - 440), entre 2 e 5 salários (17% - 170), entre 5 e 10 salários (10% - 100), Mais de  10 salários (9% - 90). NÍVEL DE CONFIANÇA = 95%. NÍVEL DE SIGNIFICÂNCIA = 5% E MARGEM  DE ERRO = 3,1%, com P = 0,5.";"Checagem pelo supervisor em pelo menos 20% dos questionários aplicados em campo ou por fone. Sistema  próprio de pesquisa, formulação e tabulação dos dados em planilhas (Gráficos e Analíticos).";"ZONA NORTE - Jacinta Andrade, Acarape, Aeroporto, Água Mineral, Alto Alegre, Buenos Aires, Itaperu, Mafrense, Matadouro, Memorare, Mocambinho, Parque Alvorada, Poti Velho, Primavera, Real Copagre, Santa Maria da Codipe, Santa Sofia, São Francisco, São Joaquim.   ZONA SUL/RURAL - Angelim, Bela Vista, Lourival Parente, Morada Nova, Parque Piauí, Parque São João, Parque Sul, Portal da Alegria, Porto Alegre, Promorar, Redenção, Saci, Esplanada, Tabuleta, Três Andares, Vila Irmã Dulce, Cerâmica Cil I e II, Chapadinha.   ZONA LESTE/RURAL - Campestre, Fátima, Horto Florestal, Ininga, Jóquei, Morada do Sol, Noivos, Pedra Mole, Piçarreira, Planalto Uruguai, Recanto das Palmeiras, Santta Isabel, São Cristovão, São João, Satélite, Socopo, Uruguai, Vale do Gavião, Vale Quem Tem e Santa Teresa.   ZONA SUDESTE - Cumprida, Dirceu I e II, Extrema, Gurupi, Itararé, Novo Horizonte, Parque Ideal, Parque Poti, Redonda, Renascença, São Paulo, São Sebastião, Tancredo Neves, Todos os Santos, Usina Santana, Verde Cap.  ZONA CENTRO - Frei Serafim, Cabral, Centro Norte/Sul, Cristo Rei, Ilhotas, Macaúba, Mafuá, Marquês, Matinha, Monte Castelo, Morro da Esperança, Nossa Senhora das Graças, Piçarra, Pio XII, Pirajá, Porenquanto, São Pedro, Vermelha, Vila Operária."
"24/08/2022";"00:10:36";"2018";"5";"Eleições Gerais 2018";"PI";"PI";"PIAUÍ";"PI040592018";"23/07/2018";"22889875000129";"FABIO MARCELO DE MORAIS BATISTA - ME";"CONSULTE INTELIGENCIA E MERCADO";"Deputado Federal, Senador, Governador, Deputado Estadual";"19/07/2018";"20/07/2018";"300";"5102 7ª Região";"Paulo Rubens Oliveira Jales de Carvalho";"3000,00";"22889875000129";"FABIO MARCELO DE MORAIS BATISTA - ME";"#NULO#";"22889875000129";"FABIO MARCELO DE MORAIS BATISTA - ME";"Pesquisa do tipo quantitativo, por amostragem, com aplicação de questionário estruturado e abordagem pessoal domiciliar. O conjunto do eleitorado das zonas urbana e rural do município de São João do Piauí com 16 anos ou mais será tomado como universo da pesquisa. ";"Ponderações quanto a sexo, idade, grau de instrução, e nível econômico do entrevistado. Margem de Erro: A margem de erro máxima prevista para o total da amostra é de 5,59% pontos percentuais para mais ou para menos, considerando um nível de confiança (probabilidade do intervalo do erro) de 95%. Universo: eleitores das zonas urbana e rural do município de São João do Piauí, com 16 anos ou mais. Tamanho da amostra: A amostra é de 300 entrevistas. Técnica de amostragem: A amostra é estratificada segundo combinação das variáveis sexo e faixa etária, renda e instrução do eleitorado e microrregiões. Os estratos terão tamanho proporcional a esses segmentos, de acordo com dados do TSE (eleitorado junho de 2018) e Fundação IBGE em se tratando de renda. Os tamanhos desses segmentos são: Sexo masculino: 48,28% (145), feminino 51,72% (155). Faixa Etária: 16 e 17 anos: 3,96% (12), 18 a 24 anos 16,11% (48): 25 a 34 anos: 22,15% (66), 35 a 44 anos: 19,73% (59), 45 a 59 anos: 21,20% (64) e 60 anos ou mais: 16,86% (51). Faixa de Renda: Até 1 salário mínimo 76,74% (230), acima de 1 até 2 salários mínimos 13,81% (41), acima de 2 a 5 salários mínimos 7,35% (22), acima de 5 a 10 salários mínimos 1,62% (5), acima de 10 salários mínimos 0,48% (2). Instrução: Analfabeto a Lê e Escreve 24,39% (73), Fundamental incompleto a completo 28,23% (85), Médio incompleto a completo 34,74% (104), Superior incompleto a completo 12,64% (38). ";"Os pesquisadores envolvidos na realização desta pesquisa são treinados pelo Instituto e recebem instruções específicas para cada projeto realizado. São checados, no mínimo, 20% dos questionários de cada pesquisador, seja in loco por supervisores de campo, todo o material (100,00%) é verificado, codificado, digitado e, antes do processamento final, realiza-se a conferência da digitação (consistência dos dados). ";"zona urbana e rural do município de São João do Piauí"
"24/08/2022";"00:10:36";"2018";"5";"Eleições Gerais 2018";"PI";"PI";"PIAUÍ";"PI041822018";"12/07/2018";"07608537000188";"CENTRO DE TREINAMENTO HUMANO LTDA - ME";"INSTITUTO GALAXY";"Governador, Deputado Estadual, Deputado Federal, Senador";"13/07/2018";"13/07/2018";"320";"5102";"Paulo Rubes Oliveira Jales de Carvalho";"1689,56";"07608537000188";"CENTRO DE TREINAMENTO HUMANO LTDA - ME";"#NULO#";"07608537000188";"CENTRO DE TREINAMENTO HUMANO LTDA - ME";"Pesquisa do tipo quantitativo, por amostragem, com aplicação de questionários estruturados para tanto e abordagem pessoal domiciliar. O conjunto do eleitorado da zona urbana do Município de Uruçuí - PI, com 16 anos ou mais será tomado como universo da pesquisa.";"Ponderações quanto a sexo, idade, grau de instrução e nível econômico do entrevistado. Margem de Erro: A margem de erro máxima prevista para o total da amostra é de 5,48% pontos percentuais para mais ou para menos, considerando um nível de confiança (probabilidade do intervalo do erro) de 95%. Universo: Eleitorado da zona urbana do Município de Uruçuí - PI, com 16 anos ou mais. Tamanho da amostra: A amostra prevista é de 320 entrevistas. Técnica de amostragem: A amostra é estratificada segundo combinação das variáveis sexo e faixa etária, renda e instrução do eleitorado de acordo com dados do TSE (eleitorado abril de 2018) e Fundação IBGE em se tratando de renda. Os tamanhos desses segmentos são: Sexo masculino: 48,97%, feminino 51,03%. Faixa Etária: 16 a 24 anos: 19,18%, 25 a 34 anos: 24,30%, 35 a 44 anos: 19,91%, 45 a 59 anos: 20,64% e 60 anos ou mais: 15,97%. Faixa de Instrução: Analfabeto 7,15%. Lê e Escreve 17,26%, Fundamental incompleto a completo 30,90%, Médio incompleto a completo 32,26%, Superior incompleto a completo 12,43%. Renda: Rendimento até 1 salário mínimo 62,63%, acima de 1 até 2 salários mínimos 23,91%, mais de 2 a 5 salários mínimos 9,98%, acima de 5 a 10 salários mínimos 2,64%, acima de 10 salários mínimos 0,84%.";"A conferência e fiscalização da coleta dos dados são feitas com base na grade de campo em todo material coletado. Os pesquisadores envolvidos na realização desta pesquisa são treinados pelo Instituto e recebem instruções específicas para cada projeto realizado. São checados os questionários de cada pesquisador in loco por líder da pesquisa. Todo o material é verificado, codificado, digitado e, antes do processamento final, realiza-se a conferência através da análise de desvio-padrão das respostas pelo sistema e análise de gps.";"Aeroporto, Areias, Bela Vista, Centro, Esperança, Fogoso, Malvina, São Francisco, Vaquejada, Água Branca"
"24/08/2022";"00:10:36";"2018";"5";"Eleições Gerais 2018";"PI";"PI";"PIAUÍ";"PI043902018";"18/08/2018";"22675543000141";"R10 COMUNICACAO EIRELI";"PORTAL R10";"Governador, Deputado Estadual, Senador, Deputado Federal";"18/08/2018";"19/08/2018";"300";"10190";"STÊNIO RODRIGUES LIMA";"1500,00";"22675543000141";"R10 COMUNICACAO EIRELI";"#NULO#";"22675543000141";"R10 COMUNICACAO EIRELI";"Eleitores com 16 ou mais anos de idade com domicílio eleitoral no município de Pau D¿arco do Piauí  ¿ PI, na zona urbana e rural. Trata-se de uma pesquisa preferencialmente domiciliar e individual através de uma amostra estratificada por cota de sexo, faixa etária, nível de instrução e faixa de renda, de acordo com a Resolução 23.453 TSE e dados do IBGE com referência no censo 2010. Todos os indivíduos terão a mesma chance de serem selecionados. ";"ZONA: URBANA (14,80%) RURAL (85,20%). SEXO: MASCULINO (51,50% - 155), FEMININO (48,50% - 145). FAIXA ETÁRIA até 24 anos (19,78% - 59), de 25 a 34 anos (22,96% - 69), de 35 a 44 anos (18,89% - 57), de 45 a 59 anos (20,94% - 63), 60 anos ou mais (17,43% - 52). ESCOLARIDADE: Analfabeto (22,47% - 67), Lê e escreve (26,55% - 80), 1º Grau inc/comp (36,89% - 111), 2º Grau inc/comp (12,90% - 39), 3º Grau inc/comp (1,20% - 04). RENDA Até 1 salário (75% - 225), entre 1 e 2 salários (15,28% - 46), entre 2 e 5 salários (6,94% - 21), entre 5 e 10 salários (1,39% - 04), Mais de 10 salários (1,39% - 04).   NÍVEL DE CONFIANÇA = 95%. NÍVEL DE SIGNIFICÂNCIA = 5% E MARGEM DE ERRO = 5,66%, com P = 0,5.  ";"Checagem pelo supervisor em pelo menos 20% dos questionários aplicados em campo ou por fone. Sistema próprio de pesquisa, formulação e tabulação dos dados em planilhas (Gráficos e Analíticos). ";"ZONA URBANA: Centro.  ZONA RURAL: Água Branca, Águas Belas, Alméssica, Ass. Saraiva, Barra do Retiro, Bezerro Manso, Buriti do Meio, Buritizinho, Canto Alegre, Castelete, Chatinho, Estaca Zero, Fazenda Nova, São João Leonel, Uruçus e Vaquejador.  "
"24/08/2022";"00:10:36";"2018";"5";"Eleições Gerais 2018";"PI";"PI";"PIAUÍ";"PI044732018";"06/03/2018";"09636807000190";"INSTITUTO DE PESQUISA DATA AZ LTDA - ME";"#NULO#";"Deputado Federal, Senador, Governador, Deputado Estadual";"04/03/2018";"09/03/2018";"1200";"9356";"LAÉRCIO DE SOUSA ARAÚJO";"32000,00";"08706521000170";"DIRETORIO REGIONAL DO PARTIDO DA REPUBLICA PR DO PIAUI / PARTIDO DA REPUBLICA";"Fundo Partidário";"09636807000190";"INSTITUTO DE PESQUISA DATA AZ LTDA - ME";"Eleitores com 16 ou mais anos de idade com domicílio eleitoral no estado do Piauí. Trata-se de uma pesquisa preferencialmente domiciliar e individual através de uma amostra não aleatória por cota de sexo, faixa etária, nível de instrução e faixa de renda, de acordo com a Resolução 23.549/2017 TSE e dados do IBGE com referência no censo 2010 e estimativa da população 2017. De acordo com as microrregiões de desenvolvimento do Piauí";"O conjunto do eleitorado dos municípios divididos nas microrregiões de desenvolvimento do Piauí  distribuído proporcionalmente por sexo, faixa etária, grau de instrução, classe de renda domiciliar. As cotas de sexo, faixa etária e grau de instrução são definidas de acordo as Estatísticas do Eleitorado do Piauí, TSE visualizadas no mês março de 2018. Cotas de sexo: Masculino (48,1%), Feminino (51,9%), Cotas de faixa etária: Até 24 anos (17,35%), de 25 a 34 anos (22,69%), de 35 a 44 anos (20,44%), de 45 a 59 anos (22,48%), 60 anos ou mais (17,06%), Cotas de grau de instrução: Analfabeto (9,8%), lê e escreve (16,77%), 1º grau incompleto/completo (29,5%), 2º grau incompleto/completo (32,03%), superior incompleto/completo (11,9%) e a variável renda de acordo com IBGE 2010 e estimativa da população 2017. Cotas de classe de renda domiciliar: Até R$ 954,00 (41%), de R$ 954,01 à R$ 1.908,00 (32%), de R$ 1.908,01 à R$ 4.770,00 (19%), de R$ 4.770,01 à R$ 9.540,00 (6%), mais de R$ 9.540,00 (2%).O nível de confiança é de 95%, significância 5% e margem de erro de 2,85%, com P = 0,5 para mais ou para menos.";"Checagem pelo supervisor em pelo menos 20% dos questionários aplicados em campo ou por fone. Questionários aplicados eletronicamente, por meio de tablets, com sistema próprio de pesquisa, formulação e tabulação";"Planície Litorânea ¿ Parnaíba, Luís Correia, Buriti dos Lopes. Cocais ¿ Barras, Batalha, Esperantina, Luzilândia, Piripiri, Piracuruca, Pedro II, Porto. Carnaubais ¿ Campo Maior. Entre Rios ¿ Teresina, José de Freitas, Altos, Água Branca, Amarante, Regeneração, Angical do Piauí, São Pedro do Piauí, Demerval Lobão, Monsenhor Gil, Palmeirais, União, Miguel Alves, Passagem Franca do Piauí, Barro Duro, Nazária. Vale do Sambito ¿ Elesbão Veloso, Inhuma, Valença do Piauí, Ipiranga do Piauí. Vale do Rio Guaribas ¿ Picos, Dom Expedito Lopes. Vale do Rio Canindé ¿ Simplício Mendes, Conceição do Canindé, Oeiras. Serra da Capivara ¿ São João do Piauí, São Raimundo Nonato. Vale dos Rios Piauí e Itaueira ¿ Floriano, Itaueira, Canto do Buriti. Tabuleiros do Alto Parnaíba ¿ Bertolínia, Sebastião Leal, Uruçuí. Chapada das Mangabeiras ¿ Colônia do Gurguéia, Cristino Castro, Gilbués, Bom Jesus, Corrente, Monte Alegre do Piauí, Corrente, Alvorada do Gurguéia. Chapada do Vale do Rio Itaim ¿ Paulistana, Jaicós, Jacobina do Piauí."
"24/08/2022";"00:10:36";"2018";"5";"Eleições Gerais 2018";"PI";"PI";"PIAUÍ";"PI046172018";"15/08/2018";"68802370000186";"IBOPE INTELIGENCIA PESQUISA E CONSULTORIA LTDA";"#NULO#";"Governador, Senador";"15/08/2018";"21/08/2018";"812";"6208-A";"Márcia Cavallari Nunes";"89769,00";"06847495000175";"TV RADIO CLUBE DE TERESINA SA / ";"Recursos Próprios";"68802370000186";"IBOPE INTELIGENCIA PESQUISA E CONSULTORIA LTDA";"Pesquisa quantitativa, que consiste na realização de entrevistas pessoais, com a aplicação de questionário estruturado junto a uma amostra representativa do eleitorado em estudo. Pesquisa realizada no estado do Piauí.";"Representativo do eleitorado da área em estudo, elaborada em três estágios. No primeiro estágio faz-se um sorteio probabilístico dos municípios, onde as entrevistas serão realizadas, pelo método PPT (Probabilidade Proporcional ao Tamanho), tomando o eleitorado como base para tal seleção. No segundo estágio faz-se um sorteio probabilístico dos setores censitários, onde as entrevistas serão realizadas, pelo método PPT (Probabilidade Proporcional ao Tamanho), tomando a população de 16 anos ou mais residente nos setores como base para tal seleção. No terceiro e último estágio, dentro dos setores sorteados, os respondentes são selecionados através de quotas amostrais proporcionais em função de variáveis significativas, a saber: IDADE: 16-24 (masculino) 22% (feminino) 19%. 25-34 (masculino) 24% (feminino) 25%. 35-44 (masculino) 20% (feminino) 20%. 45-54 (masculino) 16% (feminino) 17%. 55 e+ (masculino) 18% (feminino) 19%. INSTRUÇÃO: Até Ensino Médio (masculino) 88% (feminino) 81%. Ensino Superior (masculino) 12% (feminino) 19%. NÍVEL ECONÔMICO: Economicamente ativo (masculino) 70% (feminino) 49%. Não Economicamente ativo (masculino) 30% (feminino) 51%. Está prevista eventual ponderação para correção das variáveis sexo e idade, com base nos percentuais anteriormente mencionados, caso ocorram diferenças superiores a 3 pontos percentuais entre o previsto na amostra e a coleta de dados realizada. Para as variáveis de grau de instrução e nível econômico do entrevistado, o fator previsto para ponderação é 1 (resultados obtidos em campo). O nível de confiança estimado é de 95% e a margem de erro máxima estimada considerando um modelo de amostragem aleatório simples, é de 03 (três) pontos percentuais para mais ou para menos sobre os resultados encontrados no total da amostra. FONTE DOS DADOS: Censo 2010 | PNADC 2016 | TSE 2018.";"Para a realização da pesquisa, utiliza-se uma equipe de entrevistadores e supervisores contratados pelo IBOPE INTELIGÊNCIA PESQUISA E CONSULTORIA LTDA. devidamente treinados para o trabalho. Após os trabalhos de campo, os questionários são submetidos a uma fiscalização de cerca de 20% (vinte por cento) dos questionários aplicados pelos entrevistadores. para verificação das respostas e da adequação dos entrevistados aos parâmetros amostrais.";"A área de abrangência da coleta é Piauí. A relação das localidades selecionadas para aplicação da amostra será apresentada até o 7º dia seguinte ao registro da pesquisa, conforme expresso no art. 2º, §6º da Resolução 23.549/2017 do TSE."
"24/08/2022";"00:10:36";"2018";"5";"Eleições Gerais 2018";"PI";"PI";"PIAUÍ";"PI046802018";"03/05/2018";"15563771000164";"INSTITUTO CREDIBILIDADE LTDA";"INSTITUTO CREDIBILIDADE";"Deputado Federal, Governador, Senador, Deputado Estadual";"25/04/2018";"26/04/2018";"350";"9177";"DIÓGENES VITOR DA SILVEIRA";"5000,00";"23499973000112";"PARTIDO DA SOCIAL DEMOCRACIA BRASILEIRA / P S D B";"Fundo Partidário";"15563771000164";"INSTITUTO CREDIBILIDADE LTDA";"A metodologia empregada nesta pesquisa utilizou uma amostragem não aleatória por cotas proporcionais de sexo, faixa etária, grau de instrução, renda domiciliar, no município de FLORIANO -  PI  As entrevistas foram domiciliares e individuais na zona urbana e rural do município. A Pesquisa foi realizada no período de 25 e 26 de abril de 2018 nos bairros e povoados relacionados no plano amostral com um total de 350 entrevistas num universo de 41.992 eleitores (TSE março/2018).";"A amostragem foi por cotas (tabela abaixo). Dentro do município, as entrevistas são distribuídas proporcionalmente pelas cotas de sexo, faixa etária e grau de instrução de acordo com as estatísticas do TSE (março de 2018) renda do chefe do domicílio segundo o IBGE, por este critério não haver equivalência nas estatísticas do IBGE que se utiliza de outra classificação divergente das eleitorais. O intervalo de confiança (nível de significância) é de 95% com margem de erro de 5,20% para mais ou para menos, nas estatísticas apresentadas para o total da amostra levantada. Entrevistas por Sexo:  Masculino 47% - 165:  Feminino 53% - 185.  Idade: 16 a 24 anos 16,65% - 58¿ de 25 a 34 anos 22,72% -  80¿ de 35 a 44 anos 20,92% - 73¿ de 45 a 59 anos 21,82% -  76 ¿ mais de 60 anos 17,88%  - 63.   Renda Familiar Até R$ 954,00  40,29% - 141, De R$ 954,01 a R$ 1.908,00  30,5% -  107. De R$ 1.908,01 ou mais 29,21%  - 102.   Escolaridade Analfabeto 5,41% 19, Ensino Fundamental Incompleto e Completo 38,51% - 135, Ensino Médio Completo e Incompleto: 40,79% - 143, Ensino Superior Completo e Incompleto: 15,27% - 53.    ";"Equipe aplicadora dos questionários estruturados formada por 3 entrevistadores e 1 supervisor devidamente treinados. Todos os questionários foram supervisionados no trabalho de campo pelo supervisor (diretamente ou acompanhamento) verificando a aplicação correta da grade e 20%  checada posteriormente a coleta (diretamente no local pelo supervisor), houve ainda supervisão interna de todos os questionários aplicados (350) e crítica dos dados digitados feita pelo computador/coordenação.";"ZONA URBANA  Centro 20   M.Tiro/Manguinha 20   Irapua II/Malaria 21   Catumbi/P.Ferrado 21   P.do Sul/V. Leão 23   Cancela/R.Fundo 16   Curador/Viazul 18   Tiberão/A.da Guia 23   Bosque S. Teresinha 10   S. Velha/B.Lugar 25   Caixa D Água/Irapuá I 19   Santa Rita/Guia 16   Conjunto Pedro Simplício 9   Sambaiba Nova 8   Taboca/Matadouro 11   B Lugar/C. São Borja 17   U. Parnaiba 13   Totais 290     ZONA RURAL  Vereda Grande 15   R. Branco 20   Amolar 15   L 3 10   Totais 60  "
"24/08/2022";"00:10:36";"2018";"5";"Eleições Gerais 2018";"PI";"PI";"PIAUÍ";"PI047842018";"15/08/2018";"09636807000190";"INSTITUTO DE PESQUISA DATA AZ LTDA - ME";"#NULO#";"Governador, Deputado Estadual, Deputado Federal, Senador";"18/08/2018";"18/08/2018";"350";"9356 ";"Laércio de Sousa Araújo";"3000,00";"09636807000190";"INSTITUTO DE PESQUISA DATA AZ LTDA - ME";"#NULO#";"09636807000190";"INSTITUTO DE PESQUISA DATA AZ LTDA - ME";"Eleitores com 16 ou mais anos de idade com domicílio eleitoral no município de Oeiras - PI, na zona urbana e rural. Trata-se de uma pesquisa preferencialmente domiciliar e individual através de uma amostra estratificada de acordo com a Resolução 23.549/2017, dentro das cotas de sexo, faixa etária, nível de instrução e faixa de renda (dados do IBGE e referência na estimativa da população 2017, com uma população eleitoral de 26.218 ¿ até jul2018).";"ZONA: URBANA (62%) RURAL (38%). SEXO: MASCULINO (47%), FEMININO (53%). FAIXA ETÁRIA até 24 anos (20%), de 25 a 34 anos (22%), de 35 a 44 anos (20%), de 45 a 59 anos (21%), 60 anos ou mais (17%). ESCOLARIDADE: Analfabeto (11%), Lê e escreve (16%), 1º Grau inc/comp (31%), 2º Grau inc/comp (30%), 3º Grau inc/comp (12%). RENDA Até 1 salário (49%), entre 1 e 2 salários (29%), entre 2 e 3 salários (15%), entre 3 e 4 salários (6%), Mais de 4 salários (1%).  Nível de confiança = 95%. nível de significância = 5% E margem de erro = 5,2%, com P = 0,5.  ";"Checagem pelo supervisor em pelo menos 20% dos questionários aplicados em campo ou por fone. Questionários aplicados eletronicamente, por meio de tablets, com sistema próprio de pesquisa, formulação e tabulação.";"Urbano: Centro, Oeiras Nova, Rosário, Várzea, Rodagem de Picos, Juranir, Conj. Verde Teto, Conj. Oeiras, Conj. Nogueira Tapety, Conj. Alexandre Tapety, Conj. Cajueiro, Conj. Tapety II, Rodagem de Floriano, Canela, Jureminha, Parque Leste, Vila Santa Teresa, Vila São José.    Rural: Briona, Canto, Exu, Buriti do Canto, Buriti Rei, Malhadinha, Lagoinha, Tamboril, Carnaubal, Ipueira, Várzea, Nova Fazenda, Contentamento, Malhada Grande, Boa Nova, Malhadinha do Meio."
"24/08/2022";"00:10:36";"2018";"5";"Eleições Gerais 2018";"PI";"PI";"PIAUÍ";"PI048532018";"22/08/2018";"22675543000141";"R10 COMUNICACAO EIRELI";"PORTAL R10";"Governador, Deputado Estadual, Deputado Federal, Senador";"22/08/2018";"23/08/2018";"300";"10190";"Stênio Rodrigues Lima";"1500,00";"22675543000141";"R10 COMUNICACAO EIRELI";"#NULO#";"22675543000141";"R10 COMUNICACAO EIRELI";"Eleitores com 16 ou mais anos de idade com domicílio eleitoral no município de Jatobá do Piauí ¿ PI, na zona urbana e rural. Trata-se de uma pesquisa preferencialmente domiciliar e individual através de uma amostra estratificada por cota de sexo, faixa etária, nível de instrução e faixa de renda, de acordo com a Resolução 23.453 TSE e dados do IBGE com referência no censo 2010. Todos os indivíduos terão a mesma chance de serem selecionados. ";"ZONA: URBANA (19,01%) RURAL (80,99%). SEXO: MASCULINO (52,52% - 158), FEMININO (47,48% - 142). FAIXA ETÁRIA até 24 anos (16,96% - 51), de 25 a 34 anos (20,21% - 61), de 35 a 44 anos (20,32% - 61), de 45 a 59 anos (23,15% - 69), 60 anos ou mais (19,38% - 58). ESCOLARIDADE: Analfabeto (12,30% - 37), Lê e escreve (20,85 - 63), 1º Grau inc/comp (33,09% - 99), 2º Grau inc/comp (26,82% - 80), 3º Grau inc/comp (6,95% - 21). RENDA Até 1 salário (58,62% - 176), entre 1 e 2 salários (25,86% - 78), entre 2 e 5 salários (12,07% - 36), entre 5 e 10 salários (1,72% - 05), Mais de 10 salários (1,72% - 05).   NÍVEL DE CONFIANÇA = 95%. NÍVEL DE SIGNIFICÂNCIA = 5% E MARGEM DE ERRO = 5,6%, com P = 0,5.  ";"Checagem pelo supervisor em pelo menos 20% dos questionários aplicados em campo ou por fone. Sistema próprio de pesquisa, formulação e tabulação dos dados em planilhas (Gráficos e Analíticos). ";"ZONA URBANA: Centro.  ZONA RURAL: Bananeiras, Santa Alice, Bem Posta, Abilheirinha, Riacho, Bela Vista, Tanques, Montanha, Sambaíba e Gonçalo Alves.  "
"24/08/2022";"00:10:36";"2018";"5";"Eleições Gerais 2018";"PI";"PI";"PIAUÍ";"PI048902018";"15/08/2018";"09636807000190";"INSTITUTO DE PESQUISA DATA AZ LTDA - ME";"#NULO#";"Governador, Deputado Estadual, Deputado Federal, Senador";"14/08/2018";"14/08/2018";"260";"9356 ";"Laércio de Sousa Araújo";"3000,00";"09636807000190";"INSTITUTO DE PESQUISA DATA AZ LTDA - ME";"#NULO#";"09636807000190";"INSTITUTO DE PESQUISA DATA AZ LTDA - ME";"Eleitores com 16 ou mais anos de idade com domicílio eleitoral no município de Angical - PI, na zona urbana e rural. Trata-se de uma pesquisa preferencialmente domiciliar e individual através de uma amostra estratificada de acordo com a Resolução 23.549/2017, dentro das cotas de sexo, faixa etária, nível de instrução e faixa de renda (dados do IBGE e referência na estimativa da população 2017, com uma população eleitoral de 6.159 ¿ até jul2018).";"ZONA: URBANA (78%) RURAL (22%). SEXO: MASCULINO (46%), FEMININO (54%). FAIXA ETÁRIA até 24 anos (17%), de 25 a 34 anos (18%), de 35 a 44 anos (17%), de 45 a 59 anos (25%), 60 anos ou mais (23%). ESCOLARIDADE: Analfabeto (7%), Lê e escreve (15%), 1º Grau inc/comp (28%), 2º Grau inc/comp (35%), 3º Grau inc/comp (15%). RENDA Até 1 salário (81%), entre 1 e 2 salários (13%), entre 2 e 3 salários (5%), entre 3 e 4 salários (0,8%), Mais de 4 salários (0,2%).  Nível de confiança = 95%. nível de significância = 5% E margem de erro = 6,1%, com P = 0,5.  ";"Checagem pelo supervisor em pelo menos 20% dos questionários aplicados em campo ou por fone. Questionários aplicados eletronicamente, por meio de tablets, com sistema próprio de pesquisa, formulação e tabulação.";"ZONA URBANA: Apalvapi, Areias, Canto do Olho D´água, Centro, Carnaubinha, Nossa senhora do Rosário, Montevidéo, Luíz Alves, Neno Santos, Poeirão, Wall Ferraz.    Localidades Rurais: Bela Vista, Caldeirão, Novo Horizonte, Novo Mucambo, Piranhas, Recreio, Retiro."
"24/08/2022";"00:10:36";"2018";"5";"Eleições Gerais 2018";"PI";"PI";"PIAUÍ";"PI049572018";"09/06/2018";"07608537000188";"CENTRO DE TREINAMENTO HUMANO LTDA - ME";"INSTITUTO GALAXY";"Governador, Deputado Estadual, Deputado Federal, Senador";"11/06/2018";"11/06/2018";"500";"5102";"Paulo Rubens Oliveira Jales de Carvalho";"1687,75";"04696542000100";"EMPRESA DE INFORMACOES, DIVULGACOES E NOTICIAS LTDA";"Recursos Próprios";"07608537000188";"CENTRO DE TREINAMENTO HUMANO LTDA - ME";"Pesquisa do tipo quantitativo, por amostragem, com aplicação de questionários estruturados para tanto e abordagem pessoal domiciliar. O conjunto do eleitorado da zona urbana do Município de Teresina ¿ PI, com 16 anos ou mais será tomado como universo da pesquisa. ";"Ponderações quanto a sexo, idade, grau de instrução e nível econômico do entrevistado. Margem de Erro: A margem de erro máxima prevista para o total da amostra é de 4,38% pontos percentuais para mais ou para menos, considerando um nível de confiança (probabilidade do intervalo do erro) de 95%. Universo: Eleitorado da zona urbana do Município de Teresina - PI, com 16 anos ou mais. Tamanho da amostra: A amostra prevista é de 500 entrevistas. Técnica de amostragem: A amostra é estratificada segundo combinação das variáveis sexo e faixa etária, renda e instrução do eleitorado de acordo com dados do TSE (eleitorado abril de 2018) e Fundação IBGE em se tratando de renda. Os tamanhos desses segmentos são: Sexo masculino: 45,22%, feminino 54,78%. Faixa Etária: 16 a 24 anos: 16,17%, 25 a 34 anos: 23,68%, 35 a 44 anos: 22,05%, 45 a 59 anos: 23,40% e 60 anos ou mais: 14,70%. Faixa de Renda: Rendimento até 1 salário mínimo 52,97%, acima de 1 até 2 salários mínimos 23,47%, mais de 2 a 5 salários mínimos 14,55%, acima de 5 a 10 salários mínimos 5,86%, acima de 10 salários mínimos 3,15%. Instrução: Analfabeto/Lê e Escreve 8,14%, Fundamental incompleto a completo 24,14%, Médio incompleto a completo 46,10%, Superior incompleto a completo 21,62%. ";"A conferência e fiscalização da coleta dos dados são feitas com base na grade de campo em todo material coletado. Os pesquisadores envolvidos na realização desta pesquisa são treinados pelo Instituto e recebem instruções específicas para cada projeto realizado. São checados, no mínimo, 30% dos questionários de cada pesquisador in loco por supervisores de campo. Todo o material é verificado, codificado, digitado e, antes do processamento final, realiza-se a conferência da digitação (consistência dos dados).     ";"FÁTIMA    2.       GURUPI    3.       HORTO    4.       ININGA    5.       JOQUEI CLUBE    6.       MORADA DO SOL    7.       PARQUE ITARARÉ    8.       PEDRA MOLE    9.       PIÇARREIRA I E II    10.   PLANALTO URUGUAI    11.   SÃO CRISTOVÃO    12.   SATÉLITE    13.   VALE QUEM TEM    14.   ACARAPE    15.   AEROPORTO    16.   ITAPERU    17.   MAFRENSE    18.   MARQUÊS    19.   MATADOURO    20.   MOCAMBINHO I, II E III    21.   PIRAJÁ    22.   POTI VELHO    23.   SANTA MARIA DA CODIPI    24.   SANTA SOFIA    25.   SÃO JOAQUIM    26.   DIRCEU I     27.   DIRCEU II    28.   PARQUE IDEAL    29.   RENASCENÇA I    30.   RENASCENÇA II    31.   RENASCENÇA III    32.   SÃO SEBASTIÃO    33.   TODOS OS SANTOS    34.   TABULETA    35.   ÁGUA MINERAL    36.   CENTRO    37.   ILHOTAS    38.   LOURIVAL PARENTE    39.   MONTE CASTELO    40.   MORADA NOVA    41.   PIÇARRA    42.   PRIMAVERA    43.   SÃO JOÃO    44.   TANCREDO NEVES    45.   TRÊS ANDARES    46.   VERMELHA    47.   ANGELIM    48.   BELA VISTA I, II E III    49.   PARQUE PIAUÍ    50.   PORTO ALEGRE    51.   PROMORAR    52.   SACI    53.   SANTO ANTONIO    54.   SÃO PEDRO    55.   TABULETA    56.   VILA IRMÃ DULCE  "
"24/08/2022";"00:10:36";"2018";"5";"Eleições Gerais 2018";"PI";"PI";"PIAUÍ";"PI051092018";"21/08/2018";"11186543000161";"ROGERIO M. P. MOURA - ME";"DATA MAX";"Senador, Governador, Deputado Estadual";"23/08/2018";"28/08/2018";"1200";"5102 7ª Região";"Paulo Rubens Oliveira Jales de Carvalho";"6000,00";"11186543000161";"ROGERIO M. P. MOURA - ME";"#NULO#";"11186543000161";"ROGERIO M. P. MOURA - ME";"Pesquisa do tipo quantitativo, por amostragem, com aplicação de questionário estruturado e abordagem pessoal domiciliar. O conjunto do eleitorado do Estado do Piauí com 16 anos ou mais será tomado como universo da pesquisa. ";"Ponderações quanto a sexo, idade, grau de instrução, e nível econômico do entrevistado. Margem de Erro: A margem de erro máxima prevista para o total da amostra é de 2,83% pontos percentuais para mais ou para menos, considerando um nível de confiança (probabilidade do intervalo do erro) de 95%. Universo: Eleitorado de 46 municípios do Estado do Piauí, com 16 anos ou mais. Tamanho da amostra: A amostra é de 1.200 entrevistas. Técnica de amostragem: A amostra é estratificada segundo combinação das variáveis sexo e faixa etária, renda e instrução do eleitorado e microrregiões. Os estratos terão tamanho proporcional a esses segmentos, de acordo com dados do TSE (eleitorado junho de 2018) e Fundação IBGE em se tratando de renda. Os tamanhos desses segmentos são: Sexo masculino: 48,17%(578), feminino 51,83%(622). Faixa Etária: 16 a 24 anos: 18,46%(222), 25 a 34 anos: 22,18%(266), 35 a 44 anos: 20,42%(245), 45 a 59 anos: 22,22%(267) e 60 anos ou mais: 16,72% (200). Faixa de Renda: Até 1 salário mínimo 71,41%(857), acima de 1 até 2 salários mínimos 16,38% (196), acima de 2 a 5 salários mínimos 8,34% (100), acima de 5 a 10 salários mínimos 2,67% (32), acima de 10 salários mínimos 1,20% (15). Instrução: Analfabeto 9,33%(112), Lê e Escreve 15,92%(191), Fundamental incompleto a completo 29,22%(351), Médio incompleto a completo 33,36%(400), Superior incompleto a completo 12,17%(146). ";"Os pesquisadores envolvidos na realização desta pesquisa são treinados pelo Instituto e recebem instruções específicas para cada projeto realizado. São checados, no mínimo, 30% dos questionários de cada pesquisador, seja in loco por supervisores de campo, todo o material (100,00%) é verificado, codificado, digitado e, antes do processamento final, realiza-se a conferência da digitação (consistência dos dados). ";"MICRORREGIÃO    DE BERTOLÍNIA:      BERTOLÍNIA   COLÔNIA DO GURGUÉIA        MICRORREGIÃO    DE CAMPO MAIOR:      CAMPO MAIOR   CASTELO DO PIAUÍ   PEDRO II        MICRORREGIÃO    DE CHAPADAS DO EXTREMO   SUL PIAUIENSE:      CORRENTE   CRISTALÂNDIA DO PIAUÍ      MICRORREGIÃO  DE FLORIANO:      FLORIANO   JERUMENHA        MICRORREGIÃO  DE PICOS:      IPIRANGA DO PIAUÍ   OEIRAS   PICOS        MICRORREGIÃO    DE PIO IX:      PIO IX    SÃO JULIÃO      MICRORREGIÃO    DE SÃO tRAIMUNDO NONATO:      CANTO DO BURITI   CORONEL JOSÉ DIAS   SÃO RAIMUNDO NONATO      MICRORREGIÃO  DE TERESINA:      ALTOS   DEMERVAL LOBÃO   JOSÉ DE FREITAS   MONSENHOR GIL   TERESINA   UNIÃO      MICRORREGIÃO    DE VALENÇA DO PIAUÍ:      ELESBÃO VELOSO   INHUMA   VALENÇA DO PIAUÍ        MICRORREGIÃO  ALTO MÉDIO  CANINDÉ:      FRONTEIRAS   JAICÓS   PAULISTANA   SÃO JOÃO DO PIAUÍ       MICRORREGIÃO  ALTO MÉDIO  GURGUÉIA:      BOM JESUS   CRISTINO CASTRO   MONTE ALEGRE DO PIAUÍ        MICRORREGIÃO    ALTO   PARNAÍBA   PIAUIENSE:      URUÇUÍ        MICRORREGIÃO    BAIXO   PARNAÍBA   PIAUIENSE:   BARRAS   ESPERANTINA   LUZILÂNDIA   PIRIPIRI      MICRORREGIÃO    DO LITORAL PIAUIENSE:      BURITI DOS LOPES   LUÍS CORREIA   PARNAÍBA   PIRACURUCA           MICRORREGIÃO    DO MÉDIO   PARNAÍBA   PIAUIENSE:      ÁGUA BRANCA   AMARANTE   HUGO NAPOLEÃO   REGENERAÇÃO      MICRORREGIÃO    DE BERTOLÍNIA:      "
"24/08/2022";"00:10:36";"2018";"5";"Eleições Gerais 2018";"PI";"PI";"PIAUÍ";"PI051302018";"07/02/2018";"11186543000161";"ROGERIO M. P. MOURA - ME";"DATA MAX";"Deputado Federal, Deputado Estadual";"03/02/2018";"04/02/2018";"320";"5102 ";"Paulo Rubens Oliveira Jales de Carvalho";"3000,00";"11186543000161";"ROGERIO M. P. MOURA - ME";"#NULO#";"11186543000161";"ROGERIO M. P. MOURA - ME";"Pesquisa do tipo quantitativo, por amostragem, com aplicação de questionário estruturado e abordagem pessoal domiciliar. O conjunto do eleitorado do Município de Campo Maior ¿ PI, com 16 anos ou mais será tomado como universo da pesquisa. ";"Pesquisa do tipo quantitativo, por amostragem, com aplicação de questionário estruturado e abordagem pessoal domiciliar. O conjunto do eleitorado do Município de Campo Maior ¿ PI, com 16 anos ou mais será tomado como universo da pesquisa. ";"Os pesquisadores envolvidos na realização desta pesquisa são treinados pelo Instituto e recebem instruções específicas para cada projeto realizado. São checados, no mínimo, 30% dos questionários de cada pesquisador, seja in loco por supervisores de campo, todo o material é verificado, codificado, digitado e, antes do processamento final, realiza-se a conferência da digitação (consistência dos dados). ";"Bairrios: Centro, Conjunto José de Almeida, Conjunto Renascer I e II, Conjunto Ipase, Conjunto Cidade  Nova, Bairro de Fátima, Paulo VI, Parque Estrela, Estação, Vila Mariana, Santa Cruz, Conjunto Amor, Conjunto  Adefac,  Conjunto  Lindóia,  Conjunto Lucidio Portela,  Conjunto  José  Francisco  Bona, Vila  Papi,  Matadouro,  Cariri,  São  João,  Bairro  de  Lourdes,  Recreio,  São  Luís,  Água  Azul, Flores,  Flor  do  Campo,  Santa  Rita,  Conjunto  Evereste e Conjunto  Porção."
"24/08/2022";"00:10:36";"2018";"5";"Eleições Gerais 2018";"PI";"PI";"PIAUÍ";"PI053002018";"08/09/2018";"15563771000164";"INSTITUTO CREDIBILIDADE LTDA";"INSTITUTO CREDIBILIDADE";"Governador, Deputado Estadual, Deputado Federal, Senador";"10/09/2018";"14/09/2018";"1082";"5102 (7ª REGIÃO)";"PAULO RUBENS OLIVEIRA JALES DE CARVALHO";"28000,00";"02386853000139";"SISTEMA INTEGRADO DE COMUNICACAO LTDA / TERESINA FM";"Recursos Próprios";"15563771000164";"INSTITUTO CREDIBILIDADE LTDA";"A metodologia empregada nesta pesquisa utilizará uma amostragem aleatória estratificada proporcional por sexo, idade, escolaridade e renda distribuídas na zona urbana e rural através de entrevistas domiciliares e individuais no estado do Piauí, obedecendo à proporção da divisão pelos 12 Territórios. A Pesquisa será realizada no período de 10 a 14 de setembro de 2018 nas cidades constantes no plano amostral com um total de 1082 entrevistas.";"O método de amostragem que será utilizada nesta pesquisa quantitativa eleitoral será através de uma amostra probabilística aleatória estratificada proporcional (tabela abaixo), visto que a população de origem é considerada heterogênea, pois a mesma estará dividida em estratos referentes de acordo a divisão geopolítica do estado do PIAUÍ. renda (em salários mínimos), escolaridade, idade e sexo. Sendo que, as variáveis sexo, idade e escolaridade, terão as escalas distribuídas de acordo com as estatísticas do Tribunal Superior Eleitoral (TSE) de junho de 2018. Enquanto que a variável renda do chefe do domicílio, segundo o que estabelece o Instituto Brasileiro de Geografia e Estatística (IBGE), através do Censo de 2010. As escolhas de base de ambos os institutos foram selecionados, pois não se diverge da classificação eleitoral proposta pelo TSE. Ainda, para a realização do estudo levantou-se o tamanho populacional de eleitores pertencente ao estado do PIAUÍ, e com uma margem de erro de 3,0% para mais ou para menos e uma margem de confiança de 95%, chegou-se em uma amostra significativa e aleatória de 1082 eleitores a pesquisar, assim distribuídos: SEXO: Masculino ¿ 521, Feminino 561/ Faixa Etária: De 16 a 17 anos ¿ 30, de 18 a 24 anos ¿ 171, de 25 a 34 anos ¿ 240, de 35 a 44 anos ¿ 221, de 45 a 59 anos ¿ 244, de 60 anos ou mais 176. RENDA FAMILIAR: Até 1 Sal. Mínimo ¿ 601, Mais de de 1 a 2 Sal. Mínimos ¿ 249, Mais de 2 Sal. Mínimos ¿ 232. ESOLARIDADE: Analfabetos -101, Ensino Fundamental (incluindo Lê e escreve) ¿ 488, Ensino Médio ¿ 361, Ensino Superior ¿ 132.";"Equipe aplicadora dos questionários estruturados formada por 15 entrevistadores e 5 supervisores devidamente treinados. Todos os questionários serão supervisionados no trabalho de campo pelo supervisor (diretamente ou acompanhamento) verificando a aplicação correta da grade e 20% será checada posteriormente a coleta (diretamente no local pelo supervisor), haverá ainda supervisão interna de todos os questionários aplicados (1082) e crítica dos dados digitados feita pelo computador/coordenação.";"PLANÍCIE LITORÂNEA QUANT  BOM PRINCÍPIO 4  LUIS CORREIA 8  PARNAÍBA 58  BURITI DOS LOPES 10  COCAL 12     COCAIS   BARRAS 21  BATALHA 16  ESPERANTINA 18  LUZILÂNDIA 15  PIRACURUCA 16  PIRIPIRI 33  PEDRO II 19     CARNAUBAIS   CABECEIRAS DO PIAUÍ 6  CAMPO MAIOR 25  JATOBÁ 6  CASTELO DO PIAUÍ 13        ENTRE RIOS   MIGUEL ALVES 12  ALTOS 15  JOSÉ DE FREITAS 17  TERESINA 285  UNIÃO 22  DEMERVAL LOBÃO 7  MONSENHOR GIL 6  ÁGUA BRANCA 8  AMARANTE 8  REGENERAÇÃO 10  SÃO PEDRO DO PIAUÍ 8     VALE DO SAMBITO   ELESBÃO VELOSO 11  INHUMA 11  IPIRANGA DO PIAUÍ 6  VALENÇA DO PIAUÍ 12     VALE DO RIO GUARIBAS   PICOS 35  FRANCISCO SANTOS 6  PIO IX 12  CAMPO GRANDE DO PIAUÍ 6  BOCAINA 5  DOM EXPEDITO LOPES 6     CHAPADA VALE DO RIO ITAIM QUANT  FRANCISCO MACEDO 5  JAICÓS 12  MARCOLÂNDIA 7  PADRE MARCOS 6  SIMÕES 10  PAULISTANA 12     VALE DO RIO CANINDÉ   COLÔNIA DO PIAUÍ 6  OEIRAS 22  SANTA ROSA DO PIAUI 5  SANTO INÁCIO DO PIAUÍ 5  SIMPLÍCIO MENDES 8     SERRA DA CAPIVARA   SÃO JOÃO DO PIAUÍ 13  CAPITÃO GERVASIO OLIVEIRA 5  SÃO RAIMUNDO NONATO 21  ANÍSIO DE ABREU 7  VÁRZEA BRANCA 5     VALES DOS RIOS PIAUÍ E ITAUIERA   FLORIANO 27  SÃO JOSÉ DO PEIXE 5  ITAUEIRA 10  CANTO DO BURITI 15     TABOLERIOS DO ALTO PARNAIBA   PORTO ALEGRE 7  URUÇUÍ 10  MARCOS PARENTE 5  CANAVIEIRA 5  JERUMENHA 5     CHAPADA DAS MANGABEIRAS   ELIZEU MARTINS 6  MANOEL EMÍDIO 5  SANTA LUZ 4  BOM JESUS 12  PALMEIRA DO PIAUÍ 5  GILBUÉS 7  SEBASTIÃO BARROS 5  CORRENTE 12  "
"24/08/2022";"00:10:36";"2018";"5";"Eleições Gerais 2018";"PI";"PI";"PIAUÍ";"PI053462018";"24/07/2018";"22889875000129";"FABIO MARCELO DE MORAIS BATISTA - ME";"CONSULTE INTELIGENCIA E MERCADO";"Governador, Deputado Estadual, Deputado Federal, Senador";"25/07/2018";"26/07/2018";"500";"5102 7ª Região";"Paulo Rubens Oliveira Jales de Carvalho";"7000,00";"09011478000191";"PARTIDO REPUBLICANO BRASILEIRO / PRB";"Fundo Partidário";"22889875000129";"FABIO MARCELO DE MORAIS BATISTA - ME";"Pesquisa do tipo quantitativo, por amostragem, com aplicação de questionário estruturado e abordagem pessoal domiciliar. O conjunto do eleitorado da zona urbana e rural do Município de Teresina ¿ PI, com 16 anos ou mais será tomado como universo da pesquisa. ";"Ponderações quanto a sexo, idade, grau de instrução e nível econômico do entrevistado. Margem de Erro: A margem de erro máxima prevista para o total da amostra é de 4,38% pontos percentuais para mais ou para menos, considerando um nível de confiança (probabilidade do intervalo do erro) de 95%. Universo: Eleitorado da zona urbana e rural do Município de Teresina - PI, com 16 anos ou mais. Tamanho da amostra: A amostra é de 500 entrevistas. Técnica de amostragem: A amostra é estratificada segundo combinação das variáveis sexo e faixa etária, renda e instrução do eleitorado de acordo com dados do TSE (eleitorado junho de 2018) e Fundação IBGE em se tratando de renda. Os tamanhos desses segmentos são: Sexo: Masculino = 45,20% (226) e Feminino 54,80% (274). Grau de Instrução: Analfabeto a Lê e escreve 8,11% (41), Fund. Incompleto a completo 24,13% (121), Médio incompleto a completo 46,13% (230), Superior incompleto a completo 21,63% (108). Faixa de renda: Até 1 salário mínimo 52,97% (265), Mais de 1 a 2 salários mínimos 23,47% (117), Mais de 2 a 5 salários mínimos 14,55% (73), Mais de 5 a 10 salários mínimos 5,86% (29) e Mais de 10 salários mínimos 3,15% (16). Faixa etária: 16 e 17 anos 1,13% (6) 18 a 24 anos 14,83% (74), Acima de 24 a 34 anos 23,69% (118), Acima de 34 a 44 anos 22,14% (111), Acima de 44 a 59 anos 23,44% (117) e 60 ou mais anos 14,78% (74)     ";"Os pesquisadores envolvidos na realização desta pesquisa são treinados pelo Instituto e recebem instruções específicas para cada projeto realizado. São checados, no mínimo, 20% dos questionários de cada pesquisador, seja in loco por supervisores de campo, todo o material (100%) é verificado, codificado, digitado e, antes do processamento final, realiza-se a conferência da digitação (consistência dos dados).   A seleção das unidades investigadas é feita segundo procedimentos aleatórios e as entrevistas realizadas em domicílios residenciais, cujas quantidades foram distribuídas proporcionalmente à população do município.   ";"zuna urbana (norte, sul, leste e sudeste e rural"
"24/08/2022";"00:10:36";"2018";"5";"Eleições Gerais 2018";"PI";"PI";"PIAUÍ";"PI053522018";"15/07/2018";"07608537000188";"CENTRO DE TREINAMENTO HUMANO LTDA - ME";"INSTITUTO GALAXY";"Governador, Deputado Estadual, Deputado Federal, Senador";"16/07/2018";"16/07/2018";"320";"5102";"Paulo Rubes Oliveira Jales de Carvalho";"1689,56";"07608537000188";"CENTRO DE TREINAMENTO HUMANO LTDA - ME";"#NULO#";"07608537000188";"CENTRO DE TREINAMENTO HUMANO LTDA - ME";"Pesquisa do tipo quantitativo, por amostragem, com aplicação de questionários estruturados para tanto e abordagem pessoal domiciliar. O conjunto do eleitorado da zona urbana do Município de Regeneração  - PI, com 16 anos ou mais será tomado como universo da pesquisa.";"Ponderações quanto a sexo, idade, grau de instrução e nível econômico do entrevistado. Margem de Erro: A margem de erro máxima prevista para o total da amostra é de 5,48% pontos percentuais para mais ou para menos, considerando um nível de confiança (probabilidade do intervalo do erro) de 95%. Universo: Eleitorado da zona urbana do Município de Regeneração  - PI, com 16 anos ou mais. Tamanho da amostra: A amostra prevista é de 320 entrevistas. Técnica de amostragem: A amostra é estratificada segundo combinação das variáveis sexo e faixa etária, renda e instrução do eleitorado de acordo com dados do TSE (eleitorado abril de 2018) e Fundação IBGE em se tratando de renda. Os tamanhos desses segmentos são: Sexo masculino: 46,95%, feminino 53,05%. Faixa Etária: 16 a 24 anos: 17,35%, 25 a 34 anos: 21,66%, 35 a 44 anos: 19,02%, 45 a 59 anos: 21,73% e 60 anos ou mais: 20,23%. Faixa de Instrução: Analfabeto 12,34%. Lê e Escreve 20,51%, Fundamental incompleto a completo 31,41%, Médio incompleto a completo 26,96%, Superior incompleto a completo 8,78%. Renda: Rendimento até 1 salário mínimo 74,92%, acima de 1 até 2 salários mínimos 16,39%, mais de 2 a 5 salários mínimos 7,22%, acima de 5 a 10 salários mínimos 1,22%, acima de 10 salários mínimos 0,43%.";"A conferência e fiscalização da coleta dos dados são feitas com base na grade de campo em todo material coletado. Os pesquisadores envolvidos na realização desta pesquisa são treinados pelo Instituto e recebem instruções específicas para cada projeto realizado. São checados os questionários de cada pesquisador in loco por líder da pesquisa. Todo o material é verificado, codificado, digitado e, antes do processamento final, realiza-se a conferência através da análise de desvio-padrão das respostas pelo sistema e análise de gps.";"Alto do Balanço, Bebedouro, Bela Vista, Buritizinho, Centro, Chapadinha dos Narigadas, Jaicós, Santa Teresinha, São Cristóvão, São Gonçalinho, São Vicente, Vila São Francisco, Vila União"
"24/08/2022";"00:10:36";"2018";"5";"Eleições Gerais 2018";"PI";"PI";"PIAUÍ";"PI059332018";"31/08/2018";"10320257000184";"INSTITUTO PIAUIENSE DE OPINIAO PUBLICA LTDA - EPP";"AMOSTRAGEM OPINIAO E MERCADO";"Governador, Senador";"01/09/2018";"04/09/2018";"1137";"CONRE  - 7ª REGIÃO Nº 6695";"JOÃO BATISTA MENDES TELES";"55000,00";"00361945000139";"SISTEMA MEIO NORTE DE COMUNICACAO LTDA / MEIO NORTE";"Recursos Próprios";"10320257000184";"INSTITUTO PIAUIENSE DE OPINIAO PUBLICA LTDA - EPP";"Metodologia empregada: Amostragem não aleatória por cotas de sexo, faixa etária, grau de instrução, renda familiar, zona (urbana e rural), microrregiões e municípios. Entrevistas domiciliares e individuais.";"Amostragem por cotas. O conjunto do eleitorado dos municípios é distribuído proporcionalmente por sexo, faixa etária, grau de instrução, classe de renda domiciliar. As variáveis: sexo, faixa etária e grau de instrução são ponderadas de acordo com as Estatísticas do Eleitorado do Piauí, TSE, Agosto de 2018 referente aos municípios pesquisados. A variável classe de renda domiciliar é ponderada de acordo com as estatística do Censo Demográfico IBGE  2010. O nível de confiança é de 95% com margem de erro de 2,85% para mais ou para menos, nas estatísticas apresentadas para o total da amostra levantada considerando variância máxima, p=0,50. 1 ¿ p = 0,50.    Cotas de sexo: Masculino (538), Feminino (599),     Cotas de faixa etária:   16 a 17 anos (30), 18 a 24 anos (176), 25 a 34 anos (257), 35 a 44 anos (232), 45 a 59 anos (255), 60 e + anos (187),     Cotas de grau de instrução: Analfabeto (89), lê e escreve (163), Ensino fundamental incompleto/completo (320), Ensino médio incompleto/completo (406), superior incompleto (59), superior completo (100),     Cotas de classe de renda domiciliar:    Até R$ 954,00 (342),    de R$ 954,01 à R$ 1.908,00 (347),    de R$ 1.908,01 à R$ 4.770,00 (314), de R$ 4.770,01 à R$ 9.540,00 (85), mais de R$ 9.540,00 (49).";"Supervisão interna em 100% dos questionários aplicados e crítica dos dados digitados feita pelo computador.  Checagem direta com retorno e/ou acompanhamento e/ou por telefone feita pelos supervisores de campo em no mínimo 20% dos questionários aplicados, de acordo com a exigência da ABEP ¿ Associação Brasileira de Empresas de Pesquisa. Relatórios de campo ¿ pesquisadores e supervisores.";"Municípios pesquisados por microrregião:    Baixo Parnaíba Piauiense (Esperantina, Barras, Piripiri, Batalha).     Litoral Piauiense (Buriti dos Lopes, Luís Correia, Parnaíba).     Teresina (Teresina, União, José de Freitas).     Campo Maior (São Miguel do Tapuio, Castelo do Piauí, Pedro II, Campo Maior).     Médio Parnaíba Piauiense (Regeneração, Amarante, Água Branca).     Valença do Piauí (Pimenteiras, Elesbão Veloso, Valença do Piauí).    Alto Parnaíba Piauiense (Uruçuí).    Bertolínia (Bertolínia, Colônia do Gurgueia).    Floriano (Nazaré do Piauí, Itaueira, Floriano).    Alto Médio Gurguéia (Monte Alegre do Piauí, Bom Jesus).     São Raimundo Nonato (Dom Inocêncio, Caracol, Canto do Buriti, São Raimundo Nonato).     Chapadas do Extremo Sul Piauiense (Corrente, Curimatá).     Picos (Dom Expedito Lopes, Ipiranga do Piauí, Oeiras, Picos).     Pio IX (Francisco Santos, Pio IX).     Alto Médio Canindé (Simplício Mendes, Fronteiras, Simões, Jaicós, São João do Piauí, Paulistana, Itainópolis)."
"24/08/2022";"00:10:36";"2018";"5";"Eleições Gerais 2018";"PI";"PI";"PIAUÍ";"PI060222018";"10/08/2018";"15563771000164";"INSTITUTO CREDIBILIDADE LTDA";"INSTITUTO CREDIBILIDADE";"Governador, Deputado Distrital, Deputado Estadual, Deputado Federal, Senador";"09/08/2018";"12/08/2018";"350";"5102 (7ª REGIÃO)";"PAULO RUBENS OLIVEIRA JALES DE CARVALHO";"4000,00";"21951535200";"ELIOMAR DOS SANTOS SILVA";"Recursos Próprios";"15563771000164";"INSTITUTO CREDIBILIDADE LTDA";"A metodologia empregada nesta pesquisa utilizará uma amostragem aleatória estratificada proporcional por sexo, idade, escolaridade e renda familiar, distribuídas na zona urbana e rural através de entrevistas domiciliares e individuais no município de COCAL - PI. A Pesquisa será realizada no período de 09 a 12 de agosto de 2018 com um total de 350 entrevistas.";"O método de amostragem que será utilizada nesta pesquisa quantitativa eleitoral será através de uma amostra probabilística aleatória estratificada proporcional (tabela abaixo), visto que a população de origem é considerada heterogênea, pois a mesma estará dividida em estratos referentes de acordo a divisão geopolítica do estado do PIAUÍ. renda (em salários mínimos), escolaridade, idade e sexo. Sendo que, as variáveis sexo, idade e escolaridade, terão as escalas distribuídas de acordo com as estatísticas do Tribunal Superior Eleitoral (TSE) de junho de 2018. Enquanto que a variável renda do chefe do domicílio, segundo o que estabelece o Instituto Brasileiro de Geografia e Estatística (IBGE), através do Censo de 2010. As escolhas de base de ambos os institutos foram selecionados, pois não se diverge da classificação eleitoral proposta pelo TSE. Ainda, para a realização do estudo levantou-se o tamanho populacional de eleitores pertencente ao município de Cocal - PI, e com uma margem de erro de 5,2% para mais ou para menos e uma margem de confiança de 95%, chegou-se em uma amostra significativa e aleatória de 350 eleitores a pesquisar, assim distribuídos: SEXO: Masculino: 49,36% - 173,  Feminino: 50,64% 177 / Faixa Etária: De 16 a 24 anos: 21% - 75, de 25 a 34 anos ¿ 22% 78, de 35 a 44 anos ¿ 19% 67, de 45 a 59 anos ¿ 21% 73, de 60 anos ou mais ¿ 16% 57. RENDA FAMILIAR: Até 1 Sal. Mínimo ¿ 85% 298, Mais de de 1 a 2 Sal. Mínimos ¿ 10% 35,  Mais de 2 Sal. Mínimos ¿ 5% 18. ESOLARIDADE: Analfabetos - 16% 57, Ensino Fundamental (Incluíndo Lê e Escreve) ¿ 58% 202, Ensino Médio ¿ 20% 68, Ensino Superior ¿ 6% 23.";"Equipe aplicadora dos questionários estruturados formada por 03 entrevistadores e 1 supervisor devidamente treinados. Todos os questionários serão supervisionados no trabalho de campo pelo supervisor (diretamente ou acompanhamento) verificando a aplicação correta da grade e 20% será checada posteriormente a coleta (diretamente no local pelo supervisor), haverá ainda supervisão interna de todos os questionários aplicados (350) e crítica dos dados digitados feita pelo computador/coordenação.";"Bairros da ZONA URBANA:  Centro 35  Alfa I 15  Mutirão 25  Noventa 12  Santa Luzia 21  Santa Terezinha 20  São Francisco 25  São Pedro 22  Ulisses 15  Totais     190  Localidades:ZONA RURAL:  Angical  10  Angico Branco  10  Cajueiro  10  Campestre  22  Contendas  13  Franco  8  Frecheira do São Pedro  15  Itapicuru  9  Juazeiro  13  Santo Hilário  12  Segundo Campo  10  Vidéu  13  Biribinha  15  Totais 160"
"24/08/2022";"00:10:36";"2018";"5";"Eleições Gerais 2018";"PI";"PI";"PIAUÍ";"PI060242018";"22/08/2018";"11186543000161";"ROGERIO M. P. MOURA - ME";"DATA MAX";"Governador, Deputado Estadual, Deputado Federal, Senador";"24/08/2018";"25/08/2018";"400";"5102 7ª Região";"Paulo Rubens Oliveira Jales de Carvalho";"2000,00";"11186543000161";"ROGERIO M. P. MOURA - ME";"#NULO#";"11186543000161";"ROGERIO M. P. MOURA - ME";"Pesquisa do tipo quantitativo, por amostragem, com aplicação de questionários estruturados para tanto e abordagem pessoal domiciliar. O conjunto do eleitorado do município de Piripiri do estado do Piauí, com 16 anos ou mais será tomado como universo da pesquisa. A pesquisa abrangerá os seguintes cargos:  Senador, Governador, Deputado Federal e Deputado Estadual";"Ponderações quanto a sexo, idade, grau de instrução e nível econômico do entrevistado. Margem de Erro: A margem de erro máxima prevista para o total da amostra é de 4,9% pontos percentuais para mais ou para menos, considerando um nível de confiança (probabilidade do intervalo do erro) de 95%. Homens 48,09%(192). Mulheres 51,91%(208). até 24 anos 18,88%(76), 25 a 34 anos 21,50%(86), 35 a 44 anos 19,00%(76), 45 a 59 anos 21,45%(85), 60 ou mais 19,17%(77). analfabeto 15,37%(61), lê e escreve 15,76%(63), ens. Fund. Inc. completo 27,15%(109). ensino médio inc.completo 34,23%(137). ens. Superior inc. completo 7,49%(30). até 1 salário mínimo 81,52%(326). 1 a 2 salários 11,95%(48). 2 a 5 salários 4,58%(18). 5 a 10 salários 1,17%(5). mais de 10 salários 0,78%(3)";"Os pesquisadores envolvidos na realização desta pesquisa são treinados pelo Instituto e recebem instruções específicas para cada projeto realizado. São checados, no mínimo, 30% dos questionários de cada pesquisador, seja in loco por supervisores de campo, todo o material (100,00%) é verificado, codificado, digitado e, antes do processamento final, realiza-se a conferência da digitação (consistência dos dados).";"BAIRROS DE PIRIPIRI ¿ PI:    CENTRO   ESTAÇÃO   MATADOURO   GERMANO   PRADO   PACIÊNCIA   PETECAS I, II, III e IV     CAIXA D¿ÁGUA    SÃO JOÃO    FLOR DO CAMPO   SANTA MARIA   ANAJÁS   VISTA ALEGRE   CONJUNTO EXPEDITO RESENDE   CONJUNTO RUCINHA   RECREIO   FLORESTA   LOCALIDADES DE PIRIPIRI ¿ PI:      SÃO LUÍS   BANDA   FURNAS   PÉ DO MORRO   FORMOSA   OLHO D ÁGUA GRANDE   CALDEIRÃO   "
"24/08/2022";"00:10:36";"2018";"5";"Eleições Gerais 2018";"PI";"PI";"PIAUÍ";"PI061592018";"27/09/2018";"29842579000111";"REAL TIME BIG DATA GESTAO DE DADOS LTDA.";"REAL TIME BIG DATA";"Governador, Senador";"02/10/2018";"02/10/2018";"1200";"7655";"Augusto da Silva Rocha";"15000,00";"29842579000111";"REAL TIME BIG DATA GESTAO DE DADOS LTDA.";"#NULO#";"29842579000111";"REAL TIME BIG DATA GESTAO DE DADOS LTDA.";"Pesquisa quantitativa, que consiste na realização de entrevistas por telefone, com a aplicação de questionário estruturado junto a uma amostra, representativa do eleitorado em estudo.";"Universo: 2.370.894 eleitores (TSE). Amostra: 1200 entrevistas. Nível de Confiança: 95%. Margem de Erro: até 3 pontos percentuais para mais ou para menos. Divisão Censitária. Ponderação quanto ao sexo e faixa etária: Masculino de 16 a 24 anos (9,0%), Masculino de 25 a 34 anos (10,7%), Masculino de 35 a 44 anos (9,9%), Masculino de 45 a 59 anos (10,6%) e Masculino acima de 59 anos (8,0%). Feminino de 16 a 24 anos (9,0%), Feminino de 25 a 34 anos (11,4%), Feminino de 35 a 44 anos (10,6%), Feminino de 45 a 59 anos (11,8%) e Feminino acima de 59 anos (9,0%). Ponderação quanto ao nível de instrução: 33% de Analfabeto / Fundamental Incompleto, 21% de Lê e escreve / Fundamental Completo, 33% de Médio Incompleto / Médio Completo e 12% de Superior Incompleto / Superior Completo. Ponderação quanto a distribuição por renda mensal domiciliar: 40% até 1 SM, 28% de 1 até 2 SM, 22% de 2 até 5 SM, 6% de 5 até 10 SM e 4% acima de 10 SM. FONTE DOS DADOS: IBGE | TSE 2018";"Checagem de 20% da amostra efetuada pelos supervisores. Todos os entrevistadores foram amplamente treinados e orientados tanto teoricamente quanto praticamente sobre suas responsabilidade e funções, respeitando as cotas pré-estabelecidas. A equipe está dividida em coordenadoria-geral / supervisores / entrevistadores.";"Em anexo."
"24/08/2022";"00:10:36";"2018";"5";"Eleições Gerais 2018";"PI";"PI";"PIAUÍ";"PI061862018";"05/07/2018";"07608537000188";"CENTRO DE TREINAMENTO HUMANO LTDA - ME";"INSTITUTO GALAXY";"Governador, Deputado Estadual, Deputado Federal, Senador";"08/07/2018";"10/07/2018";"320";"5102";"Paulo Rubes Oliveira Jales de Carvalho";"1681,06";"07608537000188";"CENTRO DE TREINAMENTO HUMANO LTDA - ME";"#NULO#";"07608537000188";"CENTRO DE TREINAMENTO HUMANO LTDA - ME";"Pesquisa do tipo quantitativo, por amostragem, com aplicação de questionários estruturados para tanto e abordagem pessoal domiciliar. O conjunto do eleitorado da zona urbana do Município de Paulistana- PI, com 16 anos ou mais será tomado como universo da pesquisa.";"Ponderações quanto a sexo, idade, grau de instrução e nível econômico do entrevistado. Margem de Erro: A margem de erro máxima prevista para o total da amostra é de 5,48% pontos percentuais para mais ou para menos, considerando um nível de confiança (probabilidade do intervalo do erro) de 95%. Universo: Eleitorado da zona urbana do Município de Paulistana - PI, com 16 anos ou mais. Tamanho da amostra: A amostra prevista é de 320 entrevistas. Técnica de amostragem: A amostra é estratificada segundo combinação das variáveis sexo e faixa etária, renda e instrução do eleitorado de acordo com dados do TSE (eleitorado abril de 2018) e Fundação IBGE em se tratando de renda. Os tamanhos desses segmentos são: Sexo masculino: 47,52%, feminino 52,48%. Faixa Etária: 16 a 24 anos: 39,96%, 25 a 34 anos: 21,85%, 35 a 44 anos: 20,03%, 45 a 59 anos: 2,10% e 60 anos ou mais: 16,07%. Faixa de Instrução: Analfabeto 9,06%. Lê e Escreve 24,39%, Fundamental incompleto a completo 31,67%, Médio incompleto a completo 26,03%, Superior incompleto a completo 8,84%.Renda: Rendimento até 1 salário mínimo 72,72%, acima de 1 até 2 salários mínimos 18,48%, mais de 2 a 5 salários mínimos 10,51%, acima de 5a 10 salários mínimos 3,57%, acima de 10 salários mínimos 1,28%. ";"A conferência e fiscalização da coleta dos dados são feitas com base na grade de campo em todo material coletado. Os pesquisadores envolvidos na realização desta pesquisa são treinados pelo Instituto e recebem instruções específicas para cada projeto realizado. São checados os questionários de cada pesquisador in loco por líder da pesquisa. Todo o material é verificado, codificado, digitado e, antes do processamento final, realiza-se a conferência através da análise de desvio-padrão das respostas pelo sistema e análise de gps. ";"Alto Vistoso, Aracipaca, Centro, Choró, Cohab, Correnteza, Estação, Guarita Industrial, Lagoa, Santo Antônio, Sertanejo, São Francisco, Triângulo"
"24/08/2022";"00:10:36";"2018";"5";"Eleições Gerais 2018";"PI";"PI";"PIAUÍ";"PI062302018";"27/03/2018";"23254436000102";"VOX DO BRASIL PESQUISAS E PARTICIPACOES LTDA";"#NULO#";"Governador, Senador";"24/03/2018";"30/03/2018";"1200";"(6a região) Nº 8641";"Estatístico responsável pela pesquisa";"84480,00";"07714595000196";"JET RADIODIFUSAO LTDA / ANTENA 10";"Recursos Próprios";"23254436000102";"VOX DO BRASIL PESQUISAS E PARTICIPACOES LTDA";"Pesquisa quantitativa, que consiste na realização de entrevistas pessoais, com a aplicação de questionários estruturados e padronizados junto a uma amostra representativa do eleitorado do estado do Piaui.  ";"Plano Amostral:    a) Público pesquisado: eleitores no estado do Piauí.     b) Tipo de amostra: A amostra é representativa do eleitorado do estado do Piauí e para as seguintes regiões: Capital e Interior. A amostra foi selecionada em três estágios:     1º estágio: seleção probabilística de municípios, através do método PPT (Probabilidade Proporcional ao Tamanho), tomando como base o número de eleitores de cada município.    2º estágio: seleção aleatória dos setores censitários ou bairros dentro do município.     3º estágio: seleção dos respondentes dentro dos setores censitários ou bairros através de uma quota proporcional de Gênero, Idade, Escolaridade e Renda Familiar, de acordo com o perfil da população em estudo.    As entrevistas foram pessoais e domiciliares.    Fonte de dados: IBGE, Censo 2010 e PNAD 2015                TSE, Cadastro de Eleitores 2018    c) Tamanho da amostra: 1.200 entrevistas.    a) Ponderação: Para obter resultados válidos para o conjunto dos eleitores do estado do Mato Grosso será aplicado fator de ponderação para corrigir a desproporção em relação ao percentual de eleitores das regiões.    Ponderação da amostra:    Região Amostra % Eleitorado Fator de Ponderação Amostra ponderada        Capital 400 23% 0,700961 280  Interior 800 77% 1,14952 920  TOTAL 1.200   1.200    Devido à metodologia amostral adotada as proporções quanto a sexo, idade, escolaridade e renda familiar da amostra são as mesmas do universo pesquisado, com base no Censo Demográfico de 2010 ¿ IBGE e no Cadastro de Eleitores 2018 do TSE. Portanto os fatores de ponderação a serem aplicados nas variáveis sexo, idade, escolaridade e renda familiar assumem valor igual a 1(um).    d) Área física de realização da pesquisa: A ser informada e fornecida conforme artigo 2º, inciso X 6º § da Instrução Nº 0604337-81.2017.6.00.0000 do Tribunal Superior Eleitoral ¿ TSE para o pleito de 2018.     e) Intervalo de Confiança/Margem de Erro: O intervalo de confiança estimado é de 95% e a margem de erro máxima estimada é de 2,8 pontos percentuais para mais ou para menos sobre os resultados encontrados no total da amostra.    f) Checagem: Logo após a realização da coleta de dados, é feito o trabalho de checagem das entrevistas junto aos respondentes. O objetivo é, sobretudo, garantir que a entrevista foi realmente realizada e verificar como o respondente se sentiu em relação à pesquisa. Há perguntas do questionário que são reproduzidas para certificarmos de sua correta aplicação e há outras questões que se referem exclusivamente à performance do entrevistador. São aproximadamente 20% dos respondentes de cada entrevistador que irão receber o contato dos checadores.  ";"Para a realização da pesquisa será utilizada uma equipe de entrevistadores e supervisores devidamente treinada para este trabalho. Após os trabalhos de campo, os questionários são submetidos a uma fiscalização que consiste no retorno a campo de 20% dos questionários aplicados individualmente pelos entrevistadores, para verificação das respostas e da adequação dos entrevistados aos parâmetros amostrais.Os questionários serão aplicados por meio digital, através de tablets que utilizam programa desenvolvido pela própria Vox Populi. A coleta digital apresenta vantagens em termos de velocidade, controle e segurança dos trabalhos de campo, permitindo acompanhar em tempo real a entrada de dados e a checagem, através de GPS, do trajeto realizado pelos entrevistadores";"Dados relativos aos municípios e bairros abrangidos pela pesquisa serão entregues de acordo com a Resolução 23.549/2017."
"24/08/2022";"00:10:36";"2018";"5";"Eleições Gerais 2018";"PI";"PI";"PIAUÍ";"PI062592018";"07/02/2018";"11186543000161";"ROGERIO M. P. MOURA - ME";"DATA MAX";"Deputado Estadual, Deputado Federal";"03/02/2018";"04/02/2018";"320";"5102";"Paulo Rubens Oliveira Jales de Carvalho";"3000,00";"09789391315";"PAULO RUBENS OLIVEIRA JALES DE CARVALHO";"Recursos Próprios";"11186543000161";"ROGERIO M. P. MOURA - ME";"Pesquisa do tipo quantitativo, por amostragem, com aplicação de questionário estruturado e abordagem pessoal domiciliar. O conjunto do eleitorado da zona urbana do Município de Campo Maior ¿ PI, com 16 anos ou mais será tomado como universo da pesquisa. ";"Ponderações quanto a sexo, idade, grau de instrução e nível econômico do entrevistado. Margem de Erro: A margem de erro máxima prevista para o total da amostra é de 5,48% pontos percentuais para mais ou para menos, considerando um nível de confiança (probabilidade do intervalo do erro) de 95%. Universo: Eleitorado do Município de Campo Maior - PI, com 16 anos ou mais. Tamanho da amostra: A amostra prevista é de 320 entrevistas. Técnica de amostragem: A amostra é estratificada segundo combinação das variáveis sexo e faixa etária, renda e instrução do eleitorado de acordo com dados do TSE (eleitorado dezembro de 2017) e Fundação IBGE em se tratando de renda. Os tamanhos desses segmentos são: Sexo masculino: 47,09%, feminino 52,91%. Faixa Etária: 16 a 24 anos: 15,08%, 25 a 34 anos: 21,47%, 35 a 44 anos: 20,60%, 45 a 59 anos: 224,47% e 60 anos ou mais: 18,38%. Faixa de Renda: Sem rendimento até 1 salário mínimo 84,17%, acima de 1 até 2 salários mínimos 8,84%, mais de 2 a 5 salários mínimos 5,26%, acima de 5 a 10 salários mínimos 1,32%, acima de 10 salários mínimos 0,41%. Instrução: Analfabeto 8,99%, Lê e Escreve 12,24%, Fundamental incompleto a completo 30,30%, Médio incompleto a completo 33,07%, Superior incompleto a completo 15,40%.";"Os pesquisadores envolvidos na realização desta pesquisa são treinados pelo Instituto e recebem instruções específicas para cada projeto realizado. São checados, no mínimo, 30% dos questionários de cada pesquisador, seja in loco por supervisores de campo, todo o material é verificado, codificado, digitado e, antes do processamento final, realiza-se a conferência da digitação (consistência dos dados).     ";"Bairros: Centro, Conjunto José de Almeida, Conjunto Renascer I e II, Conjunto Ipase, Conjunto Cidade  Nova, Bairro de Fátima, Paulo VI, Parque Estrela, Estação, Vila Mariana, Santa Cruz, Conjunto Amor, Conjunto  Adefac,  Conjunto  Lindóia,  Conjunto Lucidio Portela,  Conjunto  José  Francisco  Bona, Vila  Papi,  Matadouro,  Cariri,  São  João,  Bairro  de  Lourdes,  Recreio,  São  Luís,  Água  Azul, Flores,  Flor  do  Campo,  Santa  Rita,  Conjunto  Evereste e Conjunto  Porção.     "
"24/08/2022";"00:10:36";"2018";"5";"Eleições Gerais 2018";"PI";"PI";"PIAUÍ";"PI063532018";"10/07/2018";"07608537000188";"CENTRO DE TREINAMENTO HUMANO LTDA - ME";"INSTITUTO GALAXY";"Senador, Deputado Estadual, Governador, Deputado Federal";"11/07/2018";"12/07/2018";"320";"5102";"Paulo Rubens Oliveira Jales de Carvalho";"1689,56";"07608537000188";"CENTRO DE TREINAMENTO HUMANO LTDA - ME";"#NULO#";"07608537000188";"CENTRO DE TREINAMENTO HUMANO LTDA - ME";"Pesquisa do tipo quantitativo, por amostragem, com aplicação de questionários estruturados para tanto e abordagem pessoal domiciliar. O conjunto do eleitorado da zona urbana do Município de Floriano -PI, com 16 anos ou mais será tomado como universo da pesquisa.    ";"Ponderações quanto a sexo, idade, grau de instrução e nível econômico do entrevistado. Margem de Erro: A margem de erro máxima prevista para o total da amostra é de 5,48% pontos percentuais para mais ou para menos, considerando um nível de confiança (probabilidade do intervalo do erro) de 95%. Universo: Eleitorado da zona urbana do Município de Floriano - PI, com 16 anos ou mais. Tamanho da amostra: A amostra prevista é de 320 entrevistas. Técnica de amostragem: A amostra é estratificada segundo combinação das variáveis sexo e faixa etária, renda e instrução do eleitorado de acordo com dados do TSE (eleitorado abril de 2018) e Fundação IBGE em se tratando de renda. Os tamanhos desses segmentos são: Sexo masculino: 46,96%, feminino 53,04%. Faixa Etária: 16 a 24 anos: 17,31%, 25 a 34 anos: 22,36%, 35 a 44 anos: 20,83%, 45 a 59 anos: 21,68% e 60 anos ou mais: 17,82%. Faixa de Instrução: Analfabeto 5,31%. Lê e Escreve 11,74%, Fundamental incompleto a completo 26,33%, Médio incompleto a completo 41,48%, Superior incompleto a completo 15,14%.Renda: Rendimento até 1 salário mínimo 60,55%, acima de 1 até 2 salários mínimos 21,75%, mais de 2 a 5 salários mínimos 11,92%, acima de 5 a 10 salários mínimos 3,99%, acima de 10 salários mínimos 1,79%.     ";"A conferência e fiscalização da coleta dos dados são feitas com base na grade de campo em todo material coletado. Os pesquisadores envolvidos na realização desta pesquisa são treinados pelo Instituto e recebem instruções específicas para cada projeto realizado. São checados os questionários de cada pesquisador in loco por líder da pesquisa. Todo o material é verificado, codificado, digitado e, antes do processamento final, realiza-se a conferência através da análise de desvio-padrão das respostas pelo sistema e análise de gps. ";"Alto da Cruz, Caixa D agua, Cajueiro, Campo Velho, Catumbi, Centro, Curador, Irapuá, Manguinha, Matadouro, Riacho Fundo, Sambaiba Nova, Sambaiba Velha, Santa Rita, São Borja, Tamboril, Tibeirão, Via Azul"
"24/08/2022";"00:10:36";"2018";"5";"Eleições Gerais 2018";"PI";"PI";"PIAUÍ";"PI064752018";"13/09/2018";"22675543000141";"R10 COMUNICACAO EIRELI";"PORTAL R10";"Governador, Deputado Estadual, Deputado Federal, Senador";"12/09/2018";"16/09/2018";"1090";"10526";"JOSÉ DOS REIS CUNHA FILHO";"10000,00";"22675543000141";"R10 COMUNICACAO EIRELI";"#NULO#";"22675543000141";"R10 COMUNICACAO EIRELI";"Eleitores com 16 ou mais anos de idade com domicílio eleitoral no ESTADO  DO PIAUÍ. Trata-se de uma pesquisa preferencialmente domiciliar e individual através de uma amostra  não probabilística por cota de sexo, faixa etária, nível de instrução e faixa de renda.";"GÊNERO Masculino N Feminino N Somatório 48,63%  51,37%   FAIXA ETÁRIA 16 Anos 0,08%  17 Anos 0,89%  18 a 20 Anos 6,89%   21 a 24 Anos 9,79%  25 a 34 Anos 25,23%  35 a 44 Anos 19,22%  45 a 59 Anos 20,89% 60 a 69 Anos 8,84%  70 a 79 Anos 5,28%  Superior a 79 Anos 2,89% Somatório 100,00%   ESCOLARIDADE Analfabeto 11,95%  Lê e Escreve 23,63%  Fundamental incompleto 29,58% Fundamental completo 4,82%  Médio incompleto 13,68%  Médio completo 10,72%  Superior incompleto 2,28%  Superior completo 3,34%  Somatório 100,00%   FAIXA DE RENDA Até 1 Salário Mínimo 71,41%  Mais de 1 a 2 Salários Mínimos 16,38%  Mais de 2 a 5 Salários Mínimos  8,34% Mais de 5 a 10 Salários Mínimos 2,67% Mais de 10 Salários Mínimos 1,20% Somatório  100,00% ";"Checagem pelo supervisor em pelo menos 20% dos questionários em campo e em  100% dos questionários pela coordenação/equipe central internamente.";"FLORIANO, URUÇUI, SEBASTIÃO LEAL, BERTOLINEA, COLONIA DO GURGUEIA, ALVORADA, CRISTINO CASTRO, BOM JESUS, MONTE ALEGRE, GILBUES, CORRENTE, CANTO DO BURITI, ITAUEIRA, ELESBÃO VELOSO, VALENÇA, INHUMA, IPIRANGA DO PIAUI, DOM EXPEDITO LOPES, PICOS, JAICOS, JACOBINA, PAULISTANA, SÃO RAIMUNDO NONATO, SÃO JOAO DO PIAUI, CONCEIÇÃO DO CANINDE, SIMPLICIO MENDES, OEIRAS, ALTOS, CAMPO MAIOR, PIRIPIRI, PEDRO II, PIRACURUCA, COCAL DA ESTAÇÃO, BURITI DOS LOPES, PARNAIBA, LUIS CORREIA, LUZILANDIA, ESPERANTINA, BATALHA, BARRAS, JOSE DE FREITAS, MIGUEL ALVES, UNIÃO, AGUA BRANCA, AMARANTE, PASSAGEM FRANCA, PALMEIRAS, NAZARIA, ANGICAL DO PIAUI, DEMERVAL LOBÃO, BARRO DURO, REGENERAÇÃO, MONSENHOR GIL, SÃO PEDRO, TERESINA.  "
"24/08/2022";"00:10:36";"2018";"5";"Eleições Gerais 2018";"PI";"PI";"PIAUÍ";"PI065032018";"28/06/2018";"07608537000188";"CENTRO DE TREINAMENTO HUMANO LTDA - ME";"INSTITUTO GALAXY";"Governador, Deputado Estadual, Deputado Federal, Senador";"29/06/2018";"29/06/2018";"320";"5102";"Paulo Rubes Oliveira Jales de Carvalho";"1187,00";"07608537000188";"CENTRO DE TREINAMENTO HUMANO LTDA - ME";"#NULO#";"07608537000188";"CENTRO DE TREINAMENTO HUMANO LTDA - ME";"Pesquisa do tipo quantitativo, por amostragem, com aplicação de questionários estruturados para tanto e abordagem pessoal domiciliar. O conjunto do eleitorado da zona urbana do Município de União- PI, com 16 anos ou mais será tomado como universo da pesquisa.";"Ponderações quanto a sexo, idade, grau de instrução e nível econômico do entrevistado. Margem de Erro: A margem de erro máxima prevista para o total da amostra é de 5,48% pontos percentuais para mais ou para menos, considerando um nível de confiança (probabilidade do intervalo do erro) de 95%. Universo: Eleitorado da zona urbana do Município de União - Pi, com 16 anos ou mais. Tamanho da amostra: A amostra prevista é de 320 entrevistas. Técnica de amostragem: A amostra é estratificada segundo combinação das variáveis sexo e faixa etária, renda e instrução do eleitorado de acordo com dados do TSE (eleitorado abril de 2018) e Fundação IBGE em se tratando de renda. Os tamanhos desses segmentos são: Sexo masculino: 49,01%, feminino 50,99%. Faixa Etária: 16 a 24 anos: 19,91%, 25 a 34 anos: 24,30%, 35 a 44 anos: 20,32%, 45 a 59 anos: 20,62% e 60 anos ou mais: 14,84%. Faixa de Renda: Rendimento até 1 salário mínimo 75,36%, acima de 1 até 2 salários mínimos 14,64%, mais de 2 a 5 salários mínimos 7,81%, acima de 5a 10 salários mínimos 1,99%, acima de 10 salários mínimos 0,20%. Instrução: Analfabeto 16,61%. Lê e Escreve 9,91%, Fundamental incompleto a completo 31,01%, Médio incompleto a completo 34,22%, Superior incompleto a completo 8,25%.";"A conferência e fiscalização da coleta dos dados são feitas com base na grade de campo em todo material coletado. Os pesquisadores envolvidos na realização desta pesquisa são treinados pelo Instituto e recebem instruções específicas para cada projeto realizado. São checados os questionários de cada pesquisador in loco por líder da pesquisa. Todo o material é verificado, codificado, digitado e, antes do processamento final, realiza-se a conferência através da análise de desvio-padrão das respostas pelo sistema e análise de gps. ";"Centro, Cruzeiro, Conjunto Francisco Narciso, São Francisco, São João, São Sebastião, São Pedro, Beira Rio, Conjunto Rego Filho, São Judas Tadeu    "
"24/08/2022";"00:10:36";"2018";"5";"Eleições Gerais 2018";"PI";"PI";"PIAUÍ";"PI065252018";"15/05/2018";"09471067000189";"CENSUS INSTITUTO DE PESQUISAS EIRELI";"CENSUS";"Senador, Governador, Deputado Estadual, Deputado Federal";"12/05/2018";"13/05/2018";"400";"10500 7ª Região";"JOÃO VICTOR RODRIGUES DE ARAGÃO";"3500,00";"09471067000189";"CENSUS INSTITUTO DE PESQUISAS EIRELI";"#NULO#";"09471067000189";"CENSUS INSTITUTO DE PESQUISAS EIRELI";"A pesquisa será feita por amostragem não aleatória, não probabilística por cota de sexo, faixa etária, escolarização, renda familiar, situação do domicílio, bairros e povoados junto a população de 16 anos ou mais eleitor do município de JAICÓS-PI.";"A amostra será ponderada segundo cotas de sexo, faixa de idade, e escolaridade de acordo com os dados do TRE/TSE (estatísticas do eleitorado 2016), e faixas de renda disponibilizadas pelo IBGE (conforme o censo 2010). O grau de confiança será de 95%, com uma margem de erro de 5,0% para mais ou para menos. As entrevistas serão distribuídas proporcionalmente entre as cotas citadas conforme os seguintes percentuais: Masculino 48,56% e Feminino 51,41%. Faixas de idade: Entre 16 e 17 anos 3,19%. de 18 a 24 anos 16,67%. de 25 a 34 anos 24,61%. de 35 a 44 anos 18,46%. de 45 a 59 anos 19,61% e de 60 anos ou mais 17,46%. Grau de escolaridade: Não Alfabetizado 28,2%. 1º Grau Incompleto/Completo 55,41%. 2º Grau Incompleto/Completo 14,24%. Superior Incompleto 0,94% e Superior Completo 1,07%. Renda familiar: até 1 salário mínimo 53,29%. de 1 a 2 salários mínimos 10,24%. de 2 a 5 salários mínimos 4,89%. de 5 a 10 salários mínimos 1,25% e acima de 10 salários mínimos 0,16%.";"Questionários aplicados em campo eletronicamente por meio de tablets. Com sistema próprio de pesquisa e visualização de todo o trabalho por meio de ponto GPS. Checagem de 100% feita internamente pelo supervisor.";"ZONA URBANA: COQUEIRO/BOA VISTA, ALTO DO ADÃO, MATADOURO, NOVA OLINDA, PEDRINHAS, VILA BARÃO/BEN. CAN., BOA VISTA, CENTRO, CERÂMICA, BOM SUCESSO, JOÃO MELÉ, COHAB, COQUEIRO, NOSSA SENHORA DAS MERCÊS, SERRANÓPOLIS.  ZONA RURAL: BALIZA, CAPIM, ESQUESITO, GAMELEIRA, JOÃO TUBI, SACO DA SERRA, SANTANA I, II E III, TANQUE DO BATISTA, TANQUINHO, VAZANTE, ANGICAL, BAIXÃO, CROAZAL, LAGOA DO SABINO, MULUNGÚ, PAU DO ENXÚ, POÇO DO PATO, PONTE MARIA PRETA, SÍTIO, SANTO ANTÔNIO, VÁRZEA QUEIMADA."
"24/08/2022";"00:10:36";"2018";"5";"Eleições Gerais 2018";"PI";"PI";"PIAUÍ";"PI066312018";"24/08/2018";"08057107000188";"INSTITUTO JALES DE PESQUISA LTDA";"INSTITUTO JALES DE PESQUISA";"Governador, Senador";"19/08/2018";"23/08/2018";"1100";"5102 7ª Região";"Paulo Rubens Oliveira Jales de Carvalho";"22000,00";"31193316000170";"ELEICAO 2018 JESUS RODRIGUES ALVES SENADOR / ";"Fundo Partidário";"08057107000188";"INSTITUTO JALES DE PESQUISA LTDA";"Pesquisa do tipo quantitativo, por amostragem, com aplicação de questionário estruturado e abordagem pessoal domiciliar. O conjunto do eleitorado de 52 municípios do Estado do Piauí com 16 anos ou mais será tomado como universo da pesquisa. ";"Ponderações quanto a sexo, idade, grau de instrução, e nível econômico do entrevistado. Margem de Erro: A margem de erro máxima prevista para o total da amostra é de 2,95% pontos percentuais para mais ou para menos, considerando um nível de confiança (probabilidade do intervalo do erro) de 95%. Universo: Eleitorado de 46 municípios do Estado do Piauí, com 16 anos ou mais. Tamanho da amostra: A amostra é de 1.100 entrevistas. Técnica de amostragem: A amostra é estratificada segundo combinação das variáveis sexo e faixa etária, renda e instrução do eleitorado e microrregiões. Os estratos terão tamanho proporcional a esses segmentos, de acordo com dados do TSE (eleitorado junho de 2018) e Fundação IBGE em se tratando de renda. Os tamanhos desses segmentos são: Sexo masculino: 48,17%(530), feminino 51,83%(570). Faixa Etária: 16 a 24 anos: 18,46%(203), 25 a 34 anos: 22,18%(244), 35 a 44 anos: 20,42%(225), 45 a 59 anos: 22,22%(244) e 60 anos ou mais: 16,72%(184). Faixa de Renda: Até 1 salário mínimo 71,41%(786), acima de 1 até 2 salários mínimos 16,38% (180), acima de 2 a 5 salários mínimos 8,34% (92), acima de 5 a 10 salários mínimos 2,67%(29), acima de 10 salários mínimos 1,20%(13). Instrução: Analfabeto e Lê e Escreve 25,25%(277), Fundamental incompleto a completo 29,22%(321), Médio incompleto a completo 33,36%(368), Superior incompleto a completo 12,17%(134). ";"Os pesquisadores envolvidos na realização desta pesquisa são treinados pelo Instituto e recebem instruções específicas para cada projeto realizado. São checados, no mínimo, 30% dos questionários de cada pesquisador, seja in loco por supervisores de campo, todo o material (100,00%) é verificado, codificado, digitado e, antes do processamento final, realiza-se a conferência da digitação (consistência dos dados). ";"Campo Maior  Nossa Senhora de Nazaré  Cocal de Telha  Capitão de Campos  Piripiri  Piracuruca  Caraúbas  Buriti dos Lopes  Parnaíba  Luis Correia  Ilha Grande  Morro do Chapéu  Esperantina  Batalha  Barras  Cabeceiras    Cristalândia   Corrente  Redenção do Gurgéia  Bom Jesus  Cristino Castro  Elizeu Martins  Manoel Emídio  Bertolínia  Uruçuí  Jerumenha  Floriano  São Pedro  Água Branca  Lagoinha  Monsenhor Gil      Fronteiras  São Julião  Vila Nova  Alegrete  Jaicós  Jacobina  Patos  Picos  Ipiranga  Inhuma  Valença  São Lourenço  São Raimundo  Coronel José Dias  São João  Nova Santa Rita  Simplício Mendes  Colônia do Piauí  Oeiras   Tanque  Teresina  "
"24/08/2022";"00:10:36";"2018";"5";"Eleições Gerais 2018";"PI";"PI";"PIAUÍ";"PI066992018";"07/07/2018";"07608537000188";"CENTRO DE TREINAMENTO HUMANO LTDA - ME";"INSTITUTO GALAXY";"Governador, Deputado Estadual, Deputado Federal, Senador";"13/07/2018";"15/07/2018";"320";"5102";"Paulo Rubes Oliveira Jales de Carvalho";"1487,07";"07608537000188";"CENTRO DE TREINAMENTO HUMANO LTDA - ME";"#NULO#";"07608537000188";"CENTRO DE TREINAMENTO HUMANO LTDA - ME";"Pesquisa do tipo quantitativo, por amostragem, com aplicação de questionários estruturados para tanto e abordagem pessoal domiciliar. O conjunto do eleitorado da zona urbana do Município de Piripiri -PI, com 16 anos ou mais será tomado como universo da pesquisa";"Ponderações quanto a sexo, idade, grau de instrução e nível econômico do entrevistado. Margem de Erro: A margem de erro máxima prevista para o total da amostra é de 5,48% pontos percentuais par/a mais ou para menos, considerando um nível de confiança (probabilidade do intervalo do erro) de 95%. Universo: Eleitorado da zona urbana do Município de Piripiri - PI, com 16 anos ou mais. Tamanho da amostra: A amostra prevista é de 320 entrevistas. Técnica de amostragem: A amostra é estratificada segundo combinação das variáveis sexo e faixa etária, renda e instrução do eleitorado de acordo com dados do TSE (eleitorado abril de 2018) e Fundação IBGE em se tratando de renda. Os tamanhos desses segmentos são: Sexo masculino: 48,09%, feminino 51,91%. Faixa Etária: 16 a 24 anos: 18,93%, 25 a 34 anos21,47%, 35 a 44 anos: 19,00%, 45 a 59 anos: 21,43% e 60 anos ou mais: 19,19%. Faixa de Instrução: Analfabeto 15,37% Lê e Escreve 15,76%, Fundamental incompleto a completo 27,15%, Médio incompleto a completo 34,23%, Superior incompleto a completo 7,49%.Renda: Rendimento até 1 salário mínimo 72,59 acima de 1 até 2 salários mínimos 17,13%, mais de 2 a 5 salários mínimos 7,86%, acima de 5a 10 salários mínimos 1,87%, acima de 10 salários mínimos0,55%.";"A conferência e fiscalização da coleta dos dados são feitas com base na grade de campo em todo material coletado. Os pesquisadores envolvidos na realização desta pesquisa são treinados pelo Instituto e recebem instruções específicas para cada projeto realizado. São checados os questionários de cada pesquisador in loco por líder da pesquisa. Todo o material é verificado, codificado, digitado e, antes do processamento final, realiza-se a conferência através da análise de desvio-padrão das respostas pelo sistema e análise de gps.";"Anajás, Caixa d`agua, Centro, Conjunto Expedito Resende, Criolo, Estação, Flor do Campo, Floresta, Fonte dos Matos, Germano, Itacoatiara, Matadouro, Multirão, Paciência, Pedreiras, Petecas, Prado, Recreio , São Francisco, Vista Alegre"
"24/08/2022";"00:10:36";"2018";"5";"Eleições Gerais 2018";"PI";"PI";"PIAUÍ";"PI067762018";"17/04/2018";"10320257000184";"INSTITUTO PIAUIENSE DE OPINIAO PUBLICA LTDA - EPP";"AMOSTRAGEM OPINIAO E MERCADO";"Governador, Senador";"07/04/2018";"13/04/2018";"1139";"CONRE  - 7ª REGIÃO Nº 6695";"JOÃO BATISTA MENDES TELES";"67650,00";"00361945000139";"SISTEMA MEIO NORTE DE COMUNICACAO LTDA / MEIO NORTE";"Recursos Próprios";"10320257000184";"INSTITUTO PIAUIENSE DE OPINIAO PUBLICA LTDA - EPP";"Metodologia empregada: Amostragem não aleatória por cotas de sexo, faixa etária, grau de instrução, renda familiar, zona (urbana e rural), microrregiões e municípios. Entrevistas domiciliares e individuais.";"Amostragem por cotas. O conjunto do eleitorado dos municípios é distribuído proporcionalmente por sexo, faixa etária, grau de instrução, classe de renda domiciliar. As variáveis: sexo, faixa etária e grau de instrução são ponderadas de acordo com as Estatísticas do Eleitorado do Piauí, TSE, ABRIL de 2018 referente aos municípios pesquisados. A variável classe de renda domiciliar é ponderada de acordo com as estatística do Censo Demográfico IBGE  2010. O nível de confiança é de 95% com margem de erro de 2,84% para mais ou para menos, nas estatísticas apresentadas para o total da amostra levantada considerando variância máxima, p=0,50. 1 ¿ p = 0,50.    Cotas de sexo: Masculino (541), Feminino (598),     Cotas de faixa etária:   16 a 17 anos (15), 18 a 24 anos (177), 25 a 34 anos (264), 35 a 44 anos (236), 45 a 59 anos (258), 60 e + anos (189),     Cotas de grau de instrução: Analfabeto (124), lê e escreve (114), Ensino fundamental incompleto/completo (296), Ensino médio incompleto/completo (415), superior incompleto (57), superior completo (133),     Cotas de classe de renda domiciliar:    Até R$ 954,00 (482),    de R$ 954,01 à R$ 1.908,00 (337),    de R$ 1.908,01 à R$ 4.770,00 (217), de R$ 4.770,01 à R$ 9.540,00 (75), mais de R$ 9.540,00 (28).";"Supervisão interna em 100% dos questionários aplicados e crítica dos dados digitados feita pelo computador.  Checagem direta com retorno e/ou acompanhamento e/ou por telefone feita pelos supervisores de campo em no mínimo 20% dos questionários aplicados, de acordo com a exigência da ABEP ¿ Associação Brasileira de Empresas de Pesquisa. Relatórios de campo ¿ pesquisadores e supervisores. ";"Municípios pesquisados por microrregião:    Baixo Parnaíba Piauiense (Brasileira, Batalha, Esperantina, Piripiri).     Litoral Piauiense (Cocal, Luís Correia, Parnaíba).     Teresina (Teresina,  Nazária, União).     Campo Maior (Castelo do Piauí, Pedro II, Campo Maior, Alto Longá).     Médio Parnaíba Piauiense (Angical do Piauí, Regeneração, Amarante).     Valença do Piauí (Pimenteiras, Elesbão Veloso, Valença do Piauí).    Alto Parnaíba Piauiense (Uruçuí).    Bertolínia (Bertolínia, Colônia do Gurguéia).    Floriano (Guadalupe, Floriano, Nazaré do Piauí).    Alto Médio Gurguéia (Bom Jesus, Monte Alegre do Piauí).     São Raimundo Nonato (Anísio de Abreu, Canto do Buriti, São Raimundo Nonato, Dom Inocêncio).     Chapadas do Extremo Sul Piauiense (Corrente, Avelino Lopes).     Picos (Colônia do Piauí, Oeiras, Picos, Geminiano).     Pio IX (Monsenhor Hipólito, Pio IX).     Alto Médio Canindé (Simplício Mendes, Fronteiras, Simões, Jaicós, São João do Piauí, Paulistana, Itainópolis)."
"24/08/2022";"00:10:36";"2018";"5";"Eleições Gerais 2018";"PI";"PI";"PIAUÍ";"PI068632018";"05/09/2018";"09636807000190";"INSTITUTO DE PESQUISA DATA AZ LTDA - ME";"#NULO#";"Governador, Deputado Estadual, Deputado Federal, Senador";"10/09/2018";"12/09/2018";"784";"9356";"Laercio de Souza Araujo ";"5000,00";"09636807000190";"INSTITUTO DE PESQUISA DATA AZ LTDA - ME";"#NULO#";"09636807000190";"INSTITUTO DE PESQUISA DATA AZ LTDA - ME";"Eleitores com 16 ou mais anos de idade com domicílio eleitoral no município de Teresina - PI, na zona urbana e rural. Trata-se de uma pesquisa preferencialmente domiciliar e individual através de uma amostra estratificada de acordo com a Resolução 23.549/2017, dentro das cotas de sexo, faixa etária, nível de instrução e faixa de renda (dados do IBGE e referência na estimativa da população 2017, com uma população eleitoral de 556.287 ¿ até jul2018).";"ZONA: URBANA (94%) RURAL (6%). SEXO: MASCULINO (45,2%), FEMININO (54,8%). FAIXA ETÁRIA até 24 anos (15,98%), de 25 a 34 anos (23,67%), de 35 a 44 anos (22,14%), de 45 a 59 anos (23,44%), 60 anos ou mais (14,78%). ESCOLARIDADE: Analfabeto (2,33%), Lê e escreve (5,78%), 1º Grau inc/comp (24,12%), 2º Grau inc/comp (46,13%), 3º Grau inc/comp (21,63%). RENDA Até 1 salário (52%), entre 1 e 2 salários (23%), entre 2 e 3 salários (10%), entre 3 e 4 salários (8%), Mais de 4 salários (7%).  NÍVEL DE CONFIANÇA = 95%. NÍVEL DE SIGNIFICÂNCIA = 5% E MARGEM DE ERRO = 3,5%, com P = 0,5.  ";"Checagem pelo supervisor em pelo menos 20% dos questionários aplicados em campo ou por fone. Questionários aplicados eletronicamente, por meio de tablets, com sistema próprio de pesquisa, formulação e tabulação.";"Zona Sul ¿ Ilhotas, Cristo Rei, Piçarra, Santa Cruz, Residencial Eduardo Costa, Morada Nova, Lourival Parente, Bela Vista, Promorar, Parque Piauí, Vamos Ver o Sol, Porto Alegre, Portal da Alegria, Vila Irmã Dulce, Saci, Angelim, São Pedro, Vermelha, Monte Castelo, Três Andares.  Zona Sudeste ¿ Dirceu I e II, Renascença I, II e III, Todos os Santos, Novo Horizonte, Boa Esperança, Parque Ideal, Itararé, Tancredo Neves, Colorado, Alto da Ressurreição, Gurupi, Comprida, Livramento, São Paulo, Redonda, Extrema, São Sebastião, Parque Poti.    Zona Leste ¿ Campestre, Vale do Gavião, Planalto Uruguai, Parque Mão Santa, Vila Bandeirante, Satélite, Vila Maria, Vale Quem Tem, Piçarreira, Morada do Sol, Santa Isabel, São Cristóvão, Pedra Mole, Cidade Jardim, São João, Noivos, Fátima, Ininga, Jóquei, Centro (sul/norte).    Zona Norte - Santa Maria do Codipi, Poti Velho, Itaperu, Memorare, Mocambinho, Alto Alegre, Jacinta Andrade, Buenos Aires, Água Mineral, Real Copagre, Aeroporto, Parque Alvorada, Mafrense, Acarape, Matinha, Primavera, Pirajá, Vila Operária, Mafuá, Marquês.    Localidades rurais: Cerâmica Cil I e II. Santa Tereza.  "
"24/08/2022";"00:10:36";"2018";"5";"Eleições Gerais 2018";"PI";"PI";"PIAUÍ";"PI069362018";"09/07/2018";"07608537000188";"CENTRO DE TREINAMENTO HUMANO LTDA - ME";"INSTITUTO GALAXY";"Governador, Deputado Estadual, Deputado Federal, Senador";"09/07/2018";"10/07/2018";"320";"5102";"Paulo Rubes Oliveira Jales de Carvalho";"1689,56";"07608537000188";"CENTRO DE TREINAMENTO HUMANO LTDA - ME";"#NULO#";"07608537000188";"CENTRO DE TREINAMENTO HUMANO LTDA - ME";"Pesquisa do tipo quantitativo, por amostragem, com aplicação de questionários estruturados para tanto e abordagem pessoal domiciliar. O conjunto do eleitorado da zona urbana do Município de Oeiras - PI, com 16 anos ou mais será tomado como universo da pesquisa.";"Ponderações quanto a sexo, idade, grau de instrução e nível econômico do entrevistado. Margem de Erro: A margem de erro máxima prevista para o total da amostra é de 5,48% pontos percentuais para mais ou para menos, considerando um nível de confiança (probabilidade do intervalo do erro) de 95%. Universo: Eleitorado da zona urbana do Município de Oeiras - PI, com 16 anos ou mais. Tamanho da amostra: A amostra prevista é de 320 entrevistas. Técnica de amostragem: A amostra é estratificada segundo combinação das variáveis sexo e faixa etária, renda e instrução do eleitorado de acordo com dados do TSE (eleitorado abril de 2018) e Fundação IBGE em se tratando de renda. Os tamanhos desses segmentos são: Sexo masculino: 47,56%, feminino 52,44%. Faixa Etária: 16 a 24 anos: 19,50%, 25 a 34 anos: 20,40%, 35 a 44 anos: 20,38%, 45 a 59 anos: 21,56% e 60 anos ou mais: 18,16%. Faixa de Instrução: Analfabeto 10,44%. Lê e Escreve 14,92%, Fundamental incompleto a completo 30,78%, Médio incompleto a completo 32,08%, Superior incompleto a completo 11,79%.Renda: Rendimento até 1 salário mínimo 69,27%, acima de 1 até 2 salários mínimos 19,01%, mais de 2 a 5 salários mínimos 7,92%, acima de 5a 10 salários mínimos 2,77%, acima de 10 salários mínimos 1,02%.";"A conferência e fiscalização da coleta dos dados são feitas com base na grade de campo em todo material coletado. Os pesquisadores envolvidos na realização desta pesquisa são treinados pelo Instituto e recebem instruções específicas para cada projeto realizado. São checados os questionários de cada pesquisador in loco por líder da pesquisa. Todo o material é verificado, codificado, digitado e, antes do processamento final, realiza-se a conferência através da análise de desvio-padrão das respostas pelo sistema e análise de gps.";"Canela/Pedreira, Centro, Jureminha, Oeiras Nova, Rodagem de Flor, Rodagem de Picos, Rosário, Uberaba I, Vila Santa Teresa, Varzea, Vila São José  "
"24/08/2022";"00:10:36";"2018";"5";"Eleições Gerais 2018";"PI";"PI";"PIAUÍ";"PI069872018";"15/06/2018";"07608537000188";"CENTRO DE TREINAMENTO HUMANO LTDA - ME";"INSTITUTO GALAXY";"Governador, Deputado Estadual, Deputado Federal, Senador";"16/06/2018";"17/06/2018";"320";"5102";"Paulo Rubens Oliveira Jales de Carvalho";"1837,57";"07608537000188";"CENTRO DE TREINAMENTO HUMANO LTDA - ME";"#NULO#";"07608537000188";"CENTRO DE TREINAMENTO HUMANO LTDA - ME";"Pesquisa do tipo quantitativo, por amostragem, com aplicação de questionários estruturados para tanto e abordagem pessoal domiciliar. O conjunto do eleitorado da zona urbana do Município de Picos- PI, com 16 anos ou mais será tomado como universo da pesquisa. ";"Ponderações quanto a sexo, idade, grau de instrução e nível econômico do entrevistado. Margem de Erro: A margem de erro máxima prevista para o total da amostra é de 5,48% pontos percentuais para mais ou para menos, considerando um nível de confiança (probabilidade do intervalo do erro) de 95%. Universo: Eleitorado da zona urbana do Município de Picos - PI, com 16 anos ou mais. Tamanho da amostra: A amostra prevista é de 320 entrevistas. Técnica de amostragem: A amostra é estratificada segundo combinação das variáveis sexo e faixa etária, renda e instrução do eleitorado de acordo com dados do TSE (eleitorado abril de 2018) e Fundação IBGE em se tratando de renda. Os tamanhos desses segmentos são: Sexo masculino: 46,77%, feminino 53,23%. Faixa Etária: 16 a 24 anos: 17,19%, 25 a 34 anos: 23,12%, 35 a 44 anos: 20,80%, 45 a 59 anos: 23,70% e 60 anos ou mais: 15,20%. Faixa de Renda: Rendimento até 1 salário mínimo 73,56%, acima de 1 até 2 salários mínimos 13,90%, mais de 2 a 5 salários mínimos 8,41%, acima de 5a 10 salários mínimos 2,65%, acima de 10 salários mínimos 1,49%. Instrução: Analfabeto 7,26%. Lê e Escreve 16,88%, Fundamental incompleto a completo 29,75%, Médio incompleto a completo 32,71%, Superior incompleto a completo 13,41%. ";"A conferência e fiscalização da coleta dos dados são feitas com base na grade de campo em todo material coletado. Os pesquisadores envolvidos na realização desta pesquisa são treinados pelo Instituto e recebem instruções específicas para cada projeto realizado. São checados os questionários de cada pesquisador in loco por líder da pesquisa. Todo o material é verificado, codificado, digitado e, antes do processamento final, realiza-se a conferência através da análise de desvio-padrão das respostas pelo sistema e análise de gps. ";"AEROLÂNDIA.BOMBA.C. DA VÁZEA.CATAVENTO.CENTRO.COHAB.CONDURU.DNER.IPOEIRA. JUNCO .MATADOURO.PARQUE DE EXPOSIÇÃO.SAMAMBAIA.SÃO JOSÉ"
"24/08/2022";"00:10:36";"2018";"5";"Eleições Gerais 2018";"PI";"PI";"PIAUÍ";"PI070112018";"01/10/2018";"22675543000141";"R10 COMUNICACAO EIRELI";"PORTAL R10";"Senador, Deputado Federal, Governador, Deputado Estadual";"01/10/2018";"04/10/2018";"1147";"10526";"JOSÉ DOS REIS CUNHA FILHO";"10000,00";"22675543000141";"R10 COMUNICACAO EIRELI";"#NULO#";"22675543000141";"R10 COMUNICACAO EIRELI";"Eleitores com 16 ou mais anos de idade com domicílio eleitoral no ESTADO DO PIAUÍ. Trata-se de uma pesquisa preferencialmente domiciliar e individual através de uma amostra não probabilística por cota de sexo, faixa etária, nível de instrução e faixa de renda.  ";"SEXO: MASCULINO (49% - 562), FEMININO (51% - 585). FAIXA ETÁRIA até 24 anos (15% - 172), de 25 a 34 anos (24% - 275), de 35 a 44 anos (22% - 252), de 45 a 59 anos (24% - 275), 60 anos ou mais (15% - 172). ESCOLARIDADE: Analfabeto (2,4% - 28), Lê e escreve (6% - 69), 1º Grau inc/comp (24,5% - 281), 2º Grau inc/comp (45,3% - 520), 3º Grau inc/comp (21,8% - 250). RENDA Até 1 salário (20% - 229), entre 1 e 2 salários (44% - 505), entre 2 e 5 salários (17% - 195), entre 5 e 10 salários (10% - 115), Mais de 10 salários (9% - 103).   NÍVEL DE CONFIANÇA = 95%. NÍVEL DE SIGNIFICÂNCIA = 5% E MARGEM DE ERRO = 2,89%, com P = 0,5.  ";"Checagem pelo supervisor em pelo menos 20% dos questionários em campo e em 100% dos questionários pela coordenação/equipe central internamente.";"FLORIANO, URUÇUI, SEBASTIÃO LEAL, BERTOLINEA, COLONIA DO GURGUEIA, ALVORADA, CRISTINO CASTRO, BOM JESUS, MONTE ALEGRE, GILBUES, CORRENTE, CANTO DO BURITI, ITAUEIRA, ELESBÃO VELOSO, VALENÇA, INHUMA, IPIRANGA DO PIAUI, DOM EXPEDITO LOPES, PICOS, JAICOS, JACOBINA, PAULISTANA, SÃO RAIMUNDO NONATO, SÃO JOAO DO PIAUI, CONCEIÇÃO DO CANINDE, SIMPLICIO MENDES, OEIRAS, ALTOS, CAMPO MAIOR, PIRIPIRI, PEDRO II, PIRACURUCA, COCAL DA ESTAÇÃO, BURITI DOS LOPES, PARNAIBA, LUIS CORREIA, LUZILANDIA, ESPERANTINA, BATALHA, BARRAS, JOSE DE FREITAS, MIGUEL ALVES, UNIÃO, AGUA BRANCA, AMARANTE, PASSAGEM FRANCA, PALMEIRAS, NAZARIA, ANGICAL DO PIAUI, DEMERVAL LOBÃO, BARRO DURO, REGENERAÇÃO, MONSENHOR GIL, SÃO PEDRO, TERESINA."
"24/08/2022";"00:10:36";"2018";"5";"Eleições Gerais 2018";"PI";"PI";"PIAUÍ";"PI070242018";"09/08/2018";"07608537000188";"CENTRO DE TREINAMENTO HUMANO LTDA - ME";"INSTITUTO GALAXY";"Deputado Federal, Senador, Governador, Deputado Estadual";"11/08/2018";"15/08/2018";"1200";"5102 7ª Região";"Paulo Rubens Oliveira Jales de Carvalho";"22000,00";"07608537000188";"CENTRO DE TREINAMENTO HUMANO LTDA - ME";"#NULO#";"07608537000188";"CENTRO DE TREINAMENTO HUMANO LTDA - ME";"Pesquisa do tipo quantitativo, por amostragem, com aplicação de questionários estruturados para tanto e abordagem pessoal domiciliar. O conjunto do eleitorado de 52 municípios do estado do Piauí, com 16 anos ou mais será tomado como universo da pesquisa. A pesquisa abrangerá os seguintes cargos: Presidente, Senador, Governador, Deputado Federal e Deputado Estadual";"Plano amostral e ponderação quanto a sexo, idade, grau de instrução e nível econômico do entrevistado. intervalo de confiança e margem de erro:  Ponderações quanto a sexo, idade, grau de instrução e nível econômico do entrevistado. Margem de Erro: A margem de erro máxima prevista para o total da amostra é de 2,83% pontos percentuais para mais ou para menos, considerando um nível de confiança (probabilidade do intervalo do erro) de 95%. Homens 48,44%. Mulheres 51,56%. até 24 anos 19,18%, 25 a 34 anos 23,29%, 35 a 44 anos 19,70%, 45 a 59 anos 21,60%, 60 ou mais 16,23%. analfabeto 10,10%, lê e escreve 18,83%, ens. Fund. Inc. completo 31,32%. ensin.médio inc.completo 29,85%. ens. Superior inc. completo 9,91%. até 1 salário mínimo 71,41%. 1 a 2 salários 16,38%. 2 a 5 salários 8,34%. 5 a 10 salários 2,67%. mais de 10 salários 1,20%    ";"Os pesquisadores envolvidos na realização desta pesquisa são treinados pelo Instituto e recebem instruções específicas para cada projeto realizado. São checados, no mínimo, 30% dos questionários de cada pesquisador, seja in loco por supervisores de campo, todo o material (100,00%) é verificado, codificado, digitado e, antes do processamento final, realiza-se a conferência da digitação (consistência dos dados). ";"Campo Maior 53, N Senhora de Nazaré 8, Cocal de Telha8, Capitão de Campos16, Piripiri43, Piracuruca 16, Caraúbas 3, Buriti dos Lopes 11, Parnaíba 69, Luís Correia16, Ilha Grande3, Morro do Chapéu do PI 4, Esperantina24, Batalha 17, Barras 29, Cabeceiras do PI 8, Fronteiras 16, São Julião14, Vila Nova do PI6, Alegrete 12, Jaícos 24, Jacobina 8, Patos do PI 12, Picos 42, Ipiranga 6, Inhuma 16, Valença 26, São Lourenço do PI 12, São Raimundo Nonato 36, Coronel JOsé Dias 8, São João 24, Nova Santa Rita 7, Simplicio Mendes 17, Colônia do PI 7, Oeiras 21, Tanque do PI 3, São Pedro 21, Água Branca 31, Lagoinha 5, Monsenhor Gil 5, Cristalândia 8, Corrente 25, Redenção do Gurgueia 7, Bom Jesus 19, Cristino Castro 11, Eliseu Martins 5, Manoel Emidio 5, Bertolinia 7, uruçui 17, Jerumenha 5, Floriano 45, Teresina 340."
"24/08/2022";"00:10:36";"2018";"5";"Eleições Gerais 2018";"PI";"PI";"PIAUÍ";"PI070782018";"12/09/2018";"10320257000184";"INSTITUTO PIAUIENSE DE OPINIAO PUBLICA LTDA - EPP";"AMOSTRAGEM OPINIAO E MERCADO";"Governador, Senador";"08/09/2018";"11/09/2018";"800";"CONRE  - 7ª REGIÃO Nº 6695";"JOÃO BATISTA MENDES TELES";"1600,00";"00361945000139";"SISTEMA MEIO NORTE DE COMUNICACAO LTDA / MEIO NORTE";"Recursos Próprios";"10320257000184";"INSTITUTO PIAUIENSE DE OPINIAO PUBLICA LTDA - EPP";"Metodologia empregada: Amostragem não aleatória por cotas de sexo, faixa etária, grau de instrução, renda familiar, zona (urbana e rural), Superintendência de Desenvolvimento Urbano ¿ SDU, Superintendência de Desenvolvimento Rural  ¿  SDR, bairros e povoados. Entrevistas domiciliares e individuais.";"PLANO AMOSTRAL    Amostragem por cotas. O conjunto do eleitorado do município é distribuído proporcionalmente por sexo, faixa etária, grau de instrução, renda familiar. As variáveis: sexo, faixa etária e grau de instrução são ponderadas de acordo com as Estatísticas do Eleitorado do Piauí, TRE-PI, Setembro de 2018 referente ao município TERESINA-PI. A variável renda familiar é ponderada de acordo com as estatística do Censo Demográfico IBGE  2010. O intervalo de confiança é de 95% com margem de erro de 3,39% para mais ou para menos, nas estatísticas apresentadas para o total da amostra levantada considerando variância máxima p=0,50.     Cotas de sexo: Masculino (359), Feminino (441),     Cotas de faixa etária:   16 a 17 anos (11), 18 a 24 anos (125), 25 a 34 anos (184), 35 a 44 anos (172), 45 a 59 anos (183), 60 e + anos (125),     Cotas de grau de instrução: Analfabeto (12), lê e escreve (51), Ensino fundamental incompleto/completo (195), Ensino médio incompleto/completo (370), superior incompleto (63), superior completo (109),     Cotas de classe de renda domiciliar:    Até R$ 954,00 (126),    de R$ 954,01 à R$ 1.908,00 (199),    de R$ 1.908,01 à R$ 4.770,00 (269), de R$ 4.770,01 à R$ 9.540,00 (109), mais de R$ 9.540,00 (97).  ";"Supervisão interna em 100% dos questionários aplicados e crítica dos dados digitados feita pelo computador.  Checagem direta com retorno e/ou acompanhamento e/ou por telefone feita pelos supervisores de campo em no mínimo 20% dos questionários aplicados, de acordo com a exigência da ABEP ¿ Associação Brasileira de Empresas de Pesquisa. Relatórios de campo ¿ pesquisadores e supervisores.";"BAIRROS PESQUISADOS POR SDU - SDR:    1-SDU - CENTRO NORTE:  Santa Rosa, São Francisco, São Joaquim, Vila Operária, Acarape, Aeroporto, Água Mineral, Alto Alegre, Alvorada, Aroeiras, Bom Jesus, Buenos Aires, Cabral, Centro, Santa Maria da Codipi /Parque Brasil I, II / Monte Verde / Francisca Trindade / Jacinta Andrade / Monte Alegre, Embrapa, Frei Serafim, Ilhotas, Itaperu, Mafrense, Mafuá, Marquês de Paranaguá, Matadouro, Matinha, Memorare, Mocambinho I, II, III / Santa Sofia, Morro da Esperança, Nova Brasília, Olaria, Piçarra, Pirajá, Porenquanto, Poti Velho, Primavera, Real Copagre.    2-SDU - LESTE:  Campestre, Fátima, Horto, Ininga, Jóquei, Morada do Sol, Morros, Noivos, Pedra Mole / Cidade Jardim, Piçarreira, Planalto, Porto do Centro / Vila Bandeirante I, II / Conjunto Taquari, Recanto das Palmeiras, Samapi, Santa Isabel, Santa Lia, São Cristóvão, São João, Satélite, Socopo, Tabajaras, Uruguai, Vale do Gavião, Vale Quem Tem / Geovane Prado / Loteamento Porto Seguro, Verde Lar.    3-SDU - SUDESTE:  Beira Rio, Bom Princípio, Colorado / Vila Bom Sucesso / Vila Urbano Eulálio / Monte Horebe, Comprida, Extrema / Parque Alexandria / Parque Jurema, Gurupi / Alto da Ressureição, Dirceu Arcoverde I, II / Parque Itararé, Novo Horizonte / Vila Cel. Carlos Falcão / Francisco Marreiros, Parque Ideal, Parque Poti, Redonda, Renascença I, II, III / Conjunto São Paulo, São Raimundo, São Sebastião / Deus Quer, Tancredo Neves, Todos os Santos, Verde Cap.    4-SDU - SUL:  Angelim / Teresa Cristina I / II / Conjunto Mário Covas, Areias, Bela Vista I, II, III / Planalto Bela Vista, Brasilar, Catarina, Cidade Nova, Cristo Rei / Conjunto Cristo Rei / Conjunto João Emílio Falcão, Distrito Industrial, Esplanada / Vila Irmã Dulce / Porto Alegre / Portal da Alegria / Polo Sul / Torquato Neto / Pedra Miúda, Lourival Parente, Macaúba, Monte Castelo, Morada Nova, Nossa Senhora das Graças, Parque Jacinta, Parque Piauí, Parque São João, Pio XII, Promorar, Redenção, Saci, Santa Cruz, Santa Luzia, Santo Antônio / Parque Sul / Vamos Ver o Sol / Vila São Francisco / Parque Dagmar Maza, São Pedro, Tabuleta, Três Andares / Vila da Paz, Vermelha.    5-SDR - POVOADOS:  Usina Santana, Nova Olinda, São Francisco, Soares, Nova Cajaíba, Guarupá de Baixo, Guarupá de Cima, Lagoa da Mata, Bolena, São João, Calenge, Cacimba Velha, Tapuia, Árvores Verdes, Lagoa de Dentro, São Vicente de Cima, São Vicente de Baixo, Baixão do Carlos, Cancela, Santa Teresa, Santa Helena, Ave Verde, Cajazeiras, Soinho, Santa Luz de Baixo, Santa Luz de Cima, Boa Hora."
"24/08/2022";"00:10:36";"2018";"5";"Eleições Gerais 2018";"PI";"PI";"PIAUÍ";"PI071462018";"07/02/2018";"11186543000161";"ROGERIO M. P. MOURA - ME";"DATA MAX";"Deputado Federal, Deputado Estadual";"03/02/2018";"04/02/2018";"320";"5102";"Paulo Rubens Oliveira Jales de Carvalho";"3000,00";"09789391315";"PAULO RUBENS OLIVEIRA JALES DE CARVALHO";"Recursos Próprios";"11186543000161";"ROGERIO M. P. MOURA - ME";"Pesquisa do tipo quantitativo, por amostragem, com aplicação de questionário estruturado e abordagem pessoal domiciliar. O conjunto do eleitorado da zona urbana do Município de Campo Maior ¿ PI, com 16 anos ou mais será tomado como universo da pesquisa. ";"Ponderações quanto a sexo, idade, grau de instrução e nível econômico do entrevistado. Margem de Erro: A margem de erro máxima prevista para o total da amostra é de 5,48% pontos percentuais para mais ou para menos, considerando um nível de confiança (probabilidade do intervalo do erro) de 95%. Universo: Eleitorado do Município de Campo Maior - PI, com 16 anos ou mais. Tamanho da amostra: A amostra prevista é de 320 entrevistas. Técnica de amostragem: A amostra é estratificada segundo combinação das variáveis sexo e faixa etária, renda e instrução do eleitorado de acordo com dados do TSE (eleitorado dezembro de 2017) e Fundação IBGE em se tratando de renda. Os tamanhos desses segmentos são: Sexo masculino: 47,09%, feminino 52,91%. Faixa Etária: 16 a 24 anos: 15,08%, 25 a 34 anos: 21,47%, 35 a 44 anos: 20,60%, 45 a 59 anos: 224,47% e 60 anos ou mais: 18,38%. Faixa de Renda: Sem rendimento até 1 salário mínimo 84,17%, acima de 1 até 2 salários mínimos 8,84%, mais de 2 a 5 salários mínimos 5,26%, acima de 5 a 10 salários mínimos 1,32%, acima de 10 salários mínimos 0,41%. Instrução: Analfabeto 8,99%, Lê e Escreve 12,24%, Fundamental incompleto a completo 30,30%, Médio incompleto a completo 33,07%, Superior incompleto a completo 15,40%. ";"Os pesquisadores envolvidos na realização desta pesquisa são treinados pelo Instituto e recebem instruções específicas para cada projeto realizado. São checados, no mínimo, 30% dos questionários de cada pesquisador, seja in loco por supervisores de campo, todo o material é verificado, codificado, digitado e, antes do processamento final, realiza-se a conferência da digitação (consistência dos dados). ";"Bairros: Centro, Conjunto José de Almeida, Conjunto Renascer I e II, Conjunto Ipase, Conjunto Cidade Nova, Bairro de Fátima, Paulo VI, Parque Estrela, Estação, Vila Mariana, Santa Cruz, Conjunto Amor, Conjunto Adefac, Conjunto Lindóia, Conjunto Lucidio Portela, Conjunto José Francisco Bona, Vila Papi, Matadouro, Cariri, São João, Bairro de Lourdes, Recreio, São Luís, Água Azul, Flores, Flor do Campo, Santa Rita, Conjunto Evereste e Conjunto Porção. "
"24/08/2022";"00:10:36";"2018";"5";"Eleições Gerais 2018";"PI";"PI";"PIAUÍ";"PI071742018";"23/09/2018";"08057107000188";"INSTITUTO JALES DE PESQUISA LTDA";"INSTITUTO JALES DE PESQUISA";"Governador, Senador";"22/09/2018";"28/09/2018";"1100";"5102 7ª Região";"Paulo Rubens Oliveira Jales de Carvalho";"5000,00";"08057107000188";"INSTITUTO JALES DE PESQUISA LTDA";"#NULO#";"08057107000188";"INSTITUTO JALES DE PESQUISA LTDA";"O trabalho realizado, consiste em realizar a pesquisa através de discador automático, com perguntas gravadas, e as respostas tendo de ser tabuladas no momento do atendimento através do teclado do aparelho telefônico do entrevistado, as amostras serão recolhidas de acordo com a distribuição do plano amostral. ";"Ponderações quanto a sexo, idade, grau de instrução, microrregiões e nível econômico do entrevistado. Margem de Erro: A margem de erro máxima prevista para o total da amostra é de 2,95% pontos percentuais para mais ou para menos, considerando um nível de confiança (probabilidade do intervalo do erro) de 95%. Universo: Eleitorado do Estado do Piauí, com 16 anos ou mais. Tamanho da amostra: A amostra prevista é de 1.100 entrevistas. Técnica de amostragem: A amostra é estratificada segundo combinação das variáveis sexo e faixa etária, renda e instrução do eleitorado e microrregiões. Os estratos terão tamanho proporcional a esses segmentos, de acordo com dados do TSE (eleitorado julho de 2018) e Fundação IBGE (Censo 2010) em se tratando de renda. Os tamanhos desses segmentos são: Sexo masculino: 48,26%, feminino 51,74%. Faixa Etária: 16 a 24 anos: 17,49%, 25 a 34 anos: 22,90%, 35 a 44 anos: 20,31%, 45 a 59 anos: 22,24% e 60 anos ou mais: 17,06%. Faixa de Renda: Até 1 salário mínimo 71,41%, acima de 1 até 2 salários mínimos 16,38%, acima de 2 a 5 salários mínimos 8,34%, acima de 5 a 10 salários mínimos 2,67%, acima de 10 salários mínimos 1,20%. Instrução: Analfabeto a Lê e Escreve 27,04%, Fundamental incompleto a completo 29,81%, Médio incompleto a completo 31,59%, Superior incompleto a completo 11,56%. Microrregiões: Alto Médio Canindé 9,41%, Alto Médio Gurguéia 2,72%, Alto Parnaíba Piauiense 1,37%, Baixo Parnaíba Piauiense 10,55%, Bertolínia 1,36%, Campo Maior 7,38%, Chapada do Extremo Sul Piauiense 2,51%, Floriano 3,91%, Litoral Piauiense 9,58%, Médio Parnaíba Piauiense 4,45%Picos 6,70%, Pio IX 2,15%, São Raimundo Nonato 4,32%, Teresina 29,99% e Valença do Piauí 3,60%. A relação completa dos municípios visitados/pesquisados será encaminhada a esse tribunal posteriormente, após a publicação dos resultados. ";"O sistema de controle será o no sistema constará todas as respostas dos entrevistados em tempo real e será disponibilizado de maneira online e off-line, mantendo a disposição para consulta das respostas sempre que questionado.   A honestidade com eleitores, entrevistados, parceiros comerciais e funcionários é o método de trabalho. Não haverá situação em que a falta de clareza ou de aviso turbará a relação de confiança entre as partes.  ";"MUNICÍPIOS VISITADOS / PESQUISADOS    MICRORREGIÃO ALTO MÉDIO CANINDÉ  ¿ Jaicós  ¿ São João do Piauí  ¿ Paulistana  ¿ Simplício Mendes  ¿ Marcolândia  ¿ Paes Landim  MICRORREGIÃO ALTO MÉDIO GURGUÉIA  ¿ Bom Jesus  ¿ Gilbués  MICRORREGIÃO ALTO PARNAÍBA PIAUIENSE  ¿ Uruçuí  ¿ Ribeiro Gonçalves  MICRORREGIÃO BAIXO PARNAÍBA PIAUIENSE  ¿ Barras  ¿ Piripiri  ¿ Esperantina  ¿ Brasileira  MICRORREGIÃO DE BERTOLINIA  ¿ Bertolínia  ¿ Eliseu Martins  MICRORREGIÃO DE CAMPO MAIOR  ¿ Campo Maior  ¿ Pedro II  ¿ Capitão de Campos  ¿ Castelo do Piauí  ¿ São Miguel do Tapuio         MICRORREGIÃO CHAPADA DO EXTREMO SUL PIAUIENSE  ¿ Corrente  ¿ Avelino Lopes  MICRORREGIÃO DE FLORIANO  ¿ Floriano  ¿ Jerumenha  MICRORREGIÃO LITORAL PIAUIENSE  ¿ Parnaíba  ¿ Piracuruca  ¿ Buriti dos Lopes  MICRORREGIÃO DO MÉDIO PARNAIBA PIAUIENSE  ¿ Amarante  ¿ Água Branca  ¿ Angical  ¿ Barro Duro  MICRORREGIÃO DE PICOS  ¿ Picos  ¿ Oeiras  ¿ Santa Cruz do Piauí  ¿ Bocaina  MICRORREGIÃO DE PIO IX  ¿ Pio IX  ¿ Francisco Santos  MICRORREGIÃO DE SÃO RAIMUNDO NONATO  ¿ São Raimundo Nonato  ¿ Dirceu Arcoverde  ¿ Caracol  MICRORREGIÃO DE TERESINA  ¿ Teresina  ¿ União  ¿ José de Freitas  ¿ Altos  ¿ Monsenhor Gil  ¿ Lagoa do Piauí  MICRORREGIÃO DE VALENÇA DO PIAUÍ  ¿ Valença  ¿ Inhuma  ¿ Elesbão Veloso  "
"24/08/2022";"00:10:36";"2018";"5";"Eleições Gerais 2018";"PI";"PI";"PIAUÍ";"PI072202018";"22/06/2018";"11186543000161";"ROGERIO M. P. MOURA - ME";"DATA MAX";"Governador, Deputado Estadual, Deputado Federal, Senador";"22/06/2018";"24/06/2018";"500";"51027ª Região";"Paulo Rubens Oliveira Jales de Carvalho";"11600,00";"09011478000191";"PARTIDO REPUBLICANO BRASILEIRO / PRB";"Fundo Partidário";"11186543000161";"ROGERIO M. P. MOURA - ME";"Pesquisa do tipo quantitativo, por amostragem, com aplicação de questionário estruturado e abordagem pessoal domiciliar. O conjunto do eleitorado da zona urbana do Município de Teresina ¿ PI, com 16 anos ou mais será tomado como universo da pesquisa. ";"Ponderações quanto a sexo, idade, grau de instrução e nível econômico do entrevistado. Margem de Erro: A margem de erro máxima prevista para o total da amostra é de 4,38% pontos percentuais para mais ou para menos, considerando um nível de confiança (probabilidade do intervalo do erro) de 95%. Universo: Eleitorado da zona urbana do Município de Teresina - PI, com 16 anos ou mais. Tamanho da amostra: A amostra prevista é de 500 entrevistas. Técnica de amostragem: A amostra é estratificada segundo combinação das variáveis sexo e faixa etária, renda e instrução do eleitorado de acordo com dados do TSE (eleitorado maio de 2018) e Fundação IBGE em se tratando de renda. Os tamanhos desses segmentos são: Sexo: Masc = 45,22% e Feminino 54,22%. Grau de Instrução: Analf a Lê e escreve 8,14%, Fund. Incompleto a completo 24,14%, Médio incompleto a completo 46,10%, Superior incompleto a completo 21,62%.Faixa de renda: Ate 1 salário mínimo 52,97%,Mais de 1 a 2 salários mínimos 23,47%, Mais de 2 a 5 salários mínimos 14,55%, Mais de 5 a 10 salários mínimos 5,86% e Mais de 10 salários mínimos 3,15%. Faixa etária: Até 24 anos 16,17%, Acima de 24 a 34 anos 23,68%, Acima de 34 a 44 anos 22,05%, Acima de 44 a 59 anos 23,40% e 60 ou mais anos  14,70%  ";"Os pesquisadores envolvidos na realização desta pesquisa são treinados pelo Instituto e recebem instruções específicas para cada projeto realizado. São checados, no mínimo, 30% dos questionários de cada pesquisador, seja in loco por supervisores de campo, todo o material (100%) é verificado, codificado, digitado e, antes do processamento final, realiza-se a conferência da digitação (consistência dos dados).   A seleção das unidades investigadas é feita segundo procedimentos aleatórios e as entrevistas realizadas em domicílios residenciais, cujas quantidades foram distribuídas proporcionalmente à população do município.   ";"ZONA NORTE: 15 BAIRROS  SÃO JOAQUIM  POTY VELHO  MOCAMBINHO I  PEDRA MOLE  MONTE VERDE  PARQUE BRASIL  SANTA MARIA DA CODIPI  PORENQUANTO  PRIMAVERA I  VILA OPERÁRIA  MARQUÊS  ALTO ALEGRE  REAL COPAGRE  ÁGUA MINERAL  BUENOS AIRES  ZONA LESTE - 11 BAIRROS  PIÇARREIRA  PLANALTO URUGUAI  SATÉLITE  VILA BANDEIRANTES  TAQUARI  PARQUE MÃO SANTA  VALE QUEM TEM  JOQUEI  FÁTIMA  SÃO JOÃO  SÃO CRISTÓVÃO  ZONA SUDESTE ¿ 13 BAIRROS  ALTO DA RESSUREIÇÃO  FREI DAMIÃO  RENASCENÇA I  RENASCENÇA II  SÃO PAULO  TODOS OS SANTOS  PARQUE IDEAL  PARQUE ITARARÉ  DIRCEU I  DIRCEU II  FRANCISCO MARREIROS  EXTREMA  NOVO HORIZONTE  ZONA SUL: 19 BAIRROS  SANTO ANTONIO  PROMORAR  PARQUE PIAUÍ  SACY  SÃO PEDRO  VERMELHA  MACAÚBA  MONTE CASTELO  TRÊS ANDARES  PIÇARRA  VILA DA PAZ  REDENÇÃO  PORTO ALEGRE  VILA IRMÃ DULCE  ANGELIM I  VAMOS VER O SOL  BELA VISTA I  BELA VISTA II  LOURIVAL PARENTE  "
"24/08/2022";"00:10:36";"2018";"5";"Eleições Gerais 2018";"PI";"PI";"PIAUÍ";"PI072422018";"06/09/2018";"11186543000161";"ROGERIO M. P. MOURA - ME";"DATA MAX";"Governador, Deputado Estadual, Deputado Federal, Senador";"09/09/2018";"10/09/2018";"400";"5102 7ª Região";"Paulo Rubens Oliveira Jales de Carvalho";"2000,00";"11186543000161";"ROGERIO M. P. MOURA - ME";"#NULO#";"11186543000161";"ROGERIO M. P. MOURA - ME";"Pesquisa do tipo quantitativo, por amostragem, com aplicação de questionários estruturados para tanto e abordagem pessoal domiciliar. O conjunto do eleitorado do município de Piripiri do estado do Piauí, com 16 anos ou mais será tomado como universo da pesquisa. A pesquisa abrangerá os seguintes cargos:  Senador, Governador, Deputado Federal e Deputado Estadual";"Ponderações quanto a sexo, idade, grau de instrução e nível econômico do entrevistado. Margem de Erro: A margem de erro máxima prevista para o total da amostra é de 4,9% pontos percentuais para mais ou para menos, considerando um nível de confiança (probabilidade do intervalo do erro) de 95%. Homens 48,09%(192). Mulheres 51,91%(208). até 24 anos 18,88%(76), 25 a 34 anos 21,50%(86), 35 a 44 anos 19,00%(76), 45 a 59 anos 21,45%(85), 60 ou mais 19,17%(77). analfabeto 15,37%(61), lê e escreve 15,76%(63), ensino Fund. Incompleto e completo 27,15%(109). ensino médio incompleto e completo 34,23%(137). ensino Superior incompleto completo 7,49%(30). até 1 salário mínimo 81,52%(326). 1 a 2 salários 11,95%(48). 2 a 5 salários 4,58%(18). 5 a 10 salários 1,17%(5). mais de 10 salários 0,78%(3)";"Sistema interno de controle e verificação, conferência e fiscalização da coleta de dados e do trabalho de campo:    Os pesquisadores envolvidos na realização desta pesquisa são treinados pelo Instituto e recebem instruções específicas para cada projeto realizado. São checados, no mínimo, 30% dos questionários de cada pesquisador, seja in loco por supervisores de campo, todo o material (100,00%) é verificado, codificado, digitado e, antes do processamento final, realiza-se a conferência da digitação (consistência dos dados).  ";"BAIRROS DE PIRIPIRI ¿ PI:    CENTRO   ESTAÇÃO   MATADOURO   GERMANO   PRADO   PACIÊNCIA   PETECAS I, II, III e IV     CAIXA D¿ÁGUA    SÃO JOÃO    FLOR DO CAMPO   SANTA MARIA   ANAJÁS   VISTA ALEGRE   CONJUNTO EXPEDITO RESENDE   CONJUNTO RUCINHA   RECREIO   FLORESTA   LOCALIDADES DE PIRIPIRI ¿ PI:      SÃO LUÍS   BANDA   FURNAS   PÉ DO MORRO   FORMOSA   OLHO D¿ÁGUA GRANDE   VEREDA DO ZEZINHO   CALDEIRÃO     "
"24/08/2022";"00:10:36";"2018";"5";"Eleições Gerais 2018";"PI";"PI";"PIAUÍ";"PI072462018";"13/09/2018";"15563771000164";"INSTITUTO CREDIBILIDADE LTDA";"INSTITUTO CREDIBILIDADE";"Governador, Deputado Estadual, Deputado Federal, Senador";"14/09/2018";"17/09/2018";"700";"5102 (7ª região)";"PAULO RUBENS OLIVEIRA JALES DE CARVALHO";"2000,00";"15563771000164";"INSTITUTO CREDIBILIDADE LTDA";"#NULO#";"15563771000164";"INSTITUTO CREDIBILIDADE LTDA";"A metodologia empregada nesta pesquisa utilizará uma amostragem aleatória estratificada proporcional por sexo, idade, escolaridade e renda distribuídas na zona urbana através de entrevistas domiciliares e individuais na cidade de Teresina obedecendo à proporção da divisão pelos 04 SDUS. A Pesquisa será realizada no período de 14 a de 17 de setembro de 2018 nos bairros constantes no plano amostral com um total de 700 entrevistas.";"O método de amostragem que será utilizada nesta pesquisa quantitativa eleitoral será através de uma amostra probabilística aleatória estratificada proporcional (tabela abaixo), visto que a população de origem é considerada heterogênea, pois a mesma estará dividida em estratos referentes de acordo a divisão geopolítica da cidade de Teresina ¿ PI. Renda (em salários mínimos), escolaridade, idade e sexo. Sendo que, as variáveis sexo, idade e escolaridade, terão as escalas distribuídas de acordo com as estatísticas do Tribunal Superior Eleitoral (TSE) de junho de 2018. Enquanto que a variável renda do chefe do domicílio, segundo o que estabelece o Instituto Brasileiro de Geografia e Estatística (IBGE), através do Censo de 2010. As escolhas de base de ambos os institutos foram selecionados, pois não se diverge da classificação eleitoral proposta pelo TSE. Ainda, para a realização do estudo levantou-se o tamanho populacional de eleitores pertencente a cidade de Teresina, e com uma margem de erro de 3,7% para mais ou para menos e uma margem de confiança de 95%, chegou-se em uma amostra significativa e aleatória de 700 eleitores a pesquisar, assim distribuídos: SEXO: Masculino ¿322, Feminino 378/ Faixa Etária: De 16 a a 24 anos ¿ 104, de 25 a 34 anos ¿ 165, de 35 a 44 anos ¿ 159, de 45 a 59 anos ¿ 165, de 60 anos ou mais 107. RENDA FAMILIAR: Até 1 Sal. Mínimo ¿ 498, Mais de de 1 a 2 Sal. Mínimos ¿ 103, Mais de 2 Sal. Mínimos ¿ 99. ESOLARIDADE: Analfabetos -18, Ensino Fundamental (incluindo Lê e escreve) ¿ 209, Ensino Médio ¿ 322, Ensino Superior ¿ 151.";"Equipe aplicadora dos questionários estruturados formada por 12 entrevistadores e 3 supervisores devidamente treinados. Todos os questionários serão supervisionados no trabalho de campo pelo supervisor (diretamente ou acompanhamento) verificando a aplicação correta da grade e 20% será checada posteriormente a coleta (diretamente no local pelo supervisor), haverá ainda supervisão interna de todos os questionários aplicados (700) e crítica dos dados digitados feita pelo computador/coordenação.";"SDU LESTE   Fátima 8  Ininga 8  Piçarreira  9  Planalto Uruguai 8  Socopo 9  São Cristovão 7  São João  9  Satélite  8  Taquari  8  Vale Quem Tem 9  Vila Bandeirantes I e II 10  Joquei 7  Morada do Sol 7  Noivos 7  Vale do Gavião 8   122        SDU NORTE   Acarape 9  Aeroporto  9  Água Mineral 10  Alto Alegre 10  Buenos Aires  9  Itaperu 9  Mafrense 9  Matadouro  9  Santa Maria da Codipi 9  Memorare 9  Mocambinho I 10  Mocambinho II 10  Nova Brasília  10  Poty Velho 10  Primavera  8  Real Copagre 8  São Joaquim  10  Santa Sofia 10   168  SDU SUL   Angelim  8  Bela Vista  I e II 12  Lourival Parente  10  Morada Nova 8  Parque Piauí  10  Promorar 12  Saci  12  Planalto Bela Vista 8  Distrito Industrial 6  Vila Irmã Dulce 10  Porto Alegre 10  Portal da Alegria 8  Parque Sul 9  Vamos Ver o Sol 6   129     SDU CENTRO SUL    Conj. Emilio Falcão 7  Cristo Rei 8  Ilhotas  8  Cabral 8  Macaúba  8  Monte Castelo 8  Cidade Nova 8  Matinha  7  Marquês 9  Morro da Esperança 8  Piçarra 9  Três Andares  8  Vermelha 10  Redenção 10  Tabuleta 8  São Pedro  10  Vila da Paz 9   143     SDU SUDESTE   Dirceu I  12  Dirceu II 12  Gurupi  10  Novo Horizonte 10  Parque Ideal 8  Renascença I  10  Renascença II 10  Tancredo Neves  8  Todos os Santo 10  Comprida 6  Parque Jurema 8  Alto da Ressureição 10  Parque Itararé 8  Boa Esperança 8  Francisco Marreiros 8   138  "
"24/08/2022";"00:10:36";"2018";"5";"Eleições Gerais 2018";"PI";"PI";"PIAUÍ";"PI072702018";"13/09/2018";"22889875000129";"FABIO MARCELO DE MORAIS BATISTA - ME";"CONSULTE INTELIGENCIA E MERCADO";"Governador, Deputado Estadual, Deputado Federal, Senador";"15/09/2018";"16/09/2018";"300";"5102 7ª Região";"Paulo Rubens Oliveira Jales de Carvalho";"2000,00";"22889875000129";"FABIO MARCELO DE MORAIS BATISTA - ME";"#NULO#";"22889875000129";"FABIO MARCELO DE MORAIS BATISTA - ME";"Pesquisa do tipo quantitativo, por amostragem, com aplicação de questionário estruturado e abordagem pessoal domiciliar. O conjunto do eleitorado das zonas urbana e rural do município de Buriti dos Lopes - Piauí com 16 anos ou mais será tomado como universo da pesquisa. ";"Ponderações quanto a sexo, idade, grau de instrução, e nível econômico do entrevistado. Margem de Erro: A margem de erro máxima prevista para o total da amostra é de 5,59% pontos percentuais para mais ou para menos, considerando um nível de confiança (probabilidade do intervalo do erro) de 95%. Universo: eleitores das zonas urbana e rural do município de Buriti dos Lopes - Piauí, com 16 anos ou mais. Tamanho da amostra: A amostra é de 300 entrevistas. Técnica de amostragem: A amostra é estratificada segundo combinação das variáveis sexo e faixa etária, renda e instrução do eleitorado e microrregiões. Os estratos terão tamanho proporcional a esses segmentos, de acordo com dados do TSE (eleitorado julho de 2018) e Fundação IBGE em se tratando de renda. Os tamanhos desses segmentos são: Sexo masculino: 49,22% (148), feminino 50,78% (152). Faixa Etária: 16 a 24 anos 19,71% (59): 25 a 34 anos: 23,51% (71), 35 a 44 anos: 20,25% (61), 45 a 59 anos: 20,69% (62) e 60 anos ou mais: 15,84% (47). Faixa de Renda: Até 1 salário mínimo 82,87% (248), acima de 1 até 2 salários mínimos 10,98% (33), acima de 2 a 5 salários mínimos 4,96% (15), acima de 5 salários mínimos 1,18% (4). Instrução: Analfabeto a Lê e Escreve 37,36% (112), Fundamental incompleto a completo 27,88% (84), Médio incompleto a completo 26,70% (80), Superior incompleto a completo 8,06% (24). ";"Os pesquisadores envolvidos na realização desta pesquisa são treinados pelo Instituto e recebem instruções específicas para cada projeto realizado. São checados, no mínimo, 20% dos questionários de cada pesquisador, seja in loco por supervisores de campo, todo o material (100,00%) é verificado, codificado, digitado e, antes do processamento final, realiza-se a conferência da digitação (consistência dos dados). ";"ZONA URBANA  Centro, Acampamento, Amansa Burro, Avenida, Campo Redondo, COHAB, Do Outro Lado da Passagem e Macambira.  ZONA RURAL  Barra do Longá, Coroa do São Remígio, Espírito Santo de Cima, Estreito, Nova Morada, Novo Jatobá, Passagem das Canoas, Ponte do Jandira, Recreio, Salgadinho, São Domingos e Volta do Longá.  "
"24/08/2022";"00:10:36";"2018";"5";"Eleições Gerais 2018";"PI";"PI";"PIAUÍ";"PI073982018";"15/08/2018";"09636807000190";"INSTITUTO DE PESQUISA DATA AZ LTDA - ME";"#NULO#";"Governador, Deputado Estadual, Deputado Federal, Senador";"17/08/2018";"17/08/2018";"350";"9356 ";"Laércio de Sousa Araújo";"3000,00";"09636807000190";"INSTITUTO DE PESQUISA DATA AZ LTDA - ME";"#NULO#";"09636807000190";"INSTITUTO DE PESQUISA DATA AZ LTDA - ME";"Eleitores com 16 ou mais anos de idade com domicílio eleitoral no município de Pedro II - PI, na zona urbana e rural. Trata-se de uma pesquisa preferencialmente domiciliar e individual através de uma amostra estratificada de acordo com a Resolução 23.549/2017, dentro das cotas de sexo, faixa etária, nível de instrução e faixa de renda (dados do IBGE e referência na estimativa da população 2017, com uma população eleitoral de 29.605 ¿ até jul2018).";"ZONA: URBANA (60%) RURAL (40%). SEXO: MASCULINO (48%), FEMININO (52%). FAIXA ETÁRIA até 24 anos (21%), de 25 a 34 anos (20%), de 35 a 44 anos (18%), de 45 a 59 anos (21%), 60 anos ou mais (20%). ESCOLARIDADE: Analfabeto (16%), Lê e escreve (19%), 1º Grau inc/comp (32%), 2º Grau inc/comp (25%), 3º Grau inc/comp (8%). RENDA Até 1 salário (73%), entre 1 e 2 salários (17%), entre 2 e 3 salários (8%), entre 3 e 4 salários (1,4%), Mais de 4 salários (0,6%).  Nível de confiança = 95%. nível de significância = 5% E margem de erro = 5,2%, com P = 0,5.  ";"Checagem pelo supervisor em pelo menos 20% dos questionários aplicados em campo ou por fone. Questionários aplicados eletronicamente, por meio de tablets, com sistema próprio de pesquisa, formulação e tabulação.";"Urbana: Santa Fé, Saborá, Centro, Cristo Rei, Conjunto Itamarati, Areia Branca, Pirapora, Vila Operária, Multirão, São Gonçalo, Santo Antônio, Chapadinha, Caixa Dágua, Boa Esperança, Campestre, São Francisco, Vila Kolping.    Rural: Palmeiras dos Soares, Serra dos Matões, Povoado Tucuns dos Pedros, Carnaubinha, Assentamento Nova Terra, Assentamento Pedra Branca, Tapera, Rodovia Br 404, Povoado Santana, Lagoa do Sucuruju, Roça dos Pereiros, Chã do Lambedor, Mato Grosso, Goiabeira.  "
"24/08/2022";"00:10:36";"2018";"5";"Eleições Gerais 2018";"PI";"PI";"PIAUÍ";"PI074052018";"17/07/2018";"07608537000188";"CENTRO DE TREINAMENTO HUMANO LTDA - ME";"INSTITUTO GALAXY";"Governador, Deputado Estadual, Deputado Federal, Senador";"17/07/2018";"18/07/2018";"320";"5102";"Paulo Rubes Oliveira Jales de Carvalho";"1438,07";"07608537000188";"CENTRO DE TREINAMENTO HUMANO LTDA - ME";"#NULO#";"07608537000188";"CENTRO DE TREINAMENTO HUMANO LTDA - ME";"Pesquisa do tipo quantitativo, por amostragem, com aplicação de questionários estruturados para tanto e abordagem pessoal domiciliar. O conjunto do eleitorado da zona urbana do Município de Buriti dos Lopes - PI, com 16 anos ou mais será tomado como universo da pesquisa.  ";"Ponderações quanto a sexo, idade, grau de instrução e nível econômico do entrevistado. Margem de Erro: A margem de erro máxima prevista para o total da amostra é de 5,48% pontos percentuais para mais ou para menos, considerando um nível de confiança (probabilidade do intervalo do erro) de 95%. Universo: Eleitorado da zona urbana do Município de Buriti dos Lopes - PI, com 16 anos ou mais. Tamanho da amostra: A amostra prevista é de 320 entrevistas. Técnica de amostragem: A amostra é estratificada segundo combinação das variáveis sexo e faixa etária, renda e instrução do eleitorado de acordo com dados do TSE (eleitorado abril de 2018) e Fundação IBGE em se tratando de renda. Os tamanhos desses segmentos são: Sexo masculino: 49,22%, feminino 50,78%. Faixa Etária: 16 a 24 anos: 20,18%, 25 a 34 anos: 23,60%, 35 a 44 anos: 20,13%, 45 a 59 anos: 20,48% e 60 anos ou mais: 15,61%. Faixa de Instrução: Analfabeto 20,79%. Lê e Escreve 16,57%, Fundamental incompleto a completo 27,88%, Médio incompleto a completo 26,70%, Superior incompleto a completo 8,06%. Renda: Rendimento até 1 salário mínimo 80,08%, acima de 1 até 2 salários mínimos 13,36%, mais de 2 a 5 salários mínimos 5,08%, acima de 5 a 10 salários mínimos 1,02%, acima de 10 salários mínimos 0,46%.";"A conferência e fiscalização da coleta dos dados são feitas com base na grade de campo em todo material coletado. Os pesquisadores envolvidos na realização desta pesquisa são treinados pelo Instituto e recebem instruções específicas para cada projeto realizado. São checados os questionários de cada pesquisador in loco por líder da pesquisa. Todo o material é verificado, codificado, digitado e, antes do processamento final, realiza-se a conferência através da análise de desvio-padrão das respostas pelo sistema e análise de gps.";"Acampamento, Avenida, Camuda, Centro, Cohab, Macambira, Mala Velha, Outro Lado da Passagem, Rua Teresinha, Vila Nova"
"24/08/2022";"00:10:36";"2018";"5";"Eleições Gerais 2018";"PI";"PI";"PIAUÍ";"PI074412018";"28/09/2018";"19190101000109";"OPINAR PESQUISAS LTDA.";"OPINAR PESQUISAS";"Senador, Governador, Deputado Distrital, Deputado Estadual, Deputado Federal";"01/10/2018";"03/10/2018";"1082";"8749";"Kleison de Paiva Freitas";"28000,00";"09590480000162";"TELEVISAO PIONEIRA LTDA";"Recursos Próprios";"19190101000109";"OPINAR PESQUISAS LTDA.";"A metodologia empregada nesta pesquisa utilizará uma amostragem aleatória estratificada proporcional por sexo, idade, escolaridade e renda distribuídas na zona urbana e rural através de entrevistas domiciliares e individuais no estado do Piauí. A Pesquisa será realizada no período de 01 e 02  de outubro de 2018 nas cidades descriminadas no plano amostral com um total de 1082 entrevistas.    ";"O método de amostragem que será utilizada nesta pesquisa quantitativa eleitoral será através de uma amostra probabilística aleatória estratificada proporcional (tabela abaixo), visto que a população de origem é considerada heterogênea, pois a mesma estará dividida em estratos referentes de acordo a divisão geopolítica do estado do PIAUÍ.   Para isso, foi elaborado inicialmente um questionário de pesquisa (em anexo), como ferramenta de coleta de dados em que as variáveis que serão coletadas do público-alvo analisado em cada zona rural e/ou urbana de cada  município citado são: renda (em salários mínimos), escolaridade, idade e sexo. Sendo que, as variáveis sexo, idade e escolaridade, terão as escalas distribuídas de acordo com as estatísticas do Tribunal Superior Eleitoral (TSE) de julho de 2018. Enquanto que a variável renda do chefe do domicílio, segundo o que estabelece o Instituto Brasileiro de Geografia e Estatística (IBGE), através do Censo de 2010. As escolhas de base de ambos os institutos foram selecionados, pois não se diverge da classificação eleitoral proposta pelo TSE. Ainda, para a realização do estudo levantou-se o tamanho populacional de eleitores pertencente ao estado do PIAUÍ, e com uma margem de erro de 2,97% para mais ou para menos e uma margem de confiança de 95%, chegou-se em uma amostra significativa e aleatória de 1082 eleitores a pesquisar, assim distribuídos:  Sexo 1082  Feminino 561  Masculino 521  Idade 1082  16 e 17 anos    30  de 18 a 24 anos 171  de 25 a 34 anos 240  de 35 a 44 anos 221  de 45 a 59 anos 244  mais de 60 anos 176  Renda 1082  Até R$ 954,00 601  De R$ 954,01 a R$ 1.908,00  249  De R$ 1.908,01 a R$ 4770,00  166  De R$ 4770,01 a R$ 9540,00  45  Mais de R$ 9540,01 21  Escolaridade 1082  Analfabeto 101  Le e escreve 172  Ensino Fundamental 316  Ensino Médio 361  Superior 132  ";"Com o objetivo de garantir que o estudo não é passível de víeis que beneficie determinados públicos-alvo ou algum segmento partidário, a equipe aplicadora dos questionários de pesquisas será formada por 19 entrevistadores e 5 supervisores de campo. Assim, todos os questionários serão supervisionados no trabalho de campo pelo supervisor (diretamente ou acompanhamento) e 20% dos questionários serão checados posteriormente (diretamente no local ou por telefone) pelo supervisor, para evitar erros que corroborem com alguma tendência dos dados. Haverá ainda uma supervisão interna de todos os questionários (1082) aplicados e uma análise crítica dos dados digitados no software de análise estatística.    ";"A distribuição das entrevistas nos municípios (Zona Urbana e Rural) do estado do PIAUÍ será:    Município  Amostra   Urbana   rural   1 ITAINÓPOLIS 15,00 3,00 12,00  2 JAICÓS 22,00 10,00 12,00  3 PAULISTANA 25,00 13,00 12,00  4 SÃO JOÃO DO PIAUÍ 21,00 14,00 7,00  5 SIMÕES 19,00 8,00 11,00  6 SIMPLÍCIO MENDES 15,00 9,00 6,00  7 BOM JESUS 15,00 12,00 3,00  8 GILBUÉS 7,00 4,00 3,00  9 MONTE ALEGRE DO PIAUÍ 7,00 2,00 5,00  10 BAIXA GRANDE DO RIBEIRO 5,00 3,00 2,00  11 URUÇUÍ 10,00 8,00 2,00  12 COLÔNIA DO GURGUÉIA 7,00 6,00 1,00  13 LANDRI SALES 8,00 6,00 2,00  14 BARRAS 21,00 10,00 11,00  15 BATALHA 13,00 5,00 8,00  16 ESPERANTINA 18,00 11,00 7,00  17 JOAQUIM PIRES 6,00 2,00 4,00  18 LUZILÂNDIA 11,00 6,00 5,00  19 MIGUEL ALVES 14,00 5,00 9,00  20 PIRIPIRI 31,00 22,00 9,00  21 AVELINO LOPES 8,00 5,00 3,00  22 CORRENTE 19,00 12,00 7,00  23 ALTO LONGÁ 9,00 4,00 5,00  24 CAMPO MAIOR 26,00 19,00 7,00  25 CASTELO DO PIAUÍ 12,00 8,00 4,00  26 PEDRO II 22,00 13,00 9,00  27 SÃO MIGUEL DO TAPUIO 11,00 4,00 7,00  28 FLORIANO 30,00 26,00 4,00  29 GUADALUPE 6,00 6,00 0,00  30 ITAUEIRA 6,00 3,00 3,00  31 BURITI DOS LOPES 9,00 5,00 4,00  32 COCAL 10,00 5,00 5,00  33 LUIS CORREIA 14,00 6,00 8,00  34 PARNAÍBA 58,00 55,00 3,00  35 PIRACURUCA 13,00 9,00 4,00  36 ÁGUA BRANCA 10,00 9,00 1,00  37 AMARANTE 11,00 6,00 5,00  38 PALMEIRAIS 9,00 3,00 6,00  39 REGENERAÇÃO 11,00 9,00 2,00  40 SÃO PEDRO DO PIAUÍ 7,00 4,00 3,00  41 OEIRAS 26,00 16,00 10,00  42 PICOS 47,00 37,00 10,00  43 FRANCISCO SANTOS 8,00 4,00 4,00  44 PIO IX 15,00 4,00 11,00  45 CANTO DO BURITI 13,00 7,00 6,00  46 CARACOL 7,00 3,00 4,00  47 DOM INOCÊNCIO 6,00 1,00 5,00  48 SÃO RAIMUNDO NONATO 21,00 14,00 7,00  49 ALTOS 14,00 10,00 4,00  50 DEMERVAL LOBÃO 5,00 4,00 1,00  51 JOSÉ DE FREITAS 15,00 9,00 6,00  52 MONSENHOR GIL 4,00 2,00 2,00  53 NAZÁRIA 5,00 1,00 4,00  54 TERESINA 265,00 250,00 15,00  55 UNIÃO 16,00 8,00 8,00  56 ELESBÃO VELOSO 10,00 7,00 3,00  57 INHUMA 9,00 4,00 5,00  58 PIMENTEIRAS 8,00 3,00 5,00  59 VALENÇA DO PIAUÍ 12,00 9,00 3,00    1082 760 322     "
"24/08/2022";"00:10:36";"2018";"5";"Eleições Gerais 2018";"PI";"PI";"PIAUÍ";"PI074512018";"14/09/2018";"10320257000184";"INSTITUTO PIAUIENSE DE OPINIAO PUBLICA LTDA - EPP";"AMOSTRAGEM OPINIAO E MERCADO";"Governador, Deputado Estadual, Deputado Federal, Senador";"15/09/2018";"18/09/2018";"1137";"CONRE  - 7ª REGIÃO Nº 6695";"JOÃO BATISTA MENDES TELES";"55000,00";"00361945000139";"SISTEMA MEIO NORTE DE COMUNICACAO LTDA / MEIO NORTE";"Recursos Próprios";"10320257000184";"INSTITUTO PIAUIENSE DE OPINIAO PUBLICA LTDA - EPP";"Metodologia empregada: Amostragem não aleatória por cotas de sexo, faixa etária, grau de instrução, renda familiar, zona (urbana e rural), microrregiões e municípios. Entrevistas domiciliares e individuais.";"PLANO AMOSTRAL    Amostragem por cotas. O conjunto do eleitorado dos municípios é distribuído proporcionalmente por sexo, faixa etária, grau de instrução, classe de renda domiciliar. As variáveis: sexo, faixa etária e grau de instrução são ponderadas de acordo com as Estatísticas do Eleitorado do Piauí, TSE, SETEMBRO de 2018 referente aos municípios pesquisados. A variável classe de renda domiciliar é ponderada de acordo com as estatística do Censo Demográfico IBGE  2010. O nível de confiança é de 95% com margem de erro de 2,85% para mais ou para menos, nas estatísticas apresentadas para o total da amostra levantada considerando variância máxima, p=0,50. 1 ¿ p = 0,50.    Cotas de sexo: Masculino (538), Feminino (599),     Cotas de faixa etária:   16 a 17 anos (23), 18 a 24 anos (177), 25 a 34 anos (258), 35 a 44 anos (233), 45 a 59 anos (258), 60 e + anos (188),     Cotas de grau de instrução: Analfabeto (85), lê e escreve (168), Ensino fundamental incompleto/completo (327), Ensino médio incompleto/completo (408), superior incompleto (57), superior completo (92),     Cotas de classe de renda domiciliar:    Até R$ 954,00 (338),    de R$ 954,01 à R$ 1.908,00 (335),    de R$ 1.908,01 à R$ 4.770,00 (320), de R$ 4.770,01 à R$ 9.540,00 (91), mais de R$ 9.540,00 (53).  ";"Supervisão interna em 100% dos questionários aplicados e crítica dos dados digitados feita pelo computador.  Checagem direta com retorno e/ou acompanhamento e/ou por telefone feita pelos supervisores de campo em no mínimo 20% dos questionários aplicados, de acordo com a exigência da ABEP ¿ Associação Brasileira de Empresas de Pesquisa. Relatórios de campo ¿ pesquisadores e supervisores.";"Municípios pesquisados por microrregião:    Baixo Parnaíba Piauiense (Madeiro, Luzilândia, Miguel Alves, Piripiri).     Litoral Piauiense (Buriti dos Lopes, Cocal, Parnaíba).     Teresina (Teresina, Demerval Lobão, Altos).     Campo Maior (Domingos Mourão, Jatobá do Piauí, Pedro II, Campo Maior).     Médio Parnaíba Piauiense (Passagem Franca do Piauí, Angical do Piauí, Água Branca).     Valença do Piauí (Barra D´Alcântara, Inhuma, Valença do Piauí).    Alto Parnaíba Piauiense (Ribeiro Gonçalves).    Bertolínia (Porto Alegre do Piauí, Antônio Almeida).    Floriano (São Miguel do Fidalgo, São José do Peixe, Floriano).    Alto Médio Gurguéia (Barreiras do Piauí, Bom Jesus).     São Raimundo Nonato (Pajeú do Piauí, Anísio de Abreu, São Raimundo Nonato, São Lourenço do Piauí).     Chapadas do Extremo Sul Piauiense (Sebastião Barros, Corrente).     Picos (Santa Cruz do Piauí, Dom Expedito Lopes, Bocaína, Picos).     Pio IX (São Julião, Pio IX).     Alto Médio Canindé (Floresta do Piauí, Belém do Piauí, Vila Nova do Piauí, Santo Inácio do Piauí, Simões, Jaicós, Paulistana).  "
"24/08/2022";"00:10:36";"2018";"5";"Eleições Gerais 2018";"PI";"PI";"PIAUÍ";"PI074702018";"22/08/2018";"22675543000141";"R10 COMUNICACAO EIRELI";"PORTAL R10";"Governador, Deputado Estadual, Deputado Federal, Senador";"24/08/2018";"25/08/2018";"300";"10190";"Stênio Rodrigues Lima";"1500,00";"22675543000141";"R10 COMUNICACAO EIRELI";"#NULO#";"22675543000141";"R10 COMUNICACAO EIRELI";"Eleitores com 16 ou mais anos de idade com domicílio eleitoral no município de Sigefredo Pacheco ¿ PI, na zona urbana e rural. Trata-se de uma pesquisa preferencialmente domiciliar e individual através de uma amostra estratificada por cota de sexo, faixa etária, nível de instrução e faixa de renda, de acordo com a Resolução 23.453 TSE e dados do IBGE com referência no censo 2010. Todos os indivíduos terão a mesma chance de serem selecionados. ";"ZONA: URBANA (30%) RURAL (70%). SEXO: MASCULINO (51,19% - 154), FEMININO (48,81% - 146). FAIXA ETÁRIA até 24 anos (19,51% - 59), de 25 a 34 anos (20,24% - 61), de 35 a 44 anos (20,03% - 60), de 45 a 59 anos (23,03% - 69), 60 anos ou mais (17,19% - 52). ESCOLARIDADE: Analfabeto (17,18% - 52), Lê e escreve (15,19 - 46), 1º Grau inc/comp (36,15% - 108), 2º Grau inc/comp (25,81% - 77), 3º Grau inc/comp (5,67% - 17). RENDA Até 1 salário (58,62% - 176), entre 1 e 2 salários (25,86% - 78), entre 2 e 5 salários (12,07% - 36), entre 5 e 10 salários (1,72% - 05), Mais de 10 salários (1,72% - 05).   NÍVEL DE CONFIANÇA = 95%. NÍVEL DE SIGNIFICÂNCIA = 5% E MARGEM DE ERRO = 5,6%, com P = 0,5.  ";"Checagem pelo supervisor em pelo menos 20% dos questionários aplicados em campo ou por fone. Sistema próprio de pesquisa, formulação e tabulação dos dados em planilhas (Gráficos e Analíticos). ";"ZONA URBANA: Centro, Todos os Santos, Bela Vista, São João e São Pedro.  ZONA RURAL: Bom Jardim, Ass. Sapucaia, Baixinha, Lagoinha, Pé da Ladeira. Ass. São Raimundo, Mangueira, Olho D¿água e Campo do Meio.  "
"24/08/2022";"00:10:36";"2018";"5";"Eleições Gerais 2018";"PI";"PI";"PIAUÍ";"PI075162018";"28/09/2018";"10320257000184";"INSTITUTO PIAUIENSE DE OPINIAO PUBLICA LTDA - EPP";"AMOSTRAGEM OPINIAO E MERCADO";"Senador, Governador";"01/10/2018";"04/10/2018";"1137";"CONRE  - 7ª REGIÃO Nº 6695";"JOÃO BATISTA MENDES TELES";"55000,00";"00361945000139";"SISTEMA MEIO NORTE DE COMUNICACAO LTDA / MEIO NORTE";"Recursos Próprios";"10320257000184";"INSTITUTO PIAUIENSE DE OPINIAO PUBLICA LTDA - EPP";"Metodologia empregada: Amostragem não aleatória por cotas de sexo, faixa etária, grau de instrução, renda familiar, zona (urbana e rural), microrregiões e municípios. Entrevistas domiciliares e individuais.";"PLANO AMOSTRAL    Amostragem por cotas. O conjunto do eleitorado dos municípios é distribuído proporcionalmente por sexo, faixa etária, grau de instrução, classe de renda domiciliar. As variáveis: sexo, faixa etária e grau de instrução são ponderadas de acordo com as Estatísticas do Eleitorado do Piauí, TSE, SETEMBRO de 2018 referente aos 49 municípios pesquisados. A variável classe de renda domiciliar é ponderada de acordo com as estatística do Censo Demográfico IBGE  2010. O nível de confiança é de 95% com margem de erro de 2,85% para mais ou para menos, nas estatísticas apresentadas para o total da amostra levantada considerando variância máxima, p=0,50. 1 ¿ p = 0,50.    Cotas de sexo: Masculino (538), Feminino (599),     Cotas de faixa etária:   16 a 17 anos (33), 18 a 24 anos (178), 25 a 34 anos (257), 35 a 44 anos (228), 45 a 59 anos (256), 60 e + anos (185),     Cotas de grau de instrução: Analfabeto (84), lê e escreve (159), Ensino fundamental incompleto/completo (325), Ensino médio incompleto/completo (406), superior incompleto (65), superior completo (98),     Cotas de classe de renda domiciliar:    Até R$ 954,00 (346),    de R$ 954,01 à R$ 1.908,00 (336),    de R$ 1.908,01 à R$ 4.770,00 (316), de R$ 4.770,01 à R$ 9.540,00 (91), mais de R$ 9.540,00 (48).  ";"Supervisão interna em 100% dos questionários aplicados e crítica dos dados digitados feita pelo computador.  Checagem direta com retorno e/ou acompanhamento e/ou por telefone feita pelos supervisores de campo em no mínimo 20% dos questionários aplicados, de acordo com a exigência da ABEP ¿ Associação Brasileira de Empresas de Pesquisa. Relatórios de campo ¿ pesquisadores e supervisores.";"Municípios pesquisados por microrregião:    Baixo Parnaíba Piauiense (Luzilândia, Barras, Esperantina, Piripiri).     Litoral Piauiense (Piracuruca, Buriti dos Lopes, Parnaíba).     Teresina (Teresina, Nazária, Altos, União, Monsenhor Gil).     Campo Maior (Castelo do Piaui, São Miguel do Tapuio, Pedro II, Campo Maior).     Médio Parnaíba Piauiense (Água Branca, Regeneração, Amarante).     Valença do Piauí (Elesbão Veloso, Inhuma, Valença do Piauí).    Alto Parnaíba Piauiense (Uruçuí).    Bertolínia (Bertolínia, Colônia do Gurguéia).    Floriano (Guadalupe, Itaueira, Floriano).    Alto Médio Gurguéia (Gilbués, Bom Jesus).     São Raimundo Nonato (Anísio de Abreu, Canto do Buriti, São Raimundo Nonato, Caracol).     Chapadas do Extremo Sul Piauiense (Avelino Lopes, Corrente).     Picos (Ipiranga do Piauí, Colônia do Piauí, Oeiras, Picos).     Pio IX (Monsenhor Hipólito, Pio IX).     Alto Médio Canindé (Simões, Jaicós, Paulistana, Simplício Mendes, Isaías Coelho, Fronteiras, São João do Piauí).  "
"24/08/2022";"00:10:36";"2018";"5";"Eleições Gerais 2018";"PI";"PI";"PIAUÍ";"PI075472018";"14/07/2018";"07608537000188";"CENTRO DE TREINAMENTO HUMANO LTDA - ME";"INSTITUTO GALAXY";"Governador, Deputado Estadual, Deputado Federal, Senador";"14/07/2018";"15/07/2018";"320";"5102";"Paulo Rubes Oliveira Jales de Carvalho";"1438,07";"07608537000188";"CENTRO DE TREINAMENTO HUMANO LTDA - ME";"#NULO#";"07608537000188";"CENTRO DE TREINAMENTO HUMANO LTDA - ME";"Pesquisa do tipo quantitativo, por amostragem, com aplicação de questionários estruturados para tanto e abordagem pessoal domiciliar. O conjunto do eleitorado da zona urbana do Município de Amarante  - PI, com 16 anos ou mais será tomado como universo da pesquisa.";"Ponderações quanto a sexo, idade, grau de instrução e nível econômico do entrevistado. Margem de Erro: A margem de erro máxima prevista para o total da amostra é de 5,48% pontos percentuais para mais ou para menos, considerando um nível de confiança (probabilidade do intervalo do erro) de 95%. Universo: Eleitorado da zona urbana do Município de Amarante  - PI, com 16 anos ou mais. Tamanho da amostra: A amostra prevista é de 320 entrevistas. Técnica de amostragem: A amostra é estratificada segundo combinação das variáveis sexo e faixa etária, renda e instrução do eleitorado de acordo com dados do TSE (eleitorado abril de 2018) e Fundação IBGE em se tratando de renda. Os tamanhos desses segmentos são: Sexo masculino: 47,80%, feminino 52,20%. Faixa Etária: 16 a 24 anos: 17,92%, 25 a 34 anos: 20,43%, 35 a 44 anos: 18,58%, 45 a 59 anos: 22,08% e 60 anos ou mais: 20,99%. Faixa de Instrução: Analfabeto 10,25%. Lê e Escreve 20,92%, Fundamental incompleto a completo 27,70%, Médio incompleto a completo 30,63%, Superior incompleto a completo 10,49%. Renda: Rendimento até 1 salário mínimo 75,07%, acima de 1 até 2 salários mínimos 16,51%, mais de 2 a 5 salários mínimos 6,63%, acima de 5 a 10 salários mínimos 1,41%, acima de 10 salários mínimos 0,38%.";"A conferência e fiscalização da coleta dos dados são feitas com base na grade de campo em todo material coletado. Os pesquisadores envolvidos na realização desta pesquisa são treinados pelo Instituto e recebem instruções específicas para cada projeto realizado. São checados os questionários de cada pesquisador in loco por líder da pesquisa. Todo o material é verificado, codificado, digitado e, antes do processamento final, realiza-se a conferência através da análise de desvio-padrão das respostas pelo sistema e análise de gps.";"Alto Alegre, Amarante Novo, Areias, Baixa Verde, Cajueiro, Centro, Dois Coqueiros, Escalvado, Limoeiro, Morro da Cruz, Varjota, Varzea, Vila Nova"
"24/08/2022";"00:10:36";"2018";"5";"Eleições Gerais 2018";"PI";"PI";"PIAUÍ";"PI075622018";"13/08/2018";"10320257000184";"INSTITUTO PIAUIENSE DE OPINIAO PUBLICA LTDA - EPP";"AMOSTRAGEM OPINIAO E MERCADO";"Governador, Senador";"11/08/2018";"14/08/2018";"1137";"CONRE  - 7ª REGIÃO Nº 6695";"JOÃO BATISTA MENDES TELES";"55000,00";"00361945000139";"SISTEMA MEIO NORTE DE COMUNICACAO LTDA / MEIO NORTE";"Recursos Próprios";"10320257000184";"INSTITUTO PIAUIENSE DE OPINIAO PUBLICA LTDA - EPP";"Metodologia empregada: Amostragem não aleatória por cotas de sexo, faixa etária, grau de instrução, renda familiar, zona (urbana e rural), microrregiões e municípios. Entrevistas domiciliares e individuais.";"Amostragem por cotas. O conjunto do eleitorado dos municípios é distribuído proporcionalmente por sexo, faixa etária, grau de instrução, classe de renda domiciliar. As variáveis: sexo, faixa etária e grau de instrução são ponderadas de acordo com as Estatísticas do Eleitorado do Piauí, TSE, Agosto de 2018 referente aos municípios pesquisados. A variável classe de renda domiciliar é ponderada de acordo com as estatística do Censo Demográfico IBGE  2010. O nível de confiança é de 95% com margem de erro de 2,85% para mais ou para menos, nas estatísticas apresentadas para o total da amostra levantada considerando variância máxima, p=0,50. 1 ¿ p = 0,50.    Cotas de sexo: Masculino (541), Feminino (596),     Cotas de faixa etária:   16 a 17 anos (29), 18 a 24 anos (175), 25 a 34 anos (262), 35 a 44 anos (234), 45 a 59 anos (254), 60 e + anos (183),     Cotas de grau de instrução: Analfabeto (82), lê e escreve (152), Ensino fundamental incompleto/completo (323), Ensino médio incompleto/completo (403), superior incompleto (72), superior completo (105),     Cotas de classe de renda domiciliar:    Até R$ 954,00 (337),    de R$ 954,01 à R$ 1.908,00 (340),    de R$ 1.908,01 à R$ 4.770,00 (318), de R$ 4.770,01 à R$ 9.540,00 (89), mais de R$ 9.540,00 (53).";"Supervisão interna em 100% dos questionários aplicados e crítica dos dados digitados feita pelo computador.  Checagem direta com retorno e/ou acompanhamento e/ou por telefone feita pelos supervisores de campo em no mínimo 20% dos questionários aplicados, de acordo com a exigência da ABEP ¿ Associação Brasileira de Empresas de Pesquisa. Relatórios de campo ¿ pesquisadores e supervisores.";"Municípios pesquisados por microrregião:    Baixo Parnaíba Piauiense (Esperantina, Barras, Piripiri, Joca Marques).     Litoral Piauiense (Piracuruca, Luís Correia, Parnaíba).     Teresina (Teresina, União, José de Freitas).     Campo Maior (Sigefredo Pacheco, Capitão de Campos, Alto Longá, Campo Maior).     Médio Parnaíba Piauiense (Regeneração, Amarante, Água Branca).     Valença do Piauí (Inhuma, Elesbão Veloso, Valença do Piauí).    Alto Parnaíba Piauiense (Baixa Grande do Ribeiro).    Bertolínia (Landri Sales, Bertolínia).    Floriano (Guadalupe, Itaueira, Floriano).    Alto Médio Gurguéia (Monte Alegre do Piauí, Bom Jesus).     São Raimundo Nonato (Canto do Buriti, São Raimundo Nonato, Anísio de Abreu, Dom Inocêncio).     Chapadas do Extremo Sul Piauiense (Avelino Lopes, Corrente).     Picos (Oeiras, Picos, São José do Piauí, Geminiano).     Pio IX (Francisco Santos, Pio IX).     Alto Médio Canindé (Itainópolis, Simplício Mendes, Fronteiras, Isaías Coelho, Marcolândia, São João do Piauí, Paulistana)."
"24/08/2022";"00:10:36";"2018";"5";"Eleições Gerais 2018";"PI";"PI";"PIAUÍ";"PI076582018";"21/09/2018";"09636807000190";"INSTITUTO DE PESQUISA DATA AZ LTDA - ME";"#NULO#";"Governador, Deputado Estadual, Deputado Federal, Senador";"21/09/2018";"21/09/2018";"386";"9356 7ª Região";"Laercio de Sousa Araújo";"4000,00";"14157565000191";"PORTAL AZ LTDA";"Recursos Próprios";"09636807000190";"INSTITUTO DE PESQUISA DATA AZ LTDA - ME";"Eleitores com 16 ou mais anos de idade com domicílio eleitoral no município de Altos - PI, na zona urbana e rural. Trata-se de uma pesquisa preferencialmente domiciliar e individual através de uma amostra quantitativa de acordo com a Resolução 23.549/2017, dentro das cotas de sexo, faixa etária, nível de instrução e faixa de renda (dados do IBGE e referência na estimativa da população 2018, com uma população eleitoral de 30.394 ¿ até jul2018/TSE).";"ZONA: URBANA (79%) RURAL (21%). SEXO: MASCULINO (48,2%), FEMININO (51,8%). FAIXA ETÁRIA até 24 anos (18%), de 25 a 34 anos (24%), de 35 a 44 anos (21%), de 45 a 59 anos (22%), 60 anos ou mais (15%). ESCOLARIDADE: Analfabeto (6%), Lê e escreve (17%), 1º Grau inc/comp (33%), 2º Grau inc/comp (35%), 3º Grau inc/comp (9%). RENDA Até 1 salário (34%), entre 1 e 2 salários (32%), entre 2 e 3 salários (26%), entre 3 e 4 salários (6%), Mais de 4 salários (2%).  Nível de confiança = 95%. nível de significância = 5% E margem de erro = 5%, com P = 0,5.  ";"Checagem pelo supervisor em pelo menos 20% dos questionários aplicados em campo ou por fone. Questionários aplicados eletronicamente, por meio de tablets, com sistema próprio de pesquisa, formulação e tabulação.";"ZONA URBANA: Centro, Santa Inês, Conj. São Luís, Tranqueira, Carrasco, Leite, Jardim Cidade, Espinheiro, Mutirão I e II, São Luís, Conj. Ludgero Raulino, Conj. Tonico Almeida, Bacurizeiro, Conj. Cidade Jardim, Boca de Barro, Maravilha, Santa Luz, São Sebastião, Ciana, Batalhão.    Localidades Rurais: Bom Gosto, Zundão, Quilombo, Anajás, Estrela do Norte, Sítio Novo, Retiro, Assentamento Gavião, Palmeiras dos Gomes, Bom Passar, Prata, São Pedro , Mocambo, Comprida.    "
"24/08/2022";"00:10:36";"2018";"5";"Eleições Gerais 2018";"PI";"PI";"PIAUÍ";"PI076662018";"22/06/2018";"07608537000188";"CENTRO DE TREINAMENTO HUMANO LTDA - ME";"INSTITUTO GALAXY";"Deputado Federal, Senador, Governador";"28/06/2018";"28/06/2018";"320";"5102";"Paulo Rubes Oliveira Jales de Carvalho";"1155,08";"07608537000188";"CENTRO DE TREINAMENTO HUMANO LTDA - ME";"#NULO#";"07608537000188";"CENTRO DE TREINAMENTO HUMANO LTDA - ME";"Ponderações quanto a sexo, idade, grau de instrução e nível econômico do entrevistado. Margem de Erro: A margem de erro máxima prevista para o total da amostra é de 5,48% pontos percentuais para mais ou para menos, considerando um nível de confiança (probabilidade do intervalo do erro) de 95%. Universo: Eleitorado da zona urbana do Município de José de Freitas - PI, com 16 anos ou mais.";"Tamanho da amostra: A amostra prevista é de 320 entrevistas. Técnica de amostragem: A amostra é estratificada segundo combinação das variáveis sexo e faixa etária, renda e instrução do eleitorado de acordo com dados do TSE (eleitorado abril de 2018) e Fundação IBGE em se tratando de renda. Os tamanhos desses segmentos são: Sexo masculino: 49,37%, feminino 50,63%. Faixa Etária: 16 a 24 anos: 18,50%, 25 a 34 anos: 25,99%, 35 a 44 anos: 20,14%, 45 a 59 anos: 21,05% e 60 anos ou mais: 14,32%. Instrução: Analfabeto 11,71%, Lê e Escreve 13,39%, Fundamental incompleto a completo 33,50%, Médio incompleto a completo 33,24%, Superior incompleto a completo 8,15%. Faixa de Renda: Rendimento até 1 salário mínimo 84,72%, acima de 1 até 2 salários mínimos 10,69%, mais de 2 a 5 salários mínimos 3,49%, acima de 5a 10 salários mínimos 0,95%, acima de 10 salários mínimos 0,14%.";"A conferência e fiscalização da coleta dos dados são feitas com base na grade de campo em todo material coletado. Os pesquisadores envolvidos na realização desta pesquisa são treinados pelo Instituto e recebem instruções específicas para cada projeto realizado. São checados os questionários de cada pesquisador in loco por líder da pesquisa. Todo o material é verificado, codificado, digitado e, antes do processamento final, realiza-se a conferência através da análise de desvio-padrão das respostas pelo sistema e análise de gps.";"Bairro de Fátima, Barragem/Vila São Francisco, Centro, Cidade Nova, Deus me Deu, Ipiranga, Matinha, Santa Luzia, Santa Rosa, São Pedro, Suco de Uva, Tijuca."
"24/08/2022";"00:10:36";"2018";"5";"Eleições Gerais 2018";"PI";"PI";"PIAUÍ";"PI077262018";"13/09/2018";"22675543000141";"R10 COMUNICACAO EIRELI";"PORTAL R10";"Governador, Deputado Estadual, Deputado Federal, Senador";"15/09/2018";"16/09/2018";"300";"10526";"JOSÉ DOS REIS CUNHA FILHO";"3000,00";"22675543000141";"R10 COMUNICACAO EIRELI";"#NULO#";"22675543000141";"R10 COMUNICACAO EIRELI";"Eleitores com 16 ou mais anos de idade com domicílio eleitoral no município de Avelino Lopes - PI, na zona urbana e rural. Trata-se de uma pesquisa preferencialmente domiciliar e individual através de uma amostra estratificada por cota de sexo, faixa etária, nível de instrução e faixa de renda, de acordo com a Resolução 23.453 TSE e dados do IBGE com referência no censo 2010. Todos os indivíduos terão a mesma chance de serem selecionados.";"ZONA: URBANA (61,67%) RURAL (38,33%). SEXO: MASCULINO (49,71% - 149), FEMININO (50,29% - 151). FAIXA ETÁRIA até 24 anos (19,08% - 57), de 25 a 34 anos (23,61% - 71), de 35 a 44 anos (19,25% - 58), de 45 a 59 anos (20,39% - 61), 60 anos ou mais (17,67% - 53). ESCOLARIDADE: Analfabeto (8,74% - 26), Lê e escreve (33,10% - 99), 1º Grau inc/comp (43,45% - 130), 2º Grau inc/comp (13,40% - 40), 3º Grau inc/comp (1,32% - 4). RENDA Até 1 salário (59% -177), entre 1 e 2 salários (26,3% - 79), entre 2 e 3 salários (12% - 36), entre 3 e 4 salários (2% - 6), Mais de 4 salários (0,7% - 2). NÍVEL DE CONFIANÇA = 95%. NÍVEL DE SIGNIFICÂNCIA = 5% E MARGEM DE ERRO = 5,66%, com P = 0,5.";"Checagem pelo supervisor em pelo menos 20% dos questionários aplicados em campo ou por fone. Sistema próprio de pesquisa, formulação e tabulação dos dados em planilhas (Gráficos e Analíticos)  ";"ZONA URBANA: Centro, Conjunto Gama, Novo Horizonte e São João I e II. ZONA RURAL: América Dourado, Batalha, Contendas, Dionisinho, Forquilha, Lagoa da Pedra, Lagoinha, Mureré, Queimada Redonda, Teima, Travessão e Ursulino."
"24/08/2022";"00:10:36";"2018";"5";"Eleições Gerais 2018";"PI";"PI";"PIAUÍ";"PI079762018";"27/09/2018";"15563771000164";"INSTITUTO CREDIBILIDADE LTDA";"INSTITUTO CREDIBILIDADE";"Governador, Deputado Federal, Senador, Deputado Distrital, Deputado Estadual";"27/09/2018";"29/09/2018";"400";"5102 (7ª REGIÃO)";"PAULO RUBENS OLIVEIRA JALES DE CARVALHO";"4000,00";"90062833553";"ANDRE MAURICIO DE OLIVEIRA NOGUEIRA";"Recursos Próprios";"15563771000164";"INSTITUTO CREDIBILIDADE LTDA";"A metodologia empregada nesta pesquisa utilizará uma amostragem aleatória estratificada proporcional por sexo, idade, escolaridade e renda familiar, distribuídas na zona urbana e rural através de entrevistas domiciliares e individuais no município de CORRENTE - PI. A Pesquisa será realizada no período de 27 a 29 de setembro de 2018 com um total de 400 entrevistas.";"O método de amostragem que será utilizada nesta pesquisa quantitativa eleitoral será através de uma amostra probabilística aleatória estratificada proporcional (tabela abaixo), visto que a população de origem é considerada heterogênea, pois a mesma estará dividida em estratos referentes de acordo a divisão geopolítica do estado do PIAUÍ. renda (em salários mínimos), escolaridade, idade e sexo. Sendo que, as variáveis sexo, idade e escolaridade, terão as escalas distribuídas de acordo com as estatísticas do Tribunal Superior Eleitoral (TSE) de junho de 2018. Enquanto que a variável renda do chefe do domicílio, segundo o que estabelece o Instituto Brasileiro de Geografia e Estatística (IBGE), através do Censo de 2010. As escolhas de base de ambos os institutos foram selecionados, pois não se diverge da classificação eleitoral proposta pelo TSE. Ainda, para a realização do estudo levantou-se o tamanho populacional de eleitores pertencente ao município de Cocal - PI, e com uma margem de erro de 4,8% para mais ou para menos e uma margem de confiança de 95%, chegou-se em uma amostra significativa e aleatória de 400 eleitores a pesquisar, assim distribuídos: SEXO: Masculino:  196,  Feminino: 204 / Faixa Etária: De 16 a 17 anos: 9, De 18 a 24 anos: 71 de 25 a 34 anos 87, de 35 a 44 anos ¿ 81, de 45 a 59 anos ¿ 82, de 60 anos ou mais ¿ 70. RENDA FAMILIAR: Até 1 Sal. Mínimo ¿ 336, Mais de de 1 a 2 Sal. Mínimos ¿ 36,  Mais de 2 Sal. Mínimos 38. ESOLARIDADE: Analfabetos: 32, Ensino Fundamental (Incluíndo Lê e Escreve) ¿ 232, Ensino Médio 112, Ensino Superior 24";"Equipe aplicadora dos questionários estruturados formada por 03 por 3 entrevistadores e 1 supervisor devidamente treinados. Todos os questionários serão supervisionados no trabalho de campo pelo supervisor (diretamente ou acompanhamento) verificando a aplicação correta da grade e 20% será checada posteriormente a coleta (diretamente no local pelo supervisor), haverá ainda supervisão interna de todos os questionários aplicados (350) e crítica dos dados digitados feita pelo computador/coordenação.";"Bairros Zona Urbana   Centro 40           Aeroporto I 15   Aeroporto II 15   Jacolândia 16   Morro do Piqui 16   Nova Corrente 20   Olaria 20   Primavera 18   Projeto Piauí 20   Sincerino 30   Vermelhão 30   Vila Nova 20   TOTAL 260      Localidades ZONA RURAL          Barreirão 12   Calumbí 12   Caxingó 12   Fazenda de Cima 15   Guanabara 12   Morro Redondo 15   Riacho Grande 20   Santa Marta 20   Simplício 12   Vereda da Porta 10   TOTAL 140  "
"24/08/2022";"00:10:36";"2018";"5";"Eleições Gerais 2018";"PI";"PI";"PIAUÍ";"PI080712018";"19/09/2018";"29842579000111";"REAL TIME BIG DATA GESTAO DE DADOS LTDA.";"REAL TIME BIG DATA";"Governador, Senador";"21/09/2018";"22/09/2018";"1100";"7655";"Augusto da Silva Rocha";"15000,00";"29842579000111";"REAL TIME BIG DATA GESTAO DE DADOS LTDA.";"#NULO#";"29842579000111";"REAL TIME BIG DATA GESTAO DE DADOS LTDA.";"Pesquisa quantitativa, que consiste na realização de entrevistas por telefone, com a aplicação de questionário estruturado junto a uma amostra, representativa do eleitorado em estudo.";"Universo: 2.370.894 eleitores (TSE). Amostra: 1100 entrevistas. Nível de Confiança: 95%. Margem de Erro: até 3 pontos percentuais para mais ou para menos. Divisão Censitária. Ponderação quanto ao sexo e faixa etária: Masculino de 16 a 24 anos (9,0%), Masculino de 25 a 34 anos (10,7%), Masculino de 35 a 44 anos (9,9%), Masculino de 45 a 59 anos (10,6%) e Masculino acima de 59 anos (8,0%). Feminino de 16 a 24 anos (9,0%), Feminino de 25 a 34 anos (11,4%), Feminino de 35 a 44 anos (10,6%), Feminino de 45 a 59 anos (11,8%) e Feminino acima de 59 anos (9,0%). Ponderação quanto ao nível de instrução: 33% de Analfabeto / Fundamental Incompleto, 21% de Lê e escreve / Fundamental Completo, 33% de Médio Incompleto / Médio Completo e 12% de Superior Incompleto / Superior Completo. Ponderação quanto a distribuição por renda mensal domiciliar: 40% até 1 SM, 28% de 1 até 2 SM, 22% de 2 até 5 SM, 6% de 5 até 10 SM e 4% acima de 10 SM.";"Checagem de 20% da amostra efetuada pelos supervisores. Todos os entrevistadores foram amplamente treinados e orientados tanto teoricamente quanto praticamente sobre suas responsabilidade e funções, respeitando as cotas pré-estabelecidas. A equipe está dividida em coordenadoria-geral / supervisores / entrevistadores.";"Em anexo."
"24/08/2022";"00:10:36";"2018";"5";"Eleições Gerais 2018";"PI";"PI";"PIAUÍ";"PI083022018";"28/06/2018";"07608537000188";"CENTRO DE TREINAMENTO HUMANO LTDA - ME";"INSTITUTO GALAXY";"Governador, Deputado Estadual, Deputado Federal, Senador";"03/07/2018";"04/07/2018";"320";"5102";"Paulo Rubes Oliveira Jales de Carvalho";"2079,43";"07608537000188";"CENTRO DE TREINAMENTO HUMANO LTDA - ME";"#NULO#";"07608537000188";"CENTRO DE TREINAMENTO HUMANO LTDA - ME";"Pesquisa do tipo quantitativo, por amostragem, com aplicação de questionários estruturados para tanto e abordagem pessoal domiciliar. O conjunto do eleitorado da zona urbana do Município de Fronteiras- PI, com 16 anos ou mais será tomado como universo da pesquisa.    ";"Ponderações quanto a sexo, idade, grau de instrução e nível econômico do entrevistado. Margem de Erro: A margem de erro máxima prevista para o total da amostra é de 5,48% pontos percentuais para mais ou para menos, considerando um nível de confiança (probabilidade do intervalo do erro) de 95%. Universo: Eleitorado da zona urbana do Município de Fronteiras - Pi, com 16 anos ou mais. Tamanho da amostra: A amostra prevista é de 320 entrevistas. Técnica de amostragem: A amostra é estratificada segundo combinação das variáveis sexo e faixa etária, renda e instrução do eleitorado de acordo com dados do TSE (eleitorado abril de 2018) e Fundação IBGE em se tratando de renda. Os tamanhos desses segmentos são: Sexo masculino: 49,69%, feminino 50,31%. Faixa Etária: 16 a 24 anos: 18,78%, 25 a 34 anos: 21,50%, 35 a 44 anos: 17,91%, 45 a 59 anos: 22,66% e 60 anos ou mais: 19,15%. Faixa de Renda: Rendimento até 1 salário mínimo 75,36%, acima de 1 até 2 salários mínimos 14,64%, mais de 2 a 5 salários mínimos 7,81%, acima de 5a 10 salários mínimos 1,99%, acima de 10 salários mínimos 0,20%. Instrução: Analfabeto 15,65%. Lê e Escreve 25,56%, Fundamental incompleto a completo 31,43%, Médio incompleto a completo 24,13%, Superior incompleto a completo 3,19%.  ";"A conferência e fiscalização da coleta dos dados são feitas com base na grade de campo em todo material coletado. Os pesquisadores envolvidos na realização desta pesquisa são treinados pelo Instituto e recebem instruções específicas para cada projeto realizado. São checados os questionários de cada pesquisador in loco por líder da pesquisa. Todo o material é verificado, codificado, digitado e, antes do processamento final, realiza-se a conferência através da análise de desvio-padrão das respostas pelo sistema e análise de gps.";"Acampamento, Centro, Panorama, Avenida 7 de Setembro, Bela Vista, Cachoeirinha, Cohab, Mutirão, Sagui"
"24/08/2022";"00:10:36";"2018";"5";"Eleições Gerais 2018";"PI";"PI";"PIAUÍ";"PI083522018";"07/08/2018";"22675543000141";"R10 COMUNICACAO EIRELI";"PORTAL R10";"Senador, Deputado Estadual, Deputado Federal, Governador";"23/07/2018";"25/07/2018";"300";"10190";"STÊNIO RODRIGUES LIMA";"1500,00";"22675543000141";"R10 COMUNICACAO EIRELI";"#NULO#";"22675543000141";"R10 COMUNICACAO EIRELI";"Pesquisa quantitativa realizada com eleitores a partir de 16 anos de idade, com entrevistas domiciliar e individual e questionário semiestruturado devidamente elaborados de acordo com o objetivo do cliente. Trata-se de uma pesquisa estratificada por cota de sexo, faixa etária, nível de instrução e zona (urbana e rural) de acordo com dados do TSE e IBGE, com referência no censo 2010. Todos os indivíduos terão a mesma probabilidade de serem selecionados.";" Amostra: a amostra é representativa do eleitorado do município Corrente ¿ PI, selecionadas em estágios: primeiro fez-se uma estratificação dos Bairros/Setores censitários (Zona: urbana (61%), rural (39%) proporcional ao tamanho populacional com base nos dados obtidos pelo site do TSE e, posteriormente, dentro dos setores censitários, os entrevistados foram segmentados através de cotas proporcionais ao Sexo: masculino (46,2%), feminino (53,8%). Faixa etária: até 24 anos (17,0%), de 24 a 34 anos (21,9%), de 35 a 44 anos (19,9%), de 45 a 59 anos (20,4%), 60 anos ou mais (20,8%). Escolaridade: analfabeto (8,5%), lê e escreve (18,8%), 1º grau incompleto/completo (36,3%), 2º grau incompleto/completo (33,5%), 3º grau incompleto/completo (2,9%)  O Intervalo de confiança é estimado em 95%, com nível de significância de 5%, e margem de erro de 5,61 pontos percentuais para mais ou para menos sobre os resultados encontrados no total da amostra.    ";"O controle de qualidade inicia-se com o treinamento dos pesquisadores e pré-teste do questionário a ser aplicado. Durante o trabalho de campo os pesquisadores são supervisionados por coordenadores. Após a coleta é feita a checagem de 20% dos formulários (pessoalmente e via fone). O sistema de verificação interno de controle, feito por 1 estatístico e 1 coordenador geral, se realiza através de programas específicos de computação, formulação, codificação e tabulação dos dados.";"A área geográfica da pesquisa é formada pelo município de Corrente ¿ PI. A lista com os bairros e povoados selecionados para a realização das entrevistas será informada na divulgação dos resultados em nosso relatório metodológico conforme entendimento do TSE através do artigo 1º, § 6º da Resolução 23.364/2012 do TSE."
"24/08/2022";"00:10:36";"2018";"5";"Eleições Gerais 2018";"PI";"PI";"PIAUÍ";"PI083682018";"28/09/2018";"09636807000190";"INSTITUTO DE PESQUISA DATA AZ LTDA - ME";"#NULO#";"Senador, Deputado Estadual, Deputado Federal, Governador";"29/09/2018";"02/10/2018";"1250";"9356 ";"Laércio de Sousa Araújo";"20000,00";"09636807000190";"INSTITUTO DE PESQUISA DATA AZ LTDA - ME";"#NULO#";"09636807000190";"INSTITUTO DE PESQUISA DATA AZ LTDA - ME";"Eleitores com 16 ou mais anos de idade com domicílio eleitoral do estado do Piauí. Trata-se de uma pesquisa preferencialmente domiciliar e individual através de uma amostra quantitativa de acordo com a Resolução 23.549/2017, dentro das cotas de sexo, faixa etária, nível de instrução e faixa de renda (dados do IBGE e referência na estimativa da população 2017, com uma população eleitoral de 2.370.894 ¿ até jul2018).";"SEXO: MASCULINO (48%), FEMININO (52%). FAIXA ETÁRIA até 24 anos (19%), de 25 a 34 anos (22%), de 35 a 44 anos (20%), de 45 a 59 anos (22%), 60 anos ou mais (17%). ESCOLARIDADE: Analfabeto (9%), Lê e escreve (16%), 1º Grau inc/comp (29%), 2º Grau inc/comp (33%), 3º Grau inc/comp (12%). RENDA Até 1 salário (50%), entre 1 e 2 salários (31%), entre 2 e 3 salários (11%), entre 3 e 4 salários (5%), Mais de 4 salários (3%).  Nível de confiança = 95%. nível de significância = 5% E margem de erro = 2,8%, com P = 0,5.";"Checagem pelo supervisor em pelo menos 20% dos questionários aplicados em campo ou por fone. Questionários aplicados eletronicamente, por meio de tablets, com sistema próprio de pesquisa, formulação e tabulação.";"¿ Planície Litorânea ¿ Parnaíba, Luís Correia, Buriti dos Lopes. ¿   ¿ Cocais ¿ Barras, Batalha, Esperantina, Luzilândia, Piripiri, Piracuruca, Pedro II, Cocal, Joaquim Pires, Brasileira.  ¿  Carnaubais ¿ Campo Maior, Castelo do Piauí, São Miguel do Tapuio, Cabeceiras, Capitão de Campos,  ¿   ¿ Entre Rios ¿ Teresina, José de Freitas, Altos, Água Branca, Amarante, Regeneração, Angical do Piauí, São Pedro do Piauí, Demerval Lobão, Monsenhor Gil, Palmeirais, União, Miguel Alves, Passagem Franca do Piauí, Barro Duro, Nazária. ¿   ¿ Vale do Sambito ¿ Elesbão Veloso, Inhuma, Valença do Piauí, Ipiranga do Piauí. ¿  ¿  Vale do Rio Guaribas ¿ Picos, Dom Expedito Lopes. ¿   ¿ Vale do Rio Canindé ¿ Simplício Mendes, Conceição do Canindé, Oeiras. ¿   ¿ Serra da Capivara ¿ São João do Piauí, São Raimundo Nonato, Anísio de Abreu. ¿   ¿ Vale dos Rios Piauí e Itaueira ¿ Floriano, Itaueira, Canto do Buriti. ¿   ¿ Tabuleiros do Alto Parnaíba ¿ Bertolínia, Sebastião Leal, Uruçuí. ¿   ¿ Chapada das Mangabeiras ¿ Colônia do Gurguéia, Cristino Castro, Gilbués, Bom Jesus, Corrente, Monte Alegre do Piauí, Eliseu Martins, Manoel Emídio, Currais. ¿   ¿ Chapada do Vale do Rio Itaim ¿ Paulistana, Jaicós, Jacobina do Piauí, Patos do Piauí      "
"24/08/2022";"00:10:36";"2018";"5";"Eleições Gerais 2018";"PI";"PI";"PIAUÍ";"PI085182018";"16/07/2018";"07608537000188";"CENTRO DE TREINAMENTO HUMANO LTDA - ME";"INSTITUTO GALAXY";"Governador, Deputado Estadual, Deputado Federal, Senador";"16/07/2018";"17/07/2018";"320";"5102";"Paulo Rubes Oliveira Jales de Carvalho";"1438,07";"07608537000188";"CENTRO DE TREINAMENTO HUMANO LTDA - ME";"#NULO#";"07608537000188";"CENTRO DE TREINAMENTO HUMANO LTDA - ME";"Pesquisa do tipo quantitativo, por amostragem, com aplicação de questionários estruturados para tanto e abordagem pessoal domiciliar. O conjunto do eleitorado da zona urbana do Município de Luís Correia - PI, com 16 anos ou mais será tomado como universo da pesquisa.";"Ponderações quanto a sexo, idade, grau de instrução e nível econômico do entrevistado. Margem de Erro: A margem de erro máxima prevista para o total da amostra é de 5,48% pontos percentuais para mais ou para menos, considerando um nível de confiança (probabilidade do intervalo do erro) de 95%. Universo: Eleitorado da zona urbana do Município de Luís Correia - PI, com 16 anos ou mais. Tamanho da amostra: A amostra prevista é de 320 entrevistas. Técnica de amostragem: A amostra é estratificada segundo combinação das variáveis sexo e faixa etária, renda e instrução do eleitorado de acordo com dados do TSE (eleitorado abril de 2018) e Fundação IBGE em se tratando de renda. Os tamanhos desses segmentos são: Sexo masculino: 50,30%, feminino 49,70%. Faixa Etária: 16 a 24 anos: 19,34%, 25 a 34 anos: 23,91%, 35 a 44 anos: 20,40%, 45 a 59 anos: 21,18% e 60 anos ou mais: 15,16%. Faixa de Instrução: Analfabeto 22,21%. Lê e Escreve 11,80%, Fundamental incompleto a completo 32,77%, Médio incompleto a completo 27,43%, Superior incompleto a completo 5,79%. Renda: Rendimento até 1 salário mínimo 78,38%, acima de 1 até 2 salários mínimos 15,98%, mais de 2 a 5 salários mínimos 4,02%, acima de 5 a 10 salários mínimos 0,95%, acima de 10 salários mínimos 0,66%.";"A conferência e fiscalização da coleta dos dados são feitas com base na grade de campo em todo material coletado. Os pesquisadores envolvidos na realização desta pesquisa são treinados pelo Instituto e recebem instruções específicas para cada projeto realizado. São checados os questionários de cada pesquisador in loco por líder da pesquisa. Todo o material é verificado, codificado, digitado e, antes do processamento final, realiza-se a conferência através da análise de desvio-padrão das respostas pelo sistema e análise de gps.";"Alto Bonito, Atalaia, Beira Mar, Campos (Alto do Muricí), Cearazinho, Centro, Coqueiro, Nossa Senhora da Conceição, Peito de Moça, Triângulo, Vista do Atlântico"
"24/08/2022";"00:10:36";"2018";"5";"Eleições Gerais 2018";"PI";"PI";"PIAUÍ";"PI085282018";"14/09/2018";"68802370000186";"IBOPE INTELIGENCIA PESQUISA E CONSULTORIA LTDA";"#NULO#";"Governador, Senador";"14/09/2018";"20/09/2018";"812";"6208-A";"Márcia Cavallari Nunes";"89769,00";"06847495000175";"TV RADIO CLUBE DE TERESINA SA / ";"Recursos Próprios";"68802370000186";"IBOPE INTELIGENCIA PESQUISA E CONSULTORIA LTDA";" Pesquisa quantitativa, que consiste na realização de entrevistas pessoais, com a aplicação de questionário estruturado junto a uma amostra representativa do eleitorado em estudo. Pesquisa realizada no estado do Piauí.";"Representativo do eleitorado da área em estudo, elaborada em três estágios. No primeiro estágio faz-se um sorteio probabilístico dos municípios, onde as entrevistas serão realizadas, pelo método PPT (Probabilidade Proporcional ao Tamanho), tomando o eleitorado como base para tal seleção. No segundo estágio faz-se um sorteio probabilístico dos setores censitários, onde as entrevistas serão realizadas, pelo método PPT (Probabilidade Proporcional ao Tamanho), tomando a população de 16 anos ou mais residente nos setores como base para tal seleção. No terceiro e último estágio, dentro dos setores sorteados, os respondentes são selecionados através de quotas amostrais proporcionais em função de variáveis significativas, a saber: IDADE: 16-24 (masculino) 22% (feminino) 19%. 25-34 (masculino) 24% (feminino) 25%. 35-44 (masculino) 20% (feminino) 20%. 45-54 (masculino) 16% (feminino) 17%. 55 e+ (masculino) 18% (feminino) 19%. INSTRUÇÃO: Até Ensino Médio (masculino) 88% (feminino) 81%. Ensino Superior (masculino) 12% (feminino) 19%. NÍVEL ECONÔMICO: Economicamente ativo (masculino) 70% (feminino) 49%. Não Economicamente ativo (masculino) 30% (feminino) 51%. Está prevista eventual ponderação para correção das variáveis sexo e idade, com base nos percentuais anteriormente mencionados, caso ocorram diferenças superiores a 3 pontos percentuais entre o previsto na amostra e a coleta de dados realizada. Para as variáveis de grau de instrução e nível econômico do entrevistado, o fator previsto para ponderação é 1 (resultados obtidos em campo). O nível de confiança estimado é de 95% e a margem de erro máxima estimada considerando um modelo de amostragem aleatório simples, é de 03 (três) pontos percentuais para mais ou para menos sobre os resultados encontrados no total da amostra. FONTE DOS DADOS: Censo 2010 | PNADC 2016 | TSE 2018.";"Para a realização da pesquisa, utiliza-se uma equipe de entrevistadores e supervisores contratados pelo IBOPE INTELIGÊNCIA PESQUISA E CONSULTORIA LTDA. devidamente treinados para o trabalho. Após os trabalhos de campo, os questionários são submetidos a uma fiscalização de cerca de 20% (vinte por cento) dos questionários aplicados pelos entrevistadores. para verificação das respostas e da adequação dos entrevistados aos parâmetros amostrais.";"A área de abrangência da coleta é o estado do Piauí. A relação das localidades selecionadas para aplicação da amostra será apresentada até o 7º dia seguinte ao registro da pesquisa, conforme expresso no art. 2º, §6º da Resolução 23.549/2017 do TSE."
"24/08/2022";"00:10:36";"2018";"5";"Eleições Gerais 2018";"PI";"PI";"PIAUÍ";"PI085552018";"30/07/2018";"26958708000143";"LUANA RAQUEL MARQUES PEREIRA MARTINS";"PORTAL DE OLHO";"Governador, Deputado Distrital, Deputado Estadual, Deputado Federal, Senador";"25/07/2018";"26/07/2018";"301";"10586";"Josiel Pereira dos Santos";"1000,00";"26958708000143";"LUANA RAQUEL MARQUES PEREIRA MARTINS";"#NULO#";"26958708000143";"LUANA RAQUEL MARQUES PEREIRA MARTINS";"Amostragem não aleatória por cotas de sexo, faixa etária, grau de instrução, renda familiar. Entrevistas domiciliares e individuais. A proporção do número de entrevistas distribuídas no total da amostra entre as zonas urbana e rural.  Pesquisa do tipo quantitativo, por amostragem, com aplicação de questionário impresso, feita a abordagem em domicílios e individuais da zona urbana e rural do município. O conjunto da população brasileira com 16 anos ou mais foi tomado como universo da pesquisa.";"Plano amostral e ponderação quanto a sexo, idade, grau de instrução e nível econômico do entrevistado, margem de erro e nível de confiança: Universo: População de Nossa Senhora de Nazaré, com 16 anos ou mais. Tamanho da amostra: A amostra prevista é de 301 entrevistas. Técnica de amostragem: A amostra é estratificada por região geográfica do município (zona urbana e interior). Os entrevistados são selecionados aleatoriamente para responder ao questionário, de acordo com cotas. Os dados utilizados para definição e seleção da amostra são baseados no IBGE (Censo 2010 e Estimativas 2013) e TRE. Os dados relativos a sexo, faixa etária, grau de instrução e nível econômico são: MASCULINO: 50,94%(153) FEMININO: 49,06%(148), DE 16 A 24 ANOS: 16,84%(51), DE 25 A 34 ANOS 23,29%(70), DE 35 A 44 ANOS: 21,08%(63), DE 45 A 59 ANOS: 22,46%(67), 60 OU MAIS: 16,78%(50), ANALFABETO: 25,54%(77), 1° GRAU: 34,9%(105), 2° GRAU: 29,7%(89), 3° GRAU: 9,87%(30), ATÉ 2 SALÁRIOS MÍNIMOS 55,2%(166) ACIMA DE 2 SALÁRIOS MÍNIMOS: 44,8%(135). ZONA URBANA 30%(90) E RURAL 70%(211), Nível de confiança de 95% e Margem de 5,47%.";"A equipe aplicadora dos questionários estruturados será formada por 1 supervisor e 3 entrevistadores devidamente treinados. Todos os questionários serão supervisionados pelo supervisor em pelo menos 20% dos questionários aplicados em campo verificando a aplicação correta que será checada posteriormente a coleta (diretamente no local pelo supervisor), haverá supervisão interna de todos os questionários aplicados (301) e crítica dos dados digitados feita pelo computador/coordenação. Sistema próprio de pesquisa, formulação e tabulação dos dados em planilhas (Gráficos e Analíticos).";"Bairros e Povoados de Nossa Senhora de Nazaré: Centro, Pereiros, Oiticíca, Passa Bem, Jardineira, São Francisco dos Cardosos, Angelim, Canto do Silva, Exú, Panela, Matinhos I e II, Fonte Perto, Socorro, Vaca Morta, João Alves, Mocambinho, Marrecas, Mansos e Pedra Grande."
"24/08/2022";"00:10:36";"2018";"5";"Eleições Gerais 2018";"PI";"PI";"PIAUÍ";"PI086182018";"20/08/2018";"09636807000190";"INSTITUTO DE PESQUISA DATA AZ LTDA - ME";"#NULO#";"Governador, Deputado Estadual, Deputado Federal, Senador";"14/08/2018";"14/08/2018";"415";"9356 ";"Laércio de Sousa Araújo";"4000,00";"09636807000190";"INSTITUTO DE PESQUISA DATA AZ LTDA - ME";"#NULO#";"09636807000190";"INSTITUTO DE PESQUISA DATA AZ LTDA - ME";"Eleitores com 16 ou mais anos de idade com domicílio eleitoral no município de Piripiri - PI, na zona urbana e rural. Trata-se de uma pesquisa preferencialmente domiciliar e individual através de uma amostra quantitativa de acordo com a Resolução 23.549/2017, dentro das cotas de sexo, faixa etária, nível de instrução e faixa de renda (dados do IBGE e referência na estimativa da população 2017, com uma população eleitoral de 49.684 ¿ até jul2018).";"ZONA: URBANA (72%) RURAL (28%). SEXO: MASCULINO (48%), FEMININO (52%). FAIXA ETÁRIA até 24 anos (19%), de 25 a 34 anos (21,5%), de 35 a 44 anos (19%), de 45 a 59 anos (21%), 60 anos ou mais (19,5%). ESCOLARIDADE: Analfabeto (15,5%), Lê e escreve (16%), 1º Grau inc/comp (27%), 2º Grau inc/comp (34%), 3º Grau inc/comp (7,5%). RENDA Até 1 salário (73%), entre 1 e 2 salários (17%), entre 2 e 3 salários (8%), entre 3 e 4 salários (1,4%), Mais de 4 salários (0,6%).  Nível de confiança = 95%. nível de significância = 5% E margem de erro = 4,8%, com P = 0,5.  ";"Checagem pelo supervisor em pelo menos 20% dos questionários aplicados em campo ou por fone. Questionários aplicados eletronicamente, por meio de tablets, com sistema próprio de pesquisa, formulação e tabulação.";"Zona Urbana: Conjunto Expedito Resende, Residencial IAPEP Russinha, Paciência, Germano, Flor de Campos, Itacoatiara, Morro da Saudade, Centro, Fonte dos Matos, Crioli, Prado, Matadouro, Conj. Res. Petecas I, II e III, São João, Petecas/Petercas, Pedreiras, Jenipapeiro, Conjunto Res. Parque Recreio, Recreio, Santa Maria, Estação, Anajás, Vista Alegre, Floresta, Caixa D´água.    Zona rural: Vertentes, Sertão de Dentro, Banda, Vereda do Zezinho, São Luis, Angical, Caldeirão, Oiticica dos Rufinos, Furnas, Sussuarana."
"24/08/2022";"00:10:36";"2018";"5";"Eleições Gerais 2018";"PI";"PI";"PIAUÍ";"PI086572018";"15/08/2018";"09636807000190";"INSTITUTO DE PESQUISA DATA AZ LTDA - ME";"#NULO#";"Governador, Deputado Estadual, Deputado Federal, Senador";"16/08/2018";"16/08/2018";"500";"9356";"Laércio de Souza Araújo";"4000,00";"09636807000190";"INSTITUTO DE PESQUISA DATA AZ LTDA - ME";"#NULO#";"09636807000190";"INSTITUTO DE PESQUISA DATA AZ LTDA - ME";"Eleitores com 16 ou mais anos de idade com domicílio eleitoral no município de Parnaíba - PI, na zona urbana e rural. Trata-se de uma pesquisa preferencialmente domiciliar e individual através de uma amostra estratificada de acordo com a Resolução 23.549/2017, dentro das cotas de sexo, faixa etária, nível de instrução e faixa de renda (dados do IBGE e referência na estimativa da população 2017, com uma população eleitoral de 102.064 ¿ até jul2018).";"ZONA: URBANA (94%) RURAL (6%). SEXO: MASCULINO (47%), FEMININO (53%). FAIXA ETÁRIA até 24 anos (17%), de 25 a 34 anos (23%), de 35 a 44 anos (21%), de 45 a 59 anos (23%), 60 anos ou mais (16%). ESCOLARIDADE: Analfabeto (5%), Lê e escreve (11%), 1º Grau inc/comp (29%), 2º Grau inc/comp (41%), 3º Grau inc/comp (14%). RENDA Até 1 salário (23%), entre 1 e 2 salários (29%), entre 2 e 3 salários (31%), entre 3 e 4 salários (11%), Mais de 4 salários (6%).  Nível de confiança = 95%. nível de significância = 5% E margem de erro = 5,7%, com P = 0,5.  ";"Checagem pelo supervisor em pelo menos 20% dos questionários aplicados em campo ou por fone. Questionários aplicados eletronicamente, por meio de tablets, com sistema próprio de pesquisa, formulação e tabulação.";"Bairros: Pedra do Sal/ Ilha Grande de Santa Isabel, São José, Centro, Nossa Senhora do Carmo, Nova Parnaíba, Cantagalo, Mendonça Clark, São Francisco da Guarita, Nossa Senhora de Fátima, São Benedito, Campos, Bebedouro, Pindorama, Santa Luzia, São Vicente de Paula, São Francisco, Primavera, Rosápolis, Taboleiro, Conj. Joaz Sousa, Broderville, Nova Esperança I, II e III, Alto Santa Maria, Sabiazal, Dirceu Arcoverde, Bairro Projetado, Rodoviária, Ceará, São Judas Tadeu, Piauí, Reis Veloso, Frei Higino, João XIII, Jardim das Acácias, Catanduvas.    Localidades rurais: Baixa da Carnaúba / km 16 e Assentamento Lagoa do Prata.  "
"24/08/2022";"00:10:36";"2018";"5";"Eleições Gerais 2018";"PI";"PI";"PIAUÍ";"PI086642018";"15/09/2018";"09636807000190";"INSTITUTO DE PESQUISA DATA AZ LTDA - ME";"#NULO#";"Governador, Deputado Federal, Senador, Deputado Estadual";"17/09/2018";"18/09/2018";"350";"Laércio de Sousa Araújo";"Laercio de Sousa Araújo";"4000,00";"09636807000190";"INSTITUTO DE PESQUISA DATA AZ LTDA - ME";"#NULO#";"09636807000190";"INSTITUTO DE PESQUISA DATA AZ LTDA - ME";"Eleitores com 16 ou mais anos de idade com domicílio eleitoral no município de Pedro II - PI, na zona urbana e rural. Trata-se de uma pesquisa preferencialmente domiciliar e individual através de uma amostra estratificada de acordo com a Resolução 23.549/2017, dentro das cotas de sexo, faixa etária, nível de instrução e faixa de renda (dados do IBGE e referência na estimativa da população 2017, com uma população eleitoral de 29.605 ¿ até jul2018).";"ZONA: URBANA (60%) RURAL (40%). SEXO: MASCULINO (48%), FEMININO (52%). FAIXA ETÁRIA até 24 anos (21%), de 25 a 34 anos (20%), de 35 a 44 anos (18%), de 45 a 59 anos (21%), 60 anos ou mais (20%). ESCOLARIDADE: Analfabeto (16%), Lê e escreve (19%), 1º Grau inc/comp (32%), 2º Grau inc/comp (25%), 3º Grau inc/comp (8%). RENDA Até 1 salário (73%), entre 1 e 2 salários (17%), entre 2 e 3 salários (8%), entre 3 e 4 salários (1,4%), Mais de 4 salários (0,6%).  Nível de confiança = 95%. nível de significância = 5% E margem de erro = 5,2%, com P = 0,5.  ";"Checagem pelo supervisor em pelo menos 20% dos questionários aplicados em campo ou por fone. Questionários aplicados eletronicamente, por meio de tablets, com sistema próprio de pesquisa, formulação e tabulação.";"Urbana: Santa Fé, Saborá, Centro, Cristo Rei, Conjunto Itamarati, Areia Branca, Pirapora, Vila Operária, Multirão, São Gonçalo, Santo Antônio, Chapadinha, Caixa Dágua, Boa Esperança, Campestre, São Francisco, Vila Kolping.    Rural: Palmeiras dos Soares, Serra dos Matões, Povoado Tucuns dos Pedros, Carnaubinha, Assentamento Nova Terra, Assentamento Pedra Branca, Tapera, Rodovia Br 404, Povoado Santana, Lagoa do Sucuruju, Roça dos Pereiros, Chã do Lambedor, Mato Grosso, Goiabeira.  "
"24/08/2022";"00:10:36";"2018";"5";"Eleições Gerais 2018";"PI";"PI";"PIAUÍ";"PI086682018";"09/08/2018";"19190101000109";"OPINAR PESQUISAS LTDA.";"OPINAR PESQUISAS";"Governador, Deputado Distrital, Deputado Estadual, Deputado Federal, Senador";"10/08/2018";"13/08/2018";"1082";"8749";"Kleisson de Paiva Freitas";"28000,00";"09590480000162";"TELEVISAO PIONEIRA LTDA / ";"Recursos Próprios";"19190101000109";"OPINAR PESQUISAS LTDA.";"A metodologia empregada nesta pesquisa utilizará uma amostragem aleatória estratificada proporcional por sexo, idade, escolaridade e renda distribuídas na zona urbana e rural através de entrevistas domiciliares e individuais no estado do Piauí. A Pesquisa será realizada no período de 10 a 13 de agosto de 2018 nas cidades descriminadas no plano amostral com um total de 1082 entrevistas.    ";"O método de amostragem que será utilizada nesta pesquisa quantitativa eleitoral será através de uma amostra probabilística aleatória estratificada proporcional (tabela abaixo), visto que a população de origem é considerada heterogênea, pois a mesma estará dividida em estratos referentes de acordo a divisão geopolítica do estado do PIAUÍ.   Para isso, foi elaborado inicialmente um questionário de pesquisa (em anexo), como ferramenta de coleta de dados em que as variáveis que serão coletadas do público-alvo analisado em cada zona rural e/ou urbana de cada  município citado são: renda (em salários mínimos), escolaridade, idade e sexo. Sendo que, as variáveis sexo, idade e escolaridade, terão as escalas distribuídas de acordo com as estatísticas do Tribunal Superior Eleitoral (TSE) de junho de 2018. Enquanto que a variável renda do chefe do domicílio, segundo o que estabelece o Instituto Brasileiro de Geografia e Estatística (IBGE), através do Censo de 2010. As escolhas de base de ambos os institutos foram selecionados, pois não se diverge da classificação eleitoral proposta pelo TSE. Ainda, para a realização do estudo levantou-se o tamanho populacional de eleitores pertencente ao estado do PIAUÍ, e com uma margem de erro de 2,97% para mais ou para menos e uma margem de confiança de 95%, chegou-se em uma amostra significativa e aleatória de 1082 eleitores a pesquisar, assim distribuídos:  Sexo 1082  Feminino 561  Masculino 521  Idade 1082  16 e 17 anos    30  de 18 a 24 anos 171  de 25 a 34 anos 240  de 35 a 44 anos 221  de 45 a 59 anos 244  mais de 60 anos 176  Renda 1082  Até R$ 954,00 601  De R$ 954,01 a R$ 1.908,00  249  De R$ 1.908,01 a R$ 4770,00  166  De R$ 4770,01 a R$ 9540,00  45  Mais de R$ 9540,01 21  Escolaridade 1082  Analfabeto 101  Le e escreve 172  Ensino Fundamental 316  Ensino Médio 361  Superior 132     ";"Com o objetivo de garantir que o estudo não é passível de víeis que beneficie determinados públicos-alvo ou algum segmento partidário, a equipe aplicadora dos questionários de pesquisas será formada por 22 entrevistadores e 1 supervisor de campo. Assim, todos os questionários serão supervisionados no trabalho de campo pelo supervisor (diretamente ou acompanhamento) e 20% dos questionários serão checados posteriormente (diretamente no local ou por telefone) pelo supervisor, para evitar erros que corroborem com alguma tendência dos dados. Haverá ainda uma supervisão interna de todos os questionários (1082) aplicados e uma análise crítica dos dados digitados no software de análise estatística.";"A distribuição das entrevistas nos municípios (Zona Urbana e Rural) do estado do PIAUÍ será:    Município  Amostra   Urbana   rural   1 ITAINÓPOLIS 15,00 3,00 12,00  2 JAICÓS 22,00 10,00 12,00  3 PAULISTANA 25,00 13,00 12,00  4 SÃO JOÃO DO PIAUÍ 21,00 14,00 7,00  5 SIMÕES 19,00 8,00 11,00  6 SIMPLÍCIO MENDES 15,00 9,00 6,00  7 BOM JESUS 15,00 12,00 3,00  8 GILBUÉS 7,00 4,00 3,00  9 MONTE ALEGRE DO PIAUÍ 7,00 2,00 5,00  10 BAIXA GRANDE DO RIBEIRO 5,00 3,00 2,00  11 URUÇUÍ 10,00 8,00 2,00  12 COLÔNIA DO GURGUÉIA 7,00 6,00 1,00  13 LANDRI SALES 8,00 6,00 2,00  14 BARRAS 21,00 10,00 11,00  15 BATALHA 13,00 5,00 8,00  16 ESPERANTINA 18,00 11,00 7,00  17 JOAQUIM PIRES 6,00 2,00 4,00  18 LUZILÂNDIA 11,00 6,00 5,00  19 MIGUEL ALVES 14,00 5,00 9,00  20 PIRIPIRI 31,00 22,00 9,00  21 AVELINO LOPES 8,00 5,00 3,00  22 CORRENTE 19,00 12,00 7,00  23 ALTO LONGÁ 9,00 4,00 5,00  24 CAMPO MAIOR 26,00 19,00 7,00  25 CASTELO DO PIAUÍ 12,00 8,00 4,00  26 PEDRO II 22,00 13,00 9,00  27 SÃO MIGUEL DO TAPUIO 11,00 4,00 7,00  28 FLORIANO 30,00 26,00 4,00  29 GUADALUPE 6,00 6,00 0,00  30 ITAUEIRA 6,00 3,00 3,00  31 BURITI DOS LOPES 9,00 5,00 4,00  32 COCAL 10,00 5,00 5,00  33 LUIS CORREIA 14,00 6,00 8,00  34 PARNAÍBA 58,00 55,00 3,00  35 PIRACURUCA 13,00 9,00 4,00  36 ÁGUA BRANCA 10,00 9,00 1,00  37 AMARANTE 11,00 6,00 5,00  38 PALMEIRAIS 9,00 3,00 6,00  39 REGENERAÇÃO 11,00 9,00 2,00  40 SÃO PEDRO DO PIAUÍ 7,00 4,00 3,00  41 OEIRAS 26,00 16,00 10,00  42 PICOS 47,00 37,00 10,00  43 FRANCISCO SANTOS 8,00 4,00 4,00  44 PIO IX 15,00 4,00 11,00  45 CANTO DO BURITI 13,00 7,00 6,00  46 CARACOL 7,00 3,00 4,00  47 DOM INOCÊNCIO 6,00 1,00 5,00  48 SÃO RAIMUNDO NONATO 21,00 14,00 7,00  49 ALTOS 14,00 10,00 4,00  50 DEMERVAL LOBÃO 5,00 4,00 1,00  51 JOSÉ DE FREITAS 15,00 9,00 6,00  52 MONSENHOR GIL 4,00 2,00 2,00  53 NAZÁRIA 5,00 1,00 4,00  54 TERESINA 265,00 250,00 15,00  55 UNIÃO 16,00 8,00 8,00  56 ELESBÃO VELOSO 10,00 7,00 3,00  57 INHUMA 9,00 4,00 5,00  58 PIMENTEIRAS 8,00 3,00 5,00  59 VALENÇA DO PIAUÍ 12,00 9,00 3,00    1082 760 322     "
"24/08/2022";"00:10:36";"2018";"5";"Eleições Gerais 2018";"PI";"PI";"PIAUÍ";"PI087532018";"10/09/2018";"22889875000129";"FABIO MARCELO DE MORAIS BATISTA - ME";"CONSULTE INTELIGENCIA E MERCADO";"Governador, Deputado Estadual, Deputado Federal, Senador";"11/09/2018";"12/09/2018";"300";"5102 7ª Região";"Paulo Rubens Oliveira Jales de Carvalho";"3000,00";"22889875000129";"FABIO MARCELO DE MORAIS BATISTA - ME";"#NULO#";"22889875000129";"FABIO MARCELO DE MORAIS BATISTA - ME";"Pesquisa do tipo quantitativo, por amostragem, com aplicação de questionário estruturado e abordagem pessoal domiciliar. O conjunto do eleitorado das zonas urbana e rural do município de São João do Piauí com 16 anos ou mais será tomado como universo da pesquisa. ";"Ponderações quanto a sexo, idade, grau de instrução, e nível econômico do entrevistado. Margem de Erro: A margem de erro máxima prevista para o total da amostra é de 5,59% pontos percentuais para mais ou para menos, considerando um nível de confiança (probabilidade do intervalo do erro) de 95%. Universo: eleitores das zonas urbana e rural do município de São João do Piauí, com 16 anos ou mais. Tamanho da amostra: A amostra é de 300 entrevistas. Técnica de amostragem: A amostra é estratificada segundo combinação das variáveis sexo e faixa etária, renda e instrução do eleitorado e microrregiões. Os estratos terão tamanho proporcional a esses segmentos, de acordo com dados do TSE (eleitorado julho de 2018) e Fundação IBGE em se tratando de renda. Os tamanhos desses segmentos são: Sexo masculino: 48,28% (145), feminino 51,72% (155). Faixa Etária: 16 a 24 anos 19,17% (59): 25 a 34 anos: 22,15% (66), 35 a 44 anos: 19,73% (60), 45 a 59 anos: 21,20% (64) e 60 anos ou mais: 16,86% (51). Faixa de Renda: Até 1 salário mínimo 76,74% (230), acima de 1 até 2 salários mínimos 13,80% (42), acima de 2 a 5 salários mínimos 7,36% (22), acima de 5 salários mínimos 2,10%(6). Instrução: Analfabeto a Lê e Escreve 24,39% (73), Fundamental incompleto a completo 28,23% (85), Médio incompleto a completo 34,74% (104), Superior incompleto a completo 12,64% (38). ";"Os pesquisadores envolvidos na realização desta pesquisa são treinados pelo Instituto e recebem instruções específicas para cada projeto realizado. São checados, no mínimo, 20% dos questionários de cada pesquisador, seja in loco por supervisores de campo, todo o material (100,00%) é verificado, codificado, digitado e, antes do processamento final, realiza-se a conferência da digitação (consistência dos dados). ";"ZONA URBANA  CENTRO  ALTO SANTA FÉ I   ALTO SANTA FÉ II  ALTO CAIXA D¿ÁGUA  BARRO VERMELHO  VILA FOCA  ALTO SERTANEJO  JUAZEIRINHO/OLHOD¿ÁGUA  EXPOSIÇÃO    ZONA RURAL  GRAJAÚ   EUGÊNIO   SÃO JOSÉ  ASST SACO   ASST CURTUME  LISBOA  ASST MARRECAS  CABEÇA  CAPIM GROSSO  LAGOA DA SERRA  "
"24/08/2022";"00:10:36";"2018";"5";"Eleições Gerais 2018";"PI";"PI";"PIAUÍ";"PI087932018";"20/08/2018";"09636807000190";"INSTITUTO DE PESQUISA DATA AZ LTDA - ME";"#NULO#";"Governador, Deputado Estadual, Deputado Federal, Senador";"14/08/2018";"14/08/2018";"350";"9356 ";"Laércio de Sousa Araújo";"3000,00";"09636807000190";"INSTITUTO DE PESQUISA DATA AZ LTDA - ME";"#NULO#";"09636807000190";"INSTITUTO DE PESQUISA DATA AZ LTDA - ME";"Eleitores com 16 ou mais anos de idade com domicílio eleitoral no município de Piracuruca - PI, na zona urbana e rural. Trata-se de uma pesquisa preferencialmente domiciliar e individual através de uma amostra quantitativa de acordo com a Resolução 23.549/2017, dentro das cotas de sexo, faixa etária, nível de instrução e faixa de renda (dados do IBGE e referência na estimativa da população 2017, com uma população eleitoral de 22.799 ¿ até jul2018).";"ZONA: URBANA (70%) RURAL (30%). SEXO: MASCULINO (48%), FEMININO (52%). FAIXA ETÁRIA até 24 anos (20%), de 25 a 34 anos (23%), de 35 a 44 anos (19%), de 45 a 59 anos (21%), 60 anos ou mais (17%). ESCOLARIDADE: Analfabeto (16,5%), Lê e escreve (16,5%), 1º Grau inc/comp (31%), 2º Grau inc/comp (29%), 3º Grau inc/comp (7%). RENDA Até 1 salário (73%), entre 1 e 2 salários (17%), entre 2 e 3 salários (8%), entre 3 e 4 salários (1,4%), Mais de 4 salários (0,6%).  Nível de confiança = 95%. nível de significância = 5% E margem de erro = 5,2%, com P = 0,5.  ";"Checagem pelo supervisor em pelo menos 20% dos questionários aplicados em campo ou por fone. Questionários aplicados eletronicamente, por meio de tablets, com sistema próprio de pesquisa, formulação e tabulação.";"Urbana: Centro, Guarani, Três Lagoa, Esplanada, Baixa da Ema, Colibri, Barrocas, COHAB, Nova Piracuruca, Aquidaban, Conj. São Raimundo, Fátima.    Rural: Alto Catarina, Furamão, Vamos Vendo, Multirão, Serra Verde, Emparedado, Angical, Mororó.    "
"24/08/2022";"00:10:36";"2018";"5";"Eleições Gerais 2018";"PI";"PI";"PIAUÍ";"PI087932018";"30/08/2018";"19190101000109";"OPINAR PESQUISAS LTDA.";"OPINAR PESQUISAS";"Governador, Deputado Distrital, Deputado Estadual, Deputado Federal, Senador";"30/08/2018";"02/09/2018";"1082";"8749";"Kleison de Paiva Freitas";"28000,00";"09590480000162";"TELEVISAO PIONEIRA LTDA";"Recursos Próprios";"19190101000109";"OPINAR PESQUISAS LTDA.";"A metodologia empregada nesta pesquisa utilizará uma amostragem aleatória estratificada proporcional por sexo, idade, escolaridade e renda distribuídas na zona urbana e rural através de entrevistas domiciliares e individuais no estado do Piauí. A Pesquisa será realizada no período de 30 de agosto a 02 de setembro de 2018 nas cidades descriminadas no plano amostral com um total de 1082 entrevistas.";"O método de amostragem que será utilizada nesta pesquisa quantitativa eleitoral será através de uma amostra probabilística aleatória estratificada proporcional (tabela abaixo), visto que a população de origem é considerada heterogênea, pois a mesma estará dividida em estratos referentes de acordo a divisão geopolítica do estado do PIAUÍ.   Para isso, foi elaborado inicialmente um questionário de pesquisa (em anexo), como ferramenta de coleta de dados em que as variáveis que serão coletadas do público-alvo analisado em cada zona rural e/ou urbana de cada  município citado são: renda (em salários mínimos), escolaridade, idade e sexo. Sendo que, as variáveis sexo, idade e escolaridade, terão as escalas distribuídas de acordo com as estatísticas do Tribunal Superior Eleitoral (TSE) de junho de 2018. Enquanto que a variável renda do chefe do domicílio, segundo o que estabelece o Instituto Brasileiro de Geografia e Estatística (IBGE), através do Censo de 2010. As escolhas de base de ambos os institutos foram selecionados, pois não se diverge da classificação eleitoral proposta pelo TSE. Ainda, para a realização do estudo levantou-se o tamanho populacional de eleitores pertencente ao estado do PIAUÍ, e com uma margem de erro de 2,97% para mais ou para menos e uma margem de confiança de 95%, chegou-se em uma amostra significativa e aleatória de 1082 eleitores a pesquisar, assim distribuídos:  Sexo 1082  Feminino 561  Masculino 521  Idade 1082  16 e 17 anos    30  de 18 a 24 anos 171  de 25 a 34 anos 240  de 35 a 44 anos 221  de 45 a 59 anos 244  mais de 60 anos 176  Renda 1082  Até R$ 954,00 601  De R$ 954,01 a R$ 1.908,00  249  De R$ 1.908,01 a R$ 4770,00  166  De R$ 4770,01 a R$ 9540,00  45  Mais de R$ 9540,01 21  Escolaridade 1082  Analfabeto 101  Le e escreve 172  Ensino Fundamental 316  Ensino Médio 361  Superior 132     ";"Com o objetivo de garantir que o estudo não é passível de víeis que beneficie determinados públicos-alvo ou algum segmento partidário, a equipe aplicadora dos questionários de pesquisas será formada por 19 entrevistadores e 5 supervisores de campo. Assim, todos os questionários serão supervisionados no trabalho de campo pelo supervisor (diretamente ou acompanhamento) e 20% dos questionários serão checados posteriormente (diretamente no local ou por telefone) pelo supervisor, para evitar erros que corroborem com alguma tendência dos dados. Haverá ainda uma supervisão interna de todos os questionários (1082) aplicados e uma análise crítica dos dados digitados no software de análise estatística";"A distribuição das entrevistas nos municípios (Zona Urbana e Rural) do estado do PIAUÍ será:    Município  Amostra   Urbana   rural   1 ITAINÓPOLIS 15,00 3,00 12,00  2 JAICÓS 22,00 10,00 12,00  3 PAULISTANA 25,00 13,00 12,00  4 SÃO JOÃO DO PIAUÍ 21,00 14,00 7,00  5 SIMÕES 19,00 8,00 11,00  6 SIMPLÍCIO MENDES 15,00 9,00 6,00  7 BOM JESUS 15,00 12,00 3,00  8 GILBUÉS 7,00 4,00 3,00  9 MONTE ALEGRE DO PIAUÍ 7,00 2,00 5,00  10 BAIXA GRANDE DO RIBEIRO 5,00 3,00 2,00  11 URUÇUÍ 10,00 8,00 2,00  12 COLÔNIA DO GURGUÉIA 7,00 6,00 1,00  13 LANDRI SALES 8,00 6,00 2,00  14 BARRAS 21,00 10,00 11,00  15 BATALHA 13,00 5,00 8,00  16 ESPERANTINA 18,00 11,00 7,00  17 JOAQUIM PIRES 6,00 2,00 4,00  18 LUZILÂNDIA 11,00 6,00 5,00  19 MIGUEL ALVES 14,00 5,00 9,00  20 PIRIPIRI 31,00 22,00 9,00  21 AVELINO LOPES 8,00 5,00 3,00  22 CORRENTE 19,00 12,00 7,00  23 ALTO LONGÁ 9,00 4,00 5,00  24 CAMPO MAIOR 26,00 19,00 7,00  25 CASTELO DO PIAUÍ 12,00 8,00 4,00  26 PEDRO II 22,00 13,00 9,00  27 SÃO MIGUEL DO TAPUIO 11,00 4,00 7,00  28 FLORIANO 30,00 26,00 4,00  29 GUADALUPE 6,00 6,00 0,00  30 ITAUEIRA 6,00 3,00 3,00  31 BURITI DOS LOPES 9,00 5,00 4,00  32 COCAL 10,00 5,00 5,00  33 LUIS CORREIA 14,00 6,00 8,00  34 PARNAÍBA 58,00 55,00 3,00  35 PIRACURUCA 13,00 9,00 4,00  36 ÁGUA BRANCA 10,00 9,00 1,00  37 AMARANTE 11,00 6,00 5,00  38 PALMEIRAIS 9,00 3,00 6,00  39 REGENERAÇÃO 11,00 9,00 2,00  40 SÃO PEDRO DO PIAUÍ 7,00 4,00 3,00  41 OEIRAS 26,00 16,00 10,00  42 PICOS 47,00 37,00 10,00  43 FRANCISCO SANTOS 8,00 4,00 4,00  44 PIO IX 15,00 4,00 11,00  45 CANTO DO BURITI 13,00 7,00 6,00  46 CARACOL 7,00 3,00 4,00  47 DOM INOCÊNCIO 6,00 1,00 5,00  48 SÃO RAIMUNDO NONATO 21,00 14,00 7,00  49 ALTOS 14,00 10,00 4,00  50 DEMERVAL LOBÃO 5,00 4,00 1,00  51 JOSÉ DE FREITAS 15,00 9,00 6,00  52 MONSENHOR GIL 4,00 2,00 2,00  53 NAZÁRIA 5,00 1,00 4,00  54 TERESINA 265,00 250,00 15,00  55 UNIÃO 16,00 8,00 8,00  56 ELESBÃO VELOSO 10,00 7,00 3,00  57 INHUMA 9,00 4,00 5,00  58 PIMENTEIRAS 8,00 3,00 5,00  59 VALENÇA DO PIAUÍ 12,00 9,00 3,00    1082 760 322     "
"24/08/2022";"00:10:36";"2018";"5";"Eleições Gerais 2018";"PI";"PI";"PIAUÍ";"PI089152018";"30/09/2018";"26958708000143";"LUANA RAQUEL MARQUES PEREIRA MARTINS";"PORTAL DE OLHO";"Deputado Estadual, Deputado Distrital, Deputado Federal, Senador, Governador";"01/10/2018";"02/10/2018";"400";"10586";"Josiel Pereira dos Santos";"2000,00";"26958708000143";"LUANA RAQUEL MARQUES PEREIRA MARTINS";"#NULO#";"26958708000143";"LUANA RAQUEL MARQUES PEREIRA MARTINS";"Amostragem não aleatória por cotas de sexo, faixa etária, grau de instrução, renda familiar.  Entrevistas domiciliares e individuais. A proporção do número de entrevistas distribuídas no total da  amostra entre as zonas urbana e rural.";"Pesquisa do tipo quantitativo, por amostragem, com aplicação de questionário impresso, feita a  abordagem em domicílios e individuais da zona urbana e rural do município. O conjunto da população  brasileira com 16 anos ou mais foi tomado como universo da pesquisa.  Plano amostral e ponderação quanto a sexo, idade, grau de instrução e nível econômico do  entrevistado, margem de erro e nível de confiança: Universo: População do município de Campo  Maior Piauí, com 16 anos ou mais. Tamanho da amostra: A amostra prevista é de 400 entrevistas.  Técnica de amostragem: A amostra é estratificada por região geográfica do município (Zona urbana e  Rural). Os entrevistados são selecionados aleatoriamente para responder ao questionário, de acordo  com cotas. Os dados utilizados para definição e seleção da amostra são baseados no IBGE (Censo  2010 e Estimativas 2013) e TSE 2018. Os dados relativos a sexo, faixa etária, grau de instrução e  nível econômico são: MASCULINO 52,52%(210), FEMININO 47,25%(190). DE 16 A 24 ANOS  15,86%(63), DE 25 A 34 ANOS 20,97%(84), DE 35 A 44 ANOS 20,47%(82), DE 45 A 59 ANOS  24,16%(97), 60 OU MAIS 18,54%(74). ANALFABETO LÊ E ESCREVE 20,69%(83), 1° GRAU  30,1%(120), 2° GRAU 34,04%(136), 3° GRAU 15,17%(61). ATÉ 1 SALÁRIO MÍNIMO 81,33%(325),  DE 1 A 2 SALÁRIOS 10,9%(44), DE 2 A 5 SALÁRIOS 5,5%(22), ACIMA DE 5 SALÁRIOS MÍNIMOS  2,27%(9). ZONA URBANA 74%(296), RURAL 26%(104). Nível de confiança de 95% e Margem de erro  de 4,875%.";"A equipe aplicadora dos questionários estruturados será formada por 1 supervisor e 4 entrevistadores  devidamente treinados. Todos os questionários serão supervisionados pelo supervisor em pelo menos  20% dos questionários aplicados em campo verificando a aplicação correta que será checada  posteriormente a coleta (diretamente no local pelo supervisor), haverá supervisão interna de todos os  questionários aplicados (400) e crítica dos dados digitados feita pelo computador/coordenação.  Sistema próprio de pesquisa, formulação e tabulação dos dados em planilhas.";"BAIRROS DE CAMPO MAIOR PI: CONJUNTO JOSÉ DE ALMEIDA, SÃO LUIZ, RENASCER II, SÃO JOÃO, ÁGUA  AZUL, LURDES, SANTA RITA, EVEREST, FLOR DO CAMPO, FLORES, CENTRO, ZABELÃO, CIDADE NOVA,  AGENOR MELO, BAIRRO DE FÁTIMA, PAULO VI, PARQUE ESTRELA, FRIPISA, SANTA CRUZ, VILA PAPI,  ESTAÇÃO, MATADOURO E CARIRI.  LOCALIDADES DE CAMPO MAIOR PI: ALTO DO MEIO, CORREDORES, SÃO JOAQUIM, ÁGUA BRANCA, TAPERA,  ÁGUA FRIA, BOQUEIRÃOZINHO, SALINAS."
"24/08/2022";"00:10:36";"2018";"5";"Eleições Gerais 2018";"PI";"PI";"PIAUÍ";"PI093742018";"27/09/2018";"10320257000184";"INSTITUTO PIAUIENSE DE OPINIAO PUBLICA LTDA - EPP";"AMOSTRAGEM OPINIAO E MERCADO";"Governador, Deputado Estadual, Deputado Federal, Senador";"28/09/2018";"01/10/2018";"1137";"CONRE  - 7ª REGIÃO Nº 6695";"JOÃO BATISTA MENDES TELES";"55000,00";"00361945000139";"SISTEMA MEIO NORTE DE COMUNICACAO LTDA / MEIO NORTE";"Recursos Próprios";"10320257000184";"INSTITUTO PIAUIENSE DE OPINIAO PUBLICA LTDA - EPP";"Metodologia empregada: Amostragem não aleatória por cotas de sexo, faixa etária, grau de instrução, renda familiar, zona (urbana e rural), microrregiões e municípios. Entrevistas domiciliares e individuais.";"PLANO AMOSTRAL    Amostragem por cotas. O conjunto do eleitorado dos municípios é distribuído proporcionalmente por sexo, faixa etária, grau de instrução, classe de renda domiciliar. As variáveis: sexo, faixa etária e grau de instrução são ponderadas de acordo com as Estatísticas do Eleitorado do Piauí, TSE, SETEMBRO de 2018 referente aos 49 municípios pesquisados. A variável classe de renda domiciliar é ponderada de acordo com as estatística do Censo Demográfico IBGE  2010. O nível de confiança é de 95% com margem de erro de 2,85% para mais ou para menos, nas estatísticas apresentadas para o total da amostra levantada considerando variância máxima, p=0,50. 1 ¿ p = 0,50.    Cotas de sexo: Masculino (537), Feminino (600),     Cotas de faixa etária:   16 a 17 anos (28), 18 a 24 anos (173), 25 a 34 anos (255), 35 a 44 anos (237), 45 a 59 anos (254), 60 e + anos (190),     Cotas de grau de instrução: Analfabeto (92), lê e escreve (161), Ensino fundamental incompleto/completo (328), Ensino médio incompleto/completo (406), superior incompleto (57), superior completo (93),     Cotas de classe de renda domiciliar:    Até R$ 954,00 (340),    de R$ 954,01 à R$ 1.908,00 (345),    de R$ 1.908,01 à R$ 4.770,00 (316), de R$ 4.770,01 à R$ 9.540,00 (85), mais de R$ 9.540,00 (51).";"Supervisão interna em 100% dos questionários aplicados e crítica dos dados digitados feita pelo computador.  Checagem direta com retorno e/ou acompanhamento e/ou por telefone feita pelos supervisores de campo em no mínimo 20% dos questionários aplicados, de acordo com a exigência da ABEP ¿ Associação Brasileira de Empresas de Pesquisa. Relatórios de campo ¿ pesquisadores e supervisores.";"Municípios pesquisados por microrregião:    Baixo Parnaíba Piauiense (Batalha, Barras, Porto, Piripiri).     Litoral Piauiense (Cocal dos Alves, Luís Correia, Parnaíba).     Teresina (Teresina, José de Freitas, Altos, União, Demerval Lobão).     Campo Maior (Milton Brandão, São João da Serra, Pedro II, Campo Maior).     Médio Parnaíba Piauiense (Lagoinha do Piauí, Regeneração, Amarante).     Valença do Piauí (Santa Cruz dos Milagres, São Félix do Piauí, Valença do Piauí).    Alto Parnaíba Piauiense (Uruçuí).    Bertolínia (Landri Sales, Colônia do Gurguéia).    Floriano (Nazaré do Piauí, Itaueira, Floriano).    Alto Médio Gurguéia (Currais, Cristino Castro).     São Raimundo Nonato (Anísio de Abreu, São Lourenço do Piauí, São Raimundo Nonato, Bonfim do Piauí).     Chapadas do Extremo Sul Piauiense (Curimatá, Corrente).     Picos (Santa Cruz do Piauí, Geminiano, Oeiras, Picos).     Pio IX (Francisco Santos, Pio IX).     Alto Médio Canindé (Campo Alegre do Fidalgo, Belém do Piauí, Curral Novo do Piauí, Santo Inácio do Piauí, Marcolândia,   Fronteiras, São João do Piauí)."
"24/08/2022";"00:10:36";"2018";"5";"Eleições Gerais 2018";"PI";"PI";"PIAUÍ";"PI096312018";"19/07/2018";"09636807000190";"INSTITUTO DE PESQUISA DATA AZ LTDA - ME";"#NULO#";"Governador, Deputado Estadual, Deputado Federal, Senador";"20/07/2018";"21/07/2018";"784";"9356 7ª Região";"LAERCIO DE SOUSA ARAÚJO";"5000,00";"14157565000191";"PORTAL AZ LTDA";"Recursos Próprios";"09636807000190";"INSTITUTO DE PESQUISA DATA AZ LTDA - ME";"Eleitores com 16 ou mais anos de idade com domicílio eleitoral no município de Teresina - PI, na zona urbana e rural. Trata-se de uma pesquisa preferencialmente domiciliar e individual através de uma amostra estratificada de acordo com a Resolução 23.549/2017, dentro das cotas de sexo, faixa etária, nível de instrução e faixa de renda (dados do IBGE e referência na estimativa da população 2017, com uma população eleitoral de 556.287 ¿ até jul2018).";"ZONA: URBANA (94%) RURAL (6%). SEXO: MASCULINO (45,2%), FEMININO (54,8%). FAIXA ETÁRIA até 24 anos (15,98%), de 25 a 34 anos (23,67%), de 35 a 44 anos (22,14%), de 45 a 59 anos (23,44%), 60 anos ou mais (14,78%). ESCOLARIDADE: Analfabeto (2,33%), Lê e escreve (5,78%), 1º Grau inc/comp (24,12%), 2º Grau inc/comp (46,13%), 3º Grau inc/comp (21,63%). RENDA Até 1 salário (52%), entre 1 e 2 salários (23%), entre 2 e 3 salários (10%), entre 3 e 4 salários (8%), Mais de 4 salários (7%).  NÍVEL DE CONFIANÇA = 95%. NÍVEL DE SIGNIFICÂNCIA = 5% E MARGEM DE ERRO = 3,5%, com P = 0,5.  ";"Checagem pelo supervisor em pelo menos 20% dos questionários aplicados em campo ou por fone. Questionários aplicados eletronicamente, por meio de tablets, com sistema próprio de pesquisa, formulação e tabulação.";"Zona Sul ¿ Ilhotas, Cristo Rei, Piçarra, Santa Cruz, Residencial Eduardo Costa, Morada Nova, Lourival Parente, Bela Vista, Promorar, Parque Piauí, Vamos Ver o Sol, Porto Alegre, Portal da Alegria, Vila Irmã Dulce, Saci, Angelim, São Pedro, Vermelha, Monte Castelo, Três Andares.  Zona Sudeste ¿ Dirceu I e II, Renascença I, II e III, Todos os Santos, Novo Horizonte, Boa Esperança, Parque Ideal, Itararé, Tancredo Neves, Colorado, Alto da Ressurreição, Gurupi, Comprida, Livramento, São Paulo, Redonda, Extrema, São Sebastião, Parque Poti.    Zona Leste ¿ Campestre, Vale do Gavião, Planalto Uruguai, Parque Mão Santa, Vila Bandeirante, Satélite, Vila Maria, Vale Quem Tem, Piçarreira, Morada do Sol, Santa Isabel, São Cristóvão, Pedra Mole, Cidade Jardim, São João, Noivos, Fátima, Ininga, Jóquei, Centro (sul/norte).    Zona Norte - Santa Maria do Codipi, Poti Velho, Itaperu, Memorare, Mocambinho, Alto Alegre, Jacinta Andrade, Buenos Aires, Água Mineral, Real Copagre, Aeroporto, Parque Alvorada, Mafrense, Acarape, Matinha, Primavera, Pirajá, Vila Operária, Mafuá, Marquês.    Localidades rurais: Cerâmica Cil I e II. Santa Tereza.  "
"24/08/2022";"00:10:36";"2018";"5";"Eleições Gerais 2018";"PI";"PI";"PIAUÍ";"PI099892018";"07/06/2018";"19190101000109";"OPINAR PESQUISAS LTDA.";"OPINAR PESQUISAS";"Governador, Deputado Distrital, Deputado Estadual, Deputado Federal, Senador";"08/06/2018";"10/06/2018";"1082";"8749";"kleison de paiva freitas";"28000,00";"09590480000162";"TELEVISAO PIONEIRA LTDA / ";"Recursos Próprios";"19190101000109";"OPINAR PESQUISAS LTDA.";"A metodologia empregada nesta pesquisa utilizará uma amostragem aleatória estratificada proporcional por sexo, idade, escolaridade e renda distribuídas na zona urbana e rural através de entrevistas domiciliares e individuais no estado do Piauí. A Pesquisa será realizada no período de 08 a 10 de junho de 2018 nas cidades descriminadas no plano amostral com um total de 1082 entrevistas.    ";"O método de amostragem que será utilizada nesta pesquisa quantitativa eleitoral será através de uma amostra probabilística aleatória estratificada proporcional (tabela abaixo), visto que a população de origem é considerada heterogênea, pois a mesma estará dividida em estratos referentes de acordo a divisão geopolítica do estado do PIAUÍ.   Para isso, foi elaborado inicialmente um questionário de pesquisa (em anexo), como ferramenta de coleta de dados em que as variáveis que serão coletadas do público-alvo analisado em cada zona rural e/ou urbana de cada  município citado são: renda (em salários mínimos), escolaridade, idade e sexo. Sendo que, as variáveis sexo, idade e escolaridade, terão as escalas distribuídas de acordo com as estatísticas do Tribunal Superior Eleitoral (TSE) de maio de 2018. Enquanto que a variável renda do chefe do domicílio, segundo o que estabelece o Instituto Brasileiro de Geografia e Estatística (IBGE), através do Censo de 2010. As escolhas de base de ambos os institutos foram selecionados, pois não se diverge da classificação eleitoral proposta pelo TSE. Ainda, para a realização do estudo levantou-se o tamanho populacional de eleitores pertencente ao estado do PIAUÍ, e com uma margem de erro de 2,97% para mais ou para menos e uma margem de confiança de 95%, chegou-se em uma amostra significativa e aleatória de 1082 eleitores a pesquisar, assim distribuídos:  Sexo 1082  Feminino 562  Masculino 520  Idade 1082  16 e 17 anos    23  de 18 a 24 anos 171  de 25 a 34 anos 242  de 35 a 44 anos 221  de 45 a 59 anos 243  mais de 60 anos 182  Renda 1082  Até R$ 954,00 601  De R$ 954,01 a R$ 1.908,00  249  De R$ 1.908,01 a R$ 4770,00  166  De R$ 4770,01 a R$ 9540,00  45  Mais de R$ 9540,01 21  Escolaridade 1082  Analfabeto 102  Le e escreve 175  Ensino Fundamental 316  Ensino Médio 356  Superior 133  ";"Com o objetivo de garantir que o estudo não é passível de víeis que beneficie determinados públicos-alvo ou algum segmento partidário, a equipe aplicadora dos questionários de pesquisas será formada por 22 entrevistadores e 1 supervisor de campo. Assim, todos os questionários serão supervisionados no trabalho de campo pelo supervisor (diretamente ou acompanhamento) e 20% dos questionários serão checados posteriormente (diretamente no local ou por telefone) pelo supervisor, para evitar erros que corroborem com alguma tendência dos dados. Haverá ainda uma supervisão interna de todos os questionários (1082) aplicados e uma análise crítica dos dados digitados no software de análise estatística.";"A distribuição das entrevistas nos municípios (Zona Urbana e Rural) do estado do PIAUÍ será:    Município  Amostra   Urbana   rural   1 JAICÓS 22,00 10,00 12,00  2 PAULISTANA 25,00 13,00 12,00  3 SÃO JOÃO DO PIAUÍ 21,00 14,00 7,00  4 SIMÕES 19,00 8,00 11,00  5 SIMPLÍCIO MENDES 15,00 9,00 6,00  6 BOM JESUS 15,00 12,00 3,00  7 GILBUÉS 7,00 4,00 3,00  8 MONTE ALEGRE DO PIAUÍ 7,00 2,00 5,00  9 BAIXA GRANDE DO RIBEIRO 5,00 3,00 2,00  10 URUÇUÍ 10,00 8,00 2,00  11 COLÔNIA DO GURGUÉIA 7,00 6,00 1,00  12 LANDRI SALES 8,00 6,00 2,00  13 BARRAS 21,00 10,00 11,00  14 BATALHA 13,00 5,00 8,00  15 ESPERANTINA 18,00 11,00 7,00  16 JOAQUIM PIRES 6,00 2,00 4,00  17 LUZILÂNDIA 11,00 6,00 5,00  18 MIGUEL ALVES 14,00 5,00 9,00  19 PIRIPIRI 31,00 22,00 9,00  20 AVELINO LOPES 8,00 5,00 3,00  21 CORRENTE 19,00 12,00 7,00  22 CAMPO MAIOR 35,00 26,00 9,00  23 PEDRO II 30,00 18,00 12,00  24 SÃO MIGUEL DO TAPUIO 15,00 6,00 9,00  25 FLORIANO 30,00 26,00 4,00  26 GUADALUPE 6,00 6,00 0,00  27 ITAUEIRA 6,00 3,00 3,00  28 BURITI DOS LOPES 10,00 5,00 5,00  29 COCAL 12,00 6,00 6,00  30 PARNAÍBA 67,00 63,00 4,00  31 PIRACURUCA 15,00 10,00 5,00  32 ÁGUA BRANCA 10,00 9,00 1,00  33 AMARANTE 11,00 6,00 5,00  34 PALMEIRAIS 9,00 3,00 6,00  35 REGENERAÇÃO 11,00 9,00 2,00  36 SÃO PEDRO DO PIAUÍ 7,00 4,00 3,00  37 OEIRAS 26,00 16,00 10,00  38 PICOS 47,00 37,00 10,00  39 FRANCISCO SANTOS 8,00 4,00 4,00  40 PIO IX 15,00 4,00 11,00  41 CANTO DO BURITI 18,00 10,00 8,00  42 SÃO RAIMUNDO NONATO 29,00 19,00 10,00  43 ALTOS 15,00 11,00 4,00  44 DEMERVAL LOBÃO 5,00 4,00 1,00  45 JOSÉ DE FREITAS 15,00 9,00 6,00  46 MONSENHOR GIL 4,00 2,00 2,00  47 TERESINA 269,00 254,00 15,00  48 UNIÃO 16,00 8,00 8,00  49 ELESBÃO VELOSO 12,00 8,00 4,00  50 INHUMA 12,00 6,00 6,00  51 VALENÇA DO PIAUÍ 15,00 12,00 3,00       "
