"DT_GERACAO";"HH_GERACAO";"AA_ELEICAO";"CD_ELEICAO";"NM_ELEICAO";"SG_UF";"SG_UE";"NM_UE";"NR_PROTOCOLO_REGISTRO";"DT_REGISTRO";"NR_CNPJ_EMPRESA";"NM_EMPRESA";"NM_EMPRESA_FANTASIA";"DS_CARGOS";"DT_INICIO_PESQUISA";"DT_FIM_PESQUISA";"QT_ENTREVISTADOS";"CD_CONRE";"NM_ESTATISTICO_RESP";"VR_PESQUISA";"NR_CPF_CNPJ_CONTRATANTE";"NM_CONTRATANTE";"DS_ORIGEM_RECURSO";"NR_CPF_CNPJ_PAGANTE";"NM_PAGANTE_PESQUISA";"DS_METODOLOGIA_PESQUISA";"DS_PLANO_AMOSTRAL";"DS_SISTEMA_CONTROLE";"DS_DADO_MUNICIPIO"
"24/08/2022";"00:10:36";"2018";"5";"Eleições Gerais 2018";"RO";"RO";"RONDÔNIA";"RO000702018";"17/10/2018";"29842579000111";"REAL TIME BIG DATA GESTAO DE DADOS LTDA.";"REAL TIME BIG DATA";"Governador";"22/10/2018";"22/10/2018";"1500";"7655";"Augusto da Silva Rocha";"7000,00";"29842579000111";"REAL TIME BIG DATA GESTAO DE DADOS LTDA.";"#NULO#";"29842579000111";"REAL TIME BIG DATA GESTAO DE DADOS LTDA.";"Pesquisa quantitativa, que consiste na realização de entrevistas por telefone, com a aplicação de questionário estruturado junto a uma amostra, representativa do eleitorado em estudo.";"Universo: 1.175.733 eleitores (TSE). Amostra: 1500 entrevistas. Nível de Confiança: 95%. Margem de Erro: até 3 pontos percentuais para mais ou para menos. Divisão Censitária. Ponderação quanto ao sexo e faixa etária: Masculino de 16 a 24 anos (8,5%), Masculino de 25 a 34 anos (11,1%), Masculino de 35 a 44 anos (10,3%), Masculino de 45 a 59 anos (11,8%) e Masculino acima de 59 anos (7,4%). Feminino de 16 a 24 anos (8,9%), Feminino de 25 a 34 anos (12,0%), Feminino de 35 a 44 anos (11,1%), Feminino de 45 a 59 anos (11,9%) e Feminino acima de 59 anos (6,9%). Ponderação quanto ao nível de instrução: 34% de Analfabeto / Fundamental Incompleto, 16% de Lê e escreve / Fundamental Completo, 36% de Médio Incompleto / Médio Completo e 14% de Superior Incompleto / Superior Completo. Ponderação quanto a distribuição por renda mensal domiciliar: 23% até 1 SM, 26% de 1 até 2 SM, 33% de 2 até 5 SM, 12% de 5 até 10 SM e 5% acima de 10 SM. Fonte de Dados: IBGE e TSE 2018.";"Checagem de 20% da amostra efetuada pelos supervisores. Todos os entrevistadores foram amplamente treinados e orientados tanto teoricamente quanto praticamente sobre suas responsabilidade e funções, respeitando as cotas pré-estabelecidas. A equipe está dividida em coordenadoria-geral / supervisores / entrevistadores.";"Em anexo."
"24/08/2022";"00:10:36";"2018";"5";"Eleições Gerais 2018";"RO";"RO";"RONDÔNIA";"RO002952018";"11/09/2018";"68802370000186";"IBOPE INTELIGENCIA PESQUISA E CONSULTORIA LTDA";"#NULO#";"Governador, Senador";"11/09/2018";"17/09/2018";"812";"6208-A";"Márcia Cavallari Nunes";"120569,00";"04387825000161";"RADIO TV DO AMAZONAS LTDA / REDE AMAZONICA RADIO E TELEVISAO";"Recursos Próprios";"68802370000186";"IBOPE INTELIGENCIA PESQUISA E CONSULTORIA LTDA";"Pesquisa quantitativa, que consiste na realização de entrevistas pessoais, com a aplicação de questionário estruturado junto a uma amostra representativa do eleitorado em estudo. Pesquisa realizada no estado de Rondônia.";"Representativo do eleitorado da área em estudo, elaborada em três estágios. No primeiro estágio faz-se um sorteio probabilístico dos municípios, onde as entrevistas serão realizadas, pelo método PPT (Probabilidade Proporcional ao Tamanho), tomando o eleitorado como base para tal seleção. No segundo estágio faz-se um sorteio probabilístico dos setores censitários, onde as entrevistas serão realizadas, pelo método PPT (Probabilidade Proporcional ao Tamanho), tomando a população de 16 anos ou mais residente nos setores como base para tal seleção. No terceiro e último estágio, dentro dos setores sorteados, os respondentes são selecionados através de quotas amostrais proporcionais em função de variáveis significativas, a saber: IDADE: 16-24 (masculino) 21% (feminino) 20%. 25-34 (masculino) 27% (feminino) 26%. 35-44 (masculino) 22% (feminino) 24%. 45-54 (masculino) 15% (feminino) 16%. 55 e+ (masculino) 15% (feminino) 13%. INSTRUÇÃO: Até Ensino Médio (masculino) 86% (feminino) 79%. Ensino Superior (masculino) 14% (feminino) 21%. NÍVEL ECONÔMICO: Economicamente ativo (masculino) 79% (feminino) 52%. Não Economicamente ativo (masculino) 21% (feminino) 48%. Está prevista eventual ponderação para correção das variáveis sexo e idade, com base nos percentuais anteriormente mencionados, caso ocorram diferenças superiores a 3 pontos percentuais entre o previsto na amostra e a coleta de dados realizada. Para as variáveis de grau de instrução e nível econômico do entrevistado, o fator previsto para ponderação é 1 (resultados obtidos em campo). O nível de confiança estimado é de 95% e a margem de erro máxima estimada considerando um modelo de amostragem aleatório simples, é de 03 (três) pontos percentuais para mais ou para menos sobre os resultados encontrados no total da amostra. FONTE DOS DADOS: Censo 2010 | PNADC 2016 | TSE 2018.";"Para a realização da pesquisa, utiliza-se uma equipe de entrevistadores e supervisores contratados pelo IBOPE INTELIGÊNCIA PESQUISA E CONSULTORIA LTDA. devidamente treinados para o trabalho. Após os trabalhos de campo, os questionários são submetidos a uma fiscalização de cerca de 20% (vinte por cento) dos questionários aplicados pelos entrevistadores. para verificação das respostas e da adequação dos entrevistados aos parâmetros amostrais.";"A área de abrangência da coleta é o estado de Rondônia. A relação das localidades selecionadas para aplicação da amostra será apresentada até o 7º dia seguinte ao registro da pesquisa, conforme expresso no art. 2º, §6º da Resolução 23.549/2017 do TSE."
"24/08/2022";"00:10:36";"2018";"5";"Eleições Gerais 2018";"RO";"RO";"RONDÔNIA";"RO005772018";"13/10/2018";"68802370000186";"IBOPE INTELIGENCIA PESQUISA E CONSULTORIA LTDA";"#NULO#";"Governador";"13/10/2018";"19/10/2018";"812";"6208-A";"Márcia Cavallari Nunes";"134921,00";"04387825000161";"RADIO TV DO AMAZONAS LTDA / REDE AMAZONICA RADIO E TELEVISAO";"Recursos Próprios";"68802370000186";"IBOPE INTELIGENCIA PESQUISA E CONSULTORIA LTDA";"Pesquisa quantitativa, que consiste na realização de entrevistas pessoais, com a aplicação de questionário estruturado junto a uma amostra representativa do eleitorado em estudo. Pesquisa realizada no estado de Rondônia.";"Representativo do eleitorado da área em estudo, elaborada em três estágios. No primeiro estágio faz-se um sorteio probabilístico dos municípios, onde as entrevistas serão realizadas, pelo método PPT (Probabilidade Proporcional ao Tamanho), tomando o eleitorado como base para tal seleção. No segundo estágio faz-se um sorteio probabilístico dos setores censitários, onde as entrevistas serão realizadas, pelo método PPT (Probabilidade Proporcional ao Tamanho), tomando a população de 16 anos ou mais residente nos setores como base para tal seleção. No terceiro e último estágio, dentro dos setores sorteados, os respondentes são selecionados através de quotas amostrais proporcionais em função de variáveis significativas, a saber: IDADE: 16-24 (masculino) 21% (feminino) 20%. 25-34 (masculino) 27% (feminino) 26%. 35-44 (masculino) 22% (feminino) 24%. 45-54 (masculino) 15% (feminino) 16%. 55 e+ (masculino) 15% (feminino) 13%. INSTRUÇÃO: Até Ensino Médio (masculino) 86% (feminino) 79%. Ensino Superior (masculino) 14% (feminino) 21%. NÍVEL ECONÔMICO: Economicamente ativo (masculino) 79% (feminino) 52%. Não Economicamente ativo (masculino) 21% (feminino) 48%. Está prevista eventual ponderação para correção das variáveis sexo e idade, com base nos percentuais anteriormente mencionados, caso ocorram diferenças superiores a 3 pontos percentuais entre o previsto na amostra e a coleta de dados realizada. Para as variáveis de grau de instrução e nível econômico do entrevistado, o fator previsto para ponderação é 1 (resultados obtidos em campo). O nível de confiança estimado é de 95% e a margem de erro máxima estimada considerando um modelo de amostragem aleatório simples, é de 03 (três) pontos percentuais para mais ou para menos sobre os resultados encontrados no total da amostra. FONTE DOS DADOS: Censo 2010 | PNADC 2016 | TSE 2018.";"Para a realização da pesquisa, utiliza-se uma equipe de entrevistadores e supervisores contratados pelo IBOPE INTELIGÊNCIA PESQUISA E CONSULTORIA LTDA. devidamente treinados para o trabalho. Após os trabalhos de campo, os questionários são submetidos a uma fiscalização de cerca de 20% (vinte por cento) dos questionários aplicados pelos entrevistadores. para verificação das respostas e da adequação dos entrevistados aos parâmetros amostrais.    ";"A área de abrangência da coleta é o estado de Rondônia. A relação das localidades selecionadas para aplicação da amostra será apresentada até o 7º dia seguinte ao registro da pesquisa, conforme expresso no art. 2º, §6º da Resolução 23.549/2017 do TSE."
"24/08/2022";"00:10:36";"2018";"5";"Eleições Gerais 2018";"RO";"RO";"RONDÔNIA";"RO005802018";"25/01/2018";"04942645000102";"J J COELHO";"INSTITUTO PHOENIX & ASSOCIADOS";"Deputado Federal, Deputado Distrital, Deputado Estadual, Senador, Governador";"24/01/2018";"28/01/2018";"801";"7655-A";"Augusto da Silva Rocha";"7500000,00";"04942645000102";"J J COELHO";"#NULO#";"04942645000102";"J J COELHO";"  Metodologia de pesquisa:   METODOLOGIA UTILIZADA ESTADO DE RONDONIA- RO NO DESENVOLVIMENTO DESTA SONDAGEM  O objetivo principal desta pesquisa e identificar as intenções de voto, para o pleito majoritário averiguando as devidas  tendências. MÉTODO: PROBABILIÍSTICO ESTRATIFICADO COM SORTEIO DE MULTIPLOS ESTÁGIO. Por tratar-se de um estudo descritiva. Com característica de um publico conhecido, desenvolvemos um método direto, através da amostragem probabilística. Assim na abrangência da área geográfica aplicamos um percentual pré-definido nas proporções do universo dos eleitores, baseando-se também nos percentuais eleitorais para cada micro setor da região pesquisada. De acordo com as tabela apresentadas. O critério de seleção obedece as informações e dados do TRE e IBGE. As entrevistas serão na quase totalidade efetuadas nos domicílios dos eleitores, após a certificação de que os mesmos votam no Estado e se dispõe a responderes as perguntas apresentadas. Selecionamos (13). Municípios periferias das regiões sorteadas entre as determinadas regiões. Afim de que possamos ter a representatividade necessária. Que resulta em mais de 2/3das abrangência da população e do contingente eleitoral de todo estado para atingirmos os propósitos deste estudo utilizamos a técnica de pesquisa por amostragem, que reside na apreensão sistemática e extensiva das tendências dos indivíduos inserido no universo pesquisados e que integra a realidade a ser investigada. A validade deste tipo de pesquisa esta na possibilidade de se aferir á intensidade de tendências, permitindo e coleta de dados utilizados será um formulário de questionamento misto contendo algumas perguntas estimulada (optativas) e outras semiábertas de caráter mais informativo. Este último tipo de questão permite que se evite indução da resposta, assim, como possibilita que se tenha conhecimento dos quadros de referencia dos entrevistados.com isso, obtêm-se também posições qualitativas das opiniões coletadas e que permitam aos interessados: traçar perfis, avaliar gestões e serviço. identificação e desempenho  distados: traçar perfis, avaliar gestões e serviço. identificação e desempenho das ações em estudo, pelo cruzamento das respostas obtidas. UNIVERSO da pesquisa será constituído pelos eleitores da unidade federativa segmentada pelos variáveis de sexo e faixa etárias definidas a partir da idade 16 anos, integrantes de todas as camadas socioeconômica dos resultados, colocamos em campo agente de instrução com nível médio, treinados para o fim especifico, supervisionado Por chefe de equipe que acima de tudo primam pela neutralidade dos dados apreendidos. O trabalho terá a duração de ate quatro dias programados de acordo com o cronograma de serviços e mais ate (02) dias ininterruptos, serão empregados na tarefa de: Revisão. Processamento e tabulação geral, dos 801 questionário. Aplicados finalizando assim com a publicação dos dados, salvo se algum acidente de percurso, que possa naturalmente retardar a coleta de dados em campo. Quanto a estratificação das quotas: consiste em si determinar o bairro ou setores por sorteio, determinando ao agente coletor a quantidade de entrevistas para cada período diário e o percentual por faixa etária e sexo tornando assim a amostragem eqüiprobabilística. EQUIPE: Um grupo de (08) agentes pesquisadores realizara a coleta de dados em campo, nos bairros e localidades sorteadas, dentre os limites do municípios, coletando assim as entrevistas que haverão de compor a amostragem prevista.      ";"Plano amostral e ponderação quanto a sexo, idade, grau de instrução  nível econômico do entrevistado. intervalo de confiança e  margem de erro:  PLANO AMOSTRAL E PODERAÇÃO) este plano foi elaborado com base no contingente populacional pautados  diretamente no eleitorado do estado por tratar-se de um levantamento exclusivo de intenção de voto, com vindoura do próximo  mês de outubro . desta forma, baseado nos dados estatísticos do IBGE referente ao município, as quotas com o perfil das pessoas a serem entrevistado como poderá ser observado na tabela de estratificação. Quota a sexo, idade, grau, de instrução nas devidas proporções dos entrevistados. Estabelecendo-se assim a margem de erro e nível de confiança. Por outro lado, adequamos a escolha dos bairros dentro da proporcionalidade  populacional de cada micros Região geograficamente delimitado. Como também poderá ser visto. As seis regiões foram contempladas conforme sua devida densidade eleitoral,  mantendo-se assim a proporção no peso amostral de cada unidade regional. Desta forma a amostragem será  produzida pelos questionários feitos a base de entrevistas individuais, nos variados setores censitários estratificados, tendo-se como o universo da pesquisa respaldado no contingente de eleitores do município. Dos quais serão retiradas estas amostras em quantidade representativa, obedecendo aos critérios acima exposto. O intervalo de confiança é de 96%o que significa dizer que em 100 trabalhos destas natureza, somente (04) poderão apresentar uma variação fora do previsto. Margem de erro: para mais ou para menos 2,83% de acordo com a tabela fornecida pelo estatístico responsável. ";"Sistema interno de controle e verificação, conferência e fiscalização da coleta de dados e do trabalho de campo: Sistema interno de controle e verificação, conferência e fiscalização da coleta dos dados de campo:Como variáveis de controle, seguimos a risca neste trabalho as recomendação da Lei Eleitoral Vigente, que estabelece como padrões de controle as variáveis dentro dos percentuais apresentados pelo IBGE nas últimas aferições dos sensos populacionais. Assim enquadramos religiosamente dentro da variável de faixa etária e quota de sexo. O índice amostrais que determinarão a ponderação das  variável. Respeitando as variações permitida, nunca superiores a margem de erro estabelecido. Quanto a área física em cada bairro serão escolhido, as ruas em proporção ao numero de amostra de cada unidade, de formas a mapeamos na proporção eqüiprobabilística. Dentre as cinco classes socioeconômicas definidas A. B. C. D. e e também o nível escolaridade dos entrevistados, em numeroo de quatro classe, a saber: superior Completo ou incompleto, básico, primário ou fundamental e semi-analfabeta ou analfabeto funcionais, encaixados dentro das proporções do ultimo senso demográfico, funcionando como variáveis decorrentes e não de controle excepcionalmente. A atividade funcional e religião dos entrevistados não requerem qualquer controle, visto que serão elementos somente passiveis ou acompanhamento,desta forma não entram na pauta de controle das informações apreendidas. Na conferencia  de questionários e revisão de dados se faz de imediato após a coleta de campo, em aproximadamente 15% dos questionários tendo em vista a relação de telefone, ou email fornecidas por parte dos respondentes, tendo em vista também averiguar possíveis irregularidade na coleta ou mesmo no preenchimento dos dados fornecidos. A relação dos bairros com seus respectivos números de amostra serão enviados posteriormente, logo após sejam catalogados todas as amostras planejadas. Questionário (vide copia anexa). Nota: embora a amostragem tenha sido enquadrada proporcionalmente nas devidas faixas de controle, no concernente as variáveis de classe socioeconômica e instrução escolar, possa haver sempre alguma oscilações de faixa, em razão das fontes oficias estarem sempre desatualizadas e as  mudanças serem bastante evolutivas de formas a não comprometer a essência dos resultados finais. Assim levamos em conta também dados de outros trabalhos e levantamentos sociológicos feito na região nos últimos anos.   Dados relativos aos  municípios e bairros abrangidos pala pesquisa. Na ausência de delimitação do bairro, será identificada a área em que foi realizada a pesquisa (6º do art.2º da Resolução- TSE nº 23.453/2015. Ate o sétimo dia seguinte ao registro da pesquisa, será ele complementado com os dados.          ";"obs. relaçao dos bairros serao lançados posteriormente "
"24/08/2022";"00:10:36";"2018";"5";"Eleições Gerais 2018";"RO";"RO";"RONDÔNIA";"RO005872018";"10/08/2018";"04942645000102";"J J COELHO";"INSTITUTO PHOENIX & ASSOCIADOS";"Governador, Deputado Estadual, Deputado Federal, Senador";"11/08/2018";"15/08/2018";"901";"7655-A";"Augusto da Silva Rocha ";"7000,00";"19306841000150";"FRANCO & RODRIGUES COMUNICACAO SOCIAL  E EMPREENDIMENTOS LTDA / JORNAL CORREIO CONTINENTAL RO";"Recursos Próprios";"04942645000102";"J J COELHO";"  Metodologia de pesquisa:  Metodologia de pesquisa: METODOLOGIA UTILIZADA para unidade federativa do Estado de Rondônia. No DESENVOLVIMENTO DESTA SONDAGEM O objetivo principal desta pesquisa e identificar as intenções de voto, para o pleito majoritário e proporcional, averiguando as devidas tendências. MÉTODO: PROBABILIÍSTICO ESTRATIFICADO COM SORTEIO DE MULTIPLOS ESTÁGIO. Por tratar-se de um estudo descritivo, com característica de um público conhecido, desenvolvemos um método direto, através da amostragem probabilística. Assim na abrangência da área geográfica aplicamos um percentual pré-definido nas proporções do universo dos eleitores, baseando-se também nos percentuais eleitorais para cada micro setor da região pesquisada. De acordo com as tabelas apresentadas. O critério de seleção obedece às informações e dados do TRE e IBGE. As entrevistas serão na quase totalidade efetuadas nos domicílios dos eleitores, após a certificação de que os mesmos votam no Estado e se dispõe a responderes as perguntas apresentadas. Selecionamos (12). Municípios das diversas regiões sorteadas entre aproximadamente 73% dos votos das unidades de maiores pesos populacional. Que resulta em mais de 2/3 dá abrangência da população e, por conseguinte do contingente eleitoral de todo estado. Para atingirmos os propósitos deste estudo utilizamos a técnica de pesquisa por amostragem, que reside na apreensão sistemática e extensiva das tendências dos indivíduos inserido no universo pesquisado e que integra a realidade a ser investigada. A validade deste tipo de pesquisa está na possibilidade de se aferir a intensidade de tendências, permitindo a coleta de dados utilizando de um formulário de questionamento misto contendo algumas perguntas estimulada (optativas) e outras semiabertas de caráter mais informativo. Este último tipo de questão permite que se evite indução da resposta, assim, como possibilita que se tenha conhecimento dos quadros de referência dos entrevistados.com isso, obtêm-se também posições qualitativas das opiniões coletadas e que permitam aos interessados: traçar perfis, avaliar gestões e serviço. identificação e desempenho das lideranças, em estudo pelo cruzamento das respostas obtidas. UNIVERSO da pesquisa será constituído pelos eleitores da unidade federativa segmentada pelos variáveis de sexo e faixa etárias e área geográfica definidas a partir da idade 16 anos, integrantes de todas as camadas socioeconômica do estado. Colocamos em campo agente com razoável instrução com nível médio, treinados para o fim especifico, supervisionado por chefe de equipe que acima de tudo primam pela neutralidade dos dados a ser apreendidos. O trabalho terá a duração de até cinco dias programados de acordo com o cronograma de serviços e mais ate (02) dias ininterruptos, serão empregados na tarefa de: Revisão. Processamento e tabulação geral, dos 1445 questionários, aplicados. Finalizando assim com a publicação dos dados, em tempo hábil, salvo se algum acidente de percurso, que possa naturalmente retardar a coleta de dados em campo. Quanto a estratificação das quotas: consiste em si determinar o bairro ou setores censitários por sorteio, determinando ao agente coletor a quantidade de entrevistas para cada período diário e o percentual por faixa etária e sexo tornando assim a amostragem equiprobabilística. EQUIPE: Um grupo de (08) agentes pesquisadores realizara a coleta de dados em campo, nos bairros e localidades sorteadas, dentre os limites dos municípios, coletando assim as entrevistas que haverão de compor a amostragem prevista.  ";"   Plano amostral e ponderação quanto a sexo, idade, grau de instrução e nível econômico do entrevistado. intervalo de confiança e margem de erro:  Plano amostral e ponderação quanto a sexo, idade, grau de instrução nível econômico do entrevistado. intervalo de confiança e margem de erro: PLANO AMOSTRAL E PODERAÇÃO) a quota de sexo, idade, grau de instrução e nível econômico do entrevistados: intervalo de confiança e margem de erro. plano amostral e ponderação quanto a sexo, idade, a faixa etária ficou definida em cinco categoria: de 16 a 24 anos 20,4% 164 amostras de 25 a 34 anos. 25,1% 202 amostras de 35 a 44 anos 22,1%178 amostra grau de instrução nível econômico do entrevistado. intervalo de confiança e margem de erro: PLANO AMOSTRAL E PODERAÇÃO este plano foi elaborado com base no contingente populacional pautado diretamente no eleitorado, por tratar- se de um levantamento exclusivo de intenção de voto. Com base na eleição vindoura do próximo mês de outubro. Desta forma, baseado nos dados estatístico IBGE referente ao estudo, as quotas com o perfil das pessoas a serem entrevistado como poderá ser observado na tabela de estratificação. QUOTA DE SEXO: com 51,2% de coleta entre as mulheres, o que equivale a quatrocentos e doze amostras e o restante (trezentos e noventa e três) feita no segmento masculino 48,8% do eleitorado do estado Amazonense. IDADE: a faixa etária ficou definida em cinco categorias à saber: de 16 a 24 anos (20,4%), equivalente a 64 amostras. de 25 a 34 anos (25,1%) equivalente a 202 amostras. de 35 44 anos (22,1%) equivalente a 178 amostras. de 45 a 60 anos (20,6%) equivalente a 166 amostras e aos eleitores acimas de 60 anos (11,8%) o que equivale a 95 amostras totalizando assim as 805 entrevistas estratificadas em todo o universo sondado. GRAU DE INSTRUÇÃO: nas devidas proporções apresentadas na tabela do IBGE. Estabelecendo-se assim a margem de erro e nível de confiança. Por outro lado, adequamos a escolha dos bairros dentro da proporcionalidade populacional de cada microrregião geograficamente delimitada. Como também poderá ser visto. Na tabela das regionais e municipais contempladas conforme sua devida densidade eleitoral, mantendo-se assim a proporção no peso amostral de cada unidade regional. Desta forma a amostragem será produzida pelos questionários feitos a base de entrevistas individuais, nos variados setores censitários estratificados, tendo-se como o UNIVERSO da pesquisa os eleitores do estado respaldado no contingente total do Amazonas. Dos quais serão retiradas estas amostras em quantidade representativa, obedecendo aos critérios acima exposto. O intervalo de confiança é de 96%o que significa dizer que em 100 trabalhos desta natureza, somente (04) poderão apresentar uma variação fora do previsto. Margem de erro: para mais ou para menos 2,83% de acordo com a tabela fornecida pelo estatístico responsável. Augusto da Silva Rocha, inscrito no CORRE (1) sob o número 7655-A  ";"   Sistema interno de controle e verificação, conferência e fiscalização da coleta de dados e do trabalho de campo:  Sistema interno de controle e verificação, conferência e fiscalização da coleta dos dados de campo: Como variáveis de controle, seguimos à risca neste trabalho a recomendação da Lei Eleitoral Vigente, que estabelece como padrões de controle as variáveis dentro dos percentuais apresentados pelo IBGE nas últimas aferições dos sensos populacionais. Assim enquadramos religiosamente dentro da variável de faixa etária e quota de sexo. O índice amostral que determinarão a ponderação da variável. Respeitando as variações permitida, nunca superiores a margem de erro estabelecido. Quanto a área física em cada bairro será escolhida, as ruas em proporção ao número de amostra de cada unidade, de formas a mapeamos na proporção equiprobabilística. Dentre as cinco classes socioeconômicas definidas A. B. C. D. e E. como também o nível escolaridade dos entrevistados, em número de quatro classes, a saber: superior Completo ou incompleto, básico, primário ou fundamental e semianalfabeta ou analfabeto funcionais, encaixados dentro das proporções do último senso demográfico, funcionando como variáveis decorrentes e não de controle excepcionalmente. As religiões dos entrevistados não requerem qualquer controle, visto que serão elementos somente passiveis ou acompanhamento, desta forma não entram na pauta de controle das informações apreendidas. Na conferência de questionários e revisão de dados se faz de imediato após a coleta de campo, em aproximadamente 15% dos questionários tendo em vista a relação de telefones, ou e-mail fornecidas por parte dos respondentes, tendo em vista também averiguar possíveis irregularidades na coleta ou mesmo no preenchimento dos dados fornecidos. A relação dos bairros com seus respectivos números de amostra serão enviados posteriormente, logo após sejam catalogados todas as amostras planejadas. Questionário (vide copia anexa). Nota: embora a amostragem tenha sido enquadrada proporcionalmente nas devidas faixas de controle, no concernente as variáveis de classe socioeconômica e instrução escolar, possa haver sempre algumas oscilações de faixa, em razão das fontes oficias estarem sempre desatualizadas e as mudanças serem bastante evolutivas de formas a não comprometer a essência dos resultados finais. Assim levamos em conta também dados de outros trabalhos e levantamentos sociológicos feito na região nos últimos anos. Dados relativos aos municípios e bairros abrangidos pala pesquisa. Na ausência de delimitação do bairro, será identificada a área em que foi realizada a pesquisa (6º do art.2º da Resolução- TSE nº 23.453/2015. Até o sétimo dia seguinte ao registro da pesquisa, será ele complementado com os dados.    Dados relativos aos municípios e bairros abrangidos pela pesquisa. Na ausência de delimitação do bairro, será identificada a área em que foi realizada a pesquisa (conforme §6º. do art. 2º. da Resolução-TSE nº. 23.549/2017, Até o sétimo dia seguinte ao registro da pesquisa, será ele complementado com os dados relativos aos bairros abrangidos. na ausência de delimitação do bairro, será identificada a área em que foi realizada):        ";"#NULO#"
"24/08/2022";"00:10:36";"2018";"5";"Eleições Gerais 2018";"RO";"RO";"RONDÔNIA";"RO013892018";"27/06/2018";"28780441000172";"IHPEC - INSTITUTO HAVERROTH DE POLITICA, ESTATISTICA E COMUNICACAO LTDA.";"INSTITUTO HAVERROTH";"Governador, Deputado Distrital, Deputado Estadual, Deputado Federal, Senador";"25/06/2018";"30/06/2018";"4720";"10552 1º região";"Tuannhy Rozeira Haverroth";"30000,00";"28780441000172";"IHPEC - INSTITUTO HAVERROTH DE POLITICA, ESTATISTICA E COMUNICACAO LTDA.";"#NULO#";"28780441000172";"IHPEC - INSTITUTO HAVERROTH DE POLITICA, ESTATISTICA E COMUNICACAO LTDA.";"Amostragem Sistemática e estratificada, com aplicação de formulário em entrevista direta, in loco, aos eleitores do Estado de Rondônia. O formulário contem questões estimuladas e resultam em dados quantitativos.";"Plano Amostral: Total de entrevistas - 4720. Universo - cerca de 1,18 milhões de eleitores ¿ 52 municípios. Cada amostra será submetida a um calculo de peso para equiparação ao numero de eleitores de cada município pesquisado. Sexo: Homens 49%. mulheres 51%. Idade: 16 a 25(20%), 26 a 35 (20%), 36 a 45 (20%), 46 a 60(20%), acima de 60 anos(20%). Nível Socioeconômico (aleatório): Até um salário, Até três salários, Mais de três salários. Grau de Instrução (aleatório): Até ensino fundamental, Ensino médio, Ensino superior ou mais. Intervalo de confiança 95%, margem de erro 2,5%.";"Os formulários, depois de aplicados, passam por uma conferência e uma ponderação entre a amostra planejada e a amostra alcançada. O trabalho de campo é supervisionado por um diretor de campo. Uma reamostragem, com 10% do total da amostra alcançada, é feita pelo supervisor para verificação.";"As amostras serão colhidas nas ruas de fluxo de cada município, e o publico rural será encontrado nas rodoviárias de colonos dos municípios. Segue tabela com as amostras e os pessoas que serão atribuídos.   Abrangência Quantidade % Amostra Peso da amostra  PORTO VELHO 319.900 27,513 640 5,0  JI-PARANÁ 78.530 6,754 262 3,0  ARIQUEMES 63.473 5,459 215 3,0  CACOAL 61.524 5,291 205 3,0  VILHENA 58.571 5,037 195 3,0  JARU 40.743 3,504 185 2,2  ROLIM DE MOURA 38.915 3,347 177 2,2  OURO PRETO DO OESTE 29.672 2,552 135 2,2  GUAJARÁ-MIRIM 27.826 2,393 126 2,2  PIMENTA BUENO 27.117 2,332 123 2,2  MACHADINHO DO OESTE 22.703 1,953 103 2,2  BURITIS 22.509 1,936 102 2,2  ESPIGÃO DO OESTE 22.353 1,922 102 2,2  ALTA FLORESTA DO OESTE 19.161 1,648 87 2,2  CANDEIAS DO JAMARI 17.705 1,523 80 2,2  PRESIDENTE MÉDICI 17.010 1,463 77 2,2  NOVA MAMORÉ 16.905 1,454 77 2,2  SÃO MIGUEL DO GUAPORÉ 16.357 1,407 74 2,2  NOVA BRASILÂNDIA DO OESTE 14.682 1,263 67 2,2  COLORADO DO OESTE 13.866 1,193 63 2,2  CEREJEIRAS 13.830 1,189 63 2,2  ALVORADA DO OESTE 12.553 1,08 57 2,2  ALTO PARAÍSO 11.925 1,026 54 2,2  SÃO FRANCISCO DO GUAPORÉ 10.975 0,944 50 2,2  CUJUBIM 10.512 0,904 50 2,1  MONTE NEGRO 9.910 0,852 50 2,0  URUPÁ 9.615 0,827 50 1,9  SERINGUEIRAS 9.338 0,803 50 1,9  COSTA MARQUES 9.045 0,778 50 1,8  MIRANTE DA SERRA 9.030 0,777 50 1,8  ALTO ALEGRE DOS PARECIS 8.942 0,769 50 1,8  THEOBROMA 8.583 0,738 50 1,7  CAMPO NOVO DE RONDÔNIA 8.053 0,693 50 1,6  NOVO HORIZONTE DO OESTE 7.830 0,673 50 1,6  GOVERNADOR JORGE TEIXEIRA 7.794 0,67 50 1,6  SANTA LUZIA DO OESTE 7.582 0,652 50 1,5  MINISTRO ANDREAZZA 7.305 0,628 50 1,5  VALE DO PARAÍSO 6.539 0,562 50 1,3  CHUPINGUAIA 6.387 0,549 50 1,3  ITAPUÃ DO OESTE 6.336 0,545 50 1,3  CORUMBIARA 6.251 0,538 50 1,3  VALE DO ANARI 6.245 0,537 50 1,2  NOVA UNIÃO 5.594 0,481 50 1,1  SÃO FELIPE DO OESTE 5.087 0,438 50 1,0  CABIXI 4.687 0,403 50 0,9  TEIXEIRÓPOLIS 4.157 0,358 50 0,8  CACAULÂNDIA 3.982 0,342 50 0,8  PARECIS 3.676 0,316 50 0,7  CASTANHEIRAS 3.297 0,284 50 0,7  RIO CRESPO 3.038 0,261 50 0,6  PRIMAVERA DE RONDÔNIA 2.748 0,236 50 0,5  PIMENTEIRAS DO OESTE 2.345 0,202 50 0,5   1.162.713 100,000 4720  "
"24/08/2022";"00:10:36";"2018";"5";"Eleições Gerais 2018";"RO";"RO";"RONDÔNIA";"RO015232018";"17/06/2018";"19812752000185";"IVANI MOTA DE ARAUJO";"BRASIL DADOS";"Governador, Deputado Estadual, Deputado Federal, Senador";"16/06/2018";"20/06/2018";"1080";"8602";"Diogo de Mello Brito da Silva";"9200,00";"19812752000185";"IVANI MOTA DE ARAUJO";"#NULO#";"19812752000185";"IVANI MOTA DE ARAUJO";"O método de amostragem utilizado é a Amostragem por Cotas. Serão feitas entrevistas pessoais, face-a-face, realizadas por entrevistadores treinados pelo instituto através de questionário estruturado, respeitando as cotas de amostragem (Sexo, Faixa Etária, Grau de Instrução e Renda). A distribuição espacial seguirá a proporção da população segundo dados do IBGE, nos municípios abrangidos pela pesquisa.  ";"A alocação da amostra foi proporcional as cotas de sexo, idade e grau de instrução. Para o nível econômico, a pesquisa foi autoponderada, ou seja, a proporção do universo pesquisado é o mesmo daquele encontrado na amostra, não sendo necessário nenhum tipo de ponderação. As proporções das cotas foram as seguintes: 1) sexo: masculino - 49,1% e feminino - 50,9%. 2) idade: 16 a 24 anos - 17,5%, 25 a 34 anos - 23,3%, 35 a 44 anos - 21,4%, 45 a 54 anos - 19,8%, 55 a 69 anos - 12,7% e 70 anos ou mais - 5,3. 3) escolaridade: até ensino fundamental completo - 50,5%, ensino médio incompleto/completo - 35,4% e ensino superior incompleto/completo - 14,1%. Foi considerado um nível de confiança de 95%. Com este nível de confiança e uma amostra de 1.080, a margem de erro da pesquisa é de 3.0 pontos percentuais.  ";"Coleta de dados: Entrevistas pessoais através de questionário estruturado, contendo perguntas filtro, a fim de entrevistar somente o público-alvo desejado. Os entrevistadores são contratados pela BRASIL DADOS e treinados pela empresa. O processo de coleta de dados será monitorado pelos supervisores. São checados, no mínimo, 10% dos questionários aplicados, seja in loco por supervisores de campo ou, posteriormente, por telefone. Internamente, todo o material é verificado, codificado, digitado e, antes do processamento final, realiza-se a conferência da digitação (consistência dos dados).  ";"#NULO#"
"24/08/2022";"00:10:36";"2018";"5";"Eleições Gerais 2018";"RO";"RO";"RONDÔNIA";"RO016162018";"10/10/2018";"19812752000185";"IVANI MOTA DE ARAUJO";"BRASIL DADOS";"Governador";"09/10/2018";"12/10/2018";"1160";"8602";"Diogo de Mello Brito da Silva";"18000,00";"19812752000185";"IVANI MOTA DE ARAUJO";"#NULO#";"19812752000185";"IVANI MOTA DE ARAUJO";"O método de amostragem utilizado é a Amostragem por Cotas. Serão feitas entrevistas pessoais, face-a-face, realizadas por entrevistadores treinados pelo instituto através de questionário estruturado, respeitando as cotas de amostragem (Sexo, Faixa Etária e Grau de Instrução). A distribuição espacial seguirá a proporção da população segundo dados do IBGE, nos municípios abrangidos pela pesquisa.  ";"A alocação da amostra foi proporcional as cotas de sexo, idade e grau de instrução. Para o nível econômico, a pesquisa foi autoponderada, ou seja, a proporção do universo pesquisado é o mesmo daquele encontrado na amostra, não sendo necessário nenhum tipo de ponderação. As proporções das cotas foram as seguintes: 1) sexo: masculino - 49,1% e feminino - 50,9%. 2) idade: 16 a 24 anos - 17,5%, 25 a 34 anos - 23,3%, 35 a 44 anos - 21,4%, 45 a 54 anos - 19,8%, 55 a 69 anos - 12,7% e 70 anos ou mais - 5,3. 3) escolaridade: até ensino fundamental completo - 50,5%, ensino médio incompleto/completo - 35,4% e ensino superior incompleto/completo - 14,1%. Foi considerado um nível de confiança de 95%. Com este nível de confiança e uma amostra de 1.160, a margem de erro da pesquisa é de 3.0 pontos percentuais.  ";"Coleta de dados: Entrevistas pessoais através de questionário estruturado, contendo perguntas filtro, a fim de entrevistar somente o público-alvo desejado. Os entrevistadores são contratados pela BRASIL DADOS e treinados pela empresa. O processo de coleta de dados será monitorado pelos supervisores. São checados, no mínimo, 10% dos questionários aplicados, seja in loco por supervisores de campo ou, posteriormente, por telefone. Internamente, todo o material é verificado, codificado, digitado e, antes do processamento final, realiza-se a conferência da digitação (consistência dos dados).  ";"Anexo"
"24/08/2022";"00:10:36";"2018";"5";"Eleições Gerais 2018";"RO";"RO";"RONDÔNIA";"RO016352018";"27/08/2018";"29842579000111";"REAL TIME BIG DATA GESTAO DE DADOS LTDA.";"REAL TIME BIG DATA";"Senador, Governador";"28/08/2018";"28/08/2018";"1000";"7655";"Augusto da Silva Rocha";"15000,00";"29842579000111";"REAL TIME BIG DATA GESTAO DE DADOS LTDA.";"#NULO#";"29842579000111";"REAL TIME BIG DATA GESTAO DE DADOS LTDA.";"Pesquisa quantitativa, que consiste na realização de entrevistas por telefone, com a aplicação de questionário estruturado junto a uma amostra, representativa do eleitorado em estudo.";"Universo: 1.175.733 eleitores (TSE). Amostra: 1000 entrevistas. Nível de Confiança: 95%. Margem de Erro: até 3 pontos percentuais para mais ou para menos. Divisão Censitária. Ponderação quanto ao sexo e faixa etária: Masculino de 16 a 24 anos (8,5%), Masculino de 25 a 34 anos (11,1%), Masculino de 35 a 44 anos (10,3%), Masculino de 45 a 59 anos (11,8%) e Masculino acima de 59 anos (7,4%). Feminino de 16 a 24 anos (8,9%), Feminino de 25 a 34 anos (12,0%), Feminino de 35 a 44 anos (11,1%), Feminino de 45 a 59 anos (11,9%) e Feminino acima de 59 anos (6,9%). Ponderação quanto ao nível de instrução: 33,6% de Analfabeto / Fundamental Incompleto, 16,0% de Lê e escreve / Fundamental Completo, 36,2% de Médio Incompleto / Médio Completo e 14,2% de Superior Incompleto / Superior Completo. Ponderação quanto a distribuição por renda mensal domiciliar: 23,0% até 1 SM, 26,0% de 1 até 2 SM, 33,1% de 2 até 5 SM, 12,5% de 5 até 10 SM e 5,4% acima de 10 SM.";"Checagem de 20% da amostra efetuada pelos supervisores. Todos os entrevistadores foram amplamente treinados e orientados tanto teoricamente quanto praticamente sobre suas responsabilidade e funções, respeitando as cotas pré-estabelecidas. A equipe está dividida em coordenadoria-geral / supervisores / entrevistadores.";"Em anexo."
"24/08/2022";"00:10:36";"2018";"5";"Eleições Gerais 2018";"RO";"RO";"RONDÔNIA";"RO016832018";"13/10/2018";"29842579000111";"REAL TIME BIG DATA GESTAO DE DADOS LTDA.";"REAL TIME BIG DATA";"Governador";"17/10/2018";"18/10/2018";"1500";"7655";"Augusto da Silva Rocha";"7000,00";"29842579000111";"REAL TIME BIG DATA GESTAO DE DADOS LTDA.";"#NULO#";"29842579000111";"REAL TIME BIG DATA GESTAO DE DADOS LTDA.";"Pesquisa quantitativa, que consiste na realização de entrevistas por telefone, com a aplicação de questionário estruturado junto a uma amostra, representativa do eleitorado em estudo.";"Universo: 1.175.733 eleitores (TSE). Amostra: 1500 entrevistas. Nível de Confiança: 95%. Margem de Erro: até 3 pontos percentuais para mais ou para menos. Divisão Censitária. Ponderação quanto ao sexo e faixa etária: Masculino de 16 a 24 anos (8,5%), Masculino de 25 a 34 anos (11,1%), Masculino de 35 a 44 anos (10,3%), Masculino de 45 a 59 anos (11,8%) e Masculino acima de 59 anos (7,4%). Feminino de 16 a 24 anos (8,9%), Feminino de 25 a 34 anos (12,0%), Feminino de 35 a 44 anos (11,1%), Feminino de 45 a 59 anos (11,9%) e Feminino acima de 59 anos (6,9%). Ponderação quanto ao nível de instrução: 34% de Analfabeto / Fundamental Incompleto, 16% de Lê e escreve / Fundamental Completo, 36% de Médio Incompleto / Médio Completo e 14% de Superior Incompleto / Superior Completo. Ponderação quanto a distribuição por renda mensal domiciliar: 23% até 1 SM, 26% de 1 até 2 SM, 33% de 2 até 5 SM, 12% de 5 até 10 SM e 5% acima de 10 SM. Fonte de Dados: IBGE e TSE 2018.";"Checagem de 20% da amostra efetuada pelos supervisores. Todos os entrevistadores foram amplamente treinados e orientados tanto teoricamente quanto praticamente sobre suas responsabilidade e funções, respeitando as cotas pré-estabelecidas. A equipe está dividida em coordenadoria-geral / supervisores / entrevistadores.";"Em anexo."
"24/08/2022";"00:10:36";"2018";"5";"Eleições Gerais 2018";"RO";"RO";"RONDÔNIA";"RO021032018";"01/10/2018";"28780441000172";"IHPEC - INSTITUTO HAVERROTH DE POLITICA, ESTATISTICA E COMUNICACAO LTDA.";"INSTITUTO HAVERROTH";"Senador, Deputado Distrital, Governador, Deputado Estadual, Deputado Federal";"01/10/2018";"06/10/2018";"2525";"10552 CONRE1º Região";" Tuannhy Rozeira Haverroth";"30000,00";"28780441000172";"IHPEC - INSTITUTO HAVERROTH DE POLITICA, ESTATISTICA E COMUNICACAO LTDA.";"#NULO#";"28780441000172";"IHPEC - INSTITUTO HAVERROTH DE POLITICA, ESTATISTICA E COMUNICACAO LTDA.";"Amostragem Sistemática e estratificada, com aplicação de formulário em entrevista direta in loco em municípios cuja amostra seja superior a 25 entrevistas (ver dados relativos as amostras por município), e por telefone as amostras menores ou iguais que 25 entrevistas. O formulário contem questões espontâneas para deputados estaduais e federais e estimuladas para governo e senado.";"Plano Amostral: Total de entrevistas - 2525. Universo - cerca de 1,18 milhões de eleitores ¿ 52 municípios. Sexo: Homens 50%. mulheres 50%. Idade: 16 a 25(20%), 26 a 35 (20%), 36 a 45 (20%), 46 a 60(20%), acima de 60 anos(20%). Nível Socioeconômico (aleatório): Até um salário, Até três salários, Mais de três salários. Grau de Instrução (aleatório): Até ensino fundamental, Ensino médio, Ensino superior ou mais. Intervalo de confiança 95%, margem de erro 2,5%.";"Os formulários, depois de aplicados, passarão por uma conferência e uma ponderação entre a amostra planejada e a amostra alcançada. O trabalho de campo é supervisionado por um diretor de campo. Uma reamostragem, com 10% do total da amostra alcançada, é feita pelo supervisor para verificação.";"As amostras serão colhidas nas ruas de fluxo de cada município, e o publico rural será encontrado nas rodoviárias de colonos dos municípios.   Segue a tabela com a amostra atribuída a cada município do estado de Rondônia.   Abrangência Quantidade Amostra   Frente 01 (Porto Velho)    1 PORTO VELHO 319.900 640  2 GUAJARÁ-MIRIM 27.826 60  3 CANDEIAS DO JAMARI 17.705 39  4 NOVA MAMORÉ 16.905 38  5 ITAPUÃ DO OESTE 6.336 17    Totais 388.672 794   Frente 02 (Ariquemes e Vale do Jamari Norte) Quantidade Amostra  6 ARIQUEMES 63.473 130  7 MACHADINHO DO OESTE 22.703 49  8 CUJUBIM 10.512 25  9 VALE DO ANARI 6.245 16  10 RIO CRESPO 3.038 10    Totais 105.971 230   Frente 03 (Vale do Jamari Sul) Quantidade Amostra  11 BURITIS 22.509 49  12 ALTO PARAÍSO 11.925 28  13 MONTE NEGRO 9.910 24  14 CAMPO NOVO DE RONDÔNIA 8.053 20  15 CACAULÂNDIA 3.982 12    Totais 56.379 133   Frente 04 (Jaru) Quantidade Amostra  16 JARU 40.743 85  17 GOVERNADOR JORGE TEIXEIRA 7.794 20  18 THEOBROMA 8.583 21    Totais 57.120 126   Frente 05 (Ji-Paraná) Quantidade Amostra  19 JI-PARANÁ 78.530 160  20 OURO PRETO DO OESTE 29.672 63  21 URUPÁ 9.615 23  22 MIRANTE DA SERRA 9.030 22  23 NOVA UNIÃO 5.594 15  24 VALE DO PARAÍSO 6.539 17  25 TEIXEIRÓPOLIS 4.157 12    Totais 143.137 312   Frente 06 (BR 429) Quantidade Amostra  26 PRESIDENTE MÉDICI 17.010 39  27 SÃO MIGUEL DO GUAPORÉ 16.357 37  28 ALVORADA DO OESTE 12.553 29  29 SÃO FRANCISCO DO GUAPORÉ 10.975 25  30 SERINGUEIRAS 9.338 23  31 COSTA MARQUES 9.045 22    Totais 75.278 175   Frente 07 (Cacoal) Quantidade Amostra  32 CACOAL 61.524 125  33 PIMENTA BUENO 27.117 58  34 ESPIGÃO DO OESTE 22.353 49  35 MINISTRO ANDREAZZA 7.305 19    Totais 118.299 251   Frente 08 (Zona da Mata) Quantidade Amostra  36 ROLIM DE MOURA 38.915 82  37 ALTA FLORESTA DO OESTE 19.161 42  38 NOVA BRASILÂNDIA DO OESTE 14.682 33  39 ALTO ALEGRE DOS PARECIS 8.942 22  40 NOVO HORIZONTE DO OESTE 7.830 20  41 SANTA LUZIA DO OESTE 7.582 19  42 SÃO FELIPE DO OESTE 5.087 14  43 PARECIS 3.676 11  44 CASTANHEIRAS 3.297 11  45 PRIMAVERA DE RONDÔNIA 2.748 9    Totais 111.920 263   Frente 09 (Conesul) Quantidade Amostra  46 VILHENA 58.571 121  47 COLORADO DO OESTE 13.866 32  48 CEREJEIRAS 13.830 32  49 CHUPINGUAIA 6.387 17  50 CORUMBIARA 6.251 17  51 CABIXI 4.687 13  52 PIMENTEIRAS DO OESTE 2.345 9    Totais 105.937 241   Total da População e amostra 1.162.713 2525  "
"24/08/2022";"00:10:36";"2018";"5";"Eleições Gerais 2018";"RO";"RO";"RONDÔNIA";"RO022142018";"27/09/2018";"04942645000102";"J J COELHO";"INSTITUTO PHOENIX & ASSOCIADOS";"Deputado Federal, Senador, Governador, Deputado Estadual";"28/09/2018";"02/10/2018";"1257";"7655-A";"Austo da Silva Rocha ";"9500,00";"22969490000171";"HEITOR DE SOUZA SOARES 01468649132 / HSS ASSESSORIA E CONSULTORIA";"Recursos Próprios";"04942645000102";"J J COELHO";"Metodologia de pesquisa:  Metodologia de pesquisa: METODOLOGIA UTILIZADA para unidade federativa do Estado de Rondônia. No DESENVOLVIMENTO DESTA SONDAGEM O objetivo principal desta pesquisa e identificar as intenções de voto, para o pleito majoritário e proporcional, averiguando as devidas tendências. MÉTODO: PROBABILIÍSTICO ESTRATIFICADO COM SORTEIO DE MULTIPLOS ESTÁGIO. Por tratar-se de um estudo descritivo, com característica de um público conhecido, desenvolvemos um método direto, através da amostragem probabilística. Assim na abrangência da área geográfica aplicamos um percentual pré-definido nas proporções do universo dos eleitores, baseando-se também nos percentuais eleitorais para cada micro setor da região pesquisada. De acordo com as tabelas apresentadas. O critério de seleção obedece às informações e dados do TRE e IBGE. As entrevistas serão na quase totalidade efetuadas nos domicílios dos eleitores, após a certificação de que os mesmos votam no Estado e se dispõe a responderes as perguntas apresentadas. Selecionamos (23). Municípios das diversas regiões sorteadas entre aproximadamente 74,4% dos votos das unidades de maiores pesos populacional. Que resulta em mais de 2/3 dá abrangência da população e, por conseguinte do contingente eleitoral de todo estado. Para atingirmos os propósitos deste estudo utilizamos a técnica de pesquisa por amostragem, que reside na apreensão sistemática e extensiva das tendências dos indivíduos inserido no universo pesquisado e que integra a realidade a ser investigada. A validade deste tipo de pesquisa está na possibilidade de se aferir a intensidade de tendências, permitindo a coleta de dados utilizando de um formulário de questionamento misto contendo algumas perguntas estimulada (optativas) e outras semiabertas de caráter mais informativo. Este último tipo de questão permite que se evite indução da resposta, assim, como possibilita que se tenha conhecimento dos quadros de referência dos entrevistados.com isso, obtêm-se também posições qualitativas das opiniões coletadas e que permitam aos interessados: traçar perfis, avaliar gestões e serviço. identificação e desempenho das lideranças, em estudo pelo cruzamento das respostas obtidas. UNIVERSO da pesquisa será constituído pelos eleitores da unidade federativa segmentada pelos variáveis de sexo e faixa etárias e área geográfica definidas a partir da idade 16 anos, integrantes de todas as camadas socioeconômica do estado. Colocamos em campo agente com razoável instrução com nível médio, treinados para o fim especifico, supervisionado por chefe de equipe que acima de tudo primam pela neutralidade dos dados a ser apreendidos. O trabalho terá a duração de até cinco dias programados de acordo com o cronograma de serviços e mais ate (02) dias ininterruptos, serão empregados na tarefa de: Revisão. Processamento e tabulação geral, dos (1257) questionários, aplicados. Finalizando assim com a publicação dos dados, em tempo hábil, salvo se algum acidente de percurso, que possa naturalmente retardar a coleta de dados em campo. Quanto a estratificação das quotas: consiste em si determinar o bairro ou setores censitários por sorteio, determinando ao agente coletor a quantidade de entrevistas para cada período diário e o percentual por faixa etária e sexo tornando assim a amostragem equiprobabilística. EQUIPE: Um grupo de (08) agentes pesquisadores realizara a coleta de dados em campo, nos bairros e localidades sorteadas, dentre os limites dos municípios, coletando assim as entrevistas que haverão de compor a amostragem prevista.  ";"Plano amostral e ponderação quanto a sexo, idade, grau de instrução e nível econômico do entrevistado. intervalo de confiança e margem de erro:  Plano amostral e ponderação quanto a sexo, idade, grau de instrução e nível econômico do entrevistado. intervalo de confiança e margem de erro: Plano amostral e ponderação quanto a sexo, idade, grau de instrução nível econômico do entrevistado. intervalo de confiança e margem de erro: PLANO AMOSTRAL E PODERAÇÃO) a quota de sexo, idade, grau de instrução e nível econômico do entrevistados: intervalo de confiança e margem de erro. plano amostral e ponderação quanto a sexo, idade, a faixa etária ficou definida em cinco categoria: de 16 a 24 anos 20,4% 164 amostras de 25 a 34 anos. 25,1% 202 amostras de 35 a 44 anos 22,1%178 amostra grau de instrução nível econômico do entrevistado. intervalo de confiança e margem de erro: PLANO AMOSTRAL E PODERAÇÃO este plano foi elaborado com base no contingente populacional pautado diretamente no eleitorado, por tratar- se de um levantamento exclusivo de intenção de voto. Com base na eleição vindoura do próximo mês de outubro. Desta forma, baseado nos dados estatístico IBGE referente ao estudo, as quotas com o perfil das pessoas a serem entrevistado como poderá ser observado na tabela de estratificação. QUOTA DE SEXO: com 51,2% de coleta entre as mulheres, o que equivale a quatrocentos e doze amostras e o restante (trezentos e noventa e três) feita no segmento masculino 48,8% do eleitorado do estado Amazonense. IDADE: a faixa etária ficou definida em cinco categorias à saber: de 16 a 24 anos (20,4%), equivalente a 64 amostras. de 25 a 34 anos (25,1%) equivalente a 202 amostras. de 35 44 anos (22,1%) equivalente a 178 amostras. de 45 a 60 anos (20,6%) equivalente a 166 amostras e aos eleitores acimas de 60 anos (11,8%) o que equivale a 95 amostras totalizando assim as entrevistas estratificadas em todo o universo sondado. GRAU DE INSTRUÇÃO: nas devidas proporções apresentadas na tabela do IBGE. Estabelecendo-se assim a margem de erro e nível de confiança. Por outro lado, adequamos a escolha dos bairros dentro da proporcionalidade populacional de cada microrregião geograficamente delimitada. Como também poderá ser visto. Na tabela das regionais e municipais contempladas conforme sua devida densidade eleitoral, mantendo-se assim a proporção no peso amostral de cada unidade regional. Desta forma a amostragem será produzida pelos questionários feitos a base de entrevistas individuais, nos variados setores censitários estratificados, tendo-se como o UNIVERSO da pesquisa os eleitores do estado respaldado no contingente total do Amazonas. Dos quais serão retiradas estas amostras em quantidade representativa, obedecendo aos critérios acima exposto. O intervalo de confiança é de 96%o que significa dizer que em 100 trabalhos desta natureza, somente (04) poderão apresentar uma variação fora do previsto. Margem de erro: para mais ou para menos 2,83% de acordo com a tabela fornecida pelo estatístico responsável. Augusto da Silva Rocha, inscrito no CORRE (1) sob o número 7655-A    Sistema interno de controle e verificação, conferência e fiscalização da coleta de dados e do trabalho de campo:  ";"Sistema interno de controle e verificação, conferência e fiscalização da coleta de dados e do trabalho de campo:  Sistema interno de controle e verificação, conferência e fiscalização da coleta de dados e do trabalho de campo: Sistema interno de controle e verificação, conferência e fiscalização da coleta dos dados de campo: Como variáveis de controle, seguimos à risca neste trabalho a recomendação da Lei Eleitoral Vigente, que estabelece como padrões de controle as variáveis dentro dos percentuais apresentados pelo IBGE nas últimas aferições dos sensos populacionais. Assim enquadramos religiosamente dentro da variável de faixa etária e quota de sexo. O índice amostral que determinarão a ponderação da variável. Respeitando as variações permitida, nunca superiores a margem de erro estabelecido. Quanto a área física em cada bairro será escolhida, as ruas em proporção ao número de amostra de cada unidade, de formas a mapeamos na proporção equiprobabilística. Dentre as cinco classes socioeconômicas definidas A. B. C. D. e E. como também o nível escolaridade dos entrevistados, em número de quatro classes, a saber: superior Completo ou incompleto, básico, primário ou fundamental e semianalfabeta ou analfabeto funcionais, encaixados dentro das proporções do último senso demográfico, funcionando como variáveis decorrentes e não de controle excepcionalmente. As religiões dos entrevistados não requerem qualquer controle, visto que serão elementos somente passiveis ou acompanhamento, desta forma não entram na pauta de controle das informações apreendidas. Na conferência de questionários e revisão de dados se faz de imediato após a coleta de campo, em aproximadamente 15% dos questionários tendo em vista a relação de telefones, ou e-mail fornecidas por parte dos respondentes, tendo em vista também averiguar possíveis irregularidades na coleta ou mesmo no preenchimento dos dados fornecidos. A relação dos bairros com seus respectivos números de amostra serão enviados posteriormente, logo após sejam catalogados todas as amostras planejadas. Questionário (vide copia anexa). Nota: embora a amostragem tenha sido enquadrada proporcionalmente nas devidas faixas de controle, no concernente as variáveis de classe socioeconômica e instrução escolar, possa haver sempre algumas oscilações de faixa, em razão das fontes oficias estarem sempre desatualizadas e as mudanças serem bastante evolutivas de formas a não comprometer a essência dos resultados finais. Assim levamos em conta também dados de outros trabalhos e levantamentos sociológicos feito na região nos últimos anos. Dados relativos aos municípios e bairros abrangidos pala pesquisa. Na ausência de delimitação do bairro, será identificada a área em que foi realizada a pesquisa (6º do art.2º da Resolução- TSE nº 23.453/2015. Até o sétimo dia seguinte ao registro da pesquisa, será ele complementado com os dados. Dados relativos aos municípios e bairros abrangidos pela pesquisa. Na ausência de delimitação do bairro, será identificada a área em que foi realizada a pesquisa (conforme §6º. do art. 2º. da Resolução-TSE nº. 23.549/2017, Até o sétimo dia seguinte ao registro da pesquisa, será ele complementado com os dados relativos aos bairros abrangidos. na ausência de delimitação do bairro, será identificada a área em que foi realizada):    Dados relativos aos municípios e bairros abrangidos pela pesquisa. Na ausência de delimitação do bairro, será identificada a área em que foi realizada a pesquisa(conforme §6º. do art. 2º. da Resolução-TSE nº. 23.549/2017, Até o sétimo dia seguinte ao registro da pesquisa, será ele complementado com os dados relativos aos bairros abrangidos. na ausência de delimitação do bairro, será identificada a área em que foi realizada):      ";"Obs. relação de municípios serão anexados posteriormente"
"24/08/2022";"00:10:36";"2018";"5";"Eleições Gerais 2018";"RO";"RO";"RONDÔNIA";"RO023242018";"13/08/2018";"28780441000172";"IHPEC - INSTITUTO HAVERROTH DE POLITICA, ESTATISTICA E COMUNICACAO LTDA.";"INSTITUTO HAVERROTH";"Governador, Deputado Estadual, Deputado Federal, Senador";"13/08/2018";"18/08/2018";"2525";"10552 1ª região";"Tuannhy Rozeira Haverroth";"30000,00";"28780441000172";"IHPEC - INSTITUTO HAVERROTH DE POLITICA, ESTATISTICA E COMUNICACAO LTDA.";"#NULO#";"28780441000172";"IHPEC - INSTITUTO HAVERROTH DE POLITICA, ESTATISTICA E COMUNICACAO LTDA.";"Amostragem Sistemática e estratificada, com aplicação de formulário em entrevista direta in loco em municípios cuja amostra seja superior a 25 entrevistas (ver dados relativos as amostras por município), e por telefone as amostras menores que 25 entrevistas. O formulário contem questões espontâneas para deputados estaduais e estimuladas para governo e senado.";"Plano Amostral: Total de entrevistas - 2525. Universo - cerca de 1,18 milhões de eleitores ¿ 52 municípios. Sexo: Homens 49%. mulheres 51%. Idade: 16 a 25(20%), 26 a 35 (20%), 36 a 45 (20%), 46 a 60(20%), acima de 60 anos(20%). Nível Socioeconômico (aleatório): Até um salário, Até três salários, Mais de três salários. Grau de Instrução (aleatório): Até ensino fundamental, Ensino médio, Ensino superior ou mais. Intervalo de confiança 95%, margem de erro 2,5%.";"Os formulários, depois de aplicados, passam por uma conferência e uma ponderação entre a amostra planejada e a amostra alcançada. O trabalho de campo é supervisionado por um diretor de campo. Uma reamostragem, com 10% do total da amostra alcançada, é feita pelo supervisor para verificação";"Nos municípios com mais de 25 entrevistas, as amostras serão colhidas nas ruas de fluxo de cada município, e o publico rural será encontrado nas rodoviárias de colonos. As amostras em municípios com menos que 25 entrevistas serão feitas por telefone e watsApp.   Segue tabela (em documento anexo) com as amostras que serão colhidas - por município e região.   Abrangência Quantidade % Amostra   Frente 01 (Porto Velho)        1 PORTO VELHO 319.900 27,513 640  2 GUAJARÁ-MIRIM 27.826 2,393 56  3 CANDEIAS DO JAMARI 17.705 1,523 35  4 NOVA MAMORÉ 16.905 1,454 34  5 ITAPUÃ DO OESTE 6.336 0,545 13    Totais 388.672 33,428 777   Frente 02 (Ariquemes e Vale do Jamari Norte)    6 ARIQUEMES 63.473 5,459 127  7 MACHADINHO DO OESTE 22.703 1,953 45  8 CUJUBIM 10.512 0,904 21  9 VALE DO ANARI 6.245 0,537 12  10 RIO CRESPO 3.038 0,261 6    Totais 105.971 9,114 212   Frente 03 (Vale do Jamari Sul)        11 BURITIS 22.509 1,936 45  12 ALTO PARAÍSO 11.925 1,026 24  13 MONTE NEGRO 9.910 0,852 20  14 CAMPO NOVO DE RONDÔNIA 8.053 0,693 16  15 CACAULÂNDIA 3.982 0,342 8    Totais 56.379 4,849 113   Frente 04 (Jaru)     0  16 JARU 40.743 3,504 81  17 GOVERNADOR JORGE TEIXEIRA 7.794 0,67 16  18 THEOBROMA 8.583 0,738 17    Totais 57.120 4,912 114   Frente 05 (Ji-Paraná)     0  19 JI-PARANÁ 78.530 6,754 157  20 OURO PRETO DO OESTE 29.672 2,552 59  21 URUPÁ 9.615 0,827 19  22 MIRANTE DA SERRA 9.030 0,777 18  23 NOVA UNIÃO 5.594 0,481 11  24 VALE DO PARAÍSO 6.539 0,562 13  25 TEIXEIRÓPOLIS 4.157 0,358 8    Totais 143.137 12,311 286   Frente 06 (BR 429)        26 PRESIDENTE MÉDICI 17.010 1,463 34  27 SÃO MIGUEL DO GUAPORÉ 16.357 1,407 33  28 ALVORADA DO OESTE 12.553 1,08 25  29 SÃO FRANCISCO DO GUAPORÉ 10.975 0,944 22  30 SERINGUEIRAS 9.338 0,803 19  31 COSTA MARQUES 9.045 0,778 18    Totais 75.278 6,475 151   Frente 07 (Cacoal)        32 CACOAL 61.524 5,291 123  33 PIMENTA BUENO 27.117 2,332 54  34 ESPIGÃO DO OESTE 22.353 1,922 45  35 MINISTRO ANDREAZZA 7.305 0,628 15    Totais 118.299 10,173 237   Frente 08 (Zona da Mata)        36 ROLIM DE MOURA 38.915 3,347 78  37 ALTA FLORESTA DO OESTE 19.161 1,648 38  38 NOVA BRASILÂNDIA DO OESTE 14.682 1,263 29  39 ALTO ALEGRE DOS PARECIS 8.942 0,769 18  40 NOVO HORIZONTE DO OESTE 7.830 0,673 16  41 SANTA LUZIA DO OESTE 7.582 0,652 15  42 SÃO FELIPE DO OESTE 5.087 0,438 10  43 PARECIS 3.676 0,316 7  44 CASTANHEIRAS 3.297 0,284 7  45 PRIMAVERA DE RONDÔNIA 2.748 0,236 5    Totais 111.920 9,626 224   Frente 09 (Conesul)        46 VILHENA 58.571 5,037 117  47 COLORADO DO OESTE 13.866 1,193 28  48 CEREJEIRAS 13.830 1,189 28  49 CHUPINGUAIA 6.387 0,549 13  50 CORUMBIARA 6.251 0,538 13  51 CABIXI 4.687 0,403 9  52 PIMENTEIRAS DO OESTE 2.345 0,202 5    Totais 105.937 9,111 212          Frente 09 (Conesul)        46 VILHENA 58.571 5,037 117  47 COLORADO DO OESTE 13.866 1,193 28  48 CEREJEIRAS 13.830 1,189 28  50 CORUMBIARA 6.251 0,538 13  51 CABIXI 4.687 0,403 9  52 PIMENTEIRAS DO OESTE 2.345 0,202 5    Totais 99.550 8,562 199         Total de amostra            2.525       "
"24/08/2022";"00:10:36";"2018";"5";"Eleições Gerais 2018";"RO";"RO";"RONDÔNIA";"RO023612018";"12/07/2018";"19812752000185";"IVANI MOTA DE ARAUJO";"BRASIL DADOS";"Governador, Deputado Estadual, Deputado Federal, Senador";"13/07/2018";"15/07/2018";"1080";"8602";"Diogo de Mello Brito da Silva";"16500,00";"13910560000125";"RLA SERVICOS EIRELI / WWW.VIARONDONIA.COM";"Recursos Próprios";"19812752000185";"IVANI MOTA DE ARAUJO";"O método de amostragem utilizado é a Amostragem por Cotas. Serão feitas entrevistas pessoais, face-a-face, realizadas por entrevistadores treinados pelo instituto através de questionário estruturado, respeitando as cotas de amostragem (Sexo, Faixa Etária, Grau de Instrução e Renda). A distribuição espacial seguirá a proporção da população segundo dados do IBGE, nos municípios abrangidos pela pesquisa.  ";"A alocação da amostra foi proporcional as cotas de sexo, idade e grau de instrução. Para o nível econômico, a pesquisa foi autoponderada, ou seja, a proporção do universo pesquisado é o mesmo daquele encontrado na amostra, não sendo necessário nenhum tipo de ponderação. As proporções das cotas foram as seguintes: 1) sexo: masculino - 49,1% e feminino - 50,9%. 2) idade: 16 a 24 anos - 17,5%, 25 a 34 anos - 23,3%, 35 a 44 anos - 21,4%, 45 a 54 anos - 19,8%, 55 a 69 anos - 12,7% e 70 anos ou mais - 5,3. 3) escolaridade: até ensino fundamental completo - 50,5%, ensino médio incompleto/completo - 35,4% e ensino superior incompleto/completo - 14,1%. Foi considerado um nível de confiança de 95%. Com este nível de confiança e uma amostra de 1.080, a margem de erro da pesquisa é de 3.0 pontos percentuais.";"Coleta de dados: Entrevistas pessoais através de questionário estruturado, contendo perguntas filtro, a fim de entrevistar somente o público-alvo desejado. Os entrevistadores são contratados pela BRASIL DADOS e treinados pela empresa. O processo de coleta de dados será monitorado pelos supervisores. São checados, no mínimo, 10% dos questionários aplicados, seja in loco por supervisores de campo ou, posteriormente, por telefone. Internamente, todo o material é verificado, codificado, digitado e, antes do processamento final, realiza-se a conferência da digitação (consistência dos dados).";"em anexo"
"24/08/2022";"00:10:36";"2018";"5";"Eleições Gerais 2018";"RO";"RO";"RONDÔNIA";"RO023952018";"11/07/2018";"04942645000102";"J J COELHO";"INSTITUTO PHOENIX & ASSOCIADOS";"Governador, Deputado Estadual, Deputado Federal, Senador";"11/07/2018";"15/07/2018";"1445";"7655-A";"Augusto da Silva Rocha";"8200,00";"19306841000150";"FRANCO & RODRIGUES COMUNICACAO SOCIAL  E EMPREENDIMENTOS LTDA / JORNAL CORREIO CONTINENTAL RO";"Recursos Próprios";"04942645000102";"J J COELHO";"Metodologia de pesquisa:     METODOLOGIA UTILIZADA para unidade federativa do Estado de Rondônia. No DESENVOLVIMENTO DESTA SONDAGEM O objetivo principal desta pesquisa e identificar as intenções de voto, para o pleito majoritário e proporcional, averiguando as devidas tendências. MÉTODO: PROBABILIÍSTICO ESTRATIFICADO COM SORTEIO DE MULTIPLOS ESTÁGIO. Por tratar-se de um estudo descritivo, com característica de um público conhecido, desenvolvemos um método direto, através da amostragem probabilística. Assim na abrangência da área geográfica aplicamos um percentual pré-definido nas proporções do universo dos eleitores, baseando-se também nos percentuais eleitorais para cada micro setor da região pesquisada. De acordo com as tabelas apresentadas. O critério de seleção obedece às informações e dados do TRE e IBGE. As entrevistas serão na quase totalidade efetuadas nos domicílios dos eleitores, após a certificação de que os mesmos votam no Estado e se dispõe a responderes as perguntas apresentadas. Selecionamos (23). Municípios das diversas regiões sorteadas entre aproximadamente 73% dos votos das unidades de maiores pesos populacional. Que resulta em mais de 2/3 dá abrangência da população e por conseguinte do contingente eleitoral de todo estado. Para atingirmos os propósitos deste estudo utilizamos a técnica de pesquisa por amostragem, que reside na apreensão sistemática e extensiva das tendências dos indivíduos inserido no universo pesquisado e que integra a realidade a ser investigada. A validade deste tipo de pesquisa está na possibilidade de se aferir a intensidade de tendências, permitindo a coleta de dados utilizando de um formulário de questionamento misto contendo algumas perguntas estimulada (optativas) e outras semiabertas de caráter mais informativo. Este último tipo de questão permite que se evite indução da resposta, assim, como possibilita que se tenha conhecimento dos quadros de referência dos entrevistados.com isso, obtêm-se também posições qualitativas das opiniões coletadas e que permitam aos interessados: traçar perfis, avaliar gestões e serviço. identificação e desempenho das lideranças, em estudo pelo cruzamento das respostas obtidas. UNIVERSO da pesquisa será constituído pelos eleitores da unidade federativa segmentada pelos variáveis de sexo e faixa etárias e área geográfica definidas a partir da idade 16 anos, integrantes de todas as camadas socioeconômica do estado. Colocamos em campo agente com razoável instrução com nível médio, treinados para o fim especifico, supervisionado por chefe de equipe que acima de tudo primam pela neutralidade dos dados a ser apreendidos. O trabalho terá a duração de ate cinco dias programados de acordo com o cronograma de serviços e mais ate (02) dias ininterruptos, serão empregados na tarefa de: Revisão. Processamento e tabulação geral, dos 1445 questionários, aplicados. Finalizando assim com a publicação dos dados, em tempo hábil, salvo se algum acidente de percurso, que possa naturalmente retardar a coleta de dados em campo. Quanto a estratificação das quotas: consiste em si determinar o bairro ou setores censitários por sorteio, determinando ao agente coletor a quantidade de entrevistas para cada período diário e o percentual por faixa etária e sexo tornando assim a amostragem eqüiprobabilística. EQUIPE: Um grupo de (09) agentes pesquisadores realizara a coleta de dados em campo, nos bairros e localidades sorteadas, dentre os limites dos municípios, coletando assim as entrevistas que haverão de compor a amostragem prevista.      ";"  Plano amostral e ponderação quanto a sexo, idade, grau de instrução nível econômico do entrevistado. intervalo de confiança e margem de erro:      PLANO AMOSTRAL E PODERAÇÃO) a quota de sexo, idade, grau de instrução e nível econômico do entrevistados: intervalo de confiança e margem de erro. plano amostral e ponderação quanto a sexo, idade, a faixa etária ficou definida em cinco categoria: de 16 a 24 anos 20,4% 164 amostras de 25 a 34 anos. 25,1% 202 amostras de 35 a 44 anos 22,1%178 amostra grau de instrução nível econômico do entrevistado. intervalo de confiança e margem de erro: PLANO AMOSTRAL E PODERAÇÃO este plano foi elaborado com base no contingente populacional pautado diretamente no eleitorado, por tratar- se de um levantamento exclusivo de intenção de voto. Com base na eleição vindoura do próximo mês de outubro. Desta forma, baseado nos dados estatístico IBGE referente ao estudo, as quotas com o perfil das pessoas a serem entrevistado como poderá ser observado na tabela de estratificação. QUOTA DE SEXO: com 51,2% de coleta entre as mulheres, o que equivale a quatrocentos e doze amostras e o restante (trezentos e noventa e três) feita no segmento masculino 48,8% do eleitorado do estado Amazonense. IDADE: a faixa etária ficou definida em cinco categorias à saber: de 16 a 24 anos (20,4%), equivalente a 64 amostras. de 25 a 34 anos (25,1%) equivalente a 202 amostras. de 35 44 anos (22,1%) equivalente a 178 amostras. de 45 a 60 anos (20,6%) equivalente a 166 amostras e aos eleitores acimas de 60 anos (11,8%) o que equivale a 95 amostras totalizando assim as 805 entrevistas estratificadas em todo o universo sondado. GRAU DE INSTRUÇÃO: nas devidas proporções apresentadas na tabela do IBGE. Estabelecendo-se assim a margem de erro e nível de confiança. Por outro lado, adequamos a escolha dos bairros dentro da proporcionalidade populacional de cada microrregião geograficamente delimitada. Como também poderá ser visto. Na tabela das  regionais e municipais contempladas conforme sua devida densidade eleitoral,  mantendo-se assim a proporção no peso amostral de cada unidade regional. Desta forma a amostragem será produzida pelos questionários feitos a base de entrevistas individuais, nos variados setores censitários estratificados, tendo-se como o UNIVERSO da pesquisa os eleitores do estado respaldado no contingente total do Amazonas. Dos quais serão retiradas estas amostras em quantidade representativa, obedecendo aos critérios acima exposto. O intervalo de confiança é de 96%o que significa dizer que em 100 trabalhos desta natureza, somente (04) poderão apresentar uma variação fora do previsto. Margem de erro: para mais ou para menos 2,83% de acordo com a tabela fornecida pelo estatístico responsável. Augusto da Silva Rocha, inscrito no CORRE (1) sob o número 7655-A    ";"Sistema interno de controle e verificação, conferência e fiscalização da coleta dos dados de campo:    Como variáveis de controle, seguimos à risca neste trabalho as recomendação da Lei Eleitoral Vigente, que estabelece como padrões de controle as variáveis dentro dos percentuais apresentados pelo IBGE nas últimas aferições dos sensos populacionais. Assim enquadramos religiosamente dentro da variável de faixa etária e quota de sexo. O índice amostral que determinarão a ponderação da variável. Respeitando as variações permitida, nunca superiores a margem de erro estabelecido. Quanto a área física em cada bairro será escolhida, as ruas em proporção ao número de amostra de cada unidade, de formas a mapeamos na proporção equiprobabilística. Dentre as cinco classes socioeconômicas definidas A. B. C. D. e E.  como também o nível escolaridade dos entrevistados, em número de quatro classes, a saber: superior Completo ou incompleto, básico, primário ou fundamental e semianalfabeta ou analfabeto funcionais, encaixados dentro das proporções do último senso demográfico, funcionando como variáveis decorrentes e não de controle excepcionalmente. As religiões dos entrevistados não requerem qualquer controle, visto que serão elementos somente passiveis ou acompanhamento, desta forma não entram na pauta de controle das informações apreendidas. Na conferência de questionários e revisão de dados se faz de imediato após a coleta de campo, em aproximadamente 15% dos questionários tendo em vista a relação de telefones, ou e-mail fornecidas por parte dos respondentes, tendo em vista também averiguar possíveis irregularidades na coleta ou mesmo no preenchimento dos dados fornecidos. A relação dos bairros com seus respectivos números de amostra serão enviados posteriormente, logo após sejam catalogados todas as amostras planejadas. Questionário (vide copia anexa). Nota: embora a amostragem tenha sido enquadrada proporcionalmente nas devidas faixas de controle, no concernente as variáveis de classe socioeconômica e instrução escolar, possa haver sempre algumas oscilações de faixa, em razão das fontes oficias estarem sempre desatualizadas e as mudanças serem bastante evolutivas de formas a não comprometer a essência dos resultados finais. Assim levamos em conta também dados de outros trabalhos e levantamentos sociológicos feito na região nos últimos anos.   Dados relativos aos municípios e bairros abrangidos pala pesquisa. Na ausência de delimitação do bairro, será identificada a área em que foi realizada a pesquisa (6º do art.2º da Resolução- TSE nº 23.453/2015. Ate o sétimo dia seguinte ao registro da pesquisa, será ele complementado com os dados.      ";"obs. relação dos municípios serão anexados posteriormente "
"24/08/2022";"00:10:36";"2018";"5";"Eleições Gerais 2018";"RO";"RO";"RONDÔNIA";"RO027292018";"27/08/2018";"19812752000185";"IVANI MOTA DE ARAUJO";"BRASIL DADOS";"Governador, Deputado Estadual, Deputado Federal, Senador";"27/08/2018";"30/08/2018";"1080";"8602";"Diogo de Mello Brito da Silva";"15200,00";"19812752000185";"IVANI MOTA DE ARAUJO";"#NULO#";"19812752000185";"IVANI MOTA DE ARAUJO";"O método de amostragem utilizado é a Amostragem por Cotas. Serão feitas entrevistas pessoais, face-a-face, realizadas por entrevistadores treinados pelo instituto através de questionário estruturado, respeitando as cotas de amostragem (Sexo, Faixa Etária e Grau de Instrução). A distribuição espacial seguirá a proporção da população segundo dados do IBGE, nos municípios abrangidos pela pesquisa.  ";"A alocação da amostra foi proporcional as cotas de sexo, idade e grau de instrução. Para o nível econômico, a pesquisa foi autoponderada, ou seja, a proporção do universo pesquisado é o mesmo daquele encontrado na amostra, não sendo necessário nenhum tipo de ponderação. As proporções das cotas foram as seguintes: 1) sexo: masculino - 49,1% e feminino - 50,9%. 2) idade: 16 a 24 anos - 17,5%, 25 a 34 anos - 23,3%, 35 a 44 anos - 21,4%, 45 a 54 anos - 19,8%, 55 a 69 anos - 12,7% e 70 anos ou mais - 5,3. 3) escolaridade: até ensino fundamental completo - 50,5%, ensino médio incompleto/completo - 35,4% e ensino superior incompleto/completo - 14,1%. Foi considerado um nível de confiança de 95%. Com este nível de confiança e uma amostra de 1.080, a margem de erro da pesquisa é de 3.0 pontos percentuais.  ";"Coleta de dados: Entrevistas pessoais através de questionário estruturado, contendo perguntas filtro, a fim de entrevistar somente o público-alvo desejado. Os entrevistadores são contratados pela BRASIL DADOS e treinados pela empresa. O processo de coleta de dados será monitorado pelos supervisores. São checados, no mínimo, 10% dos questionários aplicados, seja in loco por supervisores de campo ou, posteriormente, por telefone. Internamente, todo o material é verificado, codificado, digitado e, antes do processamento final, realiza-se a conferência da digitação (consistência dos dados).  ";"Anexo"
"24/08/2022";"00:10:36";"2018";"5";"Eleições Gerais 2018";"RO";"RO";"RONDÔNIA";"RO029232018";"04/05/2018";"19812752000185";"IVANI MOTA DE ARAUJO";"BRASIL DADOS";"Governador, Deputado Estadual, Deputado Federal, Senador";"26/04/2018";"04/05/2018";"1180";"8602";"Diogo de Mello Brito da Silva";"9200,00";"13910560000125";"RLA SERVICOS EIRELI / REPORTER1.COM.BR / RONEWS.COM.BR";"Recursos Próprios";"19812752000185";"IVANI MOTA DE ARAUJO";"O método de amostragem utilizado é a Amostragem por Cotas. Serão feitas entrevistas pessoais, face-a-face, realizadas por entrevistadores treinados pelo instituto através de questionário estruturado, respeitando as cotas de amostragem (Sexo, Faixa Etária, Grau de Instrução e Renda). A distribuição espacial seguirá a proporção da população segundo dados do IBGE, nos municípios abrangidos pela pesquisa.  ";"A alocação da amostra foi proporcional as cotas de sexo, idade e grau de instrução. Para o nível econômico, a pesquisa foi autoponderada, ou seja, a proporção do universo pesquisado é o mesmo daquele encontrado na amostra, não sendo necessário nenhum tipo de ponderação. As proporções das cotas foram as seguintes: 1) sexo: masculino - 49,1% e feminino - 50,9%. 2) idade: 16 a 24 anos - 17,5%, 25 a 34 anos - 23,3%, 35 a 44 anos - 21,4%, 45 a 54 anos - 19,8%, 55 a 69 anos - 12,7% e 70 anos ou mais - 5,3. 3) escolaridade: até ensino fundamental completo - 50,5%, ensino médio incompleto/completo - 35,4% e ensino superior incompleto/completo - 14,1%. Foi considerado um nível de confiança de 95%. Com este nível de confiança e uma amostra de 1.180, a margem de erro da pesquisa é de 3.0 pontos percentuais.  ";"Coleta de dados: Entrevistas pessoais através de questionário estruturado, contendo perguntas filtro, a fim de entrevistar somente o público-alvo desejado. Os entrevistadores são contratados pela BRASIL DADOS e treinados pela empresa. O processo de coleta de dados será monitorado pelos supervisores. São checados, no mínimo, 10% dos questionários aplicados, seja in loco por supervisores de campo ou, posteriormente, por telefone. Internamente, todo o material é verificado, codificado, digitado e, antes do processamento final, realiza-se a conferência da digitação (consistência dos dados).  ";"Cidades: Guajará-Mirim, Nova Mamoré, Porto Velho, Candeias do Jamari, Cujubim, Machadinho do Oeste, Jaru, Ariquemes, Buritis, São Francisco do Guaporé, São Miguel do Guaporé, Ouro Preto do Oeste, Ji-Paraná, Presidente Médici, Alvorada do Oeste, Rolim de Moura, Nova Brasilândia, Cacoal, Espigão do Oeste, Pimenta Bueno, Vilhena, Colorado do Oeste e Cerejeira   "
"24/08/2022";"00:10:36";"2018";"5";"Eleições Gerais 2018";"RO";"RO";"RONDÔNIA";"RO030152018";"16/08/2018";"68802370000186";"IBOPE INTELIGENCIA PESQUISA E CONSULTORIA LTDA";"#NULO#";"Governador, Senador";"16/08/2018";"22/08/2018";"812";"6208-A";"Márcia Cavallari Nunes";"120569,00";"04387825000161";"RADIO TV DO AMAZONAS LTDA / REDE AMAZONICA RADIO E TELEVISAO";"Recursos Próprios";"68802370000186";"IBOPE INTELIGENCIA PESQUISA E CONSULTORIA LTDA";"Pesquisa quantitativa, que consiste na realização de entrevistas pessoais, com a aplicação de questionário estruturado junto a uma amostra representativa do eleitorado em estudo. Pesquisa realizada no estado de Rondônia.";"Representativo do eleitorado da área em estudo, elaborada em três estágios. No primeiro estágio faz-se um sorteio probabilístico dos municípios, onde as entrevistas serão realizadas, pelo método PPT (Probabilidade Proporcional ao Tamanho), tomando o eleitorado como base para tal seleção. No segundo estágio faz-se um sorteio probabilístico dos setores censitários, onde as entrevistas serão realizadas, pelo método PPT (Probabilidade Proporcional ao Tamanho), tomando a população de 16 anos ou mais residente nos setores como base para tal seleção. No terceiro e último estágio, dentro dos setores sorteados, os respondentes são selecionados através de quotas amostrais proporcionais em função de variáveis significativas, a saber: IDADE: 16-24 (masculino) 21% (feminino) 20%. 25-34 (masculino) 27% (feminino) 26%. 35-44 (masculino) 22% (feminino) 24%. 45-54 (masculino) 15% (feminino) 16%. 55 e+ (masculino) 15% (feminino) 13%. INSTRUÇÃO: Até Ensino Médio (masculino) 86% (feminino) 79%. Ensino Superior (masculino) 14% (feminino) 21%. NÍVEL ECONÔMICO: Economicamente ativo (masculino) 79% (feminino) 52%. Não Economicamente ativo (masculino) 21% (feminino) 48%. Está prevista eventual ponderação para correção das variáveis sexo e idade, com base nos percentuais anteriormente mencionados, caso ocorram diferenças superiores a 3 pontos percentuais entre o previsto na amostra e a coleta de dados realizada. Para as variáveis de grau de instrução e nível econômico do entrevistado, o fator previsto para ponderação é 1 (resultados obtidos em campo). O nível de confiança estimado é de 95% e a margem de erro máxima estimada considerando um modelo de amostragem aleatório simples, é de 03 (três) pontos percentuais para mais ou para menos sobre os resultados encontrados no total da amostra. FONTE DOS DADOS: Censo 2010 | PNADC 2016 | TSE 2018.";"Para a realização da pesquisa, utiliza-se uma equipe de entrevistadores e supervisores contratados pelo IBOPE INTELIGÊNCIA PESQUISA E CONSULTORIA LTDA. devidamente treinados para o trabalho. Após os trabalhos de campo, os questionários são submetidos a uma fiscalização de cerca de 20% (vinte por cento) dos questionários aplicados pelos entrevistadores. para verificação das respostas e da adequação dos entrevistados aos parâmetros amostrais.";"A área de abrangência da coleta é Rondônia. A relação das localidades selecionadas para aplicação da amostra será apresentada até o 7º dia seguinte ao registro da pesquisa, conforme expresso no art. 2º, §6º da Resolução 23.549/2017 do TSE.    "
"24/08/2022";"00:10:36";"2018";"5";"Eleições Gerais 2018";"RO";"RO";"RONDÔNIA";"RO033002018";"15/05/2018";"04942645000102";"J J COELHO";"INSTITUTO PHOENIX & ASSOCIADOS";"Governador, Deputado Estadual, Deputado Federal, Senador";"18/05/2018";"21/05/2018";"1352";"7655-A";"Augusto da Silva Rocha";"8000,00";"07476074000148";"JR SERVICOS DE EDICAO DE JORNAL RONDONIA LTDA / DIVULGADORA BRASIL DE MULTIMIDIA";"Recursos Próprios";"04942645000102";"J J COELHO";"Metodologia de pesquisa: METODOLOGIA UTILIZADA ESTADO DE RONDONIA- RO NO DESENVOLVIMENTO DESTA SONDAGEM O objetivo principal desta pesquisa e identificar as intenções de voto, para o pleito majoritário averiguando as devidas tendências. MÉTODO: PROBABILIÍSTICO ESTRATIFICADO COM SORTEIO DE MULTIPLOS ESTÁGIO. Por tratar-se de um estudo descritiva. Com característica de um publico conhecido, desenvolvemos um método direto, através da amostragem probabilística. Assim na abrangência da área geográfica aplicamos um percentual pré-definido nas proporções do universo dos eleitores, baseando-se também nos percentuais eleitorais para cada micro setor da região pesquisada. De acordo com as tabela apresentadas. O critério de seleção obedece as informações e dados do TRE e IBGE. As entrevistas serão na quase totalidade efetuadas nos domicílios dos eleitores, após a certificação de que os mesmos votam no Estado e se dispõe a responderes as perguntas apresentadas. Selecionamos (15). Municípios periferias das regiões sorteadas entre as determinadas regiões. Afim de que possamos ter a representatividade necessária. Que resulta em mais de 2/3das abrangência da população e do contingente eleitoral de todo estado para atingirmos os propósitos deste estudo utilizamos a técnica de pesquisa por amostragem, que reside na apreensão sistemática e extensiva das tendências dos indivíduos inserido no universo pesquisados e que integra a realidade a ser investigada. A validade deste tipo de pesquisa esta na possibilidade de se aferir á intensidade de tendências, permitindo e coleta de dados utilizados será um formulário de questionamento misto contendo algumas perguntas estimulada (optativas) e outras semiábertas de caráter mais informativo. Este último tipo de questão permite que se evite indução da resposta, assim, como possibilita que se tenha conhecimento dos quadros de referencia dos entrevistados.com isso, obtêm-se também posições qualitativas das opiniões coletadas e que permitam aos interessados: traçar perfis, avaliar gestões e serviço. identificação e desempenho distados: traçar perfis, avaliar gestões e serviço. identificação e desempenho das ações em estudo, pelo cruzamento das respostas obtidas. UNIVERSO da pesquisa será constituído pelos eleitores da unidade federativa segmentada pelos variáveis de sexo e faixa etárias definidas a partir da idade 16 anos, integrantes de todas as camadas socioeconômica dos resultados, colocamos em campo agente de instrução com nível médio, treinados para o fim especifico, supervisionado Por chefe de equipe que acima de tudo primam pela neutralidade dos dados apreendidos. O trabalho terá a duração de ate quatro dias programados de acordo com o cronograma de serviços e mais ate (02) dias ininterruptos, serão empregados na tarefa de: Revisão. Processamento e tabulação geral, dos 1201 questionário. Aplicados finalizando assim com a publicação dos dados, salvo se algum acidente de percurso, que possa naturalmente retardar a coleta de dados em campo. Quanto a estratificação das quotas: consiste em si determinar o bairro ou setores por sorteio, determinando ao agente coletor a quantidade de entrevistas para cada período diário e o percentual por faixa etária e sexo tornando assim a amostragem eqüiprobabilística. EQUIPE: Um grupo de (09) agentes pesquisadores realizara a coleta de dados em campo, nos bairros e localidades sorteadas, dentre os limites do municípios, coletando assim as entrevistas que haverão de compor a amostragem prevista.";"  Plano amostral e ponderação quanto a sexo, idade, grau de instrução e nível econômico do entrevistado. intervalo de confiança e margem de erro:  Plano amostral e ponderação quanto a sexo, idade, grau de instrução nível econômico do entrevistado. intervalo de confiança e margem de erro: PLANO AMOSTRAL E PODERAÇÃO) este plano foi elaborado com base no contingente populacional pautados diretamente no eleitorado do estado por tratar-se de um levantamento exclusivo de intenção de voto, com vindoura do próximo mês de outubro . desta forma, baseado nos dados estatísticos do IBGE referente ao município, as quotas com o perfil das pessoas a serem entrevistado como poderá ser observado na tabela de estratificação. Quota a sexo, idade, grau, de instrução nas devidas proporções dos entrevistados. Estabelecendo-se assim a margem de erro e nível de confiança. Por outro lado, adequamos a escolha dos bairros dentro da proporcionalidade populacional de cada micros Região geograficamente delimitado. Como também poderá ser visto. As seis regiões foram contempladas conforme sua devida densidade eleitoral, mantendo-se assim a proporção no peso amostral de cada unidade regional. Desta forma a amostragem será produzida pelos questionários feitos a base de entrevistas individuais, nos variados setores censitários estratificados, tendo-se como o universo da pesquisa respaldado no contingente de eleitores do município. Dos quais serão retiradas estas amostras em quantidade representativa, obedecendo aos critérios acima exposto. O intervalo de confiança é de 96%o que significa dizer que em 100 trabalhos destas natureza, somente (04) poderão apresentar uma variação fora do previsto. Margem de erro: para mais ou para menos 2,83% de acordo com a tabela fornecida pelo estatístico responsável.  ";"  Sistema interno de controle e verificação, conferência e fiscalização da coleta de dados e do trabalho de campo:  Sistema interno de controle e verificação, conferência e fiscalização da coleta de dados e do trabalho de campo: Sistema interno de controle e verificação, conferência e fiscalização da coleta dos dados de campo:Como variáveis de controle, seguimos a risca neste trabalho as recomendação da Lei Eleitoral Vigente, que estabelece como padrões de controle as variáveis dentro dos percentuais apresentados pelo IBGE nas últimas aferições dos sensos populacionais. Assim enquadramos religiosamente dentro da variável de faixa etária e quota de sexo. O índice amostrais que determinarão a ponderação das variável. Respeitando as variações permitida, nunca superiores a margem de erro estabelecido. Quanto a área física em cada bairro serão escolhido, as ruas em proporção ao numero de amostra de cada unidade, de formas a mapeamos na proporção eqüiprobabilística. Dentre as cinco classes socioeconômicas definidas A. B. C. D. e e também o nível escolaridade dos entrevistados, em numeroo de quatro classe, a saber: superior Completo ou incompleto, básico, primário ou fundamental e semi-analfabeta ou analfabeto funcionais, encaixados dentro das proporções do ultimo senso demográfico, funcionando como variáveis decorrentes e não de controle excepcionalmente. A atividade funcional e religião dos entrevistados não requerem qualquer controle, visto que serão elementos somente passiveis ou acompanhamento,desta forma não entram na pauta de controle das informações apreendidas. Na conferencia de questionários e revisão de dados se faz de imediato após a coleta de campo, em aproximadamente 15% dos questionários tendo em vista a relação de telefone, ou email fornecidas por parte dos respondentes, tendo em vista também averiguar possíveis irregularidade na coleta ou mesmo no preenchimento dos dados fornecidos. A relação dos bairros com seus respectivos números de amostra serão enviados posteriormente, logo após sejam catalogados todas as amostras planejadas. Questionário (vide copia anexa). Nota: embora a amostragem tenha sido enquadrada proporcionalmente nas devidas faixas de controle, no concernente as variáveis de classe socioeconômica e instrução escolar, possa haver sempre alguma oscilações de faixa, em razão das fontes oficias estarem sempre desatualizadas e as mudanças serem bastante evolutivas de formas a não comprometer a essência dos resultados finais. Assim levamos em conta também dados de outros trabalhos e levantamentos sociológicos feito na região nos últimos anos. Dados relativos aos municípios e bairros abrangidos pala pesquisa. Na ausência de delimitação do bairro, será identificada a área em que foi realizada a pesquisa (6º do art.2º da Resolução- TSE nº 23.453/2015. Ate o sétimo dia seguinte ao registro da pesquisa, será ele complementado com os dados.    Dados relativos aos municípios e bairros abrangidos pela pesquisa. Na ausência de delimitação do bairro, será identificada a área em que foi realizada a pesquisa(conforme §6º. do art. 2º. da Resolução-TSE nº. 23.549/2017, Até o sétimo dia seguinte ao registro da pesquisa, será ele complementado com os dados relativos aos bairros abrangidos. na ausência de delimitação do bairro, será identificada a área em que foi realizada):        ";"OBS. relação de municípios serão anexados posteriormente."
"24/08/2022";"00:10:36";"2018";"5";"Eleições Gerais 2018";"RO";"RO";"RONDÔNIA";"RO038262018";"27/09/2018";"02503309000120";"COMUNICARE ORGANIZACOES LTDA - ME";"#NULO#";"Governador, Deputado Distrital, Deputado Estadual, Deputado Federal, Senador";"27/09/2018";"03/10/2018";"2525";"10552 CONRE1º Região";"Tuannhy Rozeira Haverroth";"30000,00";"02503309000120";"COMUNICARE ORGANIZACOES LTDA - ME";"#NULO#";"02503309000120";"COMUNICARE ORGANIZACOES LTDA - ME";"Amostragem Sistemática e estratificada, com aplicação de formulário em entrevista direta in loco em municípios cuja amostra seja superior a 25 entrevistas (ver dados relativos as amostras por município), e por telefone as amostras menores ou iguais que 25 entrevistas. O formulário contem questões espontâneas para deputados estaduais e federais e estimuladas para governo e senado.";"Plano Amostral: Total de entrevistas - 2525. Universo - cerca de 1,18 milhões de eleitores ¿ 52 municípios. Sexo: Homens 50%. mulheres 50%. Idade: 16 a 25(20%), 26 a 35 (20%), 36 a 45 (20%), 46 a 60(20%), acima de 60 anos(20%). Nível Socioeconômico (aleatório): Até um salário, Até três salários, Mais de três salários. Grau de Instrução (aleatório): Até ensino fundamental, Ensino médio, Ensino superior ou mais. Intervalo de confiança 95%, margem de erro 2,5%.";"Os formulários, depois de aplicados, passarão por uma conferência e uma ponderação entre a amostra planejada e a amostra alcançada. O trabalho de campo é supervisionado por um diretor de campo. Uma reamostragem, com 10% do total da amostra alcançada, é feita pelo supervisor para verificação.";"As amostras serão colhidas nas ruas de fluxo de cada município, e o publico rural será encontrado nas rodoviárias de colonos dos municípios.   Segue a tabela com a amostra atribuída a cada município do estado de Rondônia.   Abrangência Quantidade Amostra   Frente 01 (Porto Velho)    1 PORTO VELHO 319.900 640  2 GUAJARÁ-MIRIM 27.826 60  3 CANDEIAS DO JAMARI 17.705 39  4 NOVA MAMORÉ 16.905 38  5 ITAPUÃ DO OESTE 6.336 17    Totais 388.672 794   Frente 02 (Ariquemes e Vale do Jamari Norte) Quantidade Amostra  6 ARIQUEMES 63.473 130  7 MACHADINHO DO OESTE 22.703 49  8 CUJUBIM 10.512 25  9 VALE DO ANARI 6.245 16  10 RIO CRESPO 3.038 10    Totais 105.971 230   Frente 03 (Vale do Jamari Sul) Quantidade Amostra  11 BURITIS 22.509 49  12 ALTO PARAÍSO 11.925 28  13 MONTE NEGRO 9.910 24  14 CAMPO NOVO DE RONDÔNIA 8.053 20  15 CACAULÂNDIA 3.982 12    Totais 56.379 133   Frente 04 (Jaru) Quantidade Amostra  16 JARU 40.743 85  17 GOVERNADOR JORGE TEIXEIRA 7.794 20  18 THEOBROMA 8.583 21    Totais 57.120 126   Frente 05 (Ji-Paraná) Quantidade Amostra  19 JI-PARANÁ 78.530 160  20 OURO PRETO DO OESTE 29.672 63  21 URUPÁ 9.615 23  22 MIRANTE DA SERRA 9.030 22  23 NOVA UNIÃO 5.594 15  24 VALE DO PARAÍSO 6.539 17  25 TEIXEIRÓPOLIS 4.157 12    Totais 143.137 312   Frente 06 (BR 429) Quantidade Amostra  26 PRESIDENTE MÉDICI 17.010 39  27 SÃO MIGUEL DO GUAPORÉ 16.357 37  28 ALVORADA DO OESTE 12.553 29  29 SÃO FRANCISCO DO GUAPORÉ 10.975 25  30 SERINGUEIRAS 9.338 23  31 COSTA MARQUES 9.045 22    Totais 75.278 175   Frente 07 (Cacoal) Quantidade Amostra  32 CACOAL 61.524 125  33 PIMENTA BUENO 27.117 58  34 ESPIGÃO DO OESTE 22.353 49  35 MINISTRO ANDREAZZA 7.305 19    Totais 118.299 251   Frente 08 (Zona da Mata) Quantidade Amostra  36 ROLIM DE MOURA 38.915 82  37 ALTA FLORESTA DO OESTE 19.161 42  38 NOVA BRASILÂNDIA DO OESTE 14.682 33  39 ALTO ALEGRE DOS PARECIS 8.942 22  40 NOVO HORIZONTE DO OESTE 7.830 20  41 SANTA LUZIA DO OESTE 7.582 19  42 SÃO FELIPE DO OESTE 5.087 14  43 PARECIS 3.676 11  44 CASTANHEIRAS 3.297 11  45 PRIMAVERA DE RONDÔNIA 2.748 9    Totais 111.920 263   Frente 09 (Conesul) Quantidade Amostra  46 VILHENA 58.571 121  47 COLORADO DO OESTE 13.866 32  48 CEREJEIRAS 13.830 32  49 CHUPINGUAIA 6.387 17  50 CORUMBIARA 6.251 17  51 CABIXI 4.687 13  52 PIMENTEIRAS DO OESTE 2.345 9    Totais 105.937 241   Total da População e amostra 1.162.713 2525  "
"24/08/2022";"00:10:36";"2018";"5";"Eleições Gerais 2018";"RO";"RO";"RONDÔNIA";"RO039302018";"29/09/2018";"68802370000186";"IBOPE INTELIGENCIA PESQUISA E CONSULTORIA LTDA";"#NULO#";"Governador, Senador";"29/09/2018";"05/10/2018";"812";"6208-A";"Márcia Cavallari Nunes";"120569,00";"04387825000161";"RADIO TV DO AMAZONAS LTDA / REDE AMAZONICA RADIO E TELEVISAO";"Recursos Próprios";"68802370000186";"IBOPE INTELIGENCIA PESQUISA E CONSULTORIA LTDA";"Pesquisa quantitativa, que consiste na realização de entrevistas pessoais, com a aplicação de questionário estruturado junto a uma amostra representativa do eleitorado em estudo. Pesquisa realizada no estado de Rondônia.";"Representativo do eleitorado da área em estudo, elaborada em três estágios. No primeiro estágio faz-se um sorteio probabilístico dos municípios, onde as entrevistas serão realizadas, pelo método PPT (Probabilidade Proporcional ao Tamanho), tomando o eleitorado como base para tal seleção. No segundo estágio faz-se um sorteio probabilístico dos setores censitários, onde as entrevistas serão realizadas, pelo método PPT (Probabilidade Proporcional ao Tamanho), tomando a população de 16 anos ou mais residente nos setores como base para tal seleção. No terceiro e último estágio, dentro dos setores sorteados, os respondentes são selecionados através de quotas amostrais proporcionais em função de variáveis significativas, a saber: IDADE: 16-24 (masculino) 21% (feminino) 20%. 25-34 (masculino) 27% (feminino) 26%. 35-44 (masculino) 22% (feminino) 24%. 45-54 (masculino) 15% (feminino) 16%. 55 e+ (masculino) 15% (feminino) 13%. INSTRUÇÃO: Até Ensino Médio (masculino) 86% (feminino) 79%. Ensino Superior (masculino) 14% (feminino) 21%. NÍVEL ECONÔMICO: Economicamente ativo (masculino) 79% (feminino) 52%. Não Economicamente ativo (masculino) 21% (feminino) 48%. Está prevista eventual ponderação para correção das variáveis sexo e idade, com base nos percentuais anteriormente mencionados, caso ocorram diferenças superiores a 3 pontos percentuais entre o previsto na amostra e a coleta de dados realizada. Para as variáveis de grau de instrução e nível econômico do entrevistado, o fator previsto para ponderação é 1 (resultados obtidos em campo). O nível de confiança estimado é de 95% e a margem de erro máxima estimada considerando um modelo de amostragem aleatório simples, é de 03 (três) pontos percentuais para mais ou para menos sobre os resultados encontrados no total da amostra. FONTE DOS DADOS: Censo 2010 | PNADC 2016 | TSE 2018.";"Para a realização da pesquisa, utiliza-se uma equipe de entrevistadores e supervisores contratados pelo IBOPE INTELIGÊNCIA PESQUISA E CONSULTORIA LTDA. devidamente treinados para o trabalho. Após os trabalhos de campo, os questionários são submetidos a uma fiscalização de cerca de 20% (vinte por cento) dos questionários aplicados pelos entrevistadores. para verificação das respostas e da adequação dos entrevistados aos parâmetros amostrais.";"A área de abrangência da coleta é o estado de Rondônia. A relação das localidades selecionadas para aplicação da amostra será apresentada até o 7º dia seguinte ao registro da pesquisa, conforme expresso no art. 2º, §6º da Resolução 23.549/2017 do TSE."
"24/08/2022";"00:10:36";"2018";"5";"Eleições Gerais 2018";"RO";"RO";"RONDÔNIA";"RO040912018";"24/09/2018";"28780441000172";"IHPEC - INSTITUTO HAVERROTH DE POLITICA, ESTATISTICA E COMUNICACAO LTDA.";"INSTITUTO HAVERROTH";"Deputado Federal, Deputado Distrital, Deputado Estadual, Senador, Governador";"24/09/2018";"29/09/2018";"2525";"10552 CONRE1º Região";"Tuannhy Rozeira Haverroth";"30000,00";"28780441000172";"IHPEC - INSTITUTO HAVERROTH DE POLITICA, ESTATISTICA E COMUNICACAO LTDA.";"#NULO#";"28780441000172";"IHPEC - INSTITUTO HAVERROTH DE POLITICA, ESTATISTICA E COMUNICACAO LTDA.";"Amostragem Sistemática e estratificada, com aplicação de formulário em entrevista direta in loco em municípios cuja amostra seja superior a 25 entrevistas (ver dados relativos as amostras por município), e por telefone as amostras menores ou iguais que 25 entrevistas. O formulário contem questões espontâneas para deputados estaduais e federais e estimuladas para governo e senado.";"Plano Amostral: Total de entrevistas - 2525. Universo - cerca de 1,18 milhões de eleitores ¿ 52 municípios. Sexo: Homens 50%. mulheres 50%. Idade: 16 a 25(20%), 26 a 35 (20%), 36 a 45 (20%), 46 a 60(20%), acima de 60 anos(20%). Nível Socioeconômico (aleatório): Até um salário, Até três salários, Mais de três salários. Grau de Instrução (aleatório): Até ensino fundamental, Ensino médio, Ensino superior ou mais. Intervalo de confiança 95%, margem de erro 2,5%.";"Os formulários, depois de aplicados, passarão por uma conferência e uma ponderação entre a amostra planejada e a amostra alcançada. O trabalho de campo é supervisionado por um diretor de campo. Uma reamostragem, com 10% do total da amostra alcançada, é feita pelo supervisor para verificação.";"As amostras serão colhidas nas ruas de fluxo de cada município, e o publico rural será encontrado nas rodoviárias de colonos dos municípios.   Segue a tabela com a amostra atribuída a cada município do estado de Rondônia.   Abrangência Quantidade Amostra   Frente 01 (Porto Velho)    1 PORTO VELHO 319.900 640  2 GUAJARÁ-MIRIM 27.826 60  3 CANDEIAS DO JAMARI 17.705 39  4 NOVA MAMORÉ 16.905 38  5 ITAPUÃ DO OESTE 6.336 17    Totais 388.672 794   Frente 02 (Ariquemes e Vale do Jamari Norte) Quantidade Amostra  6 ARIQUEMES 63.473 130  7 MACHADINHO DO OESTE 22.703 49  8 CUJUBIM 10.512 25  9 VALE DO ANARI 6.245 16  10 RIO CRESPO 3.038 10    Totais 105.971 230   Frente 03 (Vale do Jamari Sul) Quantidade Amostra  11 BURITIS 22.509 49  12 ALTO PARAÍSO 11.925 28  13 MONTE NEGRO 9.910 24  14 CAMPO NOVO DE RONDÔNIA 8.053 20  15 CACAULÂNDIA 3.982 12    Totais 56.379 133   Frente 04 (Jaru) Quantidade Amostra  16 JARU 40.743 85  17 GOVERNADOR JORGE TEIXEIRA 7.794 20  18 THEOBROMA 8.583 21    Totais 57.120 126   Frente 05 (Ji-Paraná) Quantidade Amostra  19 JI-PARANÁ 78.530 160  20 OURO PRETO DO OESTE 29.672 63  21 URUPÁ 9.615 23  22 MIRANTE DA SERRA 9.030 22  23 NOVA UNIÃO 5.594 15  24 VALE DO PARAÍSO 6.539 17  25 TEIXEIRÓPOLIS 4.157 12    Totais 143.137 312   Frente 06 (BR 429) Quantidade Amostra  26 PRESIDENTE MÉDICI 17.010 39  27 SÃO MIGUEL DO GUAPORÉ 16.357 37  28 ALVORADA DO OESTE 12.553 29  29 SÃO FRANCISCO DO GUAPORÉ 10.975 25  30 SERINGUEIRAS 9.338 23  31 COSTA MARQUES 9.045 22    Totais 75.278 175   Frente 07 (Cacoal) Quantidade Amostra  32 CACOAL 61.524 125  33 PIMENTA BUENO 27.117 58  34 ESPIGÃO DO OESTE 22.353 49  35 MINISTRO ANDREAZZA 7.305 19    Totais 118.299 251   Frente 08 (Zona da Mata) Quantidade Amostra  36 ROLIM DE MOURA 38.915 82  37 ALTA FLORESTA DO OESTE 19.161 42  38 NOVA BRASILÂNDIA DO OESTE 14.682 33  39 ALTO ALEGRE DOS PARECIS 8.942 22  40 NOVO HORIZONTE DO OESTE 7.830 20  41 SANTA LUZIA DO OESTE 7.582 19  42 SÃO FELIPE DO OESTE 5.087 14  43 PARECIS 3.676 11  44 CASTANHEIRAS 3.297 11  45 PRIMAVERA DE RONDÔNIA 2.748 9    Totais 111.920 263   Frente 09 (Conesul) Quantidade Amostra  46 VILHENA 58.571 121  47 COLORADO DO OESTE 13.866 32  48 CEREJEIRAS 13.830 32  49 CHUPINGUAIA 6.387 17  50 CORUMBIARA 6.251 17  51 CABIXI 4.687 13  52 PIMENTEIRAS DO OESTE 2.345 9    Totais 105.937 241   Total da População e amostra 1.162.713 2525  "
"24/08/2022";"00:10:36";"2018";"5";"Eleições Gerais 2018";"RO";"RO";"RONDÔNIA";"RO043232018";"07/04/2018";"04942645000102";"J J COELHO";"INSTITUTO PHOENIX & ASSOCIADOS";"Governador, Deputado Distrital, Deputado Estadual, Deputado Federal, Senador";"14/04/2018";"19/04/2018";"1201";"7655=A";"Augusto da Siva Rocha ";"7000,00";"19306841000150";"FRANCO & RODRIGUES COMUNICACAO SOCIAL  E EMPREENDIMENTOS LTDA / JORNAL CORREIO CONTINENTAL RO";"Recursos Próprios";"04942645000102";"J J COELHO";"Metodologia de pesquisa: METODOLOGIA UTILIZADA ESTADO DE RONDONIA- RO NO DESENVOLVIMENTO DESTA SONDAGEM O objetivo principal desta pesquisa e identificar as intenções de voto, para o pleito majoritário averiguando as devidas tendências. MÉTODO: PROBABILIÍSTICO ESTRATIFICADO COM SORTEIO DE MULTIPLOS ESTÁGIO. Por tratar-se de um estudo descritiva. Com característica de um publico conhecido, desenvolvemos um método direto, através da amostragem probabilística. Assim na abrangência da área geográfica aplicamos um percentual pré-definido nas proporções do universo dos eleitores, baseando-se também nos percentuais eleitorais para cada micro setor da região pesquisada. De acordo com as tabela apresentadas. O critério de seleção obedece as informações e dados do TRE e IBGE. As entrevistas serão na quase totalidade efetuadas nos domicílios dos eleitores, após a certificação de que os mesmos votam no Estado e se dispõe a responderes as perguntas apresentadas. Selecionamos (19). Municípios periferias das regiões sorteadas entre as determinadas regiões. Afim de que possamos ter a representatividade necessária. Que resulta em mais de 2/3das abrangência da população e do contingente eleitoral de todo estado para atingirmos os propósitos deste estudo utilizamos a técnica de pesquisa por amostragem, que reside na apreensão sistemática e extensiva das tendências dos indivíduos inserido no universo pesquisados e que integra a realidade a ser investigada. A validade deste tipo de pesquisa esta na possibilidade de se aferir á intensidade de tendências, permitindo e coleta de dados utilizados será um formulário de questionamento misto contendo algumas perguntas estimulada (optativas) e outras semiábertas de caráter mais informativo. Este último tipo de questão permite que se evite indução da resposta, assim, como possibilita que se tenha conhecimento dos quadros de referencia dos entrevistados.com isso, obtêm-se também posições qualitativas das opiniões coletadas e que permitam aos interessados: traçar perfis, avaliar gestões e serviço. identificação e desempenho distados: traçar perfis, avaliar gestões e serviço. identificação e desempenho das ações em estudo, pelo cruzamento das respostas obtidas. UNIVERSO da pesquisa será constituído pelos eleitores da unidade federativa segmentada pelos variáveis de sexo e faixa etárias definidas a partir da idade 16 anos, integrantes de todas as camadas socioeconômica dos resultados, colocamos em campo agente de instrução com nível médio, treinados para o fim especifico, supervisionado Por chefe de equipe que acima de tudo primam pela neutralidade dos dados apreendidos. O trabalho terá a duração de ate quatro dias programados de acordo com o cronograma de serviços e mais ate (02) dias ininterruptos, serão empregados na tarefa de: Revisão. Processamento e tabulação geral, dos 1201 questionário. Aplicados finalizando assim com a publicação dos dados, salvo se algum acidente de percurso, que possa naturalmente retardar a coleta de dados em campo. Quanto a estratificação das quotas: consiste em si determinar o bairro ou setores por sorteio, determinando ao agente coletor a quantidade de entrevistas para cada período diário e o percentual por faixa etária e sexo tornando assim a amostragem eqüiprobabilística. EQUIPE: Um grupo de (08) agentes pesquisadores realizara a coleta de dados em campo, nos bairros e localidades sorteadas, dentre os limites do municípios, coletando assim as entrevistas que haverão de compor a amostragem prevista.      ";"  Plano amostral e ponderação quanto a sexo, idade, grau de instrução e nível econômico do entrevistado. intervalo de confiança e margem de erro:  Plano amostral e ponderação quanto a sexo, idade, grau de instrução nível econômico do entrevistado. intervalo de confiança e margem de erro: PLANO AMOSTRAL E PODERAÇÃO) este plano foi elaborado com base no contingente populacional pautados diretamente no eleitorado do estado por tratar-se de um levantamento exclusivo de intenção de voto, com vindoura do próximo mês de outubro . desta forma, baseado nos dados estatísticos do IBGE referente ao município, as quotas com o perfil das pessoas a serem entrevistado como poderá ser observado na tabela de estratificação. Quota a sexo, idade, grau, de instrução nas devidas proporções dos entrevistados. Estabelecendo-se assim a margem de erro e nível de confiança. Por outro lado, adequamos a escolha dos bairros dentro da proporcionalidade populacional de cada micros Região geograficamente delimitado. Como também poderá ser visto. As seis regiões foram contempladas conforme sua devida densidade eleitoral, mantendo-se assim a proporção no peso amostral de cada unidade regional. Desta forma a amostragem será produzida pelos questionários feitos a base de entrevistas individuais, nos variados setores censitários estratificados, tendo-se como o universo da pesquisa respaldado no contingente de eleitores do município. Dos quais serão retiradas estas amostras em quantidade representativa, obedecendo aos critérios acima exposto. O intervalo de confiança é de 96%o que significa dizer que em 100 trabalhos destas natureza, somente (04) poderão apresentar uma variação fora do previsto. Margem de erro: para mais ou para menos 2,83% de acordo com a tabela fornecida pelo estatístico responsável.  ";"  Sistema interno de controle e verificação, conferência e fiscalização da coleta de dados e do trabalho de campo:  Sistema interno de controle e verificação, conferência e fiscalização da coleta de dados e do trabalho de campo: Sistema interno de controle e verificação, conferência e fiscalização da coleta dos dados de campo:Como variáveis de controle, seguimos a risca neste trabalho as recomendação da Lei Eleitoral Vigente, que estabelece como padrões de controle as variáveis dentro dos percentuais apresentados pelo IBGE nas últimas aferições dos sensos populacionais. Assim enquadramos religiosamente dentro da variável de faixa etária e quota de sexo. O índice amostrais que determinarão a ponderação das variável. Respeitando as variações permitida, nunca superiores a margem de erro estabelecido. Quanto a área física em cada bairro serão escolhido, as ruas em proporção ao numero de amostra de cada unidade, de formas a mapeamos na proporção eqüiprobabilística. Dentre as cinco classes socioeconômicas definidas A. B. C. D. e e também o nível escolaridade dos entrevistados, em numeroo de quatro classe, a saber: superior Completo ou incompleto, básico, primário ou fundamental e semi-analfabeta ou analfabeto funcionais, encaixados dentro das proporções do ultimo senso demográfico, funcionando como variáveis decorrentes e não de controle excepcionalmente. A atividade funcional e religião dos entrevistados não requerem qualquer controle, visto que serão elementos somente passiveis ou acompanhamento,desta forma não entram na pauta de controle das informações apreendidas. Na conferencia de questionários e revisão de dados se faz de imediato após a coleta de campo, em aproximadamente 15% dos questionários tendo em vista a relação de telefone, ou email fornecidas por parte dos respondentes, tendo em vista também averiguar possíveis irregularidade na coleta ou mesmo no preenchimento dos dados fornecidos. A relação dos bairros com seus respectivos números de amostra serão enviados posteriormente, logo após sejam catalogados todas as amostras planejadas. Questionário (vide copia anexa). Nota: embora a amostragem tenha sido enquadrada proporcionalmente nas devidas faixas de controle, no concernente as variáveis de classe socioeconômica e instrução escolar, possa haver sempre alguma oscilações de faixa, em razão das fontes oficias estarem sempre desatualizadas e as mudanças serem bastante evolutivas de formas a não comprometer a essência dos resultados finais. Assim levamos em conta também dados de outros trabalhos e levantamentos sociológicos feito na região nos últimos anos. Dados relativos aos municípios e bairros abrangidos pala pesquisa. Na ausência de delimitação do bairro, será identificada a área em que foi realizada a pesquisa (6º do art.2º da Resolução- TSE nº 23.453/2015. Ate o sétimo dia seguinte ao registro da pesquisa, será ele complementado com os dados.    Dados relativos aos municípios e bairros abrangidos pela pesquisa. Na ausência de delimitação do bairro, será identificada a área em que foi realizada a pesquisa(conforme §6º. do art. 2º. da Resolução-TSE nº. 23.549/2017, Até o sétimo dia seguinte ao registro da pesquisa, será ele complementado com os dados relativos aos bairros abrangidos. na ausência de delimitação do bairro, será identificada a área em que foi realizada):      ";"Obs. os municípios serão anexados posteriormente "
"24/08/2022";"00:10:36";"2018";"5";"Eleições Gerais 2018";"RO";"RO";"RONDÔNIA";"RO044482018";"18/02/2018";"19812752000185";"IVANI MOTA DE ARAUJO";"BRASIL DADOS";"Governador, Deputado Estadual, Deputado Federal, Senador";"17/02/2018";"22/02/2018";"1150";"8602";"Diogo de Mello Brito da Silva";"8300,00";"13910560000125";"ML SERVICOS E COMERCIO LTDA - ME / REPORTER1.COM.BR / RONEWS.COM.BR";"Recursos Próprios";"19812752000185";"IVANI MOTA DE ARAUJO";"O método de amostragem utilizado é a Amostragem por Cotas. Serão feitas entrevistas pessoais, face-a-face, realizadas por entrevistadores treinados pelo instituto através de questionário estruturado, respeitando as cotas de amostragem (Sexo, Faixa Etária, Grau de Instrução e Renda). A distribuição espacial seguirá a proporção da população segundo dados do IBGE, nos municípios abrangidos pela pesquisa. ";"A alocação da amostra foi proporcional as cotas de sexo, idade e grau de instrução. Para o nível econômico, a pesquisa foi autoponderada, ou seja, a proporção do universo pesquisado é o mesmo daquele encontrado na amostra, não sendo necessário nenhum tipo de ponderação. As proporções das cotas foram as seguintes: 1) sexo: masculino - 49,1% e feminino - 50,9%. 2) idade: 16 a 24 anos - 17,5%, 25 a 34 anos - 23,3%, 35 a 44 anos - 21,4%, 45 a 54 anos - 19,8%, 55 a 69 anos - 12,7% e 70 anos ou mais - 5,3. 3) escolaridade: até ensino fundamental completo - 50,5%, ensino médio incompleto/completo - 35,4% e ensino superior incompleto/completo - 14,1%.  Foi considerado um nível de confiança de 95%. Com este nível de confiança e uma amostra de 1.150, a margem de erro da pesquisa é de 3.0 pontos percentuais. ";"Coleta de dados: Entrevistas pessoais através de questionário estruturado, contendo perguntas filtro, a fim de entrevistar somente o público-alvo desejado. Os entrevistadores são contratados pela BRASIL DADOS e treinados pela empresa. O processo de coleta de dados será monitorado pelos supervisores. São checados, no mínimo, 10% dos questionários aplicados, seja in loco por supervisores de campo ou, posteriormente, por telefone. Internamente, todo o material é verificado, codificado, digitado e, antes do processamento final, realiza-se a conferência da digitação (consistência dos dados).";"Municípios: Guajará-Mirim, Nova Mamoré, Porto Velho, Candeias do Jamari, Cujubim, Machadinho do Oeste, Theobroma, Jaru, Ariquemes, Monte Negro, Buritis, Cacaulândia, Jorge Teixeira, Ouro Perto do Oeste, Ji-Paraná, Urupá, Presidente Médici, Alvorada do Oeste, Rolim de Moura, Nova Brasilândia, São Miguel do Guaporé, São Francisco do Guaporé, Cacoal, Espigão do Oeste, Pimenta Bueno, Vilhena, Colorado do Oeste e Cerejeira"
"24/08/2022";"00:10:36";"2018";"5";"Eleições Gerais 2018";"RO";"RO";"RONDÔNIA";"RO046532018";"24/02/2018";"04942645000102";"J J COELHO";"INSTITUTO PHOENIX & ASSOCIADOS";"Governador, Deputado Estadual, Deputado Federal, Senador";"24/02/2018";"28/02/2018";"809";"7655-A";"Augusto da Silva Rocha ";"12000,00";"04942645000102";"J J COELHO";"#NULO#";"04942645000102";"J J COELHO";"Metodologia de pesquisa:   METODOLOGIA UTILIZADA para unidade no Estado de Rondônia. NO DESENVOLVIMENTO DESTA SONDAGEM O objetivo principal desta pesquisa e identificar as intenções de voto, para o pleito majoritário e proporcional averiguando as devidas  tendências. MÉTODO: PROBABILIÍSTICO ESTRATIFICADO COM SORTEIO DE MULTIPLOS ESTÁGIO. Por tratar-se de um estudo descritiva. Com característica de um publico conhecido, desenvolvemos um método direto, através da amostragem probabilística. Assim na abrangência da área geográfica aplicamos um percentual pré-definido nas proporções do universo dos eleitores, baseando-se também nos percentuais eleitorais para cada micro setor da região pesquisada. De acordo com as tabela apresentadas. O critério de seleção obedece as informações e dados do TRE e IBGE. As entrevistas serão na quase totalidade efetuadas nos domicílios dos eleitores, após a certificação de que os mesmos votam no Estado e se dispõe a responderes as perguntas apresentadas. Selecionamos (16). Municípios Macro regiões sorteadas entre os maiores colégio eleitoral. Afim de que possamos ter a devida representatividade necessária. Que resulta em mais de 2/3 dá abrangência da população e do contingente eleitoral de todo estado para atingirmos os propósitos deste estudo utilizamos a técnica de pesquisa por amostragem, que reside na apreensão sistemática e extensiva das tendências dos indivíduos inserido no universo pesquisados e que integra a realidade a ser investigada. A validade deste tipo de pesquisa esta na possibilidade de se aferir á intensidade de tendências, permitindo e coleta de dados utilizados será um formulário de questionamento misto contendo algumas perguntas estimulada (optativas) e outras semiábertas de caráter mais informativo. Este último tipo de questão permite que se evite indução da resposta, assim, como possibilita que se tenha conhecimento dos quadros de referencia dos entrevistados.com isso, obtêm-se também posições qualitativas das opiniões coletadas e que permitam aos interessados: traçar perfis, avaliar gestões e serviço. identificação e desempenho  distados: traçar perfis, avaliar gestões e serviço. identificação e desempenho das ações em estudo, pelo cruzamento das respostas obtidas. UNIVERSO da pesquisa será constituído pelos eleitores da unidade federativa segmentada pelos variáveis de sexo e faixa etárias definidas a partir da idade 16 anos, integrantes de todas as camadas socioeconômica dos resultados, colocamos em campo agente de instrução com nível médio, treinados para o fim especifico, supervisionado Por chefe de equipe que acima de tudo primam pela neutralidade dos dados apreendidos. O trabalho terá a duração de ate quatro dias programados de acordo com o cronograma de serviços e mais ate (02) dias ininterruptos, serão empregados na tarefa de: Revisão. Processamento e tabulação geral, dos 809 questionário. Aplicados finalizando assim com a publicação dos dados, salvo se algum acidente de percurso, que possa naturalmente retardar a coleta de dados em campo. Quanto a estratificação das quotas: consiste em si determinar o bairro ou setores por sorteio, determinando ao agente coletor a quantidade de entrevistas para cada período diário e o percentual por faixa etária e sexo tornando assim a amostragem eqüiprobabilística. EQUIPE: Um grupo de (08) agentes pesquisadores realizara a coleta de dados em campo, nos bairros e localidades sorteadas, dentre os limites dos municípios, coletando assim as entrevistas que haverão de compor a amostragem prevista.      ";"Plano amostral e ponderação quanto a sexo, idade, grau de instrução  nível econômico do entrevistado. intervalo de confiança e  margem de erro:  PLANO AMOSTRAL E PODERAÇÃO) este plano foi elaborado com base no contingente populacional pautados  diretamente no eleitorado do estado por tratar-se de um levantamento exclusivo de intenção de voto, com vindoura do próximo  mês de outubro . desta forma, baseado nos dados estatísticos do IBGE referente ao município, as quotas com o perfil das pessoas a serem entrevistado como poderá ser observado na tabela de estratificação. Quota a sexo, idade, grau, de instrução nas devidas proporções dos entrevistados. Estabelecendo-se assim a margem de erro e nível de confiança. Por outro lado, adequamos a escolha dos bairros dentro da proporcionalidade  populacional de cada micros Região geograficamente delimitado. Como também poderá ser visto. As seis regiões foram contempladas conforme sua devida densidade eleitoral,  mantendo-se assim a proporção no peso amostral de cada unidade regional. Desta forma a amostragem será  produzida pelos questionários feitos a base de entrevistas individuais, nos variados setores censitários estratificados, tendo-se como o universo da pesquisa respaldado no contingente de eleitores do município. Dos quais serão retiradas estas amostras em quantidade representativa, obedecendo aos critérios acima exposto. O intervalo de confiança é de 96%o que significa dizer que em 100 trabalhos destas natureza, somente (04) poderão apresentar uma variação fora do previsto. Margem de erro: para mais ou para menos 2,83% de acordo com a tabela fornecida pelo estatístico responsável.     ";"Sistema interno de controle e verificação, conferência e fiscalização da coleta de dados e do trabalho de campo: Sistema interno de controle e verificação, conferência e fiscalização da coleta dos dados de campo:Como variáveis de controle, seguimos a risca neste trabalho as recomendação da Lei Eleitoral Vigente, que estabelece como padrões de controle as variáveis dentro dos percentuais apresentados pelo IBGE nas últimas aferições dos sensos populacionais. Assim enquadramos religiosamente dentro da variável de faixa etária e quota de sexo. O índice amostrais que determinarão a ponderação das  variável. Respeitando as variações permitida, nunca superiores a margem de erro estabelecido. Quanto a área física em cada bairro serão escolhido, as ruas em proporção ao numero de amostra de cada unidade, de formas a mapeamos na proporção eqüiprobabilística. Dentre as cinco classes socioeconômicas definidas A. B. C. D. e e também o nível escolaridade dos entrevistados, em numero de quatro classe, a saber: superior Completo ou incompleto, básico, primário ou fundamental e semi-analfabeta ou analfabeto funcionais, encaixados dentro das proporções do ultimo senso demográfico, funcionando como variáveis decorrentes e não de controle excepcionalmente. A atividade funcional e religião dos entrevistados não requerem qualquer controle, visto que serão elementos somente passiveis ou acompanhamento,desta forma não entram na pauta de controle das informações apreendidas. Na conferencia  de questionários e revisão de dados se faz de imediato após a coleta de campo, em aproximadamente 15% dos questionários tendo em vista a relação de telefone, ou email fornecidas por parte dos respondentes, tendo em vista também averiguar possíveis irregularidade na coleta ou mesmo no preenchimento dos dados fornecidos. A relação dos bairros com seus respectivos números de amostra serão enviados posteriormente, logo após sejam catalogados todas as amostras planejadas. Questionário (vide copia anexa). Nota: embora a amostragem tenha sido enquadrada proporcionalmente nas devidas faixas de controle, no concernente as variáveis de classe socioeconômica e instrução escolar, possa haver sempre alguma oscilações de faixa, em razão das fontes oficias estarem sempre desatualizadas e as  mudanças serem bastante evolutivas de formas a não comprometer a essência dos resultados finais. Assim levamos em conta também dados de outros trabalhos e levantamentos sociológicos feito na região nos últimos anos.   Dados relativos aos  municípios e bairros abrangidos pala pesquisa. Na ausência de delimitação do bairro, será identificada a área em que foi realizada a pesquisa (6º do art.2º da Resolução- TSE nº 23.453/2015. Ate o sétimo dia seguinte ao registro da pesquisa, será ele complementado com os dados.        ";"obs. os municípios serão anexados posteriormente "
"24/08/2022";"00:10:36";"2018";"5";"Eleições Gerais 2018";"RO";"RO";"RONDÔNIA";"RO046572018";"24/08/2018";"02503309000120";"COMUNICARE ORGANIZACOES LTDA - ME";"#NULO#";"Deputado Federal, Deputado Distrital, Senador, Governador, Deputado Estadual";"24/08/2018";"30/08/2018";"2525";"10552 CONRE1º Região";"Tuannhy Rozeira Haverroth";"30000,00";"02503309000120";"COMUNICARE ORGANIZACOES LTDA - ME";"#NULO#";"02503309000120";"COMUNICARE ORGANIZACOES LTDA - ME";"Amostragem Sistemática e estratificada, com aplicação de formulário em entrevista direta in loco em municípios cuja amostra seja superior a 25 entrevistas (ver dados relativos as amostras por município), e por telefone as amostras menores que 25 entrevistas. O formulário contem questões espontâneas para deputados estaduais e federais e estimuladas para governo e senado.";"Plano Amostral: Total de entrevistas - 2525. Universo - cerca de 1,18 milhões de eleitores ¿ 52 municípios. Sexo: Homens 50%. mulheres 50%. Idade: 16 a 25(20%), 26 a 35 (20%), 36 a 45 (20%), 46 a 60(20%), acima de 60 anos(20%). Nível Socioeconômico (aleatório): Até um salário, Até três salários, Mais de três salários. Grau de Instrução (aleatório): Até ensino fundamental, Ensino médio, Ensino superior ou mais. Intervalo de confiança 95%, margem de erro 2,5%.";"Os formulários, depois de aplicados, passam por uma conferência e uma ponderação entre a amostra planejada e a amostra alcançada. O trabalho de campo é supervisionado por um diretor de campo. Uma reamostragem, com 10% do total da amostra alcançada, é feita pelo supervisor para verificação.";"As amostras serão colhidas nas ruas de fluxo de cada município, e o publico rural será encontrado nas rodoviárias de colonos dos municípios.   Segue a tabela com a amostra atribuída a cada município do estado de Rondônia.   Abrangência Quantidade % Amostra   Frente 01 (Porto Velho)        1 PORTO VELHO 319.900 27,513 640  2 GUAJARÁ-MIRIM 27.826 2,393 56  3 CANDEIAS DO JAMARI 17.705 1,523 35  4 NOVA MAMORÉ 16.905 1,454 34  5 ITAPUÃ DO OESTE 6.336 0,545 13    Totais 388.672 33,428 777   Frente 02 (Ariquemes e Vale do Jamari Norte)    6 ARIQUEMES 63.473 5,459 127  7 MACHADINHO DO OESTE 22.703 1,953 45  8 CUJUBIM 10.512 0,904 21  9 VALE DO ANARI 6.245 0,537 12  10 RIO CRESPO 3.038 0,261 6    Totais 105.971 9,114 212   Frente 03 (Vale do Jamari Sul)        11 BURITIS 22.509 1,936 45  12 ALTO PARAÍSO 11.925 1,026 24  13 MONTE NEGRO 9.910 0,852 20  14 CAMPO NOVO DE RONDÔNIA 8.053 0,693 16  15 CACAULÂNDIA 3.982 0,342 8    Totais 56.379 4,849 113   Frente 04 (Jaru)     0  16 JARU 40.743 3,504 81  17 GOVERNADOR JORGE TEIXEIRA 7.794 0,67 16  18 THEOBROMA 8.583 0,738 17    Totais 57.120 4,912 114   Frente 05 (Ji-Paraná)     0  19 JI-PARANÁ 78.530 6,754 157  20 OURO PRETO DO OESTE 29.672 2,552 59  21 URUPÁ 9.615 0,827 19  22 MIRANTE DA SERRA 9.030 0,777 18  23 NOVA UNIÃO 5.594 0,481 11  24 VALE DO PARAÍSO 6.539 0,562 13  25 TEIXEIRÓPOLIS 4.157 0,358 8    Totais 143.137 12,311 286   Frente 06 (BR 429)        26 PRESIDENTE MÉDICI 17.010 1,463 34  27 SÃO MIGUEL DO GUAPORÉ 16.357 1,407 33  28 ALVORADA DO OESTE 12.553 1,08 25  29 SÃO FRANCISCO DO GUAPORÉ 10.975 0,944 22  30 SERINGUEIRAS 9.338 0,803 19  31 COSTA MARQUES 9.045 0,778 18    Totais 75.278 6,475 151   Frente 07 (Cacoal)        32 CACOAL 61.524 5,291 123  33 PIMENTA BUENO 27.117 2,332 54  34 ESPIGÃO DO OESTE 22.353 1,922 45  35 MINISTRO ANDREAZZA 7.305 0,628 15    Totais 118.299 10,173 237   Frente 08 (Zona da Mata)        36 ROLIM DE MOURA 38.915 3,347 78  37 ALTA FLORESTA DO OESTE 19.161 1,648 38  38 NOVA BRASILÂNDIA DO OESTE 14.682 1,263 29  39 ALTO ALEGRE DOS PARECIS 8.942 0,769 18  40 NOVO HORIZONTE DO OESTE 7.830 0,673 16  41 SANTA LUZIA DO OESTE 7.582 0,652 15  42 SÃO FELIPE DO OESTE 5.087 0,438 10  43 PARECIS 3.676 0,316 7  44 CASTANHEIRAS 3.297 0,284 7  45 PRIMAVERA DE RONDÔNIA 2.748 0,236 5    Totais 111.920 9,626 224   Frente 09 (Conesul)        46 VILHENA 58.571 5,037 117  47 COLORADO DO OESTE 13.866 1,193 28  48 CEREJEIRAS 13.830 1,189 28  49 CHUPINGUAIA 6.387 0,549 13  50 CORUMBIARA 6.251 0,538 13  51 CABIXI 4.687 0,403 9  52 PIMENTEIRAS DO OESTE 2.345 0,202 5    Totais 105.937 9,111 212          Frente 09 (Conesul)        46 VILHENA 58.571 5,037 117  47 COLORADO DO OESTE 13.866 1,193 28  48 CEREJEIRAS 13.830 1,189 28  50 CORUMBIARA 6.251 0,538 13  51 CABIXI 4.687 0,403 9  52 PIMENTEIRAS DO OESTE 2.345 0,202 5    Totais 99.550 8,562 199         Total de amostra            2.525   "
"24/08/2022";"00:10:36";"2018";"5";"Eleições Gerais 2018";"RO";"RO";"RONDÔNIA";"RO047492018";"17/08/2018";"02503309000120";"COMUNICARE ORGANIZACOES LTDA - ME";"#NULO#";"Governador, Deputado Distrital, Deputado Estadual, Deputado Federal, Senador";"15/08/2018";"21/08/2018";"2525";"10552 CONRE1º Região";"Tuannhy Rozeira Haverroth";"30000,00";"02503309000120";"COMUNICARE ORGANIZACOES LTDA - ME";"#NULO#";"02503309000120";"COMUNICARE ORGANIZACOES LTDA - ME";"Amostragem Sistemática e estratificada, com aplicação de formulário em entrevista direta in loco em municípios cuja amostra seja superior a 25 entrevistas (ver dados relativos as amostras por município), e por telefone as amostras menores que 25 entrevistas. O formulário contem questões espontâneas para deputados estaduais e federais e estimuladas para governo e senado.";"Plano Amostral: Total de entrevistas - 2525. Universo - cerca de 1,18 milhões de eleitores ¿ 52 municípios. Sexo: Homens 51%. mulheres 49%. Idade: 16 a 25(20%), 26 a 35 (20%), 36 a 45 (20%), 46 a 60(20%), acima de 60 anos(20%). Nível Socioeconômico (aleatório): Até um salário, Até três salários, Mais de três salários. Grau de Instrução (aleatório): Até ensino fundamental, Ensino médio, Ensino superior ou mais. Intervalo de confiança 95%, margem de erro 2,5%.";"Os formulários, depois de aplicados, passam por uma conferência e uma ponderação entre a amostra planejada e a amostra alcançada. O trabalho de campo é supervisionado por um diretor de campo. Uma reamostragem, com 10% do total da amostra alcançada, é feita pelo supervisor para verificação.";"As amostras serão colhidas nas ruas de fluxo de cada município, e o publico rural será encontrado nas rodoviárias de colonos dos municípios.   Segue a tabela com a amostra  atribuída a cada município do estado de Rondônia.    Abrangência Quantidade % Amostra   Frente 01 (Porto Velho)        1 PORTO VELHO 319.900 27,513 640  2 GUAJARÁ-MIRIM 27.826 2,393 56  3 CANDEIAS DO JAMARI 17.705 1,523 35  4 NOVA MAMORÉ 16.905 1,454 34  5 ITAPUÃ DO OESTE 6.336 0,545 13    Totais 388.672 33,428 777   Frente 02 (Ariquemes e Vale do Jamari Norte)    6 ARIQUEMES 63.473 5,459 127  7 MACHADINHO DO OESTE 22.703 1,953 45  8 CUJUBIM 10.512 0,904 21  9 VALE DO ANARI 6.245 0,537 12  10 RIO CRESPO 3.038 0,261 6    Totais 105.971 9,114 212   Frente 03 (Vale do Jamari Sul)        11 BURITIS 22.509 1,936 45  12 ALTO PARAÍSO 11.925 1,026 24  13 MONTE NEGRO 9.910 0,852 20  14 CAMPO NOVO DE RONDÔNIA 8.053 0,693 16  15 CACAULÂNDIA 3.982 0,342 8    Totais 56.379 4,849 113   Frente 04 (Jaru)     0  16 JARU 40.743 3,504 81  17 GOVERNADOR JORGE TEIXEIRA 7.794 0,67 16  18 THEOBROMA 8.583 0,738 17    Totais 57.120 4,912 114   Frente 05 (Ji-Paraná)     0  19 JI-PARANÁ 78.530 6,754 157  20 OURO PRETO DO OESTE 29.672 2,552 59  21 URUPÁ 9.615 0,827 19  22 MIRANTE DA SERRA 9.030 0,777 18  23 NOVA UNIÃO 5.594 0,481 11  24 VALE DO PARAÍSO 6.539 0,562 13  25 TEIXEIRÓPOLIS 4.157 0,358 8    Totais 143.137 12,311 286   Frente 06 (BR 429)        26 PRESIDENTE MÉDICI 17.010 1,463 34  27 SÃO MIGUEL DO GUAPORÉ 16.357 1,407 33  28 ALVORADA DO OESTE 12.553 1,08 25  29 SÃO FRANCISCO DO GUAPORÉ 10.975 0,944 22  30 SERINGUEIRAS 9.338 0,803 19  31 COSTA MARQUES 9.045 0,778 18    Totais 75.278 6,475 151   Frente 07 (Cacoal)        32 CACOAL 61.524 5,291 123  33 PIMENTA BUENO 27.117 2,332 54  34 ESPIGÃO DO OESTE 22.353 1,922 45  35 MINISTRO ANDREAZZA 7.305 0,628 15    Totais 118.299 10,173 237   Frente 08 (Zona da Mata)        36 ROLIM DE MOURA 38.915 3,347 78  37 ALTA FLORESTA DO OESTE 19.161 1,648 38  38 NOVA BRASILÂNDIA DO OESTE 14.682 1,263 29  39 ALTO ALEGRE DOS PARECIS 8.942 0,769 18  40 NOVO HORIZONTE DO OESTE 7.830 0,673 16  41 SANTA LUZIA DO OESTE 7.582 0,652 15  42 SÃO FELIPE DO OESTE 5.087 0,438 10  43 PARECIS 3.676 0,316 7  44 CASTANHEIRAS 3.297 0,284 7  45 PRIMAVERA DE RONDÔNIA 2.748 0,236 5    Totais 111.920 9,626 224   Frente 09 (Conesul)        46 VILHENA 58.571 5,037 117  47 COLORADO DO OESTE 13.866 1,193 28  48 CEREJEIRAS 13.830 1,189 28  49 CHUPINGUAIA 6.387 0,549 13  50 CORUMBIARA 6.251 0,538 13  51 CABIXI 4.687 0,403 9  52 PIMENTEIRAS DO OESTE 2.345 0,202 5    Totais 105.937 9,111 212          Frente 09 (Conesul)        46 VILHENA 58.571 5,037 117  47 COLORADO DO OESTE 13.866 1,193 28  48 CEREJEIRAS 13.830 1,189 28  50 CORUMBIARA 6.251 0,538 13  51 CABIXI 4.687 0,403 9  52 PIMENTEIRAS DO OESTE 2.345 0,202 5    Totais 99.550 8,562 199         Total de amostra            2.525   "
"24/08/2022";"00:10:36";"2018";"5";"Eleições Gerais 2018";"RO";"RO";"RONDÔNIA";"RO054012018";"30/09/2018";"19812752000185";"IVANI MOTA DE ARAUJO";"BRASIL DADOS";"Governador, Deputado Estadual, Deputado Federal, Senador";"30/09/2018";"02/10/2018";"1080";"8602";"Diogo de Mello Brito da Silva";"17000,00";"19812752000185";"IVANI MOTA DE ARAUJO";"#NULO#";"19812752000185";"IVANI MOTA DE ARAUJO";"O método de amostragem utilizado é a Amostragem por Cotas. Serão feitas entrevistas pessoais, face-a-face, realizadas por entrevistadores treinados pelo instituto através de questionário estruturado, respeitando as cotas de amostragem (Sexo, Faixa Etária e Grau de Instrução). A distribuição espacial seguirá a proporção da população segundo dados do IBGE, nos municípios abrangidos pela pesquisa.  ";"A alocação da amostra foi proporcional as cotas de sexo, idade e grau de instrução. Para o nível econômico, a pesquisa foi autoponderada, ou seja, a proporção do universo pesquisado é o mesmo daquele encontrado na amostra, não sendo necessário nenhum tipo de ponderação. As proporções das cotas foram as seguintes: 1) sexo: masculino - 49,1% e feminino - 50,9%. 2) idade: 16 a 24 anos - 17,5%, 25 a 34 anos - 23,3%, 35 a 44 anos - 21,4%, 45 a 54 anos - 19,8%, 55 a 69 anos - 12,7% e 70 anos ou mais - 5,3. 3) escolaridade: até ensino fundamental completo - 50,5%, ensino médio incompleto/completo - 35,4% e ensino superior incompleto/completo - 14,1%. Foi considerado um nível de confiança de 95%. Com este nível de confiança e uma amostra de 1.080, a margem de erro da pesquisa é de 3.0 pontos percentuais.  ";"Coleta de dados: Entrevistas pessoais através de questionário estruturado, contendo perguntas filtro, a fim de entrevistar somente o público-alvo desejado. Os entrevistadores são contratados pela BRASIL DADOS e treinados pela empresa. O processo de coleta de dados será monitorado pelos supervisores. São checados, no mínimo, 10% dos questionários aplicados, seja in loco por supervisores de campo ou, posteriormente, por telefone. Internamente, todo o material é verificado, codificado, digitado e, antes do processamento final, realiza-se a conferência da digitação (consistência dos dados).  ";"Anexo."
"24/08/2022";"00:10:36";"2018";"5";"Eleições Gerais 2018";"RO";"RO";"RONDÔNIA";"RO054432018";"26/08/2018";"04942645000102";"J J COELHO";"INSTITUTO PHOENIX & ASSOCIADOS";"Governador, Deputado Distrital, Deputado Estadual, Deputado Federal, Senador";"26/08/2018";"29/08/2018";"1221";"7655-A";"Augusto Silva Rocha  ";"9000,00";"19306841000150";"FRANCO & RODRIGUES COMUNICACAO SOCIAL  E EMPREENDIMENTOS LTDA / JORNAL CORREIO CONTINENTAL RO";"Recursos Próprios";"04942645000102";"J J COELHO";"Metodologia de pesquisa:  Metodologia de pesquisa: METODOLOGIA UTILIZADA para unidade federativa do Estado de Rondônia. No DESENVOLVIMENTO DESTA SONDAGEM O objetivo principal desta pesquisa e identificar as intenções de voto, para o pleito majoritário e proporcional, averiguando as devidas tendências. MÉTODO: PROBABILIÍSTICO ESTRATIFICADO COM SORTEIO DE MULTIPLOS ESTÁGIO. Por tratar-se de um estudo descritivo, com característica de um público conhecido, desenvolvemos um método direto, através da amostragem probabilística. Assim na abrangência da área geográfica aplicamos um percentual pré-definido nas proporções do universo dos eleitores, baseando-se também nos percentuais eleitorais para cada micro setor da região pesquisada. De acordo com as tabelas apresentadas. O critério de seleção obedece às informações e dados do TRE e IBGE. As entrevistas serão na quase totalidade efetuadas nos domicílios dos eleitores, após a certificação de que os mesmos votam no Estado e se dispõe a responderes as perguntas apresentadas. Selecionamos (16). Municípios das diversas regiões sorteadas entre aproximadamente 81% dos votos das unidades de maiores pesos populacional. Que resulta em mais de 3/4 dá abrangência da população e, por conseguinte do contingente eleitoral de todo estado. Para atingirmos os propósitos deste estudo utilizamos a técnica de pesquisa por amostragem, que reside na apreensão sistemática e extensiva das tendências dos indivíduos inserido no universo pesquisado e que integra a realidade a ser investigada. A validade deste tipo de pesquisa está na possibilidade de se aferir a intensidade de tendências, permitindo a coleta de dados utilizando de um formulário de questionamento misto contendo algumas perguntas estimulada (optativas) e outras semiabertas de caráter mais informativo. Este último tipo de questão permite que se evite indução da resposta, assim, como possibilita que se tenha conhecimento dos quadros de referência dos entrevistados.com isso, obtêm-se também posições qualitativas das opiniões coletadas e que permitam aos interessados: traçar perfis, avaliar gestões e serviço. identificação e desempenho das lideranças, em estudo pelo cruzamento das respostas obtidas. UNIVERSO da pesquisa será constituído pelos eleitores da unidade federativa segmentada pelos variáveis de sexo e faixa etárias e área geográfica definidas a partir da idade 16 anos, integrantes de todas as camadas socioeconômica do estado. Colocamos em campo agente com razoável instrução com nível médio, treinados para o fim especifico, supervisionado por chefe de equipe que acima de tudo primam pela neutralidade dos dados a ser apreendidos. O trabalho terá a duração de até cinco dias programados de acordo com o cronograma de serviços e mais até (02) dias ininterruptos, serão empregados na tarefa de: Revisão. Processamento e tabulação geral, dos 1221 questionários, aplicados. Finalizando assim com a publicação dos dados, em tempo hábil, salvo se algum acidente de percurso, que possa naturalmente retardar a coleta de dados em campo. Quanto a estratificação das quotas: consiste em si determinar o bairro ou setores censitários por sorteio, determinando ao agente coletor a quantidade de entrevistas para cada período diário e o percentual por faixa etária e sexo tornando assim a amostragem equiprobabilística. EQUIPE: Um grupo de (08) agentes pesquisadores realizara a coleta de dados em campo, nos bairros e localidades sorteadas, dentre os limites dos municípios, coletando assim as entrevistas que haverão de compor a amostragem prevista.  ";"Plano amostral e ponderação quanto a sexo, idade, grau de instrução nível econômico do entrevistado. intervalo de confiança e margem de erro: PLANO AMOSTRAL E PODERAÇÃO) a quota de sexo, idade, grau de instrução e nível econômico do entrevistados: intervalo de confiança e margem de erro. plano amostral e ponderação quanto a sexo, idade, a faixa etária ficou definida em cinco categoria: de 16 a 24 anos 18,4%  de 25 a 34 anos. 23,1%  de 35 a 44 anos 21,3% de 45 a 60 24,2% acima de 60 anos 13,0% Grau de instrução, nível econômico do entrevistado. intervalo de confiança e margem de erro: PLANO AMOSTRAL E PODERAÇÃO este plano foi elaborado com base no contingente populacional pautado diretamente no eleitorado, por tratar- se de um levantamento exclusivo de intenção de voto. Com base na eleição vindoura do próximo mês de outubro. Desta forma, baseado nos dados estatístico IBGE referente ao estudo, as quotas com o perfil das pessoas a serem entrevistado como poderá ser observado na tabela de estratificação. QUOTA DE SEXO: com 51,3% de coleta entre as mulheres, o que equivale a quatrocentos e doze amostras e o restante (trezentos e noventa e três) feita no segmento masculino 48,7% do eleitorado do estado Rondoniense. GRAU DE INSTRUÇÃO: nas devidas proporções apresentadas na tabela do IBGE. Estabelecendo-se assim a margem de erro e nível de confiança. Por outro lado, adequamos a escolha dos bairros dentro da proporcionalidade populacional de cada microrregião geograficamente delimitada. Como também poderá ser visto. Na tabela das regionais e municipais contempladas conforme sua devida densidade eleitoral, mantendo-se assim a proporção no peso amostral de cada unidade regional. Desta forma a amostragem será produzida pelos questionários feitos a base de entrevistas individuais, nos variados setores censitários estratificados, tendo-se como o UNIVERSO da pesquisa os eleitores do estado respaldado no contingente total de Rondônia. quais serão retiradas estas amostras em quantidade representativa, obedecendo aos critérios acima exposto. O intervalo de confiança é de 96%o que significa dizer que em 100 trabalhos desta natureza, somente (04) poderão apresentar uma variação fora do previsto. Margem de erro: para mais ou para menos 2,83% de acordo com a tabela fornecida pelo estatístico responsável. Augusto da Silva Rocha, inscrito no CORRE (1) sob o número 7655-A";"Sistema interno de controle e verificação, conferência e fiscalização da coleta de dados e do trabalho de campo:  Sistema interno de controle e verificação, conferência e fiscalização da coleta dos dados de campo: Como variáveis de controle, seguimos à risca neste trabalho as recomendação da Lei Eleitoral Vigente, que estabelece como padrões de controle as variáveis dentro dos percentuais apresentados pelo IBGE nas últimas aferições dos sensos populacionais. Assim enquadramos religiosamente dentro da variável de faixa etária e quota de sexo. O índice amostral que determinarão a ponderação da variável. Respeitando as variações permitida, nunca superiores a margem de erro estabelecido. Quanto a área física em cada bairro será escolhida, as ruas em proporção ao número de amostra de cada unidade, de formas a mapeamos na proporção equiprobabilística. Dentre as cinco classes socioeconômicas definidas A. B. C. D. e E. como também o nível escolaridade dos entrevistados, em número de quatro classes, a saber: superior Completo ou incompleto, básico, primário ou fundamental e semianalfabeta ou analfabeto funcionais, encaixados dentro das proporções do último senso demográfico, funcionando como variáveis decorrentes e não de controle excepcionalmente. As religiões dos entrevistados não requerem qualquer controle, visto que serão elementos somente passiveis ou acompanhamento, desta forma não entram na pauta de controle das informações apreendidas. Na conferência de questionários e revisão de dados se faz de imediato após a coleta de campo, em aproximadamente 15% dos questionários tendo em vista a relação de telefones, ou e-mail fornecidas por parte dos respondentes, tendo em vista também averiguar possíveis irregularidades na coleta ou mesmo no preenchimento dos dados fornecidos. A relação dos bairros com seus respectivos números de amostra serão enviados posteriormente, logo após sejam catalogados todas as amostras planejadas. Questionário (vide copia anexa). Nota: embora a amostragem tenha sido enquadrada proporcionalmente nas devidas faixas de controle, no concernente as variáveis de classe socioeconômica e instrução escolar, possa haver sempre algumas oscilações de faixa, em razão das fontes oficias estarem sempre desatualizadas e as mudanças serem bastante evolutivas de formas a não comprometer a essência dos resultados finais. Assim levamos em conta também dados de outros trabalhos e levantamentos sociológicos feito na região nos últimos anos. Dados relativos aos municípios e bairros abrangidos pala pesquisa. Na ausência de delimitação do bairro, será identificada a área em que foi realizada a pesquisa (6º do art.2º da Resolução- TSE nº 23.453/2015. Ate o sétimo dia seguinte ao registro da pesquisa, será ele complementado com os dados.    Dados relativos aos municípios e bairros abrangidos pela pesquisa. Na ausência de delimitação do bairro, será identificada a área em que foi realizada a pesquisa(conforme §6º. do art. 2º. da Resolução-TSE nº. 23.549/2017, Até o sétimo dia seguinte ao registro da pesquisa, será ele complementado com os dados relativos aos bairros abrangidos. na ausência de delimitação do bairro, será identificada a área em que foi realizada):          ";"Obs. relação de bairros e municípios serão anexados posteriormente "
"24/08/2022";"00:10:36";"2018";"5";"Eleições Gerais 2018";"RO";"RO";"RONDÔNIA";"RO055212018";"01/10/2018";"02503309000120";"COMUNICARE ORGANIZACOES LTDA - ME";"#NULO#";"Deputado Estadual, Deputado Distrital, Deputado Federal, Senador, Governador";"01/10/2018";"05/10/2018";"2525";"10552 CONRE1º Região";" Tuannhy Rozeira Haverroth";"30000,00";"02503309000120";"COMUNICARE ORGANIZACOES LTDA - ME";"#NULO#";"02503309000120";"COMUNICARE ORGANIZACOES LTDA - ME";"Amostragem Sistemática e estratificada, com aplicação de formulário em entrevista direta in loco em municípios cuja amostra seja superior a 25 entrevistas (ver dados relativos as amostras por município), e por telefone as amostras menores ou iguais que 25 entrevistas. O formulário contem questões espontâneas para deputados estaduais e federais e estimuladas para governo e senado.";"Plano Amostral: Total de entrevistas - 2525. Universo - cerca de 1,18 milhões de eleitores ¿ 52 municípios. Sexo: Homens 50%. mulheres 50%. Idade: 16 a 25(20%), 26 a 35 (20%), 36 a 45 (20%), 46 a 60(20%), acima de 60 anos(20%). Nível Socioeconômico (aleatório): Até um salário, Até três salários, Mais de três salários. Grau de Instrução (aleatório): Até ensino fundamental, Ensino médio, Ensino superior ou mais. Intervalo de confiança 95%, margem de erro 2,5%.";"Os formulários, depois de aplicados, passarão por uma conferência e uma ponderação entre a amostra planejada e a amostra alcançada. O trabalho de campo é supervisionado por um diretor de campo. Uma reamostragem, com 10% do total da amostra alcançada, é feita pelo supervisor para verificação.";"As amostras serão colhidas nas ruas de fluxo de cada município, e o publico rural será encontrado nas rodoviárias de colonos dos municípios.   Segue a tabela com a amostra atribuída a cada município do estado de Rondônia.   Abrangência Quantidade Amostra   Frente 01 (Porto Velho)    1 PORTO VELHO 319.900 640  2 GUAJARÁ-MIRIM 27.826 60  3 CANDEIAS DO JAMARI 17.705 39  4 NOVA MAMORÉ 16.905 38  5 ITAPUÃ DO OESTE 6.336 17    Totais 388.672 794   Frente 02 (Ariquemes e Vale do Jamari Norte) Quantidade Amostra  6 ARIQUEMES 63.473 130  7 MACHADINHO DO OESTE 22.703 49  8 CUJUBIM 10.512 25  9 VALE DO ANARI 6.245 16  10 RIO CRESPO 3.038 10    Totais 105.971 230   Frente 03 (Vale do Jamari Sul) Quantidade Amostra  11 BURITIS 22.509 49  12 ALTO PARAÍSO 11.925 28  13 MONTE NEGRO 9.910 24  14 CAMPO NOVO DE RONDÔNIA 8.053 20  15 CACAULÂNDIA 3.982 12    Totais 56.379 133   Frente 04 (Jaru) Quantidade Amostra  16 JARU 40.743 85  17 GOVERNADOR JORGE TEIXEIRA 7.794 20  18 THEOBROMA 8.583 21    Totais 57.120 126   Frente 05 (Ji-Paraná) Quantidade Amostra  19 JI-PARANÁ 78.530 160  20 OURO PRETO DO OESTE 29.672 63  21 URUPÁ 9.615 23  22 MIRANTE DA SERRA 9.030 22  23 NOVA UNIÃO 5.594 15  24 VALE DO PARAÍSO 6.539 17  25 TEIXEIRÓPOLIS 4.157 12    Totais 143.137 312   Frente 06 (BR 429) Quantidade Amostra  26 PRESIDENTE MÉDICI 17.010 39  27 SÃO MIGUEL DO GUAPORÉ 16.357 37  28 ALVORADA DO OESTE 12.553 29  29 SÃO FRANCISCO DO GUAPORÉ 10.975 25  30 SERINGUEIRAS 9.338 23  31 COSTA MARQUES 9.045 22    Totais 75.278 175   Frente 07 (Cacoal) Quantidade Amostra  32 CACOAL 61.524 125  33 PIMENTA BUENO 27.117 58  34 ESPIGÃO DO OESTE 22.353 49  35 MINISTRO ANDREAZZA 7.305 19    Totais 118.299 251   Frente 08 (Zona da Mata) Quantidade Amostra  36 ROLIM DE MOURA 38.915 82  37 ALTA FLORESTA DO OESTE 19.161 42  38 NOVA BRASILÂNDIA DO OESTE 14.682 33  39 ALTO ALEGRE DOS PARECIS 8.942 22  40 NOVO HORIZONTE DO OESTE 7.830 20  41 SANTA LUZIA DO OESTE 7.582 19  42 SÃO FELIPE DO OESTE 5.087 14  43 PARECIS 3.676 11  44 CASTANHEIRAS 3.297 11  45 PRIMAVERA DE RONDÔNIA 2.748 9    Totais 111.920 263   Frente 09 (Conesul) Quantidade Amostra  46 VILHENA 58.571 121  47 COLORADO DO OESTE 13.866 32  48 CEREJEIRAS 13.830 32  49 CHUPINGUAIA 6.387 17  50 CORUMBIARA 6.251 17  51 CABIXI 4.687 13  52 PIMENTEIRAS DO OESTE 2.345 9    Totais 105.937 241   Total da População e amostra 1.162.713 2525  "
"24/08/2022";"00:10:36";"2018";"5";"Eleições Gerais 2018";"RO";"RO";"RONDÔNIA";"RO057032018";"20/10/2018";"29842579000111";"REAL TIME BIG DATA GESTAO DE DADOS LTDA.";"REAL TIME BIG DATA";"Governador";"25/10/2018";"25/10/2018";"1500";"7655";"Augusto da Silva Rocha";"7000,00";"29842579000111";"REAL TIME BIG DATA GESTAO DE DADOS LTDA.";"#NULO#";"29842579000111";"REAL TIME BIG DATA GESTAO DE DADOS LTDA.";"Pesquisa quantitativa, que consiste na realização de entrevistas por telefone, com a aplicação de questionário estruturado junto a uma amostra, representativa do eleitorado em estudo.";"Universo: 1.175.733 eleitores (TSE). Amostra: 1500 entrevistas. Nível de Confiança: 95%. Margem de Erro: até 3 pontos percentuais para mais ou para menos. Divisão Censitária. Ponderação quanto ao sexo e faixa etária: Masculino de 16 a 24 anos (8,5%), Masculino de 25 a 34 anos (11,1%), Masculino de 35 a 44 anos (10,3%), Masculino de 45 a 59 anos (11,8%) e Masculino acima de 59 anos (7,4%). Feminino de 16 a 24 anos (8,9%), Feminino de 25 a 34 anos (12,0%), Feminino de 35 a 44 anos (11,1%), Feminino de 45 a 59 anos (11,9%) e Feminino acima de 59 anos (6,9%). Ponderação quanto ao nível de instrução: 34% de Analfabeto / Fundamental Incompleto, 16% de Lê e escreve / Fundamental Completo, 36% de Médio Incompleto / Médio Completo e 14% de Superior Incompleto / Superior Completo. Ponderação quanto a distribuição por renda mensal domiciliar: 23% até 1 SM, 26% de 1 até 2 SM, 33% de 2 até 5 SM, 12% de 5 até 10 SM e 5% acima de 10 SM. Fonte de Dados: IBGE e TSE 2018.";"Checagem de 20% da amostra efetuada pelos supervisores. Todos os entrevistadores foram amplamente treinados e orientados tanto teoricamente quanto praticamente sobre suas responsabilidade e funções, respeitando as cotas pré-estabelecidas. A equipe está dividida em coordenadoria-geral / supervisores / entrevistadores.";"Em anexo."
"24/08/2022";"00:10:36";"2018";"5";"Eleições Gerais 2018";"RO";"RO";"RONDÔNIA";"RO058492018";"12/09/2018";"02503309000120";"COMUNICARE ORGANIZACOES LTDA - ME";"#NULO#";"Senador, Deputado Distrital, Deputado Estadual, Deputado Federal, Governador";"12/09/2018";"18/09/2018";"2525";"10552 CONRE1º Região";"Tuannhy Rozeira Haverroth";"30000,00";"02503309000120";"COMUNICARE ORGANIZACOES LTDA - ME";"#NULO#";"02503309000120";"COMUNICARE ORGANIZACOES LTDA - ME";"Amostragem Sistemática e estratificada, com aplicação de formulário em entrevista direta in loco em municípios cuja amostra seja superior a 25 entrevistas (ver dados relativos as amostras por município), e por telefone as amostras menores ou iguais que 25 entrevistas. O formulário contem questões espontâneas para deputados estaduais e federais e estimuladas para governo e senado.";"Plano Amostral: Total de entrevistas - 2525. Universo - cerca de 1,18 milhões de eleitores ¿ 52 municípios. Sexo: Homens 50%. mulheres 50%. Idade: 16 a 25(20%), 26 a 35 (20%), 36 a 45 (20%), 46 a 60(20%), acima de 60 anos(20%). Nível Socioeconômico (aleatório): Até um salário, Até três salários, Mais de três salários. Grau de Instrução (aleatório): Até ensino fundamental, Ensino médio, Ensino superior ou mais. Intervalo de confiança 95%, margem de erro 2,5%.";"Os formulários, depois de aplicados, passarão por uma conferência e uma ponderação entre a amostra planejada e a amostra alcançada. O trabalho de campo é supervisionado por um diretor de campo. Uma reamostragem, com 10% do total da amostra alcançada, é feita pelo supervisor para verificação.";"As amostras serão colhidas nas ruas de fluxo de cada município, e o publico rural será encontrado nas rodoviárias de colonos dos municípios.   Segue a tabela com a amostra atribuída a cada município do estado de Rondônia.   Abrangência Quantidade Amostra   Frente 01 (Porto Velho)    1 PORTO VELHO 319.900 640  2 GUAJARÁ-MIRIM 27.826 60  3 CANDEIAS DO JAMARI 17.705 39  4 NOVA MAMORÉ 16.905 38  5 ITAPUÃ DO OESTE 6.336 17    Totais 388.672 794   Frente 02 (Ariquemes e Vale do Jamari Norte) Quantidade Amostra  6 ARIQUEMES 63.473 130  7 MACHADINHO DO OESTE 22.703 49  8 CUJUBIM 10.512 25  9 VALE DO ANARI 6.245 16  10 RIO CRESPO 3.038 10    Totais 105.971 230   Frente 03 (Vale do Jamari Sul) Quantidade Amostra  11 BURITIS 22.509 49  12 ALTO PARAÍSO 11.925 28  13 MONTE NEGRO 9.910 24  14 CAMPO NOVO DE RONDÔNIA 8.053 20  15 CACAULÂNDIA 3.982 12    Totais 56.379 133   Frente 04 (Jaru) Quantidade Amostra  16 JARU 40.743 85  17 GOVERNADOR JORGE TEIXEIRA 7.794 20  18 THEOBROMA 8.583 21    Totais 57.120 126   Frente 05 (Ji-Paraná) Quantidade Amostra  19 JI-PARANÁ 78.530 160  20 OURO PRETO DO OESTE 29.672 63  21 URUPÁ 9.615 23  22 MIRANTE DA SERRA 9.030 22  23 NOVA UNIÃO 5.594 15  24 VALE DO PARAÍSO 6.539 17  25 TEIXEIRÓPOLIS 4.157 12    Totais 143.137 312   Frente 06 (BR 429) Quantidade Amostra  26 PRESIDENTE MÉDICI 17.010 39  27 SÃO MIGUEL DO GUAPORÉ 16.357 37  28 ALVORADA DO OESTE 12.553 29  29 SÃO FRANCISCO DO GUAPORÉ 10.975 25  30 SERINGUEIRAS 9.338 23  31 COSTA MARQUES 9.045 22    Totais 75.278 175   Frente 07 (Cacoal) Quantidade Amostra  32 CACOAL 61.524 125  33 PIMENTA BUENO 27.117 58  34 ESPIGÃO DO OESTE 22.353 49  35 MINISTRO ANDREAZZA 7.305 19    Totais 118.299 251   Frente 08 (Zona da Mata) Quantidade Amostra  36 ROLIM DE MOURA 38.915 82  37 ALTA FLORESTA DO OESTE 19.161 42  38 NOVA BRASILÂNDIA DO OESTE 14.682 33  39 ALTO ALEGRE DOS PARECIS 8.942 22  40 NOVO HORIZONTE DO OESTE 7.830 20  41 SANTA LUZIA DO OESTE 7.582 19  42 SÃO FELIPE DO OESTE 5.087 14  43 PARECIS 3.676 11  44 CASTANHEIRAS 3.297 11  45 PRIMAVERA DE RONDÔNIA 2.748 9    Totais 111.920 263   Frente 09 (Conesul) Quantidade Amostra  46 VILHENA 58.571 121  47 COLORADO DO OESTE 13.866 32  48 CEREJEIRAS 13.830 32  49 CHUPINGUAIA 6.387 17  50 CORUMBIARA 6.251 17  51 CABIXI 4.687 13  52 PIMENTEIRAS DO OESTE 2.345 9    Totais 105.937 241   Total da População e amostra 1.162.713 2525  "
"24/08/2022";"00:10:36";"2018";"5";"Eleições Gerais 2018";"RO";"RO";"RONDÔNIA";"RO061422018";"10/09/2018";"05850850000100";"FORTIORI PESQUISA, DIAGNOSTICO & MARKETING EIRELI";"FORTIORI";"Governador, Senador";"08/09/2018";"14/09/2018";"800";"8631";"Alexandre Vasconcelos Lima";"35000,00";"31221131000122";"ELEICAO 2018 VALDIR RAUPP DE MATOS SENADOR / ";"Fundo Partidário";"05850850000100";"FORTIORI PESQUISA, DIAGNOSTICO & MARKETING EIRELI";"Metodologia de pesquisa:  Pesquisa quantitativa, por abordagem randômica, através de realização de entrevistas pessoais face-a-face, onde a coleta será através de (tablet) com aplicação de questionários estruturados junto à amostra representativa do universo de eleitores do Estado de Rondônia.   ";"Plano amostral e ponderação quanto a sexo, idade, grau de instrução e nível econômico do entrevistado. intervalo de confiança e margem de erro:  O universo da pesquisa é composto pelos eleitores do estado de Rondônia. Para obter uma amostra representativa deste universo, foi realizada uma amostra não probabilística, por cotas proporcionais.   O primeiro passo foi selecionar municípios em todas as regiões do estado. Após foram calculadas as cotas quanto as variável sexo, idade, grau de instrução, classe social e local de moradia (para os cálculos foram utilizadas as informações oficiais, Estatística do Eleitorado/TSE e CENSO/IBGE).   Considerando uma amostra de 800 eleitores e um nível de confiança de 95%, a margem de erro da pesquisa é de 3.5 pontos percentuais.  Cotas da Pesquisa:   1) Sexo Homens = 49% Mulheres = 51%.   2) Idade 16 a 24 anos = 21% 25 a 34 anos = 25% 35 a 49 anos = 29% 50 e mais = 25%.  3) Escolaridade Primário = 18% 1º grau = 29% 2º grau = 39% Superior = 14%.   4) Nível Sócio Econômico A = 6% B = 6% C = 23% D = 40% E = 25%.   ";"Sistema interno de controle e verificação, conferência e fiscalização da coleta de dados e do trabalho de campo: Trabalho de coleta de dados será feito por 4 entrevistadores devidamente treinados e acompanhado in loco por 1 supervisor. Os questionários serão criticados e será feita uma checagem de 20% ainda no campo e de mais 10% através do telefone. ";"Porto Velho, Cujubim, Alto Paraíso. Ariquemes. Monte Negro. Campo Novo de Rondônia, Jarú, Jí -Paraná, Ouro Preto, Governador Jorge Teixeira, Alvorada d´Oeste, Presidente Médici, Cacoal, Rolim de Moura, Pimenta Bueno, Chupinguaia, Colorado do Oeste, Vilhena."
"24/08/2022";"00:10:36";"2018";"5";"Eleições Gerais 2018";"RO";"RO";"RONDÔNIA";"RO064412018";"03/09/2018";"28780441000172";"IHPEC - INSTITUTO HAVERROTH DE POLITICA, ESTATISTICA E COMUNICACAO LTDA.";"INSTITUTO HAVERROTH";"Deputado Federal, Senador, Governador, Deputado Distrital, Deputado Estadual";"03/09/2018";"09/09/2018";"2525";"10552 CONRE1º Região";"Tuannhy Rozeira Haverroth";"30000,00";"28780441000172";"IHPEC - INSTITUTO HAVERROTH DE POLITICA, ESTATISTICA E COMUNICACAO LTDA.";"#NULO#";"28780441000172";"IHPEC - INSTITUTO HAVERROTH DE POLITICA, ESTATISTICA E COMUNICACAO LTDA.";"Amostragem Sistemática e estratificada, com aplicação de formulário em entrevista direta in loco em municípios cuja amostra seja superior a 25 entrevistas (ver dados relativos as amostras por município), e por telefone as amostras menores ou iguais que 25 entrevistas. O formulário contem questões espontâneas para deputados estaduais e federais e estimuladas para governo e senado.";"Plano Amostral: Total de entrevistas - 2525. Universo - cerca de 1,18 milhões de eleitores ¿ 52 municípios. Sexo: Homens 50%. mulheres 50%. Idade: 16 a 25(20%), 26 a 35 (20%), 36 a 45 (20%), 46 a 60(20%), acima de 60 anos(20%). Nível Socioeconômico (aleatório): Até um salário, Até três salários, Mais de três salários. Grau de Instrução (aleatório): Até ensino fundamental, Ensino médio, Ensino superior ou mais. Intervalo de confiança 95%, margem de erro 2,5%.";"Os formulários, depois de aplicados, passarão por uma conferência e uma ponderação entre a amostra planejada e a amostra alcançada. O trabalho de campo é supervisionado por um diretor de campo. Uma reamostragem, com 10% do total da amostra alcançada, é feita pelo supervisor para verificação.";"As amostras serão colhidas nas ruas de fluxo de cada município, e o publico rural será encontrado nas rodoviárias de colonos dos municípios.   Segue a tabela com a amostra atribuída a cada município do estado de Rondônia.   Abrangência Quantidade Amostra   Frente 01 (Porto Velho)    1 PORTO VELHO 319.900 640  2 GUAJARÁ-MIRIM 27.826 60  3 CANDEIAS DO JAMARI 17.705 39  4 NOVA MAMORÉ 16.905 38  5 ITAPUÃ DO OESTE 6.336 17    Totais 388.672 794   Frente 02 (Ariquemes e Vale do Jamari Norte) Quantidade Amostra  6 ARIQUEMES 63.473 130  7 MACHADINHO DO OESTE 22.703 49  8 CUJUBIM 10.512 25  9 VALE DO ANARI 6.245 16  10 RIO CRESPO 3.038 10    Totais 105.971 230   Frente 03 (Vale do Jamari Sul) Quantidade Amostra  11 BURITIS 22.509 49  12 ALTO PARAÍSO 11.925 28  13 MONTE NEGRO 9.910 24  14 CAMPO NOVO DE RONDÔNIA 8.053 20  15 CACAULÂNDIA 3.982 12    Totais 56.379 133   Frente 04 (Jaru) Quantidade Amostra  16 JARU 40.743 85  17 GOVERNADOR JORGE TEIXEIRA 7.794 20  18 THEOBROMA 8.583 21    Totais 57.120 126   Frente 05 (Ji-Paraná) Quantidade Amostra  19 JI-PARANÁ 78.530 160  20 OURO PRETO DO OESTE 29.672 63  21 URUPÁ 9.615 23  22 MIRANTE DA SERRA 9.030 22  23 NOVA UNIÃO 5.594 15  24 VALE DO PARAÍSO 6.539 17  25 TEIXEIRÓPOLIS 4.157 12    Totais 143.137 312   Frente 06 (BR 429) Quantidade Amostra  26 PRESIDENTE MÉDICI 17.010 39  27 SÃO MIGUEL DO GUAPORÉ 16.357 37  28 ALVORADA DO OESTE 12.553 29  29 SÃO FRANCISCO DO GUAPORÉ 10.975 25  30 SERINGUEIRAS 9.338 23  31 COSTA MARQUES 9.045 22    Totais 75.278 175   Frente 07 (Cacoal) Quantidade Amostra  32 CACOAL 61.524 125  33 PIMENTA BUENO 27.117 58  34 ESPIGÃO DO OESTE 22.353 49  35 MINISTRO ANDREAZZA 7.305 19    Totais 118.299 251   Frente 08 (Zona da Mata) Quantidade Amostra  36 ROLIM DE MOURA 38.915 82  37 ALTA FLORESTA DO OESTE 19.161 42  38 NOVA BRASILÂNDIA DO OESTE 14.682 33  39 ALTO ALEGRE DOS PARECIS 8.942 22  40 NOVO HORIZONTE DO OESTE 7.830 20  41 SANTA LUZIA DO OESTE 7.582 19  42 SÃO FELIPE DO OESTE 5.087 14  43 PARECIS 3.676 11  44 CASTANHEIRAS 3.297 11  45 PRIMAVERA DE RONDÔNIA 2.748 9    Totais 111.920 263   Frente 09 (Conesul) Quantidade Amostra  46 VILHENA 58.571 121  47 COLORADO DO OESTE 13.866 32  48 CEREJEIRAS 13.830 32  49 CHUPINGUAIA 6.387 17  50 CORUMBIARA 6.251 17  51 CABIXI 4.687 13  52 PIMENTEIRAS DO OESTE 2.345 9    Totais 105.937 241   Total da População e amostra 1.162.713 2525  "
"24/08/2022";"00:10:36";"2018";"5";"Eleições Gerais 2018";"RO";"RO";"RONDÔNIA";"RO065372018";"08/09/2018";"04942645000102";"J J COELHO";"INSTITUTO PHOENIX & ASSOCIADOS";"Governador, Deputado Estadual, Deputado Federal, Senador";"10/09/2018";"14/09/2018";"1255";"7655-A";"Augusto Silva Rocha";"8000,00";"07476074000148";"JR SERVICOS DE EDICAO DE JORNAL RONDONIA LTDA / DIVULGADORA BRASIL DE MULTIMIDIA";"Recursos Próprios";"04942645000102";"J J COELHO";"Metodologia de pesquisa:  Metodologia de pesquisa: METODOLOGIA UTILIZADA para unidade federativa do Estado de Rondônia. No DESENVOLVIMENTO DESTA SONDAGEM O objetivo principal desta pesquisa e identificar as intenções de voto, para o pleito majoritário e proporcional, averiguando as devidas tendências. MÉTODO: PROBABILIÍSTICO ESTRATIFICADO COM SORTEIO DE MULTIPLOS ESTÁGIO. Por tratar-se de um estudo descritivo, com característica de um público conhecido, desenvolvemos um método direto, através da amostragem probabilística. Assim na abrangência da área geográfica aplicamos um percentual pré-definido nas proporções do universo dos eleitores, baseando-se também nos percentuais eleitorais para cada micro setor da região pesquisada. De acordo com as tabelas apresentadas. O critério de seleção obedece às informações e dados do TRE e IBGE. As entrevistas serão na quase totalidade efetuadas nos domicílios dos eleitores, após a certificação de que os mesmos votam no Estado e se dispõe a responderes as perguntas apresentadas. Selecionamos (74,4%). Municípios das diversas regiões sorteadas entre aproximadamente 73% dos votos das unidades de maiores pesos populacional. Que resulta em mais de 2/3 dá abrangência da população e, por conseguinte do contingente eleitoral de todo estado. Para atingirmos os propósitos deste estudo utilizamos a técnica de pesquisa por amostragem, que reside na apreensão sistemática e extensiva das tendências dos indivíduos inserido no universo pesquisado e que integra a realidade a ser investigada. A validade deste tipo de pesquisa está na possibilidade de se aferir a intensidade de tendências, permitindo a coleta de dados utilizando de um formulário de questionamento misto contendo algumas perguntas estimulada (optativas) e outras semiabertas de caráter mais informativo. Este último tipo de questão permite que se evite indução da resposta, assim, como possibilita que se tenha conhecimento dos quadros de referência dos entrevistados.com isso, obtêm-se também posições qualitativas das opiniões coletadas e que permitam aos interessados: traçar perfis, avaliar gestões e serviço. identificação e desempenho das lideranças, em estudo pelo cruzamento das respostas obtidas. UNIVERSO da pesquisa será constituído pelos eleitores da unidade federativa segmentada pelos variáveis de sexo e faixa etárias e área geográfica definidas a partir da idade 16 anos, integrantes de todas as camadas socioeconômica do estado. Colocamos em campo agente com razoável instrução com nível médio, treinados para o fim especifico, supervisionado por chefe de equipe que acima de tudo primam pela neutralidade dos dados a ser apreendidos. O trabalho terá a duração de até cinco dias programados de acordo com o cronograma de serviços e mais ate (02) dias ininterruptos, serão empregados na tarefa de: Revisão. Processamento e tabulação geral, dos (1255) questionários, aplicados. Finalizando assim com a publicação dos dados, em tempo hábil, salvo se algum acidente de percurso, que possa naturalmente retardar a coleta de dados em campo. Quanto a estratificação das quotas: consiste em si determinar o bairro ou setores censitários por sorteio, determinando ao agente coletor a quantidade de entrevistas para cada período diário e o percentual por faixa etária e sexo tornando assim a amostragem equiprobabilística. EQUIPE: Um grupo de (08) agentes pesquisadores realizara a coleta de dados em campo, nos bairros e localidades sorteadas, dentre os limites dos municípios, coletando assim as entrevistas que haverão de compor a amostragem prevista.  ";"Plano amostral e ponderação quanto a sexo, idade, grau de instrução e nível econômico do entrevistado. intervalo de confiança e margem de erro:  Plano amostral e ponderação quanto a sexo, idade, grau de instrução nível econômico do entrevistado. intervalo de confiança e margem de erro: PLANO AMOSTRAL E PODERAÇÃO) a quota de sexo, idade, grau de instrução e nível econômico do entrevistados: intervalo de confiança e margem de erro. plano amostral e ponderação quanto a sexo, idade, a faixa etária ficou definida em cinco categoria: de 16 a 24 anos 20,4% 164 amostras de 25 a 34 anos. 25,1% 202 amostras de 35 a 44 anos 22,1%178 amostra grau de instrução nível econômico do entrevistado. intervalo de confiança e margem de erro: PLANO AMOSTRAL E PODERAÇÃO este plano foi elaborado com base no contingente populacional pautado diretamente no eleitorado, por tratar- se de um levantamento exclusivo de intenção de voto. Com base na eleição vindoura do próximo mês de outubro. Desta forma, baseado nos dados estatístico IBGE referente ao estudo, as quotas com o perfil das pessoas a serem entrevistado como poderá ser observado na tabela de estratificação. QUOTA DE SEXO: com 51,2% de coleta entre as mulheres, o que equivale a quatrocentos e doze amostras e o restante (trezentos e noventa e três) feita no segmento masculino 48,8% do eleitorado do estado Amazonense. IDADE: a faixa etária ficou definida em cinco categorias à saber: de 16 a 24 anos (20,4%), equivalente a 64 amostras. de 25 a 34 anos (25,1%) equivalente a 202 amostras. de 35 44 anos (22,1%) equivalente a 178 amostras. de 45 a 60 anos (20,6%) equivalente a 166 amostras e aos eleitores acimas de 60 anos (11,8%) o que equivale a 95 amostras totalizando assim as entrevistas estratificadas em todo o universo sondado. GRAU DE INSTRUÇÃO: nas devidas proporções apresentadas na tabela do IBGE. Estabelecendo-se assim a margem de erro e nível de confiança. Por outro lado, adequamos a escolha dos bairros dentro da proporcionalidade populacional de cada microrregião geograficamente delimitada. Como também poderá ser visto. Na tabela das regionais e municipais contempladas conforme sua devida densidade eleitoral, mantendo-se assim a proporção no peso amostral de cada unidade regional. Desta forma a amostragem será produzida pelos questionários feitos a base de entrevistas individuais, nos variados setores censitários estratificados, tendo-se como o UNIVERSO da pesquisa os eleitores do estado respaldado no contingente total do Amazonas. Dos quais serão retiradas estas amostras em quantidade representativa, obedecendo aos critérios acima exposto. O intervalo de confiança é de 96%o que significa dizer que em 100 trabalhos desta natureza, somente (04) poderão apresentar uma variação fora do previsto. Margem de erro: para mais ou para menos 2,83% de acordo com a tabela fornecida pelo estatístico responsável. Augusto da Silva Rocha, inscrito no CORRE (1) sob o número 7655-A  ";"Sistema interno de controle e verificação, conferência e fiscalização da coleta de dados e do trabalho de campo:  Sistema interno de controle e verificação, conferência e fiscalização da coleta dos dados de campo: Como variáveis de controle, seguimos à risca neste trabalho a recomendação da Lei Eleitoral Vigente, que estabelece como padrões de controle as variáveis dentro dos percentuais apresentados pelo IBGE nas últimas aferições dos sensos populacionais. Assim enquadramos religiosamente dentro da variável de faixa etária e quota de sexo. O índice amostral que determinarão a ponderação da variável. Respeitando as variações permitida, nunca superiores a margem de erro estabelecido. Quanto a área física em cada bairro será escolhida, as ruas em proporção ao número de amostra de cada unidade, de formas a mapeamos na proporção equiprobabilística. Dentre as cinco classes socioeconômicas definidas A. B. C. D. e E. como também o nível escolaridade dos entrevistados, em número de quatro classes, a saber: superior Completo ou incompleto, básico, primário ou fundamental e semianalfabeta ou analfabeto funcionais, encaixados dentro das proporções do último senso demográfico, funcionando como variáveis decorrentes e não de controle excepcionalmente. As religiões dos entrevistados não requerem qualquer controle, visto que serão elementos somente passiveis ou acompanhamento, desta forma não entram na pauta de controle das informações apreendidas. Na conferência de questionários e revisão de dados se faz de imediato após a coleta de campo, em aproximadamente 15% dos questionários tendo em vista a relação de telefones, ou e-mail fornecidas por parte dos respondentes, tendo em vista também averiguar possíveis irregularidades na coleta ou mesmo no preenchimento dos dados fornecidos. A relação dos bairros com seus respectivos números de amostra serão enviados posteriormente, logo após sejam catalogados todas as amostras planejadas. Questionário (vide copia anexa). Nota: embora a amostragem tenha sido enquadrada proporcionalmente nas devidas faixas de controle, no concernente as variáveis de classe socioeconômica e instrução escolar, possa haver sempre algumas oscilações de faixa, em razão das fontes oficias estarem sempre desatualizadas e as mudanças serem bastante evolutivas de formas a não comprometer a essência dos resultados finais. Assim levamos em conta também dados de outros trabalhos e levantamentos sociológicos feito na região nos últimos anos. Dados relativos aos municípios e bairros abrangidos pala pesquisa. Na ausência de delimitação do bairro, será identificada a área em que foi realizada a pesquisa (6º do art.2º da Resolução- TSE nº 23.453/2015. Até o sétimo dia seguinte ao registro da pesquisa, será ele complementado com os dados.    Dados relativos aos municípios e bairros abrangidos pela pesquisa. Na ausência de delimitação do bairro, será identificada a área em que foi realizada a pesquisa (conforme §6º. do art. 2º. da Resolução-TSE nº. 23.549/2017, Até o sétimo dia seguinte ao registro da pesquisa, será ele complementado com os dados relativos aos bairros abrangidos. na ausência de delimitação do bairro, será identificada a área em que foi realizada):          ";"Obs. relação de municípios serão anexados posteriormente"
"24/08/2022";"00:10:36";"2018";"5";"Eleições Gerais 2018";"RO";"RO";"RONDÔNIA";"RO066272018";"06/06/2018";"28780441000172";"IHPEC - INSTITUTO HAVERROTH DE POLITICA, ESTATISTICA E COMUNICACAO LTDA.";"INSTITUTO HAVERROTH";"Senador, Deputado Estadual, Deputado Federal, Governador";"07/06/2018";"11/06/2018";"4717";"10552 1º região";"Tuannhy Rozeira Haverroth";"50000,00";"28780441000172";"IHPEC - INSTITUTO HAVERROTH DE POLITICA, ESTATISTICA E COMUNICACAO LTDA.";"#NULO#";"28780441000172";"IHPEC - INSTITUTO HAVERROTH DE POLITICA, ESTATISTICA E COMUNICACAO LTDA.";"Amostragem Sistemática e estratificada, com aplicação de formulário em entrevista direta, in loco, aos eleitores do Estado de Rondônia. O formulário contem questões estimuladas e resultam em dados quantitativos.";"Plano Amostral: Total de entrevistas - 4717. Universo - cerca de 1,18 milhões de eleitores ¿ 52 municípios. Cada amostra será submetida a um calculo de peso para equiparação ao numero de eleitores de cada município pesquisado. Sexo: Homens 49%. mulheres 51%. Idade: 16 a 25(20%), 26 a 35 (20%), 36 a 45 (20%), 46 a 60(20%), acima de 60 anos(20%). Nível Socioeconômico (aleatório): Até um salário, Até três salários, Mais de três salários. Grau de Instrução (aleatório): Até ensino fundamental, Ensino médio, Ensino superior ou mais. Intervalo de confiança 95%, margem de erro 2,5%.";"Os formulários, depois de aplicados, passam por uma conferência e uma ponderação entre a amostra planejada e a amostra alcançada. O trabalho de campo é supervisionado por um diretor de campo. Uma reamostragem, com 10% do total da amostra alcançada, é feita pelo supervisor para verificação.";"Dados relativos aos municípios e bairros abrangidos pela pesquisa. Na ausência de delimitação do bairro, será identificada a área em que foi realizada a pesquisa(conforme §6º. do art. 2º. da Resolução-TSE nº. 23.549/2017, Até o sétimo dia seguinte ao registro da pesquisa, será ele complementado com os dados relativos aos bairros abrangidos. na ausência de delimitação do bairro, será identificada a área em que foi realizada):    As amostras serão colhidas nas ruas de fluxo de cada município, e o publico rural serão encontrados nas rodoviárias de colonos dos municípios. Segue tabela com as amostras e os pessoas que serão atribuídos.   Abrangência Quantidade % Amostra Peso da amostra  PORTO VELHO 319.900 27,513 640 5,0  JI-PARANÁ 78.530 6,754 262 3,0  ARIQUEMES 63.473 5,459 212 3,0  CACOAL 61.524 5,291 205 3,0  VILHENA 58.571 5,037 195 3,0  JARU 40.743 3,504 185 2,2  ROLIM DE MOURA 38.915 3,347 177 2,2  OURO PRETO DO OESTE 29.672 2,552 135 2,2  GUAJARÁ-MIRIM 27.826 2,393 126 2,2  PIMENTA BUENO 27.117 2,332 123 2,2  MACHADINHO DO OESTE 22.703 1,953 103 2,2  BURITIS 22.509 1,936 102 2,2  ESPIGÃO DO OESTE 22.353 1,922 102 2,2  ALTA FLORESTA DO OESTE 19.161 1,648 87 2,2  CANDEIAS DO JAMARI 17.705 1,523 80 2,2  PRESIDENTE MÉDICI 17.010 1,463 77 2,2  NOVA MAMORÉ 16.905 1,454 77 2,2  SÃO MIGUEL DO GUAPORÉ 16.357 1,407 74 2,2  NOVA BRASILÂNDIA DO OESTE 14.682 1,263 67 2,2  COLORADO DO OESTE 13.866 1,193 63 2,2  CEREJEIRAS 13.830 1,189 63 2,2  ALVORADA DO OESTE 12.553 1,08 57 2,2  ALTO PARAÍSO 11.925 1,026 54 2,2  SÃO FRANCISCO DO GUAPORÉ 10.975 0,944 50 2,2  CUJUBIM 10.512 0,904 50 2,1  MONTE NEGRO 9.910 0,852 50 2,0  URUPÁ 9.615 0,827 50 1,9  SERINGUEIRAS 9.338 0,803 50 1,9  COSTA MARQUES 9.045 0,778 50 1,8  MIRANTE DA SERRA 9.030 0,777 50 1,8  ALTO ALEGRE DOS PARECIS 8.942 0,769 50 1,8  THEOBROMA 8.583 0,738 50 1,7  CAMPO NOVO DE RONDÔNIA 8.053 0,693 50 1,6  NOVO HORIZONTE DO OESTE 7.830 0,673 50 1,6  GOVERNADOR JORGE TEIXEIRA 7.794 0,67 50 1,6  SANTA LUZIA DO OESTE 7.582 0,652 50 1,5  MINISTRO ANDREAZZA 7.305 0,628 50 1,5  VALE DO PARAÍSO 6.539 0,562 50 1,3  CHUPINGUAIA 6.387 0,549 50 1,3  ITAPUÃ DO OESTE 6.336 0,545 50 1,3  CORUMBIARA 6.251 0,538 50 1,3  VALE DO ANARI 6.245 0,537 50 1,2  NOVA UNIÃO 5.594 0,481 50 1,1  SÃO FELIPE DO OESTE 5.087 0,438 50 1,0  CABIXI 4.687 0,403 50 0,9  TEIXEIRÓPOLIS 4.157 0,358 50 0,8  CACAULÂNDIA 3.982 0,342 50 0,8  PARECIS 3.676 0,316 50 0,7  CASTANHEIRAS 3.297 0,284 50 0,7  RIO CRESPO 3.038 0,261 50 0,6  PRIMAVERA DE RONDÔNIA 2.748 0,236 50 0,5  PIMENTEIRAS DO OESTE 2.345 0,202 50 0,5   1.162.713 100,000 4717   "
"24/08/2022";"00:10:36";"2018";"5";"Eleições Gerais 2018";"RO";"RO";"RONDÔNIA";"RO070422018";"19/09/2018";"19812752000185";"IVANI MOTA DE ARAUJO";"BRASIL DADOS";"Senador, Governador, Deputado Federal, Deputado Estadual";"20/09/2018";"23/09/2018";"1080";"8602";"Diogo de Mello Brito da Silva";"17000,00";"19812752000185";"IVANI MOTA DE ARAUJO";"#NULO#";"19812752000185";"IVANI MOTA DE ARAUJO";"O método de amostragem utilizado é a Amostragem por Cotas. Serão feitas entrevistas pessoais, face-a-face, realizadas por entrevistadores treinados pelo instituto através de questionário estruturado, respeitando as cotas de amostragem (Sexo, Faixa Etária e Grau de Instrução). A distribuição espacial seguirá a proporção da população segundo dados do IBGE, nos municípios abrangidos pela pesquisa.  ";"A alocação da amostra foi proporcional as cotas de sexo, idade e grau de instrução. Para o nível econômico, a pesquisa foi autoponderada, ou seja, a proporção do universo pesquisado é o mesmo daquele encontrado na amostra, não sendo necessário nenhum tipo de ponderação. As proporções das cotas foram as seguintes: 1) sexo: masculino - 49,1% e feminino - 50,9%. 2) idade: 16 a 24 anos - 17,5%, 25 a 34 anos - 23,3%, 35 a 44 anos - 21,4%, 45 a 54 anos - 19,8%, 55 a 69 anos - 12,7% e 70 anos ou mais - 5,3. 3) escolaridade: até ensino fundamental completo - 50,5%, ensino médio incompleto/completo - 35,4% e ensino superior incompleto/completo - 14,1%. Foi considerado um nível de confiança de 95%. Com este nível de confiança e uma amostra de 1.080, a margem de erro da pesquisa é de 3.0 pontos percentuais.  ";"Coleta de dados: Entrevistas pessoais através de questionário estruturado, contendo perguntas filtro, a fim de entrevistar somente o público-alvo desejado. Os entrevistadores são contratados pela BRASIL DADOS e treinados pela empresa. O processo de coleta de dados será monitorado pelos supervisores. São checados, no mínimo, 10% dos questionários aplicados, seja in loco por supervisores de campo ou, posteriormente, por telefone. Internamente, todo o material é verificado, codificado, digitado e, antes do processamento final, realiza-se a conferência da digitação (consistência dos dados).  ";"Anexo"
"24/08/2022";"00:10:36";"2018";"5";"Eleições Gerais 2018";"RO";"RO";"RONDÔNIA";"RO071342018";"18/10/2018";"04942645000102";"J J COELHO";"INSTITUTO PHOENIX & ASSOCIADOS";"Governador";"23/10/2018";"24/10/2018";"801";"7655-A";"Augusto da Silva Rocha";"8000,00";"19306841000150";"FRANCO & RODRIGUES COMUNICACAO SOCIAL  E EMPREENDIMENTOS LTDA / JORNAL CORREIO CONTINENTAL RO";"Recursos Próprios";"04942645000102";"J J COELHO";"Metodologia de pesquisa:  Metodologia de pesquisa: METODOLOGIA UTILIZADA para unidade federativa do Estado de Rondônia. No DESENVOLVIMENTO DESTA SONDAGEM O objetivo principal desta pesquisa e identificar as intenções de voto, para o pleito majoritário, averiguando as devidas tendências. MÉTODO: PROBABILIÍSTICO ESTRATIFICADO COM SORTEIO DE MULTIPLOS ESTÁGIO. Por tratar-se de um estudo descritivo, com característica de um público conhecido, desenvolvemos um método direto, através da amostragem probabilística. Assim na abrangência da área geográfica aplicamos um percentual pré-definido nas proporções do universo dos eleitores, baseando-se também nos percentuais eleitorais para cada setor da região pesquisada. De acordo com as tabelas apresentadas. O critério de seleção obedece às informações e dados do TRE e IBGE. As entrevistas serão na quase totalidade efetuadas nos domicílios dos eleitores, após a certificação de que os mesmos votam no Estado e se dispõe a responderem as perguntas apresentadas. Selecionamos (08). Municípios do Estado sorteadas entre aproximadamente 70,2% dos votos das unidades de maiores pesos populacional. Que resulta em mais de 2/3 dá abrangência da população e, por conseguinte do contingente eleitoral de todo estado. Para atingirmos os propósitos deste estudo utilizamos a técnica de pesquisa por amostragem, que reside na apreensão sistemática e extensiva das tendências dos indivíduos inserido no universo pesquisado e que integra a realidade a ser investigada. A validade deste tipo de pesquisa está na possibilidade de se aferir a intensidade de tendências, permitindo a coleta de dados utilizando de um formulário de questionamento misto contendo algumas perguntas estimulada (optativas) e outras semiabertas de caráter mais informativo. Este último tipo de questão permite que se evite indução da resposta, assim, como possibilita que se tenha conhecimento dos quadros de referência dos entrevistados.com isso, obtêm-se também posições qualitativas das opiniões coletadas e que permitam aos interessados: traçar perfis, avaliar gestões e serviço. identificação e desempenho das lideranças, em estudo pelo cruzamento das respostas obtidas. UNIVERSO da pesquisa será constituído pelos eleitores da unidade federativa segmentada pelos variáveis de sexo e faixa etárias e área geográfica definidas a partir da idade 16 anos, integrantes de todas as camadas socioeconômica do estado. Colocamos em campo agente com razoável instrução com nível médio, treinados para o fim especifico, supervisionado por chefe de equipe que acima de tudo primam pela neutralidade dos dados a ser apreendidos. O trabalho terá a duração de até dois dias programados de acordo com o cronograma de serviços e mais ate (01) dia ininterrupto, sera empregados na tarefa de: Revisão. Processamento e tabulação geral, de (801) questionários, aplicados. Finalizando assim com a publicação dos dados, em tempo hábil, salvo se algum acidente de percurso, que possa naturalmente retardar a coleta de dados em campo. Quanto a estratificação das quotas: consiste em si determinar o bairro ou setores censitários por sorteio, determinando ao agente coletor a quantidade de entrevistas para cada período diário e o percentual por faixa etária e sexo tornando assim a amostragem equiprobabilística. EQUIPE: Um grupo de (05) agentes pesquisadores realizara a coleta de dados em campo, nos bairros e localidades sorteadas, dentre os limites dos municípios, coletando assim as entrevistas que haverão de compor a amostragem prevista.  ";"Plano amostral e ponderação quanto a sexo, idade, grau de instrução e nível econômico do entrevistado. intervalo de confiança e margem de erro:   PONDERAÇAO a quota de sexo, idade, grau de instrução e nível econômico do entrevistados: intervalo de confiança e margem de erro. plano amostral e ponderação quanto a sexo, idade, a faixa etária ficou definida em cinco categoria: de 16 a 24 anos 20,4%  amostras de 25 a 34 anos. 25,1%  amostras de 35 a 44 anos 22,1% amostra grau de instrução nível econômico do entrevistado. intervalo de confiança e margem de erro:  este plano foi elaborado com base no contingente populacional pautado diretamente no eleitorado, por tratar- se de um levantamento exclusivo de intenção de voto. Com base na eleição vindoura do 2ª turno de Rondônia. Desta forma, baseado nos dados estatístico IBGE referente ao estudo, as quotas com o perfil das pessoas a serem entrevistado como poderá ser observado na tabela de estratificação. QUOTA DE SEXO: com 51,3% de coleta entre as mulheres,   o restante  feita no segmento masculino 48,7% do eleitorado do estado do estado de Rondoniense. IDADE: a faixa etária ficou definida em cinco categorias à saber: da entrevistas estratificadas em todo o universo sondado. GRAU DE INSTRUÇÃO: nas devidas proporções apresentadas na tabela do IBGE. Estabelecendo-se assim a margem de erro e nível de confiança. Por outro lado, adequamos a escolha dos bairros dentro da proporcionalidade populacional de cada microrregião geograficamente delimitada. Como também poderá ser visto. Na tabela das regionais e municipais contempladas conforme sua devida densidade eleitoral, mantendo-se assim a proporção no peso amostral de cada unidade regional. Desta forma a amostragem será produzida pelos questionários feitos a base de entrevistas individuais, nos variados setores censitários estratificados, tendo-se como o UNIVERSO da pesquisa os eleitores do estado respaldado no contingente total. Dos quais serão retiradas estas amostras em quantidade representativa, obedecendo aos critérios acima exposto. O intervalo de confiança é de 96%o que significa dizer que em 100 trabalhos desta natureza, somente (04) poderão apresentar uma variação fora do previsto. Margem de erro: para mais ou para menos 2,83% de acordo com a tabela fornecida pelo estatístico responsável. Augusto da Silva Rocha, inscrito no CORRE (1) sob o número 7655-A                              ";"Sistema interno de controle e verificação, conferência e fiscalização da coleta de dados e do trabalho de campo:  Sistema interno de controle e verificação, conferência e fiscalização da coleta de dados e do trabalho de campo: Sistema interno de controle e verificação, conferência e fiscalização da coleta dos dados de campo: Como variáveis de controle, seguimos à risca neste trabalho a recomendação da Lei Eleitoral Vigente, que estabelece como padrões de controle as variáveis dentro dos percentuais apresentados pelo IBGE nas últimas aferições dos sensos populacionais. Assim enquadramos religiosamente dentro da variável de faixa etária e quota de sexo. O índice amostral que determinarão a ponderação da variável. Respeitando as variações permitida, nunca superiores a margem de erro estabelecido. Quanto a área física em cada bairro será escolhida, as ruas em proporção ao número de amostra de cada unidade, de formas a mapeamos na proporção equiprobabilística. Dentre as cinco classes socioeconômicas definidas A. B. C. D. e E. como também o nível escolaridade dos entrevistados, em número de quatro classes, a saber: superior Completo ou incompleto, básico, primário ou fundamental e semianalfabeta ou analfabeto funcionais, encaixados dentro das proporções do último senso demográfico, funcionando como variáveis decorrentes e não de controle excepcionalmente. As religiões dos entrevistados não requerem qualquer controle, visto que serão elementos somente passiveis ou acompanhamento, desta forma não entram na pauta de controle das informações apreendidas. Na conferência de questionários e revisão de dados se faz de imediato após a coleta de campo, em aproximadamente 15% dos questionários tendo em vista a relação de telefones, ou e-mail fornecidas por parte dos respondentes, tendo em vista também averiguar possíveis irregularidades na coleta ou mesmo no preenchimento dos dados fornecidos. A relação dos bairros com seus respectivos números de amostra serão enviados posteriormente, logo após sejam catalogados todas as amostras planejadas. Questionário (vide copia anexa). Nota: embora a amostragem tenha sido enquadrada proporcionalmente nas devidas faixas de controle, no concernente as variáveis de classe socioeconômica e instrução escolar, possa haver sempre algumas oscilações de faixa, em razão das fontes oficias estarem sempre desatualizadas e as mudanças serem bastante evolutivas de formas a não comprometer a essência dos resultados finais. Assim levamos em conta também dados de outros trabalhos e levantamentos sociológicos feito na região nos últimos anos. Dados relativos aos municípios e bairros abrangidos pala pesquisa. Na ausência de delimitação do bairro, será identificada a área em que foi realizada a pesquisa (6º do art.2º da Resolução- TSE nº 23.453/2015. Até o sétimo dia seguinte ao registro da pesquisa, será ele complementado com os dados. Dados relativos aos municípios e bairros abrangidos pela pesquisa. Na ausência de delimitação do bairro, será identificada a área em que foi realizada a pesquisa (conforme §6º. do art. 2º. da Resolução-TSE nº. 23.549/2017, Até o sétimo dia seguinte ao registro da pesquisa, será ele complementado com os dados relativos aos bairros abrangidos. na ausência de delimitação do bairro, será identificada a área em que foi realizada):    Dados relativos aos municípios e bairros abrangidos pela pesquisa. Na ausência de delimitação do bairro, será identificada a área em que foi realizada a pesquisa(conforme §6º. do art. 2º. da Resolução-TSE nº. 23.549/2017,   ";"Obs. relação de municípios serão anexados posteriormente"
"24/08/2022";"00:10:36";"2018";"5";"Eleições Gerais 2018";"RO";"RO";"RONDÔNIA";"RO071822018";"29/09/2018";"00654576000172";"INSTITUTO VERITA LTDA - EPP";"VERITA";"Senador, Governador";"02/10/2018";"05/10/2018";"1515";"7806";"James Richard Silva Santos Ferro";"59085,00";"00654576000172";"INSTITUTO VERITA LTDA - EPP";"#NULO#";"00654576000172";"INSTITUTO VERITA LTDA - EPP";"Pesquisa quantitativa, que consiste na realização de entrevistas, com a aplicação de questionário estruturado junto a uma amostra representativa do eleitorado desta Unidade da Federação.";"ESTUDO REPRESENTATIVO DO ELEITORADO DO ESTADO Rondônia - MÉTODO PPT (Probabilidade Proporcional ao Tamanho)   -   PLANO AMOSTRAL E PONDERAÇÃO QUANTO A SEXO, IDADE, GRAU DE INSTRUÇÃO E NÍVEL ECONÔMICO DO ENTREVISTADO. INTERVALO DE CONFIANÇA E MARGEM DE ERRO: Representativo do eleitorado da área em estudo, elaborada, em vários estágios, da seguinte forma:   -   1. Divisão da UF em três estratos 2. Ordenação dos municípios de cada estrato segundo o porte, redividindo, em cada estrato, em Três subestratos contendo aproximadamente o mesmo número de domicílios. 3. Sorteio dos municípios por amostragem de conglomerados, de acordo com porte mantendo a proporção de eleitores  4. Sorteio, dentro de cada município de bairros ou setores censitários onde serão realizadas entrevistas. 5. Os respondentes são selecionados através de quotas amostrais proporcionais em função de variáveis significativas, a saber:  -   IDADE: FEMININO, 16 A 24 A NOS. 8,9%/ MASCULINO, 16 A 24 ANOS. 8,5% / FEMININO, 25 A 34 ANOS. 12,0% / MASCULINO, 25 A 34 ANOS. 11,1% /FEMININO, 35 A 44 ANOS. 11,1% / MASCULINO, 35 A 44 ANOS. 10,3% / FEMININO, 45 A 59 ANOS. 11,9%/ MASCULINO, 45 A 59 ANOS. 11,8% / FEMININO, 60 ANOS OU MAIS. 6,9%/ MASCULINO, 60 ANOS OU MAIS. 7,4%-  GRAU DE INSTRUÇÃO: Analfabeto até Ensino Médio completo 69,1%,  Superior incompleto, completo ou mais ou mais 30,9% -  NÍVEL ECONÔMICO: FEMININO Não PEA 50,9%, FEMININO PEA 49,1%, MASCULINO Não PEA 25,1%, MASCULINO PEA 74,9%    -    Está prevista eventual ponderação para correção das variáveis, com base nos percentuais anteriormente mencionados, caso ocorram diferenças superiores a margem de erro da pesquisa de  2,5 pontos percentuais entre o previsto na amostra e a coleta de dados realizada. Para as variáveis de grau de instrução e nível econômico do entrevistado, o fator previsto para ponderação é 1 (resultados obtidos em campo). O nível de confiança estimado é de 95% e a margem de erro máxima estimada considerando um modelo de amostragem aleatório simples, é de 2,5 pontos percentuais para mais ou para menos sobre os resultados encontrados no total da amostra. FONTE DOS DADOS: Censo 2010, PNAD 2017, TSE 2018, dentre outras";"Para a realização da pesquisa, utiliza-se uma equipe de entrevistadores e supervisores contratados pelo INSTITUTO VERITÁ LTDA. devidamente treinados para o trabalho. Após os trabalhos de campo, os questionários são submetidos a uma fiscalização de cerca de 20% (vinte por cento) dos questionários aplicados pelos entrevistadores. para verificação das respostas e da adequação dos entrevistadores aos parâmetros amostrais.";"A PESQUISA NÃO FOI DIVULGADA."
"24/08/2022";"00:10:36";"2018";"5";"Eleições Gerais 2018";"RO";"RO";"RONDÔNIA";"RO077272018";"20/10/2018";"68802370000186";"IBOPE INTELIGENCIA PESQUISA E CONSULTORIA LTDA";"#NULO#";"Governador";"20/10/2018";"26/10/2018";"812";"6208-A";"Márcia Cavallari Nunes";"134921,00";"04387825000161";"RADIO TV DO AMAZONAS LTDA / REDE AMAZONICA RADIO E TELEVISAO";"Recursos Próprios";"68802370000186";"IBOPE INTELIGENCIA PESQUISA E CONSULTORIA LTDA";"Pesquisa quantitativa, que consiste na realização de entrevistas pessoais, com a aplicação de questionário estruturado junto a uma amostra representativa do eleitorado em estudo. Pesquisa realizada no estado de Rondônia.";"Representativo do eleitorado da área em estudo, elaborada em três estágios. No primeiro estágio faz-se um sorteio probabilístico dos municípios, onde as entrevistas serão realizadas, pelo método PPT (Probabilidade Proporcional ao Tamanho), tomando o eleitorado como base para tal seleção. No segundo estágio faz-se um sorteio probabilístico dos setores censitários, onde as entrevistas serão realizadas, pelo método PPT (Probabilidade Proporcional ao Tamanho), tomando a população de 16 anos ou mais residente nos setores como base para tal seleção. No terceiro e último estágio, dentro dos setores sorteados, os respondentes são selecionados através de quotas amostrais proporcionais em função de variáveis significativas, a saber: IDADE: 16-24 (masculino) 21% (feminino) 20%. 25-34 (masculino) 27% (feminino) 26%. 35-44 (masculino) 22% (feminino) 24%. 45-54 (masculino) 15% (feminino) 16%. 55 e+ (masculino) 15% (feminino) 13%. INSTRUÇÃO: Até Ensino Médio (masculino) 86% (feminino) 79%. Ensino Superior (masculino) 14% (feminino) 21%. NÍVEL ECONÔMICO: Economicamente ativo (masculino) 79% (feminino) 52%. Não Economicamente ativo (masculino) 21% (feminino) 48%. Está prevista eventual ponderação para correção das variáveis sexo e idade, com base nos percentuais anteriormente mencionados, caso ocorram diferenças superiores a 3 pontos percentuais entre o previsto na amostra e a coleta de dados realizada. Para as variáveis de grau de instrução e nível econômico do entrevistado, o fator previsto para ponderação é 1 (resultados obtidos em campo). O nível de confiança estimado é de 95% e a margem de erro máxima estimada considerando um modelo de amostragem aleatório simples, é de 03 (três) pontos percentuais para mais ou para menos sobre os resultados encontrados no total da amostra. FONTE DOS DADOS: Censo 2010 | PNADC 2016 | TSE 2018.";"Para a realização da pesquisa, utiliza-se uma equipe de entrevistadores e supervisores contratados pelo IBOPE INTELIGÊNCIA PESQUISA E CONSULTORIA LTDA. devidamente treinados para o trabalho. Após os trabalhos de campo, os questionários são submetidos a uma fiscalização de cerca de 20% (vinte por cento) dos questionários aplicados pelos entrevistadores. para verificação das respostas e da adequação dos entrevistados aos parâmetros amostrais.    ";"A área de abrangência da coleta é o estado de Rondônia. A relação das localidades selecionadas para aplicação da amostra será apresentada até o 7º dia seguinte ao registro da pesquisa, conforme expresso no art. 2º, §6º da Resolução 23.549/2017 do TSE."
"24/08/2022";"00:10:36";"2018";"5";"Eleições Gerais 2018";"RO";"RO";"RONDÔNIA";"RO078882018";"26/09/2018";"29842579000111";"REAL TIME BIG DATA GESTAO DE DADOS LTDA.";"REAL TIME BIG DATA";"Governador, Senador";"01/10/2018";"01/10/2018";"1200";"7655";"Augusto da Silva Rocha";"15000,00";"29842579000111";"REAL TIME BIG DATA GESTAO DE DADOS LTDA.";"#NULO#";"29842579000111";"REAL TIME BIG DATA GESTAO DE DADOS LTDA.";"Pesquisa quantitativa, que consiste na realização de entrevistas por telefone, com a aplicação de questionário estruturado junto a uma amostra, representativa do eleitorado em estudo.";"Universo: 1.175.733 eleitores (TSE). Amostra: 1200 entrevistas. Nível de Confiança: 95%. Margem de Erro: até 3 pontos percentuais para mais ou para menos. Divisão Censitária. Ponderação quanto ao sexo e faixa etária: Masculino de 16 a 24 anos (8,5%), Masculino de 25 a 34 anos (11,1%), Masculino de 35 a 44 anos (10,3%), Masculino de 45 a 59 anos (11,8%) e Masculino acima de 59 anos (7,4%). Feminino de 16 a 24 anos (8,9%), Feminino de 25 a 34 anos (12,0%), Feminino de 35 a 44 anos (11,1%), Feminino de 45 a 59 anos (11,9%) e Feminino acima de 59 anos (6,9%). Ponderação quanto ao nível de instrução: 34% de Analfabeto / Fundamental Incompleto, 16% de Lê e escreve / Fundamental Completo, 36% de Médio Incompleto / Médio Completo e 14% de Superior Incompleto / Superior Completo. Ponderação quanto a distribuição por renda mensal domiciliar: 23% até 1 SM, 26% de 1 até 2 SM, 33% de 2 até 5 SM, 12% de 5 até 10 SM e 5% acima de 10 SM. FONTE DOS DADOS: IBGE | TSE 2018";"Checagem de 20% da amostra efetuada pelos supervisores. Todos os entrevistadores foram amplamente treinados e orientados tanto teoricamente quanto praticamente sobre suas responsabilidade e funções, respeitando as cotas pré-estabelecidas. A equipe está dividida em coordenadoria-geral / supervisores / entrevistadores.";"Em anexo."
"24/08/2022";"00:10:36";"2018";"5";"Eleições Gerais 2018";"RO";"RO";"RONDÔNIA";"RO081412018";"30/09/2018";"28780441000172";"IHPEC - INSTITUTO HAVERROTH DE POLITICA, ESTATISTICA E COMUNICACAO LTDA.";"INSTITUTO HAVERROTH";"Senador, Deputado Estadual, Governador, Deputado Distrital, Deputado Federal";"30/09/2018";"05/10/2018";"2525";"10552 CONRE1º Região";"Tuannhy Rozeira Haverroth";"30000,00";"28780441000172";"IHPEC - INSTITUTO HAVERROTH DE POLITICA, ESTATISTICA E COMUNICACAO LTDA.";"#NULO#";"28780441000172";"IHPEC - INSTITUTO HAVERROTH DE POLITICA, ESTATISTICA E COMUNICACAO LTDA.";"Amostragem Sistemática e estratificada, com aplicação de formulário em entrevista direta in loco em municípios cuja amostra seja superior a 25 entrevistas (ver dados relativos as amostras por município), e por telefone as amostras menores ou iguais que 25 entrevistas. O formulário contem questões espontâneas para deputados estaduais e federais e estimuladas para governo e senado.";"Plano Amostral: Total de entrevistas - 2525. Universo - cerca de 1,18 milhões de eleitores ¿ 52 municípios. Sexo: Homens 50%. mulheres 50%. Idade: 16 a 25(20%), 26 a 35 (20%), 36 a 45 (20%), 46 a 60(20%), acima de 60 anos(20%). Nível Socioeconômico (aleatório): Até um salário, Até três salários, Mais de três salários. Grau de Instrução (aleatório): Até ensino fundamental, Ensino médio, Ensino superior ou mais. Intervalo de confiança 95%, margem de erro 2,5%.";"Os formulários, depois de aplicados, passarão por uma conferência e uma ponderação entre a amostra planejada e a amostra alcançada. O trabalho de campo é supervisionado por um diretor de campo. Uma reamostragem, com 10% do total da amostra alcançada, é feita pelo supervisor para verificação.";"As amostras serão colhidas nas ruas de fluxo de cada município, e o publico rural será encontrado nas rodoviárias de colonos dos municípios.   Segue a tabela com a amostra atribuída a cada município do estado de Rondônia.   Abrangência Quantidade Amostra   Frente 01 (Porto Velho)    1 PORTO VELHO 319.900 640  2 GUAJARÁ-MIRIM 27.826 60  3 CANDEIAS DO JAMARI 17.705 39  4 NOVA MAMORÉ 16.905 38  5 ITAPUÃ DO OESTE 6.336 17    Totais 388.672 794   Frente 02 (Ariquemes e Vale do Jamari Norte) Quantidade Amostra  6 ARIQUEMES 63.473 130  7 MACHADINHO DO OESTE 22.703 49  8 CUJUBIM 10.512 25  9 VALE DO ANARI 6.245 16  10 RIO CRESPO 3.038 10    Totais 105.971 230   Frente 03 (Vale do Jamari Sul) Quantidade Amostra  11 BURITIS 22.509 49  12 ALTO PARAÍSO 11.925 28  13 MONTE NEGRO 9.910 24  14 CAMPO NOVO DE RONDÔNIA 8.053 20  15 CACAULÂNDIA 3.982 12    Totais 56.379 133   Frente 04 (Jaru) Quantidade Amostra  16 JARU 40.743 85  17 GOVERNADOR JORGE TEIXEIRA 7.794 20  18 THEOBROMA 8.583 21    Totais 57.120 126   Frente 05 (Ji-Paraná) Quantidade Amostra  19 JI-PARANÁ 78.530 160  20 OURO PRETO DO OESTE 29.672 63  21 URUPÁ 9.615 23  22 MIRANTE DA SERRA 9.030 22  23 NOVA UNIÃO 5.594 15  24 VALE DO PARAÍSO 6.539 17  25 TEIXEIRÓPOLIS 4.157 12    Totais 143.137 312   Frente 06 (BR 429) Quantidade Amostra  26 PRESIDENTE MÉDICI 17.010 39  27 SÃO MIGUEL DO GUAPORÉ 16.357 37  28 ALVORADA DO OESTE 12.553 29  29 SÃO FRANCISCO DO GUAPORÉ 10.975 25  30 SERINGUEIRAS 9.338 23  31 COSTA MARQUES 9.045 22    Totais 75.278 175   Frente 07 (Cacoal) Quantidade Amostra  32 CACOAL 61.524 125  33 PIMENTA BUENO 27.117 58  34 ESPIGÃO DO OESTE 22.353 49  35 MINISTRO ANDREAZZA 7.305 19    Totais 118.299 251   Frente 08 (Zona da Mata) Quantidade Amostra  36 ROLIM DE MOURA 38.915 82  37 ALTA FLORESTA DO OESTE 19.161 42  38 NOVA BRASILÂNDIA DO OESTE 14.682 33  39 ALTO ALEGRE DOS PARECIS 8.942 22  40 NOVO HORIZONTE DO OESTE 7.830 20  41 SANTA LUZIA DO OESTE 7.582 19  42 SÃO FELIPE DO OESTE 5.087 14  43 PARECIS 3.676 11  44 CASTANHEIRAS 3.297 11  45 PRIMAVERA DE RONDÔNIA 2.748 9    Totais 111.920 263   Frente 09 (Conesul) Quantidade Amostra  46 VILHENA 58.571 121  47 COLORADO DO OESTE 13.866 32  48 CEREJEIRAS 13.830 32  49 CHUPINGUAIA 6.387 17  50 CORUMBIARA 6.251 17  51 CABIXI 4.687 13  52 PIMENTEIRAS DO OESTE 2.345 9    Totais 105.937 241   Total da População e amostra 1.162.713 2525  "
"24/08/2022";"00:10:36";"2018";"5";"Eleições Gerais 2018";"RO";"RO";"RONDÔNIA";"RO082452018";"21/09/2018";"02503309000120";"COMUNICARE ORGANIZACOES LTDA - ME";"#NULO#";"Deputado Distrital, Deputado Estadual, Senador, Governador, Deputado Federal";"21/09/2018";"27/09/2018";"2525";"10552 CONRE1º Região";"Tuannhy Rozeira Haverroth";"30000,00";"02503309000120";"COMUNICARE ORGANIZACOES LTDA - ME";"#NULO#";"02503309000120";"COMUNICARE ORGANIZACOES LTDA - ME";"Amostragem Sistemática e estratificada, com aplicação de formulário em entrevista direta in loco em municípios cuja amostra seja superior a 25 entrevistas (ver dados relativos as amostras por município), e por telefone as amostras menores ou iguais que 25 entrevistas. O formulário contem questões espontâneas para deputados estaduais e federais e estimuladas para governo e senado.";"Plano Amostral: Total de entrevistas - 2525. Universo - cerca de 1,18 milhões de eleitores ¿ 52 municípios. Sexo: Homens 50%. mulheres 50%. Idade: 16 a 25(20%), 26 a 35 (20%), 36 a 45 (20%), 46 a 60(20%), acima de 60 anos(20%). Nível Socioeconômico (aleatório): Até um salário, Até três salários, Mais de três salários. Grau de Instrução (aleatório): Até ensino fundamental, Ensino médio, Ensino superior ou mais. Intervalo de confiança 95%, margem de erro 2,5%.";"Os formulários, depois de aplicados, passarão por uma conferência e uma ponderação entre a amostra planejada e a amostra alcançada. O trabalho de campo é supervisionado por um diretor de campo. Uma reamostragem, com 10% do total da amostra alcançada, é feita pelo supervisor para verificação.";"As amostras serão colhidas nas ruas de fluxo de cada município, e o publico rural será encontrado nas rodoviárias de colonos dos municípios.   Segue a tabela com a amostra atribuída a cada município do estado de Rondônia.   Abrangência Quantidade Amostra   Frente 01 (Porto Velho)    1 PORTO VELHO 319.900 640  2 GUAJARÁ-MIRIM 27.826 60  3 CANDEIAS DO JAMARI 17.705 39  4 NOVA MAMORÉ 16.905 38  5 ITAPUÃ DO OESTE 6.336 17    Totais 388.672 794   Frente 02 (Ariquemes e Vale do Jamari Norte) Quantidade Amostra  6 ARIQUEMES 63.473 130  7 MACHADINHO DO OESTE 22.703 49  8 CUJUBIM 10.512 25  9 VALE DO ANARI 6.245 16  10 RIO CRESPO 3.038 10    Totais 105.971 230   Frente 03 (Vale do Jamari Sul) Quantidade Amostra  11 BURITIS 22.509 49  12 ALTO PARAÍSO 11.925 28  13 MONTE NEGRO 9.910 24  14 CAMPO NOVO DE RONDÔNIA 8.053 20  15 CACAULÂNDIA 3.982 12    Totais 56.379 133   Frente 04 (Jaru) Quantidade Amostra  16 JARU 40.743 85  17 GOVERNADOR JORGE TEIXEIRA 7.794 20  18 THEOBROMA 8.583 21    Totais 57.120 126   Frente 05 (Ji-Paraná) Quantidade Amostra  19 JI-PARANÁ 78.530 160  20 OURO PRETO DO OESTE 29.672 63  21 URUPÁ 9.615 23  22 MIRANTE DA SERRA 9.030 22  23 NOVA UNIÃO 5.594 15  24 VALE DO PARAÍSO 6.539 17  25 TEIXEIRÓPOLIS 4.157 12    Totais 143.137 312   Frente 06 (BR 429) Quantidade Amostra  26 PRESIDENTE MÉDICI 17.010 39  27 SÃO MIGUEL DO GUAPORÉ 16.357 37  28 ALVORADA DO OESTE 12.553 29  29 SÃO FRANCISCO DO GUAPORÉ 10.975 25  30 SERINGUEIRAS 9.338 23  31 COSTA MARQUES 9.045 22    Totais 75.278 175   Frente 07 (Cacoal) Quantidade Amostra  32 CACOAL 61.524 125  33 PIMENTA BUENO 27.117 58  34 ESPIGÃO DO OESTE 22.353 49  35 MINISTRO ANDREAZZA 7.305 19    Totais 118.299 251   Frente 08 (Zona da Mata) Quantidade Amostra  36 ROLIM DE MOURA 38.915 82  37 ALTA FLORESTA DO OESTE 19.161 42  38 NOVA BRASILÂNDIA DO OESTE 14.682 33  39 ALTO ALEGRE DOS PARECIS 8.942 22  40 NOVO HORIZONTE DO OESTE 7.830 20  41 SANTA LUZIA DO OESTE 7.582 19  42 SÃO FELIPE DO OESTE 5.087 14  43 PARECIS 3.676 11  44 CASTANHEIRAS 3.297 11  45 PRIMAVERA DE RONDÔNIA 2.748 9    Totais 111.920 263   Frente 09 (Conesul) Quantidade Amostra  46 VILHENA 58.571 121  47 COLORADO DO OESTE 13.866 32  48 CEREJEIRAS 13.830 32  49 CHUPINGUAIA 6.387 17  50 CORUMBIARA 6.251 17  51 CABIXI 4.687 13  52 PIMENTEIRAS DO OESTE 2.345 9    Totais 105.937 241   Total da População e amostra 1.162.713 2525  "
"24/08/2022";"00:10:36";"2018";"5";"Eleições Gerais 2018";"RO";"RO";"RONDÔNIA";"RO083152018";"08/06/2018";"04942645000102";"J J COELHO";"INSTITUTO PHOENIX & ASSOCIADOS";"Deputado Estadual, Deputado Federal, Senador, Governador";"10/06/2018";"14/06/2018";"1444";"7655-A";"Augusto da Silva Rocha";"8000,00";"07476074000148";"JR SERVICOS DE EDICAO DE JORNAL RONDONIA LTDA / DIVULGADORA BRASIL DE MULTIMIDIA";"Recursos Próprios";"04942645000102";"J J COELHO";"Metodologia de pesquisa: METODOLOGIA UTILIZADA ESTADO DE RONDONIA- RO NO DESENVOLVIMENTO DESTA SONDAGEM O objetivo principal desta pesquisa e identificar as intenções de voto, para o pleito majoritário averiguando as devidas tendências. MÉTODO: PROBABILIÍSTICO ESTRATIFICADO COM SORTEIO DE MULTIPLOS ESTÁGIO. Por tratar-se de um estudo descritiva. Com característica de um publico conhecido, desenvolvemos um método direto, através da amostragem probabilística. Assim na abrangência da área geográfica aplicamos um percentual pré-definido nas proporções do universo dos eleitores, baseando-se também nos percentuais eleitorais para cada micro setor da região pesquisada. De acordo com as tabela apresentadas. O critério de seleção obedece as informações e dados do TRE e IBGE. As entrevistas serão na quase totalidade efetuadas nos domicílios dos eleitores, após a certificação de que os mesmos votam no Estado e se dispõe a responderes as perguntas apresentadas. Selecionamos (18). Municípios periferias das regiões sorteadas entre as determinadas regiões. Afim de que possamos ter a representatividade necessária. Que resulta em mais de 2/3das abrangência da população e do contingente eleitoral de todo estado para atingirmos os propósitos deste estudo utilizamos a técnica de pesquisa por amostragem, que reside na apreensão sistemática e extensiva das tendências dos indivíduos inserido no universo pesquisados e que integra a realidade a ser investigada. A validade deste tipo de pesquisa esta na possibilidade de se aferir á intensidade de tendências, permitindo e coleta de dados utilizados será um formulário de questionamento misto contendo algumas perguntas estimulada (optativas) e outras semiábertas de caráter mais informativo. Este último tipo de questão permite que se evite indução da resposta, assim, como possibilita que se tenha conhecimento dos quadros de referencia dos entrevistados.com isso, obtêm-se também posições qualitativas das opiniões coletadas e que permitam aos interessados: traçar perfis, avaliar gestões e serviço. identificação e desempenho distados: traçar perfis, avaliar gestões e serviço. identificação e desempenho das ações em estudo, pelo cruzamento das respostas obtidas. UNIVERSO da pesquisa será constituído pelos eleitores da unidade federativa segmentada pelos variáveis de sexo e faixa etárias definidas a partir da idade 16 anos, integrantes de todas as camadas socioeconômica dos resultados, colocamos em campo agente de instrução com nível médio, treinados para o fim especifico, supervisionado Por chefe de equipe que acima de tudo primam pela neutralidade dos dados apreendidos. O trabalho terá a duração de ate quatro dias programados de acordo com o cronograma de serviços e mais ate (02) dias ininterruptos, serão empregados na tarefa de: Revisão. Processamento e tabulação geral, dos 1444 questionário. Aplicados finalizando assim com a publicação dos dados, salvo se algum acidente de percurso, que possa naturalmente retardar a coleta de dados em campo. Quanto a estratificação das quotas: consiste em si determinar o bairro ou setores por sorteio, determinando ao agente coletor a quantidade de entrevistas para cada período diário e o percentual por faixa etária e sexo tornando assim a amostragem eqüiprobabilística. EQUIPE: Um grupo de (09) agentes pesquisadores realizara a coleta de dados em campo, nos bairros e localidades sorteadas, dentre os limites do municípios, coletando assim as entrevistas que haverão de compor a amostragem prevista.      ";"  Plano amostral e ponderação quanto a sexo, idade, grau de instrução e nível econômico do entrevistado. intervalo de confiança e margem de erro:  Plano amostral e ponderação quanto a sexo, idade, grau de instrução nível econômico do entrevistado. intervalo de confiança e margem de erro: PLANO AMOSTRAL E PODERAÇÃO) este plano foi elaborado com base no contingente populacional pautados diretamente no eleitorado do estado por tratar-se de um levantamento exclusivo de intenção de voto, com vindoura do próximo mês de outubro . desta forma, baseado nos dados estatísticos do IBGE referente ao município, as quotas com o perfil das pessoas a serem entrevistado como poderá ser observado na tabela de estratificação. Quota a sexo, idade, grau, de instrução nas devidas proporções dos entrevistados. Estabelecendo-se assim a margem de erro e nível de confiança. Por outro lado, adequamos a escolha dos bairros dentro da proporcionalidade populacional de cada micros Região geograficamente delimitado. Como também poderá ser visto. As seis regiões foram contempladas conforme sua devida densidade eleitoral, mantendo-se assim a proporção no peso amostral de cada unidade regional. Desta forma a amostragem será produzida pelos questionários feitos a base de entrevistas individuais, nos variados setores censitários estratificados, tendo-se como o universo da pesquisa respaldado no contingente de eleitores do município. Dos quais serão retiradas estas amostras em quantidade representativa, obedecendo aos critérios acima exposto. O intervalo de confiança é de 96%o que significa dizer que em 100 trabalhos destas natureza, somente (04) poderão apresentar uma variação fora do previsto. Margem de erro: para mais ou para menos 2,83% de acordo com a tabela fornecida pelo estatístico responsável.  ";"  Sistema interno de controle e verificação, conferência e fiscalização da coleta de dados e do trabalho de campo:  Sistema interno de controle e verificação, conferência e fiscalização da coleta de dados e do trabalho de campo: Sistema interno de controle e verificação, conferência e fiscalização da coleta dos dados de campo:Como variáveis de controle, seguimos a risca neste trabalho as recomendação da Lei Eleitoral Vigente, que estabelece como padrões de controle as variáveis dentro dos percentuais apresentados pelo IBGE nas últimas aferições dos sensos populacionais. Assim enquadramos religiosamente dentro da variável de faixa etária e quota de sexo. O índice amostrais que determinarão a ponderação das variável. Respeitando as variações permitida, nunca superiores a margem de erro estabelecido. Quanto a área física em cada bairro serão escolhido, as ruas em proporção ao numero de amostra de cada unidade, de formas a mapeamos na proporção eqüiprobabilística. Dentre as cinco classes socioeconômicas definidas A. B. C. D. e e também o nível escolaridade dos entrevistados, em numeroo de quatro classe, a saber: superior Completo ou incompleto, básico, primário ou fundamental e semi-analfabeta ou analfabeto funcionais, encaixados dentro das proporções do ultimo senso demográfico, funcionando como variáveis decorrentes e não de controle excepcionalmente. A atividade funcional e religião dos entrevistados não requerem qualquer controle, visto que serão elementos somente passiveis ou acompanhamento,desta forma não entram na pauta de controle das informações apreendidas. Na conferencia de questionários e revisão de dados se faz de imediato após a coleta de campo, em aproximadamente 15% dos questionários tendo em vista a relação de telefone, ou email fornecidas por parte dos respondentes, tendo em vista também averiguar possíveis irregularidade na coleta ou mesmo no preenchimento dos dados fornecidos. A relação dos bairros com seus respectivos números de amostra serão enviados posteriormente, logo após sejam catalogados todas as amostras planejadas. Questionário (vide copia anexa). Nota: embora a amostragem tenha sido enquadrada proporcionalmente nas devidas faixas de controle, no concernente as variáveis de classe socioeconômica e instrução escolar, possa haver sempre alguma oscilações de faixa, em razão das fontes oficias estarem sempre desatualizadas e as mudanças serem bastante evolutivas de formas a não comprometer a essência dos resultados finais. Assim levamos em conta também dados de outros trabalhos e levantamentos sociológicos feito na região nos últimos anos. Dados relativos aos municípios e bairros abrangidos pala pesquisa. Na ausência de delimitação do bairro, será identificada a área em que foi realizada a pesquisa (6º do art.2º da Resolução- TSE nº 23.453/2015. Ate o sétimo dia seguinte ao registro da pesquisa, será ele complementado com os dados.    Dados relativos aos municípios e bairros abrangidos pela pesquisa. Na ausência de delimitação do bairro, será identificada a área em que foi realizada a pesquisa(conforme §6º. do art. 2º. da Resolução-TSE nº. 23.549/2017, Até o sétimo dia seguinte ao registro da pesquisa, será ele complementado com os dados relativos aos bairros abrangidos. na ausência de delimitação do bairro, será identificada a área em que foi realizada):  ";"obs. relação de municípios serão anexadas posteriormente "
"24/08/2022";"00:10:36";"2018";"5";"Eleições Gerais 2018";"RO";"RO";"RONDÔNIA";"RO084282018";"10/09/2018";"19812752000185";"IVANI MOTA DE ARAUJO";"BRASIL DADOS";"Deputado Federal, Senador, Governador, Deputado Estadual";"11/09/2018";"13/09/2018";"1080";"8602";"Diogo de Mello Brito da Silva";"15200,00";"19812752000185";"IVANI MOTA DE ARAUJO";"#NULO#";"19812752000185";"IVANI MOTA DE ARAUJO";"O método de amostragem utilizado é a Amostragem por Cotas. Serão feitas entrevistas pessoais, face-a-face, realizadas por entrevistadores treinados pelo instituto através de questionário estruturado, respeitando as cotas de amostragem (Sexo, Faixa Etária e Grau de Instrução). A distribuição espacial seguirá a proporção da população segundo dados do IBGE, nos municípios abrangidos pela pesquisa.  ";"A alocação da amostra foi proporcional as cotas de sexo, idade e grau de instrução. Para o nível econômico, a pesquisa foi autoponderada, ou seja, a proporção do universo pesquisado é o mesmo daquele encontrado na amostra, não sendo necessário nenhum tipo de ponderação. As proporções das cotas foram as seguintes: 1) sexo: masculino - 49,1% e feminino - 50,9%. 2) idade: 16 a 24 anos - 17,5%, 25 a 34 anos - 23,3%, 35 a 44 anos - 21,4%, 45 a 54 anos - 19,8%, 55 a 69 anos - 12,7% e 70 anos ou mais - 5,3. 3) escolaridade: até ensino fundamental completo - 50,5%, ensino médio incompleto/completo - 35,4% e ensino superior incompleto/completo - 14,1%. Foi considerado um nível de confiança de 95%. Com este nível de confiança e uma amostra de 1.080, a margem de erro da pesquisa é de 3.0 pontos percentuais.  ";"Coleta de dados: Entrevistas pessoais através de questionário estruturado, contendo perguntas filtro, a fim de entrevistar somente o público-alvo desejado. Os entrevistadores são contratados pela BRASIL DADOS e treinados pela empresa. O processo de coleta de dados será monitorado pelos supervisores. São checados, no mínimo, 10% dos questionários aplicados, seja in loco por supervisores de campo ou, posteriormente, por telefone. Internamente, todo o material é verificado, codificado, digitado e, antes do processamento final, realiza-se a conferência da digitação (consistência dos dados).  ";"Anexo"
"24/08/2022";"00:10:36";"2018";"5";"Eleições Gerais 2018";"RO";"RO";"RONDÔNIA";"RO087382018";"29/08/2018";"28780441000172";"IHPEC - INSTITUTO HAVERROTH DE POLITICA, ESTATISTICA E COMUNICACAO LTDA.";"INSTITUTO HAVERROTH";"Governador, Deputado Distrital, Deputado Estadual, Deputado Federal, Senador";"29/08/2018";"03/09/2018";"2525";"10552 CONRE1º Região";"Tuannhy Rozeira Haverroth";"30000,00";"28780441000172";"IHPEC - INSTITUTO HAVERROTH DE POLITICA, ESTATISTICA E COMUNICACAO LTDA.";"#NULO#";"28780441000172";"IHPEC - INSTITUTO HAVERROTH DE POLITICA, ESTATISTICA E COMUNICACAO LTDA.";"Amostragem Sistemática e estratificada, com aplicação de formulário em entrevista direta in loco em municípios cuja amostra seja superior a 25 entrevistas (ver dados relativos as amostras por município), e por telefone as amostras menores que 25 entrevistas. O formulário contem questões espontâneas para deputados estaduais e federais e estimuladas para governo e senado.";"Plano Amostral: Total de entrevistas - 2525. Universo - cerca de 1,18 milhões de eleitores ¿ 52 municípios. Sexo: Homens 50%. mulheres 50%. Idade: 16 a 25(20%), 26 a 35 (20%), 36 a 45 (20%), 46 a 60(20%), acima de 60 anos(20%). Nível Socioeconômico (aleatório): Até um salário, Até três salários, Mais de três salários. Grau de Instrução (aleatório): Até ensino fundamental, Ensino médio, Ensino superior ou mais. Intervalo de confiança 95%, margem de erro 2,5%.";"Os formulários, depois de aplicados, passam por uma conferência e uma ponderação entre a amostra planejada e a amostra alcançada. O trabalho de campo é supervisionado por um diretor de campo. Uma reamostragem, com 10% do total da amostra alcançada, é feita pelo supervisor para verificação.";"As amostras serão colhidas nas ruas de fluxo de cada município, e o publico rural será encontrado nas rodoviárias de colonos dos municípios.   Segue a tabela com a amostra atribuída a cada município do estado de Rondônia.    Abrangência Quantidade % Amostra   Frente 01 (Porto Velho)        1 PORTO VELHO 319.900 27,513 640  2 GUAJARÁ-MIRIM 27.826 2,393 56  3 CANDEIAS DO JAMARI 17.705 1,523 35  4 NOVA MAMORÉ 16.905 1,454 34  5 ITAPUÃ DO OESTE 6.336 0,545 13    Totais 388.672 33,428 777   Frente 02 (Ariquemes e Vale do Jamari Norte)    6 ARIQUEMES 63.473 5,459 127  7 MACHADINHO DO OESTE 22.703 1,953 45  8 CUJUBIM 10.512 0,904 21  9 VALE DO ANARI 6.245 0,537 12  10 RIO CRESPO 3.038 0,261 6    Totais 105.971 9,114 212   Frente 03 (Vale do Jamari Sul)        11 BURITIS 22.509 1,936 45  12 ALTO PARAÍSO 11.925 1,026 24  13 MONTE NEGRO 9.910 0,852 20  14 CAMPO NOVO DE RONDÔNIA 8.053 0,693 16  15 CACAULÂNDIA 3.982 0,342 8    Totais 56.379 4,849 113   Frente 04 (Jaru)     0  16 JARU 40.743 3,504 81  17 GOVERNADOR JORGE TEIXEIRA 7.794 0,67 16  18 THEOBROMA 8.583 0,738 17    Totais 57.120 4,912 114   Frente 05 (Ji-Paraná)     0  19 JI-PARANÁ 78.530 6,754 157  20 OURO PRETO DO OESTE 29.672 2,552 59  21 URUPÁ 9.615 0,827 19  22 MIRANTE DA SERRA 9.030 0,777 18  23 NOVA UNIÃO 5.594 0,481 11  24 VALE DO PARAÍSO 6.539 0,562 13  25 TEIXEIRÓPOLIS 4.157 0,358 8    Totais 143.137 12,311 286   Frente 06 (BR 429)        26 PRESIDENTE MÉDICI 17.010 1,463 34  27 SÃO MIGUEL DO GUAPORÉ 16.357 1,407 33  28 ALVORADA DO OESTE 12.553 1,08 25  29 SÃO FRANCISCO DO GUAPORÉ 10.975 0,944 22  30 SERINGUEIRAS 9.338 0,803 19  31 COSTA MARQUES 9.045 0,778 18    Totais 75.278 6,475 151   Frente 07 (Cacoal)        32 CACOAL 61.524 5,291 123  33 PIMENTA BUENO 27.117 2,332 54  34 ESPIGÃO DO OESTE 22.353 1,922 45  35 MINISTRO ANDREAZZA 7.305 0,628 15    Totais 118.299 10,173 237   Frente 08 (Zona da Mata)        36 ROLIM DE MOURA 38.915 3,347 78  37 ALTA FLORESTA DO OESTE 19.161 1,648 38  38 NOVA BRASILÂNDIA DO OESTE 14.682 1,263 29  39 ALTO ALEGRE DOS PARECIS 8.942 0,769 18  40 NOVO HORIZONTE DO OESTE 7.830 0,673 16  41 SANTA LUZIA DO OESTE 7.582 0,652 15  42 SÃO FELIPE DO OESTE 5.087 0,438 10  43 PARECIS 3.676 0,316 7  44 CASTANHEIRAS 3.297 0,284 7  45 PRIMAVERA DE RONDÔNIA 2.748 0,236 5    Totais 111.920 9,626 224   Frente 09 (Conesul)        46 VILHENA 58.571 5,037 117  47 COLORADO DO OESTE 13.866 1,193 28  48 CEREJEIRAS 13.830 1,189 28  49 CHUPINGUAIA 6.387 0,549 13  50 CORUMBIARA 6.251 0,538 13  51 CABIXI 4.687 0,403 9  52 PIMENTEIRAS DO OESTE 2.345 0,202 5    Totais 105.937 9,111 212          Frente 09 (Conesul)        46 VILHENA 58.571 5,037 117  47 COLORADO DO OESTE 13.866 1,193 28  48 CEREJEIRAS 13.830 1,189 28  50 CORUMBIARA 6.251 0,538 13  51 CABIXI 4.687 0,403 9  52 PIMENTEIRAS DO OESTE 2.345 0,202 5    Totais 99.550 8,562 199         Total de amostra            2.525   "
"24/08/2022";"00:10:36";"2018";"5";"Eleições Gerais 2018";"RO";"RO";"RONDÔNIA";"RO088692018";"06/09/2018";"29842579000111";"REAL TIME BIG DATA GESTAO DE DADOS LTDA.";"REAL TIME BIG DATA";"Senador, Governador";"07/09/2018";"09/09/2018";"1000";"7655";"Augusto da Silva Rocha";"15000,00";"29842579000111";"REAL TIME BIG DATA GESTAO DE DADOS LTDA.";"#NULO#";"29842579000111";"REAL TIME BIG DATA GESTAO DE DADOS LTDA.";"Pesquisa quantitativa, que consiste na realização de entrevistas por telefone, com a aplicação de questionário estruturado junto a uma amostra, representativa do eleitorado em estudo.";"Universo: 1.175.733 eleitores (TSE). Amostra: 1000 entrevistas. Nível de Confiança: 95%. Margem de Erro: até 3 pontos percentuais para mais ou para menos. Divisão Censitária. Ponderação quanto ao sexo e faixa etária: Masculino de 16 a 24 anos (8,5%), Masculino de 25 a 34 anos (11,1%), Masculino de 35 a 44 anos (10,3%), Masculino de 45 a 59 anos (11,8%) e Masculino acima de 59 anos (7,4%). Feminino de 16 a 24 anos (8,9%), Feminino de 25 a 34 anos (12,0%), Feminino de 35 a 44 anos (11,1%), Feminino de 45 a 59 anos (11,9%) e Feminino acima de 59 anos (6,9%). Ponderação quanto ao nível de instrução: 33,6% de Analfabeto / Fundamental Incompleto, 16,0% de Lê e escreve / Fundamental Completo, 36,2% de Médio Incompleto / Médio Completo e 14,2% de Superior Incompleto / Superior Completo. Ponderação quanto a distribuição por renda mensal domiciliar: 23,0% até 1 SM, 26,0% de 1 até 2 SM, 33,1% de 2 até 5 SM, 12,5% de 5 até 10 SM e 5,4% acima de 10 SM.";"Checagem de 20% da amostra efetuada pelos supervisores. Todos os entrevistadores foram amplamente treinados e orientados tanto teoricamente quanto praticamente sobre suas responsabilidade e funções, respeitando as cotas pré-estabelecidas. A equipe está dividida em coordenadoria-geral / supervisores / entrevistadores.";"Em anexo."
"24/08/2022";"00:10:36";"2018";"5";"Eleições Gerais 2018";"RO";"RO";"RONDÔNIA";"RO088782018";"14/09/2018";"29842579000111";"REAL TIME BIG DATA GESTAO DE DADOS LTDA.";"REAL TIME BIG DATA";"Governador, Senador";"17/09/2018";"18/09/2018";"1000";"7655";"Augusto da Silva Rocha";"15000,00";"29842579000111";"REAL TIME BIG DATA GESTAO DE DADOS LTDA.";"#NULO#";"29842579000111";"REAL TIME BIG DATA GESTAO DE DADOS LTDA.";"Pesquisa quantitativa, que consiste na realização de entrevistas por telefone, com a aplicação de questionário estruturado junto a uma amostra, representativa do eleitorado em estudo.";"Universo: 1.175.733 eleitores (TSE). Amostra: 1000 entrevistas. Nível de Confiança: 95%. Margem de Erro: até 3 pontos percentuais para mais ou para menos. Divisão Censitária. Ponderação quanto ao sexo e faixa etária: Masculino de 16 a 24 anos (8,5%), Masculino de 25 a 34 anos (11,1%), Masculino de 35 a 44 anos (10,3%), Masculino de 45 a 59 anos (11,8%) e Masculino acima de 59 anos (7,4%). Feminino de 16 a 24 anos (8,9%), Feminino de 25 a 34 anos (12,0%), Feminino de 35 a 44 anos (11,1%), Feminino de 45 a 59 anos (11,9%) e Feminino acima de 59 anos (6,9%). Ponderação quanto ao nível de instrução: 33,6% de Analfabeto / Fundamental Incompleto, 16,0% de Lê e escreve / Fundamental Completo, 36,2% de Médio Incompleto / Médio Completo e 14,2% de Superior Incompleto / Superior Completo. Ponderação quanto a distribuição por renda mensal domiciliar: 23,0% até 1 SM, 26,0% de 1 até 2 SM, 33,1% de 2 até 5 SM, 12,5% de 5 até 10 SM e 5,4% acima de 10 SM.";"Checagem de 20% da amostra efetuada pelos supervisores. Todos os entrevistadores foram amplamente treinados e orientados tanto teoricamente quanto praticamente sobre suas responsabilidade e funções, respeitando as cotas pré-estabelecidas. A equipe está dividida em coordenadoria-geral / supervisores / entrevistadores.";"Em anexo."
"24/08/2022";"00:10:36";"2018";"5";"Eleições Gerais 2018";"RO";"RO";"RONDÔNIA";"RO091392018";"06/08/2018";"19812752000185";"IVANI MOTA DE ARAUJO";"BRASIL DADOS";"Governador, Deputado Estadual, Deputado Federal, Senador";"07/08/2018";"09/08/2018";"1080";"8602";"Diogo de Mello Brito da Silva";"15200,00";"19812752000185";"IVANI MOTA DE ARAUJO";"#NULO#";"19812752000185";"IVANI MOTA DE ARAUJO";"O método de amostragem utilizado é a Amostragem por Cotas. Serão feitas entrevistas pessoais, face-a-face, realizadas por entrevistadores treinados pelo instituto através de questionário estruturado, respeitando as cotas de amostragem (Sexo, Faixa Etária e Grau de Instrução). A distribuição espacial seguirá a proporção da população segundo dados do IBGE, nos municípios abrangidos pela pesquisa.  ";"A alocação da amostra foi proporcional as cotas de sexo, idade e grau de instrução. Para o nível econômico, a pesquisa foi autoponderada, ou seja, a proporção do universo pesquisado é o mesmo daquele encontrado na amostra, não sendo necessário nenhum tipo de ponderação. As proporções das cotas foram as seguintes: 1) sexo: masculino - 49,1% e feminino - 50,9%. 2) idade: 16 a 24 anos - 17,5%, 25 a 34 anos - 23,3%, 35 a 44 anos - 21,4%, 45 a 54 anos - 19,8%, 55 a 69 anos - 12,7% e 70 anos ou mais - 5,3. 3) escolaridade: até ensino fundamental completo - 50,5%, ensino médio incompleto/completo - 35,4% e ensino superior incompleto/completo - 14,1%. Foi considerado um nível de confiança de 95%. Com este nível de confiança e uma amostra de 1.080, a margem de erro da pesquisa é de 3.0 pontos percentuais.  ";"Coleta de dados: Entrevistas pessoais através de questionário estruturado, contendo perguntas filtro, a fim de entrevistar somente o público-alvo desejado. Os entrevistadores são contratados pela BRASIL DADOS e treinados pela empresa. O processo de coleta de dados será monitorado pelos supervisores. São checados, no mínimo, 10% dos questionários aplicados, seja in loco por supervisores de campo ou, posteriormente, por telefone. Internamente, todo o material é verificado, codificado, digitado e, antes do processamento final, realiza-se a conferência da digitação (consistência dos dados).  ";"em anexo"
"24/08/2022";"00:10:36";"2018";"5";"Eleições Gerais 2018";"RO";"RO";"RONDÔNIA";"RO091572018";"21/10/2018";"04942645000102";"J J COELHO";"INSTITUTO PHOENIX & ASSOCIADOS";"Governador";"24/10/2018";"25/10/2018";"1200";"7655-A";"Augusto da Silva Rocha ";"1000,00";"22969490000171";"HEITOR DE SOUZA SOARES 01468649132 / HSS ASSESSORIA E CONSULTORIA";"Recursos Próprios";"04942645000102";"J J COELHO";"Metodologia de pesquisa:  Metodologia de pesquisa: METODOLOGIA UTILIZADA para unidade federativa do Estado de Rondônia. No DESENVOLVIMENTO DESTA SONDAGEM O objetivo principal desta pesquisa e identificar as intenções de voto, para o pleito majoritário, averiguando as devidas tendências. MÉTODO: PROBABILIÍSTICO ESTRATIFICADO COM SORTEIO DE MULTIPLOS ESTÁGIO. Por tratar-se de um estudo descritivo, com característica de um público conhecido, desenvolvemos um método direto, através da amostragem probabilística. Assim na abrangência da área geográfica aplicamos um percentual pré-definido nas proporções do universo dos eleitores, baseando-se também nos percentuais eleitorais para cada setor da região pesquisada. De acordo com as tabelas apresentadas. O critério de seleção obedece às informações e dados do TRE e IBGE. As entrevistas serão na quase totalidade efetuadas nos domicílios dos eleitores, após a certificação de que os mesmos votam no Estado e se dispõe a responderem as perguntas apresentadas. Selecionamos (12). Municípios do Estado sorteadas entre aproximadamente 70,2% dos votos das unidades de maiores pesos populacional. Que resulta em mais de 2/3 dá abrangência da população e, por conseguinte do contingente eleitoral de todo estado. Para atingirmos os propósitos deste estudo utilizamos a técnica de pesquisa por amostragem, que reside na apreensão sistemática e extensiva das tendências dos indivíduos inserido no universo pesquisado e que integra a realidade a ser investigada. A validade deste tipo de pesquisa está na possibilidade de se aferir a intensidade de tendências, permitindo a coleta de dados utilizando de um formulário de questionamento misto contendo algumas perguntas estimulada (optativas) e outras semiabertas de caráter mais informativo. Este último tipo de questão permite que se evite indução da resposta, assim, como possibilita que se tenha conhecimento dos quadros de referência dos entrevistados.com isso, obtêm-se também posições qualitativas das opiniões coletadas e que permitam aos interessados: traçar perfis, avaliar gestões e serviço. identificação e desempenho das lideranças, em estudo pelo cruzamento das respostas obtidas. UNIVERSO da pesquisa será constituído pelos eleitores da unidade federativa segmentada pelos variáveis de sexo e faixa etárias e área geográfica definidas a partir da idade 16 anos, integrantes de todas as camadas socioeconômica do estado. Colocamos em campo agente com razoável instrução com nível médio, treinados para o fim especifico, supervisionado por chefe de equipe que acima de tudo primam pela neutralidade dos dados a ser apreendidos. O trabalho terá a duração de até dois dias programados de acordo com o cronograma de serviços e mais ate (01) dia ininterrupto, sera empregados na tarefa de: Revisão. Processamento e tabulação geral, de (1200) questionários, aplicados. Finalizando assim com a publicação dos dados, em tempo hábil, salvo se algum acidente de percurso, que possa naturalmente retardar a coleta de dados em campo. Quanto a estratificação das quotas: consiste em si determinar o bairro ou setores censitários por sorteio, determinando ao agente coletor a quantidade de entrevistas para cada período diário e o percentual por faixa etária e sexo tornando assim a amostragem equiprobabilística. EQUIPE: Um grupo de (07) agentes pesquisadores realizara a coleta de dados em campo, nos bairros e localidades sorteadas, dentre os limites dos municípios, coletando assim as entrevistas que haverão de compor a amostragem prevista.  ";"Plano amostral e ponderação quanto a sexo, idade, grau de instrução e nível econômico do entrevistado. intervalo de confiança e margem de erro:   PONDERAÇAO a quota de sexo, idade, grau de instrução e nível econômico do entrevistados: intervalo de confiança e margem de erro. plano amostral e ponderação quanto a sexo, idade, a faixa etária ficou definida em cinco categoria: de 16 a 24 anos 20,4%  amostras de 25 a 34 anos. 25,1%  amostras de 35 a 44 anos 22,1% amostra grau de instrução nível econômico do entrevistado. intervalo de confiança e margem de erro:  este plano foi elaborado com base no contingente populacional pautado diretamente no eleitorado, por tratar- se de um levantamento exclusivo de intenção de voto. Com base na eleição vindoura do 2ª turno de Rondônia. Desta forma, baseado nos dados estatístico IBGE referente ao estudo, as quotas com o perfil das pessoas a serem entrevistado como poderá ser observado na tabela de estratificação. QUOTA DE SEXO: com 51,3% de coleta entre as mulheres,   o restante  feita no segmento masculino 48,7% do eleitorado do estado do estado de Rondoniense. IDADE: a faixa etária ficou definida em cinco categorias à saber: da entrevistas estratificadas em todo o universo sondado. GRAU DE INSTRUÇÃO: nas devidas proporções apresentadas na tabela do IBGE. Estabelecendo-se assim a margem de erro e nível de confiança. Por outro lado, adequamos a escolha dos bairros dentro da proporcionalidade populacional de cada microrregião geograficamente delimitada. Como também poderá ser visto. Na tabela das regionais e municipais contempladas conforme sua devida densidade eleitoral, mantendo-se assim a proporção no peso amostral de cada unidade regional. Desta forma a amostragem será produzida pelos questionários feitos a base de entrevistas individuais, nos variados setores censitários estratificados, tendo-se como o UNIVERSO da pesquisa os eleitores do estado respaldado no contingente total. Dos quais serão retiradas estas amostras em quantidade representativa, obedecendo aos critérios acima exposto. O intervalo de confiança é de 96%o que significa dizer que em 100 trabalhos desta natureza, somente (04) poderão apresentar uma variação fora do previsto. Margem de erro: para mais ou para menos 2,83% de acordo com a tabela fornecida pelo estatístico responsável. Augusto da Silva Rocha, inscrito no CORRE (1) sob o número 7655-A                              ";"Sistema interno de controle e verificação, conferência e fiscalização da coleta de dados e do trabalho de campo:  Sistema interno de controle e verificação, conferência e fiscalização da coleta de dados e do trabalho de campo: Sistema interno de controle e verificação, conferência e fiscalização da coleta dos dados de campo: Como variáveis de controle, seguimos à risca neste trabalho a recomendação da Lei Eleitoral Vigente, que estabelece como padrões de controle as variáveis dentro dos percentuais apresentados pelo IBGE nas últimas aferições dos sensos populacionais. Assim enquadramos religiosamente dentro da variável de faixa etária e quota de sexo. O índice amostral que determinarão a ponderação da variável. Respeitando as variações permitida, nunca superiores a margem de erro estabelecido. Quanto a área física em cada bairro será escolhida, as ruas em proporção ao número de amostra de cada unidade, de formas a mapeamos na proporção equiprobabilística. Dentre as cinco classes socioeconômicas definidas A. B. C. D. e E. como também o nível escolaridade dos entrevistados, em número de quatro classes, a saber: superior Completo ou incompleto, básico, primário ou fundamental e semianalfabeta ou analfabeto funcionais, encaixados dentro das proporções do último senso demográfico, funcionando como variáveis decorrentes e não de controle excepcionalmente. As religiões dos entrevistados não requerem qualquer controle, visto que serão elementos somente passiveis ou acompanhamento, desta forma não entram na pauta de controle das informações apreendidas. Na conferência de questionários e revisão de dados se faz de imediato após a coleta de campo, em aproximadamente 15% dos questionários tendo em vista a relação de telefones, ou e-mail fornecidas por parte dos respondentes, tendo em vista também averiguar possíveis irregularidades na coleta ou mesmo no preenchimento dos dados fornecidos. A relação dos bairros com seus respectivos números de amostra serão enviados posteriormente, logo após sejam catalogados todas as amostras planejadas. Questionário (vide copia anexa). Nota: embora a amostragem tenha sido enquadrada proporcionalmente nas devidas faixas de controle, no concernente as variáveis de classe socioeconômica e instrução escolar, possa haver sempre algumas oscilações de faixa, em razão das fontes oficias estarem sempre desatualizadas e as mudanças serem bastante evolutivas de formas a não comprometer a essência dos resultados finais. Assim levamos em conta também dados de outros trabalhos e levantamentos sociológicos feito na região nos últimos anos. Dados relativos aos municípios e bairros abrangidos pala pesquisa. Na ausência de delimitação do bairro, será identificada a área em que foi realizada a pesquisa (6º do art.2º da Resolução- TSE nº 23.453/2015. Até o sétimo dia seguinte ao registro da pesquisa, será ele complementado com os dados. Dados relativos aos municípios e bairros abrangidos pela pesquisa. Na ausência de delimitação do bairro, será identificada a área em que foi realizada a pesquisa (conforme §6º. do art. 2º. da Resolução-TSE nº. 23.549/2017, Até o sétimo dia seguinte ao registro da pesquisa, será ele complementado com os dados relativos aos bairros abrangidos. na ausência de delimitação do bairro, será identificada a área em que foi realizada):    Dados relativos aos municípios e bairros abrangidos pela pesquisa. Na ausência de delimitação do bairro, será identificada a área em que foi realizada a pesquisa(conforme §6º. do art. 2º. da Resolução-TSE nº. 23.549/2017,   ";"Obs. relação de municípios serão anexados posteriormente"
"24/08/2022";"00:10:36";"2018";"5";"Eleições Gerais 2018";"RO";"RO";"RONDÔNIA";"RO091932018";"21/08/2018";"28780441000172";"IHPEC - INSTITUTO HAVERROTH DE POLITICA, ESTATISTICA E COMUNICACAO LTDA.";"INSTITUTO HAVERROTH";"Governador, Deputado Distrital, Deputado Estadual, Deputado Federal, Senador";"21/08/2018";"26/08/2018";"2525";"10552 CONRE1º Região";" Tuannhy Rozeira Haverroth";"30000,00";"28780441000172";"IHPEC - INSTITUTO HAVERROTH DE POLITICA, ESTATISTICA E COMUNICACAO LTDA.";"#NULO#";"28780441000172";"IHPEC - INSTITUTO HAVERROTH DE POLITICA, ESTATISTICA E COMUNICACAO LTDA.";"Amostragem Sistemática e estratificada, com aplicação de formulário em entrevista direta in loco em municípios cuja amostra seja superior a 25 entrevistas (ver dados relativos as amostras por município), e por telefone as amostras menores que 25 entrevistas. O formulário contem questões espontâneas para deputados estaduais e federais e estimuladas para governo e senado.";"Plano Amostral: Total de entrevistas - 2525. Universo - cerca de 1,18 milhões de eleitores ¿ 52 municípios. Sexo: Homens 52%. mulheres 48%. Idade: 16 a 25(20%), 26 a 35 (20%), 36 a 45 (20%), 46 a 60(20%), acima de 60 anos(20%). Nível Socioeconômico (aleatório): Até um salário, Até três salários, Mais de três salários. Grau de Instrução (aleatório): Até ensino fundamental, Ensino médio, Ensino superior ou mais. Intervalo de confiança 95%, margem de erro 2,5%.";"Os formulários, depois de aplicados, passam por uma conferência e uma ponderação entre a amostra planejada e a amostra alcançada. O trabalho de campo é supervisionado por um diretor de campo. Uma reamostragem, com 10% do total da amostra alcançada, é feita pelo supervisor para verificação.";"As amostras serão colhidas nas ruas de fluxo de cada município, e o publico rural será encontrado nas rodoviárias de colonos dos municípios.   Segue a tabela com a amostra atribuída a cada município do estado de Rondônia.    Abrangência Quantidade % Amostra   Frente 01 (Porto Velho)        1 PORTO VELHO 319.900 27,513 640  2 GUAJARÁ-MIRIM 27.826 2,393 56  3 CANDEIAS DO JAMARI 17.705 1,523 35  4 NOVA MAMORÉ 16.905 1,454 34  5 ITAPUÃ DO OESTE 6.336 0,545 13    Totais 388.672 33,428 777   Frente 02 (Ariquemes e Vale do Jamari Norte)    6 ARIQUEMES 63.473 5,459 127  7 MACHADINHO DO OESTE 22.703 1,953 45  8 CUJUBIM 10.512 0,904 21  9 VALE DO ANARI 6.245 0,537 12  10 RIO CRESPO 3.038 0,261 6    Totais 105.971 9,114 212   Frente 03 (Vale do Jamari Sul)        11 BURITIS 22.509 1,936 45  12 ALTO PARAÍSO 11.925 1,026 24  13 MONTE NEGRO 9.910 0,852 20  14 CAMPO NOVO DE RONDÔNIA 8.053 0,693 16  15 CACAULÂNDIA 3.982 0,342 8    Totais 56.379 4,849 113   Frente 04 (Jaru)     0  16 JARU 40.743 3,504 81  17 GOVERNADOR JORGE TEIXEIRA 7.794 0,67 16  18 THEOBROMA 8.583 0,738 17    Totais 57.120 4,912 114   Frente 05 (Ji-Paraná)     0  19 JI-PARANÁ 78.530 6,754 157  20 OURO PRETO DO OESTE 29.672 2,552 59  21 URUPÁ 9.615 0,827 19  22 MIRANTE DA SERRA 9.030 0,777 18  23 NOVA UNIÃO 5.594 0,481 11  24 VALE DO PARAÍSO 6.539 0,562 13  25 TEIXEIRÓPOLIS 4.157 0,358 8    Totais 143.137 12,311 286   Frente 06 (BR 429)        26 PRESIDENTE MÉDICI 17.010 1,463 34  27 SÃO MIGUEL DO GUAPORÉ 16.357 1,407 33  28 ALVORADA DO OESTE 12.553 1,08 25  29 SÃO FRANCISCO DO GUAPORÉ 10.975 0,944 22  30 SERINGUEIRAS 9.338 0,803 19  31 COSTA MARQUES 9.045 0,778 18    Totais 75.278 6,475 151   Frente 07 (Cacoal)        32 CACOAL 61.524 5,291 123  33 PIMENTA BUENO 27.117 2,332 54  34 ESPIGÃO DO OESTE 22.353 1,922 45  35 MINISTRO ANDREAZZA 7.305 0,628 15    Totais 118.299 10,173 237   Frente 08 (Zona da Mata)        36 ROLIM DE MOURA 38.915 3,347 78  37 ALTA FLORESTA DO OESTE 19.161 1,648 38  38 NOVA BRASILÂNDIA DO OESTE 14.682 1,263 29  39 ALTO ALEGRE DOS PARECIS 8.942 0,769 18  40 NOVO HORIZONTE DO OESTE 7.830 0,673 16  41 SANTA LUZIA DO OESTE 7.582 0,652 15  42 SÃO FELIPE DO OESTE 5.087 0,438 10  43 PARECIS 3.676 0,316 7  44 CASTANHEIRAS 3.297 0,284 7  45 PRIMAVERA DE RONDÔNIA 2.748 0,236 5    Totais 111.920 9,626 224   Frente 09 (Conesul)        46 VILHENA 58.571 5,037 117  47 COLORADO DO OESTE 13.866 1,193 28  48 CEREJEIRAS 13.830 1,189 28  49 CHUPINGUAIA 6.387 0,549 13  50 CORUMBIARA 6.251 0,538 13  51 CABIXI 4.687 0,403 9  52 PIMENTEIRAS DO OESTE 2.345 0,202 5    Totais 105.937 9,111 212          Frente 09 (Conesul)        46 VILHENA 58.571 5,037 117  47 COLORADO DO OESTE 13.866 1,193 28  48 CEREJEIRAS 13.830 1,189 28  50 CORUMBIARA 6.251 0,538 13  51 CABIXI 4.687 0,403 9  52 PIMENTEIRAS DO OESTE 2.345 0,202 5    Totais 99.550 8,562 199   Total de amostra            2.525   "
"24/08/2022";"00:10:36";"2018";"5";"Eleições Gerais 2018";"RO";"RO";"RONDÔNIA";"RO096972018";"17/09/2018";"28780441000172";"IHPEC - INSTITUTO HAVERROTH DE POLITICA, ESTATISTICA E COMUNICACAO LTDA.";"INSTITUTO HAVERROTH";"Governador, Deputado Federal, Senador, Deputado Estadual, Deputado Distrital";"17/09/2018";"22/09/2018";"2525";"10552 CONRE1º Região";"Tuannhy Rozeira Haverroth";"30000,00";"28780441000172";"IHPEC - INSTITUTO HAVERROTH DE POLITICA, ESTATISTICA E COMUNICACAO LTDA.";"#NULO#";"28780441000172";"IHPEC - INSTITUTO HAVERROTH DE POLITICA, ESTATISTICA E COMUNICACAO LTDA.";"Amostragem Sistemática e estratificada, com aplicação de formulário em entrevista direta in loco em municípios cuja amostra seja superior a 25 entrevistas (ver dados relativos as amostras por município), e por telefone as amostras menores ou iguais que 25 entrevistas. O formulário contem questões espontâneas para deputados estaduais e federais e estimuladas para governo e senado.";"Plano Amostral: Total de entrevistas - 2525. Universo - cerca de 1,18 milhões de eleitores ¿ 52 municípios. Sexo: Homens 50%. mulheres 50%. Idade: 16 a 25(20%), 26 a 35 (20%), 36 a 45 (20%), 46 a 60(20%), acima de 60 anos(20%). Nível Socioeconômico (aleatório): Até um salário, Até três salários, Mais de três salários. Grau de Instrução (aleatório): Até ensino fundamental, Ensino médio, Ensino superior ou mais. Intervalo de confiança 95%, margem de erro 2,5%.";"Os formulários, depois de aplicados, passarão por uma conferência e uma ponderação entre a amostra planejada e a amostra alcançada. O trabalho de campo é supervisionado por um diretor de campo. Uma reamostragem, com 10% do total da amostra alcançada, é feita pelo supervisor para verificação.";"As amostras serão colhidas nas ruas de fluxo de cada município, e o publico rural será encontrado nas rodoviárias de colonos dos municípios.   Segue a tabela com a amostra atribuída a cada município do estado de Rondônia.   Abrangência Quantidade Amostra   Frente 01 (Porto Velho)    1 PORTO VELHO 319.900 640  2 GUAJARÁ-MIRIM 27.826 60  3 CANDEIAS DO JAMARI 17.705 39  4 NOVA MAMORÉ 16.905 38  5 ITAPUÃ DO OESTE 6.336 17    Totais 388.672 794   Frente 02 (Ariquemes e Vale do Jamari Norte) Quantidade Amostra  6 ARIQUEMES 63.473 130  7 MACHADINHO DO OESTE 22.703 49  8 CUJUBIM 10.512 25  9 VALE DO ANARI 6.245 16  10 RIO CRESPO 3.038 10    Totais 105.971 230   Frente 03 (Vale do Jamari Sul) Quantidade Amostra  11 BURITIS 22.509 49  12 ALTO PARAÍSO 11.925 28  13 MONTE NEGRO 9.910 24  14 CAMPO NOVO DE RONDÔNIA 8.053 20  15 CACAULÂNDIA 3.982 12    Totais 56.379 133   Frente 04 (Jaru) Quantidade Amostra  16 JARU 40.743 85  17 GOVERNADOR JORGE TEIXEIRA 7.794 20  18 THEOBROMA 8.583 21    Totais 57.120 126   Frente 05 (Ji-Paraná) Quantidade Amostra  19 JI-PARANÁ 78.530 160  20 OURO PRETO DO OESTE 29.672 63  21 URUPÁ 9.615 23  22 MIRANTE DA SERRA 9.030 22  23 NOVA UNIÃO 5.594 15  24 VALE DO PARAÍSO 6.539 17  25 TEIXEIRÓPOLIS 4.157 12    Totais 143.137 312   Frente 06 (BR 429) Quantidade Amostra  26 PRESIDENTE MÉDICI 17.010 39  27 SÃO MIGUEL DO GUAPORÉ 16.357 37  28 ALVORADA DO OESTE 12.553 29  29 SÃO FRANCISCO DO GUAPORÉ 10.975 25  30 SERINGUEIRAS 9.338 23  31 COSTA MARQUES 9.045 22    Totais 75.278 175   Frente 07 (Cacoal) Quantidade Amostra  32 CACOAL 61.524 125  33 PIMENTA BUENO 27.117 58  34 ESPIGÃO DO OESTE 22.353 49  35 MINISTRO ANDREAZZA 7.305 19    Totais 118.299 251   Frente 08 (Zona da Mata) Quantidade Amostra  36 ROLIM DE MOURA 38.915 82  37 ALTA FLORESTA DO OESTE 19.161 42  38 NOVA BRASILÂNDIA DO OESTE 14.682 33  39 ALTO ALEGRE DOS PARECIS 8.942 22  40 NOVO HORIZONTE DO OESTE 7.830 20  41 SANTA LUZIA DO OESTE 7.582 19  42 SÃO FELIPE DO OESTE 5.087 14  43 PARECIS 3.676 11  44 CASTANHEIRAS 3.297 11  45 PRIMAVERA DE RONDÔNIA 2.748 9    Totais 111.920 263   Frente 09 (Conesul) Quantidade Amostra  46 VILHENA 58.571 121  47 COLORADO DO OESTE 13.866 32  48 CEREJEIRAS 13.830 32  49 CHUPINGUAIA 6.387 17  50 CORUMBIARA 6.251 17  51 CABIXI 4.687 13  52 PIMENTEIRAS DO OESTE 2.345 9    Totais 105.937 241   Total da População e amostra 1.162.713 2525  "
"24/08/2022";"00:10:36";"2018";"5";"Eleições Gerais 2018";"RO";"RO";"RONDÔNIA";"RO098452018";"10/09/2018";"28780441000172";"IHPEC - INSTITUTO HAVERROTH DE POLITICA, ESTATISTICA E COMUNICACAO LTDA.";"INSTITUTO HAVERROTH";"Governador, Deputado Distrital, Deputado Estadual, Deputado Federal, Senador";"10/09/2018";"15/09/2018";"2525";"10552 CONRE1º Região";"Tuannhy Rozeira Haverroth";"30000,00";"28780441000172";"IHPEC - INSTITUTO HAVERROTH DE POLITICA, ESTATISTICA E COMUNICACAO LTDA.";"#NULO#";"28780441000172";"IHPEC - INSTITUTO HAVERROTH DE POLITICA, ESTATISTICA E COMUNICACAO LTDA.";"Amostragem Sistemática e estratificada, com aplicação de formulário em entrevista direta in loco em municípios cuja amostra seja superior a 25 entrevistas (ver dados relativos as amostras por município), e por telefone as amostras menores ou iguais que 25 entrevistas. O formulário contem questões espontâneas para deputados estaduais e federais e estimuladas para governo e senado.";"Plano Amostral: Total de entrevistas - 2525. Universo - cerca de 1,18 milhões de eleitores ¿ 52 municípios. Sexo: Homens 50%. mulheres 50%. Idade: 16 a 25(20%), 26 a 35 (20%), 36 a 45 (20%), 46 a 60(20%), acima de 60 anos(20%). Nível Socioeconômico (aleatório): Até um salário, Até três salários, Mais de três salários. Grau de Instrução (aleatório): Até ensino fundamental, Ensino médio, Ensino superior ou mais. Intervalo de confiança 95%, margem de erro 2,5%.";"Os formulários, depois de aplicados, passarão por uma conferência e uma ponderação entre a amostra planejada e a amostra alcançada. O trabalho de campo é supervisionado por um diretor de campo. Uma reamostragem, com 10% do total da amostra alcançada, é feita pelo supervisor para verificação.";"As amostras serão colhidas nas ruas de fluxo de cada município, e o publico rural será encontrado nas rodoviárias de colonos dos municípios.   Segue a tabela com a amostra atribuída a cada município do estado de Rondônia.   Abrangência Quantidade Amostra   Frente 01 (Porto Velho)    1 PORTO VELHO 319.900 640  2 GUAJARÁ-MIRIM 27.826 60  3 CANDEIAS DO JAMARI 17.705 39  4 NOVA MAMORÉ 16.905 38  5 ITAPUÃ DO OESTE 6.336 17    Totais 388.672 794   Frente 02 (Ariquemes e Vale do Jamari Norte) Quantidade Amostra  6 ARIQUEMES 63.473 130  7 MACHADINHO DO OESTE 22.703 49  8 CUJUBIM 10.512 25  9 VALE DO ANARI 6.245 16  10 RIO CRESPO 3.038 10    Totais 105.971 230   Frente 03 (Vale do Jamari Sul) Quantidade Amostra  11 BURITIS 22.509 49  12 ALTO PARAÍSO 11.925 28  13 MONTE NEGRO 9.910 24  14 CAMPO NOVO DE RONDÔNIA 8.053 20  15 CACAULÂNDIA 3.982 12    Totais 56.379 133   Frente 04 (Jaru) Quantidade Amostra  16 JARU 40.743 85  17 GOVERNADOR JORGE TEIXEIRA 7.794 20  18 THEOBROMA 8.583 21    Totais 57.120 126   Frente 05 (Ji-Paraná) Quantidade Amostra  19 JI-PARANÁ 78.530 160  20 OURO PRETO DO OESTE 29.672 63  21 URUPÁ 9.615 23  22 MIRANTE DA SERRA 9.030 22  23 NOVA UNIÃO 5.594 15  24 VALE DO PARAÍSO 6.539 17  25 TEIXEIRÓPOLIS 4.157 12    Totais 143.137 312   Frente 06 (BR 429) Quantidade Amostra  26 PRESIDENTE MÉDICI 17.010 39  27 SÃO MIGUEL DO GUAPORÉ 16.357 37  28 ALVORADA DO OESTE 12.553 29  29 SÃO FRANCISCO DO GUAPORÉ 10.975 25  30 SERINGUEIRAS 9.338 23  31 COSTA MARQUES 9.045 22    Totais 75.278 175   Frente 07 (Cacoal) Quantidade Amostra  32 CACOAL 61.524 125  33 PIMENTA BUENO 27.117 58  34 ESPIGÃO DO OESTE 22.353 49  35 MINISTRO ANDREAZZA 7.305 19    Totais 118.299 251   Frente 08 (Zona da Mata) Quantidade Amostra  36 ROLIM DE MOURA 38.915 82  37 ALTA FLORESTA DO OESTE 19.161 42  38 NOVA BRASILÂNDIA DO OESTE 14.682 33  39 ALTO ALEGRE DOS PARECIS 8.942 22  40 NOVO HORIZONTE DO OESTE 7.830 20  41 SANTA LUZIA DO OESTE 7.582 19  42 SÃO FELIPE DO OESTE 5.087 14  43 PARECIS 3.676 11  44 CASTANHEIRAS 3.297 11  45 PRIMAVERA DE RONDÔNIA 2.748 9    Totais 111.920 263   Frente 09 (Conesul) Quantidade Amostra  46 VILHENA 58.571 121  47 COLORADO DO OESTE 13.866 32  48 CEREJEIRAS 13.830 32  49 CHUPINGUAIA 6.387 17  50 CORUMBIARA 6.251 17  51 CABIXI 4.687 13  52 PIMENTEIRAS DO OESTE 2.345 9    Totais 105.937 241   Total da População e amostra 1.162.713 2525  "
"24/08/2022";"00:10:36";"2018";"5";"Eleições Gerais 2018";"RO";"RO";"RONDÔNIA";"RO098612018";"20/09/2018";"04942645000102";"J J COELHO";"INSTITUTO PHOENIX & ASSOCIADOS";"Senador, Governador, Deputado Estadual, Deputado Federal";"23/09/2018";"26/09/2018";"1256";"7655-A";"Augusto da Silva Rocha ";"9500,00";"22969490000171";"HEITOR DE SOUZA SOARES 01468649132 / HSS ASSESSORIA E CONSULTORIA";"Recursos Próprios";"04942645000102";"J J COELHO";"Metodologia de pesquisa:  Metodologia de pesquisa: METODOLOGIA UTILIZADA para unidade federativa do Estado de Rondônia. No DESENVOLVIMENTO DESTA SONDAGEM O objetivo principal desta pesquisa e identificar as intenções de voto, para o pleito majoritário e proporcional, averiguando as devidas tendências. MÉTODO: PROBABILIÍSTICO ESTRATIFICADO COM SORTEIO DE MULTIPLOS ESTÁGIO. Por tratar-se de um estudo descritivo, com característica de um público conhecido, desenvolvemos um método direto, através da amostragem probabilística. Assim na abrangência da área geográfica aplicamos um percentual pré-definido nas proporções do universo dos eleitores, baseando-se também nos percentuais eleitorais para cada micro setor da região pesquisada. De acordo com as tabelas apresentadas. O critério de seleção obedece às informações e dados do TRE e IBGE. As entrevistas serão na quase totalidade efetuadas nos domicílios dos eleitores, após a certificação de que os mesmos votam no Estado e se dispõe a responderes as perguntas apresentadas. Selecionamos (23). Municípios das diversas regiões sorteadas entre aproximadamente 74,4% dos votos das unidades de maiores pesos populacional. Que resulta em mais de 2/3 dá abrangência da população e, por conseguinte do contingente eleitoral de todo estado. Para atingirmos os propósitos deste estudo utilizamos a técnica de pesquisa por amostragem, que reside na apreensão sistemática e extensiva das tendências dos indivíduos inserido no universo pesquisado e que integra a realidade a ser investigada. A validade deste tipo de pesquisa está na possibilidade de se aferir a intensidade de tendências, permitindo a coleta de dados utilizando de um formulário de questionamento misto contendo algumas perguntas estimulada (optativas) e outras semiabertas de caráter mais informativo. Este último tipo de questão permite que se evite indução da resposta, assim, como possibilita que se tenha conhecimento dos quadros de referência dos entrevistados.com isso, obtêm-se também posições qualitativas das opiniões coletadas e que permitam aos interessados: traçar perfis, avaliar gestões e serviço. identificação e desempenho das lideranças, em estudo pelo cruzamento das respostas obtidas. UNIVERSO da pesquisa será constituído pelos eleitores da unidade federativa segmentada pelos variáveis de sexo e faixa etárias e área geográfica definidas a partir da idade 16 anos, integrantes de todas as camadas socioeconômica do estado. Colocamos em campo agente com razoável instrução com nível médio, treinados para o fim especifico, supervisionado por chefe de equipe que acima de tudo primam pela neutralidade dos dados a ser apreendidos. O trabalho terá a duração de até cinco dias programados de acordo com o cronograma de serviços e mais ate (02) dias ininterruptos, serão empregados na tarefa de: Revisão. Processamento e tabulação geral, dos (1256) questionários, aplicados. Finalizando assim com a publicação dos dados, em tempo hábil, salvo se algum acidente de percurso, que possa naturalmente retardar a coleta de dados em campo. Quanto a estratificação das quotas: consiste em si determinar o bairro ou setores censitários por sorteio, determinando ao agente coletor a quantidade de entrevistas para cada período diário e o percentual por faixa etária e sexo tornando assim a amostragem equiprobabilística. EQUIPE: Um grupo de (08) agentes pesquisadores realizara a coleta de dados em campo, nos bairros e localidades sorteadas, dentre os limites dos municípios, coletando assim as entrevistas que haverão de compor a amostragem prevista.  ";"Plano amostral e ponderação quanto a sexo, idade, grau de instrução e nível econômico do entrevistado. intervalo de confiança e margem de erro:  Plano amostral e ponderação quanto a sexo, idade, grau de instrução e nível econômico do entrevistado. intervalo de confiança e margem de erro: Plano amostral e ponderação quanto a sexo, idade, grau de instrução nível econômico do entrevistado. intervalo de confiança e margem de erro: PLANO AMOSTRAL E PODERAÇÃO) a quota de sexo, idade, grau de instrução e nível econômico do entrevistados: intervalo de confiança e margem de erro. plano amostral e ponderação quanto a sexo, idade, a faixa etária ficou definida em cinco categoria: de 16 a 24 anos 20,4% 164 amostras de 25 a 34 anos. 25,1% 202 amostras de 35 a 44 anos 22,1%178 amostra grau de instrução nível econômico do entrevistado. intervalo de confiança e margem de erro: PLANO AMOSTRAL E PODERAÇÃO este plano foi elaborado com base no contingente populacional pautado diretamente no eleitorado, por tratar- se de um levantamento exclusivo de intenção de voto. Com base na eleição vindoura do próximo mês de outubro. Desta forma, baseado nos dados estatístico IBGE referente ao estudo, as quotas com o perfil das pessoas a serem entrevistado como poderá ser observado na tabela de estratificação. QUOTA DE SEXO: com 51,2% de coleta entre as mulheres, o que equivale a (643) amostras e o restante (613) feita no segmento masculino 48,8% do eleitorado do estado de Rondônia. IDADE: a faixa etária ficou definida em cinco categorias à saber: de  (20,4%), equivalente  (25,1%)  (22,1%) equivalente a  (20,6%) equivalente   (11,8%)  totalizando assim as entrevistas estratificadas em todo o universo sondado. GRAU DE INSTRUÇÃO: nas devidas proporções apresentadas na tabela do IBGE. Estabelecendo-se assim a margem de erro e nível de confiança. Por outro lado, adequamos a escolha dos bairros dentro da proporcionalidade populacional de cada microrregião geograficamente delimitada. Como também poderá ser visto. Na tabela das regionais e municipais contempladas conforme sua devida densidade eleitoral, mantendo-se assim a proporção no peso amostral de cada unidade regional. Desta forma a amostragem será produzida pelos questionários feitos a base de entrevistas individuais, nos variados setores censitários estratificados, tendo-se como o UNIVERSO da pesquisa os eleitores do estado respaldado no contingente total do Amazonas. Dos quais serão retiradas estas amostras em quantidade representativa, obedecendo aos critérios acima exposto. O intervalo de confiança é de 96%o que significa dizer que em 100 trabalhos desta natureza, somente (04) poderão apresentar uma variação fora do previsto. Margem de erro: para mais ou para menos 2,83% de acordo com a tabela fornecida pelo estatístico responsável. Augusto da Silva Rocha, inscrito no CORRE (1) sob o número 7655-A  ";"Sistema interno de controle e verificação, conferência e fiscalização da coleta de dados e do trabalho de campo:  Sistema interno de controle e verificação, conferência e fiscalização da coleta de dados e do trabalho de campo: Sistema interno de controle e verificação, conferência e fiscalização da coleta dos dados de campo: Como variáveis de controle, seguimos à risca neste trabalho a recomendação da Lei Eleitoral Vigente, que estabelece como padrões de controle as variáveis dentro dos percentuais apresentados pelo IBGE nas últimas aferições dos sensos populacionais. Assim enquadramos religiosamente dentro da variável de faixa etária e quota de sexo. O índice amostral que determinarão a ponderação da variável. Respeitando as variações permitida, nunca superiores a margem de erro estabelecido. Quanto a área física em cada bairro será escolhida, as ruas em proporção ao número de amostra de cada unidade, de formas a mapeamos na proporção equiprobabilística. Dentre as cinco classes socioeconômicas definidas A. B. C. D. e E. como também o nível escolaridade dos entrevistados, em número de quatro classes, a saber: superior Completo ou incompleto, básico, primário ou fundamental e semianalfabeta ou analfabeto funcionais, encaixados dentro das proporções do último senso demográfico, funcionando como variáveis decorrentes e não de controle excepcionalmente. As religiões dos entrevistados não requerem qualquer controle, visto que serão elementos somente passiveis ou acompanhamento, desta forma não entram na pauta de controle das informações apreendidas. Na conferência de questionários e revisão de dados se faz de imediato após a coleta de campo, em aproximadamente 15% dos questionários tendo em vista a relação de telefones, ou e-mail fornecidas por parte dos respondentes, tendo em vista também averiguar possíveis irregularidades na coleta ou mesmo no preenchimento dos dados fornecidos. A relação dos bairros com seus respectivos números de amostra serão enviados posteriormente, logo após sejam catalogados todas as amostras planejadas. Questionário (vide copia anexa). Nota: embora a amostragem tenha sido enquadrada proporcionalmente nas devidas faixas de controle, no concernente as variáveis de classe socioeconômica e instrução escolar, possa haver sempre algumas oscilações de faixa, em razão das fontes oficias estarem sempre desatualizadas e as mudanças serem bastante evolutivas de formas a não comprometer a essência dos resultados finais. Assim levamos em conta também dados de outros trabalhos e levantamentos sociológicos feito na região nos últimos anos. Dados relativos aos municípios e bairros abrangidos pala pesquisa. Na ausência de delimitação do bairro, será identificada a área em que foi realizada a pesquisa (6º do art.2º da Resolução- TSE nº 23.453/2015. Até o sétimo dia seguinte ao registro da pesquisa, será ele complementado com os dados. Dados relativos aos municípios e bairros abrangidos pela pesquisa. Na ausência de delimitação do bairro, será identificada a área em que foi realizada a pesquisa (conforme §6º. do art. 2º. da Resolução-TSE nº. 23.549/2017, Até o sétimo dia seguinte ao registro da pesquisa, será ele complementado com os dados relativos aos bairros abrangidos. na ausência de delimitação do bairro, será identificada a área em que foi realizada):    Dados relativos aos municípios e bairros abrangidos pela pesquisa. Na ausência de delimitação do bairro, será identificada a área em que foi realizada a pesquisa(conforme §6º. do art. 2º. da Resolução-TSE nº. 23.549/2017, Até o sétimo dia seguinte ao registro da pesquisa, será ele complementado com os dados relativos aos bairros abrangidos. na ausência de delimitação do bairro, será identificada a área em que foi realizada):      ";"Obs. relação de municípios serão anexados posteriormente "
"24/08/2022";"00:10:36";"2018";"5";"Eleições Gerais 2018";"RO";"RO";"RONDÔNIA";"RO099682018";"08/10/2018";"04942645000102";"J J COELHO";"INSTITUTO PHOENIX & ASSOCIADOS";"Governador";"09/10/2018";"11/10/2018";"901";"7655-A";"Augusto da Silva Rocha ";"8000,00";"22969490000171";"HEITOR DE SOUZA SOARES 01468649132 / HSS ASSESSORIA E CONSULTORIA";"Recursos Próprios";"04942645000102";"J J COELHO";"Metodologia de pesquisa:  Metodologia de pesquisa: METODOLOGIA UTILIZADA para unidade federativa do Estado de Rondônia. No DESENVOLVIMENTO DESTA SONDAGEM O objetivo principal desta pesquisa e identificar as intenções de voto, para o pleito majoritário e proporcional, averiguando as devidas tendências. MÉTODO: PROBABILIÍSTICO ESTRATIFICADO COM SORTEIO DE MULTIPLOS ESTÁGIO. Por tratar-se de um estudo descritivo, com característica de um público conhecido, desenvolvemos um método direto, através da amostragem probabilística. Assim na abrangência da área geográfica aplicamos um percentual pré-definido nas proporções do universo dos eleitores, baseando-se também nos percentuais eleitorais para cada micro setor da região pesquisada. De acordo com as tabelas apresentadas. O critério de seleção obedece às informações e dados do TRE e IBGE. As entrevistas serão na quase totalidade efetuadas nos domicílios dos eleitores, após a certificação de que os mesmos votam no Estado e se dispõe a responderes as perguntas apresentadas. Selecionamos (12). Municípios das diversas regiões sorteadas entre aproximadamente 74,4% dos votos das unidades de maiores pesos populacional. Que resulta em mais de 2/3 dá abrangência da população e, por conseguinte do contingente eleitoral de todo estado. Para atingirmos os propósitos deste estudo utilizamos a técnica de pesquisa por amostragem, que reside na apreensão sistemática e extensiva das tendências dos indivíduos inserido no universo pesquisado e que integra a realidade a ser investigada. A validade deste tipo de pesquisa está na possibilidade de se aferir a intensidade de tendências, permitindo a coleta de dados utilizando de um formulário de questionamento misto contendo algumas perguntas estimulada (optativas) e outras semiabertas de caráter mais informativo. Este último tipo de questão permite que se evite indução da resposta, assim, como possibilita que se tenha conhecimento dos quadros de referência dos entrevistados.com isso, obtêm-se também posições qualitativas das opiniões coletadas e que permitam aos interessados: traçar perfis, avaliar gestões e serviço. identificação e desempenho das lideranças, em estudo pelo cruzamento das respostas obtidas. UNIVERSO da pesquisa será constituído pelos eleitores da unidade federativa segmentada pelos variáveis de sexo e faixa etárias e área geográfica definidas a partir da idade 16 anos, integrantes de todas as camadas socioeconômica do estado. Colocamos em campo agente com razoável instrução com nível médio, treinados para o fim especifico, supervisionado por chefe de equipe que acima de tudo primam pela neutralidade dos dados a ser apreendidos. O trabalho terá a duração de até cinco dias programados de acordo com o cronograma de serviços e mais ate (02) dias ininterruptos, serão empregados na tarefa de: Revisão. Processamento e tabulação geral, dos (901) questionários, aplicados. Finalizando assim com a publicação dos dados, em tempo hábil, salvo se algum acidente de percurso, que possa naturalmente retardar a coleta de dados em campo. Quanto a estratificação das quotas: consiste em si determinar o bairro ou setores censitários por sorteio, determinando ao agente coletor a quantidade de entrevistas para cada período diário e o percentual por faixa etária e sexo tornando assim a amostragem equiprobabilística. EQUIPE: Um grupo de (08) agentes pesquisadores realizara a coleta de dados em campo, nos bairros e localidades sorteadas, dentre os limites dos municípios, coletando assim as entrevistas que haverão de compor a amostragem prevista.  ";"Plano amostral e ponderação quanto a sexo, idade, grau de instrução e nível econômico do entrevistado. intervalo de confiança e margem de erro:  Plano amostral e ponderação quanto a sexo, idade, grau de instrução e nível econômico do entrevistado. intervalo de confiança e margem de erro: Plano amostral e ponderação quanto a sexo, idade, grau de instrução nível econômico do entrevistado. intervalo de confiança e margem de erro: PLANO AMOSTRAL E PODERAÇÃO) a quota de sexo, idade, grau de instrução e nível econômico do entrevistados: intervalo de confiança e margem de erro. plano amostral e ponderação quanto a sexo, idade, a faixa etária ficou definida em cinco categoria: de 16 a 24 anos 20,4% 164 amostras de 25 a 34 anos. 25,1% 202 amostras de 35 a 44 anos 22,1%178 amostra grau de instrução nível econômico do entrevistado. intervalo de confiança e margem de erro: PLANO AMOSTRAL E PODERAÇÃO este plano foi elaborado com base no contingente populacional pautado diretamente no eleitorado, por tratar- se de um levantamento exclusivo de intenção de voto. Com base na eleição vindoura do próximo mês de outubro. Desta forma, baseado nos dados estatístico IBGE referente ao estudo, as quotas com o perfil das pessoas a serem entrevistado como poderá ser observado na tabela de estratificação. QUOTA DE SEXO: com 51,2% de coleta entre as mulheres, o que equivale a quatrocentos e doze amostras e o restante (trezentos e noventa e três) feita no segmento masculino 48,8% do eleitorado do estado Rondoniense . IDADE: a faixa etária ficou definida em cinco categorias à saber: de 16 a 24 anos (20,4%), equivalente a 64 amostras. de 25 a 34 anos (25,1%) equivalente a 202 amostras. de 35 44 anos (22,1%) equivalente a 178 amostras. de 45 a 60 anos (20,6%) equivalente a 166 amostras e aos eleitores acimas de 60 anos (11,8%) o que equivale a 95 amostras totalizando assim as entrevistas estratificadas em todo o universo sondado. GRAU DE INSTRUÇÃO: nas devidas proporções apresentadas na tabela do IBGE. Estabelecendo-se assim a margem de erro e nível de confiança. Por outro lado, adequamos a escolha dos bairros dentro da proporcionalidade populacional de cada microrregião geograficamente delimitada. Como também poderá ser visto. Na tabela das regionais e municipais contempladas conforme sua devida densidade eleitoral, mantendo-se assim a proporção no peso amostral de cada unidade regional. Desta forma a amostragem será produzida pelos questionários feitos a base de entrevistas individuais, nos variados setores censitários estratificados, tendo-se como o UNIVERSO da pesquisa os eleitores do estado respaldado no contingente total de Rondônia . Dos quais serão retiradas estas amostras em quantidade representativa, obedecendo aos critérios acima exposto. O intervalo de confiança é de 96%o que significa dizer que em 100 trabalhos desta natureza, somente (04) poderão apresentar uma variação fora do previsto. Margem de erro: para mais ou para menos 2,83% de acordo com a tabela fornecida pelo estatístico responsável. Augusto da Silva Rocha, inscrito no CORRE (1) sob o número 7655-A      ";"Sistema interno de controle e verificação, conferência e fiscalização da coleta de dados e do trabalho de campo:  Sistema interno de controle e verificação, conferência e fiscalização da coleta de dados e do trabalho de campo: Sistema interno de controle e verificação, conferência e fiscalização da coleta dos dados de campo: Como variáveis de controle, seguimos à risca neste trabalho a recomendação da Lei Eleitoral Vigente, que estabelece como padrões de controle as variáveis dentro dos percentuais apresentados pelo IBGE nas últimas aferições dos sensos populacionais. Assim enquadramos religiosamente dentro da variável de faixa etária e quota de sexo. O índice amostral que determinarão a ponderação da variável. Respeitando as variações permitida, nunca superiores a margem de erro estabelecido. Quanto a área física em cada bairro será escolhida, as ruas em proporção ao número de amostra de cada unidade, de formas a mapeamos na proporção equiprobabilística. Dentre as cinco classes socioeconômicas definidas A. B. C. D. e E. como também o nível escolaridade dos entrevistados, em número de quatro classes, a saber: superior Completo ou incompleto, básico, primário ou fundamental e semianalfabeta ou analfabeto funcionais, encaixados dentro das proporções do último senso demográfico, funcionando como variáveis decorrentes e não de controle excepcionalmente. As religiões dos entrevistados não requerem qualquer controle, visto que serão elementos somente passiveis ou acompanhamento, desta forma não entram na pauta de controle das informações apreendidas. Na conferência de questionários e revisão de dados se faz de imediato após a coleta de campo, em aproximadamente 15% dos questionários tendo em vista a relação de telefones, ou e-mail fornecidas por parte dos respondentes, tendo em vista também averiguar possíveis irregularidades na coleta ou mesmo no preenchimento dos dados fornecidos. A relação dos bairros com seus respectivos números de amostra serão enviados posteriormente, logo após sejam catalogados todas as amostras planejadas. Questionário (vide copia anexa). Nota: embora a amostragem tenha sido enquadrada proporcionalmente nas devidas faixas de controle, no concernente as variáveis de classe socioeconômica e instrução escolar, possa haver sempre algumas oscilações de faixa, em razão das fontes oficias estarem sempre desatualizadas e as mudanças serem bastante evolutivas de formas a não comprometer a essência dos resultados finais. Assim levamos em conta também dados de outros trabalhos e levantamentos sociológicos feito na região nos últimos anos. Dados relativos aos municípios e bairros abrangidos pala pesquisa. Na ausência de delimitação do bairro, será identificada a área em que foi realizada a pesquisa (6º do art.2º da Resolução- TSE nº 23.453/2015. Até o sétimo dia seguinte ao registro da pesquisa, será ele complementado com os dados. Dados relativos aos municípios e bairros abrangidos pela pesquisa. Na ausência de delimitação do bairro, será identificada a área em que foi realizada a pesquisa (conforme §6º. do art. 2º. da Resolução-TSE nº. 23.549/2017, Até o sétimo dia seguinte ao registro da pesquisa, será ele complementado com os dados relativos aos bairros abrangidos. na ausência de delimitação do bairro, será identificada a área em que foi realizada):    Dados relativos aos municípios e bairros abrangidos pela pesquisa. Na ausência de delimitação do bairro, será identificada a área em que foi realizada a pesquisa(conforme §6º. do art. 2º. da Resolução-TSE nº. 23.549/2017, Até o sétimo dia seguinte ao registro da pesquisa, será ele complementado com os dados relativos aos bairros abrangidos. na ausência de delimitação do bairro, será identificada a área em que foi realizada):  ";"Obs. relação de municípios serão anexados posteriormente"
