"DT_GERACAO";"HH_GERACAO";"AA_ELEICAO";"CD_ELEICAO";"NM_ELEICAO";"SG_UF";"SG_UE";"NM_UE";"NR_PROTOCOLO_REGISTRO";"DT_REGISTRO";"NR_CNPJ_EMPRESA";"NM_EMPRESA";"NM_EMPRESA_FANTASIA";"DS_CARGOS";"DT_INICIO_PESQUISA";"DT_FIM_PESQUISA";"QT_ENTREVISTADOS";"CD_CONRE";"NM_ESTATISTICO_RESP";"VR_PESQUISA";"NR_CPF_CNPJ_CONTRATANTE";"NM_CONTRATANTE";"DS_ORIGEM_RECURSO";"NR_CPF_CNPJ_PAGANTE";"NM_PAGANTE_PESQUISA";"DS_METODOLOGIA_PESQUISA";"DS_PLANO_AMOSTRAL";"DS_SISTEMA_CONTROLE";"DS_DADO_MUNICIPIO"
"24/08/2022";"00:10:36";"2018";"5";"Eleições Gerais 2018";"PE";"PE";"PERNAMBUCO";"PE000062018";"14/08/2018";"68802370000186";"IBOPE INTELIGENCIA PESQUISA E CONSULTORIA LTDA";"#NULO#";"Governador, Senador";"14/08/2018";"20/08/2018";"1204";"6208-A";"Márcia Cavallari Nunes";"90164,61";"10798130000175";"EDITORA JORNAL DO COMMERCIO S.A";"Recursos Próprios";"68802370000186";"IBOPE INTELIGENCIA PESQUISA E CONSULTORIA LTDA";"Pesquisa quantitativa, que consiste na realização de entrevistas pessoais, com a aplicação de questionário estruturado junto a uma amostra representativa do eleitorado em estudo. Pesquisa realizada no estado de Pernambuco.";"Representativo do eleitorado da área em estudo, elaborada em três estágios. No primeiro estágio faz-se um sorteio probabilístico dos municípios, onde as entrevistas serão realizadas, pelo método PPT (Probabilidade Proporcional ao Tamanho), tomando o eleitorado como base para tal seleção. No segundo estágio faz-se um sorteio probabilístico dos setores censitários, onde as entrevistas serão realizadas, pelo método PPT (Probabilidade Proporcional ao Tamanho), tomando a população de 16 anos ou mais residente nos setores como base para tal seleção. No terceiro e último estágio, dentro dos setores sorteados, os respondentes são selecionados através de quotas amostrais proporcionais em função de variáveis significativas, a saber: IDADE: 16-24 (masculino) 19% (feminino) 17%. 25-34 (masculino) 23% (feminino) 22%. 35-44 (masculino) 22% (feminino) 21%. 45-54 (masculino) 17% (feminino) 18%. 55 e+ (masculino) 19% (feminino) 22%. INSTRUÇÃO: Até Ensino Médio (masculino) 86% (feminino) 81%. Ensino Superior (masculino) 14% (feminino) 19%. NÍVEL ECONÔMICO: Economicamente ativo (masculino) 66% (feminino) 42%. Não Economicamente ativo (masculino) 34% (feminino) 58%. Está prevista eventual ponderação para correção das variáveis sexo e idade, com base nos percentuais anteriormente mencionados, caso ocorram diferenças superiores a 3 pontos percentuais entre o previsto na amostra e a coleta de dados realizada. Para as variáveis de grau de instrução e nível econômico do entrevistado, o fator previsto para ponderação é 1 (resultados obtidos em campo). O nível de confiança estimado é de 95% e a margem de erro máxima estimada considerando um modelo de amostragem aleatório simples, é de 03 (três) pontos percentuais para mais ou para menos sobre os resultados encontrados no total da amostra. FONTE DOS DADOS: Censo 2010 | PNADC 2016 | TSE 2018.";"Para a realização da pesquisa, utiliza-se uma equipe de entrevistadores e supervisores contratados pelo IBOPE INTELIGÊNCIA PESQUISA E CONSULTORIA LTDA. devidamente treinados para o trabalho. Após os trabalhos de campo, os questionários são submetidos a uma fiscalização de cerca de 20% (vinte por cento) dos questionários aplicados pelos entrevistadores. para verificação das respostas e da adequação dos entrevistados aos parâmetros amostrais.";"A área de abrangência da coleta é Pernambuco. A relação das localidades selecionadas para aplicação da amostra será apresentada até o 7º dia seguinte ao registro da pesquisa, conforme expresso no art. 2º, §6º da Resolução 23.549/2017 do TSE.    "
"24/08/2022";"00:10:36";"2018";"5";"Eleições Gerais 2018";"PE";"PE";"PERNAMBUCO";"PE000062018";"14/08/2018";"68802370000186";"IBOPE INTELIGENCIA PESQUISA E CONSULTORIA LTDA";"#NULO#";"Governador, Senador";"14/08/2018";"20/08/2018";"1204";"6208-A";"Márcia Cavallari Nunes";"90164,61";"27865757000102";"GLOBO COMUNICACAO E PARTICIPACOES S/A / GCP,TV GLOBO, REDE GLOBO, GLOBO.COM, SOM LIVRE";"Recursos Próprios";"68802370000186";"IBOPE INTELIGENCIA PESQUISA E CONSULTORIA LTDA";"Pesquisa quantitativa, que consiste na realização de entrevistas pessoais, com a aplicação de questionário estruturado junto a uma amostra representativa do eleitorado em estudo. Pesquisa realizada no estado de Pernambuco.";"Representativo do eleitorado da área em estudo, elaborada em três estágios. No primeiro estágio faz-se um sorteio probabilístico dos municípios, onde as entrevistas serão realizadas, pelo método PPT (Probabilidade Proporcional ao Tamanho), tomando o eleitorado como base para tal seleção. No segundo estágio faz-se um sorteio probabilístico dos setores censitários, onde as entrevistas serão realizadas, pelo método PPT (Probabilidade Proporcional ao Tamanho), tomando a população de 16 anos ou mais residente nos setores como base para tal seleção. No terceiro e último estágio, dentro dos setores sorteados, os respondentes são selecionados através de quotas amostrais proporcionais em função de variáveis significativas, a saber: IDADE: 16-24 (masculino) 19% (feminino) 17%. 25-34 (masculino) 23% (feminino) 22%. 35-44 (masculino) 22% (feminino) 21%. 45-54 (masculino) 17% (feminino) 18%. 55 e+ (masculino) 19% (feminino) 22%. INSTRUÇÃO: Até Ensino Médio (masculino) 86% (feminino) 81%. Ensino Superior (masculino) 14% (feminino) 19%. NÍVEL ECONÔMICO: Economicamente ativo (masculino) 66% (feminino) 42%. Não Economicamente ativo (masculino) 34% (feminino) 58%. Está prevista eventual ponderação para correção das variáveis sexo e idade, com base nos percentuais anteriormente mencionados, caso ocorram diferenças superiores a 3 pontos percentuais entre o previsto na amostra e a coleta de dados realizada. Para as variáveis de grau de instrução e nível econômico do entrevistado, o fator previsto para ponderação é 1 (resultados obtidos em campo). O nível de confiança estimado é de 95% e a margem de erro máxima estimada considerando um modelo de amostragem aleatório simples, é de 03 (três) pontos percentuais para mais ou para menos sobre os resultados encontrados no total da amostra. FONTE DOS DADOS: Censo 2010 | PNADC 2016 | TSE 2018.";"Para a realização da pesquisa, utiliza-se uma equipe de entrevistadores e supervisores contratados pelo IBOPE INTELIGÊNCIA PESQUISA E CONSULTORIA LTDA. devidamente treinados para o trabalho. Após os trabalhos de campo, os questionários são submetidos a uma fiscalização de cerca de 20% (vinte por cento) dos questionários aplicados pelos entrevistadores. para verificação das respostas e da adequação dos entrevistados aos parâmetros amostrais.";"A área de abrangência da coleta é Pernambuco. A relação das localidades selecionadas para aplicação da amostra será apresentada até o 7º dia seguinte ao registro da pesquisa, conforme expresso no art. 2º, §6º da Resolução 23.549/2017 do TSE.    "
"24/08/2022";"00:10:36";"2018";"5";"Eleições Gerais 2018";"PE";"PE";"PERNAMBUCO";"PE002402018";"30/08/2018";"68802370000186";"IBOPE INTELIGENCIA PESQUISA E CONSULTORIA LTDA";"#NULO#";"Governador, Senador";"30/08/2018";"05/09/2018";"1204";"6208-A ";"Márcia Cavallari Nunes";"90164,61";"10798130000175";"EDITORA JORNAL DO COMMERCIO S.A / ";"Recursos Próprios";"68802370000186";"IBOPE INTELIGENCIA PESQUISA E CONSULTORIA LTDA";"Pesquisa quantitativa, que consiste na realização de entrevistas pessoais, com a aplicação de questionário estruturado junto a uma amostra representativa do eleitorado em estudo. Pesquisa realizada no estado de Pernambuco.";"Representativo do eleitorado da área em estudo, elaborada em três estágios. No primeiro estágio faz-se um sorteio probabilístico dos municípios, onde as entrevistas serão realizadas, pelo método PPT (Probabilidade Proporcional ao Tamanho), tomando o eleitorado como base para tal seleção. No segundo estágio faz-se um sorteio probabilístico dos setores censitários, onde as entrevistas serão realizadas, pelo método PPT (Probabilidade Proporcional ao Tamanho), tomando a população de 16 anos ou mais residente nos setores como base para tal seleção. No terceiro e último estágio, dentro dos setores sorteados, os respondentes são selecionados através de quotas amostrais proporcionais em função de variáveis significativas, a saber: IDADE: 16-24 (masculino) 19% (feminino) 17%. 25-34 (masculino) 23% (feminino) 22%. 35-44 (masculino) 22% (feminino) 21%. 45-54 (masculino) 17% (feminino) 18%. 55 e+ (masculino) 19% (feminino) 22%. INSTRUÇÃO: Até Ensino Médio (masculino) 86% (feminino) 81%. Ensino Superior (masculino) 14% (feminino) 19%. NÍVEL ECONÔMICO: Economicamente ativo (masculino) 66% (feminino) 42%. Não Economicamente ativo (masculino) 34% (feminino) 58%. Está prevista eventual ponderação para correção das variáveis sexo e idade, com base nos percentuais anteriormente mencionados, caso ocorram diferenças superiores a 3 pontos percentuais entre o previsto na amostra e a coleta de dados realizada. Para as variáveis de grau de instrução e nível econômico do entrevistado, o fator previsto para ponderação é 1 (resultados obtidos em campo). O nível de confiança estimado é de 95% e a margem de erro máxima estimada considerando um modelo de amostragem aleatório simples, é de 03 (três) pontos percentuais para mais ou para menos sobre os resultados encontrados no total da amostra. FONTE DOS DADOS: Censo 2010 | PNADC 2016 | TSE 2018.";"Para a realização da pesquisa, utiliza-se uma equipe de entrevistadores e supervisores contratados pelo IBOPE INTELIGÊNCIA PESQUISA E CONSULTORIA LTDA. devidamente treinados para o trabalho. Após os trabalhos de campo, os questionários são submetidos a uma fiscalização de cerca de 20% (vinte por cento) dos questionários aplicados pelos entrevistadores. para verificação das respostas e da adequação dos entrevistados aos parâmetros amostrais.";"A área de abrangência da coleta é Pernambuco. A relação das localidades selecionadas para aplicação da amostra será apresentada até o 7º dia seguinte ao registro da pesquisa, conforme expresso no art. 2º, §6º da Resolução 23.549/2017 do TSE."
"24/08/2022";"00:10:36";"2018";"5";"Eleições Gerais 2018";"PE";"PE";"PERNAMBUCO";"PE002402018";"30/08/2018";"68802370000186";"IBOPE INTELIGENCIA PESQUISA E CONSULTORIA LTDA";"#NULO#";"Governador, Senador";"30/08/2018";"05/09/2018";"1204";"6208-A ";"Márcia Cavallari Nunes";"90164,61";"27865757000102";"GLOBO COMUNICACAO E PARTICIPACOES S/A / GCP,TV GLOBO, REDE GLOBO, GLOBO.COM, SOM LIVRE";"Recursos Próprios";"68802370000186";"IBOPE INTELIGENCIA PESQUISA E CONSULTORIA LTDA";"Pesquisa quantitativa, que consiste na realização de entrevistas pessoais, com a aplicação de questionário estruturado junto a uma amostra representativa do eleitorado em estudo. Pesquisa realizada no estado de Pernambuco.";"Representativo do eleitorado da área em estudo, elaborada em três estágios. No primeiro estágio faz-se um sorteio probabilístico dos municípios, onde as entrevistas serão realizadas, pelo método PPT (Probabilidade Proporcional ao Tamanho), tomando o eleitorado como base para tal seleção. No segundo estágio faz-se um sorteio probabilístico dos setores censitários, onde as entrevistas serão realizadas, pelo método PPT (Probabilidade Proporcional ao Tamanho), tomando a população de 16 anos ou mais residente nos setores como base para tal seleção. No terceiro e último estágio, dentro dos setores sorteados, os respondentes são selecionados através de quotas amostrais proporcionais em função de variáveis significativas, a saber: IDADE: 16-24 (masculino) 19% (feminino) 17%. 25-34 (masculino) 23% (feminino) 22%. 35-44 (masculino) 22% (feminino) 21%. 45-54 (masculino) 17% (feminino) 18%. 55 e+ (masculino) 19% (feminino) 22%. INSTRUÇÃO: Até Ensino Médio (masculino) 86% (feminino) 81%. Ensino Superior (masculino) 14% (feminino) 19%. NÍVEL ECONÔMICO: Economicamente ativo (masculino) 66% (feminino) 42%. Não Economicamente ativo (masculino) 34% (feminino) 58%. Está prevista eventual ponderação para correção das variáveis sexo e idade, com base nos percentuais anteriormente mencionados, caso ocorram diferenças superiores a 3 pontos percentuais entre o previsto na amostra e a coleta de dados realizada. Para as variáveis de grau de instrução e nível econômico do entrevistado, o fator previsto para ponderação é 1 (resultados obtidos em campo). O nível de confiança estimado é de 95% e a margem de erro máxima estimada considerando um modelo de amostragem aleatório simples, é de 03 (três) pontos percentuais para mais ou para menos sobre os resultados encontrados no total da amostra. FONTE DOS DADOS: Censo 2010 | PNADC 2016 | TSE 2018.";"Para a realização da pesquisa, utiliza-se uma equipe de entrevistadores e supervisores contratados pelo IBOPE INTELIGÊNCIA PESQUISA E CONSULTORIA LTDA. devidamente treinados para o trabalho. Após os trabalhos de campo, os questionários são submetidos a uma fiscalização de cerca de 20% (vinte por cento) dos questionários aplicados pelos entrevistadores. para verificação das respostas e da adequação dos entrevistados aos parâmetros amostrais.";"A área de abrangência da coleta é Pernambuco. A relação das localidades selecionadas para aplicação da amostra será apresentada até o 7º dia seguinte ao registro da pesquisa, conforme expresso no art. 2º, §6º da Resolução 23.549/2017 do TSE."
"24/08/2022";"00:10:36";"2018";"5";"Eleições Gerais 2018";"PE";"PE";"PERNAMBUCO";"PE003382018";"31/08/2018";"07630546000175";"DATAFOLHA INSTITUTO DE PESQUISAS LTDA.";"#NULO#";"Governador, Senador";"04/09/2018";"06/09/2018";"1232";"72.49A";"Renata Nunes César";"252552,00";"27865757000102";"GLOBO COMUNICACAO E PARTICIPACOES S/A / GCP,TV GLOBO, REDE GLOBO, GLOBO.COM, SOM LIVRE";"Recursos Próprios";"07630546000175";"DATAFOLHA INSTITUTO DE PESQUISAS LTDA.";"Pesquisa do tipo quantitativo, por amostragem, com aplicação de questionário estruturado e abordagem pessoal em pontos de fluxo populacional. O conjunto do eleitorado do Estado de Pernambuco com 16 anos ou mais foi tomado como universo da pesquisa.";"Universo: Eleitorado do Estado de Pernambuco, com 16 anos ou mais. Tamanho da amostra: A amostra prevista é de 1232 entrevistas. Técnica de amostragem: A amostra é estratificada por natureza dos municípios (capital, região metropolitana ou interior). Em cada estrato, num primeiro estágio, são sorteados os municípios que farão parte do levantamento. Num segundo estágio, são sorteados os bairros e pontos de abordagem onde serão aplicadas as entrevistas.  Por fim, os entrevistados são selecionados aleatoriamente para responder ao questionário, de acordo com cotas de sexo e faixa etária. Nesta amostra, o estrato referente à capital foi desproporcionalizado para permitir detalhamento. Nos resultados finais, as corretas proporções serão restabelecidas através de ponderação. A amostra prevista é de 1232 questionários, sendo 406 na capital. Os dados utilizados para definição e seleção da amostra são baseados nos dados fornecidos pelo TSE ¿ Tribunal Superior Eleitoral (eleitorado de junho 2018) e IBGE (Estimativa 2018). Os dados relativos a sexo e faixa etária são: Sexo masculino 46%, feminino: 54%, 16 a 24 anos 17%, 25 a 34 anos 22%, 35 a 44 anos 21%, 45 a 59 anos 24% e 60 anos ou mais 16%. Ponderação dos resultados: No processamento dos dados é realizada ponderação referente à proporção de cada cidade na amostra para correta representação das regiões. Está prevista a eventual ponderação para correção nos tamanhos dos segmentos considerando as variáveis sexo e faixa etária. Para as variáveis grau de instrução e nível econômico do entrevistado (renda familiar mensal), o fator previsto para ponderação é 1 (resultados obtidos em campo).   Área física: Serão realizadas entrevistas em 50 municípios, localizados no Estado de Pernambuco. A relação completa dos municípios e bairros pesquisados será encaminhada a esse tribunal posteriormente até o sétimo dia seguinte à data de registro da pesquisa, conforme a Resolução 23.549/2017 do TSE, no art.2º §6º. Margem de Erro: A margem de erro máxima prevista é de 3 pontos percentuais para mais ou para menos, considerando um nível de confiança de 95%. Os intervalos de confiança serão calculados considerando os resultados obtidos para um nível de confiança de 95%.  ";"Os pesquisadores envolvidos na realização desta pesquisa são treinados pelo Instituto e recebem instruções específicas para cada projeto realizado. A coleta será feita com a utilização de tablet e questionário eletrônico. São checados, no mínimo, 30% dos questionários de cada pesquisador, seja in loco por supervisores de campo ou, posteriormente, por telefone. Internamente, todo o material é verificado e codificado. Antes do processamento final e emissão dos resultados, realiza-se processo de consistência dos dados.";"#NULO#"
"24/08/2022";"00:10:36";"2018";"5";"Eleições Gerais 2018";"PE";"PE";"PERNAMBUCO";"PE003382018";"31/08/2018";"07630546000175";"DATAFOLHA INSTITUTO DE PESQUISAS LTDA.";"#NULO#";"Governador, Senador";"04/09/2018";"06/09/2018";"1232";"72.49A";"Renata Nunes César";"252552,00";"60579703000148";"EMPRESA FOLHA DA MANHA S.A.";"Recursos Próprios";"07630546000175";"DATAFOLHA INSTITUTO DE PESQUISAS LTDA.";"Pesquisa do tipo quantitativo, por amostragem, com aplicação de questionário estruturado e abordagem pessoal em pontos de fluxo populacional. O conjunto do eleitorado do Estado de Pernambuco com 16 anos ou mais foi tomado como universo da pesquisa.";"Universo: Eleitorado do Estado de Pernambuco, com 16 anos ou mais. Tamanho da amostra: A amostra prevista é de 1232 entrevistas. Técnica de amostragem: A amostra é estratificada por natureza dos municípios (capital, região metropolitana ou interior). Em cada estrato, num primeiro estágio, são sorteados os municípios que farão parte do levantamento. Num segundo estágio, são sorteados os bairros e pontos de abordagem onde serão aplicadas as entrevistas.  Por fim, os entrevistados são selecionados aleatoriamente para responder ao questionário, de acordo com cotas de sexo e faixa etária. Nesta amostra, o estrato referente à capital foi desproporcionalizado para permitir detalhamento. Nos resultados finais, as corretas proporções serão restabelecidas através de ponderação. A amostra prevista é de 1232 questionários, sendo 406 na capital. Os dados utilizados para definição e seleção da amostra são baseados nos dados fornecidos pelo TSE ¿ Tribunal Superior Eleitoral (eleitorado de junho 2018) e IBGE (Estimativa 2018). Os dados relativos a sexo e faixa etária são: Sexo masculino 46%, feminino: 54%, 16 a 24 anos 17%, 25 a 34 anos 22%, 35 a 44 anos 21%, 45 a 59 anos 24% e 60 anos ou mais 16%. Ponderação dos resultados: No processamento dos dados é realizada ponderação referente à proporção de cada cidade na amostra para correta representação das regiões. Está prevista a eventual ponderação para correção nos tamanhos dos segmentos considerando as variáveis sexo e faixa etária. Para as variáveis grau de instrução e nível econômico do entrevistado (renda familiar mensal), o fator previsto para ponderação é 1 (resultados obtidos em campo).   Área física: Serão realizadas entrevistas em 50 municípios, localizados no Estado de Pernambuco. A relação completa dos municípios e bairros pesquisados será encaminhada a esse tribunal posteriormente até o sétimo dia seguinte à data de registro da pesquisa, conforme a Resolução 23.549/2017 do TSE, no art.2º §6º. Margem de Erro: A margem de erro máxima prevista é de 3 pontos percentuais para mais ou para menos, considerando um nível de confiança de 95%. Os intervalos de confiança serão calculados considerando os resultados obtidos para um nível de confiança de 95%.  ";"Os pesquisadores envolvidos na realização desta pesquisa são treinados pelo Instituto e recebem instruções específicas para cada projeto realizado. A coleta será feita com a utilização de tablet e questionário eletrônico. São checados, no mínimo, 30% dos questionários de cada pesquisador, seja in loco por supervisores de campo ou, posteriormente, por telefone. Internamente, todo o material é verificado e codificado. Antes do processamento final e emissão dos resultados, realiza-se processo de consistência dos dados.";"#NULO#"
"24/08/2022";"00:10:36";"2018";"5";"Eleições Gerais 2018";"PE";"PE";"PERNAMBUCO";"PE005152018";"20/07/2018";"13807655000118";"INSTITUTO DE PESQUISA MAURICIO DE NASSAU";"#NULO#";"Senador, Deputado Estadual, Deputado Federal";"23/07/2018";"23/07/2018";"480";"8394";"Carlos Antonio Gadelha Araújo Júnior";"14140,00";"13807655000118";"INSTITUTO DE PESQUISA MAURICIO DE NASSAU";"#NULO#";"13807655000118";"INSTITUTO DE PESQUISA MAURICIO DE NASSAU";"Pesquisa quantitativa, que consiste na realização de entrevistas face a face, com a aplicação de questionário estruturado junto a uma amostra representativa do eleitorado em estudo. O modelo de amostragem utilizado é o de amostragem aleatória estratificada em dois estágios. Para a estratificação foram considerados seis estratos de acordo com as RPA s (Região político-administrativa).";"Os setores censitários são agrupados em seis estratos segundo a RPA (Região político-administrativa) a qual o mesmo pertence. No primeiro estágio, para cada estrato, foram sorteados os setores censitários com probabilidade proporcional ao tamanho da população residente. Em seguida, no segundo estágio, é selecionado um número fixo de pessoas segundo quotas amostrais das variáveis sexo e idade com a seguinte distribuição: SEXO: Masculino IDADE: 16-24 6,6%, 25-34 9,7%, 35-44 9,5%, 45-59 11,8%, 60 ou mais 6,9%. SEXO: Feminino IDADE: 16-24 7,1%, 25-34 11,1%, 35-44 11,6%, 45-59 15,0%, 60 ou mais 10,5%. Para as demais variáveis está prevista a seguinte distribuição: GRAU DE INSTRUÇÃO: Até fundamental incompleto 24,0%, fundamental completo 17,7%, nível médio 39,5%, nível superior 18,8%. NÍVEL ECONÔMICO Até 2 SM 48,6%, 2-5 SM 44,3%, acima de 5 SM 7,1%. Para as variáveis sexo, idade, grau de instrução e nível econômico, o fator de ponderação é 1 (resultados obtidos no campo). O número de entrevistas foi estabelecido com base em uma amostragem aleatória simples com um nível estimado de 95% de confiança e uma margem de erro estimada de 4,5 pontos percentuais. A amostra foi definida com base nas fontes oficiais de dados: Censo IBGE, TSE e TRE.";"Utilização de uma equipe treinada e especializada para fazer a verificação por telefone de 20% dos questionários aplicados. Utilização de um supervisor em cada equipe de entrevistadores para fiscalização e orientação do trabalho de campo e implementação computacional de planos de consistência para digitação e codificação de questionários. Também é realizado um protocolo de verificação de consistência dos dados.";"A área de abrangência da pesquisa é o município de Recife. As entrevistas serão realizadas nos seguintes bairros: Boa Vista, Santo Amaro, Campo Grande, Encruzilhada, Água Fria, Arruda, Rosarinho, Alto José Bonifácio, Casa Amarela, Nova Descoberta, Alto José do Pinho, Aflitos, Espinheiro, Casa Forte, Cordeiro, Torre, Madalena, Prado, Iputinga, Várzea, Caxangá, Bongi, Mustardinha, Afogados, Areias, Curado, Jardim São Paulo, San Martin, Ibura, Ipsep, Imbiribeira, Pina, Boa Viagem, Cohab, Brasilia Teimosa, Jordão."
"24/08/2022";"00:10:36";"2018";"5";"Eleições Gerais 2018";"PE";"PE";"PERNAMBUCO";"PE013732018";"30/09/2018";"68802370000186";"IBOPE INTELIGENCIA PESQUISA E CONSULTORIA LTDA";"#NULO#";"Governador, Senador";"30/09/2018";"06/10/2018";"2002";"6208-A ";"Márcia Cavallari Nunes";"149924,88";"10798130000175";"EDITORA JORNAL DO COMMERCIO S.A / ";"Recursos Próprios";"68802370000186";"IBOPE INTELIGENCIA PESQUISA E CONSULTORIA LTDA";"Pesquisa quantitativa, que consiste na realização de entrevistas pessoais, com a aplicação de questionário estruturado junto a uma amostra representativa do eleitorado em estudo. Pesquisa realizada no estado de Pernambuco.";"Representativo do eleitorado da área em estudo, elaborada em três estágios. No primeiro estágio faz-se um sorteio probabilístico dos municípios, onde as entrevistas serão realizadas, pelo método PPT (Probabilidade Proporcional ao Tamanho), tomando o eleitorado como base para tal seleção. No segundo estágio faz-se um sorteio probabilístico dos setores censitários, onde as entrevistas serão realizadas, pelo método PPT (Probabilidade Proporcional ao Tamanho), tomando a população de 16 anos ou mais residente nos setores como base para tal seleção. No terceiro e último estágio, dentro dos setores sorteados, os respondentes são selecionados através de quotas amostrais proporcionais em função de variáveis significativas, a saber: IDADE: 16-24 (masculino) 19% (feminino) 17%. 25-34 (masculino) 23% (feminino) 22%. 35-44 (masculino) 22% (feminino) 21%. 45-54 (masculino) 17% (feminino) 18%. 55 e+ (masculino) 19% (feminino) 22%. INSTRUÇÃO: Até Ensino Médio (masculino) 86% (feminino) 81%. Ensino Superior (masculino) 14% (feminino) 19%. NÍVEL ECONÔMICO: Economicamente ativo (masculino) 66% (feminino) 42%. Não Economicamente ativo (masculino) 34% (feminino) 58%. Está prevista eventual ponderação para correção das variáveis sexo e idade, com base nos percentuais anteriormente mencionados, caso ocorram diferenças superiores a 3 pontos percentuais entre o previsto na amostra e a coleta de dados realizada. Para as variáveis de grau de instrução e nível econômico do entrevistado, o fator previsto para ponderação é 1 (resultados obtidos em campo). O nível de confiança estimado é de 95% e a margem de erro máxima estimada considerando um modelo de amostragem aleatório simples, é de 02 (dois) pontos percentuais para mais ou para menos sobre os resultados encontrados no total da amostra. FONTE DOS DADOS: Censo 2010 | PNADC 2016 | TSE 2018.";"Para a realização da pesquisa, utiliza-se uma equipe de entrevistadores e supervisores contratados pelo IBOPE INTELIGÊNCIA PESQUISA E CONSULTORIA LTDA. devidamente treinados para o trabalho. Após os trabalhos de campo, os questionários são submetidos a uma fiscalização de cerca de 20% (vinte por cento) dos questionários aplicados pelos entrevistadores. para verificação das respostas e da adequação dos entrevistados aos parâmetros amostrais.";"A área de abrangência da coleta é o estado de Pernambuco. A relação das localidades selecionadas para aplicação da amostra será apresentada até o 7º dia seguinte ao registro da pesquisa, conforme expresso no art. 2º, §6º da Resolução 23.549/2017 do TSE."
"24/08/2022";"00:10:36";"2018";"5";"Eleições Gerais 2018";"PE";"PE";"PERNAMBUCO";"PE013732018";"30/09/2018";"68802370000186";"IBOPE INTELIGENCIA PESQUISA E CONSULTORIA LTDA";"#NULO#";"Governador, Senador";"30/09/2018";"06/10/2018";"2002";"6208-A ";"Márcia Cavallari Nunes";"149924,88";"27865757000102";"GLOBO COMUNICACAO E PARTICIPACOES S/A / GCP,TV GLOBO, REDE GLOBO, GLOBO.COM, SOM LIVRE";"Recursos Próprios";"68802370000186";"IBOPE INTELIGENCIA PESQUISA E CONSULTORIA LTDA";"Pesquisa quantitativa, que consiste na realização de entrevistas pessoais, com a aplicação de questionário estruturado junto a uma amostra representativa do eleitorado em estudo. Pesquisa realizada no estado de Pernambuco.";"Representativo do eleitorado da área em estudo, elaborada em três estágios. No primeiro estágio faz-se um sorteio probabilístico dos municípios, onde as entrevistas serão realizadas, pelo método PPT (Probabilidade Proporcional ao Tamanho), tomando o eleitorado como base para tal seleção. No segundo estágio faz-se um sorteio probabilístico dos setores censitários, onde as entrevistas serão realizadas, pelo método PPT (Probabilidade Proporcional ao Tamanho), tomando a população de 16 anos ou mais residente nos setores como base para tal seleção. No terceiro e último estágio, dentro dos setores sorteados, os respondentes são selecionados através de quotas amostrais proporcionais em função de variáveis significativas, a saber: IDADE: 16-24 (masculino) 19% (feminino) 17%. 25-34 (masculino) 23% (feminino) 22%. 35-44 (masculino) 22% (feminino) 21%. 45-54 (masculino) 17% (feminino) 18%. 55 e+ (masculino) 19% (feminino) 22%. INSTRUÇÃO: Até Ensino Médio (masculino) 86% (feminino) 81%. Ensino Superior (masculino) 14% (feminino) 19%. NÍVEL ECONÔMICO: Economicamente ativo (masculino) 66% (feminino) 42%. Não Economicamente ativo (masculino) 34% (feminino) 58%. Está prevista eventual ponderação para correção das variáveis sexo e idade, com base nos percentuais anteriormente mencionados, caso ocorram diferenças superiores a 3 pontos percentuais entre o previsto na amostra e a coleta de dados realizada. Para as variáveis de grau de instrução e nível econômico do entrevistado, o fator previsto para ponderação é 1 (resultados obtidos em campo). O nível de confiança estimado é de 95% e a margem de erro máxima estimada considerando um modelo de amostragem aleatório simples, é de 02 (dois) pontos percentuais para mais ou para menos sobre os resultados encontrados no total da amostra. FONTE DOS DADOS: Censo 2010 | PNADC 2016 | TSE 2018.";"Para a realização da pesquisa, utiliza-se uma equipe de entrevistadores e supervisores contratados pelo IBOPE INTELIGÊNCIA PESQUISA E CONSULTORIA LTDA. devidamente treinados para o trabalho. Após os trabalhos de campo, os questionários são submetidos a uma fiscalização de cerca de 20% (vinte por cento) dos questionários aplicados pelos entrevistadores. para verificação das respostas e da adequação dos entrevistados aos parâmetros amostrais.";"A área de abrangência da coleta é o estado de Pernambuco. A relação das localidades selecionadas para aplicação da amostra será apresentada até o 7º dia seguinte ao registro da pesquisa, conforme expresso no art. 2º, §6º da Resolução 23.549/2017 do TSE."
"24/08/2022";"00:10:36";"2018";"5";"Eleições Gerais 2018";"PE";"PE";"PERNAMBUCO";"PE023522018";"27/08/2018";"29842579000111";"REAL TIME BIG DATA GESTAO DE DADOS LTDA.";"REAL TIME BIG DATA";"Governador, Senador";"31/08/2018";"01/09/2018";"1200";"7655";"Augusto da Silva Rocha";"15000,00";"29842579000111";"REAL TIME BIG DATA GESTAO DE DADOS LTDA.";"#NULO#";"29842579000111";"REAL TIME BIG DATA GESTAO DE DADOS LTDA.";"Pesquisa quantitativa, que consiste na realização de entrevistas por telefone, com a aplicação de questionário estruturado junto a uma amostra, representativa do eleitorado em estudo.";"Universo: 6.570.072 eleitores (TSE). Amostra: 1200 entrevistas. Nível de Confiança: 95%. Margem de Erro: até 3 pontos percentuais para mais ou para menos. Divisão Censitária. Ponderação quanto ao sexo e faixa etária: Masculino de 16 a 24 anos (8,0%), Masculino de 25 a 34 anos (10,4%), Masculino de 35 a 44 anos (9,9%), Masculino de 45 a 59 anos (10,7%) e Masculino acima de 59 anos (7,3%). Feminino de 16 a 24 anos (8,5%), Feminino de 25 a 34 anos (11,6%), Feminino de 35 a 44 anos (11,2%), Feminino de 45 a 59 anos (13,0%) e Feminino acima de 59 anos (9,4%). Ponderação quanto ao nível de instrução: 33,3% de Analfabeto / Fundamental Incompleto, 18,2% de Lê e escreve / Fundamental Completo, 36,6% de Médio Incompleto / Médio Completo e 11,8% de Superior Incompleto / Superior Completo. Ponderação quanto a distribuição por renda mensal domiciliar: 38,0% até 1 SM, 27,7% de 1 até 2 SM, 23,1% de 2 até 5 SM, 6,8% de 5 até 10 SM e 4,3% acima de 10 SM.";"Checagem de 20% da amostra efetuada pelos supervisores. Todos os entrevistadores foram amplamente treinados e orientados tanto teoricamente quanto praticamente sobre suas responsabilidade e funções, respeitando as cotas pré-estabelecidas. A equipe está dividida em coordenadoria-geral / supervisores / entrevistadores.";"Em anexo."
"24/08/2022";"00:10:36";"2018";"5";"Eleições Gerais 2018";"PE";"PE";"PERNAMBUCO";"PE026482018";"06/06/2018";"10575983000148";"DATAMETRICA PESQUISA DE OPINIAO E CONSULTORIA LTDA";"DATAMETRICA PESQUISA E CONSULTORIA";"Governador, Senador";"08/06/2018";"09/06/2018";"600";"10565";"João Paulo Campos";"12000,00";"10575983000148";"DATAMETRICA PESQUISA DE OPINIAO E CONSULTORIA LTDA";"#NULO#";"10575983000148";"DATAMETRICA PESQUISA DE OPINIAO E CONSULTORIA LTDA";"A pesquisa da Datamétrica é um levantamento estatístico por amostragem em três estagio. A população alvo é o eleitorado registrado no TSE.  Em relação ao método de amostragem em três estágios será feito o seguinte: estratificação por mesorregiões do estado, considerando o método PPT. Sorteio de conglomerados (municípios) é feito por método PPT em cada mesorregião. Definição de cotas por sexo, idade, escolaridade e renda domiciliar.  Fonte de dados utilizados foram o Tribunal Superior Eleitoral e o Instituto Brasileiro de Geografia e Estatística.";"Perfil da amostra: Masculino 46,3%, Feminino 53,7%. 16 a 24 anos 17,2%, 25 a 34 anos 22,2%, 35 a 44 anos 21,0%, 45 a 59 anos 23,5%, 60 anos ou mais 16,1%. Até Fundamental completo 51,7%, Médio (completo e incompleto) 36,7%, Superior (completo e incompleto) 11,6%. Até 01 salário mínimo 38,0%, De 01 a 05 salários mínimos 50,8% e acima de 05 salários mínimos 11,2%. São previstas eventuais ponderações para as variáveis para as cotas caso encontrem-se diferenças entre o previsto na amostra e a coleta de dados seja superior a 3 pontos percentuais. A amostra é composta por 600 entrevistas aplicadas na população que tenha título de eleitor, more e vote no estado de Pernambuco e distribuída da seguinte forma: Região Metropolitana 41,8%, Zona da Mata 14,6%, Agreste 25,8%, Sertão 11,4% e São Francisco 6,5. O intervalo de confiança estimado é de 95% para uma margem de erro para mais ou para menos de 4,0%.";"Sistema interno de controle e verificação, conferência e fiscalização da coleta de dados e do trabalho de campo:    As consultas são realizadas por entrevistadores treinados para este trabalho. Após os trabalhos de campo, as cotas amostrais são checadas, e é feito um controle da codificação da consistência dos dados. Em torno de 15% dos questionários aplicados são fiscalizados através do retorno ao campo. A transcrição dos dados obtidos é tabulada e processada eletronicamente, usando o pacote estatístico SPSS­ Statistical Package for Social Sciences.";"As entrevistas serão realizadas nas seguintes cidades: Arcoverde, Salgueiro, Serra Talhada, Sertânia, Jaboatão dos Guararapes, Olinda, Recife, Camaragibe, Bezerros, Garanhuns, Gravatá, Lajedo, Caruaru, Belo Jardim, Brejo da Madre de Deus, Santa Cruz do Capibaribe, Aliança, Goiana, Timbaúba, Barreiros, Escada, Palmares, São José da Coroa Grande, Vitória de Santo Antão e Petrolina."
"24/08/2022";"00:10:36";"2018";"5";"Eleições Gerais 2018";"PE";"PE";"PERNAMBUCO";"PE026712018";"28/09/2018";"11849437000110";"IPESPE INST DE PESQUISAS SOCIAIS POLITICAS E ECONOMICAS";"#NULO#";"Governador, Senador";"03/10/2018";"04/10/2018";"800";"5255 da 5a. Região";"Joaquim André Harmes Figueiredo";"38500,00";"01935632000100";"EDITORA FOLHA DE PERNAMBUCO LTDA / FOLHA DE PERNAMBUCO";"Recursos Próprios";"11849437000110";"IPESPE INST DE PESQUISAS SOCIAIS POLITICAS E ECONOMICAS";"Pesquisa quantitativa, face a face, através de entrevistas a pessoas às quais é aplicado um questionário estruturado. Essas pessoas constituem uma amostra representativa do eleitorado para o qual se pretende generalizar os resultados obtidos, ou seja, o eleitorado do Estado de Pernambuco. As entrevistas serão realizadas por equipes de pesquisadores, com bastante experiência nesse tipo de trabalho, e especialmente treinados para esta pesquisa. Serão realizadas 800 entrevistas.";"Serão realizadas 800 entrevistas no estado de PE. Sendo 18% na capital, 25% na periferia e 57% no interior. No plano de amostragem utilizado para a estratificação são considerados os municípios, os sexos e as faixas etárias dos entrevistados. Inicialmente as unidades amostrais são os municípios e no estágio seguinte são as pessoas residentes nos municípios. Para a seleção dos entrevistados será utilizado o sistema de cotas amostrais segundo Sexo e Grupos de idade. O número de entrevistas foi estabelecido com base em uma amostragem aleatória simples com um nível estimado de 95,45 % de confiança e uma margem de erro estimada de 3,5 pontos percentuais sobre os resultados encontrados no total da amostra. A distribuição amostral esperada é masculino 46 %, feminino 54 %. 16 a 24 anos 16%, 25 a 44 anos 43%, 45 a 59 anos 24% , 60 anos e mais 17% . até ensino fundamental 52%, ensino médio 37% e ensino superior 12%. renda familiar de até 2 salários mínimos 59%, de mais de 2 a 5 salários mínimos 30%, de mais de 5 salários mínimos 11%. Está prevista eventual ponderação para correção das variáveis demográficas e econômicas, com base nos percentuais anteriormente mencionados, caso ocorram diferenças superiores a 3 pontos percentuais entre o previsto na amostra e a coleta de dados realizada. Fontes dos Dados: Censo 2010/ PNAD, da Fundação IBGE/ TSE.";"Após os trabalhos de campo, os questionários são submetidos a uma fiscalização de cerca de 20% (vinte por cento) dos questionários aplicados pelos entrevistadores, para verificação das respostas e da adequação dos entrevistados aos parâmetros amostrais.";"A área física de realização da pesquisa é o Estado de Pernambuco. Os municípios nos quais serão realizadas as entrevistas serão informados após a conclusão do levantamento de campo."
"24/08/2022";"00:10:36";"2018";"5";"Eleições Gerais 2018";"PE";"PE";"PERNAMBUCO";"PE027072018";"01/06/2018";"22198794000182";"ANDRE CAVALCANTE FALABELLA LTDA";"INSTITUTO DE PESQUISA MULTIPLA";"Governador, Senador";"02/06/2018";"06/06/2018";"600";"6149-A";"Eduardo José Pereira da Costa";"15000,00";"22198794000182";"ANDRE CAVALCANTE FALABELLA LTDA";"#NULO#";"22198794000182";"ANDRE CAVALCANTE FALABELLA LTDA";"Pesquisa quantitativa, que consiste na realização de entrevistas pessoais, com aplicação de questionário estruturado junto a uma amostra representativa do eleitorado em estudo. Eleitorado do estado de Pernambuco";"Utiliza-se o método de amostragem estratificada proporcional de conglomerados, selecionados com probabilidade proporcional ao tamanho (PPT) em três estágios. No primeiro estágio separam-se as mesorregiões do estado, usando-se o método PPT (probabilidade proporcional ao tamanho). No segundo estágio, os conglomerados selecionados são os municípios com base no método PPT (Probabilidade proporcional ao tamanho). A medida de tamanho adotada para a seleção dos conglomerados, é a população residente das mesorregiões e municípios, de acordo com os dados censitários disponibilizados pelo Instituto Brasileiro de Geografia e Estatística (IBGE). No terceiro e último estágio são definidas as cotas de sexo, idade, escolaridade e renda domiciliar, conforme informações estatísticas disponibilizadas pelo Tribunal Superior Eleitoral e Instituto Brasileiro de Geografia e Estatística (IBGE). O controle das cotas é feito pela equipe de supervisores e pesquisadores que compõe a pesquisa. Perfil da amostra: Masculino 46,6%, Feminino 53,4%. 16 a 24 anos 17,4%, 25 a 34 anos 22,9%, 35 a 44 anos 20,8%, 45 a 59 anos 23,0%, 60 anos ou mais 15,9%. Até Fundamental completo 58,3%, Médio (completo e incompleto) 32,3%, Superior (completo e incompleto) 9,4%. Até 01 salário mínimo 31,3%, De 01 a 05 salários mínimos 55,2% e acima de 05 salários mínimos 13,5%. São previstas eventuais ponderações para as variáveis sexo e idade, caso a diferença entre o previsto na amostra e a coleta de dados seja superior a 3 pontos percentuais. para as variáveis escolaridade e renda domiciliar o fator previsto para ponderação é 1 (resultado obtido em campo). A amostra é composta por 600 entrevistas aplicadas na população que tenha título de eleitor, more e vote no estado de Pernambuco e distribuída da seguinte forma: Região Metropolitana 42,2%, Zona da Mata 14,6%, Agreste 25,2% e Sertão 18,0%. O intervalo de confiança estimado é de 95% para uma margem de erro para mais ou para menos de 4,1%.";"Para a realização da pesquisa, utilizam-se uma equipe de entrevistadores e supervisores, contratados pelo Instituto. Todos devidamente treinados para a execução do trabalho. Após a coleta das informações, 20% dos questionários aplicados serão submetidos à verificação de critérios, quanto a sua aplicação e adequação dos entrevistados ás variáveis das cotas amostrais";"Floresta, Petrolândia, Cabrobó, Petrolina, Santa Maria da Boa Vista, Araripina, Bodocó, Exu, Ipubi, Ouricuri, Salgueiro, São José do Belmonte, Afogados da Ingazeira, São José do Egito, Serra Talhada, Arcoverde, Custódia, Sertânia, Águas Belas, Bom Conselho, Buíque, Garanhuns, Lajedo, Belo Jardim, Bezerros, Bonito, Brejo da Madre Deus, Caruaru, Gravatá, Pesqueira, São Bento do Una, São Caetano, Bom Jardim, João Alfredo, Limoeiro, Santa Cruz do Capibaribe, Surubim, Toritama, Abreu e Lima, Cabo, Camaragibe, Igarassu, Ipojuca, Jaboatão dos Guararapes, Moreno, Olinda, Paulista, Recife, São Lourenço da Mata, Água Preta, Barreiros, Catende, Escada, Palmares, Ribeirão, Sirinhaém, Vitória de Santo Antão, Aliança, Carpina, Glória do Goitá, Goiana, Itambé, Nazaré da Mata, Paudalho, Timbaúba e Vicência"
"24/08/2022";"00:10:36";"2018";"5";"Eleições Gerais 2018";"PE";"PE";"PERNAMBUCO";"PE028172018";"16/08/2018";"07630546000175";"DATAFOLHA INSTITUTO DE PESQUISAS LTDA.";"#NULO#";"Governador, Senador";"20/08/2018";"21/08/2018";"1200";"72.49A";"Renata Nunes César";"252552,00";"27865757000102";"GLOBO COMUNICACAO E PARTICIPACOES S/A / GCP,TV GLOBO, REDE GLOBO, GLOBO.COM, SOM LIVRE";"Recursos Próprios";"07630546000175";"DATAFOLHA INSTITUTO DE PESQUISAS LTDA.";"Pesquisa do tipo quantitativo, por amostragem, com aplicação de questionário estruturado e abordagem pessoal em pontos de fluxo populacional. O conjunto do eleitorado do Estado de Pernambuco com 16 anos ou mais foi tomado como universo da pesquisa.";"Universo: Eleitorado do Estado de Pernambuco, com 16 anos ou mais. Tamanho da amostra: A amostra prevista é de 1200 entrevistas. Técnica de amostragem: A amostra é estratificada por natureza dos municípios (capital, região metropolitana ou interior). Em cada estrato, num primeiro estágio, são sorteados os municípios que farão parte do levantamento. Num segundo estágio, são sorteados os bairros e pontos de abordagem onde serão aplicadas as entrevistas.  Por fim, os entrevistados são selecionados aleatoriamente para responder ao questionário, de acordo com cotas de sexo e faixa etária. Nesta amostra, o estrato referente à capital foi desproporcionalizado para permitir detalhamento. Nos resultados finais, as corretas proporções serão restabelecidas através de ponderação. A amostra prevista é de 1200 questionários, sendo 400 na capital. Os dados utilizados para definição e seleção da amostra são baseados nos dados fornecidos pelo TSE ¿ Tribunal Superior Eleitoral (eleitorado de junho 2018) e IBGE (Estimativa 2017). Os dados relativos a sexo e faixa etária são: Sexo masculino 46%, feminino: 54%, 16 a 24 anos 17%, 25 a 34 anos 22%, 35 a 44 anos 21%, 45 a 59 anos 24% e 60 anos ou mais 16%. Ponderação dos resultados: No processamento dos dados é realizada ponderação referente à proporção de cada cidade na amostra para correta representação das regiões. Está prevista a eventual ponderação para correção nos tamanhos dos segmentos considerando as variáveis sexo e faixa etária. Para as variáveis grau de instrução e nível econômico do entrevistado (renda familiar mensal), o fator previsto para ponderação é 1 (resultados obtidos em campo).   Área física: Serão realizadas entrevistas em 50 municípios, localizados no Estado de Pernambuco. A relação completa dos municípios e bairros pesquisados será encaminhada a esse tribunal posteriormente até o sétimo dia seguinte à data de registro da pesquisa, conforme a Resolução 23.549/2017 do TSE, no art.2º §6º. Margem de Erro: A margem de erro máxima prevista é de 3 pontos percentuais para mais ou para menos, considerando um nível de confiança de 95%. Os intervalos de confiança serão calculados considerando os resultados obtidos para um nível de confiança de 95%.  ";"Os pesquisadores envolvidos na realização desta pesquisa são treinados pelo Instituto e recebem instruções específicas para cada projeto realizado. A coleta será feita com a utilização de tablet e questionário eletrônico. São checados, no mínimo, 30% dos questionários de cada pesquisador, seja in loco por supervisores de campo ou, posteriormente, por telefone. Internamente, todo o material é verificado e codificado. Antes do processamento final e emissão dos resultados, realiza-se processo de consistência dos dados.";"#NULO#"
"24/08/2022";"00:10:36";"2018";"5";"Eleições Gerais 2018";"PE";"PE";"PERNAMBUCO";"PE028172018";"16/08/2018";"07630546000175";"DATAFOLHA INSTITUTO DE PESQUISAS LTDA.";"#NULO#";"Governador, Senador";"20/08/2018";"21/08/2018";"1200";"72.49A";"Renata Nunes César";"252552,00";"60579703000148";"EMPRESA FOLHA DA MANHA S.A.";"Recursos Próprios";"07630546000175";"DATAFOLHA INSTITUTO DE PESQUISAS LTDA.";"Pesquisa do tipo quantitativo, por amostragem, com aplicação de questionário estruturado e abordagem pessoal em pontos de fluxo populacional. O conjunto do eleitorado do Estado de Pernambuco com 16 anos ou mais foi tomado como universo da pesquisa.";"Universo: Eleitorado do Estado de Pernambuco, com 16 anos ou mais. Tamanho da amostra: A amostra prevista é de 1200 entrevistas. Técnica de amostragem: A amostra é estratificada por natureza dos municípios (capital, região metropolitana ou interior). Em cada estrato, num primeiro estágio, são sorteados os municípios que farão parte do levantamento. Num segundo estágio, são sorteados os bairros e pontos de abordagem onde serão aplicadas as entrevistas.  Por fim, os entrevistados são selecionados aleatoriamente para responder ao questionário, de acordo com cotas de sexo e faixa etária. Nesta amostra, o estrato referente à capital foi desproporcionalizado para permitir detalhamento. Nos resultados finais, as corretas proporções serão restabelecidas através de ponderação. A amostra prevista é de 1200 questionários, sendo 400 na capital. Os dados utilizados para definição e seleção da amostra são baseados nos dados fornecidos pelo TSE ¿ Tribunal Superior Eleitoral (eleitorado de junho 2018) e IBGE (Estimativa 2017). Os dados relativos a sexo e faixa etária são: Sexo masculino 46%, feminino: 54%, 16 a 24 anos 17%, 25 a 34 anos 22%, 35 a 44 anos 21%, 45 a 59 anos 24% e 60 anos ou mais 16%. Ponderação dos resultados: No processamento dos dados é realizada ponderação referente à proporção de cada cidade na amostra para correta representação das regiões. Está prevista a eventual ponderação para correção nos tamanhos dos segmentos considerando as variáveis sexo e faixa etária. Para as variáveis grau de instrução e nível econômico do entrevistado (renda familiar mensal), o fator previsto para ponderação é 1 (resultados obtidos em campo).   Área física: Serão realizadas entrevistas em 50 municípios, localizados no Estado de Pernambuco. A relação completa dos municípios e bairros pesquisados será encaminhada a esse tribunal posteriormente até o sétimo dia seguinte à data de registro da pesquisa, conforme a Resolução 23.549/2017 do TSE, no art.2º §6º. Margem de Erro: A margem de erro máxima prevista é de 3 pontos percentuais para mais ou para menos, considerando um nível de confiança de 95%. Os intervalos de confiança serão calculados considerando os resultados obtidos para um nível de confiança de 95%.  ";"Os pesquisadores envolvidos na realização desta pesquisa são treinados pelo Instituto e recebem instruções específicas para cada projeto realizado. A coleta será feita com a utilização de tablet e questionário eletrônico. São checados, no mínimo, 30% dos questionários de cada pesquisador, seja in loco por supervisores de campo ou, posteriormente, por telefone. Internamente, todo o material é verificado e codificado. Antes do processamento final e emissão dos resultados, realiza-se processo de consistência dos dados.";"#NULO#"
"24/08/2022";"00:10:36";"2018";"5";"Eleições Gerais 2018";"PE";"PE";"PERNAMBUCO";"PE029312018";"11/09/2018";"68802370000186";"IBOPE INTELIGENCIA PESQUISA E CONSULTORIA LTDA";"#NULO#";"Governador, Senador";"11/09/2018";"17/09/2018";"1204";"6208-A";"Márcia Cavallari Nunes";"90164,61";"10798130000175";"EDITORA JORNAL DO COMMERCIO S.A / ";"Recursos Próprios";"68802370000186";"IBOPE INTELIGENCIA PESQUISA E CONSULTORIA LTDA";"Pesquisa quantitativa, que consiste na realização de entrevistas pessoais, com a aplicação de questionário estruturado junto a uma amostra representativa do eleitorado em estudo. Pesquisa realizada no estado de Pernambuco.";"Representativo do eleitorado da área em estudo, elaborada em três estágios. No primeiro estágio faz-se um sorteio probabilístico dos municípios, onde as entrevistas serão realizadas, pelo método PPT (Probabilidade Proporcional ao Tamanho), tomando o eleitorado como base para tal seleção. No segundo estágio faz-se um sorteio probabilístico dos setores censitários, onde as entrevistas serão realizadas, pelo método PPT (Probabilidade Proporcional ao Tamanho), tomando a população de 16 anos ou mais residente nos setores como base para tal seleção. No terceiro e último estágio, dentro dos setores sorteados, os respondentes são selecionados através de quotas amostrais proporcionais em função de variáveis significativas, a saber: IDADE: 16-24 (masculino) 19% (feminino) 17%. 25-34 (masculino) 23% (feminino) 22%. 35-44 (masculino) 22% (feminino) 21%. 45-54 (masculino) 17% (feminino) 18%. 55 e+ (masculino) 19% (feminino) 22%. INSTRUÇÃO: Até Ensino Médio (masculino) 86% (feminino) 81%. Ensino Superior (masculino) 14% (feminino) 19%. NÍVEL ECONÔMICO: Economicamente ativo (masculino) 66% (feminino) 42%. Não Economicamente ativo (masculino) 34% (feminino) 58%. Está prevista eventual ponderação para correção das variáveis sexo e idade, com base nos percentuais anteriormente mencionados, caso ocorram diferenças superiores a 3 pontos percentuais entre o previsto na amostra e a coleta de dados realizada. Para as variáveis de grau de instrução e nível econômico do entrevistado, o fator previsto para ponderação é 1 (resultados obtidos em campo). O nível de confiança estimado é de 95% e a margem de erro máxima estimada considerando um modelo de amostragem aleatório simples, é de 03 (três) pontos percentuais para mais ou para menos sobre os resultados encontrados no total da amostra. FONTE DOS DADOS: Censo 2010 | PNADC 2016 | TSE 2018.";"Para a realização da pesquisa, utiliza-se uma equipe de entrevistadores e supervisores contratados pelo IBOPE INTELIGÊNCIA PESQUISA E CONSULTORIA LTDA. devidamente treinados para o trabalho. Após os trabalhos de campo, os questionários são submetidos a uma fiscalização de cerca de 20% (vinte por cento) dos questionários aplicados pelos entrevistadores. para verificação das respostas e da adequação dos entrevistados aos parâmetros amostrais.";"A área de abrangência da coleta é o estado de Pernambuco. A relação das localidades selecionadas para aplicação da amostra será apresentada até o 7º dia seguinte ao registro da pesquisa, conforme expresso no art. 2º, §6º da Resolução 23.549/2017 do TSE."
"24/08/2022";"00:10:36";"2018";"5";"Eleições Gerais 2018";"PE";"PE";"PERNAMBUCO";"PE029312018";"11/09/2018";"68802370000186";"IBOPE INTELIGENCIA PESQUISA E CONSULTORIA LTDA";"#NULO#";"Governador, Senador";"11/09/2018";"17/09/2018";"1204";"6208-A";"Márcia Cavallari Nunes";"90164,61";"27865757000102";"GLOBO COMUNICACAO E PARTICIPACOES S/A / GCP,TV GLOBO, REDE GLOBO, GLOBO.COM, SOM LIVRE";"Recursos Próprios";"68802370000186";"IBOPE INTELIGENCIA PESQUISA E CONSULTORIA LTDA";"Pesquisa quantitativa, que consiste na realização de entrevistas pessoais, com a aplicação de questionário estruturado junto a uma amostra representativa do eleitorado em estudo. Pesquisa realizada no estado de Pernambuco.";"Representativo do eleitorado da área em estudo, elaborada em três estágios. No primeiro estágio faz-se um sorteio probabilístico dos municípios, onde as entrevistas serão realizadas, pelo método PPT (Probabilidade Proporcional ao Tamanho), tomando o eleitorado como base para tal seleção. No segundo estágio faz-se um sorteio probabilístico dos setores censitários, onde as entrevistas serão realizadas, pelo método PPT (Probabilidade Proporcional ao Tamanho), tomando a população de 16 anos ou mais residente nos setores como base para tal seleção. No terceiro e último estágio, dentro dos setores sorteados, os respondentes são selecionados através de quotas amostrais proporcionais em função de variáveis significativas, a saber: IDADE: 16-24 (masculino) 19% (feminino) 17%. 25-34 (masculino) 23% (feminino) 22%. 35-44 (masculino) 22% (feminino) 21%. 45-54 (masculino) 17% (feminino) 18%. 55 e+ (masculino) 19% (feminino) 22%. INSTRUÇÃO: Até Ensino Médio (masculino) 86% (feminino) 81%. Ensino Superior (masculino) 14% (feminino) 19%. NÍVEL ECONÔMICO: Economicamente ativo (masculino) 66% (feminino) 42%. Não Economicamente ativo (masculino) 34% (feminino) 58%. Está prevista eventual ponderação para correção das variáveis sexo e idade, com base nos percentuais anteriormente mencionados, caso ocorram diferenças superiores a 3 pontos percentuais entre o previsto na amostra e a coleta de dados realizada. Para as variáveis de grau de instrução e nível econômico do entrevistado, o fator previsto para ponderação é 1 (resultados obtidos em campo). O nível de confiança estimado é de 95% e a margem de erro máxima estimada considerando um modelo de amostragem aleatório simples, é de 03 (três) pontos percentuais para mais ou para menos sobre os resultados encontrados no total da amostra. FONTE DOS DADOS: Censo 2010 | PNADC 2016 | TSE 2018.";"Para a realização da pesquisa, utiliza-se uma equipe de entrevistadores e supervisores contratados pelo IBOPE INTELIGÊNCIA PESQUISA E CONSULTORIA LTDA. devidamente treinados para o trabalho. Após os trabalhos de campo, os questionários são submetidos a uma fiscalização de cerca de 20% (vinte por cento) dos questionários aplicados pelos entrevistadores. para verificação das respostas e da adequação dos entrevistados aos parâmetros amostrais.";"A área de abrangência da coleta é o estado de Pernambuco. A relação das localidades selecionadas para aplicação da amostra será apresentada até o 7º dia seguinte ao registro da pesquisa, conforme expresso no art. 2º, §6º da Resolução 23.549/2017 do TSE."
"24/08/2022";"00:10:36";"2018";"5";"Eleições Gerais 2018";"PE";"PE";"PERNAMBUCO";"PE030312018";"22/09/2018";"07630546000175";"DATAFOLHA INSTITUTO DE PESQUISAS LTDA.";"#NULO#";"Governador, Senador";"26/09/2018";"28/09/2018";"1302";"72.49A";"Renata Nunes César";"252552,00";"27865757000102";"GLOBO COMUNICACAO E PARTICIPACOES S/A / GCP,TV GLOBO, REDE GLOBO, GLOBO.COM, SOM LIVRE";"Recursos Próprios";"07630546000175";"DATAFOLHA INSTITUTO DE PESQUISAS LTDA.";"Pesquisa do tipo quantitativo, por amostragem, com aplicação de questionário estruturado e abordagem pessoal em pontos de fluxo populacional. O conjunto do eleitorado do Estado de Pernambuco com 16 anos ou mais foi tomado como universo da pesquisa.";"Universo: Eleitorado do Estado de Pernambuco, com 16 anos ou mais. Tamanho da amostra: A amostra prevista é de 1.302 entrevistas. Técnica de amostragem: A amostra é estratificada por natureza dos municípios (capital, região metropolitana ou interior). Em cada estrato, num primeiro estágio, são sorteados os municípios que farão parte do levantamento. Num segundo estágio, são sorteados os bairros e pontos de abordagem onde serão aplicadas as entrevistas.  Por fim, os entrevistados são selecionados aleatoriamente para responder ao questionário, de acordo com cotas de sexo e faixa etária. Nesta amostra, o estrato referente à capital foi desproporcionalizado para permitir detalhamento. Nos resultados finais, as corretas proporções serão restabelecidas através de ponderação. A amostra prevista é de 1.302 questionários, sendo 406 na capital. Os dados utilizados para definição e seleção da amostra são baseados nos dados fornecidos pelo TSE ¿ Tribunal Superior Eleitoral (eleitorado de agosto 2018) e IBGE (Estimativa 2018). Os dados relativos a sexo e faixa etária são: Sexo masculino 46%, feminino: 54%, 16 a 24 anos 16%, 25 a 34 anos 22%, 35 a 44 anos 21%, 45 a 59 anos 24% e 60 anos ou mais 17%. Ponderação dos resultados: No processamento dos dados é realizada ponderação referente à proporção de cada cidade na amostra para correta representação das regiões. Está prevista a eventual ponderação para correção nos tamanhos dos segmentos considerando as variáveis sexo e faixa etária. Para as variáveis grau de instrução e nível econômico do entrevistado (renda familiar mensal), o fator previsto para ponderação é 1 (resultados obtidos em campo).   Área física: Serão realizadas entrevistas em 55 municípios, localizados no Estado de Pernambuco. A relação completa dos municípios e bairros pesquisados será encaminhada a esse tribunal posteriormente até o sétimo dia seguinte à data de registro da pesquisa, conforme a Resolução 23.549/2017 do TSE, no art.2º §6º. Margem de Erro: A margem de erro máxima prevista é de 3 pontos percentuais para mais ou para menos, considerando um nível de confiança de 95%. Os intervalos de confiança serão calculados considerando os resultados obtidos para um nível de confiança de 95%.  ";"Os pesquisadores envolvidos na realização desta pesquisa são treinados pelo Instituto e recebem instruções específicas para cada projeto realizado. A coleta será feita com a utilização de tablet e questionário eletrônico. São checados, no mínimo, 30% dos questionários de cada pesquisador, seja in loco por supervisores de campo ou, posteriormente, por telefone. Internamente, todo o material é verificado e codificado. Antes do processamento final e emissão dos resultados, realiza-se processo de consistência dos dados.";"#NULO#"
"24/08/2022";"00:10:36";"2018";"5";"Eleições Gerais 2018";"PE";"PE";"PERNAMBUCO";"PE030312018";"22/09/2018";"07630546000175";"DATAFOLHA INSTITUTO DE PESQUISAS LTDA.";"#NULO#";"Governador, Senador";"26/09/2018";"28/09/2018";"1302";"72.49A";"Renata Nunes César";"252552,00";"60579703000148";"EMPRESA FOLHA DA MANHA S.A.";"Recursos Próprios";"07630546000175";"DATAFOLHA INSTITUTO DE PESQUISAS LTDA.";"Pesquisa do tipo quantitativo, por amostragem, com aplicação de questionário estruturado e abordagem pessoal em pontos de fluxo populacional. O conjunto do eleitorado do Estado de Pernambuco com 16 anos ou mais foi tomado como universo da pesquisa.";"Universo: Eleitorado do Estado de Pernambuco, com 16 anos ou mais. Tamanho da amostra: A amostra prevista é de 1.302 entrevistas. Técnica de amostragem: A amostra é estratificada por natureza dos municípios (capital, região metropolitana ou interior). Em cada estrato, num primeiro estágio, são sorteados os municípios que farão parte do levantamento. Num segundo estágio, são sorteados os bairros e pontos de abordagem onde serão aplicadas as entrevistas.  Por fim, os entrevistados são selecionados aleatoriamente para responder ao questionário, de acordo com cotas de sexo e faixa etária. Nesta amostra, o estrato referente à capital foi desproporcionalizado para permitir detalhamento. Nos resultados finais, as corretas proporções serão restabelecidas através de ponderação. A amostra prevista é de 1.302 questionários, sendo 406 na capital. Os dados utilizados para definição e seleção da amostra são baseados nos dados fornecidos pelo TSE ¿ Tribunal Superior Eleitoral (eleitorado de agosto 2018) e IBGE (Estimativa 2018). Os dados relativos a sexo e faixa etária são: Sexo masculino 46%, feminino: 54%, 16 a 24 anos 16%, 25 a 34 anos 22%, 35 a 44 anos 21%, 45 a 59 anos 24% e 60 anos ou mais 17%. Ponderação dos resultados: No processamento dos dados é realizada ponderação referente à proporção de cada cidade na amostra para correta representação das regiões. Está prevista a eventual ponderação para correção nos tamanhos dos segmentos considerando as variáveis sexo e faixa etária. Para as variáveis grau de instrução e nível econômico do entrevistado (renda familiar mensal), o fator previsto para ponderação é 1 (resultados obtidos em campo).   Área física: Serão realizadas entrevistas em 55 municípios, localizados no Estado de Pernambuco. A relação completa dos municípios e bairros pesquisados será encaminhada a esse tribunal posteriormente até o sétimo dia seguinte à data de registro da pesquisa, conforme a Resolução 23.549/2017 do TSE, no art.2º §6º. Margem de Erro: A margem de erro máxima prevista é de 3 pontos percentuais para mais ou para menos, considerando um nível de confiança de 95%. Os intervalos de confiança serão calculados considerando os resultados obtidos para um nível de confiança de 95%.  ";"Os pesquisadores envolvidos na realização desta pesquisa são treinados pelo Instituto e recebem instruções específicas para cada projeto realizado. A coleta será feita com a utilização de tablet e questionário eletrônico. São checados, no mínimo, 30% dos questionários de cada pesquisador, seja in loco por supervisores de campo ou, posteriormente, por telefone. Internamente, todo o material é verificado e codificado. Antes do processamento final e emissão dos resultados, realiza-se processo de consistência dos dados.";"#NULO#"
"24/08/2022";"00:10:36";"2018";"5";"Eleições Gerais 2018";"PE";"PE";"PERNAMBUCO";"PE030782018";"01/10/2018";"68802370000186";"IBOPE INTELIGENCIA PESQUISA E CONSULTORIA LTDA";"#NULO#";"Senador, Governador";"01/10/2018";"07/10/2018";"2600";"6208-A";"Márcia Cavallari Nunes";"149924,88";"68802370000186";"IBOPE INTELIGENCIA PESQUISA E CONSULTORIA LTDA";"#NULO#";"68802370000186";"IBOPE INTELIGENCIA PESQUISA E CONSULTORIA LTDA";"Pesquisa quantitativa, que consiste na realização de entrevistas pessoais, com a aplicação de questionário estruturado junto a uma amostra representativa do eleitorado em estudo. Pesquisa realizada no estado de Pernambuco.";"Representativa dos votantes da área em estudo, elaborada em três estágios. No primeiro estágio fez-se um sorteio probabilístico dos municípios pesquisados, pelo método PPT (Probabilidade Proporcional ao Tamanho), com base na população de votantes (TSE 2018, excluindo abstenção 1º turno 2010 e 2014) de cada município.  Em um segundo estágio, dentro dos municípios sorteados foram selecionados, também pelo método PPT, os locais de votação com base no número de votantes de cada local de votação. No terceiro estágio, dentro dos locais de votação sorteados, os respondentes foram selecionados através de quotas amostrais, proporcionais em função de variáveis significativas, a saber: Sexo, Idade, de acordo com o perfil dos votantes. Devido à metodologia amostral adotada, a pesquisa é auto-ponderada, ou seja, as proporções do universo pesquisado estão previstas na amostra, não sendo necessário qualquer tipo de ponderação quanto à sexo, idade, grau de instrução e nível econômico.    O intervalo de confiança estimado é de 99% e a margem de erro máxima estimada considerando um modelo de amostragem aleatório simples, é de 03 (três) pontos percentuais para mais ou para menos sobre os resultados encontrados no total da amostra.    ";"Para a realização da pesquisa, utiliza-se uma equipe de entrevistadores e supervisores contratados pelo IBOPE INTELIGÊNCIA PESQUISA E CONSULTORIA LTDA. devidamente treinados para o trabalho. Após os trabalhos de campo, os questionários são submetidos a uma fiscalização de cerca de 20% (vinte por cento) dos questionários aplicados pelos entrevistadores para verificação das respostas e da adequação dos entrevistados aos parâmetros amostrais.";"A área de abrangência da coleta é o estado de Pernambuco. A relação das localidades selecionadas para aplicação da amostra será apresentada até o 7º dia seguinte ao registro da pesquisa, conforme expresso no art. 2º, §6º da Resolução 23.549/2017 do TSE."
"24/08/2022";"00:10:36";"2018";"5";"Eleições Gerais 2018";"PE";"PE";"PERNAMBUCO";"PE035622018";"26/04/2018";"22198794000182";"ANDRE CAVALCANTE FALABELLA LTDA";"INSTITUTO DE PESQUISA MULTIPLA";"Governador, Deputado Estadual, Senador, Deputado Federal";"27/04/2018";"01/05/2018";"600";"6149-A";"Eduardo José Pereira da Costa";"15000,00";"22198794000182";"ANDRE CAVALCANTE FALABELLA LTDA";"#NULO#";"22198794000182";"ANDRE CAVALCANTE FALABELLA LTDA";"Pesquisa quantitativa, que consiste na realização de entrevistas pessoais, com aplicação de questionário estruturado junto a uma amostra representativa do eleitorado em estudo. Eleitorado do estado de Pernambuco";"Utiliza-se o método de amostragem estratificada proporcional de conglomerados, selecionados com probabilidade proporcional ao tamanho (PPT) em três estágios. No primeiro estágio separam-se as mesorregiões do estado, usando-se o método PPT (probabilidade proporcional ao tamanho). No segundo estágio, os conglomerados selecionados são os municípios com base no método PPT (Probabilidade proporcional ao tamanho). A medida de tamanho adotada para a seleção dos conglomerados, é a população residente das mesorregiões e municípios, de acordo com os dados censitários disponibilizados pelo Instituto Brasileiro de Geografia e Estatística (IBGE). No terceiro e último estágio são definidas as cotas de sexo, idade, escolaridade e renda domiciliar, conforme informações estatísticas disponibilizadas pelo Tribunal Superior Eleitoral e Instituto Brasileiro de Geografia e Estatística (IBGE). O controle das cotas é feito pela equipe de supervisores e pesquisadores que compõe a pesquisa. Perfil da amostra: Masculino 46,6%, Feminino 53,4%. 16 a 24 anos 17,4%, 25 a 34 anos 22,9%, 35 a 44 anos 20,8%, 45 a 59 anos 23,0%, 60 anos ou mais 15,9%. Até Fundamental completo 58,3%, Médio (completo e incompleto) 32,3%, Superior (completo e incompleto) 9,4%. Até 01 salário mínimo 31,3%, De 01 a 05 salários mínimos 55,2% e acima de 05 salários mínimos 13,5%. São previstas eventuais ponderações para as variáveis sexo e idade, caso a diferença entre o previsto na amostra e a coleta de dados seja superior a 3 pontos percentuais. para as variáveis escolaridade e renda domiciliar o fator previsto para ponderação é 1 (resultado obtido em campo). A amostra é composta por 600 entrevistas aplicadas na população que tenha título de eleitor, more e vote no estado de Pernambuco e distribuída da seguinte forma: Região Metropolitana 42,2%, Zona da Mata 14,6%, Agreste 25,2% e Sertão 18,0%. O intervalo de confiança estimado é de 95% para uma margem de erro para mais ou para menos de 4,1%.";"Para a realização da pesquisa, utilizam-se uma equipe de entrevistadores e supervisores, contratados pelo Instituto. Todos devidamente treinados para a execução do trabalho. Após a coleta das informações, 20% dos questionários aplicados serão submetidos à verificação de critérios, quanto a sua aplicação e adequação dos entrevistados ás variáveis das cotas amostrais";"Floresta, Petrolândia, Cabrobó, Petrolina, Santa Maria da Boa Vista, Araripina, Bodocó, Exu, Ipubi, Ouricuri, Salgueiro, São José do Belmonte, Afogados da Ingazeira, São José do Egito, Serra Talhada, Arcoverde, Custódia, Sertânia, Águas Belas, Bom Conselho, Buíque, Garanhuns, Lajedo, Belo Jardim, Bezerros, Bonito, Brejo da Madre Deus, Caruaru, Gravatá, Pesqueira, São Bento do Una, São Caetano, Bom Jardim, João Alfredo, Limoeiro, Santa Cruz do Capibaribe, Surubim, Toritama, Abreu e Lima, Cabo, Camaragibe, Igarassu, Ipojuca, Jaboatão dos Guararapes, Moreno, Olinda, Paulista, Recife, São Lourenço da Mata, Água Preta, Barreiros, Catende, Escada, Palmares, Ribeirão, Sirinhaém, Vitória de Santo Antão, Aliança, Carpina, Glória do Goitá, Goiana, Itambé, Nazaré da Mata, Paudalho, Timbaúba e Vicência"
"24/08/2022";"00:10:36";"2018";"5";"Eleições Gerais 2018";"PE";"PE";"PERNAMBUCO";"PE038872018";"18/09/2018";"29842579000111";"REAL TIME BIG DATA GESTAO DE DADOS LTDA.";"REAL TIME BIG DATA";"Governador, Senador";"21/09/2018";"22/09/2018";"1000";"7655";"Augusto da Silva Rocha";"15000,00";"29842579000111";"REAL TIME BIG DATA GESTAO DE DADOS LTDA.";"#NULO#";"29842579000111";"REAL TIME BIG DATA GESTAO DE DADOS LTDA.";"Pesquisa quantitativa, que consiste na realização de entrevistas por telefone, com a aplicação de questionário estruturado junto a uma amostra, representativa do eleitorado em estudo.";"Universo: 6.570.072 eleitores (TSE). Amostra: 1000 entrevistas. Nível de Confiança: 95%. Margem de Erro: até 3 pontos percentuais para mais ou para menos. Divisão Censitária. Ponderação quanto ao sexo e faixa etária: Masculino de 16 a 24 anos (8,0%), Masculino de 25 a 34 anos (10,4%), Masculino de 35 a 44 anos (9,9%), Masculino de 45 a 59 anos (10,7%) e Masculino acima de 59 anos (7,3%). Feminino de 16 a 24 anos (8,5%), Feminino de 25 a 34 anos (11,6%), Feminino de 35 a 44 anos (11,2%), Feminino de 45 a 59 anos (13,0%) e Feminino acima de 59 anos (9,4%). Ponderação quanto ao nível de instrução: 33% de Analfabeto / Fundamental Incompleto, 18% de Lê e escreve / Fundamental Completo, 37% de Médio Incompleto / Médio Completo e 12% de Superior Incompleto / Superior Completo. Ponderação quanto a distribuição por renda mensal domiciliar: 38% até 1 SM, 28% de 1 até 2 SM, 23% de 2 até 5 SM, 7% de 5 até 10 SM e 4% acima de 10 SM.";"Checagem de 20% da amostra efetuada pelos supervisores. Todos os entrevistadores foram amplamente treinados e orientados tanto teoricamente quanto praticamente sobre suas responsabilidade e funções, respeitando as cotas pré-estabelecidas. A equipe está dividida em coordenadoria-geral / supervisores / entrevistadores.";"Em anexo."
"24/08/2022";"00:10:36";"2018";"5";"Eleições Gerais 2018";"PE";"PE";"PERNAMBUCO";"PE041282018";"26/09/2018";"68802370000186";"IBOPE INTELIGENCIA PESQUISA E CONSULTORIA LTDA";"#NULO#";"Governador, Senador";"26/09/2018";"02/10/2018";"1512";"6208-A";"Márcia Cavallari Nunes";"113229,98";"10798130000175";"EDITORA JORNAL DO COMMERCIO S.A / ";"Recursos Próprios";"68802370000186";"IBOPE INTELIGENCIA PESQUISA E CONSULTORIA LTDA";"Pesquisa quantitativa, que consiste na realização de entrevistas pessoais, com a aplicação de questionário estruturado junto a uma amostra representativa do eleitorado em estudo. Pesquisa realizada no estado de Pernambuco.";"Representativo do eleitorado da área em estudo, elaborada em três estágios. No primeiro estágio faz-se um sorteio probabilístico dos municípios, onde as entrevistas serão realizadas, pelo método PPT (Probabilidade Proporcional ao Tamanho), tomando o eleitorado como base para tal seleção. No segundo estágio faz-se um sorteio probabilístico dos setores censitários, onde as entrevistas serão realizadas, pelo método PPT (Probabilidade Proporcional ao Tamanho), tomando a população de 16 anos ou mais residente nos setores como base para tal seleção. No terceiro e último estágio, dentro dos setores sorteados, os respondentes são selecionados através de quotas amostrais proporcionais em função de variáveis significativas, a saber: IDADE: 16-24 (masculino) 19% (feminino) 17%. 25-34 (masculino) 23% (feminino) 22%. 35-44 (masculino) 22% (feminino) 21%. 45-54 (masculino) 17% (feminino) 18%. 55 e+ (masculino) 19% (feminino) 22%. INSTRUÇÃO: Até Ensino Médio (masculino) 86% (feminino) 81%. Ensino Superior (masculino) 14% (feminino) 19%. NÍVEL ECONÔMICO: Economicamente ativo (masculino) 66% (feminino) 42%. Não Economicamente ativo (masculino) 34% (feminino) 58%. Está prevista eventual ponderação para correção das variáveis sexo e idade, com base nos percentuais anteriormente mencionados, caso ocorram diferenças superiores a 3 pontos percentuais entre o previsto na amostra e a coleta de dados realizada. Para as variáveis de grau de instrução e nível econômico do entrevistado, o fator previsto para ponderação é 1 (resultados obtidos em campo). O nível de confiança estimado é de 95% e a margem de erro máxima estimada considerando um modelo de amostragem aleatório simples, é de 03 (três) pontos percentuais para mais ou para menos sobre os resultados encontrados no total da amostra. FONTE DOS DADOS: Censo 2010 | PNADC 2016 | TSE 2018.";"Para a realização da pesquisa, utiliza-se uma equipe de entrevistadores e supervisores contratados pelo IBOPE INTELIGÊNCIA PESQUISA E CONSULTORIA LTDA. devidamente treinados para o trabalho. Após os trabalhos de campo, os questionários são submetidos a uma fiscalização de cerca de 20% (vinte por cento) dos questionários aplicados pelos entrevistadores. para verificação das respostas e da adequação dos entrevistados aos parâmetros amostrais.";"A área de abrangência da coleta é o estado de Pernambuco. A relação das localidades selecionadas para aplicação da amostra será apresentada até o 7º dia seguinte ao registro da pesquisa, conforme expresso no art. 2º, §6º da Resolução 23.549/2017 do TSE."
"24/08/2022";"00:10:36";"2018";"5";"Eleições Gerais 2018";"PE";"PE";"PERNAMBUCO";"PE041282018";"26/09/2018";"68802370000186";"IBOPE INTELIGENCIA PESQUISA E CONSULTORIA LTDA";"#NULO#";"Governador, Senador";"26/09/2018";"02/10/2018";"1512";"6208-A";"Márcia Cavallari Nunes";"113229,98";"27865757000102";"GLOBO COMUNICACAO E PARTICIPACOES S/A / GCP,TV GLOBO, REDE GLOBO, GLOBO.COM, SOM LIVRE";"Recursos Próprios";"68802370000186";"IBOPE INTELIGENCIA PESQUISA E CONSULTORIA LTDA";"Pesquisa quantitativa, que consiste na realização de entrevistas pessoais, com a aplicação de questionário estruturado junto a uma amostra representativa do eleitorado em estudo. Pesquisa realizada no estado de Pernambuco.";"Representativo do eleitorado da área em estudo, elaborada em três estágios. No primeiro estágio faz-se um sorteio probabilístico dos municípios, onde as entrevistas serão realizadas, pelo método PPT (Probabilidade Proporcional ao Tamanho), tomando o eleitorado como base para tal seleção. No segundo estágio faz-se um sorteio probabilístico dos setores censitários, onde as entrevistas serão realizadas, pelo método PPT (Probabilidade Proporcional ao Tamanho), tomando a população de 16 anos ou mais residente nos setores como base para tal seleção. No terceiro e último estágio, dentro dos setores sorteados, os respondentes são selecionados através de quotas amostrais proporcionais em função de variáveis significativas, a saber: IDADE: 16-24 (masculino) 19% (feminino) 17%. 25-34 (masculino) 23% (feminino) 22%. 35-44 (masculino) 22% (feminino) 21%. 45-54 (masculino) 17% (feminino) 18%. 55 e+ (masculino) 19% (feminino) 22%. INSTRUÇÃO: Até Ensino Médio (masculino) 86% (feminino) 81%. Ensino Superior (masculino) 14% (feminino) 19%. NÍVEL ECONÔMICO: Economicamente ativo (masculino) 66% (feminino) 42%. Não Economicamente ativo (masculino) 34% (feminino) 58%. Está prevista eventual ponderação para correção das variáveis sexo e idade, com base nos percentuais anteriormente mencionados, caso ocorram diferenças superiores a 3 pontos percentuais entre o previsto na amostra e a coleta de dados realizada. Para as variáveis de grau de instrução e nível econômico do entrevistado, o fator previsto para ponderação é 1 (resultados obtidos em campo). O nível de confiança estimado é de 95% e a margem de erro máxima estimada considerando um modelo de amostragem aleatório simples, é de 03 (três) pontos percentuais para mais ou para menos sobre os resultados encontrados no total da amostra. FONTE DOS DADOS: Censo 2010 | PNADC 2016 | TSE 2018.";"Para a realização da pesquisa, utiliza-se uma equipe de entrevistadores e supervisores contratados pelo IBOPE INTELIGÊNCIA PESQUISA E CONSULTORIA LTDA. devidamente treinados para o trabalho. Após os trabalhos de campo, os questionários são submetidos a uma fiscalização de cerca de 20% (vinte por cento) dos questionários aplicados pelos entrevistadores. para verificação das respostas e da adequação dos entrevistados aos parâmetros amostrais.";"A área de abrangência da coleta é o estado de Pernambuco. A relação das localidades selecionadas para aplicação da amostra será apresentada até o 7º dia seguinte ao registro da pesquisa, conforme expresso no art. 2º, §6º da Resolução 23.549/2017 do TSE."
"24/08/2022";"00:10:36";"2018";"5";"Eleições Gerais 2018";"PE";"PE";"PERNAMBUCO";"PE044722018";"19/09/2018";"11849437000110";"IPESPE INST DE PESQUISAS SOCIAIS POLITICAS E ECONOMICAS";"#NULO#";"Governador, Senador";"22/09/2018";"23/09/2018";"800";"5255 da 5a. Região";"Joaquim André Harmes Figueiredo";"38500,00";"01935632000100";"EDITORA FOLHA DE PERNAMBUCO LTDA / FOLHA DE PERNAMBUCO";"Recursos Próprios";"11849437000110";"IPESPE INST DE PESQUISAS SOCIAIS POLITICAS E ECONOMICAS";"Pesquisa quantitativa, face a face, através de entrevistas a pessoas às quais é aplicado um questionário estruturado. Essas pessoas constituem uma amostra representativa do eleitorado para o qual se pretende generalizar os resultados obtidos, ou seja, o eleitorado do Estado de Pernambuco. As entrevistas serão realizadas por equipes de pesquisadores, com bastante experiência nesse tipo de trabalho, e especialmente treinados para esta pesquisa. Serão realizadas 800 entrevistas.";"Serão realizadas 800 entrevistas no estado de PE. Sendo 18% na capital, 25% na periferia e 57% no interior. No plano de amostragem utilizado para a estratificação são considerados os municípios, os sexos e as faixas etárias dos entrevistados. Inicialmente as unidades amostrais são os municípios e no estágio seguinte são as pessoas residentes nos municípios. Para a seleção dos entrevistados será utilizado o sistema de cotas amostrais segundo Sexo e Grupos de idade. O número de entrevistas foi estabelecido com base em uma amostragem aleatória simples com um nível estimado de 95,45 % de confiança e uma margem de erro estimada de 3,5 pontos percentuais sobre os resultados encontrados no total da amostra. A distribuição amostral esperada é masculino 46 %, feminino 54 %. 16 a 24 anos 16%, 25 a 44 anos 43%, 45 a 59 anos 24% , 60 anos e mais 17% . até ensino fundamental 52%, ensino médio 37% e ensino superior 12%. renda familiar de até 2 salários mínimos 59%, de mais de 2 a 5 salários mínimos 30%, de mais de 5 salários mínimos 11%. Está prevista eventual ponderação para correção das variáveis demográficas e econômicas, com base nos percentuais anteriormente mencionados, caso ocorram diferenças superiores a 3 pontos percentuais entre o previsto na amostra e a coleta de dados realizada. Fontes dos Dados: Censo 2010/ PNAD, da Fundação IBGE/ TSE.";"Após os trabalhos de campo, os questionários são submetidos a uma fiscalização de cerca de 20% (vinte por cento) dos questionários aplicados pelos entrevistadores, para verificação das respostas e da adequação dos entrevistados aos parâmetros amostrais.";"A área física de realização da pesquisa é o Estado de Pernambuco. Os municípios nos quais serão realizadas as entrevistas serão informados após a conclusão do levantamento de campo."
"24/08/2022";"00:10:36";"2018";"5";"Eleições Gerais 2018";"PE";"PE";"PERNAMBUCO";"PE046012018";"01/03/2018";"22198794000182";"ANDRE CAVALCANTE FALABELLA LTDA";"INSTITUTO DE PESQUISA MULTIPLA";"Deputado Federal, Senador, Governador, Deputado Estadual";"02/03/2018";"06/03/2018";"600";"6149-A";"Eduardo José Pereira da Costa";"15000,00";"22198794000182";"ANDRE CAVALCANTE FALABELLA LTDA";"#NULO#";"22198794000182";"ANDRE CAVALCANTE FALABELLA LTDA";"Pesquisa quantitativa, que consiste na realização de entrevistas pessoais, com aplicação de questionário estruturado junto a uma amostra representativa do eleitorado em estudo. Eleitorado do estado de Pernambuco";"Utiliza-se o método de amostragem estratificada proporcional de conglomerados, selecionados com probabilidade proporcional ao tamanho (PPT) em três estágios. No primeiro estágio separam-se as mesorregiões do estado, usando-se o método PPT (probabilidade proporcional ao tamanho). No segundo estágio, os conglomerados selecionados são os municípios com base no método PPT (Probabilidade proporcional ao tamanho). A medida de tamanho adotada para a seleção dos conglomerados, é a população residente das mesorregiões e municípios, de acordo com os dados censitários disponibilizados pelo Instituto Brasileiro de Geografia e Estatística (IBGE). No terceiro e último estágio são definidas as cotas de sexo, idade, escolaridade e renda domiciliar, conforme informações estatísticas disponibilizadas pelo Tribunal Superior Eleitoral e Instituto Brasileiro de Geografia e Estatística (IBGE). O controle das cotas é feito pela equipe de supervisores e pesquisadores que compõe a pesquisa. Perfil da amostra: Masculino 46,6%, Feminino 53,4%. 16 a 24 anos 17,4%, 25 a 34 anos 22,9%, 35 a 44 anos 20,8%, 45 a 59 anos 23,0%, 60 anos ou mais 15,9%. Até Fundamental completo 58,3%, Médio (completo e incompleto) 32,3%, Superior (completo e incompleto) 9,4%. Até 01 salário mínimo 31,3%, De 01 a 05 salários mínimos 55,2% e acima de 05 salários mínimos 13,5%. São previstas eventuais ponderações para as variáveis sexo e idade, caso a diferença entre o previsto na amostra e a coleta de dados seja superior a 3 pontos percentuais. para as variáveis escolaridade e renda domiciliar o fator previsto para ponderação é 1 (resultado obtido em campo). A amostra é composta por 600 entrevistas aplicadas na população que tenha título de eleitor, more e vote no estado de Pernambuco e distribuída da seguinte forma: Região Metropolitana 42,2%, Zona da Mata 14,6%, Agreste 25,2% e Sertão 18,0%. O intervalo de confiança estimado é de 95% para uma margem de erro para mais ou para menos de 4,1%.";"Para a realização da pesquisa, utilizam-se uma equipe de entrevistadores e supervisores, contratados pelo Instituto. Todos devidamente treinados para a execução do trabalho. Após a coleta das informações, 20% dos questionários aplicados serão submetidos à verificação de critérios, quanto a sua aplicação e adequação dos entrevistados ás variáveis das cotas amostrais";"Municípios: Floresta, Petrolândia, Cabrobó, Petrolina, Santa Maria da Boa Vista, Araripina, Bodocó, Exu, Ipubi, Ouricuri, Salgueiro, São José do Belmonte, Afogados da Ingazeira, São José do Egito, Serra Talhada, Arcoverde, Custódia, Sertânia, Águas Belas, Bom Conselho, Buíque, Garanhuns, Lajedo, Belo Jardim, Bezerros, Bonito, Brejo da Madre Deus, Caruaru, Gravatá, Pesqueira, São Bento do Una, São Caetano, Bom Jardim, João Alfredo, Limoeiro, Santa Cruz do Capibaribe, Surubim, Toritama, Abreu e Lima, Cabo, Camaragibe, Igarassu, Ipojuca, Jaboatão dos Guararapes, Moreno, Olinda, Paulista, Recife, São Lourenço da Mata, Água Preta, Barreiros, Catende, Escada, Palmares, Ribeirão, Sirinhaém, Vitória de Santo Antão, Aliança, Carpina e Glória do Goitá"
"24/08/2022";"00:10:36";"2018";"5";"Eleições Gerais 2018";"PE";"PE";"PERNAMBUCO";"PE051002018";"28/09/2018";"07630546000175";"DATAFOLHA INSTITUTO DE PESQUISAS LTDA.";"#NULO#";"Governador, Senador";"03/10/2018";"04/10/2018";"1400";"72.49A";"Renata Nunes César";"252552,00";"27865757000102";"GLOBO COMUNICACAO E PARTICIPACOES S/A / GCP,TV GLOBO, REDE GLOBO, GLOBO.COM, SOM LIVRE";"Recursos Próprios";"07630546000175";"DATAFOLHA INSTITUTO DE PESQUISAS LTDA.";"Pesquisa do tipo quantitativo, por amostragem, com aplicação de questionário estruturado e abordagem pessoal em pontos de fluxo populacional. O conjunto do eleitorado do Estado de Pernambuco com 16 anos ou mais foi tomado como universo da pesquisa.";"Universo: Eleitorado do Estado de Pernambuco, com 16 anos ou mais. Tamanho da amostra: A amostra prevista é de 1.400 entrevistas. Técnica de amostragem: A amostra é estratificada por natureza dos municípios (capital, região metropolitana ou interior). Em cada estrato, num primeiro estágio, são sorteados os municípios que farão parte do levantamento. Num segundo estágio, são sorteados os bairros e pontos de abordagem onde serão aplicadas as entrevistas.  Por fim, os entrevistados são selecionados aleatoriamente para responder ao questionário, de acordo com cotas de sexo e faixa etária. Nesta amostra, o estrato referente à capital foi desproporcionalizado para permitir detalhamento. Nos resultados finais, as corretas proporções serão restabelecidas através de ponderação. A amostra prevista é de 1.400 questionários, sendo 406 na capital. Os dados utilizados para definição e seleção da amostra são baseados nos dados fornecidos pelo TSE ¿ Tribunal Superior Eleitoral (eleitorado de agosto 2018) e IBGE (Estimativa 2018). Os dados relativos a sexo e faixa etária são: Sexo masculino 46%, feminino: 54%, 16 a 24 anos 16%, 25 a 34 anos 22%, 35 a 44 anos 21%, 45 a 59 anos 24% e 60 anos ou mais 17%. Ponderação dos resultados: No processamento dos dados é realizada ponderação referente à proporção de cada cidade na amostra para correta representação das regiões. Está prevista a eventual ponderação para correção nos tamanhos dos segmentos considerando as variáveis sexo e faixa etária. Para as variáveis grau de instrução e nível econômico do entrevistado (renda familiar mensal), o fator previsto para ponderação é 1 (resultados obtidos em campo).   Área física: Serão realizadas entrevistas em 59 municípios, localizados no Estado de Pernambuco. A relação completa dos municípios e bairros pesquisados será encaminhada a esse tribunal posteriormente até o sétimo dia seguinte à data de registro da pesquisa, conforme a Resolução 23.549/2017 do TSE, no art.2º §6º. Margem de Erro: A margem de erro máxima prevista é de 3 pontos percentuais para mais ou para menos, considerando um nível de confiança de 95%. Os intervalos de confiança serão calculados considerando os resultados obtidos para um nível de confiança de 95%.  ";"Os pesquisadores envolvidos na realização desta pesquisa são treinados pelo Instituto e recebem instruções específicas para cada projeto realizado. A coleta será feita com a utilização de tablet e questionário eletrônico. São checados, no mínimo, 30% dos questionários de cada pesquisador, seja in loco por supervisores de campo ou, posteriormente, por telefone. Internamente, todo o material é verificado e codificado. Antes do processamento final e emissão dos resultados, realiza-se processo de consistência dos dados.";"#NULO#"
"24/08/2022";"00:10:36";"2018";"5";"Eleições Gerais 2018";"PE";"PE";"PERNAMBUCO";"PE051002018";"28/09/2018";"07630546000175";"DATAFOLHA INSTITUTO DE PESQUISAS LTDA.";"#NULO#";"Governador, Senador";"03/10/2018";"04/10/2018";"1400";"72.49A";"Renata Nunes César";"252552,00";"60579703000148";"EMPRESA FOLHA DA MANHA S.A.";"Recursos Próprios";"07630546000175";"DATAFOLHA INSTITUTO DE PESQUISAS LTDA.";"Pesquisa do tipo quantitativo, por amostragem, com aplicação de questionário estruturado e abordagem pessoal em pontos de fluxo populacional. O conjunto do eleitorado do Estado de Pernambuco com 16 anos ou mais foi tomado como universo da pesquisa.";"Universo: Eleitorado do Estado de Pernambuco, com 16 anos ou mais. Tamanho da amostra: A amostra prevista é de 1.400 entrevistas. Técnica de amostragem: A amostra é estratificada por natureza dos municípios (capital, região metropolitana ou interior). Em cada estrato, num primeiro estágio, são sorteados os municípios que farão parte do levantamento. Num segundo estágio, são sorteados os bairros e pontos de abordagem onde serão aplicadas as entrevistas.  Por fim, os entrevistados são selecionados aleatoriamente para responder ao questionário, de acordo com cotas de sexo e faixa etária. Nesta amostra, o estrato referente à capital foi desproporcionalizado para permitir detalhamento. Nos resultados finais, as corretas proporções serão restabelecidas através de ponderação. A amostra prevista é de 1.400 questionários, sendo 406 na capital. Os dados utilizados para definição e seleção da amostra são baseados nos dados fornecidos pelo TSE ¿ Tribunal Superior Eleitoral (eleitorado de agosto 2018) e IBGE (Estimativa 2018). Os dados relativos a sexo e faixa etária são: Sexo masculino 46%, feminino: 54%, 16 a 24 anos 16%, 25 a 34 anos 22%, 35 a 44 anos 21%, 45 a 59 anos 24% e 60 anos ou mais 17%. Ponderação dos resultados: No processamento dos dados é realizada ponderação referente à proporção de cada cidade na amostra para correta representação das regiões. Está prevista a eventual ponderação para correção nos tamanhos dos segmentos considerando as variáveis sexo e faixa etária. Para as variáveis grau de instrução e nível econômico do entrevistado (renda familiar mensal), o fator previsto para ponderação é 1 (resultados obtidos em campo).   Área física: Serão realizadas entrevistas em 59 municípios, localizados no Estado de Pernambuco. A relação completa dos municípios e bairros pesquisados será encaminhada a esse tribunal posteriormente até o sétimo dia seguinte à data de registro da pesquisa, conforme a Resolução 23.549/2017 do TSE, no art.2º §6º. Margem de Erro: A margem de erro máxima prevista é de 3 pontos percentuais para mais ou para menos, considerando um nível de confiança de 95%. Os intervalos de confiança serão calculados considerando os resultados obtidos para um nível de confiança de 95%.  ";"Os pesquisadores envolvidos na realização desta pesquisa são treinados pelo Instituto e recebem instruções específicas para cada projeto realizado. A coleta será feita com a utilização de tablet e questionário eletrônico. São checados, no mínimo, 30% dos questionários de cada pesquisador, seja in loco por supervisores de campo ou, posteriormente, por telefone. Internamente, todo o material é verificado e codificado. Antes do processamento final e emissão dos resultados, realiza-se processo de consistência dos dados.";"#NULO#"
"24/08/2022";"00:10:36";"2018";"5";"Eleições Gerais 2018";"PE";"PE";"PERNAMBUCO";"PE055752018";"04/09/2018";"11849437000110";"IPESPE INST DE PESQUISAS SOCIAIS POLITICAS E ECONOMICAS";"#NULO#";"Governador, Senador";"06/09/2018";"08/09/2018";"800";"5255 da 5a. Região";"Joaquim André Harmes Figueiredo";"38500,00";"01935632000100";"EDITORA FOLHA DE PERNAMBUCO LTDA / FOLHA DE PERNAMBUCO";"Recursos Próprios";"11849437000110";"IPESPE INST DE PESQUISAS SOCIAIS POLITICAS E ECONOMICAS";"Pesquisa quantitativa, face a face, através de entrevistas a pessoas às quais é aplicado um questionário estruturado. Essas pessoas constituem uma amostra representativa do eleitorado para o qual se pretende generalizar os resultados obtidos, ou seja, o eleitorado do Estado de Pernambuco. As entrevistas serão realizadas por equipes de pesquisadores, com bastante experiência nesse tipo de trabalho, e especialmente treinados para esta pesquisa. Serão realizadas 800 entrevistas.  ";"Serão realizadas 800 entrevistas no estado de PE. Sendo 18% na capital, 25% na periferia e 57% no interior. No plano de amostragem utilizado para a estratificação são considerados os municípios, os sexos e as faixas etárias dos entrevistados. Inicialmente as unidades amostrais são os municípios e no estágio seguinte são as pessoas residentes nos municípios. Para a seleção dos entrevistados será utilizado o sistema de cotas amostrais segundo Sexo e Grupos de idade. O número de entrevistas foi estabelecido com base em uma amostragem aleatória simples com um nível estimado de 95,45 % de confiança e uma margem de erro estimada de 3,5 pontos percentuais sobre os resultados encontrados no total da amostra. A distribuição amostral esperada é masculino 46 %, feminino 54 %. 16 a 24 anos 16%, 25 a 44 anos 43%, 45 a 59 anos 24% , 60 anos e mais 17% . até ensino fundamental 52%, ensino médio 37% e ensino superior 12%. renda familiar de até 2 salários mínimos 59%, de mais de 2 a 5 salários mínimos 30%, de mais de 5 salários mínimos 11%. Está prevista eventual ponderação para correção das variáveis demográficas e econômicas, com base nos percentuais anteriormente mencionados, caso ocorram diferenças superiores a 3 pontos percentuais entre o previsto na amostra e a coleta de dados realizada. Fontes dos Dados: Censo 2010/ PNAD, da Fundação IBGE/ TSE.  ";"Após os trabalhos de campo, os questionários são submetidos a uma fiscalização de cerca de 20% (vinte por cento) dos questionários aplicados pelos entrevistadores, para verificação das respostas e da adequação dos entrevistados aos parâmetros amostrais.";"A área física de realização da pesquisa é o Estado de Pernambuco. Os municípios nos quais serão realizadas as entrevistas serão informados após a conclusão do levantamento de campo."
"24/08/2022";"00:10:36";"2018";"5";"Eleições Gerais 2018";"PE";"PE";"PERNAMBUCO";"PE055992018";"27/09/2018";"29842579000111";"REAL TIME BIG DATA GESTAO DE DADOS LTDA.";"REAL TIME BIG DATA";"Senador, Governador";"02/10/2018";"02/10/2018";"1200";"7655";"Augusto da Silva Rocha";"15000,00";"29842579000111";"REAL TIME BIG DATA GESTAO DE DADOS LTDA.";"#NULO#";"29842579000111";"REAL TIME BIG DATA GESTAO DE DADOS LTDA.";"Pesquisa quantitativa, que consiste na realização de entrevistas por telefone, com a aplicação de questionário estruturado junto a uma amostra, representativa do eleitorado em estudo.";"Universo: 6.570.072 eleitores (TSE). Amostra: 1200 entrevistas. Nível de Confiança: 95%. Margem de Erro: até 3 pontos percentuais para mais ou para menos. Divisão Censitária. Ponderação quanto ao sexo e faixa etária: Masculino de 16 a 24 anos (8,0%), Masculino de 25 a 34 anos (10,4%), Masculino de 35 a 44 anos (9,9%), Masculino de 45 a 59 anos (10,7%) e Masculino acima de 59 anos (7,3%). Feminino de 16 a 24 anos (8,5%), Feminino de 25 a 34 anos (11,6%), Feminino de 35 a 44 anos (11,2%), Feminino de 45 a 59 anos (13,0%) e Feminino acima de 59 anos (9,4%). Ponderação quanto ao nível de instrução: 33% de Analfabeto / Fundamental Incompleto, 18% de Lê e escreve / Fundamental Completo, 37% de Médio Incompleto / Médio Completo e 12% de Superior Incompleto / Superior Completo. Ponderação quanto a distribuição por renda mensal domiciliar: 38% até 1 SM, 28% de 1 até 2 SM, 23% de 2 até 5 SM, 7% de 5 até 10 SM e 4% acima de 10 SM. FONTE DOS DADOS: IBGE | TSE 2018";"Checagem de 20% da amostra efetuada pelos supervisores. Todos os entrevistadores foram amplamente treinados e orientados tanto teoricamente quanto praticamente sobre suas responsabilidade e funções, respeitando as cotas pré-estabelecidas. A equipe está dividida em coordenadoria-geral / supervisores / entrevistadores.";"Em anexo."
"24/08/2022";"00:10:36";"2018";"5";"Eleições Gerais 2018";"PE";"PE";"PERNAMBUCO";"PE058412018";"29/09/2018";"07630546000175";"DATAFOLHA INSTITUTO DE PESQUISAS LTDA.";"#NULO#";"Senador, Governador";"05/10/2018";"06/10/2018";"2314";"72.49A";"Renata Nunes César";"252552,00";"27865757000102";"GLOBO COMUNICACAO E PARTICIPACOES S/A / GCP,TV GLOBO, REDE GLOBO, GLOBO.COM, SOM LIVRE";"Recursos Próprios";"07630546000175";"DATAFOLHA INSTITUTO DE PESQUISAS LTDA.";"Pesquisa do tipo quantitativo, por amostragem, com aplicação de questionário estruturado e abordagem pessoal em pontos de fluxo populacional. O conjunto do eleitorado do Estado de Pernambuco com 16 anos ou mais foi tomado como universo da pesquisa.";"Universo: Eleitorado do Estado de Pernambuco, com 16 anos ou mais. Tamanho da amostra: A amostra prevista é de 2.314 entrevistas. Técnica de amostragem: A amostra é estratificada por natureza dos municípios (capital, região metropolitana ou interior). Em cada estrato, num primeiro estágio, são sorteados os municípios que farão parte do levantamento. Num segundo estágio, são sorteados os bairros e pontos de abordagem onde serão aplicadas as entrevistas.  Por fim, os entrevistados são selecionados aleatoriamente para responder ao questionário, de acordo com cotas de sexo e faixa etária. Nesta amostra, o estrato referente à capital foi desproporcionalizado para permitir detalhamento. Nos resultados finais, as corretas proporções serão restabelecidas através de ponderação. A amostra prevista é de 2.314 questionários, sendo 598 na capital. Os dados utilizados para definição e seleção da amostra são baseados nos dados fornecidos pelo TSE ¿ Tribunal Superior Eleitoral (eleitorado de agosto 2018) e IBGE (Estimativa 2018). Os dados relativos a sexo e faixa etária são: Sexo masculino 46%, feminino: 54%, 16 a 24 anos 16%, 25 a 34 anos 22%, 35 a 44 anos 21%, 45 a 59 anos 24% e 60 anos ou mais 17%. Ponderação dos resultados: No processamento dos dados é realizada ponderação referente à proporção de cada cidade na amostra para correta representação das regiões. Está prevista a eventual ponderação para correção nos tamanhos dos segmentos considerando as variáveis sexo e faixa etária. Para as variáveis grau de instrução e nível econômico do entrevistado (renda familiar mensal), o fator previsto para ponderação é 1 (resultados obtidos em campo).   Área física: Serão realizadas entrevistas em 59 municípios, localizados no Estado de Pernambuco. A relação completa dos municípios e bairros pesquisados será encaminhada a esse tribunal posteriormente até o sétimo dia seguinte à data de registro da pesquisa, conforme a Resolução 23.549/2017 do TSE, no art.2º §6º. Margem de Erro: A margem de erro máxima prevista é de 2 pontos percentuais para mais ou para menos, considerando um nível de confiança de 95%. Os intervalos de confiança serão calculados considerando os resultados obtidos para um nível de confiança de 95%.  ";"Os pesquisadores envolvidos na realização desta pesquisa são treinados pelo Instituto e recebem instruções específicas para cada projeto realizado. A coleta será feita com a utilização de tablet e questionário eletrônico. São checados, no mínimo, 30% dos questionários de cada pesquisador, seja in loco por supervisores de campo ou, posteriormente, por telefone. Internamente, todo o material é verificado e codificado. Antes do processamento final e emissão dos resultados, realiza-se processo de consistência dos dados.";"#NULO#"
"24/08/2022";"00:10:36";"2018";"5";"Eleições Gerais 2018";"PE";"PE";"PERNAMBUCO";"PE058412018";"29/09/2018";"07630546000175";"DATAFOLHA INSTITUTO DE PESQUISAS LTDA.";"#NULO#";"Senador, Governador";"05/10/2018";"06/10/2018";"2314";"72.49A";"Renata Nunes César";"252552,00";"60579703000148";"EMPRESA FOLHA DA MANHA S.A.";"Recursos Próprios";"07630546000175";"DATAFOLHA INSTITUTO DE PESQUISAS LTDA.";"Pesquisa do tipo quantitativo, por amostragem, com aplicação de questionário estruturado e abordagem pessoal em pontos de fluxo populacional. O conjunto do eleitorado do Estado de Pernambuco com 16 anos ou mais foi tomado como universo da pesquisa.";"Universo: Eleitorado do Estado de Pernambuco, com 16 anos ou mais. Tamanho da amostra: A amostra prevista é de 2.314 entrevistas. Técnica de amostragem: A amostra é estratificada por natureza dos municípios (capital, região metropolitana ou interior). Em cada estrato, num primeiro estágio, são sorteados os municípios que farão parte do levantamento. Num segundo estágio, são sorteados os bairros e pontos de abordagem onde serão aplicadas as entrevistas.  Por fim, os entrevistados são selecionados aleatoriamente para responder ao questionário, de acordo com cotas de sexo e faixa etária. Nesta amostra, o estrato referente à capital foi desproporcionalizado para permitir detalhamento. Nos resultados finais, as corretas proporções serão restabelecidas através de ponderação. A amostra prevista é de 2.314 questionários, sendo 598 na capital. Os dados utilizados para definição e seleção da amostra são baseados nos dados fornecidos pelo TSE ¿ Tribunal Superior Eleitoral (eleitorado de agosto 2018) e IBGE (Estimativa 2018). Os dados relativos a sexo e faixa etária são: Sexo masculino 46%, feminino: 54%, 16 a 24 anos 16%, 25 a 34 anos 22%, 35 a 44 anos 21%, 45 a 59 anos 24% e 60 anos ou mais 17%. Ponderação dos resultados: No processamento dos dados é realizada ponderação referente à proporção de cada cidade na amostra para correta representação das regiões. Está prevista a eventual ponderação para correção nos tamanhos dos segmentos considerando as variáveis sexo e faixa etária. Para as variáveis grau de instrução e nível econômico do entrevistado (renda familiar mensal), o fator previsto para ponderação é 1 (resultados obtidos em campo).   Área física: Serão realizadas entrevistas em 59 municípios, localizados no Estado de Pernambuco. A relação completa dos municípios e bairros pesquisados será encaminhada a esse tribunal posteriormente até o sétimo dia seguinte à data de registro da pesquisa, conforme a Resolução 23.549/2017 do TSE, no art.2º §6º. Margem de Erro: A margem de erro máxima prevista é de 2 pontos percentuais para mais ou para menos, considerando um nível de confiança de 95%. Os intervalos de confiança serão calculados considerando os resultados obtidos para um nível de confiança de 95%.  ";"Os pesquisadores envolvidos na realização desta pesquisa são treinados pelo Instituto e recebem instruções específicas para cada projeto realizado. A coleta será feita com a utilização de tablet e questionário eletrônico. São checados, no mínimo, 30% dos questionários de cada pesquisador, seja in loco por supervisores de campo ou, posteriormente, por telefone. Internamente, todo o material é verificado e codificado. Antes do processamento final e emissão dos resultados, realiza-se processo de consistência dos dados.";"#NULO#"
"24/08/2022";"00:10:36";"2018";"5";"Eleições Gerais 2018";"PE";"PE";"PERNAMBUCO";"PE070112018";"29/09/2018";"00654576000172";"INSTITUTO VERITA LTDA - EPP";"VERITA";"Governador, Senador";"02/10/2018";"05/10/2018";"2020";"7806";"James Richard Silva Santos Ferro";"78780,00";"00654576000172";"INSTITUTO VERITA LTDA - EPP";"#NULO#";"00654576000172";"INSTITUTO VERITA LTDA - EPP";"Pesquisa quantitativa, que consiste na realização de entrevistas, com a aplicação de questionário estruturado junto a uma amostra representativa do eleitorado desta Unidade da Federação.";"ESTUDO REPRESENTATIVO DO ELEITORADO DO ESTADO Pernambuco - MÉTODO PPT (Probabilidade Proporcional ao Tamanho)   -   PLANO AMOSTRAL E PONDERAÇÃO QUANTO A SEXO, IDADE, GRAU DE INSTRUÇÃO E NÍVEL ECONÔMICO DO ENTREVISTADO. INTERVALO DE CONFIANÇA E MARGEM DE ERRO: Representativo do eleitorado da área em estudo, elaborada, em vários estágios, da seguinte forma:   -   1. Divisão da UF em três estratos 2. Ordenação dos municípios de cada estrato segundo o porte, redividindo, em cada estrato, em Três subestratos contendo aproximadamente o mesmo número de domicílios. 3. Sorteio dos municípios por amostragem de conglomerados, de acordo com porte mantendo a proporção de eleitores  4. Sorteio, dentro de cada município de bairros ou setores censitários onde serão realizadas entrevistas. 5. Os respondentes são selecionados através de quotas amostrais proporcionais em função de variáveis significativas, a saber:  -   IDADE: FEMININO, 16 A 24 A NOS. 8,5%/ MASCULINO, 16 A 24 ANOS. 8,0% / FEMININO, 25 A 34 ANOS. 11,6% / MASCULINO, 25 A 34 ANOS. 10,5% /FEMININO, 35 A 44 ANOS. 11,2% / MASCULINO, 35 A 44 ANOS. 9,9% / FEMININO, 45 A 59 ANOS. 13,0%/ MASCULINO, 45 A 59 ANOS. 10,8% / FEMININO, 60 ANOS OU MAIS. 9,4%/ MASCULINO, 60 ANOS OU MAIS. 7,3%-  GRAU DE INSTRUÇÃO: Analfabeto até Ensino Médio completo 65,6%,  Superior incompleto, completo ou mais ou mais 34,4% -  NÍVEL ECONÔMICO: FEMININO Não PEA 57,0%, FEMININO PEA 43,0%, MASCULINO Não PEA 34,5%, MASCULINO PEA 65,5%    -    Está prevista eventual ponderação para correção das variáveis, com base nos percentuais anteriormente mencionados, caso ocorram diferenças superiores a margem de erro da pesquisa de  2,2 pontos percentuais entre o previsto na amostra e a coleta de dados realizada. Para as variáveis de grau de instrução e nível econômico do entrevistado, o fator previsto para ponderação é 1 (resultados obtidos em campo). O nível de confiança estimado é de 95% e a margem de erro máxima estimada considerando um modelo de amostragem aleatório simples, é de 2,2 pontos percentuais para mais ou para menos sobre os resultados encontrados no total da amostra. FONTE DOS DADOS: Censo 2010, PNAD 2017, TSE 2018, dentre outras";"Para a realização da pesquisa, utiliza-se uma equipe de entrevistadores e supervisores contratados pelo INSTITUTO VERITÁ LTDA. devidamente treinados para o trabalho. Após os trabalhos de campo, os questionários são submetidos a uma fiscalização de cerca de 20% (vinte por cento) dos questionários aplicados pelos entrevistadores. para verificação das respostas e da adequação dos entrevistadores aos parâmetros amostrais.";"A PESQUISA NÃO FOI DIVULGADA."
"24/08/2022";"00:10:36";"2018";"5";"Eleições Gerais 2018";"PE";"PE";"PERNAMBUCO";"PE071012018";"21/09/2018";"68802370000186";"IBOPE INTELIGENCIA PESQUISA E CONSULTORIA LTDA";"#NULO#";"Senador, Governador";"21/09/2018";"27/09/2018";"1512";"6208-A";"Márcia Cavallari Nunes";"113229,98";"10798130000175";"EDITORA JORNAL DO COMMERCIO S.A / ";"Recursos Próprios";"68802370000186";"IBOPE INTELIGENCIA PESQUISA E CONSULTORIA LTDA";"Pesquisa quantitativa, que consiste na realização de entrevistas pessoais, com a aplicação de questionário estruturado junto a uma amostra representativa do eleitorado em estudo. Pesquisa realizada no estado de Pernambuco.";"Representativo do eleitorado da área em estudo, elaborada em três estágios. No primeiro estágio faz-se um sorteio probabilístico dos municípios, onde as entrevistas serão realizadas, pelo método PPT (Probabilidade Proporcional ao Tamanho), tomando o eleitorado como base para tal seleção. No segundo estágio faz-se um sorteio probabilístico dos setores censitários, onde as entrevistas serão realizadas, pelo método PPT (Probabilidade Proporcional ao Tamanho), tomando a população de 16 anos ou mais residente nos setores como base para tal seleção. No terceiro e último estágio, dentro dos setores sorteados, os respondentes são selecionados através de quotas amostrais proporcionais em função de variáveis significativas, a saber: IDADE: 16-24 (masculino) 19% (feminino) 17%. 25-34 (masculino) 23% (feminino) 22%. 35-44 (masculino) 22% (feminino) 21%. 45-54 (masculino) 17% (feminino) 18%. 55 e+ (masculino) 19% (feminino) 22%. INSTRUÇÃO: Até Ensino Médio (masculino) 86% (feminino) 81%. Ensino Superior (masculino) 14% (feminino) 19%. NÍVEL ECONÔMICO: Economicamente ativo (masculino) 66% (feminino) 42%. Não Economicamente ativo (masculino) 34% (feminino) 58%. Está prevista eventual ponderação para correção das variáveis sexo e idade, com base nos percentuais anteriormente mencionados, caso ocorram diferenças superiores a 3 pontos percentuais entre o previsto na amostra e a coleta de dados realizada. Para as variáveis de grau de instrução e nível econômico do entrevistado, o fator previsto para ponderação é 1 (resultados obtidos em campo). O nível de confiança estimado é de 95% e a margem de erro máxima estimada considerando um modelo de amostragem aleatório simples, é de 03 (três) pontos percentuais para mais ou para menos sobre os resultados encontrados no total da amostra. FONTE DOS DADOS: Censo 2010 | PNADC 2016 | TSE 2018.";"Para a realização da pesquisa, utiliza-se uma equipe de entrevistadores e supervisores contratados pelo IBOPE INTELIGÊNCIA PESQUISA E CONSULTORIA LTDA. devidamente treinados para o trabalho. Após os trabalhos de campo, os questionários são submetidos a uma fiscalização de cerca de 20% (vinte por cento) dos questionários aplicados pelos entrevistadores. para verificação das respostas e da adequação dos entrevistados aos parâmetros amostrais.    ";"A área de abrangência da coleta é o estado de Pernambuco. A relação das localidades selecionadas para aplicação da amostra será apresentada até o 7º dia seguinte ao registro da pesquisa, conforme expresso no art. 2º, §6º da Resolução 23.549/2017 do TSE.  "
"24/08/2022";"00:10:36";"2018";"5";"Eleições Gerais 2018";"PE";"PE";"PERNAMBUCO";"PE071012018";"21/09/2018";"68802370000186";"IBOPE INTELIGENCIA PESQUISA E CONSULTORIA LTDA";"#NULO#";"Senador, Governador";"21/09/2018";"27/09/2018";"1512";"6208-A";"Márcia Cavallari Nunes";"113229,98";"27865757000102";"GLOBO COMUNICACAO E PARTICIPACOES S/A / GCP,TV GLOBO, REDE GLOBO, GLOBO.COM, SOM LIVRE";"Recursos Próprios";"68802370000186";"IBOPE INTELIGENCIA PESQUISA E CONSULTORIA LTDA";"Pesquisa quantitativa, que consiste na realização de entrevistas pessoais, com a aplicação de questionário estruturado junto a uma amostra representativa do eleitorado em estudo. Pesquisa realizada no estado de Pernambuco.";"Representativo do eleitorado da área em estudo, elaborada em três estágios. No primeiro estágio faz-se um sorteio probabilístico dos municípios, onde as entrevistas serão realizadas, pelo método PPT (Probabilidade Proporcional ao Tamanho), tomando o eleitorado como base para tal seleção. No segundo estágio faz-se um sorteio probabilístico dos setores censitários, onde as entrevistas serão realizadas, pelo método PPT (Probabilidade Proporcional ao Tamanho), tomando a população de 16 anos ou mais residente nos setores como base para tal seleção. No terceiro e último estágio, dentro dos setores sorteados, os respondentes são selecionados através de quotas amostrais proporcionais em função de variáveis significativas, a saber: IDADE: 16-24 (masculino) 19% (feminino) 17%. 25-34 (masculino) 23% (feminino) 22%. 35-44 (masculino) 22% (feminino) 21%. 45-54 (masculino) 17% (feminino) 18%. 55 e+ (masculino) 19% (feminino) 22%. INSTRUÇÃO: Até Ensino Médio (masculino) 86% (feminino) 81%. Ensino Superior (masculino) 14% (feminino) 19%. NÍVEL ECONÔMICO: Economicamente ativo (masculino) 66% (feminino) 42%. Não Economicamente ativo (masculino) 34% (feminino) 58%. Está prevista eventual ponderação para correção das variáveis sexo e idade, com base nos percentuais anteriormente mencionados, caso ocorram diferenças superiores a 3 pontos percentuais entre o previsto na amostra e a coleta de dados realizada. Para as variáveis de grau de instrução e nível econômico do entrevistado, o fator previsto para ponderação é 1 (resultados obtidos em campo). O nível de confiança estimado é de 95% e a margem de erro máxima estimada considerando um modelo de amostragem aleatório simples, é de 03 (três) pontos percentuais para mais ou para menos sobre os resultados encontrados no total da amostra. FONTE DOS DADOS: Censo 2010 | PNADC 2016 | TSE 2018.";"Para a realização da pesquisa, utiliza-se uma equipe de entrevistadores e supervisores contratados pelo IBOPE INTELIGÊNCIA PESQUISA E CONSULTORIA LTDA. devidamente treinados para o trabalho. Após os trabalhos de campo, os questionários são submetidos a uma fiscalização de cerca de 20% (vinte por cento) dos questionários aplicados pelos entrevistadores. para verificação das respostas e da adequação dos entrevistados aos parâmetros amostrais.    ";"A área de abrangência da coleta é o estado de Pernambuco. A relação das localidades selecionadas para aplicação da amostra será apresentada até o 7º dia seguinte ao registro da pesquisa, conforme expresso no art. 2º, §6º da Resolução 23.549/2017 do TSE.  "
"24/08/2022";"00:10:36";"2018";"5";"Eleições Gerais 2018";"PE";"PE";"PERNAMBUCO";"PE073362018";"09/08/2018";"11849437000110";"IPESPE INST DE PESQUISAS SOCIAIS POLITICAS E ECONOMICAS";"#NULO#";"Governador, Senador";"11/08/2018";"13/08/2018";"800";"5255 da 5a. Região";"Joaquim André Harmes Figueiredo";"27000,00";"01935632000100";"EDITORA FOLHA DE PERNAMBUCO LTDA / FOLHA DE PERNAMBUCO";"Recursos Próprios";"11849437000110";"IPESPE INST DE PESQUISAS SOCIAIS POLITICAS E ECONOMICAS";"Pesquisa quantitativa, telefônica, através de entrevistas a pessoas às quais é aplicado um questionário estruturado. Essas pessoas constituem uma amostra representativa dos eleitores do estado de Pernambuco com acesso à rede telefônica fixa (na residência ou no trabalho) e a telefone celular. As entrevistas serão realizadas por equipes de pesquisadores, com bastante experiência nesse tipo de trabalho, e especialmente treinados para esta pesquisa.";"Serão realizadas 800 entrevistas no estado de PE. Sendo 18% na capital, 25% na periferia e 57% no interior. No plano de amostragem utilizado para a estratificação são considerados os municípios, os sexos e as faixas etárias dos entrevistados. Inicialmente as unidades amostrais são os municípios e no estágio seguinte são as pessoas residentes nos municípios. Para a seleção dos entrevistados será utilizado o sistema de cotas amostrais segundo Sexo e Grupos de idade. O número de entrevistas foi estabelecido com base em uma amostragem aleatória simples com um nível estimado de 95,45 % de confiança e uma margem de erro estimada de 3,5 pontos percentuais sobre os resultados encontrados no total da amostra. A distribuição amostral esperada é masculino 46 %, feminino 54 %. 16 a 24 anos 16%, 25 a 44 anos 43%, 45 a 59 anos 24% , 60 anos e mais 17% . até ensino fundamental 52%, ensino médio 37% e ensino superior 12%. renda familiar de até 2 salários mínimos 59%, de mais de 2 a 5 salários mínimos 30%, de mais de 5 salários mínimos 11%. Está prevista eventual ponderação para correção das variáveis demográficas e econômicas, com base nos percentuais anteriormente mencionados, caso ocorram diferenças superiores a 3 pontos percentuais entre o previsto na amostra e a coleta de dados realizada. Fontes dos Dados: Censo 2010/ PNAD, da Fundação IBGE/ TSE.";"Durante a realização das entrevistas os questionários serão submetidos a uma fiscalização em tempo real, com checagem de pelo menos 80% dos questionários aplicados pelos entrevistadores, para verificação das respostas e da adequação dos entrevistados aos parâmetros amostrais.";"A área física de realização da pesquisa é o Estado de Pernambuco. Os municípios nos quais serão realizadas as entrevistas serão informados após a conclusão do levantamento de campo."
"24/08/2022";"00:10:36";"2018";"5";"Eleições Gerais 2018";"PE";"PE";"PERNAMBUCO";"PE080432018";"17/01/2018";"22198794000182";"ANDRE CAVALCANTE FALABELLA LTDA";"INSTITUTO DE PESQUISA MULTIPLA";"Governador, Senador";"18/01/2018";"22/01/2018";"600";"6149-A";"Eduardo José Pereira da Costa";"15000,00";"22198794000182";"ANDRE CAVALCANTE FALABELLA LTDA";"#NULO#";"22198794000182";"ANDRE CAVALCANTE FALABELLA LTDA";"Pesquisa quantitativa, que consiste na realização de entrevistas pessoais, com aplicação de questionários estruturado junto a uma amostra representativa do eleitorado em estudo. Eleitorado do Estado de Pernambuco.";"Utiliza-se o método de amostragem estratificada proporcional de conglomerados selecionados com probabilidade proporcional ao tamanho (PPT) em 03 estágios. No primeiro estágio separam-se as mesorregiões do estado, usando-se o método PPT (probabilidade proporcional ao tamanho). No segundo estágio os conglomerados selecionados são os municípios com base no método PPT (probabilidade proporcional ao tamanho). A medida de tamanho adotada para a seleção dos conglomerados é a população residente das mesorregiões e municípios, de acordo com dados censitários disponibilizados pelo Instituto Brasileiro de geografia e estatística (IBGE). No terceiro estágio são definidas as cotas de sexo e idade conforme informações estatísticas disponibilizadas pelo Tribunal Superior eleitoral (TSE). O controle das cotas é feito pela equipe de supervisores e pesquisadores que compõe a pesquisa: Perfil da amostra: Masculino 46,6%, Feminino 53,4%. 16 a 24 anos 17,4%, 25 a 34 anos 22,9%, 35 a 44 anos 20,8%, 45 a 59 anos 23,0% e 60 anos ou mais 15,9%. Até fundamental completo 58,3%, Médio completo e incompleto 32,3%, Superior completo e incompleto 9,4%. Até R$ 954,00 31,3%, De R$ 954,01 a R$ 4.770,00 55,2% e acima de R$ 4.770,00 13,5%. São previstas eventuais ponderações para as variáveis sexo e idade caso a diferença entre o previsto na amostra e a coleta dos dados seja superior a 3 pontos percentuais. para as variáveis escolaridade e renda domiciliar o fator previsto para ponderação é 1 (resultados obtidos em campo). A amostra é composta por 600 entrevistas aplicadas na população que tenha título de eleitor, more e vote no Estado de Pernambuco e distribuída da seguinte forma: Região Metropolitana 42,2%, Zona da Mata 14,6%, Agreste 25,2 e Sertão 18,0%. O intervalo de confiança estimado é de 95% para uma margem de erro para mais ou para menos de 4,1%";"Para realização da pesquisa, utilizam-se uma equipe de entrevistadores e supervisores, contratados pelo Instituto. Todos devidamente treinados para execução do trabalho. Após a coleta das informações, 20% dos questionários aplicados serão submetidos à verificação de critérios, quanto a sua aplicação e adequação dos entrevistados ás variáveis das cotas amostrais.";"A área da pesquisa compreende o estado da Pernambuco, composta por 04 (quatro) mesorregiões: Região Metropolitana, Agreste, Sertão e Zona da Mata e os seguintes municípios: Floresta, Petrolândia, Cabrobó, Petrolina, Santa Maria da Boa Vista, Araripina, Bodocó, Exu, Ipubi, Ouricuri, Salgueiro, São José do Belmonte, Afogados da Ingazeira, São José do Egito, Serra Talhada, Arcoverde, Custódia, Sertânia, Águas Belas, Bom Conselho, Buique, Garanhuns, Lajedo, Belo Jardim, Bezerros, Bonito, Brejo da Madre Deus, Caruaru, Gravatá, Pesqueira, São Bento do Uma, São Caetano, Bom Jardim, João Alfredo, Limoeiro, Santa Cruz do Capibaribe, Surubim, Toritama, Abreu e Lima, Cabo, Camaragibe, Igarassu, Ipojuca, Jaboatão dos Guararapes, Moreno, Olinda, Paulista, Recife, São Lourenço da Mata, Água Preta, Barreiros, Catende, Escada, Palmares, Ribeirão, Sirinhaém, Vitória de Santo Antão, Aliança, Carpina, Glória de Goitá"
"24/08/2022";"00:10:36";"2018";"5";"Eleições Gerais 2018";"PE";"PE";"PERNAMBUCO";"PE091392018";"09/07/2018";"10575983000148";"DATAMETRICA PESQUISA DE OPINIAO E CONSULTORIA LTDA";"DATAMETRICA PESQUISA E CONSULTORIA";"Governador, Senador";"11/07/2018";"12/07/2018";"600";"10565";"João Paulo Campos";"12000,00";"10575983000148";"DATAMETRICA PESQUISA DE OPINIAO E CONSULTORIA LTDA";"#NULO#";"10575983000148";"DATAMETRICA PESQUISA DE OPINIAO E CONSULTORIA LTDA";"A pesquisa da Datamétrica é um levantamento estatístico por amostragem em três estagio. A população alvo é o eleitorado registrado no TSE.  Em relação ao método de amostragem em três estágios será feito o seguinte: estratificação por mesorregiões do estado, considerando o método PPT. Sorteio de conglomerados (municípios) é feito por método PPT em cada mesorregião. Definição de cotas por sexo, idade, escolaridade e renda domiciliar.  Fonte de dados utilizados foram o Tribunal Superior Eleitoral e o Instituto Brasileiro de Geografia e Estatística.";"Perfil da amostra: Masculino 46,3%, Feminino 53,7%. 16 a 24 anos 17,2%, 25 a 34 anos 22,2%, 35 a 44 anos 21,0%, 45 a 59 anos 23,5%, 60 anos ou mais 16,1%. Até Fundamental completo 51,7%, Médio (completo e incompleto) 36,7%, Superior (completo e incompleto) 11,6%. Até 01 salário mínimo 38,0%, De 01 a 05 salários mínimos 50,8% e acima de 05 salários mínimos 11,2%. São previstas eventuais ponderações para as variáveis para as cotas caso encontrem-se diferenças entre o previsto na amostra e a coleta de dados seja superior a margem de erro estimada para a pesquisa. A amostra é composta por 600 entrevistas aplicadas na população que tenha título de eleitor, more e vote no estado de Pernambuco e distribuída da seguinte forma: Região Metropolitana 41,8%, Zona da Mata 14,6%, Agreste 25,8%, Sertão 11,4% e São Francisco 6,5. O intervalo de confiança estimado é de 95% para uma margem de erro para mais ou para menos de 4,0%.";"As consultas são realizadas por entrevistadores treinados para este trabalho. Após os trabalhos de campo, as cotas amostrais são checadas, e é feito um controle da codificação da consistência dos dados. Em torno de 15% dos questionários aplicados são fiscalizados através do retorno ao campo. A transcrição dos dados obtidos é tabulada e processada eletronicamente, usando o pacote estatístico SPSS­ Statistical Package for Social Sciences.";"As entrevistas serão realizadas nas seguintes cidades: Arcoverde, Salgueiro, Serra Talhada, Sertânia, Jaboatão dos Guararapes, Olinda, Recife, Camaragibe, Bezerros, Garanhuns, Gravatá, Lajedo, Caruaru, Belo Jardim, Brejo da Madre de Deus, Santa Cruz do Capibaribe, Aliança, Goiana, Timbaúba, Barreiros, Escada, Palmares, São José da Coroa Grande, Vitória de Santo Antão e Petrolina."
"24/08/2022";"00:10:36";"2018";"5";"Eleições Gerais 2018";"PE";"PE";"PERNAMBUCO";"PE093512018";"14/09/2018";"07630546000175";"DATAFOLHA INSTITUTO DE PESQUISAS LTDA.";"#NULO#";"Senador, Governador";"18/09/2018";"19/09/2018";"1232";"72.49A";"Renata Nunes César";"252552,00";"27865757000102";"GLOBO COMUNICACAO E PARTICIPACOES S/A / GCP,TV GLOBO, REDE GLOBO, GLOBO.COM, SOM LIVRE";"Recursos Próprios";"07630546000175";"DATAFOLHA INSTITUTO DE PESQUISAS LTDA.";"Pesquisa do tipo quantitativo, por amostragem, com aplicação de questionário estruturado e abordagem pessoal em pontos de fluxo populacional. O conjunto do eleitorado do Estado de Pernambuco com 16 anos ou mais foi tomado como universo da pesquisa.";"Universo: Eleitorado do Estado de Pernambuco, com 16 anos ou mais. Tamanho da amostra: A amostra prevista é de 1232 entrevistas. Técnica de amostragem: A amostra é estratificada por natureza dos municípios (capital, região metropolitana ou interior). Em cada estrato, num primeiro estágio, são sorteados os municípios que farão parte do levantamento. Num segundo estágio, são sorteados os bairros e pontos de abordagem onde serão aplicadas as entrevistas.  Por fim, os entrevistados são selecionados aleatoriamente para responder ao questionário, de acordo com cotas de sexo e faixa etária. Nesta amostra, o estrato referente à capital foi desproporcionalizado para permitir detalhamento. Nos resultados finais, as corretas proporções serão restabelecidas através de ponderação. A amostra prevista é de 1232 questionários, sendo 406 na capital. Os dados utilizados para definição e seleção da amostra são baseados nos dados fornecidos pelo TSE ¿ Tribunal Superior Eleitoral (eleitorado de agosto 2018) e IBGE (Estimativa 2018). Os dados relativos a sexo e faixa etária são: Sexo masculino 46%, feminino: 54%, 16 a 24 anos 16%, 25 a 34 anos 22%, 35 a 44 anos 21%, 45 a 59 anos 24% e 60 anos ou mais 17%. Ponderação dos resultados: No processamento dos dados é realizada ponderação referente à proporção de cada cidade na amostra para correta representação das regiões. Está prevista a eventual ponderação para correção nos tamanhos dos segmentos considerando as variáveis sexo e faixa etária. Para as variáveis grau de instrução e nível econômico do entrevistado (renda familiar mensal), o fator previsto para ponderação é 1 (resultados obtidos em campo).   Área física: Serão realizadas entrevistas em 50 municípios, localizados no Estado de Pernambuco. A relação completa dos municípios e bairros pesquisados será encaminhada a esse tribunal posteriormente até o sétimo dia seguinte à data de registro da pesquisa, conforme a Resolução 23.549/2017 do TSE, no art.2º §6º. Margem de Erro: A margem de erro máxima prevista é de 3 pontos percentuais para mais ou para menos, considerando um nível de confiança de 95%. Os intervalos de confiança serão calculados considerando os resultados obtidos para um nível de confiança de 95%.  ";"Os pesquisadores envolvidos na realização desta pesquisa são treinados pelo Instituto e recebem instruções específicas para cada projeto realizado. A coleta será feita com a utilização de tablet e questionário eletrônico. São checados, no mínimo, 30% dos questionários de cada pesquisador, seja in loco por supervisores de campo ou, posteriormente, por telefone. Internamente, todo o material é verificado e codificado. Antes do processamento final e emissão dos resultados, realiza-se processo de consistência dos dados.";"#NULO#"
"24/08/2022";"00:10:36";"2018";"5";"Eleições Gerais 2018";"PE";"PE";"PERNAMBUCO";"PE093512018";"14/09/2018";"07630546000175";"DATAFOLHA INSTITUTO DE PESQUISAS LTDA.";"#NULO#";"Senador, Governador";"18/09/2018";"19/09/2018";"1232";"72.49A";"Renata Nunes César";"252552,00";"60579703000148";"EMPRESA FOLHA DA MANHA S.A.";"Recursos Próprios";"07630546000175";"DATAFOLHA INSTITUTO DE PESQUISAS LTDA.";"Pesquisa do tipo quantitativo, por amostragem, com aplicação de questionário estruturado e abordagem pessoal em pontos de fluxo populacional. O conjunto do eleitorado do Estado de Pernambuco com 16 anos ou mais foi tomado como universo da pesquisa.";"Universo: Eleitorado do Estado de Pernambuco, com 16 anos ou mais. Tamanho da amostra: A amostra prevista é de 1232 entrevistas. Técnica de amostragem: A amostra é estratificada por natureza dos municípios (capital, região metropolitana ou interior). Em cada estrato, num primeiro estágio, são sorteados os municípios que farão parte do levantamento. Num segundo estágio, são sorteados os bairros e pontos de abordagem onde serão aplicadas as entrevistas.  Por fim, os entrevistados são selecionados aleatoriamente para responder ao questionário, de acordo com cotas de sexo e faixa etária. Nesta amostra, o estrato referente à capital foi desproporcionalizado para permitir detalhamento. Nos resultados finais, as corretas proporções serão restabelecidas através de ponderação. A amostra prevista é de 1232 questionários, sendo 406 na capital. Os dados utilizados para definição e seleção da amostra são baseados nos dados fornecidos pelo TSE ¿ Tribunal Superior Eleitoral (eleitorado de agosto 2018) e IBGE (Estimativa 2018). Os dados relativos a sexo e faixa etária são: Sexo masculino 46%, feminino: 54%, 16 a 24 anos 16%, 25 a 34 anos 22%, 35 a 44 anos 21%, 45 a 59 anos 24% e 60 anos ou mais 17%. Ponderação dos resultados: No processamento dos dados é realizada ponderação referente à proporção de cada cidade na amostra para correta representação das regiões. Está prevista a eventual ponderação para correção nos tamanhos dos segmentos considerando as variáveis sexo e faixa etária. Para as variáveis grau de instrução e nível econômico do entrevistado (renda familiar mensal), o fator previsto para ponderação é 1 (resultados obtidos em campo).   Área física: Serão realizadas entrevistas em 50 municípios, localizados no Estado de Pernambuco. A relação completa dos municípios e bairros pesquisados será encaminhada a esse tribunal posteriormente até o sétimo dia seguinte à data de registro da pesquisa, conforme a Resolução 23.549/2017 do TSE, no art.2º §6º. Margem de Erro: A margem de erro máxima prevista é de 3 pontos percentuais para mais ou para menos, considerando um nível de confiança de 95%. Os intervalos de confiança serão calculados considerando os resultados obtidos para um nível de confiança de 95%.  ";"Os pesquisadores envolvidos na realização desta pesquisa são treinados pelo Instituto e recebem instruções específicas para cada projeto realizado. A coleta será feita com a utilização de tablet e questionário eletrônico. São checados, no mínimo, 30% dos questionários de cada pesquisador, seja in loco por supervisores de campo ou, posteriormente, por telefone. Internamente, todo o material é verificado e codificado. Antes do processamento final e emissão dos resultados, realiza-se processo de consistência dos dados.";"#NULO#"
