"DT_GERACAO";"HH_GERACAO";"AA_ELEICAO";"CD_ELEICAO";"NM_ELEICAO";"SG_UF";"SG_UE";"NM_UE";"NR_PROTOCOLO_REGISTRO";"DT_REGISTRO";"NR_CNPJ_EMPRESA";"NM_EMPRESA";"NM_EMPRESA_FANTASIA";"DS_CARGOS";"DT_INICIO_PESQUISA";"DT_FIM_PESQUISA";"QT_ENTREVISTADOS";"CD_CONRE";"NM_ESTATISTICO_RESP";"VR_PESQUISA";"NR_CPF_CNPJ_CONTRATANTE";"NM_CONTRATANTE";"DS_ORIGEM_RECURSO";"NR_CPF_CNPJ_PAGANTE";"NM_PAGANTE_PESQUISA";"DS_METODOLOGIA_PESQUISA";"DS_PLANO_AMOSTRAL";"DS_SISTEMA_CONTROLE";"DS_DADO_MUNICIPIO"
"24/08/2022";"00:10:36";"2018";"5";"Eleições Gerais 2018";"MG";"MG";"MINAS GERAIS";"MG000332018";"11/10/2018";"68802370000186";"IBOPE INTELIGENCIA PESQUISA E CONSULTORIA LTDA";"#NULO#";"Governador";"11/10/2018";"17/10/2018";"1512";"6208-A";"Márcia Cavallari Nunes";"121462,40";"27865757000102";"GLOBO COMUNICACAO E PARTICIPACOES S/A / GCP,TV GLOBO, REDE GLOBO, GLOBO.COM, SOM LIVRE";"Recursos Próprios";"68802370000186";"IBOPE INTELIGENCIA PESQUISA E CONSULTORIA LTDA";"Pesquisa quantitativa, que consiste na realização de entrevistas pessoais, com a aplicação de questionário estruturado junto a uma amostra representativa do eleitorado em estudo. Pesquisa realizada no estado de Minas Gerais.";"Representativo do eleitorado da área em estudo, elaborada em três estágios. No primeiro estágio faz-se um sorteio probabilístico dos municípios, onde as entrevistas serão realizadas, pelo método PPT (Probabilidade Proporcional ao Tamanho), tomando o eleitorado como base para tal seleção. No segundo estágio faz-se um sorteio probabilístico dos setores censitários, onde as entrevistas serão realizadas, pelo método PPT (Probabilidade Proporcional ao Tamanho), tomando a população de 16 anos ou mais residente nos setores como base para tal seleção. No terceiro e último estágio, dentro dos setores sorteados, os respondentes são selecionados através de quotas amostrais proporcionais em função de variáveis significativas, a saber: IDADE: 16-24 (masculino) 19% (feminino) 18%. 25-34 (masculino) 24% (feminino) 22%. 35-44 (masculino) 20% (feminino) 21%. 45-54 (masculino) 17% (feminino) 17%. 55 e+ (masculino) 20% (feminino) 22%. INSTRUÇÃO: Até Ensino Médio (masculino) 83% (feminino) 77%. Ensino Superior (masculino) 17% (feminino) 23%. NÍVEL ECONÔMICO: Economicamente ativo (masculino) 74% (feminino) 55%. Não Economicamente ativo (masculino) 26% (feminino) 45%. Está prevista eventual ponderação para correção das variáveis sexo e idade, com base nos percentuais anteriormente mencionados, caso ocorram diferenças superiores a 3 pontos percentuais entre o previsto na amostra e a coleta de dados realizada. Para as variáveis de grau de instrução e nível econômico do entrevistado, o fator previsto para ponderação é 1 (resultados obtidos em campo). O nível de confiança estimado é de 95% e a margem de erro máxima estimada considerando um modelo de amostragem aleatório simples, é de 03 (três) pontos percentuais para mais ou para menos sobre os resultados encontrados no total da amostra. FONTE DOS DADOS: Censo 2010 | PNADC 2016 | TSE 2018.";"Para a realização da pesquisa, utiliza-se uma equipe de entrevistadores e supervisores contratados pelo IBOPE INTELIGÊNCIA PESQUISA E CONSULTORIA LTDA. devidamente treinados para o trabalho. Após os trabalhos de campo, os questionários são submetidos a uma fiscalização de cerca de 20% (vinte por cento) dos questionários aplicados pelos entrevistadores. para verificação das respostas e da adequação dos entrevistados aos parâmetros amostrais.";"A área de abrangência da coleta é o estado de Minas Gerais. A relação das localidades selecionadas para aplicação da amostra será apresentada até o 7º dia seguinte ao registro da pesquisa, conforme expresso no art. 2º, §6º da Resolução 23.549/2017 do TSE."
"24/08/2022";"00:10:36";"2018";"5";"Eleições Gerais 2018";"MG";"MG";"MINAS GERAIS";"MG000622018";"18/09/2018";"23254436000102";"VOX DO BRASIL PESQUISAS E PARTICIPACOES LTDA";"#NULO#";"Governador, Deputado Estadual, Deputado Federal";"19/09/2018";"22/09/2018";"500";"6ª Região - Nº 8641";"Maria Cecília Sacramento Souza Carneiro";"23535,00";"31214284000142";"ELEICAO 2018 JOSE HUMBERTO SOARES DEPUTADO FEDERAL";"Recursos Próprios";"23254436000102";"VOX DO BRASIL PESQUISAS E PARTICIPACOES LTDA";"Pesquisa quantitativa, que consiste na realização de entrevistas pessoais, com a aplicação de questionários estruturados e padronizados junto a uma amostra representativa do eleitorado do município de Patos de Minas.  ";"Público pesquisado: eleitores no município de Patos de Minas no estado de Minas Gerais.     Tipo de amostra: A amostra é representativa do eleitorado do município de Patos de Minas e foi selecionada em dois estágios:     1º estágio: seleção dos bairros dentro do município de Patos de Minas.     2º estágio: seleção dos respondentes dentro dos bairros através de uma quota proporcional de Gênero, Idade, Escolaridade e Renda Familiar, de acordo com o perfil da população em estudo. Os dados relativos as quota são: Gênero: Masculino (48%). Feminino (52%). Idade: 16-17 (1%). 18-24 (15%). 25-34 (21%). 35-44 (20%). 45-59 (26%). 60 e mais (17%). Escolaridade: Ensino Fundamental (50%). Ensino médio (34%). Superior (16%) e Renda familiar: Até 2 SM (38%). Mais de 2 a 5 (40%).  Mais de 5 SM (22%).    As entrevistas foram pessoais e domiciliares.    Fonte de dados: IBGE, Censo 2010 e PNAD 2015       TSE, Cadastro de Eleitores 2018    Tamanho da amostra: 500 entrevistas.    Ponderação: Devido à metodologia amostral adotada as proporções quanto a sexo, idade, escolaridade e renda familiar da amostra são as mesmas do universo pesquisado, com base no Censo Demográfico de 2010 ¿ IBGE e no Cadastro de Eleitores 2018 do TSE. Portanto os fatores de ponderação a serem aplicados nas variáveis sexo, idade, escolaridade e renda familiar assumem valor igual a 1(um). Mas, caso ocorram diferenças superiores a 5 pontos percentuais entre o previsto na amostra e a coleta de dados realizada está prevista eventual ponderação para correção das variáveis de quota, com base nos percentuais anteriormente mencionados.    Área física de realização da pesquisa: A ser informada e fornecida conforme artigo 2º, inciso X 6º § da Instrução Nº 0604337-81.2017.6.00.0000 do Tribunal Superior Eleitoral ¿ TSE para o pleito de 2018.      Intervalo de Confiança/Margem de Erro: O intervalo de confiança estimado é de 95% e a margem de erro máxima estimada é de 4,4 pontos percentuais para mais ou para menos sobre os resultados encontrados no total da amostra.    Checagem: Logo após a realização da coleta de dados, é feito o trabalho de checagem das entrevistas junto aos respondentes. O objetivo é, sobretudo, garantir que a entrevista foi realmente realizada e verificar como o respondente se sentiu em relação à pesquisa. Há perguntas do questionário que são reproduzidas para certificarmos de sua correta aplicação e há outras questões que se referem exclusivamente ao desempenho do entrevistador. São aproximadamente 20% dos respondentes de cada entrevistador que irão receber o contato dos checadores.";"Para a realização da pesquisa será utilizada uma equipe de entrevistadores e supervisores devidamente treinada para este trabalho. Após os trabalhos de campo, os questionários são submetidos a uma fiscalização que consiste no retorno a campo de 20% dos questionários aplicados individualmente pelos entrevistadores, para verificação das respostas e da adequação dos entrevistados aos parâmetros amostrais.  ";"Serão entregues de acordo com a Resolução 23.549/201."
"24/08/2022";"00:10:36";"2018";"5";"Eleições Gerais 2018";"MG";"MG";"MINAS GERAIS";"MG001222018";"05/09/2018";"17070395000100";"MULTIDADOS PESQUISA LTDA - ME";"MULTIDADOS PESQUISA PROFISSIONAL AVANCADA";"Governador, Senador";"07/09/2018";"09/09/2018";"400";"7683";"Elmo Henrique de Moraes";"6000,00";"17070395000100";"MULTIDADOS PESQUISA LTDA - ME";"#NULO#";"17070395000100";"MULTIDADOS PESQUISA LTDA - ME";"Pesquisa do tipo quantitativo, por amostragem, com aplicação de questionário estruturado e abordagem pessoal em pontos de fluxo populacional. O conjunto do eleitorado do Município de Araxá com 16 anos ou mais foi tomado como universo da pesquisa.";"Universo: Eleitorado do Município de Araxá, com 16 anos ou mais. Tamanho da amostra: A amostra prevista é de 400 entrevistas. Técnica de amostragem: A amostra dos eleitores de Araxá/MG é distribuída de forma a contemplar todas as regiões geográficas do município, a partir de quotas proporcionais ao universo, disponibilizadas pelo site do TSE e do IBGE, considerando as variáveis sexo, faixa etária, grau de instrução e nível econômico dos entrevistados. Os dados relativos a sexo e faixa etária são: Sexo masculino 47%, feminino: 53%, 16 a 24 anos 14%, 25 a 34 anos 20%, 35 a 44 anos 20%, 45 a 59 anos 25% e 60 anos ou mais 21%. Ponderação dos resultados. Está prevista a eventual ponderação para correção nos tamanhos dos segmentos considerando as variáveis sexo e faixa etária. Para as variáveis grau de instrução e nível econômico do entrevistado (renda familiar mensal). Escolaridade: Até fundamental incompleto: 33%. Fundamental completo e médio incompleto: 23%. Médio completo e superior incompleto 32%. Superior completo 12%.  Renda total de sua família: Até 2 SM 40%. De 2 a 5 SM 38%. De 5 a 10 SM 17%. Acima de 10 SM 5%. Área física: Serão realizadas entrevistas nos bairros e distritos conforme detalhamento anexo a este processo.  Margem de Erro: A margem de erro máxima prevista é de 4,9 pontos percentuais para mais ou para menos, considerando um nível de confiança de 95%. Os intervalos de confiança serão calculados considerando os resultados obtidos para um nível de confiança de 95%.   ";"A coleta de dados é realizada por entrevistadores orientados por coordenadores de campo. Todos os questionários preenchidos recebem crítica para avaliação da consistência dos dados coletados, sendo que 20% dos questionários são separados, aleatoriamente, e submetidos à conferência através de novos contatos com os entrevistados, medida sempre adotada que visa garantir a qualidade e fidelidade dos dados coletados.";"Relação de Bairros de Araxá:  ¿ Francisco Duarte   ¿ Santa Terezinha   ¿ Adhemar Rodrigues Valle Jr.   ¿ Jardim das Primaveras   ¿ Santo Antônio   ¿ Aeroporto   ¿ João Ribeiro   ¿ São Cristóvão   ¿ Alvorada   ¿ José Ferreira Guimarães   ¿ São Domingos   ¿ Ana Antônia   ¿ Leblon   ¿ São Francisco   ¿ Ana Pinto de Almeida   ¿ Novo Santo Antônio   ¿ São Geraldo   ¿ Barreiro Novo   ¿ São Geraldo   ¿ São Pedro   ¿ Bela Vista   ¿ Odilon José Carneiro   ¿ São Vicente   ¿ Boa Vista   ¿ Orozino   ¿ Teixeira  ¿  Tiradentes   ¿ Bom Jesus   ¿ Padre Alaor  ¿  Urciano Lemos   ¿ Centro  ¿  Pão-de-açúcar I, II e III   ¿ Veredas de Cidade  ¿  Domingos Zema   ¿ Sagrada Família  ¿  Vila Andrea   ¿ Dona Beja   ¿ Salomão Drummond   ¿ Vila Guimarães   ¿ Dr. Pedro Pezzuti   ¿ Santa Luzia   ¿ Vila Rica   ¿ Estância Santa Rita I e II   ¿ Vila Silvéria   ¿ Fertiza  "
"24/08/2022";"00:10:36";"2018";"5";"Eleições Gerais 2018";"MG";"MG";"MINAS GERAIS";"MG002372018";"26/09/2018";"68802370000186";"IBOPE INTELIGENCIA PESQUISA E CONSULTORIA LTDA";"#NULO#";"Senador, Governador";"26/09/2018";"02/10/2018";"2002";"6208-A";"Márcia Cavallari Nunes";"149924,88";"27865757000102";"GLOBO COMUNICACAO E PARTICIPACOES S/A / GCP,TV GLOBO, REDE GLOBO, GLOBO.COM, SOM LIVRE";"Recursos Próprios";"68802370000186";"IBOPE INTELIGENCIA PESQUISA E CONSULTORIA LTDA";"Pesquisa quantitativa, que consiste na realização de entrevistas pessoais, com a aplicação de questionário estruturado junto a uma amostra representativa do eleitorado em estudo. Pesquisa realizada no estado de Minas Gerais.";"Representativo do eleitorado da área em estudo, elaborada em três estágios. No primeiro estágio faz-se um sorteio probabilístico dos municípios, onde as entrevistas serão realizadas, pelo método PPT (Probabilidade Proporcional ao Tamanho), tomando o eleitorado como base para tal seleção. No segundo estágio faz-se um sorteio probabilístico dos setores censitários, onde as entrevistas serão realizadas, pelo método PPT (Probabilidade Proporcional ao Tamanho), tomando a população de 16 anos ou mais residente nos setores como base para tal seleção. No terceiro e último estágio, dentro dos setores sorteados, os respondentes são selecionados através de quotas amostrais proporcionais em função de variáveis significativas, a saber: IDADE: 16-24 (masculino) 19% (feminino) 18%. 25-34 (masculino) 24% (feminino) 22%. 35-44 (masculino) 20% (feminino) 21%. 45-54 (masculino) 17% (feminino) 17%. 55 e+ (masculino) 20% (feminino) 22%. INSTRUÇÃO: Até Ensino Médio (masculino) 83% (feminino) 77%. Ensino Superior (masculino) 17% (feminino) 23%. NÍVEL ECONÔMICO: Economicamente ativo (masculino) 74% (feminino) 55%. Não Economicamente ativo (masculino) 26% (feminino) 45%. Está prevista eventual ponderação para correção das variáveis sexo e idade, com base nos percentuais anteriormente mencionados, caso ocorram diferenças superiores a 3 pontos percentuais entre o previsto na amostra e a coleta de dados realizada. Para as variáveis de grau de instrução e nível econômico do entrevistado, o fator previsto para ponderação é 1 (resultados obtidos em campo). O nível de confiança estimado é de 95% e a margem de erro máxima estimada considerando um modelo de amostragem aleatório simples, é de 02 (dois) pontos percentuais para mais ou para menos sobre os resultados encontrados no total da amostra. FONTE DOS DADOS: Censo 2010 | PNADC 2016 | TSE 2018.";"Para a realização da pesquisa, utiliza-se uma equipe de entrevistadores e supervisores contratados pelo IBOPE INTELIGÊNCIA PESQUISA E CONSULTORIA LTDA. devidamente treinados para o trabalho. Após os trabalhos de campo, os questionários são submetidos a uma fiscalização de cerca de 20% (vinte por cento) dos questionários aplicados pelos entrevistadores. para verificação das respostas e da adequação dos entrevistados aos parâmetros amostrais.";"A área de abrangência da coleta é o estado de Minas Gerais. A relação das localidades selecionadas para aplicação da amostra será apresentada até o 7º dia seguinte ao registro da pesquisa, conforme expresso no art. 2º, §6º da Resolução 23.549/2017 do TSE."
"24/08/2022";"00:10:36";"2018";"5";"Eleições Gerais 2018";"MG";"MG";"MINAS GERAIS";"MG002402018";"06/09/2018";"68802370000186";"IBOPE INTELIGENCIA PESQUISA E CONSULTORIA LTDA";"#NULO#";"Governador, Senador";"06/09/2018";"12/09/2018";"1512";"6208-A";"Márcia Cavallari Nunes";"113229,98";"27865757000102";"GLOBO COMUNICACAO E PARTICIPACOES S/A / GCP,TV GLOBO, REDE GLOBO, GLOBO.COM, SOM LIVRE";"Recursos Próprios";"68802370000186";"IBOPE INTELIGENCIA PESQUISA E CONSULTORIA LTDA";"Pesquisa quantitativa, que consiste na realização de entrevistas pessoais, com a aplicação de questionário estruturado junto a uma amostra representativa do eleitorado em estudo. Pesquisa realizada no estado de Minas Gerais.";"Representativo do eleitorado da área em estudo, elaborada em três estágios. No primeiro estágio faz-se um sorteio probabilístico dos municípios, onde as entrevistas serão realizadas, pelo método PPT (Probabilidade Proporcional ao Tamanho), tomando o eleitorado como base para tal seleção. No segundo estágio faz-se um sorteio probabilístico dos setores censitários, onde as entrevistas serão realizadas, pelo método PPT (Probabilidade Proporcional ao Tamanho), tomando a população de 16 anos ou mais residente nos setores como base para tal seleção. No terceiro e último estágio, dentro dos setores sorteados, os respondentes são selecionados através de quotas amostrais proporcionais em função de variáveis significativas, a saber: IDADE: 16-24 (masculino) 19% (feminino) 18%. 25-34 (masculino) 24% (feminino) 22%. 35-44 (masculino) 20% (feminino) 21%. 45-54 (masculino) 17% (feminino) 17%. 55 e+ (masculino) 20% (feminino) 22%. INSTRUÇÃO: Até Ensino Médio (masculino) 83% (feminino) 77%. Ensino Superior (masculino) 17% (feminino) 23%. NÍVEL ECONÔMICO: Economicamente ativo (masculino) 74% (feminino) 55%. Não Economicamente ativo (masculino) 26% (feminino) 45%. Está prevista eventual ponderação para correção das variáveis sexo e idade, com base nos percentuais anteriormente mencionados, caso ocorram diferenças superiores a 3 pontos percentuais entre o previsto na amostra e a coleta de dados realizada. Para as variáveis de grau de instrução e nível econômico do entrevistado, o fator previsto para ponderação é 1 (resultados obtidos em campo). O nível de confiança estimado é de 95% e a margem de erro máxima estimada considerando um modelo de amostragem aleatório simples, é de 03 (três) pontos percentuais para mais ou para menos sobre os resultados encontrados no total da amostra. FONTE DOS DADOS: Censo 2010 | PNADC 2016 | TSE 2018.";"Para a realização da pesquisa, utiliza-se uma equipe de entrevistadores e supervisores contratados pelo IBOPE INTELIGÊNCIA PESQUISA E CONSULTORIA LTDA. devidamente treinados para o trabalho. Após os trabalhos de campo, os questionários são submetidos a uma fiscalização de cerca de 20% (vinte por cento) dos questionários aplicados pelos entrevistadores. para verificação das respostas e da adequação dos entrevistados aos parâmetros amostrais.";"A área de abrangência da coleta é o estado de Minas Gerais. A relação das localidades selecionadas para aplicação da amostra será apresentada até o 7º dia seguinte ao registro da pesquisa, conforme expresso no art. 2º, §6º da Resolução 23.549/2017 do TSE."
"24/08/2022";"00:10:36";"2018";"5";"Eleições Gerais 2018";"MG";"MG";"MINAS GERAIS";"MG006412018";"08/08/2018";"29842579000111";"REAL TIME BIG DATA GESTAO DE DADOS LTDA.";"REAL TIME BIG DATA";"Governador, Senador";"10/08/2018";"12/08/2018";"2500";"7655";"Augusto da Silva Rocha";"30000,00";"29842579000111";"REAL TIME BIG DATA GESTAO DE DADOS LTDA.";"#NULO#";"29842579000111";"REAL TIME BIG DATA GESTAO DE DADOS LTDA.";"Pesquisa quantitativa com a aplicação de questionário estruturado junto a uma amostra, representativa do eleitorado em estudo.";"O nível de confiança estimado é de 95% para uma margem de erro máxima estimada, considerando uma técnica de amostragem aleatória simples, de aproximadamente 2 pontos percentuais para mais ou para menos sobre os resultados obtidos. Divisão Censitária. Ponderação quanto ao sexo e faixa etária: Masculino de 16 a 24 anos (7,1%), Masculino de 25 a 34 anos (10,0%), Masculino de 35 a 44 anos (9,7%), Masculino de 45 a 59 anos (11,8%) e Masculino acima de 59 anos (9,4%). Feminino de 16 a 24 anos (7,4%), Feminino de 25 a 34 anos (10,4%), Feminino de 35 a 44 anos (10,3%), Feminino de 45 a 59 anos (12,8%) e Feminino acima de 59 anos (11,2%). Ponderação quanto ao nível de instrução: 34,4% de Analfabeto / Fundamental Incompleto, 16,6% de Lê e escreve / Fundamental Completo, 38,8% de Médio Incompleto / Médio Completo e 10,2% de Superior Incompleto / Superior Completo. Ponderação quanto a renda: Economicamente Ativo: 66%. Não Economicamente Ativo: 34%    Está prevista eventual ponderação para correção das variáveis sexo, faixa etária e escolaridade, com base nos percentuais acima apresentados, caso ocorram diferenças superiores a 3,0 pontos percentuais entre o previsto na amostra e a coleta realizada. Para as variáveis: Nível Econômico e Renda Familiar Mensal, o fator de ponderação é igual a 1 (resultados obtidos no campo). Fonte de Dados: IBGE e TSE 2018.";"Checagem de cerca de 20% da amostra efetuada pelos supervisores. Todos os entrevistadores foram amplamente treinados e orientados tanto teoricamente quanto praticamente sobre suas responsabilidade e funções, respeitando as cotas pré-estabelecidas. A equipe está dividida em coordenadoria-geral /coordenadoria regional / supervisores / entrevistadores.";"A área de abrangência da coleta de dados e a relação dos municípios selecionados para compor a amostra será apresentada até o 7º dia seguinte ao registro da pesquisa, conforme expresso no artigo acima."
"24/08/2022";"00:10:36";"2018";"5";"Eleições Gerais 2018";"MG";"MG";"MINAS GERAIS";"MG008812018";"17/10/2018";"29842579000111";"REAL TIME BIG DATA GESTAO DE DADOS LTDA.";"REAL TIME BIG DATA";"Governador";"22/10/2018";"22/10/2018";"3000";"7655";"Augusto da Silva Rocha";"12000,00";"29842579000111";"REAL TIME BIG DATA GESTAO DE DADOS LTDA.";"#NULO#";"29842579000111";"REAL TIME BIG DATA GESTAO DE DADOS LTDA.";"Pesquisa quantitativa, que consiste na realização de entrevistas por telefone, com a aplicação de questionário estruturado junto a uma amostra, representativa do eleitorado em estudo.";"Universo: 15.700.966 eleitores. Amostra: 3000 entrevistas. O nível de confiança estimado é de 95% para uma margem de erro máxima estimada, considerando uma técnica de amostragem aleatória simples, de aproximadamente 2 pontos percentuais para mais ou para menos sobre os resultados obtidos. Divisão Censitária. Ponderação quanto ao sexo e faixa etária: Masculino de 16 a 24 anos (6,8%), Masculino de 25 a 34 anos (10,0%), Masculino de 35 a 44 anos (9,7%), Masculino de 45 a 59 anos (11,9%) e Masculino acima de 59 anos (9,6%). Feminino de 16 a 24 anos (7,1%), Feminino de 25 a 34 anos (10,3%), Feminino de 35 a 44 anos (10,3%), Feminino de 45 a 59 anos (12,8%) e Feminino acima de 59 anos (11,4%). Ponderação quanto ao nível de instrução: 34% de Analfabeto / Fundamental Incompleto, 17% de Lê e escreve / Fundamental Completo, 39% de Médio Incompleto / Médio Completo e 10% de Superior Incompleto / Superior Completo. Ponderação quanto a renda: Economicamente Ativo: 66%. Não Economicamente Ativo: 34% Está prevista eventual ponderação para correção das variáveis sexo, faixa etária e escolaridade, com base nos percentuais acima apresentados, caso ocorram diferenças superiores a 3,0 pontos percentuais entre o previsto na amostra e a coleta realizada. Para as variáveis: Nível Econômico e Renda Familiar Mensal, o fator de ponderação é igual a 1 (resultados obtidos no campo). Fonte de Dados: IBGE e TSE 2018.";"Checagem de 20% da amostra efetuada pelos supervisores. Todos os entrevistadores foram amplamente treinados e orientados tanto teoricamente quanto praticamente sobre suas responsabilidade e funções, respeitando as cotas pré-estabelecidas. A equipe está dividida em coordenadoria-geral / supervisores / entrevistadores.";"Em anexo."
"24/08/2022";"00:10:36";"2018";"5";"Eleições Gerais 2018";"MG";"MG";"MINAS GERAIS";"MG009042018";"30/09/2018";"09283689000183";"SUELI DAS DORES ALMEIDA - ME";"PROMIDIA PESQUISA DE OPINIAO PUBLICA E MARKETING";"Deputado Estadual, Governador, Deputado Federal, Senador";"17/09/2018";"26/09/2018";"408";"7655";"Augusto da Silva Rocha";"16800,00";"09283689000183";"SUELI DAS DORES ALMEIDA - ME";"#NULO#";"09283689000183";"SUELI DAS DORES ALMEIDA - ME";"A abordagem utilizada consiste na aplicação de uma amostragem aleatória representativa da população residente com 16 anos ou mais de idade do Sul de Minas. A amostra é selecionada em dois estágios sendo que no primeiro faz-se uma divisão da amostra proporcionalmente ao número de habitantes acima de 16 anos de idade dentro de cada área geográfica intra-municipal. No segundo estágio, para cada área geográfica, os respondentes são selecionados aleatoriamente respeitando-se quotas proporcionais controladas por região geográfica, sexo e faixa etária, de acordo com o perfil da população em estudo. IBGE (Censo 2010). TSE jul/18";"O plano amostral consta de quotas proporcionais as existentes no universo de acordo com as variáveis, Região, Sexo, Faixa Etária. Variável quanto a REGIÃO: proporcional ao setor censitário do IBGE. Variável quanto ao SEXO: 49,1% para masculino e 50,9% para feminino. Quanto a FAIXA ETÁRIA: 16 a 24 anos 12,8%. 25 a 34 anos 19,7%. 35 a 44 anos 19,3%, 45 a 59 anos 25,4%. Quanto a RENDA FAMILIAR: Até 1 SM 20,8%. de 1 a 2 SM 24,5%. de 2 a 5 SM 35,4%. Mais de 5 SM 19,3%. quanto a ESCOLARIDADE: Até 1º Grau Incompleto 48,7%. 1º. Grau Completo até 2º. Grau Incompleto 29,1%. 2º. Grau Completo até Superior Incompleto 16,9%. superior completo 5,2%. A margem de erro é de 4,85% para mais ou para menos e o índice de confiança é de 95% para um número de 408 entrevistas. Fonte de dados: IBGE - Censo Demográfico de 2010 e TSE jul/18.";"Os trabalhos de campo foram executados por equipe de pesquisadores e supervisores. - Os pesquisadores seguiram para os locais sorteados em grupos de com um supervisor. - A coleta de dados foi feita através de um questionário estruturado conforme anexo. - Na aferição da intenção de voto foi utilizado o recurso do cartão circular, para as perguntas estimuladas, Foi feita conferência em 20% dos questionários aplicados durante o próprio decorrer da pesquisa pelos supervisores de equipe. - A conferência foi feita através de revisita a residência do entrevistado e por telefone, utilizando-se o método da reaplicação do questionário.";"#NULO#"
"24/08/2022";"00:10:36";"2018";"5";"Eleições Gerais 2018";"MG";"MG";"MINAS GERAIS";"MG009982018";"06/09/2018";"29550908000150";"PODERDATA PESQUISA, JORNALISMO E COMUNICACAO LTDA";"PODERDATA";"Governador";"09/09/2018";"11/09/2018";"3000";"10507";"Anderson Silva de Macedo";"56853,00";"29550908000150";"PODERDATA PESQUISA, JORNALISMO E COMUNICACAO LTDA";"#NULO#";"29550908000150";"PODERDATA PESQUISA, JORNALISMO E COMUNICACAO LTDA";"Pesquisa quantitativa por amostragem. Aplicação de questionário estruturado por meio de ligações automatizadas para telefones fixos e celulares. O universo da pesquisa é o conjunto de eleitoras e eleitores com 16 anos ou mais no Estado de minas Gerais.";"eleitoras e eleitores residentes em Minas Gerais com 16 anos de idade ou mais. Tamanho da amostra: 3.000 entrevistas. Técnica de amostragem: amostra aleatória simples a partir de banco de dados de números telefônicos fixos e celulares do Estado de Minas Gerais. A amostra é estratificada por região do Estado com base no CEP associado a cada número telefônico. Na apresentação final do resultado da pesquisa os dados serão normalizados para os parâmetros populacionais através da técnica da ponderação.   Fonte pública dos dados: IBGE (Tabela 1940 - PNAD 2015) e TSE (julho 2018). Os números relativos a sexo e faixa etária são: Masculino, 48%. Feminino, 52%. 16 a 24 anos, 13,9%. 25 a 44 anos, 40,4%. 45 a 59 anos, 24,7%. 60 anos ou mais, 21%. Para a distribuição por nível de instrução, os dados são: Não frequentou a escola, 15%. Ensino fundamental, 36%. Ensino médio, 38,7%. Ensino superior, 10,1%. Para o fator de nível econômico, os dados são: sem renda familiar - 1,64%. prefere não responder - 0,82%. até 2 salários mínimos por mês - 38,87%. de 2 a 5 salários mínimos por mês - 39,61%. de 5 a 10 salários mínimos por mês - 13,07%. mais de 10 salários mínimos por mês - 6 %. Serão realizadas entrevistas com residentes em Minas Gerais. A margem de erro máxima prevista é de 2 pontos percentuais para mais ou para menos, considerando um nível de confiança de 95%. Os intervalos de confiança serão calculados considerando os resultados obtidos para um nível de confiança de 95%.  ";"A verificação e conferência é realizada maneira automática pelo sistema de pesquisa, que telefona novamente para cerca de 20% dos respondentes que completaram o formulário.";"#NULO#"
"24/08/2022";"00:10:36";"2018";"5";"Eleições Gerais 2018";"MG";"MG";"MINAS GERAIS";"MG010472018";"18/09/2018";"86849395000117";"DATA WORLD PESQUISA E CONSULTORIA S/C. LTDA";"SENSUS";"Senador, Governador";"18/09/2018";"21/09/2018";"1500";"8429 / 5ª Região";"Felipe Abrahão Coelho Fantauzzi";"90000,00";"86849395000117";"DATA WORLD PESQUISA E CONSULTORIA S/C. LTDA";"#NULO#";"86849395000117";"DATA WORLD PESQUISA E CONSULTORIA S/C. LTDA";"1500 Entrevistas no estado de Minas Gerais, estratificadas para 12 Regiões, com o sorteio aleatório de 53 Municípios pelo método da Probabilidade Proporcional ao Tamanho - PPT. Probabilística sistemática até o Setor Censitário para Urbano e Rural, com cotas para Sexo, Idade e Escolaridade no Setor Censitário.";"a) Ponderação sexo, idade, instrução. Sexo: 48,6% Masculino. 51,4% Feminino. Idade: 4,2% de 16 a 17 anos. 13,8% de 18 a 24 anos. 9,3% de 25 a 29 anos. 20,0% de 30 a 39 anos. 18,1% de 40 a 49 anos. 34,6% 50 anos ou mais. Instrução 30,8% até 4a Série do Ensino Fundamental, 21,3% da 5a a 8a Série do Ensino Fundamental. 32,5%% da 1a a 3a Série do Ensino Médio. 15,5% Superior completo ou incompleto. Renda Familiar Mensal conforme coletado em campo.  b) Intervalo de Confiança = 95%, Margem de Erro = ± 2,5%";"A equipe de trabalho de campo é formada por entrevistadores e coordenadores. Os entrevistadores aplicam as entrevistas individuais domiciliares em Setores Censitários do IBGE previamente sorteados pelo Instituto, dentro de um prazo pré-definido, enquanto os Coordenadores fiscalizam o trabalho dos Entrevistadores. É atribuição dos Coordenadores: 1) Garantir o cumprimento correto das entrevistas. 2) Anular questionários que não cumpram a amostra através da conferência das cotas. 3) Anular questionários preenchidos e/ou aplicados incorretamente. 4) Fazer cumprir o trabalho de campo dentro do prazo especificado. Após conclusão do trabalho de campo é realizada uma checagem de cerca de 15% dos questionários aplicados, através de verificação in loco: 1) Confirmação da existência do entrevistado. 2) Verificação de cotas (Sexo, Idade e Escolaridade). 3) Verificação da aplicação integral do questionário.";"Abadia dos Dourados, Andradas, Araguari, Augusto de Lima, Belo Horizonte, Betim, Bom Despacho, Brasília de Minas, Brasópolis, Capitão Enéas, Contagem, Coronel Murta, Diamantina, Divinópolis, Engenheiro Navarro, Frutal, Governador Valadares, Ibiá, Ibirité, Ipatinga, Itabira, Itaguara, Itamogi, Itumirim, Januária, Juatuba, Juiz de Fora, Laranjal, Leopoldina, Matipó, Matozinhos, Montes Claros, Muriaé, Muzambinho, Nova Lima, Oliveira, Paracatu, Passos, Pedro Leopoldo, Pirapetinga, Poços de Caldas, Ribeirão das Neves, Sabinópolis, São Bento Abade, São Gonçalo do Pará, São João del Rei, São Sebastião do Paraíso, Sete Lagoas, Sobrália, Teófilo Otoni, Timóteo, Uberaba e Uberlândia"
"24/08/2022";"00:10:36";"2018";"5";"Eleições Gerais 2018";"MG";"MG";"MINAS GERAIS";"MG010732018";"27/09/2018";"17166399000188";"ESTRATEGIAS CONFIRMA PESQUISA E COMERCIO LTDA  - ME";"#NULO#";"Governador, Deputado Estadual, Deputado Federal";"29/09/2018";"01/10/2018";"685";"8440";"Jefferson Cristiano dos Santos Silva";"25000,00";"17166399000188";"ESTRATEGIAS CONFIRMA PESQUISA E COMERCIO LTDA  - ME";"#NULO#";"17166399000188";"ESTRATEGIAS CONFIRMA PESQUISA E COMERCIO LTDA  - ME";"Pesquisa quantitativa do tipo survey, realizada por entrevistas pessoais, do tipo face-a-face presencial, com a aplicação de questionário estruturado junto à amostra representativa do universo de eleitores do município de Ipatinga/MG.";"O Universo da pesquisa compreende os eleitores de Ipatinga/MG com idade igual ou superior partir de 16 anos, residentes em todos os bairros/regiões do município. O plano amostral foi delineado a partir de informações disponibilizadas pelo TSE (2018).     A amostra representativa do eleitorado foi elaborada por meio do controle de quotas por sexo, faixa etária e grau de instrução, conforme a seguinte distribuição:   Para a alocação da amostra, por sexo e faixa etária os tamanhos são: 6,56% para homens com 16 a 24 anos, 9,94% para homens com 25 a 34 anos, 21,14% para homens com 35 a 59 anos, 9,56% para homens com 60 anos ou mais, 6,77% para mulheres com 16 a 24 anos, 10,63% para mulheres com 25 a 34 anos, 24,65% para mulheres com 35 a 59 anos e 10,75% para mulheres com 60 anos ou mais. Para a distribuição por grau de instrução: até fundamental Incompleto: 37,85%, fundamental completo até médio incompleto: 33,40% e médio completo ou superior: 28,74%.    Para a abrangência geográfica, utilizou a alocação proporcional da amostra em estratos baseados nos setores censitários definidos pelo IBGE, de forma a obter uma amostra representativa da população residente por região.    O tamanho da amostra é de 685 entrevistados. O intervalo de confiança estimado desta pesquisa é de 90%, com uma margem de erro de 2,51 pontos percentuais para mais ou para menos sobre os valores obtidos na amostra.  FONTE DOS DADOS: Censo 2010, TSE 2018, dentre outras.  ";"As entrevistas serão realizadas por uma equipe de entrevistadores e supervisores contratados e treinados pela Estratégias Confirma ¿ Pesquisa e Comércio LTDA - ME.   Os questionários serão aplicados utilizando-se tablets com um sistema eletrônico pelo qual as entrevistas serão acompanhadas online e auditadas para garantir a qualidade do campo realizado.  Para garantir o controle e autenticidade dos dados coletados, será realizada conferência em pelo menos 10% dos questionários, aleatoriamente para verificação das respostas e da adequação dos entrevistados aos parâmetros amostrais e de qualidade do campo.";"O universo pesquisado é a zona urbana do município de Ipatinga/MG. Conforme §6º. do art. 2º. da Resolução-TSE nº. 23.549/2017, Até o sétimo dia seguinte ao registro da pesquisa, será ele complementado com os dados relativos aos bairros abrangidos. na ausência de delimitação do bairro, será identificada a área em que foi realizada."
"24/08/2022";"00:10:36";"2018";"5";"Eleições Gerais 2018";"MG";"MG";"MINAS GERAIS";"MG012562018";"24/09/2018";"86849395000117";"DATA WORLD PESQUISA E CONSULTORIA S/C. LTDA";"SENSUS";"Governador, Senador";"24/09/2018";"28/09/2018";"1500";"8429 / 6ª Região";"Felipe Abrahão Coelho Fantauzzi";"90000,00";"86849395000117";"DATA WORLD PESQUISA E CONSULTORIA S/C. LTDA";"#NULO#";"86849395000117";"DATA WORLD PESQUISA E CONSULTORIA S/C. LTDA";"1500 Entrevistas no estado de Minas Gerais, estratificadas para 12 Regiões, com o sorteio aleatório de 53 Municípios pelo método da Probabilidade Proporcional ao Tamanho - PPT. Probabilística sistemática até o Setor Censitário para Urbano e Rural, com cotas para Sexo, Idade e Escolaridade no Setor Censitário.";"a) Ponderação sexo, idade, instrução. Sexo: 48,6% Masculino. 51,4% Feminino. Idade: 4,2% de 16 a 17 anos. 13,8% de 18 a 24 anos. 9,3% de 25 a 29 anos. 20,0% de 30 a 39 anos. 18,1% de 40 a 49 anos. 34,6% 50 anos ou mais. Instrução 30,8% até 4a Série do Ensino Fundamental, 21,3% da 5a a 8a Série do Ensino Fundamental. 32,5%% da 1a a 3a Série do Ensino Médio. 15,5% Superior completo ou incompleto. Renda Familiar Mensal conforme coletado em campo.  b) Intervalo de Confiança = 95%, Margem de Erro = ± 2,5%";"A equipe de trabalho de campo é formada por entrevistadores e coordenadores. Os entrevistadores aplicam as entrevistas individuais domiciliares em Setores Censitários do IBGE previamente sorteados pelo Instituto, dentro de um prazo pré-definido, enquanto os Coordenadores fiscalizam o trabalho dos Entrevistadores. É atribuição dos Coordenadores: 1) Garantir o cumprimento correto das entrevistas. 2) Anular questionários que não cumpram a amostra através da conferência das cotas. 3) Anular questionários preenchidos e/ou aplicados incorretamente. 4) Fazer cumprir o trabalho de campo dentro do prazo especificado. Após conclusão do trabalho de campo é realizada uma checagem de cerca de 15% dos questionários aplicados, através de verificação in loco: 1) Confirmação da existência do entrevistado. 2) Verificação de cotas (Sexo, Idade e Escolaridade). 3) Verificação da aplicação integral do questionário.";"Abadia dos Dourados, Andradas, Araguari, Augusto de Lima, Belo Horizonte, Betim, Bom Despacho, Brasília de Minas, Brasópolis, Capitão Enéas, Contagem, Coronel Murta, Diamantina, Divinópolis, Engenheiro Navarro, Frutal, Governador Valadares, Ibiá, Ibirité, Ipatinga, Itabira, Itaguara, Itamogi, Itumirim, Januária, Juatuba, Juiz de Fora, Laranjal, Leopoldina, Matipó, Matozinhos, Montes Claros, Muriaé, Muzambinho, Nova Lima, Oliveira, Paracatu, Passos, Pedro Leopoldo, Pirapetinga, Poços de Caldas, Ribeirão das Neves, Sabinópolis, São Bento Abade, São Gonçalo do Pará, São João del Rei, São Sebastião do Paraíso, Sete Lagoas, Sobrália, Teófilo Otoni, Timóteo, Uberaba e Uberlândia"
"24/08/2022";"00:10:36";"2018";"5";"Eleições Gerais 2018";"MG";"MG";"MINAS GERAIS";"MG015122018";"17/10/2018";"68802370000186";"IBOPE INTELIGENCIA PESQUISA E CONSULTORIA LTDA";"#NULO#";"Governador";"17/10/2018";"23/10/2018";"1512";"6208-A ";"Márcia Cavallari Nunes";"121462,40";"27865757000102";"GLOBO COMUNICACAO E PARTICIPACOES S/A / GCP,TV GLOBO, REDE GLOBO, GLOBO.COM, SOM LIVRE";"Recursos Próprios";"68802370000186";"IBOPE INTELIGENCIA PESQUISA E CONSULTORIA LTDA";"Pesquisa quantitativa, que consiste na realização de entrevistas pessoais, com a aplicação de questionário estruturado junto a uma amostra representativa do eleitorado em estudo. Pesquisa realizada no estado de Minas Gerais.";"Representativo do eleitorado da área em estudo, elaborada em três estágios. No primeiro estágio faz-se um sorteio probabilístico dos municípios, onde as entrevistas serão realizadas, pelo método PPT (Probabilidade Proporcional ao Tamanho), tomando o eleitorado como base para tal seleção. No segundo estágio faz-se um sorteio probabilístico dos setores censitários, onde as entrevistas serão realizadas, pelo método PPT (Probabilidade Proporcional ao Tamanho), tomando a população de 16 anos ou mais residente nos setores como base para tal seleção. No terceiro e último estágio, dentro dos setores sorteados, os respondentes são selecionados através de quotas amostrais proporcionais em função de variáveis significativas, a saber: IDADE: 16-24 (masculino) 19% (feminino) 18%. 25-34 (masculino) 24% (feminino) 22%. 35-44 (masculino) 20% (feminino) 21%. 45-54 (masculino) 17% (feminino) 17%. 55 e+ (masculino) 20% (feminino) 22%. INSTRUÇÃO: Até Ensino Médio (masculino) 83% (feminino) 77%. Ensino Superior (masculino) 17% (feminino) 23%. NÍVEL ECONÔMICO: Economicamente ativo (masculino) 74% (feminino) 55%. Não Economicamente ativo (masculino) 26% (feminino) 45%. Está prevista eventual ponderação para correção das variáveis sexo e idade, com base nos percentuais anteriormente mencionados, caso ocorram diferenças superiores a 3 pontos percentuais entre o previsto na amostra e a coleta de dados realizada. Para as variáveis de grau de instrução e nível econômico do entrevistado, o fator previsto para ponderação é 1 (resultados obtidos em campo). O nível de confiança estimado é de 95% e a margem de erro máxima estimada considerando um modelo de amostragem aleatório simples, é de 03 (três) pontos percentuais para mais ou para menos sobre os resultados encontrados no total da amostra. FONTE DOS DADOS: Censo 2010 | PNADC 2016 | TSE 2018.";"Para a realização da pesquisa, utiliza-se uma equipe de entrevistadores e supervisores contratados pelo IBOPE INTELIGÊNCIA PESQUISA E CONSULTORIA LTDA. devidamente treinados para o trabalho. Após os trabalhos de campo, os questionários são submetidos a uma fiscalização de cerca de 20% (vinte por cento) dos questionários aplicados pelos entrevistadores. para verificação das respostas e da adequação dos entrevistados aos parâmetros amostrais.";"A área de abrangência da coleta é o estado de Minas Gerais. A relação das localidades selecionadas para aplicação da amostra será apresentada até o 7º dia seguinte ao registro da pesquisa, conforme expresso no art. 2º, §6º da Resolução 23.549/2017 do TSE."
"24/08/2022";"00:10:36";"2018";"5";"Eleições Gerais 2018";"MG";"MG";"MINAS GERAIS";"MG015592018";"30/09/2018";"68802370000186";"IBOPE INTELIGENCIA PESQUISA E CONSULTORIA LTDA";"#NULO#";"Governador, Senador";"30/09/2018";"06/10/2018";"2002";"6208-A ";"Márcia Cavallari Nunes";"149924,88";"27865757000102";"GLOBO COMUNICACAO E PARTICIPACOES S/A / GCP,TV GLOBO, REDE GLOBO, GLOBO.COM, SOM LIVRE";"Recursos Próprios";"68802370000186";"IBOPE INTELIGENCIA PESQUISA E CONSULTORIA LTDA";"Pesquisa quantitativa, que consiste na realização de entrevistas pessoais, com a aplicação de questionário estruturado junto a uma amostra representativa do eleitorado em estudo. Pesquisa realizada no estado de Minas Gerais.";"Representativo do eleitorado da área em estudo, elaborada em três estágios. No primeiro estágio faz-se um sorteio probabilístico dos municípios, onde as entrevistas serão realizadas, pelo método PPT (Probabilidade Proporcional ao Tamanho), tomando o eleitorado como base para tal seleção. No segundo estágio faz-se um sorteio probabilístico dos setores censitários, onde as entrevistas serão realizadas, pelo método PPT (Probabilidade Proporcional ao Tamanho), tomando a população de 16 anos ou mais residente nos setores como base para tal seleção. No terceiro e último estágio, dentro dos setores sorteados, os respondentes são selecionados através de quotas amostrais proporcionais em função de variáveis significativas, a saber: IDADE: 16-24 (masculino) 19% (feminino) 18%. 25-34 (masculino) 24% (feminino) 22%. 35-44 (masculino) 20% (feminino) 21%. 45-54 (masculino) 17% (feminino) 17%. 55 e+ (masculino) 20% (feminino) 22%. INSTRUÇÃO: Até Ensino Médio (masculino) 83% (feminino) 77%. Ensino Superior (masculino) 17% (feminino) 23%. NÍVEL ECONÔMICO: Economicamente ativo (masculino) 74% (feminino) 55%. Não Economicamente ativo (masculino) 26% (feminino) 45%. Está prevista eventual ponderação para correção das variáveis sexo e idade, com base nos percentuais anteriormente mencionados, caso ocorram diferenças superiores a 3 pontos percentuais entre o previsto na amostra e a coleta de dados realizada. Para as variáveis de grau de instrução e nível econômico do entrevistado, o fator previsto para ponderação é 1 (resultados obtidos em campo). O nível de confiança estimado é de 95% e a margem de erro máxima estimada considerando um modelo de amostragem aleatório simples, é de 02 (dois) pontos percentuais para mais ou para menos sobre os resultados encontrados no total da amostra. FONTE DOS DADOS: Censo 2010 | PNADC 2016 | TSE 2018.";"Para a realização da pesquisa, utiliza-se uma equipe de entrevistadores e supervisores contratados pelo IBOPE INTELIGÊNCIA PESQUISA E CONSULTORIA LTDA. devidamente treinados para o trabalho. Após os trabalhos de campo, os questionários são submetidos a uma fiscalização de cerca de 20% (vinte por cento) dos questionários aplicados pelos entrevistadores. para verificação das respostas e da adequação dos entrevistados aos parâmetros amostrais.";"A área de abrangência da coleta é o estado de Minas Gerais. A relação das localidades selecionadas para aplicação da amostra será apresentada até o 7º dia seguinte ao registro da pesquisa, conforme expresso no art. 2º, §6º da Resolução 23.549/2017 do TSE."
"24/08/2022";"00:10:36";"2018";"5";"Eleições Gerais 2018";"MG";"MG";"MINAS GERAIS";"MG017592018";"22/10/2018";"68802370000186";"IBOPE INTELIGENCIA PESQUISA E CONSULTORIA LTDA";"#NULO#";"Governador";"22/10/2018";"28/10/2018";"3200";"6208-A";"Márcia Cavallari Nunes";"160825,21";"68802370000186";"IBOPE INTELIGENCIA PESQUISA E CONSULTORIA LTDA";"#NULO#";"68802370000186";"IBOPE INTELIGENCIA PESQUISA E CONSULTORIA LTDA";"Pesquisa quantitativa, que consiste na realização de entrevistas pessoais, com a aplicação de questionário estruturado junto a uma amostra representativa do eleitorado em estudo. Pesquisa realizada no estado de Minas Gerais.    ";"Representativa dos votantes da área em estudo, elaborada em três estágios. No primeiro estágio fez-se um sorteio probabilístico dos municípios pesquisados, pelo método PPT (Probabilidade Proporcional ao Tamanho), com base na população de votantes (TSE 2018, excluindo abstenção 1º turno 2010 e 2014) de cada município.  Em um segundo estágio, dentro dos municípios sorteados foram selecionados, também pelo método PPT, os locais de votação com base no número de votantes de cada local de votação. No terceiro estágio, dentro dos locais de votação sorteados, os respondentes foram selecionados através de quotas amostrais, proporcionais em função de variáveis significativas, a saber: Sexo, Idade, de acordo com o perfil dos votantes. Devido à metodologia amostral adotada, a pesquisa é auto-ponderada, ou seja, as proporções do universo pesquisado estão previstas na amostra, não sendo necessário qualquer tipo de ponderação quanto à sexo, idade, grau de instrução e nível econômico.    O intervalo de confiança estimado é de 99% e a margem de erro máxima estimada considerando um modelo de amostragem aleatório simples, é de 03 (três) pontos percentuais para mais ou para menos sobre os resultados encontrados no total da amostra.    ";"Para a realização da pesquisa, utiliza-se uma equipe de entrevistadores e supervisores contratados pelo IBOPE INTELIGÊNCIA PESQUISA E CONSULTORIA LTDA. devidamente treinados para o trabalho. Após os trabalhos de campo, os questionários são submetidos a uma fiscalização de cerca de 20% (vinte por cento) dos questionários aplicados pelos entrevistadores para verificação das respostas e da adequação dos entrevistados aos parâmetros amostrais.    ";"A área de abrangência da coleta é o estado de Minas Gerais. A relação das localidades selecionadas para aplicação da amostra será apresentada até o 7º dia seguinte ao registro da pesquisa, conforme expresso no art. 2º, §6º da Resolução 23.549/2017 do TSE."
"24/08/2022";"00:10:36";"2018";"5";"Eleições Gerais 2018";"MG";"MG";"MINAS GERAIS";"MG020372018";"30/09/2018";"10962375000277";"JOYCE DE ALMEIDA LUCAS";"TELESCOPIO PESQUISA INTELIGENTE";"Deputado Estadual, Senador, Deputado Federal";"19/09/2018";"28/09/2018";"408";"7655";"Augusto da Silva Rocha";"17800,00";"10962375000277";"JOYCE DE ALMEIDA LUCAS";"#NULO#";"10962375000277";"JOYCE DE ALMEIDA LUCAS";"A abordagem utilizada consiste na aplicação de uma amostragem aleatória representativa da população residente com 16 anos ou mais de idade.   A amostra é selecionada em dois estágios sendo que no primeiro faz-se uma divisão da amostra proporcionalmente ao número de habitantes acima de 16 anos de idade dentro de cada área geográfica intra-municipal.  No segundo estágio, para cada área geográfica, os respondentes são selecionados aleatoriamente respeitando-se quotas proporcionais controladas por região geográfica, sexo e faixa etária, de acordo com o perfil da população em estudo.  Fonte de Dados  IBGE (Censo 2010). TSE   ";"O plano amostral consta de quotas proporcionais as existentes no universo de acordo com as variáveis, Região, Sexo, Faixa Etária. Variável quanto a REGIÃO: proporcional ao setor censitário do IBGE. Variável quanto ao SEXO: 49,1% para masculino e 50,9% para feminino. Quanto a FAIXA ETÁRIA: 16 a 24 anos 12,8%. 25 a 34 anos 19,7%. 35 a 44 anos 19,3%, 45 a 59 anos 25,4%. Quanto a RENDA FAMILIAR: Até 1 SM 20,8%. de 1 a 2 SM 24,5%. de 2 a 5 SM 35,4%. Mais de 5 SM 19,3%. quanto a ESCOLARIDADE: Até 1º Grau Incompleto 48,7%. 1º. Grau Completo até 2º. Grau Incompleto 29,1%. 2º. Grau Completo até Superior Incompleto 16,9%. superior completo 5,2%. A margem de erro é de 4,85% para mais ou para menos e o índice de confiança é de 95% para um número de 408 entrevistas. Fonte de dados: IBGE - Censo Demográfico de 2010 e TSE jul/18.";"s trabalhos de campo foram executados por equipe de pesquisadores e supervisores. - Os pesquisadores seguiram para os locais sorteados em grupos de com um supervisor. - A coleta de dados foi feita através de um questionário estruturado conforme anexo. - Na aferição da intenção de voto foi utilizado o recurso do cartão circular, para as perguntas estimuladas, Foi feita conferência em 20% dos questionários aplicados durante o próprio decorrer da pesquisa pelos supervisores de equipe. - A conferência foi feita através de revisita a residência do entrevistado e por telefone, utilizando-se o método da reaplicação do questionário.";"#NULO#"
"24/08/2022";"00:10:36";"2018";"5";"Eleições Gerais 2018";"MG";"MG";"MINAS GERAIS";"MG020762018";"28/09/2018";"07630546000175";"DATAFOLHA INSTITUTO DE PESQUISAS LTDA.";"#NULO#";"Senador, Governador";"03/10/2018";"04/10/2018";"1470";"72.49A";"Renata Nunes César";"275854,00";"27865757000102";"GLOBO COMUNICACAO E PARTICIPACOES S/A / GCP,TV GLOBO, REDE GLOBO, GLOBO.COM, SOM LIVRE";"Recursos Próprios";"07630546000175";"DATAFOLHA INSTITUTO DE PESQUISAS LTDA.";"Pesquisa do tipo quantitativo, por amostragem, com aplicação de questionário estruturado e abordagem pessoal em pontos de fluxo populacional. O conjunto do eleitorado do Estado de Minas Gerais com 16 anos ou mais foi tomado como universo da pesquisa.";"Universo: Eleitorado do Estado de Minas Gerais, com 16 anos ou mais. Tamanho da amostra: A amostra prevista é de 1.470 entrevistas. Técnica de amostragem: A amostra é estratificada por natureza dos municípios (capital, região metropolitana ou interior). Em cada estrato, num primeiro estágio, são sorteados os municípios que farão parte do levantamento. Num segundo estágio, são sorteados os bairros e pontos de abordagem onde serão aplicadas as entrevistas.  Por fim, os entrevistados são selecionados aleatoriamente para responder ao questionário, de acordo com cotas de sexo e faixa etária. Nesta amostra, o estrato referente à capital foi desproporcionalizado para permitir detalhamento. Nos resultados finais, as corretas proporções serão restabelecidas através de ponderação. A amostra prevista é de 1.470 questionários, sendo 406 na capital. Os dados utilizados para definição e seleção da amostra são baseados nos dados fornecidos pelo TSE ¿ Tribunal Superior Eleitoral (eleitorado de agosto 2018) e IBGE (Estimativa 2018). Os dados relativos a sexo e faixa etária são: Sexo masculino 48%, feminino: 52%, 16 a 24 anos 14%, 25 a 34 anos 20%, 35 a 44 anos 20%, 45 a 59 anos 25% e 60 anos ou mais 21%. Ponderação dos resultados: No processamento dos dados é realizada ponderação referente à proporção de cada cidade na amostra para correta representação das regiões. Está prevista a eventual ponderação para correção nos tamanhos dos segmentos considerando as variáveis sexo e faixa etária. Para as variáveis grau de instrução e nível econômico do entrevistado (renda familiar mensal), o fator previsto para ponderação é 1 (resultados obtidos em campo).   Área física: Serão realizadas entrevistas em 73 municípios, localizados no Estado de Minas Gerais. A relação completa dos municípios e bairros pesquisados será encaminhada a esse tribunal posteriormente até o sétimo dia seguinte à data de registro da pesquisa, conforme a Resolução 23.549/2017 do TSE, no art.2º §6º. Margem de Erro: A margem de erro máxima prevista é de 3 pontos percentuais para mais ou para menos, considerando um nível de confiança de 95%. Os intervalos de confiança serão calculados considerando os resultados obtidos para um nível de confiança de 95%.  ";"Os pesquisadores envolvidos na realização desta pesquisa são treinados pelo Instituto e recebem instruções específicas para cada projeto realizado. A coleta será feita com a utilização de tablet e questionário eletrônico. São checados, no mínimo, 30% dos questionários de cada pesquisador, seja in loco por supervisores de campo ou, posteriormente, por telefone. Internamente, todo o material é verificado e codificado. Antes do processamento final e emissão dos resultados, realiza-se processo de consistência dos dados.";"#NULO#"
"24/08/2022";"00:10:36";"2018";"5";"Eleições Gerais 2018";"MG";"MG";"MINAS GERAIS";"MG020762018";"28/09/2018";"07630546000175";"DATAFOLHA INSTITUTO DE PESQUISAS LTDA.";"#NULO#";"Senador, Governador";"03/10/2018";"04/10/2018";"1470";"72.49A";"Renata Nunes César";"275854,00";"60579703000148";"EMPRESA FOLHA DA MANHA S.A.";"Recursos Próprios";"07630546000175";"DATAFOLHA INSTITUTO DE PESQUISAS LTDA.";"Pesquisa do tipo quantitativo, por amostragem, com aplicação de questionário estruturado e abordagem pessoal em pontos de fluxo populacional. O conjunto do eleitorado do Estado de Minas Gerais com 16 anos ou mais foi tomado como universo da pesquisa.";"Universo: Eleitorado do Estado de Minas Gerais, com 16 anos ou mais. Tamanho da amostra: A amostra prevista é de 1.470 entrevistas. Técnica de amostragem: A amostra é estratificada por natureza dos municípios (capital, região metropolitana ou interior). Em cada estrato, num primeiro estágio, são sorteados os municípios que farão parte do levantamento. Num segundo estágio, são sorteados os bairros e pontos de abordagem onde serão aplicadas as entrevistas.  Por fim, os entrevistados são selecionados aleatoriamente para responder ao questionário, de acordo com cotas de sexo e faixa etária. Nesta amostra, o estrato referente à capital foi desproporcionalizado para permitir detalhamento. Nos resultados finais, as corretas proporções serão restabelecidas através de ponderação. A amostra prevista é de 1.470 questionários, sendo 406 na capital. Os dados utilizados para definição e seleção da amostra são baseados nos dados fornecidos pelo TSE ¿ Tribunal Superior Eleitoral (eleitorado de agosto 2018) e IBGE (Estimativa 2018). Os dados relativos a sexo e faixa etária são: Sexo masculino 48%, feminino: 52%, 16 a 24 anos 14%, 25 a 34 anos 20%, 35 a 44 anos 20%, 45 a 59 anos 25% e 60 anos ou mais 21%. Ponderação dos resultados: No processamento dos dados é realizada ponderação referente à proporção de cada cidade na amostra para correta representação das regiões. Está prevista a eventual ponderação para correção nos tamanhos dos segmentos considerando as variáveis sexo e faixa etária. Para as variáveis grau de instrução e nível econômico do entrevistado (renda familiar mensal), o fator previsto para ponderação é 1 (resultados obtidos em campo).   Área física: Serão realizadas entrevistas em 73 municípios, localizados no Estado de Minas Gerais. A relação completa dos municípios e bairros pesquisados será encaminhada a esse tribunal posteriormente até o sétimo dia seguinte à data de registro da pesquisa, conforme a Resolução 23.549/2017 do TSE, no art.2º §6º. Margem de Erro: A margem de erro máxima prevista é de 3 pontos percentuais para mais ou para menos, considerando um nível de confiança de 95%. Os intervalos de confiança serão calculados considerando os resultados obtidos para um nível de confiança de 95%.  ";"Os pesquisadores envolvidos na realização desta pesquisa são treinados pelo Instituto e recebem instruções específicas para cada projeto realizado. A coleta será feita com a utilização de tablet e questionário eletrônico. São checados, no mínimo, 30% dos questionários de cada pesquisador, seja in loco por supervisores de campo ou, posteriormente, por telefone. Internamente, todo o material é verificado e codificado. Antes do processamento final e emissão dos resultados, realiza-se processo de consistência dos dados.";"#NULO#"
"24/08/2022";"00:10:36";"2018";"5";"Eleições Gerais 2018";"MG";"MG";"MINAS GERAIS";"MG021392018";"27/09/2018";"03830371000199";"MINAS PESQUISAS E CONSULTORIAS LTDA";"MPC - MINAS PESQUISAS E CONSULTORIAS";"Senador, Governador, Deputado Federal, Deputado Estadual";"29/09/2018";"01/10/2018";"600";"9077";"Edmilson Antonio Pereira Junior";"9000,00";"03830371000199";"MINAS PESQUISAS E CONSULTORIAS LTDA";"#NULO#";"03830371000199";"MINAS PESQUISAS E CONSULTORIAS LTDA";"A metodologia de pesquisa utilizada é quantitativa, do tipo survey, que consiste na aplicação domiciliar de questionários estruturados junto a uma amostra representativa de eleitores do município de Ipatinga/MG.";"A amostra dos eleitores de Ipatinga/MG é distribuída de forma a contemplar todas as regiões geográficas do município, a partir de quotas proporcionais ao universo, disponibilizadas pelo site do TSE e do IBGE, considerando as variáveis sexo, faixa etária, grau de instrução e nível econômico dos entrevistados. Distribuição da amostra: Sexo (Fonte: TSE-2018): Masculino ¿ 47,2% e Feminino ¿ 52,8%. Faixa etária (Fonte: TSE-2018): 16 a 24 anos ¿ 13,9%. 25 a 34 anos ¿ 20,6%. 35 a 44 anos ¿ 21,3%. 45 a 59 anos ¿ 24,3%. 60 anos ou mais ¿ 19,9%. Grau de instrução (Fonte: TSE-2018): Analfabeto ¿ 3,2%. Até ensino fundamental completo ¿ 42,1%. Ensino médio ¿ 46,2% e Ensino superior ¿ 8,5%. Nível econômico (Fonte: Censo Demográfico IBGE-2010): Sem rendimento ¿ 30,8%. Até 1 salário mínimo ¿ 25,4%. Mais de 1 a 2 salários mínimo ¿ 22,6%. Mais de 2 a 5 salários mínimo ¿ 15,8%. Mais de 5 a 10 salários mínimo ¿ 3,9% e Mais de 10 salários mínimo ¿ 1,5%. O fator de ponderação utilizado é igual a 1, entretanto, está prevista eventual ponderação para correção das variáveis, caso ocorram diferenças superiores a 2 pontos percentuais entre o previsto na amostra e a coleta de dados realizada. A amostra utilizada de 600 eleitores do município de Ipatinga/MG, ao nível de 95% de confiança, apresenta margem de erro estimada de 4,0 pontos percentuais, para mais ou para menos.";"A equipe de pesquisa é composta por entrevistadores e supervisores devidamente treinados para o tipo de trabalho. Serão checados 20% dos questionários realizados por cada entrevistador através de entrevistas pessoais e por telefone para verificação das respostas e de local de residência.";"Distribuição da população de Ipatinga: Regional I (4%),  Regional II (7%), Regional III (16%),  Regional IV (18%),  Regional V (20%),  Regional VI (12%),  Regional VII (16%),  Regional VIII (7%)"
"24/08/2022";"00:10:36";"2018";"5";"Eleições Gerais 2018";"MG";"MG";"MINAS GERAIS";"MG021492018";"29/09/2018";"00654576000172";"INSTITUTO VERITA LTDA - EPP";"VERITA";"Governador, Senador";"03/10/2018";"05/10/2018";"1210";"7806";"James Richard Silva Santos Ferro";"29040,00";"00654576000172";"INSTITUTO VERITA LTDA - EPP";"#NULO#";"00654576000172";"INSTITUTO VERITA LTDA - EPP";"Pesquisa quantitativa, que consiste na realização de entrevistas, com a aplicação de questionário estruturado junto a uma amostra representativa do eleitorado da cidade de Uberlândia.";"ESTUDO REPRESENTATIVO DO ELEITORADO DA CIDADE UBERLÂNDIA - MÉTODO PPT (Probabilidade Proporcional ao Tamanho)   -   PLANO AMOSTRAL E PONDERAÇÃO QUANTO A SEXO, IDADE, GRAU DE INSTRUÇÃO E NÍVEL ECONÔMICO DO ENTREVISTADO. INTERVALO DE CONFIANÇA E MARGEM DE ERRO: Representativo do eleitorado da área em estudo, elaborada, em vários estágios, da seguinte forma:   -   1. Divisão da CIDADE em estratos 2. Ordenação dos BAIRROS de cada estrato e definição da amostra por bairro de acordo com a proporção de domicílios. 3. Sorteio dos DOMICÍLIOS onde os respondentes são selecionados através de quotas amostrais proporcionais em função de variáveis significativas, a saber:  -   IDADE: FEMININO, 16 A 24 A NOS. 7,6%/ MASCULINO, 16 A 24 ANOS. 6,8% / FEMININO, 25 A 34 ANOS. 11,2% / MASCULINO, 25 A 34 ANOS. 10,1% /FEMININO, 35 A 44 ANOS. 11,2% / MASCULINO, 35 A 44 ANOS. 9,7% / FEMININO, 45 A 59 ANOS. 13,9%/ MASCULINO, 45 A 59 ANOS. 11,6% / FEMININO, 60 ANOS OU MAIS. 10,0%/ MASCULINO, 60 ANOS OU MAIS. 7,6%-  GRAU DE INSTRUÇÃO: Analfabeto até Ensino Médio completo 63,3%,  Superior incompleto, completo ou mais ou mais 36,7% -  NÍVEL ECONÔMICO: FEMININO Não PEA 45,2%, FEMININO PEA 54,8%, MASCULINO Não PEA 26,4%, MASCULINO PEA 73,6%    -    Está prevista eventual ponderação para correção das variáveis, com base nos percentuais anteriormente mencionados, caso ocorram diferenças superiores a margem de erro da pesquisa de  3 pontos percentuais entre o previsto na amostra e a coleta de dados realizada. Para as variáveis de grau de instrução e nível econômico do entrevistado, o fator previsto para ponderação é 1 (resultados obtidos em campo). O nível de confiança estimado é de 95% e a margem de erro máxima estimada considerando um modelo de amostragem aleatório simples, é de 3 pontos percentuais para mais ou para menos sobre os resultados encontrados no total da amostra. FONTE DOS DADOS: Censo 2010, PNAD 2017, TSE 2018, dentre outras";"Para a realização da pesquisa, utiliza-se uma equipe de entrevistadores e supervisores contratados pelo INSTITUTO VERITÁ LTDA. devidamente treinados para o trabalho. Após os trabalhos de campo, os questionários são submetidos a uma fiscalização de cerca de 20% (vinte por cento) dos questionários aplicados pelos entrevistadores. para verificação das respostas e da adequação dos entrevistadores aos parâmetros amostrais.";"A PESQUISA NÃO FOI DIVULGADA."
"24/08/2022";"00:10:36";"2018";"5";"Eleições Gerais 2018";"MG";"MG";"MINAS GERAIS";"MG023212018";"10/09/2018";"22642565000105";"CP2 CONSULTORIA, PESQUISA E PLANEJAMENTO LTDA.";"#NULO#";"Governador";"10/09/2018";"13/09/2018";"1800";"10563";"Luciano Fernandes de Avila Oliveira";"69766,79";"26198515000484";"SEMPRE EDITORA LTDA";"Recursos Próprios";"22642565000105";"CP2 CONSULTORIA, PESQUISA E PLANEJAMENTO LTDA.";"A metodologia utilizada é Survey quantitativo, com realização de entrevistas pessoais e domicilares, com aplicação de questionário estruturado e padronizado em plataforma digital (tablet) junto à uma amostra representativa dos eleitores do estado de Minas Gerais.";"O universo da pesquisa é composto pelo eleitorado de Minas gerais com idade a partir de 18 anos. O tamanho amostral é de 1800 entrevistas com um nível de confiança de 95% e erro amostral máximo é de 2,3%. A amostra é estratificada pelas mesorregiões e microrregiões do estado de acordo com a seguinte distribuição: Sexo:Masculino: (47%). Feminino:(53%) - Idade: 18 a 24 anos (13%). 25 a 34 anos: (20%). 35 a 44 anos: (20%). 45 a 54 anos: (17%). 55 anos ou mais: (30%) - Escolaridade: Até fundamental incompleto: (33%). Fundamental completo e médio incompleto: (23%). Médio completo e superior incompleto:(32%).Superior completo: (12%) ¿ Renda total de sua família: Até 2 SM: (40%). De 2 a 5 SM: (38%). De 5 a 10 SM: (17%). Acima de 10 SM (5%). Caso haja divergências significativas entre os percentuais das cotas mencionadas acima e os percentuais coletados em campo, haverá correção através de ponderação.";"A coleta de dados é realizada por entrevistadores orientados por coordenadores de campo. Todos os questionários preenchidos recebem crítica para avaliação da consistência dos dados coletados, sendo que 20% dos questionários são separados, aleatoriamente, e submetidos à conferência através de novos contatos com os entrevistados, medida sempre adotada que visa garantir a qualidade e fidelidade dos dados coletados.";"Conforme §6º. do art. 2º. da Resolução-TSE nº. 23.549, o pedido de registro poderá ser complementado pela entrega destes dados ao Tribunal Eleitoral até o sétimo dia seguinte ao registro da pesquisa. Serão enviados os dados relativos aos bairros abrangidos, na ausência de delimitação dos bairros, será identificada a área em que foi realizada."
"24/08/2022";"00:10:36";"2018";"5";"Eleições Gerais 2018";"MG";"MG";"MINAS GERAIS";"MG023262018";"29/09/2018";"00654576000172";"INSTITUTO VERITA LTDA - EPP";"VERITA";"Governador, Senador";"03/10/2018";"05/10/2018";"605";"7806";"James Richard Silva Santos Ferro";"14520,00";"00654576000172";"INSTITUTO VERITA LTDA - EPP";"#NULO#";"00654576000172";"INSTITUTO VERITA LTDA - EPP";"Pesquisa quantitativa, que consiste na realização de entrevistas, com a aplicação de questionário estruturado junto a uma amostra representativa do eleitorado da cidade de Araguari.";"ESTUDO REPRESENTATIVO DO ELEITORADO DA CIDADE ARAGUARI - MÉTODO PPT (Probabilidade Proporcional ao Tamanho)   -   PLANO AMOSTRAL E PONDERAÇÃO QUANTO A SEXO, IDADE, GRAU DE INSTRUÇÃO E NÍVEL ECONÔMICO DO ENTREVISTADO. INTERVALO DE CONFIANÇA E MARGEM DE ERRO: Representativo do eleitorado da área em estudo, elaborada, em vários estágios, da seguinte forma:   -   1. Divisão da CIDADE em estratos 2. Ordenação dos BAIRROS de cada estrato e definição da amostra por bairro de acordo com a proporção de domicílios. 3. Sorteio dos DOMICÍLIOS onde os respondentes são selecionados através de quotas amostrais proporcionais em função de variáveis significativas, a saber:  -   IDADE: FEMININO, 16 A 24 A NOS. 6,2%/ MASCULINO, 16 A 24 ANOS. 6,1% / FEMININO, 25 A 34 ANOS. 9,8% / MASCULINO, 25 A 34 ANOS. 9,6% /FEMININO, 35 A 44 ANOS. 10,0% / MASCULINO, 35 A 44 ANOS. 9,5% / FEMININO, 45 A 59 ANOS. 13,7%/ MASCULINO, 45 A 59 ANOS. 12,6% / FEMININO, 60 ANOS OU MAIS. 12,3%/ MASCULINO, 60 ANOS OU MAIS. 10,1%-  GRAU DE INSTRUÇÃO: Analfabeto até Ensino Médio completo 63,3%,  Superior incompleto, completo ou mais ou mais 36,7% -  NÍVEL ECONÔMICO: FEMININO Não PEA 45,2%, FEMININO PEA 54,8%, MASCULINO Não PEA 26,4%, MASCULINO PEA 73,6%    -    Está prevista eventual ponderação para correção das variáveis, com base nos percentuais anteriormente mencionados, caso ocorram diferenças superiores a margem de erro da pesquisa de  4 pontos percentuais entre o previsto na amostra e a coleta de dados realizada. Para as variáveis de grau de instrução e nível econômico do entrevistado, o fator previsto para ponderação é 1 (resultados obtidos em campo). O nível de confiança estimado é de 95% e a margem de erro máxima estimada considerando um modelo de amostragem aleatório simples, é de 4 pontos percentuais para mais ou para menos sobre os resultados encontrados no total da amostra. FONTE DOS DADOS: Censo 2010, PNAD 2017, TSE 2018, dentre outras";"Para a realização da pesquisa, utiliza-se uma equipe de entrevistadores e supervisores contratados pelo INSTITUTO VERITÁ LTDA. devidamente treinados para o trabalho. Após os trabalhos de campo, os questionários são submetidos a uma fiscalização de cerca de 20% (vinte por cento) dos questionários aplicados pelos entrevistadores. para verificação das respostas e da adequação dos entrevistadores aos parâmetros amostrais.";"A PESQUISA NÃO FOI DIVULGADA."
"24/08/2022";"00:10:36";"2018";"5";"Eleições Gerais 2018";"MG";"MG";"MINAS GERAIS";"MG026792018";"10/08/2018";"03830371000199";"MINAS PESQUISAS E CONSULTORIAS LTDA";"MPC - MINAS PESQUISAS E CONSULTORIAS";"Governador, Deputado Estadual, Deputado Federal, Senador";"13/08/2018";"14/08/2018";"600";"9077";"Edmilson Antonio Pereira Junior";"9000,00";"03830371000199";"MINAS PESQUISAS E CONSULTORIAS LTDA";"#NULO#";"03830371000199";"MINAS PESQUISAS E CONSULTORIAS LTDA";"A metodologia de pesquisa utilizada é quantitativa, do tipo survey, que consiste na aplicação domiciliar de questionários estruturados junto a uma amostra representativa de eleitores do município de Ipatinga/MG.";"A amostra dos eleitores de Ipatinga/MG é distribuída de forma a contemplar todas as regiões geográficas do município, a partir de quotas proporcionais ao universo, disponibilizadas pelo site do TSE e do IBGE, considerando as variáveis sexo, faixa etária, grau de instrução e nível econômico dos entrevistados. Distribuição da amostra: Sexo (Fonte: TSE-2018): Masculino ¿ 47,2% e Feminino ¿ 52,8%. Faixa etária (Fonte: TSE-2018): 16 a 24 anos ¿ 13,9%. 25 a 34 anos ¿ 20,6%. 35 a 44 anos ¿ 21,3%. 45 a 59 anos ¿ 24,3%. 60 anos ou mais ¿ 19,9%. Grau de instrução (Fonte: TSE-2018): Analfabeto ¿ 3,2%. Até ensino fundamental completo ¿ 42,1%. Ensino médio ¿ 46,2% e Ensino superior ¿ 8,5%. Nível econômico (Fonte: Censo Demográfico IBGE-2010): Sem rendimento ¿ 30,8%. Até 1 salário mínimo ¿ 25,4%. Mais de 1 a 2 salários mínimo ¿ 22,6%. Mais de 2 a 5 salários mínimo ¿ 15,8%. Mais de 5 a 10 salários mínimo ¿ 3,9% e Mais de 10 salários mínimo ¿ 1,5%. O fator de ponderação utilizado é igual a 1, entretanto, está prevista eventual ponderação para correção das variáveis, caso ocorram diferenças superiores a 2 pontos percentuais entre o previsto na amostra e a coleta de dados realizada. A amostra utilizada de 600 eleitores do município de Ipatinga/MG, ao nível de 95% de confiança, apresenta margem de erro estimada de 4,0 pontos percentuais, para mais ou para menos.";"A equipe de pesquisa é composta por entrevistadores e supervisores devidamente treinados para o tipo de trabalho. Serão checados 20% dos questionários realizados por cada entrevistador através de entrevistas pessoais e por telefone para verificação das respostas e de local de residência.";"#NULO#"
"24/08/2022";"00:10:36";"2018";"5";"Eleições Gerais 2018";"MG";"MG";"MINAS GERAIS";"MG027242018";"16/08/2018";"19090489000168";"MDA-PESQUISA DE OPINIAO PUBLICA E CONSULT. ESTATIST. LTDA - EPP";"#NULO#";"Governador, Senador";"17/08/2018";"20/08/2018";"2002";"Série A No. 8109";"Marcelo Costa Souza";"80330,00";"00721183000134";"CONFEDERACAO NACIONAL DO TRANSPORTE / ";"Recursos Próprios";"19090489000168";"MDA-PESQUISA DE OPINIAO PUBLICA E CONSULT. ESTATIST. LTDA - EPP";"Será adotada a metodologia quantitativa do tipo ¿survey¿, com entrevistas pessoais, do tipo face-a-face, domiciliar ou em pontos de fluxo, por meio da utilização de questionário estruturado, sendo o universo representado pelos eleitores de Minas Gerais.";"O Universo desta pesquisa compreende os eleitores de Minas Gerais com idade a partir de 16 anos. Está prevista a realização de 2.002 entrevistas, o que fornece um erro amostral para o resultado total de no máximo 2,2 pontos percentuais considerando nível de confiança de 95%. Os intervalos de confiança serão calculados com base nos percentuais obtidos e com grau de confiança de 95%.  As entrevistas são distribuídas a partir de informações disponibilizadas pelo TSE (jun/2018), CENSO (2010), PNAD (2015) e IBGE (jul/2017) e com base em dois fatores: O primeiro consiste em distribuir a amostra de forma proporcional ao eleitorado por região de planejamento de Minas Gerais. O segundo fator envolve o porte do município (até 20 mil habitantes, de 20 a 50 mil, de 50 a 100 mil, de 100 a 500 mil e acima de 500 mil habitantes), de forma que as entrevistas também são alocadas de forma proporcional às faixas populacionais.  Para a seleção dos entrevistados, o primeiro estágio envolve o sorteio dos municípios de forma a atender os critérios definidos na estratificação da amostra (região de planejamento e porte do município). Dentro de cada município, no segundo estágio, são definidos os setores em que as entrevistas serão realizadas. No último estágio, os entrevistados são selecionados de forma a atender às cotas pré-estabelecidas em função das variáveis gênero e idade. Para a variável gênero, os tamanhos são: 48,0% de eleitores do sexo masculino e 52,0% do sexo feminino. Para a faixa etária: 14,5% para eleitores entre 16 anos e 24 anos, 20,3% entre 25 anos e 34 anos, 20,0% entre 35 anos e 44 anos, 24,6% entre 45 anos e 59 anos e 20,6% com mais de 59 anos. Renda familiar: 40,5% para até 2 SM, 39,0% entre 2 e 5 SM e 20,5% para acima de 5 SM. A ponderação prevista para estas variáveis é igual a 1, podendo ocorrer outra ponderação caso as diferenças sejam significativas. As informações sobre nível de escolaridade serão levantadas na própria pesquisa tendo como controles: dispersão das entrevistas, representatividade por porte do município e região de planejamento. A ponderação prevista também é igual a 1.  A relação completa dos municípios e setores pesquisados será encaminhada a esse tribunal após a publicação dos resultados.  ";"Os pesquisadores são treinados especificamente para este projeto, com simulação de entrevistas e discussão de todas as questões. O trabalho de campo é fiscalizado pelo Coordenador da Equipe, especialmente treinado para esta tarefa.  As entrevistas são realizadas utilizando tablets e questionário eletrônico. Do total dos questionários preenchidos, parte será sorteada de forma aleatória para conferência, via telefone, através de novo contato com o entrevistado, garantindo um mínimo de vinte por cento de checagem. Todas as entrevistas passam por checagem de consistência e os procedimentos acima são realizados por profissionais especializados e com vasta experiência na condução de pesquisas de opinião.  ";"Os dados referentes aos municípios e bairros abrangidos pela pesquisa serão informados a este tribunal dentro dos prazos estabelecidos pela legislação."
"24/08/2022";"00:10:36";"2018";"5";"Eleições Gerais 2018";"MG";"MG";"MINAS GERAIS";"MG028482018";"01/10/2018";"00654576000172";"INSTITUTO VERITA LTDA - EPP";"VERITA";"Governador, Deputado Federal, Deputado Estadual, Senador";"03/10/2018";"05/10/2018";"1210";"7806";"James Richard Silva Santos Ferro";"29040,00";"00654576000172";"INSTITUTO VERITA LTDA - EPP";"#NULO#";"00654576000172";"INSTITUTO VERITA LTDA - EPP";"Pesquisa quantitativa, que consiste na realização de entrevistas, com a aplicação de questionário estruturado junto a uma amostra representativa do eleitorado da cidade de Uberlândia.";"ESTUDO REPRESENTATIVO DO ELEITORADO DA CIDADE UBERLÂNDIA - MÉTODO PPT (Probabilidade Proporcional ao Tamanho) - PLANO AMOSTRAL E PONDERAÇÃO QUANTO A SEXO, IDADE, GRAU DE INSTRUÇÃO E NÍVEL ECONÔMICO DO ENTREVISTADO. INTERVALO DE CONFIANÇA E MARGEM DE ERRO: Representativo do eleitorado da área em estudo, elaborada, em vários estágios, da seguinte forma: - 1. Divisão da CIDADE em estratos 2. Ordenação dos BAIRROS de cada estrato e definição da amostra por bairro de acordo com a proporção de domicílios. 3. Sorteio dos DOMICÍLIOS onde os respondentes são selecionados através de quotas amostrais proporcionais em função de variáveis significativas, a saber: - IDADE: FEMININO, 16 A 24 A NOS. 7,6%/ MASCULINO, 16 A 24 ANOS. 6,8% / FEMININO, 25 A 34 ANOS. 11,2% / MASCULINO, 25 A 34 ANOS. 10,1% /FEMININO, 35 A 44 ANOS. 11,2% / MASCULINO, 35 A 44 ANOS. 9,7% / FEMININO, 45 A 59 ANOS. 13,9%/ MASCULINO, 45 A 59 ANOS. 11,6% / FEMININO, 60 ANOS OU MAIS. 10,0%/ MASCULINO, 60 ANOS OU MAIS. 7,6%- GRAU DE INSTRUÇÃO: Analfabeto até Ensino Médio completo 63,3%, Superior incompleto, completo ou mais ou mais 36,7% - NÍVEL ECONÔMICO: FEMININO Não PEA 45,2%, FEMININO PEA 54,8%, MASCULINO Não PEA 26,4%, MASCULINO PEA 73,6% - Está prevista eventual ponderação para correção das variáveis, com base nos percentuais anteriormente mencionados, caso ocorram diferenças superiores a margem de erro da pesquisa de 3 pontos percentuais entre o previsto na amostra e a coleta de dados realizada. Para as variáveis de grau de instrução e nível econômico do entrevistado, o fator previsto para ponderação é 1 (resultados obtidos em campo). O nível de confiança estimado é de 95% e a margem de erro máxima estimada considerando um modelo de amostragem aleatório simples, é de 3 pontos percentuais para mais ou para menos sobre os resultados encontrados no total da amostra. FONTE DOS DADOS: Censo 2010, PNAD 2017, TSE 2018, dentre outras";"Para a realização da pesquisa, utiliza-se uma equipe de entrevistadores e supervisores contratados pelo INSTITUTO VERITÁ LTDA. devidamente treinados para o trabalho. Após os trabalhos de campo, os questionários são submetidos a uma fiscalização de cerca de 20% (vinte por cento) dos questionários aplicados pelos entrevistadores. para verificação das respostas e da adequação dos entrevistadores aos parâmetros amostrais.";"A PESQUISA NÃO FOI DIVULGADA."
"24/08/2022";"00:10:36";"2018";"5";"Eleições Gerais 2018";"MG";"MG";"MINAS GERAIS";"MG031182018";"01/10/2018";"00654576000172";"INSTITUTO VERITA LTDA - EPP";"VERITA";"Deputado Federal, Deputado Estadual, Senador, Governador";"03/10/2018";"05/10/2018";"605";"7806";"James Richard Silva Santos Ferro";"14520,00";"00654576000172";"INSTITUTO VERITA LTDA - EPP";"#NULO#";"00654576000172";"INSTITUTO VERITA LTDA - EPP";"Pesquisa quantitativa, que consiste na realização de entrevistas, com a aplicação de questionário estruturado junto a uma amostra representativa do eleitorado da cidade de Araguari.";"ESTUDO REPRESENTATIVO DO ELEITORADO DA CIDADE ARAGUARI - MÉTODO PPT (Probabilidade Proporcional ao Tamanho) - PLANO AMOSTRAL E PONDERAÇÃO QUANTO A SEXO, IDADE, GRAU DE INSTRUÇÃO E NÍVEL ECONÔMICO DO ENTREVISTADO. INTERVALO DE CONFIANÇA E MARGEM DE ERRO: Representativo do eleitorado da área em estudo, elaborada, em vários estágios, da seguinte forma: - 1. Divisão da CIDADE em estratos 2. Ordenação dos BAIRROS de cada estrato e definição da amostra por bairro de acordo com a proporção de domicílios. 3. Sorteio dos DOMICÍLIOS onde os respondentes são selecionados através de quotas amostrais proporcionais em função de variáveis significativas, a saber: - IDADE: FEMININO, 16 A 24 A NOS. 6,2%/ MASCULINO, 16 A 24 ANOS. 6,1% / FEMININO, 25 A 34 ANOS. 9,8% / MASCULINO, 25 A 34 ANOS. 9,6% /FEMININO, 35 A 44 ANOS. 10,0% / MASCULINO, 35 A 44 ANOS. 9,5% / FEMININO, 45 A 59 ANOS. 13,7%/ MASCULINO, 45 A 59 ANOS. 12,6% / FEMININO, 60 ANOS OU MAIS. 12,3%/ MASCULINO, 60 ANOS OU MAIS. 10,1%- GRAU DE INSTRUÇÃO: Analfabeto até Ensino Médio completo 63,3%, Superior incompleto, completo ou mais ou mais 36,7% - NÍVEL ECONÔMICO: FEMININO Não PEA 45,2%, FEMININO PEA 54,8%, MASCULINO Não PEA 26,4%, MASCULINO PEA 73,6% - Está prevista eventual ponderação para correção das variáveis, com base nos percentuais anteriormente mencionados, caso ocorram diferenças superiores a margem de erro da pesquisa de 4 pontos percentuais entre o previsto na amostra e a coleta de dados realizada. Para as variáveis de grau de instrução e nível econômico do entrevistado, o fator previsto para ponderação é 1 (resultados obtidos em campo). O nível de confiança estimado é de 95% e a margem de erro máxima estimada considerando um modelo de amostragem aleatório simples, é de 4 pontos percentuais para mais ou para menos sobre os resultados encontrados no total da amostra. FONTE DOS DADOS: Censo 2010, PNAD 2017, TSE 2018, dentre outras";"Para a realização da pesquisa, utiliza-se uma equipe de entrevistadores e supervisores contratados pelo INSTITUTO VERITÁ LTDA. devidamente treinados para o trabalho. Após os trabalhos de campo, os questionários são submetidos a uma fiscalização de cerca de 20% (vinte por cento) dos questionários aplicados pelos entrevistadores. para verificação das respostas e da adequação dos entrevistadores aos parâmetros amostrais.";"A PESQUISA NÃO FOI DIVULGADA."
"24/08/2022";"00:10:36";"2018";"5";"Eleições Gerais 2018";"MG";"MG";"MINAS GERAIS";"MG032222018";"09/08/2018";"22642565000105";"CP2 CONSULTORIA, PESQUISA E PLANEJAMENTO LTDA.";"#NULO#";"Governador, Senador";"08/08/2018";"11/08/2018";"1822";"10563";"Luciano Fernandes de Avila Oliveira";"47650,00";"26198515000484";"SEMPRE EDITORA LTDA";"Recursos Próprios";"22642565000105";"CP2 CONSULTORIA, PESQUISA E PLANEJAMENTO LTDA.";"A metodologia utilizada é Survey quantitativo, com realização de entrevistas pessoais e domicilares, com aplicação de questionário estruturado e padronizado em plataforma digital (tablet) junto à uma amostra representativa dos eleitores do estado de Minas Gerais.";"O universo da pesquisa é composto pelo eleitorado de Minas gerais com idade a partir de 18 anos. O tamanho amostral é de 1822 entrevistas com um nível de confiança de 95% e erro amostral máximo é de 2,3%. A amostra é estratificada por todas as mesorregiões e microrregiões do estado de acordo com a seguinte distribuição: Sexo:Masculino: (47%). Feminino:(53%) - Idade: 18 a 24 anos (13%). 25 a 34 anos: (20%). 35 a 44 anos: (20%). 45 a 54 anos: (17%). 55 anos ou mais: (30%) - Escolaridade: Até fundamental incompleto: (33%). Fundamental completo e médio incompleto: (23%). Médio completo e superior incompleto:(32%).Superior completo: (12%) ¿ Renda total de sua família: Até 2 SM: (40%). De 2 a 5 SM: (38%). De 5 a 10 SM: (17%). Acima de 10 SM (5%). Caso haja divergências significativas entre os percentuais das cotas mencionadas acima e os percentuais coletados em campo, haverá correção através de ponderação.";"A coleta de dados é realizada por entrevistadores orientados por coordenadores de campo. Todos os questionários preenchidos recebem crítica para avaliação da consistência dos dados coletados, sendo que 20% dos questionários são separados, aleatoriamente, e submetidos à conferência através de novos contatos com os entrevistados, medida sempre adotada que visa garantir a qualidade e fidelidade dos dados coletados.";"Conforme §6º. do art. 2º. da Resolução-TSE nº. 23.549, o pedido de registro poderá ser complementado pela entrega destes dados ao Tribunal Eleitoral até o sétimo dia seguinte ao registro da pesquisa. Serão enviados os dados relativos aos bairros abrangidos, na ausência de delimitação dos bairros, será identificada a área em que foi realizada."
"24/08/2022";"00:10:36";"2018";"5";"Eleições Gerais 2018";"MG";"MG";"MINAS GERAIS";"MG033492018";"01/10/2018";"68802370000186";"IBOPE INTELIGENCIA PESQUISA E CONSULTORIA LTDA";"#NULO#";"Senador, Governador";"01/10/2018";"07/10/2018";"3200";"6208-A";"Márcia Cavallari Nunes";"149924,88";"68802370000186";"IBOPE INTELIGENCIA PESQUISA E CONSULTORIA LTDA";"#NULO#";"68802370000186";"IBOPE INTELIGENCIA PESQUISA E CONSULTORIA LTDA";"Pesquisa quantitativa, que consiste na realização de entrevistas pessoais, com a aplicação de questionário estruturado junto a uma amostra representativa do eleitorado em estudo. Pesquisa realizada no estado de Minas Gerais.";"Representativa dos votantes da área em estudo, elaborada em três estágios. No primeiro estágio fez-se um sorteio probabilístico dos municípios pesquisados, pelo método PPT (Probabilidade Proporcional ao Tamanho), com base na população de votantes (TSE 2018, excluindo abstenção 1º turno 2010 e 2014) de cada município.  Em um segundo estágio, dentro dos municípios sorteados foram selecionados, também pelo método PPT, os locais de votação com base no número de votantes de cada local de votação. No terceiro estágio, dentro dos locais de votação sorteados, os respondentes foram selecionados através de quotas amostrais, proporcionais em função de variáveis significativas, a saber: Sexo, Idade, de acordo com o perfil dos votantes. Devido à metodologia amostral adotada, a pesquisa é auto-ponderada, ou seja, as proporções do universo pesquisado estão previstas na amostra, não sendo necessário qualquer tipo de ponderação quanto à sexo, idade, grau de instrução e nível econômico.    O intervalo de confiança estimado é de 99% e a margem de erro máxima estimada considerando um modelo de amostragem aleatório simples, é de 03 (três) pontos percentuais para mais ou para menos sobre os resultados encontrados no total da amostra.    ";"Para a realização da pesquisa, utiliza-se uma equipe de entrevistadores e supervisores contratados pelo IBOPE INTELIGÊNCIA PESQUISA E CONSULTORIA LTDA. devidamente treinados para o trabalho. Após os trabalhos de campo, os questionários são submetidos a uma fiscalização de cerca de 20% (vinte por cento) dos questionários aplicados pelos entrevistadores para verificação das respostas e da adequação dos entrevistados aos parâmetros amostrais.    ";"A área de abrangência da coleta é o estado de Minas Gerais. A relação das localidades selecionadas para aplicação da amostra será apresentada até o 7º dia seguinte ao registro da pesquisa, conforme expresso no art. 2º, §6º da Resolução 23.549/2017 do TSE."
"24/08/2022";"00:10:36";"2018";"5";"Eleições Gerais 2018";"MG";"MG";"MINAS GERAIS";"MG034542018";"23/07/2018";"22642565000105";"CP2 CONSULTORIA, PESQUISA E PLANEJAMENTO LTDA.";"#NULO#";"Governador, Deputado Estadual, Deputado Federal, Senador";"15/07/2018";"18/07/2018";"1823";"10563";"LUCIANO FERNANDES DE AVILA OLIVEIRA";"47650,00";"26198515000484";"SEMPRE EDITORA LTDA";"Recursos Próprios";"22642565000105";"CP2 CONSULTORIA, PESQUISA E PLANEJAMENTO LTDA.";"A metodologia utilizada é Survey quantitativo, com realização de entrevistas pessoais e domicilares, com aplicação de questionário estruturado e padronizado em plataforma digital (tablet) junto à uma amostra representativa dos eleitores do estado de Minas Gerais.";"O universo da pesquisa é composto pelo eleitorado de Minas gerais com idade a partir de 18 anos. O tamanho amostral é de 1823 entrevistas com um nível de confiança de 95% e erro amostral máximo é de 2,3%. A amostra é estratificada por todas as mesorregiões e microrregiões do estado de acordo com a seguinte distribuição: Sexo:Masculino: (47%). Feminino:(53%) - Idade: 18 a 24 anos (13%). 25 a 34 anos: (20%). 35 a 44 anos: (20%). 45 a 54 anos: (17%). 55 anos ou mais: (30%) - Escolaridade: Até fundamental incompleto: (35%). Fundamental completo e médio incompleto: (23%). Médio completo e superior incompleto:(32%).Superior completo: (10%) ¿ Renda total de sua família: Até 2 SM: (40%). De 2 a 5 SM: (38%). De 5 a 10 SM: (17%). Acima de 10 SM (5%). Caso haja divergências significativas entre os percentuais das cotas mencionadas acima e os percentuais coletados em campo, haverá correção através de ponderação.";"A coleta de dados é realizada por entrevistadores orientados por coordenadores de campo. Todos os questionários preenchidos recebem crítica para avaliação da consistência dos dados coletados, sendo que 20% dos questionários são separados, aleatoriamente, e submetidos à conferência através de novos contatos com os entrevistados, medida sempre adotada que visa garantir a qualidade e fidelidade dos dados coletados.";"Conforme §6º. do art. 2º. da Resolução-TSE nº. 23.549, o pedido de registro poderá ser complementado pela entrega destes dados ao Tribunal Eleitoral até o sétimo dia seguinte ao registro da pesquisa. Serão enviados os dados relativos aos bairros abrangidos, na ausência de delimitação dos bairros, será identificada a área em que foi realizada."
"24/08/2022";"00:10:36";"2018";"5";"Eleições Gerais 2018";"MG";"MG";"MINAS GERAIS";"MG035002018";"21/10/2018";"07630546000175";"DATAFOLHA INSTITUTO DE PESQUISAS LTDA.";"#NULO#";"Governador";"26/10/2018";"27/10/2018";"2970";"72.49A";"Renata Nunes César";"417960,00";"27865757000102";"GLOBO COMUNICACAO E PARTICIPACOES S/A / GCP,TV GLOBO, REDE GLOBO, GLOBO.COM, SOM LIVRE";"Recursos Próprios";"07630546000175";"DATAFOLHA INSTITUTO DE PESQUISAS LTDA.";"Pesquisa do tipo quantitativo, por amostragem, com aplicação de questionário estruturado e abordagem pessoal em pontos de fluxo populacional. O conjunto do eleitorado do Estado de Minas Gerais com 16 anos ou mais foi tomado como universo da pesquisa.";"Universo: Eleitorado do Estado de Minas Gerais, com 16 anos ou mais. Tamanho da amostra: A amostra prevista é de 2.970 entrevistas. Técnica de amostragem: A amostra é estratificada por natureza dos municípios (capital, região metropolitana ou interior). Em cada estrato, num primeiro estágio, são sorteados os municípios que farão parte do levantamento. Num segundo estágio, são sorteados os bairros e pontos de abordagem onde serão aplicadas as entrevistas.  Por fim, os entrevistados são selecionados aleatoriamente para responder ao questionário, de acordo com cotas de sexo e faixa etária. Nesta amostra, o estrato referente à capital foi desproporcionalizado para permitir detalhamento. Nos resultados finais, as corretas proporções serão restabelecidas através de ponderação. A amostra prevista é de 2.970 questionários, sendo 750 na capital. Os dados utilizados para definição e seleção da amostra são baseados nos dados fornecidos pelo TSE ¿ Tribunal Superior Eleitoral (eleitorado de agosto 2018) e IBGE (Estimativa 2018). Os dados relativos a sexo e faixa etária são: Sexo masculino 48%, feminino: 52%, 16 a 24 anos 14%, 25 a 34 anos 20%, 35 a 44 anos 20%, 45 a 59 anos 25% e 60 anos ou mais 21%. Ponderação dos resultados: No processamento dos dados é realizada ponderação referente à proporção de cada cidade na amostra para correta representação das regiões. Está prevista a eventual ponderação para correção nos tamanhos dos segmentos considerando as variáveis sexo e faixa etária. Para as variáveis grau de instrução e nível econômico do entrevistado (renda familiar mensal), o fator previsto para ponderação é 1 (resultados obtidos em campo).   Área física: Serão realizadas entrevistas em 73 municípios, localizados no Estado de Minas Gerais. A relação completa dos municípios e bairros pesquisados será encaminhada a esse tribunal posteriormente até o sétimo dia seguinte à data de registro da pesquisa, conforme a Resolução 23.549/2017 do TSE, no art.2º §6º. Margem de Erro: A margem de erro máxima prevista é de 2 pontos percentuais para mais ou para menos, considerando um nível de confiança de 95%. Os intervalos de confiança serão calculados considerando os resultados obtidos para um nível de confiança de 95%.  ";"Os pesquisadores envolvidos na realização desta pesquisa são treinados pelo Instituto e recebem instruções específicas para cada projeto realizado. A coleta será feita com a utilização de tablet e questionário eletrônico. São checados, no mínimo, 30% dos questionários de cada pesquisador, seja in loco por supervisores de campo ou, posteriormente, por telefone. Internamente, todo o material é verificado e codificado. Antes do processamento final e emissão dos resultados, realiza-se processo de consistência dos dados.";"#NULO#"
"24/08/2022";"00:10:36";"2018";"5";"Eleições Gerais 2018";"MG";"MG";"MINAS GERAIS";"MG035002018";"21/10/2018";"07630546000175";"DATAFOLHA INSTITUTO DE PESQUISAS LTDA.";"#NULO#";"Governador";"26/10/2018";"27/10/2018";"2970";"72.49A";"Renata Nunes César";"417960,00";"60579703000148";"EMPRESA FOLHA DA MANHA S.A.";"Recursos Próprios";"07630546000175";"DATAFOLHA INSTITUTO DE PESQUISAS LTDA.";"Pesquisa do tipo quantitativo, por amostragem, com aplicação de questionário estruturado e abordagem pessoal em pontos de fluxo populacional. O conjunto do eleitorado do Estado de Minas Gerais com 16 anos ou mais foi tomado como universo da pesquisa.";"Universo: Eleitorado do Estado de Minas Gerais, com 16 anos ou mais. Tamanho da amostra: A amostra prevista é de 2.970 entrevistas. Técnica de amostragem: A amostra é estratificada por natureza dos municípios (capital, região metropolitana ou interior). Em cada estrato, num primeiro estágio, são sorteados os municípios que farão parte do levantamento. Num segundo estágio, são sorteados os bairros e pontos de abordagem onde serão aplicadas as entrevistas.  Por fim, os entrevistados são selecionados aleatoriamente para responder ao questionário, de acordo com cotas de sexo e faixa etária. Nesta amostra, o estrato referente à capital foi desproporcionalizado para permitir detalhamento. Nos resultados finais, as corretas proporções serão restabelecidas através de ponderação. A amostra prevista é de 2.970 questionários, sendo 750 na capital. Os dados utilizados para definição e seleção da amostra são baseados nos dados fornecidos pelo TSE ¿ Tribunal Superior Eleitoral (eleitorado de agosto 2018) e IBGE (Estimativa 2018). Os dados relativos a sexo e faixa etária são: Sexo masculino 48%, feminino: 52%, 16 a 24 anos 14%, 25 a 34 anos 20%, 35 a 44 anos 20%, 45 a 59 anos 25% e 60 anos ou mais 21%. Ponderação dos resultados: No processamento dos dados é realizada ponderação referente à proporção de cada cidade na amostra para correta representação das regiões. Está prevista a eventual ponderação para correção nos tamanhos dos segmentos considerando as variáveis sexo e faixa etária. Para as variáveis grau de instrução e nível econômico do entrevistado (renda familiar mensal), o fator previsto para ponderação é 1 (resultados obtidos em campo).   Área física: Serão realizadas entrevistas em 73 municípios, localizados no Estado de Minas Gerais. A relação completa dos municípios e bairros pesquisados será encaminhada a esse tribunal posteriormente até o sétimo dia seguinte à data de registro da pesquisa, conforme a Resolução 23.549/2017 do TSE, no art.2º §6º. Margem de Erro: A margem de erro máxima prevista é de 2 pontos percentuais para mais ou para menos, considerando um nível de confiança de 95%. Os intervalos de confiança serão calculados considerando os resultados obtidos para um nível de confiança de 95%.  ";"Os pesquisadores envolvidos na realização desta pesquisa são treinados pelo Instituto e recebem instruções específicas para cada projeto realizado. A coleta será feita com a utilização de tablet e questionário eletrônico. São checados, no mínimo, 30% dos questionários de cada pesquisador, seja in loco por supervisores de campo ou, posteriormente, por telefone. Internamente, todo o material é verificado e codificado. Antes do processamento final e emissão dos resultados, realiza-se processo de consistência dos dados.";"#NULO#"
"24/08/2022";"00:10:36";"2018";"5";"Eleições Gerais 2018";"MG";"MG";"MINAS GERAIS";"MG035812018";"10/10/2018";"29842579000111";"REAL TIME BIG DATA GESTAO DE DADOS LTDA.";"REAL TIME BIG DATA";"Governador";"15/10/2018";"15/10/2018";"3000";"7655";"Augusto da Silva Rocha";"12000,00";"29842579000111";"REAL TIME BIG DATA GESTAO DE DADOS LTDA.";"#NULO#";"29842579000111";"REAL TIME BIG DATA GESTAO DE DADOS LTDA.";"Pesquisa quantitativa, que consiste na realização de entrevistas por telefone, com a aplicação de questionário estruturado junto a uma amostra, representativa do eleitorado em estudo.";"Universo: 15.700.966 eleitores. Amostra: 3000 entrevistas. O nível de confiança estimado é de 95% para uma margem de erro máxima estimada, considerando uma técnica de amostragem aleatória simples, de aproximadamente 2 pontos percentuais para mais ou para menos sobre os resultados obtidos. Divisão Censitária. Ponderação quanto ao sexo e faixa etária: Masculino de 16 a 24 anos (6,8%), Masculino de 25 a 34 anos (10,0%), Masculino de 35 a 44 anos (9,7%), Masculino de 45 a 59 anos (11,9%) e Masculino acima de 59 anos (9,6%). Feminino de 16 a 24 anos (7,1%), Feminino de 25 a 34 anos (10,3%), Feminino de 35 a 44 anos (10,3%), Feminino de 45 a 59 anos (12,8%) e Feminino acima de 59 anos (11,4%). Ponderação quanto ao nível de instrução: 34% de Analfabeto / Fundamental Incompleto, 17% de Lê e escreve / Fundamental Completo, 39% de Médio Incompleto / Médio Completo e 10% de Superior Incompleto / Superior Completo. Ponderação quanto a renda: Economicamente Ativo: 66%. Não Economicamente Ativo: 34% Está prevista eventual ponderação para correção das variáveis sexo, faixa etária e escolaridade, com base nos percentuais acima apresentados, caso ocorram diferenças superiores a 3,0 pontos percentuais entre o previsto na amostra e a coleta realizada. Para as variáveis: Nível Econômico e Renda Familiar Mensal, o fator de ponderação é igual a 1 (resultados obtidos no campo). Fonte de Dados: IBGE e TSE 2018.";"Checagem de 20% da amostra efetuada pelos supervisores. Todos os entrevistadores foram amplamente treinados e orientados tanto teoricamente quanto praticamente sobre suas responsabilidade e funções, respeitando as cotas pré-estabelecidas. A equipe está dividida em coordenadoria-geral / supervisores / entrevistadores.";"Em anexo."
"24/08/2022";"00:10:36";"2018";"5";"Eleições Gerais 2018";"MG";"MG";"MINAS GERAIS";"MG038572018";"27/09/2018";"03830371000199";"MINAS PESQUISAS E CONSULTORIAS LTDA";"MPC - MINAS PESQUISAS E CONSULTORIAS";"Senador, Governador, Deputado Estadual, Deputado Federal";"28/09/2018";"30/09/2018";"400";"9077";"Edmilson Antonio Pereira Junior";"6000,00";"03830371000199";"MINAS PESQUISAS E CONSULTORIAS LTDA";"#NULO#";"03830371000199";"MINAS PESQUISAS E CONSULTORIAS LTDA";"A metodologia de pesquisa utilizada é quantitativa, do tipo survey, que consiste na aplicação domiciliar de questionários estruturados junto a uma amostra representativa de eleitores do município de Timóteo / MG.";"A amostra dos eleitores de Timóteo/MG é distribuída de forma a contemplar todas as regiões geográficas do município, a partir de quotas proporcionais ao universo, disponibilizadas pelo site do TSE e do IBGE, considerando as variáveis sexo, faixa etária, grau de instrução e nível econômico dos entrevistados. Distribuição da amostra: Sexo (Fonte: TSE-2018): Masculino ¿ 47,2% e Feminino ¿ 52,8%. Faixa etária (Fonte: TSE-2018): 16 a 24 anos ¿ 13,4%. 25 a 34 anos ¿ 20,0%. 35 a 44 anos ¿ 19,6%. 45 a 59 anos ¿ 27,0%. 60 anos ou mais ¿ 20,1%. Grau de instrução (Fonte: TSE-2018): Analfabeto ¿ 2,0%. Até ensino fundamental completo ¿ 40,2%. Ensino médio ¿ 49,0% e Ensino superior ¿ 8,8%. Nível econômico (Fonte: Censo Demográfico IBGE-2010): Sem rendimento ¿ 37,3%. Até 1 salário mínimo ¿ 23,2%. Mais de 1 a 2 salários mínimo ¿ 19,3%. Mais de 2 a 5 salários mínimo ¿ 15,1%. Mais de 5 a 10 salários mínimo ¿ 3,9% e Mais de 10 salários mínimo ¿ 1,2%. O fator de ponderação utilizado é igual a 1, entretanto, está prevista eventual ponderação para correção das variáveis, caso ocorram diferenças superiores a 2 pontos percentuais entre o previsto na amostra e a coleta de dados realizada. A amostra utilizada de 400 eleitores do município de Timóteo/MG, ao nível de 95% de confiança, apresenta margem de erro estimada de 4,9 pontos percentuais, para mais ou para menos.";"A equipe de pesquisa é composta por entrevistadores e supervisores devidamente treinados para o tipo de trabalho. Serão checados 20% dos questionários realizados por cada entrevistador através de entrevistas pessoais e por telefone para verificação das respostas e de local de residência.";"Distribuição da população de Timóteo: Regional Leste (22%), Regional Nordeste (12%), Regional Norte (6%), Regional Oeste (9%), Regional Sudeste (11%), Regional Sudoeste (22%), Regional Sul (18%)."
"24/08/2022";"00:10:36";"2018";"5";"Eleições Gerais 2018";"MG";"MG";"MINAS GERAIS";"MG039592018";"18/09/2018";"23340485000168";"DATA NEWS BRASIL OPNIAO PESQUISA E CONSULTORIA LTDA";"VOX OPNIAO PUBLICA";"Deputado Federal, Deputado Estadual";"14/09/2018";"15/09/2018";"472";"9907";"Guilherme Coelho Neves";"3000,00";"23340485000168";"DATA NEWS BRASIL OPNIAO PESQUISA E CONSULTORIA LTDA";"#NULO#";"23340485000168";"DATA NEWS BRASIL OPNIAO PESQUISA E CONSULTORIA LTDA";"Metodologia de pesquisa:    Pesquisa do tipo quantitativo, por amostragem, com aplicação de questionário estruturado e abordagem pessoal em domicílios particulares permanentemente ocupados (de acordo com a definição do IBGE - Instituto Brasileiro de Geografia e Estatística), sorteados com amostra aleatória simples sem reposição. O conjunto do eleitorado do município de Araxá-MG com 16 anos ou mais foi tomado como universo da pesquisa.   ";"Plano amostral e ponderação quanto a sexo, idade, grau de instrução e nível econômico do entrevistado. intervalo de confiança e margem de erro:  Tamanho da amostra: A amostra prevista é de 472 entrevistas. Técnica de amostragem: A amostra é aleatória considerando a população finita, com base na estimativa da média populacional a) a amostra poderá ser ponderada levando em consideração a variável sexo da população de Araxá-MG, sendo 48% homens e 52% mulheres, conforme dados do TSE de julho de 2018 e a variável idade sendo consideradas as faixas: 16 anos:0,11%.17 anos:0,31%. 18 a 20 anos:4,29%.    21 a 24 anos: 8%. de 25 a 34 anos: 20,91%. de 35 a 44 anos: 20,22%, de 45 a 59 anos: 25,43%. de 60 a 69 anos: 11,84%e acima de 70 anos: 8,89% (TSE Julho 2018). Em relação à ponderação, devido à metodologia amostral adotada, os fatores de ponderação a serem aplicados em toda as variáveis (sexo, idade, grau de instrução e renda), assumem valor igual a 1(um). Área física: Município de Araxá-MG em domicílios particulares permanentemente ocupados e sorteados de maneira aleatória simples sem reposição. Margem de Erro: A margem de erro máxima prevista para o total da amostra é de 4.5 pontos percentuais para mais ou para menos, considerando um nível de confiança de 95%. Os intervalos de confiança serão calculados considerando os resultados obtidos para um nível de confiança de 95%.    ";"Sistema interno de controle e verificação, conferência e fiscalização da coleta de dados e do trabalho de campo:     Os pesquisadores envolvidos na realização desta pesquisa recebem treinamento especializado e instruções específicas de abordagem. O trabalho é feito com a equipe e dois coordenadores de campo. Há fiscalização no ato da entrevista e os questionários são recolhidos e checados no local quanto ao correto preenchimento dos dados. Após os trabalhos de campo, os questionários são submetidos a uma fiscalização que consiste no retorno a campo de 20% dos questionários aplicados individualmente pelos entrevistadores, para verificação das respostas. Internamente, todo o material é verificado, codificado, digitado e, antes do processamento final, realiza-se a conferência da digitação (consistência dos dados). ";"Relação de setores do município de Araxá - MG  1- Centro  2- Setor leste: Santo Antonio/ Veredas Belvedere/ Dona Adélia/ Mangadeiras  3- Setor Oeste: Boa Vista/ Alvorada/ São Geraldo/ Camuá/ Abolição/ Aeroporto  4- Setor Norte: Urciano Lemos/ Tiradentes/ Pão de açúcar I, II, III e IV/ Jardim Natália/ Orozino Teixeira/ João Bosco Teixeira/ Bom Jesus  5- Setor Sul: Santa Terezinha/ Vila Silvéria/ Dona Beja/ Serciza/ Parque das Flores"
"24/08/2022";"00:10:36";"2018";"5";"Eleições Gerais 2018";"MG";"MG";"MINAS GERAIS";"MG040892018";"30/09/2018";"23340485000168";"DATA NEWS BRASIL OPNIAO PESQUISA E CONSULTORIA LTDA";"VOX OPNIAO PUBLICA";"Deputado Federal, Deputado Estadual";"02/10/2018";"03/10/2018";"1065";"9907";"GUILHERME COELHO NEVES";"4000,00";"23340485000168";"DATA NEWS BRASIL OPNIAO PESQUISA E CONSULTORIA LTDA";"#NULO#";"23340485000168";"DATA NEWS BRASIL OPNIAO PESQUISA E CONSULTORIA LTDA";"Metodologia de pesquisa:  Metodologia de pesquisa: Pesquisa do tipo quantitativo, por amostragem, com aplicação de questionário estruturado e abordagem pessoal em domicílios particulares permanentemente ocupados (de acordo com a definição do IBGE - Instituto Brasileiro de Geografia e Estatística), sorteados com amostra aleatória simples sem reposição. O conjunto do eleitorado do município de Uberlândia-MG com 16 anos ou mais foi tomado como universo da pesquisa.  ";"  Plano amostral e ponderação quanto a sexo, idade, grau de instrução e nível econômico do entrevistado. intervalo de confiança e margem de erro:  Plano amostral e ponderação quanto a sexo, idade, grau de instrução e nível econômico do entrevistado. intervalo de confiança e margem de erro: Tamanho da amostra: A amostra prevista é de 1065 entrevistas. Técnica de amostragem: A amostra é aleatória considerando a população finita, com base na estimativa da média populacional a) a amostra poderá ser ponderada levando em consideração a variável sexo da população de Uberlândia-MG, sendo 46,14% homens e 53,86% mulheres, conforme dados do TSE de julho de 2018 e a variável idade sendo consideradas as faixas: 16 anos:0,15%.17 anos:0,6%. 18 a 20 anos:5,51%. 21 a 24 anos: 8,16%. de 25 a 34 anos: 21,32%. de 35 a 44 anos: 20,95%, de 45 a 59 anos: 25,46%. de 60 a 69 anos: 11,14%e acima de 70 anos: 6,71% (TSE Julho 2018). Quanto à variável Grau de instrução, temos: ANALFABETO: 1,15%. LÊ E ESCREVE: 2,51%. ENSINO FUNDAMENTAL INCOMPLETO: 20,83%. ENSINO FUNDAMENTAL COMPLETO:8,20%. ENSINO MÉDIO INCOMPLETO: 10,67%. ENSINO MÉDIO COMPLETO: 28,73%. SUPERIOR INCOMPLETO: 8,79% e SUPERIOR COMPLETO: 19,12%. E para a variável renda, temos: Até 2 Salários Mínimos: 75,50%. 2 a 5 Salários Mínimos:18,45%. 5 a 10 Salários Mínimos:4,30% e acima de 10 Salários Mínimos:1,75%. Em relação à ponderação, devido à metodologia amostral adotada, os fatores de ponderação a serem aplicados em toda as variáveis (sexo, idade, grau de instrução e renda), assumem valor igual a 1(um). Área física: Município de Uberlândia-MG em domicílios particulares permanentemente ocupados e sorteados de maneira aleatória simples sem reposição. Margem de Erro: A margem de erro máxima prevista para o total da amostra é de 3 pontos percentuais para mais ou para menos, considerando um nível de confiança de 95%. Os intervalos de confiança serão calculados considerando os resultados obtidos para um nível de confiança de 95%.  ";"  Sistema interno de controle e verificação, conferência e fiscalização da coleta de dados e do trabalho de campo:  Sistema interno de controle e verificação, conferência e fiscalização da coleta de dados e do trabalho de campo: Os pesquisadores envolvidos na realização desta pesquisa recebem treinamento especializado e instruções específicas de abordagem. O trabalho é feito com a equipe e dois coordenadores de campo. Há fiscalização no ato da entrevista e os questionários são recolhidos e checados no local quanto ao correto preenchimento dos dados. Após os trabalhos de campo, os questionários são submetidos a uma fiscalização que consiste no retorno a campo de 20% dos questionários aplicados individualmente pelos entrevistadores, para verificação das respostas. Internamente, todo o material é verificado, codificado, digitado e, antes do processamento final, realiza-se a conferência da digitação (consistência dos dados).  ";"RELAÇÃO DE SETORES DE UBERLÂNDIA - MG  1- CENTRO/ OSWALDO RESENDE/ DANIEL FONSECA/ BRASIL/MARTINS/ NOSSA SENHORA AP.  2- NORTE: PRESIDENTE/ ROOSEVELT/ MINAS GERAIS/ JARDIM BRASÍLIA/ TOCANTINS/ GUARANI/ MARAVILHA/ PACAEMBU/ SANTA ROSA/ MARTA HELENA/ NOSSA SENHORA DAS GRAÇAS  3- LESTE: SANTA MÔNICA/ TIBERY/ CUSTÓDIO PEREIRA/ ACLIMAÇÃO/ MORADA DOS PÁSSAROS/ JARDIM IPANEMA/ MORUMBI/ SEGISMUNDO PEREIRA/ JOANA DARC/ INTEGRAÇÃO/ DOM ALMIR/ PROSPERIDADE/ SÃO FRANCISCO  4- OESTE: LUIZOTE DE FREITAS/ PLANALTO/ JARDIM CANAÃ/ JARDIM PATRICIA/ TAIAMAN/ MANSOUR/ MONTE HEBRON/ JARDIM DAS PALMEIRAS/ JARDIM HOLANDA/ DONA ZULMIRA/ JARDIM CÉLIA  5- SUL: SÃO JORGE/ LARANJEIRAS/ SHOPPING PARK / SARAIVA/ VIGILATO PEREIRA/ PATRIMÔNIO/ GRANADA/ TUBALINA/ PAMPULHA SANTA LUZIA  6- ALMEIDA CAMPOS"
"24/08/2022";"00:10:36";"2018";"5";"Eleições Gerais 2018";"MG";"MG";"MINAS GERAIS";"MG041462018";"28/09/2018";"86849395000117";"DATA WORLD PESQUISA E CONSULTORIA S/C. LTDA";"SENSUS";"Governador, Senador";"02/10/2018";"05/10/2018";"1500";"8429 / 6ª Região";"Felipe Abrahão Coelho Fantauzzi";"90000,00";"86849395000117";"DATA WORLD PESQUISA E CONSULTORIA S/C. LTDA";"#NULO#";"86849395000117";"DATA WORLD PESQUISA E CONSULTORIA S/C. LTDA";"1500 Entrevistas no estado de Minas Gerais, estratificadas para 12 Regiões, com o sorteio aleatório de 53 Municípios pelo método da Probabilidade Proporcional ao Tamanho - PPT. Probabilística sistemática até o Setor Censitário para Urbano e Rural, com cotas para Sexo, Idade e Escolaridade no Setor Censitário.";"a) Ponderação sexo, idade, instrução. Sexo: 48,6% Masculino. 51,4% Feminino. Idade: 4,2% de 16 a 17 anos. 13,8% de 18 a 24 anos. 9,3% de 25 a 29 anos. 20,0% de 30 a 39 anos. 18,1% de 40 a 49 anos. 34,6% 50 anos ou mais. Instrução 30,8% até 4a Série do Ensino Fundamental, 21,3% da 5a a 8a Série do Ensino Fundamental. 32,5%% da 1a a 3a Série do Ensino Médio. 15,5% Superior completo ou incompleto. Renda Familiar Mensal conforme coletado em campo.  b) Intervalo de Confiança = 95%, Margem de Erro = ± 2,5%";"A equipe de trabalho de campo é formada por entrevistadores e coordenadores. Os entrevistadores aplicam as entrevistas individuais domiciliares em Setores Censitários do IBGE previamente sorteados pelo Instituto, dentro de um prazo pré-definido, enquanto os Coordenadores fiscalizam o trabalho dos Entrevistadores. É atribuição dos Coordenadores: 1) Garantir o cumprimento correto das entrevistas. 2) Anular questionários que não cumpram a amostra através da conferência das cotas. 3) Anular questionários preenchidos e/ou aplicados incorretamente. 4) Fazer cumprir o trabalho de campo dentro do prazo especificado. Após conclusão do trabalho de campo é realizada uma checagem de cerca de 15% dos questionários aplicados, através de verificação in loco: 1) Confirmação da existência do entrevistado. 2) Verificação de cotas (Sexo, Idade e Escolaridade). 3) Verificação da aplicação integral do questionário.";"Abadia dos Dourados, Andradas, Araguari, Augusto de Lima, Belo Horizonte, Betim, Bom Despacho, Brasília de Minas, Brasópolis, Capitão Enéas, Contagem, Coronel Murta, Diamantina, Divinópolis, Engenheiro Navarro, Frutal, Governador Valadares, Ibiá, Ibirité, Ipatinga, Itabira, Itaguara, Itamogi, Itumirim, Januária, Juatuba, Juiz de Fora, Laranjal, Leopoldina, Matipó, Matozinhos, Montes Claros, Muriaé, Muzambinho, Nova Lima, Oliveira, Paracatu, Passos, Pedro Leopoldo, Pirapetinga, Poços de Caldas, Ribeirão das Neves, Sabinópolis, São Bento Abade, São Gonçalo do Pará, São João del Rei, São Sebastião do Paraíso, Sete Lagoas, Sobrália, Teófilo Otoni, Timóteo, Uberaba e Uberlândia"
"24/08/2022";"00:10:36";"2018";"5";"Eleições Gerais 2018";"MG";"MG";"MINAS GERAIS";"MG042412018";"30/09/2018";"23340485000168";"DATA NEWS BRASIL OPNIAO PESQUISA E CONSULTORIA LTDA";"VOX OPNIAO PUBLICA";"Deputado Federal, Deputado Estadual";"01/10/2018";"02/10/2018";"456";"9907";"GUILHERME COELHO NEVES";"2000,00";"23340485000168";"DATA NEWS BRASIL OPNIAO PESQUISA E CONSULTORIA LTDA";"#NULO#";"23340485000168";"DATA NEWS BRASIL OPNIAO PESQUISA E CONSULTORIA LTDA";"Metodologia de pesquisa:  Metodologia de pesquisa: Pesquisa do tipo quantitativo, por amostragem, com aplicação de questionário estruturado e abordagem pessoal em domicílios particulares permanentemente ocupados (de acordo com a definição do IBGE - Instituto Brasileiro de Geografia e Estatística), sorteados com amostra aleatória simples sem reposição. O conjunto do eleitorado do município de Nova Ponte-MG com 16 anos ou mais foi tomado como universo da pesquisa.  ";"  Plano amostral e ponderação quanto a sexo, idade, grau de instrução e nível econômico do entrevistado. intervalo de confiança e margem de erro:  Plano amostral e ponderação quanto a sexo, idade, grau de instrução e nível econômico do entrevistado. intervalo de confiança e margem de erro: Tamanho da amostra: A amostra prevista é de 456 entrevistas. Técnica de amostragem: A amostra é aleatória considerando a população finita, com base na estimativa da média populacional a) a amostra poderá ser ponderada levando em consideração a variável sexo da população de Nova Ponte-MG, sendo 51,32% homens e 48,68% mulheres, conforme dados do TSE de julho de 2018 e a variável idade sendo consideradas as faixas: 16 anos:0,44%.17 anos:0,76%. 18 a 20 anos:5,94%. 21 a 24 anos: 8,82%. de 25 a 34 anos: 23,16%. de 35 a 44 anos: 22,53%, de 45 a 59 anos: 23,93%. de 60 a 69 anos: 8,74%e acima de 70 anos: 5,68% (TSE Julho 2018). Quanto à variável Grau de instrução, temos: ANALFABETO: 4,63%. LÊ E ESCREVE: 11,17%. ENSINO FUNDAMENTAL INCOMPLETO: 36,96%. ENSINO FUNDAMENTAL COMPLETO:6,08%. ENSINO MÉDIO INCOMPLETO: 22,86%. ENSINO MÉDIO COMPLETO: 12,72%. SUPERIOR INCOMPLETO: 2,08% e SUPERIOR COMPLETO: 3,50%. E para a variável renda, temos: Até 2 Salários Mínimos: 87,25%. 2 a 5 Salários Mínimos:10,20%. 5 a 10 Salários Mínimos:1,37% e acima de 10 Salários Mínimos:1,18%. Em relação à ponderação, devido à metodologia amostral adotada, os fatores de ponderação a serem aplicados em toda as variáveis (sexo, idade, grau de instrução e renda), assumem valor igual a 1(um). Área física: Município de Nova Ponte-MG em domicílios particulares permanentemente ocupados e sorteados de maneira aleatória simples sem reposição. Margem de Erro: A margem de erro máxima prevista para o total da amostra é de 4,5 pontos percentuais para mais ou para menos, considerando um nível de confiança de 95%. Os intervalos de confiança serão calculados considerando os resultados obtidos para um nível de confiança de 95%.  ";"  Sistema interno de controle e verificação, conferência e fiscalização da coleta de dados e do trabalho de campo:  Sistema interno de controle e verificação, conferência e fiscalização da coleta de dados e do trabalho de campo: Os pesquisadores envolvidos na realização desta pesquisa recebem treinamento especializado e instruções específicas de abordagem. O trabalho é feito com a equipe e dois coordenadores de campo. Há fiscalização no ato da entrevista e os questionários são recolhidos e checados no local quanto ao correto preenchimento dos dados. Após os trabalhos de campo, os questionários são submetidos a uma fiscalização que consiste no retorno a campo de 20% dos questionários aplicados individualmente pelos entrevistadores, para verificação das respostas. Internamente, todo o material é verificado, codificado, digitado e, antes do processamento final, realiza-se a conferência da digitação (consistência dos dados).  ";"RELAÇÃO DE SETORES DO MUNICÍPIO DE NOVA PONTE - MG  1- CENTRO  2- SÃO FRANCISCO/ BAIRRO ROSÁRIO/ AMÉLIA BENIVEDES  3- MEDALHA MILAGROSA  4- SÃO JOÃO/ SÃO SEBASTIÃO/ GRANDE LAGO  5- PARQUE DAS ÁRVORES  6-ALMEIDA CAMPOS"
"24/08/2022";"00:10:36";"2018";"5";"Eleições Gerais 2018";"MG";"MG";"MINAS GERAIS";"MG042892018";"14/09/2018";"07630546000175";"DATAFOLHA INSTITUTO DE PESQUISAS LTDA.";"#NULO#";"Senador, Governador";"18/09/2018";"19/09/2018";"1302";"72.49A";"Renata Nunes César";"275854,00";"27865757000102";"GLOBO COMUNICACAO E PARTICIPACOES S/A / GCP,TV GLOBO, REDE GLOBO, GLOBO.COM, SOM LIVRE";"Recursos Próprios";"07630546000175";"DATAFOLHA INSTITUTO DE PESQUISAS LTDA.";"Pesquisa do tipo quantitativo, por amostragem, com aplicação de questionário estruturado e abordagem pessoal em pontos de fluxo populacional. O conjunto do eleitorado do Estado de Minas Gerais com 16 anos ou mais foi tomado como universo da pesquisa.";"Universo: Eleitorado do Estado de Minas Gerais, com 16 anos ou mais. Tamanho da amostra: A amostra prevista é de 1302 entrevistas. Técnica de amostragem: A amostra é estratificada por natureza dos municípios (capital, região metropolitana ou interior). Em cada estrato, num primeiro estágio, são sorteados os municípios que farão parte do levantamento. Num segundo estágio, são sorteados os bairros e pontos de abordagem onde serão aplicadas as entrevistas.  Por fim, os entrevistados são selecionados aleatoriamente para responder ao questionário, de acordo com cotas de sexo e faixa etária. Nesta amostra, o estrato referente à capital foi desproporcionalizado para permitir detalhamento. Nos resultados finais, as corretas proporções serão restabelecidas através de ponderação. A amostra prevista é de 1302 questionários, sendo 406 na capital. Os dados utilizados para definição e seleção da amostra são baseados nos dados fornecidos pelo TSE ¿ Tribunal Superior Eleitoral (eleitorado de agosto 2018) e IBGE (Estimativa 2018). Os dados relativos a sexo e faixa etária são: Sexo masculino 48%, feminino: 52%, 16 a 24 anos 14%, 25 a 34 anos 20%, 35 a 44 anos 20%, 45 a 59 anos 25% e 60 anos ou mais 21%. Ponderação dos resultados: No processamento dos dados é realizada ponderação referente à proporção de cada cidade na amostra para correta representação das regiões. Está prevista a eventual ponderação para correção nos tamanhos dos segmentos considerando as variáveis sexo e faixa etária. Para as variáveis grau de instrução e nível econômico do entrevistado (renda familiar mensal), o fator previsto para ponderação é 1 (resultados obtidos em campo).   Área física: Serão realizadas entrevistas em 61 municípios, localizados no Estado de Minas Gerais. A relação completa dos municípios e bairros pesquisados será encaminhada a esse tribunal posteriormente até o sétimo dia seguinte à data de registro da pesquisa, conforme a Resolução 23.549/2017 do TSE, no art.2º §6º. Margem de Erro: A margem de erro máxima prevista é de 3 pontos percentuais para mais ou para menos, considerando um nível de confiança de 95%. Os intervalos de confiança serão calculados considerando os resultados obtidos para um nível de confiança de 95%.  ";"Os pesquisadores envolvidos na realização desta pesquisa são treinados pelo Instituto e recebem instruções específicas para cada projeto realizado. A coleta será feita com a utilização de tablet e questionário eletrônico. São checados, no mínimo, 30% dos questionários de cada pesquisador, seja in loco por supervisores de campo ou, posteriormente, por telefone. Internamente, todo o material é verificado e codificado. Antes do processamento final e emissão dos resultados, realiza-se processo de consistência dos dados.";"#NULO#"
"24/08/2022";"00:10:36";"2018";"5";"Eleições Gerais 2018";"MG";"MG";"MINAS GERAIS";"MG042892018";"14/09/2018";"07630546000175";"DATAFOLHA INSTITUTO DE PESQUISAS LTDA.";"#NULO#";"Senador, Governador";"18/09/2018";"19/09/2018";"1302";"72.49A";"Renata Nunes César";"275854,00";"60579703000148";"EMPRESA FOLHA DA MANHA S.A.";"Recursos Próprios";"07630546000175";"DATAFOLHA INSTITUTO DE PESQUISAS LTDA.";"Pesquisa do tipo quantitativo, por amostragem, com aplicação de questionário estruturado e abordagem pessoal em pontos de fluxo populacional. O conjunto do eleitorado do Estado de Minas Gerais com 16 anos ou mais foi tomado como universo da pesquisa.";"Universo: Eleitorado do Estado de Minas Gerais, com 16 anos ou mais. Tamanho da amostra: A amostra prevista é de 1302 entrevistas. Técnica de amostragem: A amostra é estratificada por natureza dos municípios (capital, região metropolitana ou interior). Em cada estrato, num primeiro estágio, são sorteados os municípios que farão parte do levantamento. Num segundo estágio, são sorteados os bairros e pontos de abordagem onde serão aplicadas as entrevistas.  Por fim, os entrevistados são selecionados aleatoriamente para responder ao questionário, de acordo com cotas de sexo e faixa etária. Nesta amostra, o estrato referente à capital foi desproporcionalizado para permitir detalhamento. Nos resultados finais, as corretas proporções serão restabelecidas através de ponderação. A amostra prevista é de 1302 questionários, sendo 406 na capital. Os dados utilizados para definição e seleção da amostra são baseados nos dados fornecidos pelo TSE ¿ Tribunal Superior Eleitoral (eleitorado de agosto 2018) e IBGE (Estimativa 2018). Os dados relativos a sexo e faixa etária são: Sexo masculino 48%, feminino: 52%, 16 a 24 anos 14%, 25 a 34 anos 20%, 35 a 44 anos 20%, 45 a 59 anos 25% e 60 anos ou mais 21%. Ponderação dos resultados: No processamento dos dados é realizada ponderação referente à proporção de cada cidade na amostra para correta representação das regiões. Está prevista a eventual ponderação para correção nos tamanhos dos segmentos considerando as variáveis sexo e faixa etária. Para as variáveis grau de instrução e nível econômico do entrevistado (renda familiar mensal), o fator previsto para ponderação é 1 (resultados obtidos em campo).   Área física: Serão realizadas entrevistas em 61 municípios, localizados no Estado de Minas Gerais. A relação completa dos municípios e bairros pesquisados será encaminhada a esse tribunal posteriormente até o sétimo dia seguinte à data de registro da pesquisa, conforme a Resolução 23.549/2017 do TSE, no art.2º §6º. Margem de Erro: A margem de erro máxima prevista é de 3 pontos percentuais para mais ou para menos, considerando um nível de confiança de 95%. Os intervalos de confiança serão calculados considerando os resultados obtidos para um nível de confiança de 95%.  ";"Os pesquisadores envolvidos na realização desta pesquisa são treinados pelo Instituto e recebem instruções específicas para cada projeto realizado. A coleta será feita com a utilização de tablet e questionário eletrônico. São checados, no mínimo, 30% dos questionários de cada pesquisador, seja in loco por supervisores de campo ou, posteriormente, por telefone. Internamente, todo o material é verificado e codificado. Antes do processamento final e emissão dos resultados, realiza-se processo de consistência dos dados.";"#NULO#"
"24/08/2022";"00:10:36";"2018";"5";"Eleições Gerais 2018";"MG";"MG";"MINAS GERAIS";"MG043472018";"22/09/2018";"07630546000175";"DATAFOLHA INSTITUTO DE PESQUISAS LTDA.";"#NULO#";"Governador, Senador";"26/09/2018";"28/09/2018";"1386";"72.49A";"Renata Nunes César";"275854,00";"27865757000102";"GLOBO COMUNICACAO E PARTICIPACOES S/A / GCP,TV GLOBO, REDE GLOBO, GLOBO.COM, SOM LIVRE";"Recursos Próprios";"07630546000175";"DATAFOLHA INSTITUTO DE PESQUISAS LTDA.";"Pesquisa do tipo quantitativo, por amostragem, com aplicação de questionário estruturado e abordagem pessoal em pontos de fluxo populacional. O conjunto do eleitorado do Estado de Minas Gerais com 16 anos ou mais foi tomado como universo da pesquisa";"Universo: Eleitorado do Estado de Minas Gerais, com 16 anos ou mais. Tamanho da amostra: A amostra prevista é de 1.386 entrevistas. Técnica de amostragem: A amostra é estratificada por natureza dos municípios (capital, região metropolitana ou interior). Em cada estrato, num primeiro estágio, são sorteados os municípios que farão parte do levantamento. Num segundo estágio, são sorteados os bairros e pontos de abordagem onde serão aplicadas as entrevistas.  Por fim, os entrevistados são selecionados aleatoriamente para responder ao questionário, de acordo com cotas de sexo e faixa etária. Nesta amostra, o estrato referente à capital foi desproporcionalizado para permitir detalhamento. Nos resultados finais, as corretas proporções serão restabelecidas através de ponderação. A amostra prevista é de 1.386 questionários, sendo 406 na capital. Os dados utilizados para definição e seleção da amostra são baseados nos dados fornecidos pelo TSE ¿ Tribunal Superior Eleitoral (eleitorado de agosto 2018) e IBGE (Estimativa 2018). Os dados relativos a sexo e faixa etária são: Sexo masculino 48%, feminino: 52%, 16 a 24 anos 14%, 25 a 34 anos 20%, 35 a 44 anos 20%, 45 a 59 anos 25% e 60 anos ou mais 21%. Ponderação dos resultados: No processamento dos dados é realizada ponderação referente à proporção de cada cidade na amostra para correta representação das regiões. Está prevista a eventual ponderação para correção nos tamanhos dos segmentos considerando as variáveis sexo e faixa etária. Para as variáveis grau de instrução e nível econômico do entrevistado (renda familiar mensal), o fator previsto para ponderação é 1 (resultados obtidos em campo).   Área física: Serão realizadas entrevistas em 67 municípios, localizados no Estado de Minas Gerais. A relação completa dos municípios e bairros pesquisados será encaminhada a esse tribunal posteriormente até o sétimo dia seguinte à data de registro da pesquisa, conforme a Resolução 23.549/2017 do TSE, no art.2º §6º. Margem de Erro: A margem de erro máxima prevista é de 3 pontos percentuais para mais ou para menos, considerando um nível de confiança de 95%. Os intervalos de confiança serão calculados considerando os resultados obtidos para um nível de confiança de 95%.    ";"Os pesquisadores envolvidos na realização desta pesquisa são treinados pelo Instituto e recebem instruções específicas para cada projeto realizado. A coleta será feita com a utilização de tablet e questionário eletrônico. São checados, no mínimo, 30% dos questionários de cada pesquisador, seja in loco por supervisores de campo ou, posteriormente, por telefone. Internamente, todo o material é verificado e codificado. Antes do processamento final e emissão dos resultados, realiza-se processo de consistência dos dados.";"#NULO#"
"24/08/2022";"00:10:36";"2018";"5";"Eleições Gerais 2018";"MG";"MG";"MINAS GERAIS";"MG043472018";"22/09/2018";"07630546000175";"DATAFOLHA INSTITUTO DE PESQUISAS LTDA.";"#NULO#";"Governador, Senador";"26/09/2018";"28/09/2018";"1386";"72.49A";"Renata Nunes César";"275854,00";"60579703000148";"EMPRESA FOLHA DA MANHA S.A.";"Recursos Próprios";"07630546000175";"DATAFOLHA INSTITUTO DE PESQUISAS LTDA.";"Pesquisa do tipo quantitativo, por amostragem, com aplicação de questionário estruturado e abordagem pessoal em pontos de fluxo populacional. O conjunto do eleitorado do Estado de Minas Gerais com 16 anos ou mais foi tomado como universo da pesquisa";"Universo: Eleitorado do Estado de Minas Gerais, com 16 anos ou mais. Tamanho da amostra: A amostra prevista é de 1.386 entrevistas. Técnica de amostragem: A amostra é estratificada por natureza dos municípios (capital, região metropolitana ou interior). Em cada estrato, num primeiro estágio, são sorteados os municípios que farão parte do levantamento. Num segundo estágio, são sorteados os bairros e pontos de abordagem onde serão aplicadas as entrevistas.  Por fim, os entrevistados são selecionados aleatoriamente para responder ao questionário, de acordo com cotas de sexo e faixa etária. Nesta amostra, o estrato referente à capital foi desproporcionalizado para permitir detalhamento. Nos resultados finais, as corretas proporções serão restabelecidas através de ponderação. A amostra prevista é de 1.386 questionários, sendo 406 na capital. Os dados utilizados para definição e seleção da amostra são baseados nos dados fornecidos pelo TSE ¿ Tribunal Superior Eleitoral (eleitorado de agosto 2018) e IBGE (Estimativa 2018). Os dados relativos a sexo e faixa etária são: Sexo masculino 48%, feminino: 52%, 16 a 24 anos 14%, 25 a 34 anos 20%, 35 a 44 anos 20%, 45 a 59 anos 25% e 60 anos ou mais 21%. Ponderação dos resultados: No processamento dos dados é realizada ponderação referente à proporção de cada cidade na amostra para correta representação das regiões. Está prevista a eventual ponderação para correção nos tamanhos dos segmentos considerando as variáveis sexo e faixa etária. Para as variáveis grau de instrução e nível econômico do entrevistado (renda familiar mensal), o fator previsto para ponderação é 1 (resultados obtidos em campo).   Área física: Serão realizadas entrevistas em 67 municípios, localizados no Estado de Minas Gerais. A relação completa dos municípios e bairros pesquisados será encaminhada a esse tribunal posteriormente até o sétimo dia seguinte à data de registro da pesquisa, conforme a Resolução 23.549/2017 do TSE, no art.2º §6º. Margem de Erro: A margem de erro máxima prevista é de 3 pontos percentuais para mais ou para menos, considerando um nível de confiança de 95%. Os intervalos de confiança serão calculados considerando os resultados obtidos para um nível de confiança de 95%.    ";"Os pesquisadores envolvidos na realização desta pesquisa são treinados pelo Instituto e recebem instruções específicas para cada projeto realizado. A coleta será feita com a utilização de tablet e questionário eletrônico. São checados, no mínimo, 30% dos questionários de cada pesquisador, seja in loco por supervisores de campo ou, posteriormente, por telefone. Internamente, todo o material é verificado e codificado. Antes do processamento final e emissão dos resultados, realiza-se processo de consistência dos dados.";"#NULO#"
"24/08/2022";"00:10:36";"2018";"5";"Eleições Gerais 2018";"MG";"MG";"MINAS GERAIS";"MG043572018";"25/07/2018";"19090489000168";"MDA-PESQUISA DE OPINIAO PUBLICA E CONSULT. ESTATIST. LTDA - EPP";"#NULO#";"Governador, Senador";"26/07/2018";"29/07/2018";"2002";"Série A No. 8109";"Marcelo Costa Souza";"80330,00";"00721183000134";"CONFEDERACAO NACIONAL DO TRANSPORTE / ";"Recursos Próprios";"19090489000168";"MDA-PESQUISA DE OPINIAO PUBLICA E CONSULT. ESTATIST. LTDA - EPP";"Será adotada a metodologia quantitativa do tipo ¿survey¿, com entrevistas pessoais, do tipo face-a-face, domiciliar ou em pontos de fluxo, por meio da utilização de questionário estruturado, sendo o universo representado pelos eleitores de Minas Gerais.";"O Universo desta pesquisa compreende os eleitores de Minas Gerais com idade a partir de 16 anos. Está prevista a realização de 2.002 entrevistas, o que fornece um erro amostral para o resultado total de no máximo 2,2 pontos percentuais considerando nível de confiança de 95%. Os intervalos de confiança serão calculados com base nos percentuais obtidos e com grau de confiança de 95%.  As entrevistas são distribuídas a partir de informações disponibilizadas pelo TSE (jun/2018), CENSO (2010), PNAD (2015) e IBGE (jul/2017) e com base em dois fatores: O primeiro consiste em distribuir a amostra de forma proporcional ao eleitorado por região de planejamento de Minas Gerais. O segundo fator envolve o porte do município (até 20 mil habitantes, de 20 a 50 mil, de 50 a 100 mil, de 100 a 500 mil e acima de 500 mil habitantes), de forma que as entrevistas também são alocadas de forma proporcional às faixas populacionais.  Para a seleção dos entrevistados, o primeiro estágio envolve o sorteio dos municípios de forma a atender os critérios definidos na estratificação da amostra (região de planejamento e porte do município). Dentro de cada município, no segundo estágio, são definidos os setores em que as entrevistas serão realizadas. No último estágio, os entrevistados são selecionados de forma a atender às cotas pré-estabelecidas em função das variáveis gênero e idade. Para a variável gênero, os tamanhos são: 48,0% de eleitores do sexo masculino e 52,0% do sexo feminino. Para a faixa etária: 14,5% para eleitores entre 16 anos e 24 anos, 20,3% entre 25 anos e 34 anos, 20,0% entre 35 anos e 44 anos, 24,6% entre 45 anos e 59 anos e 20,6% com mais de 59 anos. Renda familiar: 40,5% para até 2 SM, 39,0% entre 2 e 5 SM e 20,5% para acima de 5 SM. A ponderação prevista para estas variáveis é igual a 1, podendo ocorrer outra ponderação caso as diferenças sejam significativas. As informações sobre nível de escolaridade serão levantadas na própria pesquisa tendo como controles: dispersão das entrevistas, representatividade por porte do município e região de planejamento. A ponderação prevista também é igual a 1.  A relação completa dos municípios e setores pesquisados será encaminhada a esse tribunal após a publicação dos resultados.  ";"Os pesquisadores são treinados especificamente para este projeto, com simulação de entrevistas e discussão de todas as questões. O trabalho de campo é fiscalizado pelo Coordenador da Equipe, especialmente treinado para esta tarefa.  As entrevistas são realizadas utilizando tablets e questionário eletrônico. Do total dos questionários preenchidos, parte será sorteada de forma aleatória para conferência, via telefone, através de novo contato com o entrevistado, garantindo um mínimo de vinte por cento de checagem. Todas as entrevistas passam por checagem de consistência e os procedimentos acima são realizados por profissionais especializados e com vasta experiência na condução de pesquisas de opinião.  ";"Os dados referentes aos municípios e bairros abrangidos pela pesquisa serão informados a este tribunal dentro dos prazos estabelecidos pela legislação."
"24/08/2022";"00:10:36";"2018";"5";"Eleições Gerais 2018";"MG";"MG";"MINAS GERAIS";"MG045062018";"21/10/2018";"68802370000186";"IBOPE INTELIGENCIA PESQUISA E CONSULTORIA LTDA";"#NULO#";"Governador";"21/10/2018";"27/10/2018";"2002";"6208-A ";"Márcia Cavallari Nunes";"160825,21";"27865757000102";"GLOBO COMUNICACAO E PARTICIPACOES S/A / GCP,TV GLOBO, REDE GLOBO, GLOBO.COM, SOM LIVRE";"Recursos Próprios";"68802370000186";"IBOPE INTELIGENCIA PESQUISA E CONSULTORIA LTDA";"Pesquisa quantitativa, que consiste na realização de entrevistas pessoais, com a aplicação de questionário estruturado junto a uma amostra representativa do eleitorado em estudo. Pesquisa realizada no estado de Minas Gerais.";"Representativo do eleitorado da área em estudo, elaborada em três estágios. No primeiro estágio faz-se um sorteio probabilístico dos municípios, onde as entrevistas serão realizadas, pelo método PPT (Probabilidade Proporcional ao Tamanho), tomando o eleitorado como base para tal seleção. No segundo estágio faz-se um sorteio probabilístico dos setores censitários, onde as entrevistas serão realizadas, pelo método PPT (Probabilidade Proporcional ao Tamanho), tomando a população de 16 anos ou mais residente nos setores como base para tal seleção. No terceiro e último estágio, dentro dos setores sorteados, os respondentes são selecionados através de quotas amostrais proporcionais em função de variáveis significativas, a saber: IDADE: 16-24 (masculino) 19% (feminino) 18%. 25-34 (masculino) 24% (feminino) 22%. 35-44 (masculino) 20% (feminino) 21%. 45-54 (masculino) 17% (feminino) 17%. 55 e+ (masculino) 20% (feminino) 22%. INSTRUÇÃO: Até Ensino Médio (masculino) 83% (feminino) 77%. Ensino Superior (masculino) 17% (feminino) 23%. NÍVEL ECONÔMICO: Economicamente ativo (masculino) 74% (feminino) 55%. Não Economicamente ativo (masculino) 26% (feminino) 45%. Está prevista eventual ponderação para correção das variáveis sexo e idade, com base nos percentuais anteriormente mencionados, caso ocorram diferenças superiores a 3 pontos percentuais entre o previsto na amostra e a coleta de dados realizada. Para as variáveis de grau de instrução e nível econômico do entrevistado, o fator previsto para ponderação é 1 (resultados obtidos em campo). O nível de confiança estimado é de 95% e a margem de erro máxima estimada considerando um modelo de amostragem aleatório simples, é de 02 (dois) pontos percentuais para mais ou para menos sobre os resultados encontrados no total da amostra. FONTE DOS DADOS: Censo 2010 | PNADC 2016 | TSE 2018.";"Para a realização da pesquisa, utiliza-se uma equipe de entrevistadores e supervisores contratados pelo IBOPE INTELIGÊNCIA PESQUISA E CONSULTORIA LTDA. devidamente treinados para o trabalho. Após os trabalhos de campo, os questionários são submetidos a uma fiscalização de cerca de 20% (vinte por cento) dos questionários aplicados pelos entrevistadores. para verificação das respostas e da adequação dos entrevistados aos parâmetros amostrais.";"A área de abrangência da coleta é o estado de Minas Gerais. A relação das localidades selecionadas para aplicação da amostra será apresentada até o 7º dia seguinte ao registro da pesquisa, conforme expresso no art. 2º, §6º da Resolução 23.549/2017 do TSE.  "
"24/08/2022";"00:10:36";"2018";"5";"Eleições Gerais 2018";"MG";"MG";"MINAS GERAIS";"MG046832018";"19/10/2018";"07630546000175";"DATAFOLHA INSTITUTO DE PESQUISAS LTDA.";"#NULO#";"Governador";"24/10/2018";"25/10/2018";"1484";"72.49A";"Renata Nunes César";"250776,00";"27865757000102";"GLOBO COMUNICACAO E PARTICIPACOES S/A / GCP,TV GLOBO, REDE GLOBO, GLOBO.COM, SOM LIVRE";"Recursos Próprios";"07630546000175";"DATAFOLHA INSTITUTO DE PESQUISAS LTDA.";"Pesquisa do tipo quantitativo, por amostragem, com aplicação de questionário estruturado e abordagem pessoal em pontos de fluxo populacional. O conjunto do eleitorado do Estado de Minas Gerais com 16 anos ou mais foi tomado como universo da pesquisa.";"Universo: Eleitorado do Estado de Minas Gerais, com 16 anos ou mais. Tamanho da amostra: A amostra prevista é de 1.484 entrevistas. Técnica de amostragem: A amostra é estratificada por natureza dos municípios (capital, região metropolitana ou interior). Em cada estrato, num primeiro estágio, são sorteados os municípios que farão parte do levantamento. Num segundo estágio, são sorteados os bairros e pontos de abordagem onde serão aplicadas as entrevistas.  Por fim, os entrevistados são selecionados aleatoriamente para responder ao questionário, de acordo com cotas de sexo e faixa etária. Nesta amostra, o estrato referente à capital foi desproporcionalizado para permitir detalhamento. Nos resultados finais, as corretas proporções serão restabelecidas através de ponderação. A amostra prevista é de 1.484 questionários, sendo 406 na capital. Os dados utilizados para definição e seleção da amostra são baseados nos dados fornecidos pelo TSE ¿ Tribunal Superior Eleitoral (eleitorado de agosto 2018) e IBGE (Estimativa 2018). Os dados relativos a sexo e faixa etária são: Sexo masculino 48%, feminino: 52%, 16 a 24 anos 14%, 25 a 34 anos 20%, 35 a 44 anos 20%, 45 a 59 anos 25% e 60 anos ou mais 21%. Ponderação dos resultados: No processamento dos dados é realizada ponderação referente à proporção de cada cidade na amostra para correta representação das regiões. Está prevista a eventual ponderação para correção nos tamanhos dos segmentos considerando as variáveis sexo e faixa etária. Para as variáveis grau de instrução e nível econômico do entrevistado (renda familiar mensal), o fator previsto para ponderação é 1 (resultados obtidos em campo).   Área física: Serão realizadas entrevistas em 73 municípios, localizados no Estado de Minas Gerais. A relação completa dos municípios e bairros pesquisados será encaminhada a esse tribunal posteriormente até o sétimo dia seguinte à data de registro da pesquisa, conforme a Resolução 23.549/2017 do TSE, no art.2º §6º. Margem de Erro: A margem de erro máxima prevista é de 3 pontos percentuais para mais ou para menos, considerando um nível de confiança de 95%. Os intervalos de confiança serão calculados considerando os resultados obtidos para um nível de confiança de 95%.  ";"Os pesquisadores envolvidos na realização desta pesquisa são treinados pelo Instituto e recebem instruções específicas para cada projeto realizado. A coleta será feita com a utilização de tablet e questionário eletrônico. São checados, no mínimo, 30% dos questionários de cada pesquisador, seja in loco por supervisores de campo ou, posteriormente, por telefone. Internamente, todo o material é verificado e codificado. Antes do processamento final e emissão dos resultados, realiza-se processo de consistência dos dados.";"#NULO#"
"24/08/2022";"00:10:36";"2018";"5";"Eleições Gerais 2018";"MG";"MG";"MINAS GERAIS";"MG046832018";"19/10/2018";"07630546000175";"DATAFOLHA INSTITUTO DE PESQUISAS LTDA.";"#NULO#";"Governador";"24/10/2018";"25/10/2018";"1484";"72.49A";"Renata Nunes César";"250776,00";"60579703000148";"EMPRESA FOLHA DA MANHA S.A.";"Recursos Próprios";"07630546000175";"DATAFOLHA INSTITUTO DE PESQUISAS LTDA.";"Pesquisa do tipo quantitativo, por amostragem, com aplicação de questionário estruturado e abordagem pessoal em pontos de fluxo populacional. O conjunto do eleitorado do Estado de Minas Gerais com 16 anos ou mais foi tomado como universo da pesquisa.";"Universo: Eleitorado do Estado de Minas Gerais, com 16 anos ou mais. Tamanho da amostra: A amostra prevista é de 1.484 entrevistas. Técnica de amostragem: A amostra é estratificada por natureza dos municípios (capital, região metropolitana ou interior). Em cada estrato, num primeiro estágio, são sorteados os municípios que farão parte do levantamento. Num segundo estágio, são sorteados os bairros e pontos de abordagem onde serão aplicadas as entrevistas.  Por fim, os entrevistados são selecionados aleatoriamente para responder ao questionário, de acordo com cotas de sexo e faixa etária. Nesta amostra, o estrato referente à capital foi desproporcionalizado para permitir detalhamento. Nos resultados finais, as corretas proporções serão restabelecidas através de ponderação. A amostra prevista é de 1.484 questionários, sendo 406 na capital. Os dados utilizados para definição e seleção da amostra são baseados nos dados fornecidos pelo TSE ¿ Tribunal Superior Eleitoral (eleitorado de agosto 2018) e IBGE (Estimativa 2018). Os dados relativos a sexo e faixa etária são: Sexo masculino 48%, feminino: 52%, 16 a 24 anos 14%, 25 a 34 anos 20%, 35 a 44 anos 20%, 45 a 59 anos 25% e 60 anos ou mais 21%. Ponderação dos resultados: No processamento dos dados é realizada ponderação referente à proporção de cada cidade na amostra para correta representação das regiões. Está prevista a eventual ponderação para correção nos tamanhos dos segmentos considerando as variáveis sexo e faixa etária. Para as variáveis grau de instrução e nível econômico do entrevistado (renda familiar mensal), o fator previsto para ponderação é 1 (resultados obtidos em campo).   Área física: Serão realizadas entrevistas em 73 municípios, localizados no Estado de Minas Gerais. A relação completa dos municípios e bairros pesquisados será encaminhada a esse tribunal posteriormente até o sétimo dia seguinte à data de registro da pesquisa, conforme a Resolução 23.549/2017 do TSE, no art.2º §6º. Margem de Erro: A margem de erro máxima prevista é de 3 pontos percentuais para mais ou para menos, considerando um nível de confiança de 95%. Os intervalos de confiança serão calculados considerando os resultados obtidos para um nível de confiança de 95%.  ";"Os pesquisadores envolvidos na realização desta pesquisa são treinados pelo Instituto e recebem instruções específicas para cada projeto realizado. A coleta será feita com a utilização de tablet e questionário eletrônico. São checados, no mínimo, 30% dos questionários de cada pesquisador, seja in loco por supervisores de campo ou, posteriormente, por telefone. Internamente, todo o material é verificado e codificado. Antes do processamento final e emissão dos resultados, realiza-se processo de consistência dos dados.";"#NULO#"
"24/08/2022";"00:10:36";"2018";"5";"Eleições Gerais 2018";"MG";"MG";"MINAS GERAIS";"MG049102018";"25/09/2018";"17166399000188";"ESTRATEGIAS CONFIRMA PESQUISA E COMERCIO LTDA  - ME";"#NULO#";"Governador, Deputado Estadual, Deputado Federal";"24/09/2018";"29/09/2018";"1260";"8440";"Jefferson Cristiano dos Santos Silva";"30000,00";"17166399000188";"ESTRATEGIAS CONFIRMA PESQUISA E COMERCIO LTDA  - ME";"#NULO#";"17166399000188";"ESTRATEGIAS CONFIRMA PESQUISA E COMERCIO LTDA  - ME";"Pesquisa quantitativa do tipo survey, realizada por entrevistas pessoais, do tipo face-a-face presencial, com a aplicação de questionário estruturado junto à amostra representativa do universo de eleitores do município de Governado Valadares/MG.";"O Universo da pesquisa compreende os eleitores de Governado Valadares/MG com idade igual ou superior a 16 anos, residentes em todos os bairros/regiões do município. O plano amostral foi delineado a partir de informações disponibilizadas pelo TSE (2018).     A amostra representativa do eleitorado foi elaborada por meio do controle de quotas por sexo, faixa etária e grau de instrução, conforme a seguinte distribuição:   Para a alocação da amostra, por sexo e faixa etária os tamanhos são: 6,52% para homens com 16 a 24 anos, 9,47% para homens com 25 a 34 anos, 20,54% para homens com 35 a 59 anos, 9,06% para homens com 60 anos ou mais, 7,25% para mulheres com 16 a 24 anos, 10,56% para mulheres com 25 a 34 anos, 24,25% para mulheres com 35 a 59 anos e 12,34% para mulheres com 60 anos ou mais. Para a distribuição por grau de instrução: até fundamental incompleto: 42,95%, fundamental completo até médio incompleto: 30,03% e médio completo ou superior: 27,02%.    Para a abrangência geográfica, utilizou a alocação proporcional da amostra em estratos baseados nos setores censitários definidos pelo IBGE, de forma a obter uma amostra representativa da população residente por região.    O tamanho da amostra é de 1.260 entrevistados. O intervalo de confiança estimado desta pesquisa é de 90%, com uma margem de erro de 2,31 pontos percentuais para mais ou para menos sobre os valores obtidos na amostra. (FONTE DOS DADOS: Censo 2010, TSE 2018, dentre outras).";"As entrevistas serão realizadas por uma equipe de entrevistadores e supervisores contratados e treinados pela Estratégias Confirma ¿ Pesquisa e Comércio LTDA - ME.     Os questionários serão aplicados utilizando-se tablets com um sistema eletrônico pelo qual as entrevistas serão acompanhadas online e auditadas para garantir a qualidade do campo realizado.     Para garantir o controle e autenticidade dos dados coletados, será realizada conferência em pelo menos 10% dos questionários, aleatoriamente para verificação das respostas e da adequação dos entrevistados aos parâmetros amostrais e de qualidade do campo.";"O universo pesquisado é a zona urbana do município de Governador Valadares/MG. A relação de bairros abrangidos na amostra será apresentada até o 7º dia seguinte ao registro da pesquisa, conforme expresso no art. 2º, §6º da Resolução 23.549/2017 do TSE."
"24/08/2022";"00:10:36";"2018";"5";"Eleições Gerais 2018";"MG";"MG";"MINAS GERAIS";"MG049402018";"27/09/2018";"13697811000135";"INSTITUTO DE PESQUISA PLURIMUS";"#NULO#";"Governador, Deputado Federal, Deputado Distrital, Deputado Estadual";"29/09/2018";"30/09/2018";"400";"7655";"Augusto da Silva Rocha";"6000,00";"13697811000135";"INSTITUTO DE PESQUISA PLURIMUS";"#NULO#";"13697811000135";"INSTITUTO DE PESQUISA PLURIMUS";"A metodologia utilizada é Survey quantitativo, com realização de entrevistas domiciliares através de questionário estruturado. A amostra é por cotas de sexo, idade, escolaridade, renda e local (região e bairro) de moradia";"O universo da pesquisa é composto por 163.539 eleitores de Sete Lagoas, com idade a partir de 16 anos. Serão realizadas 400 entrevistas, o que permite um erro amostral de 5% para mais ou para menos e nível de confiança de 95%. Distribuição da amostra pelo perfil dos entrevistados de acordo com cotas de sexo, idade, escolaridade e renda mensal familiar. Sexo:Masculino: (46%). Feminino:(54%) - Idade: 16 a 17 anos (0,3%). 18 a 24 anos (12,9%). 25 a 34 anos: (21,4%). 35 a 44 anos: (20,6%). 45 a 59 anos (25,6%). 60 anos ou mais (19,2%) - Escolaridade: Analfabeto: (2,2%). Lê e Escreve (8,1%). Fundamental incompleto: (29,6%). Fundamental completo: (6,3%). Médio incompleto: (24,9%). Médio completo: (20,3%). Superior incompleto:(3,2%). Superior completo ou mais: (5,4%).  Renda total de sua família: Até 2 SM: (40%). De 2 a 5 SM: (41%). De 5 a 10 SM (14%). Acima de 10 SM (5%)";"A pesquisa utiliza-se de entrevistadores contratados pelo Instituto de Pesquisa Plurimus devidamente treinados para o trabalho. Todos os questionários são aplicados presencialmente e recebem crítica para avaliação da consistência dos dados coletados. Vinte por cento (20%) dos questionários são separados, aleatoriamente, para serem submetidos à conferência através de novos contatos com os entrevistados, medida sempre adotada e que visa garantir a qualidade e fidelidade dos dados coletados. A consistência dos dados é verificada pelo seu conteúdo e lógica.";"O universo pesquisado é a zona urbana do município de Sete Lagoas/MG. Conforme §6º. do art. 2º. da Resolução-TSE nº. 23.549/2017, Até o sétimo dia seguinte ao registro da pesquisa, será ele complementado com os dados relativos aos bairros abrangidos. na ausência de delimitação do bairro, será identificada a área em que foi realizada."
"24/08/2022";"00:10:36";"2018";"5";"Eleições Gerais 2018";"MG";"MG";"MINAS GERAIS";"MG052432018";"06/09/2018";"24089028000105";"F5 ATUALIZA DADOS LTDA";"F5 ATUALIZA DADOS";"Governador, Senador";"09/09/2018";"11/09/2018";"1120";"9.077";"EDMILSON ANTONIO PEREIRA JUNIOR";"4000,00";"19053339000184";"VAGNER DONIZETTI ALVES";"Recursos Próprios";"24089028000105";"F5 ATUALIZA DADOS LTDA";"A metodologia de pesquisa utilizada é quantitativa, do tipo survey, que consiste na aplicação domiciliar de questionários estruturados junto a uma amostra representativa de eleitores da mesorregião Sul/Sudoeste de Minas Gerais.";"O procedimento de amostragem utilizado para pesquisar os eleitores do Sul/Sudoeste de Minas Gerais é constituído de três estágios. O primeiro realiza o sorteio dos 21 municípios a serem pesquisados. O segundo faz, para cada município, o sorteio dos setores censitários a serem visitados. O terceiro seleciona os eleitores a partir de quotas proporcionais ao universo pesquisado,considerando as variáveis sexo, faixa etária, grau de instrução e nível econômico dos entrevistados. A distribuição da amostra, conforme dados disponibilizados pelo site do TSE e do IBGE, é a seguinte: Sexo (Fonte: TSE-2018): Masculino ¿ 49,2% e Feminino ¿ 50,8%. Faixa etária (Fonte: TSE-2018): 16 a 24 anos ¿ 13,1%. 25 a 34 anos ¿ 19,6%. 35 a 44 anos ¿ 19,4%. 45 a 59 anos ¿ 25,3%. 60 anos ou mais ¿ 22,6%.Grau de instrução (Fonte: TSE-2018): Analfabeto ¿ 3,7%. Até ensino fundamental completo ¿ 51,1%. Ensino médio ¿ 36,7% e Ensino superior ¿ 8,5%.Nível econômico (Fonte: Censo Demográfico IBGE-2010): Sem rendimento ¿ 32,1%. Até 1 salário mínimo ¿ 32,7%. Mais de 1 a 2 salários mínimo ¿ 21,2%. Mais de 2 a 5 salários mínimo ¿ 10,3%. Mais de 5 a 10 salários mínimo ¿ 2,7% e Mais de 10 salários mínimo ¿ 1,0%. O fator de ponderação utilizado é igual a 1, entretanto, está prevista eventual ponderação para correção das variáveis, caso ocorram diferenças superiores a 2 pontos percentuais entre o previsto na amostra e a coleta de dados realizada. A amostra utilizada de 1.120 eleitores do Sul/Sudoeste de Minas Gerais, ao nível de 95% de confiança, apresenta margem de erro estimada de 3,0 pontos percentuais, para mais ou para menos.";"A equipe de pesquisa é composta por entrevistadores e supervisores devidamente treinados para o tipo de trabalho. Serão checados 20% dos questionários realizados por cada entrevistador através de entrevistas pessoais e por telefone para verificação das respostas e de local de residência.";"#NULO#"
"24/08/2022";"00:10:36";"2018";"5";"Eleições Gerais 2018";"MG";"MG";"MINAS GERAIS";"MG056572018";"21/09/2018";"68802370000186";"IBOPE INTELIGENCIA PESQUISA E CONSULTORIA LTDA";"#NULO#";"Governador, Senador";"21/09/2018";"27/09/2018";"2002";"6208-A";"Márcia Cavallari Nunes";"149924,88";"27865757000102";"GLOBO COMUNICACAO E PARTICIPACOES S/A / GCP,TV GLOBO, REDE GLOBO, GLOBO.COM, SOM LIVRE";"Recursos Próprios";"68802370000186";"IBOPE INTELIGENCIA PESQUISA E CONSULTORIA LTDA";"Pesquisa quantitativa, que consiste na realização de entrevistas pessoais, com a aplicação de questionário estruturado junto a uma amostra representativa do eleitorado em estudo. Pesquisa realizada no estado de Minas Gerais.    ";"Representativo do eleitorado da área em estudo, elaborada em três estágios. No primeiro estágio faz-se um sorteio probabilístico dos municípios, onde as entrevistas serão realizadas, pelo método PPT (Probabilidade Proporcional ao Tamanho), tomando o eleitorado como base para tal seleção. No segundo estágio faz-se um sorteio probabilístico dos setores censitários, onde as entrevistas serão realizadas, pelo método PPT (Probabilidade Proporcional ao Tamanho), tomando a população de 16 anos ou mais residente nos setores como base para tal seleção. No terceiro e último estágio, dentro dos setores sorteados, os respondentes são selecionados através de quotas amostrais proporcionais em função de variáveis significativas, a saber: IDADE: 16-24 (masculino) 19% (feminino) 18%. 25-34 (masculino) 24% (feminino) 22%. 35-44 (masculino) 20% (feminino) 21%. 45-54 (masculino) 17% (feminino) 17%. 55 e+ (masculino) 20% (feminino) 22%. INSTRUÇÃO: Até Ensino Médio (masculino) 83% (feminino) 77%. Ensino Superior (masculino) 17% (feminino) 23%. NÍVEL ECONÔMICO: Economicamente ativo (masculino) 74% (feminino) 55%. Não Economicamente ativo (masculino) 26% (feminino) 45%. Está prevista eventual ponderação para correção das variáveis sexo e idade, com base nos percentuais anteriormente mencionados, caso ocorram diferenças superiores a 3 pontos percentuais entre o previsto na amostra e a coleta de dados realizada. Para as variáveis de grau de instrução e nível econômico do entrevistado, o fator previsto para ponderação é 1 (resultados obtidos em campo). O nível de confiança estimado é de 95% e a margem de erro máxima estimada considerando um modelo de amostragem aleatório simples, é de 02 (dois) pontos percentuais para mais ou para menos sobre os resultados encontrados no total da amostra. FONTE DOS DADOS: Censo 2010 | PNADC 2016 | TSE 2018.";"Para a realização da pesquisa, utiliza-se uma equipe de entrevistadores e supervisores contratados pelo IBOPE INTELIGÊNCIA PESQUISA E CONSULTORIA LTDA. devidamente treinados para o trabalho. Após os trabalhos de campo, os questionários são submetidos a uma fiscalização de cerca de 20% (vinte por cento) dos questionários aplicados pelos entrevistadores. para verificação das respostas e da adequação dos entrevistados aos parâmetros amostrais.    ";"A área de abrangência da coleta é o estado de Minas Gerais. A relação das localidades selecionadas para aplicação da amostra será apresentada até o 7º dia seguinte ao registro da pesquisa, conforme expresso no art. 2º, §6º da Resolução 23.549/2017 do TSE.    "
"24/08/2022";"00:10:36";"2018";"5";"Eleições Gerais 2018";"MG";"MG";"MINAS GERAIS";"MG058642018";"24/09/2018";"17541189000122";"HC 7 CONSULTORIA E ASSESSORIA DE IMPRENSA - EIRELI";"#NULO#";"Governador, Deputado Federal, Deputado Estadual, Senador";"26/09/2018";"28/09/2018";"600";"7655";"Augusto da Silva Rocha";"9740,00";"17776071000183";"RIO GRANDE ARTES GRAFICAS LTDA. / JORNAL DA MANHA";"Recursos Próprios";"17541189000122";"HC 7 CONSULTORIA E ASSESSORIA DE IMPRENSA - EIRELI";"Pesquisa quantitativa com a aplicação de questionário estruturado junto a uma amostra, representativa do eleitorado do município de Uberaba-MG.";"O nível de confiança estimado é de 95% para uma margem de erro máxima estimada, considerando uma técnica de amostragem aleatória simples, de aproximadamente 4 pontos percentuais para mais ou para menos sobre os resultados obtidos. Ponderação quanto ao sexo e faixa etária: Masculino de 16 a 24 anos (6,4%), Masculino de 25 a 34 anos (9,3%), Masculino de 35 a 44 anos (9,3%), Masculino de 45 a 59 anos (11,7%) e Masculino acima de 59 anos (8,9%). Feminino de 16 a 24 anos (7,1%), Feminino de 25 a 34 anos (10,5%), Feminino de 35 a 44 anos (10,8%), Feminino de 45 a 59 anos (14,1%) e Feminino acima de 59 anos (12,0%). Ponderação quanto ao nível de instrução: 26,9% de Analfabeto / Lê e escreve /Fundamental Incompleto, 8,9%,  Fundamental Completo, 37,8% de Médio Incompleto / Médio Completo e 26,4% de Superior Incompleto / Superior Completo. Renda: 12,6% até 1 salário mínimo, 20,0% de 1 à 2  salários mínimos, 40,8% de 2 à 5 salários mínimos, 26,6% acima de 5 salários mínimos. Está prevista eventual ponderação para correção das variáveis sexo, faixa etária e escolaridade, com base nos percentuais acima apresentados, caso ocorram diferenças superiores a 3,0 pontos percentuais entre o previsto na amostra e a coleta realizada. Para as variáveis: Nível Econômico e Renda Familiar Mensal, o fator de ponderação é igual a 1 (resultados obtidos no campo). Fonte de Dados: IBGE e TSE 2018.";"Checagem de cerca de 20% da amostra efetuada pelos supervisores. Todos os entrevistadores foram amplamente treinados e orientados tanto teoricamente quanto praticamente sobre suas responsabilidade e funções, respeitando as cotas pré-estabelecidas. A equipe está dividida em coordenadoria-geral /coordenadoria regional / supervisores / entrevistadores.";"SETOR 1 ¿ Boa Vista / Vila Militar / Vila Olímpica / Jd. Triângulo / São Bento / Fabricio   SETOR 2 ¿ Costa Teles I e II / Manoel Mendes/ Oneida Mendes / Elza Amui e Bairro D Lourdes   SETOR 3 ¿ São Benedito / Sta. Maria / Parque das Américas / Cj. Volta Grande   SETOR 4 ¿ Abadia / Leblon / Parque São Geraldo / Cidade Jardim   SETOR 5 ¿ Estado Unidos / Guanabara / Frei Eugenio / Cássio Rezende   SETOR 6 ¿ Valim I, II e III / Maracanã / Recreio Bandeirantes / Jd. Itália / Gameleira I   SETOR 7 ¿ Centro / Mercês / Jd. Alexandre Campos    SETOR 8 ¿ Jd. Primavera / Conj. Habitacional Uberaba / Antonia Cândida / J. Bernardino   SETOR 9 ¿ Alfredo Freire I, II e III / Beija Flor I e II / Pacaembu / Morumbi   SETOR 10 - Mercês / Tutunas / Jd. Canadá / Grande Horizonte / Santa Marta / Serra Dourada"
"24/08/2022";"00:10:36";"2018";"5";"Eleições Gerais 2018";"MG";"MG";"MINAS GERAIS";"MG060812018";"29/09/2018";"19090489000168";"MDA-PESQUISA DE OPINIAO PUBLICA E CONSULT. ESTATIST. LTDA - EPP";"#NULO#";"Senador, Governador";"03/10/2018";"04/10/2018";"2002";"Série A No. 8109";"Marcelo Costa Souza";"80330,00";"00721183000134";"CONFEDERACAO NACIONAL DO TRANSPORTE / ";"Recursos Próprios";"19090489000168";"MDA-PESQUISA DE OPINIAO PUBLICA E CONSULT. ESTATIST. LTDA - EPP";"Será adotada a metodologia quantitativa do tipo ¿survey¿, com entrevistas pessoais, do tipo face-a-face, domiciliar ou em pontos de fluxo, por meio da utilização de questionário estruturado, sendo o universo representado pelos eleitores de Minas Gerais.";"O Universo desta pesquisa compreende os eleitores de Minas Gerais com idade a partir de 16 anos. Está prevista a realização de 2.002 entrevistas, o que fornece um erro amostral para o resultado total de no máximo 2,2 pontos percentuais considerando nível de confiança de 95%. Os intervalos de confiança serão calculados com base nos percentuais obtidos e com grau de confiança de 95%.  As entrevistas são distribuídas a partir de informações disponibilizadas pelo TSE (jun/2018), CENSO (2010), PNAD (2015) e IBGE (jul/2018) e com base em dois fatores: O primeiro consiste em distribuir a amostra de forma proporcional ao eleitorado por região de planejamento de Minas Gerais. O segundo fator envolve o porte do município (até 20 mil habitantes, de 20 a 50 mil, de 50 a 100 mil, de 100 a 500 mil e acima de 500 mil habitantes), de forma que as entrevistas também são alocadas de forma proporcional às faixas populacionais.  Para a seleção dos entrevistados, o primeiro estágio envolve o sorteio dos municípios de forma a atender os critérios definidos na estratificação da amostra (região de planejamento e porte do município). Dentro de cada município, no segundo estágio, são definidos os setores em que as entrevistas serão realizadas. No último estágio, os entrevistados são selecionados de forma a atender às cotas pré-estabelecidas em função das variáveis gênero e idade. Para a variável gênero, os tamanhos são: 48,0% de eleitores do sexo masculino e 52,0% do sexo feminino. Para a faixa etária: 14,5% para eleitores entre 16 anos e 24 anos, 20,3% entre 25 anos e 34 anos, 20,0% entre 35 anos e 44 anos, 24,6% entre 45 anos e 59 anos e 20,6% com mais de 59 anos. Renda familiar: 40,5% para até 2 SM, 39,0% entre 2 e 5 SM e 20,5% para acima de 5 SM. A ponderação prevista para estas variáveis é igual a 1, podendo ocorrer outra ponderação caso as diferenças sejam significativas. As informações sobre nível de escolaridade serão levantadas na própria pesquisa tendo como controles: dispersão das entrevistas, representatividade por porte do município e região de planejamento. A ponderação prevista também é igual a 1.  A relação completa dos municípios e setores pesquisados será encaminhada a esse tribunal após a publicação dos resultados.  ";"Os pesquisadores são treinados especificamente para este projeto, com simulação de entrevistas e discussão de todas as questões. O trabalho de campo é fiscalizado pelo Coordenador da Equipe, especialmente treinado para esta tarefa.  As entrevistas são realizadas utilizando tablets e questionário eletrônico. Do total dos questionários preenchidos, parte será sorteada de forma aleatória para conferência, via telefone, através de novo contato com o entrevistado, garantindo um mínimo de vinte por cento de checagem. Todas as entrevistas passam por checagem de consistência e os procedimentos acima são realizados por profissionais especializados e com vasta experiência na condução de pesquisas de opinião.  ";"Os dados referentes aos municípios e bairros abrangidos pela pesquisa serão informados a este tribunal dentro dos prazos estabelecidos pela legislação."
"24/08/2022";"00:10:36";"2018";"5";"Eleições Gerais 2018";"MG";"MG";"MINAS GERAIS";"MG062362018";"26/09/2018";"07556296000170";"INSTITUTO QUEST DE PESQUISAS LTDA";"QUEST COMUNICACAO E MARKETING";"Governador, Senador, Deputado Estadual, Deputado Federal";"28/09/2018";"30/09/2018";"471";"9907";"Guilherme Coelho Neves";"4000,00";"07556296000170";"INSTITUTO QUEST DE PESQUISAS LTDA";"#NULO#";"07556296000170";"INSTITUTO QUEST DE PESQUISAS LTDA";"Pesquisa do tipo quantitativo, por amostragem, com aplicação de questionário estruturado e abordagem pessoal em domicílios particulares permanentemente ocupados (de acordo com a definição do IBGE - Instituto Brasileiro de Geografia e Estatística), sorteados com amostra aleatória simples sem reposição. O conjunto do eleitorado do município de Três Corações-MG com 16 anos ou mais foi tomado como universo da pesquisa.  ";"Tamanho da amostra: A amostra prevista é de 471 entrevistas. Técnica de amostragem: A amostra é aleatória considerando a população finita, com base na estimativa da média populacional a) a amostra poderá ser ponderada levando em consideração a variável sexo da população de Três Corações-MG, sendo 48,48% homens e 51,52% mulheres, conforme dados do TSE de julho de 2018 e a variável idade sendo consideradas as faixas: até 24 anos: 14,04%. de 25 a 34 anos: 20,34%. de 35 a 44 anos: 20,49%, de 45 a 59 anos: 24,67%. e acima de 60 anos: 20,46% (TSE Julho 2018). Quanto à variável ¿grau de instrução¿, temos: ANALFABETO: 3,08%. LÊ E ESCREVE: 10,69%. ENSINO FUNDAMENTAL INCOMPLETO: 32,67%. ENSINO FUNDAMENTAL COMPLETO:5,86%. ENSINO MÉDIO INCOMPLETO: 25,2%. ENSINO MÉDIO COMPLETO: 14,4%. SUPERIOR INCOMPLETO: 2,86% e SUPERIOR COMPLETO: 5,24%. E para a variável renda, temos: Até 1 Salário Mínimo: 63,0%. De 1 a 2 Salários Mínimos:22,0%. De 2 a 5 Salários Mínimos:11,0% e acima de 5 Salários Mínimos:4,0% Em relação à ponderação, devido à metodologia amostral adotada, os fatores de ponderação a serem aplicados em toda as variáveis (sexo, idade, grau de instrução e renda), assumem valor igual a 1(um). Área física: Município de Três Corações-MG em domicílios particulares permanentemente ocupados e sorteados de maneira aleatória simples sem reposição. Margem de Erro: A margem de erro máxima prevista para o total da amostra é de 4.5 pontos percentuais para mais ou para menos, considerando um nível de confiança de 95%. Os intervalos de confiança serão calculados considerando os resultados obtidos para um nível de confiança de 95%. ";"Os pesquisadores envolvidos na realização desta pesquisa recebem treinamento especializado e instruções específicas de abordagem. O trabalho é feito com a equipe e dois coordenadores de campo. Há fiscalização no ato da entrevista e os questionários são recolhidos e checados no local quanto ao correto preenchimento dos dados. Após os trabalhos de campo, os questionários são submetidos a uma fiscalização que consiste no retorno a campo de 20% dos questionários aplicados individualmente pelos entrevistadores, para verificação das respostas. Internamente, todo o material é verificado, codificado, digitado e, antes do processamento final, realiza-se a conferência da digitação (consistência dos dados). A partir de então, as análises Estatísticas podem ser realizadas";"Amadeu Miguel, Boa Ventura, Bela Vista, Cafezinho, Chácara das Rosas, Centro, Cinturão Verde, Cotia, Feira de Gado, Jardim América, Jardim Califórnia, Jardim Europa, Jardim das Alterosas, Jardim Fabiana, Jardim Paraíso, Jardim Primavera, Jardim Planalto, Jardim Rio Verde, Jardim Umuarama, Monte Alegre, Monte Verde, Morada do Sol, Nossa Senhora de Fátima, Nova Três Corações, Novo Horizonte, Odilon Rezende, Parque Bandeirantes, Parque das Colinas, Parque Jussara, Parque São José, Peró, Rio do Peixe, Santa Teresa, Santana, Santo Afonso, São Conrado, São Gerônimo, São Sebastião, Triângulo, Vila Bela, Vilas Boas, Vila Fernão Dias, Vila Jessé, Vila Rezende, Vila Sueli, Vila Viana."
"24/08/2022";"00:10:36";"2018";"5";"Eleições Gerais 2018";"MG";"MG";"MINAS GERAIS";"MG062762018";"16/07/2018";"03830371000199";"MINAS PESQUISAS E CONSULTORIAS LTDA";"MPC - MINAS PESQUISAS E CONSULTORIAS";"Governador, Deputado Estadual, Deputado Federal";"17/07/2018";"19/07/2018";"400";"9077";"Edmilson Antonio Pereira Junior";"6000,00";"03830371000199";"MINAS PESQUISAS E CONSULTORIAS LTDA";"#NULO#";"03830371000199";"MINAS PESQUISAS E CONSULTORIAS LTDA";"A metodologia de pesquisa utilizada é quantitativa, do tipo survey, que consiste na aplicação domiciliar de questionários estruturados junto a uma amostra representativa de eleitores do município de Coronel Fabriciano/MG.";"A amostra dos eleitores de Coronel Fabriciano/MG é distribuída de forma a contemplar todas as regiões geográficas do município, a partir de quotas proporcionais ao universo, disponibilizadas pelo site do TSE e do IBGE, considerando as variáveis sexo, faixa etária, grau de instrução e nível econômico dos entrevistados. Distribuição da amostra: Sexo (Fonte: TSE-2018): Masculino ¿ 46,9% e Feminino ¿ 53,1%. Faixa etária (Fonte: TSE-2018): 16 a 24 anos ¿ 13,6%. 25 a 34 anos ¿ 20,4%. 35 a 44 anos ¿ 20,2%. 45 a 59 anos ¿ 24,9%. 60 anos ou mais ¿ 20,9%. Grau de instrução (Fonte: TSE-2018): Analfabeto ¿ 3,6%. Até ensino fundamental completo ¿ 46,5%. Ensino médio ¿ 43,6% e Ensino superior ¿ 6,3%. Nível econômico (Fonte: Censo Demográfico IBGE-2010): Sem rendimento ¿ 36,8%. Até 1 salário mínimo ¿ 25,3%. Mais de 1 a 2 salários mínimo ¿ 20,0%. Mais de 2 a 5 salários mínimo ¿ 13,8%. Mais de 5 a 10 salários mínimo ¿ 3,3% e Mais de 10 salários mínimo ¿ 0,8%. O fator de ponderação utilizado é igual a 1, entretanto, está prevista eventual ponderação para correção das variáveis, caso ocorram diferenças superiores a 2 pontos percentuais entre o previsto na amostra e a coleta de dados realizada. A amostra utilizada de 400 eleitores do município de Coronel Fabriciano/MG, ao nível de 95% de confiança, apresenta margem de erro estimada de 4,9 pontos percentuais, para mais ou para menos.";"A equipe de pesquisa é composta por entrevistadores e supervisores devidamente treinados para o tipo de trabalho. Serão checados 20% dos questionários realizados por cada entrevistador através de entrevistas pessoais e por telefone para verificação das respostas e de local de residência.";"#NULO#"
"24/08/2022";"00:10:36";"2018";"5";"Eleições Gerais 2018";"MG";"MG";"MINAS GERAIS";"MG063182018";"29/09/2018";"17070395000100";"MULTIDADOS PESQUISA LTDA - ME";"MULTIDADOS PESQUISA PROFISSIONAL AVANCADA";"Governador, Senador";"01/10/2018";"03/10/2018";"400";"7683";"Elmo Henrique de Moraes";"5000,00";"17070395000100";"MULTIDADOS PESQUISA LTDA - ME";"#NULO#";"17070395000100";"MULTIDADOS PESQUISA LTDA - ME";"MUNICÍPIO DE CONSELHEIRO LAFAIETE, ESTADO DE MINAS GERAIS. Pesquisa quantitativa, com abordagem pessoal em pontos de fluxo populacional e que consiste na realização de entrevistas pessoais, com a aplicação de questionários estruturados e padronizados junto a uma amostra representativa do eleitorado do município de CONSELHEIRO LAFAIETE, ESTADO DE MINAS GERAIS.  O conjunto do eleitorado com 16 anos ou mais foi tomado como universo da pesquisa.";"Plano Amostral: MUNICÍPIO DE CONSELHEIRO LAFAIETE, ESTADO DE MINAS GERAIS    A. PÚBLICO PESQUISADO: Eleitores da cidade de CONSELHEIRO LAFAIETE, ESTADO DE MINAS GERAIS, onde a localidade foi dividida em regiões geográficas baseadas através do índice populacional do IBGE através do Censo 2010-IBGE, PNAD-IBGE e do cadastro de eleitores 2018 do TSE ¿ TRIBUNAL SUPERIOR ELEITORAL.   B. TIPO DE AMOSTRA: A amostra é estratificada por cotas e representativa para o conjunto dos eleitores do município de CONSELHEIRO LAFAIETE, ESTADO DE MINAS GERAIS .   A amostra foi selecionada através de setores censitários ou bairros dentro do município. A seleção dos respondentes é feita dentro dos setores censitários, regiões ou bairros do município através de quotas proporcionais de sexo, idade, escolaridade e renda individual de acordo com o perfil da população em estudo no município.  No município de CONSELHEIRO LAFAIETE, ESTADO DE MINAS GERAIS  ficou a seguinte distribuição a ser realizada:  A distribuição de SEXO foi dividida entre entrevistados do Sexo Masculino com 48% das entrevistas, já os entrevistados do Sexo Feminino representa 52% das entrevistas. Está prevista eventual ponderação para correção da variável de SEXO, com base nos percentuais anteriormente mencionados, caso ocorram diferenças superiores a 3 pontos percentuais entre o previsto na amostra e a coleta de dados realizada.  A distribuição da IDADE foi dividida entre entrevistados de 16 a 24 anos com 15% das entrevistas, os entrevistados de 25 a 34 anos representam 21% das entrevistas, os entrevistados de 35 a 44 anos representam 19% das entrevistas, os entrevistados de 45 a 59 anos representam 25% das entrevistas, os entrevistados com mais de 60 anos representam 20% das entrevistas. Está prevista eventual ponderação para correção da variável de IDADE, com base nos percentuais anteriormente mencionados, caso ocorram diferenças superiores a 3 pontos percentuais entre o previsto na amostra e a coleta de dados realizada.  A distribuição da ESCOLARIDADE foi dividida em entrevistados  Analfabetos, que leem e escrevem com 7% das entrevistas, já os entrevistados de ensino fundamental representam 43% das entrevistas, já os entrevistados de ensino médio representam 44% das entrevistas, já os entrevistados de ensino superior representam 6% das entrevistas. Está prevista eventual ponderação para correção da variável de ESCOLARIDADE, com base nos percentuais anteriormente mencionados, caso ocorram diferenças superiores a 5 pontos percentuais entre o previsto na amostra e a coleta de dados realizada.  A distribuição da RENDA INDIVIDUAL OU NÍVEL ECONÔMICO foi dividida em entrevistados que ganham até 1 Salário Mínimo ou até R$954,00 com 17% das entrevistas, já os entrevistados que ganham de 1 a 2 Salários Mínimos, ou seja, de R$955,00 a R$1908,00 representa 53% das entrevistas, já os entrevistados que ganham de 2 a 5 Salários Mínimos, ou seja, de R$1909,00 a R$4770,00 representam 22% das entrevistas, já os entrevistados com mais de 5 Salários Mínimos, ou seja, mais de R$4771,00 representa 08% das entrevistas. Está prevista eventual ponderação para correção da variável de RENDA FAMILIAR, com base nos percentuais anteriormente mencionados, caso ocorram diferenças superiores a 5 pontos percentuais entre o previsto na amostra e a coleta de dados realizada.  C. TAMANHO DA AMOSTRA:  400 entrevistas.   D. PONDERAÇÃO:  Os fatores de ponderação a serem aplicados nas variáveis de sexo, idade, escolaridade e renda familiar possuem o valor igual a 1(um).   E. INTERVALO DE CONFIANÇA/MARGEM DE ERRO: O intervalo de confiança estimado é de 93% e a margem de erro máxima estimada é de 3,5% pontos percentuais para mais ou para menos sobre os resultados.   ";"As regiões da cidade de CONSELHEIRO LAFAIETE, ESTADO DE MINAS GERAIS são verificadas em relação a consistência dos dados, analisando individualmente cada entrevista realizada. Todo trabalho é feito em tabletes ou questionários eletrônicos e o programa utiliza número fixos para todas as perguntas apresentadas. O sistema também utiliza três códigos extras, o ¿97¿, quando o entrevistado coloca nenhuma ou que vota em branco ou nulo. Código extra é o ¿98¿ que significa respostas indecisas, eleitores que não sabem ou que não responderam. O outro código extra é o ¿99¿, utilizado para outros nomes, outras respostas citadas pelo entrevistado(a). Os códigos extras não podem ser aplicados nas perguntas básicas: Número do questionário, região ou município, sexo, idade, escolaridade e renda individual. O próprio questionário padrão já apresenta os códigos que podem ser aplicados a cada pergunta. O programa do questionário não permite duas respostas numa mesma pergunta, exceto para Senadores da República.   Checagem: Logo após a realização da coleta de dados, é feito o trabalho de checagem das entrevistas junto aos respondentes. O objetivo é, sobretudo, garantir que as entrevistas foram realmente realizadas e verificadas. Há perguntas do questionário que são reproduzidas para certificarmos de sua correta aplicação e há outras questões que se referem exclusivamente ao desempenho do entrevistador(a). Para a realização da pesquisa será utilizada uma equipe de entrevistadores devidamente treinada para este trabalho. Após os trabalhos de campo, os questionários são submetidos a uma fiscalização que consiste na checagem de 20% dos questionários aplicados individualmente pelos entrevistadores, para verificação das respostas e da adequação dos entrevistados aos parâmetros amostrais.   ";"A área de abrangência da coleta é a cidade de CONSELHEIRO LAFAIETE, ESTADO DE MINAS GERAIS. A Relação de regiões e bairros selecionados para aplicação da amostra será apresentada até o 7º dia seguinte ao Registro da pesquisa, conforme expresso na resolução 23.549/2017 de 29-12-2017 TSE."
"24/08/2022";"00:10:36";"2018";"5";"Eleições Gerais 2018";"MG";"MG";"MINAS GERAIS";"MG064572018";"29/09/2018";"17070395000100";"MULTIDADOS PESQUISA LTDA - ME";"MULTIDADOS PESQUISA PROFISSIONAL AVANCADA";"Governador, Senador";"01/10/2018";"03/10/2018";"1200";"7683";"Elmo Henrique de Moraes";"20000,00";"17070395000100";"MULTIDADOS PESQUISA LTDA - ME";"#NULO#";"17070395000100";"MULTIDADOS PESQUISA LTDA - ME";"PESQUISA ESTADO DE MINAS GERAIS. Pesquisa quantitativa, com abordagem pessoal em pontos de fluxo populacional e que consiste na realização de entrevistas pessoais, com a aplicação de questionários estruturados e padronizados junto a uma amostra representativa do eleitorado do ESTADO DE MINAS GERAIS ATRAVÉS DE 75 MUNICÍPIOS.  O conjunto do eleitorado com 16 anos ou mais foi tomado como universo da pesquisa.";"Plano Amostral: ESTADO DE MINAS GERAIS COM 75 MUNICÍPIOS   A. PÚBLICO PESQUISADO: Eleitores do ESTADO DE MINAS GERAIS, onde a localidade foi dividida em regiões geográficas baseadas através do índice populacional do IBGE através do Censo 2010-IBGE, PNAD-IBGE e do cadastro de eleitores 2018 do TSE ¿ TRIBUNAL SUPERIOR ELEITORAL.   B. TIPO DE AMOSTRA: A amostra é estratificada por cotas e representativa para o conjunto dos eleitores do município do ESTADO DE MINAS GERAIS .   A amostra foi selecionada através de setores censitários ou bairros dentro do município. A seleção dos respondentes é feita dentro dos setores censitários, regiões ou  municípios através de quotas proporcionais de sexo, idade, escolaridade e renda individual de acordo com o perfil da população em estudo no município.  No ESTADO DE MINAS GERAIS  ficou a seguinte distribuição a ser realizada:  A distribuição de SEXO foi dividida entre entrevistados do Sexo Masculino com 48% das entrevistas, já os entrevistados do Sexo Feminino representa 52% das entrevistas. Está prevista eventual ponderação para correção da variável de SEXO, com base nos percentuais anteriormente mencionados, caso ocorram diferenças superiores a 3 pontos percentuais entre o previsto na amostra e a coleta de dados realizada.  A distribuição da IDADE foi dividida entre entrevistados de 16 a 24 anos com 14% das entrevistas, os entrevistados de 25 a 34 anos representam 20% das entrevistas, os entrevistados de 35 a 44 anos representam 20% das entrevistas, os entrevistados de 45 a 59 anos representam 25% das entrevistas, os entrevistados com mais de 60 anos representam 21% das entrevistas. Está prevista eventual ponderação para correção da variável de IDADE, com base nos percentuais anteriormente mencionados, caso ocorram diferenças superiores a 3 pontos percentuais entre o previsto na amostra e a coleta de dados realizada.  A distribuição da ESCOLARIDADE foi dividida em entrevistados  Analfabetos, que leem e escrevem com 10% das entrevistas, já os entrevistados de ensino fundamental representam 40% das entrevistas, já os entrevistados de ensino médio representam 40% das entrevistas, já os entrevistados de ensino superior representam 10% das entrevistas. Está prevista eventual ponderação para correção da variável de ESCOLARIDADE, com base nos percentuais anteriormente mencionados, caso ocorram diferenças superiores a 5 pontos percentuais entre o previsto na amostra e a coleta de dados realizada.  A distribuição da RENDA INDIVIDUAL OU NÍVEL ECONÔMICO foi dividida em entrevistados que ganham até 1 Salário Mínimo ou até R$954,00 com 20% das entrevistas, já os entrevistados que ganham de 1 a 2 Salários Mínimos, ou seja, de R$955,00 a R$1908,00 representa 50% das entrevistas, já os entrevistados que ganham de 2 a 5 Salários Mínimos, ou seja, de R$1909,00 a R$4770,00 representam 20% das entrevistas, já os entrevistados com mais de 5 Salários Mínimos, ou seja, mais de R$4771,00 representa 10% das entrevistas. Está prevista eventual ponderação para correção da variável de RENDA FAMILIAR, com base nos percentuais anteriormente mencionados, caso ocorram diferenças superiores a 5 pontos percentuais entre o previsto na amostra e a coleta de dados realizada.  C. TAMANHO DA AMOSTRA:  1200 entrevistas em 75 municípios.   D. PONDERAÇÃO:  Os fatores de ponderação a serem aplicados nas variáveis de sexo, idade, escolaridade e renda familiar possuem o valor igual a 1(um).   E. INTERVALO DE CONFIANÇA/MARGEM DE ERRO: O intervalo de confiança estimado é de 91% e a margem de erro máxima estimada é de 4,5% pontos percentuais para mais ou para menos sobre os resultados.   ";"As regiões do ESTADO DE MINAS GERAIS são verificadas em relação a consistência dos dados, analisando individualmente cada entrevista realizada. Todo trabalho é feito em tabletes ou questionários eletrônicos e o programa utiliza número fixos para todas as perguntas apresentadas. O sistema também utiliza três códigos extras, o ¿97¿, quando o entrevistado coloca nenhuma ou que vota em branco ou nulo. Código extra é o ¿98¿ que significa respostas indecisas, eleitores que não sabem ou que não responderam. O outro código extra é o ¿99¿, utilizado para outros nomes, outras respostas citadas pelo entrevistado(a). Os códigos extras não podem ser aplicados nas perguntas básicas: Número do questionário, região ou município, sexo, idade, escolaridade e renda individual. O próprio questionário padrão já apresenta os códigos que podem ser aplicados a cada pergunta. O programa do questionário não permite duas respostas numa mesma pergunta, exceto para Senadores da República.   Checagem: Logo após a realização da coleta de dados, é feito o trabalho de checagem das entrevistas junto aos respondentes. O objetivo é, sobretudo, garantir que as entrevistas foram realmente realizadas e verificadas. Há perguntas do questionário que são reproduzidas para certificarmos de sua correta aplicação e há outras questões que se referem exclusivamente ao desempenho do entrevistador(a). Para a realização da pesquisa será utilizada uma equipe de entrevistadores devidamente treinada para este trabalho. Após os trabalhos de campo, os questionários são submetidos a uma fiscalização que consiste na checagem de 20% dos questionários aplicados individualmente pelos entrevistadores, para verificação das respostas e da adequação dos entrevistados aos parâmetros amostrais.   ";"A área de abrangência da coleta é o ESTADO DE MINAS GERAIS. A Relação de regiões ou municípios selecionados para aplicação da amostra será apresentada até o 7º dia seguinte ao Registro da pesquisa, conforme expresso na resolução 23.549/2017 de 29-12-2017 TSE."
"24/08/2022";"00:10:36";"2018";"5";"Eleições Gerais 2018";"MG";"MG";"MINAS GERAIS";"MG064822018";"20/10/2018";"29842579000111";"REAL TIME BIG DATA GESTAO DE DADOS LTDA.";"REAL TIME BIG DATA";"Governador";"25/10/2018";"25/10/2018";"3000";"7655";"Augusto da Silva Rocha";"12000,00";"29842579000111";"REAL TIME BIG DATA GESTAO DE DADOS LTDA.";"#NULO#";"29842579000111";"REAL TIME BIG DATA GESTAO DE DADOS LTDA.";"Pesquisa quantitativa, que consiste na realização de entrevistas por telefone, com a aplicação de questionário estruturado junto a uma amostra, representativa do eleitorado em estudo.";"Universo: 15.700.966 eleitores. Amostra: 3000 entrevistas. O nível de confiança estimado é de 95% para uma margem de erro máxima estimada, considerando uma técnica de amostragem aleatória simples, de aproximadamente 2 pontos percentuais para mais ou para menos sobre os resultados obtidos. Divisão Censitária. Ponderação quanto ao sexo e faixa etária: Masculino de 16 a 24 anos (6,8%), Masculino de 25 a 34 anos (10,0%), Masculino de 35 a 44 anos (9,7%), Masculino de 45 a 59 anos (11,9%) e Masculino acima de 59 anos (9,6%). Feminino de 16 a 24 anos (7,1%), Feminino de 25 a 34 anos (10,3%), Feminino de 35 a 44 anos (10,3%), Feminino de 45 a 59 anos (12,8%) e Feminino acima de 59 anos (11,4%). Ponderação quanto ao nível de instrução: 34% de Analfabeto / Fundamental Incompleto, 17% de Lê e escreve / Fundamental Completo, 39% de Médio Incompleto / Médio Completo e 10% de Superior Incompleto / Superior Completo. Ponderação quanto a renda: Economicamente Ativo: 66%. Não Economicamente Ativo: 34% Está prevista eventual ponderação para correção das variáveis sexo, faixa etária e escolaridade, com base nos percentuais acima apresentados, caso ocorram diferenças superiores a 3,0 pontos percentuais entre o previsto na amostra e a coleta realizada. Para as variáveis: Nível Econômico e Renda Familiar Mensal, o fator de ponderação é igual a 1 (resultados obtidos no campo). Fonte de Dados: IBGE e TSE 2018.";"Checagem de 20% da amostra efetuada pelos supervisores. Todos os entrevistadores foram amplamente treinados e orientados tanto teoricamente quanto praticamente sobre suas responsabilidade e funções, respeitando as cotas pré-estabelecidas. A equipe está dividida em coordenadoria-geral / supervisores / entrevistadores.";"Em anexo."
"24/08/2022";"00:10:36";"2018";"5";"Eleições Gerais 2018";"MG";"MG";"MINAS GERAIS";"MG064902018";"13/10/2018";"29842579000111";"REAL TIME BIG DATA GESTAO DE DADOS LTDA.";"REAL TIME BIG DATA";"Governador";"17/10/2018";"18/10/2018";"3000";"7655";"Augusto da Silva Rocha";"12000,00";"29842579000111";"REAL TIME BIG DATA GESTAO DE DADOS LTDA.";"#NULO#";"29842579000111";"REAL TIME BIG DATA GESTAO DE DADOS LTDA.";"Pesquisa quantitativa, que consiste na realização de entrevistas por telefone, com a aplicação de questionário estruturado junto a uma amostra, representativa do eleitorado em estudo.";"Universo: 15.700.966 eleitores. Amostra: 3000 entrevistas. O nível de confiança estimado é de 95% para uma margem de erro máxima estimada, considerando uma técnica de amostragem aleatória simples, de aproximadamente 2 pontos percentuais para mais ou para menos sobre os resultados obtidos. Divisão Censitária. Ponderação quanto ao sexo e faixa etária: Masculino de 16 a 24 anos (6,8%), Masculino de 25 a 34 anos (10,0%), Masculino de 35 a 44 anos (9,7%), Masculino de 45 a 59 anos (11,9%) e Masculino acima de 59 anos (9,6%). Feminino de 16 a 24 anos (7,1%), Feminino de 25 a 34 anos (10,3%), Feminino de 35 a 44 anos (10,3%), Feminino de 45 a 59 anos (12,8%) e Feminino acima de 59 anos (11,4%). Ponderação quanto ao nível de instrução: 34% de Analfabeto / Fundamental Incompleto, 17% de Lê e escreve / Fundamental Completo, 39% de Médio Incompleto / Médio Completo e 10% de Superior Incompleto / Superior Completo. Ponderação quanto a renda: Economicamente Ativo: 66%. Não Economicamente Ativo: 34% Está prevista eventual ponderação para correção das variáveis sexo, faixa etária e escolaridade, com base nos percentuais acima apresentados, caso ocorram diferenças superiores a 3,0 pontos percentuais entre o previsto na amostra e a coleta realizada. Para as variáveis: Nível Econômico e Renda Familiar Mensal, o fator de ponderação é igual a 1 (resultados obtidos no campo). Fonte de Dados: IBGE e TSE 2018.";"Checagem de 20% da amostra efetuada pelos supervisores. Todos os entrevistadores foram amplamente treinados e orientados tanto teoricamente quanto praticamente sobre suas responsabilidade e funções, respeitando as cotas pré-estabelecidas. A equipe está dividida em coordenadoria-geral / supervisores / entrevistadores.";"Em anexo."
"24/08/2022";"00:10:36";"2018";"5";"Eleições Gerais 2018";"MG";"MG";"MINAS GERAIS";"MG065002018";"07/09/2018";"05394365000161";"DATAMG INSTITUTO DE PESQUISAS LTDA";"DATA FATO";"Governador, Deputado Distrital, Deputado Estadual, Deputado Federal, Senador";"08/09/2018";"12/09/2018";"400";"8782";"Neander  Ferreira Almeida";"8000,00";"05394365000161";"DATAMG INSTITUTO DE PESQUISAS LTDA";"#NULO#";"05394365000161";"DATAMG INSTITUTO DE PESQUISAS LTDA";"Pesquisa quantitativa com entrevistas pessoais e individuais, com questionário padronizado, nos municípios de Itabira e João Monlevade/MG distribuídos conforme o último censo realizado pelo IBGE. Pesquisa de Campo - Survey - Descritiva. Amostra: probabilística, estratificada, seleção aleatória sistemática";"400 Entrevistados . Margem de Erro : 4,9%. Intervalo de Confiança : 95%. Gênero: Masculino (48%), Feminino (52%). Faixas etárias: 16 a 24 anos (13%), 25 a 34 anos (20%), 35 a 44 anos (20%), 45 a 59 anos (25%), Acima de 60 anos (22%). Escolaridade: analfabeto e primário(13%). fundamental completo e incompleto (36%). médio completo e  incompleto (45%). Superior completo e incompleto(6%). TSE, julho (2018).";"Os entrevistadores foram acompanhados no campo por supervisor qualificado, responsável pelo acompanhamento e verificação do trabalho de campo. Todos os questionários preenchidos foram verificados inicialmente por análise de bancada para verificação da consistência das informações coletadas. A checagem por telefone ocorreu em 15% dos questionários aplicados, selecionados de forma aleatória sistemática, visando garantir a qualidade e precisão dos dados coletados.";"Itabira - 60%  Regiões: Gabiroba, Bela Vista, Santa Marta, Praia, Centro, Amazonas, Pedreira, Distritos    João Monlevade - 40%  Regiões: Cruzeiro Celeste, Carneirinhos, Santa Barbara, Loanda, Vila Tanque"
"24/08/2022";"00:10:36";"2018";"5";"Eleições Gerais 2018";"MG";"MG";"MINAS GERAIS";"MG065922018";"28/06/2018";"03830371000199";"MINAS PESQUISAS E CONSULTORIAS LTDA";"MPC - MINAS PESQUISAS E CONSULTORIAS";"Governador, Deputado Estadual, Deputado Federal";"29/06/2018";"01/07/2018";"400";"9077";"Edmilson Antonio Pereira Junior";"6000,00";"03830371000199";"MINAS PESQUISAS E CONSULTORIAS LTDA";"#NULO#";"03830371000199";"MINAS PESQUISAS E CONSULTORIAS LTDA";"A metodologia de pesquisa utilizada é quantitativa, do tipo survey, que consiste na aplicação domiciliar de questionários estruturados junto a uma amostra representativa de eleitores do município de Teófilo Otoni/MG.";"A amostra dos eleitores de Teófilo Otoni/MG é distribuída de forma a contemplar todas as regiões geográficas do município, a partir de quotas proporcionais ao universo, disponibilizadas pelo site do TSE e do IBGE, considerando as variáveis sexo, faixa etária, grau de instrução e nível econômico dos entrevistados. Distribuição da amostra: Sexo (Fonte: TSE-2018): Masculino ¿ 46,0% e Feminino ¿ 54,0%. Faixa etária (Fonte: TSE-2018): 16 a 24 anos ¿ 13,8%. 25 a 34 anos ¿ 19,8%. 35 a 44 anos ¿ 20,0%. 45 a 59 anos ¿ 24,0%. 60 anos ou mais ¿ 22,4%. Grau de instrução (Fonte: TSE-2018): Analfabeto ¿ 10,1%. Até ensino fundamental completo ¿ 44,9%. Ensino médio ¿ 36,4% e Ensino superior ¿ 8,6%. Nível econômico (Fonte: Censo Demográfico IBGE-2010): Sem rendimento ¿ 38,7%. Até 1 salário mínimo ¿ 36,1%. Mais de 1 a 2 salários mínimo ¿ 13,8%. Mais de 2 a 5 salários mínimo ¿ 7,9%. Mais de 5 a 10 salários mínimo ¿ 2,6% e Mais de 10 salários mínimo ¿ 0,9%. O fator de ponderação utilizado é igual a 1, entretanto, está prevista eventual ponderação para correção das variáveis, caso ocorram diferenças superiores a 2 pontos percentuais entre o previsto na amostra e a coleta de dados realizada. A amostra utilizada de 400 eleitores do município de Teófilo Otoni/MG, ao nível de 95% de confiança, apresenta margem de erro estimada de 4,9 pontos percentuais, para mais ou para menos.";"A equipe de pesquisa é composta por entrevistadores e supervisores devidamente treinados para o tipo de trabalho. Serão checados 20% dos questionários realizados por cada entrevistador através de entrevistas pessoais e por telefone para verificação das respostas e de local de residência.";"Bairros/Distritos  Altino Barbosa  Barreiros  Bela Vista  Castro Pires  Centro  Cidade Alta  Concórdia  Doutor Laerte Laender  Esperança  Fátima  Filadélfia  Frei Dimas  Grão-pará  Ipiranga  Jardim das Acácias  Jardim Iracema  Jardim São Paulo  Joaquim Pedrosa  Lourival Soares de Costa  Manoel Pimenta  Marajoara  Matinha  Mucuri  Novo Horizonte  Palmeiras  Pampulhinha  Santa Clara  São Cristóvão  São Diogo  São Francisco  São Jacinto  São João  Serra Verde  Solidariedade  Tabajaras  Teófilo Rocha  Distritos"
"24/08/2022";"00:10:36";"2018";"5";"Eleições Gerais 2018";"MG";"MG";"MINAS GERAIS";"MG068692018";"05/10/2018";"81908345000140";"INSTITUTO PARANA DE PESQUISAS E ANALISE DE CONSUMIDOR LTDA";"#NULO#";"Governador";"09/10/2018";"10/10/2018";"1750";"10245";"Tatiani Cristina Ara";"40000,00";"81908345000140";"INSTITUTO PARANA DE PESQUISAS E ANALISE DE CONSUMIDOR LTDA";"#NULO#";"81908345000140";"INSTITUTO PARANA DE PESQUISAS E ANALISE DE CONSUMIDOR LTDA";"Pesquisa com metodologia quantitativa, com a realização de entrevistas utilizando questionário estruturado junto a uma amostra representativa do eleitorado do Estado de Minas Gerais.";"A amostra será representativa dos moradores das áreas pesquisadas e será selecionada em três etapas. Na primeira etapa realiza-se um sorteio probabilístico dos municípios onde as entrevistas serão realizadas através do método PPT (Probabilidade Proporcional ao Tamanho), considerando a população eleitora com 16 anos ou mais residente nos municípios como base para essa seleção. Na segunda etapa, faz-se um sorteio probabilístico dos setores censitários, onde as entrevistas serão realizadas, através do método PPT (Probabilidade Proporcional ao Tamanho), tomando a população de 16 anos ou mais residente nos setores como base para essa seleção. Na terceira etapa, a seleção do entrevistado dentro do setor censitário, será feita utilizando-se quotas amostrais proporcionais, em função das seguintes variáveis:  SEXO:  Masculino - 48%.  Feminino - 52% |  FAIXA ETÁRIA:  Entre 16 e 24 anos: 14%.  Entre 25 e 34 anos: 20%.  Entre 35 e 44 anos: 20%.  Entre 45 e 59 anos: 25%.  Com 60 anos ou mais: 21% |  ESCOLARIDADE:  Até Ensino Médio: 77%.  Ensino Superior: 23% |  NÍVEL ECONÔMICO:  Economicamente Ativo: 66%.  Não Economicamente Ativo: 34%.  Está prevista eventual ponderação para correção das variáveis sexo, faixa etária e escolaridade, com base nos percentuais acima apresentados, caso ocorram diferenças superiores a 3,0 (três) pontos percentuais entre o previsto na amostra e a coleta realizada. Para as variáveis: Nível Econômico e Renda Familiar Mensal, o fator de ponderação é igual a 1, (resultados obtidos no campo). O nível de confiança estimado é de 95% (noventa e cinco por cento) para uma margem de erro máxima estimada, considerando uma técnica de amostragem aleatória simples, de aproximadamente 2,5 (dois vírgula cinco) pontos percentuais para mais ou para menos sobre os resultados obtidos. Fonte de Fonte de Dados: IBGE Censo 2010 e TSE - Julho 2018.";"As entrevistas serão realizadas por uma equipe de entrevistadores e supervisores devidamente qualificada pelo Instituto Paraná Pesquisas, com experiência e treinamento em pesquisas de opinião pública. No decorrer do trabalho de coleta de dados, os questionários aplicados, serão auditados em aproximadamente 20% (vinte por cento) para verificação quanto ao cuidado na sua aplicação, bem como a adequação do entrevistado às variáveis das quotas amostrais.";"Conforme parágrafo 6º, do art 2º da Resolução TSE nº 23.549/2017,  Até o 7º dia ao registro da pesquisa, será ele, (o registro da pesquisa), complementado com dados relativos aos municípios e bairros abrangidos. na ausência de delimitação do bairro, será identificada a área em que foi realizada .   A área de abrangência da coleta de dados é o Estado de Minas Gerais e a relação dos municípios e bairros selecionados para compor a amostra será apresentado até o 7º dia seguinte ao registro da pesquisa, conforme expresso no artigo supracitado."
"24/08/2022";"00:10:36";"2018";"5";"Eleições Gerais 2018";"MG";"MG";"MINAS GERAIS";"MG071562018";"07/05/2018";"23254436000102";"VOX DO BRASIL PESQUISAS E PARTICIPACOES LTDA";"#NULO#";"Governador, Senador";"06/05/2018";"09/05/2018";"1500";"6ª Região - Nº 8641";"Maria Cecilia Sacramento Souza ";"180000,00";"17247933000180";"SA ESTADO DE MINAS";"Recursos Próprios";"23254436000102";"VOX DO BRASIL PESQUISAS E PARTICIPACOES LTDA";"Pesquisa quantitativa, que consiste na realização de entrevistas pessoais, com a aplicação de questionários estruturados e padronizados junto a uma amostra representativa do eleitorado do estado de Minas Gerais  ";"Público pesquisado: eleitores no estado de Minas Gerais.     Tipo de amostra: A amostra é representativa do eleitorado do estado de Minas e foi selecionada em dois estágios:     1º estágio: seleção probabilística de municípios, através do método PPT (Probabilidade Proporcional ao Tamanho), tomando como base o número de eleitores de cada município.    2º estágio: seleção dos respondentes dentro dos municípios através de uma quota proporcional de Gênero, Idade, Escolaridade e Renda Familiar, de acordo com o perfil da população em estudo.    As entrevistas foram pessoais e domiciliares.    Fonte de dados: IBGE, Censo 2010 e PNAD 2015                TSE, Cadastro de Eleitores 2018    Tamanho da amostra: 1.500 entrevistas.    Ponderação: Devido à metodologia amostral adotada as proporções quanto a sexo, idade, escolaridade e renda familiar da amostra são as mesmas do universo pesquisado, com base no Censo Demográfico de 2010 ¿ IBGE e no Cadastro de Eleitores 2018 do TSE. Portanto os fatores de ponderação a serem aplicados nas variáveis sexo, idade, escolaridade e renda familiar assumem valor igual a 1(um).    Área física de realização da pesquisa: A ser informada e fornecida conforme artigo 2º, inciso X 6º § da Instrução Nº 0604337-81.2017.6.00.0000 do Tribunal Superior Eleitoral ¿ TSE para o pleito de 2018.     Intervalo de Confiança/Margem de Erro: O intervalo de confiança estimado é de 95% e a margem de erro máxima estimada é de 2,5 pontos percentuais para mais ou para menos sobre os resultados encontrados no total da amostra.    Checagem: Logo após a realização da coleta de dados, é feito o trabalho de checagem das entrevistas junto aos respondentes. O objetivo é, sobretudo, garantir que a entrevista foi realmente realizada e verificar como o respondente se sentiu em relação à pesquisa. Há perguntas do questionário que são reproduzidas para certificarmos de sua correta aplicação e há outras questões que se referem exclusivamente à performance do entrevistador. São aproximadamente 20% dos respondentes de cada entrevistador que irão receber o contato dos checadores.  ";"Para a realização da pesquisa será utilizada uma equipe de entrevistadores e supervisores devidamente treinada para este trabalho. Após os trabalhos de campo, os questionários são submetidos a uma fiscalização que consiste no retorno a campo de 20% dos questionários aplicados individualmente pelos entrevistadores, para verificação das respostas e da adequação dos entrevistados aos parâmetros amostrais.  ";"Dados relativos aos municípios e bairros abrangidos pela pesquisa serão entregues de acordo com a Resolução 23.549/2017."
"24/08/2022";"00:10:36";"2018";"5";"Eleições Gerais 2018";"MG";"MG";"MINAS GERAIS";"MG071812018";"28/09/2018";"00654576000172";"INSTITUTO VERITA LTDA - EPP";"VERITA";"Governador, Senador";"02/10/2018";"05/10/2018";"3030";"7806";"James Richard Silva Santos";"118170,00";"00654576000172";"INSTITUTO VERITA LTDA - EPP";"#NULO#";"00654576000172";"INSTITUTO VERITA LTDA - EPP";"Pesquisa quantitativa, que consiste na realização de entrevistas, com a aplicação de questionário estruturado junto a uma amostra representativa do eleitorado desta Unidade da Federação.";"ESTUDO REPRESENTATIVO DO ELEITORADO DO ESTADO Minas Gerais - MÉTODO PPT (Probabilidade Proporcional ao Tamanho)   -   PLANO AMOSTRAL E PONDERAÇÃO QUANTO A SEXO, IDADE, GRAU DE INSTRUÇÃO E NÍVEL ECONÔMICO DO ENTREVISTADO. INTERVALO DE CONFIANÇA E MARGEM DE ERRO: Representativo do eleitorado da área em estudo, elaborada, em vários estágios, da seguinte forma:   -   1. Divisão da UF em três estratos 2. Ordenação dos municípios de cada estrato segundo o porte, redividindo, em cada estrato, em Três subestratos contendo aproximadamente o mesmo número de domicílios. 3. Sorteio dos municípios por amostragem de conglomerados, de acordo com porte mantendo a proporção de eleitores  4. Sorteio, dentro de cada município de bairros ou setores censitários onde serão realizadas entrevistas. 5. Os respondentes são selecionados através de quotas amostrais proporcionais em função de variáveis significativas, a saber:  -   IDADE: FEMININO, 16 A 24 A NOS. 7,1%/ MASCULINO, 16 A 24 ANOS. 6,8% / FEMININO, 25 A 34 ANOS. 10,3% / MASCULINO, 25 A 34 ANOS. 10,0% /FEMININO, 35 A 44 ANOS. 10,3% / MASCULINO, 35 A 44 ANOS. 9,7% / FEMININO, 45 A 59 ANOS. 12,9%/ MASCULINO, 45 A 59 ANOS. 11,9% / FEMININO, 60 ANOS OU MAIS. 11,4%/ MASCULINO, 60 ANOS OU MAIS. 9,6%-  GRAU DE INSTRUÇÃO: Analfabeto até Ensino Médio completo 63,3%,  Superior incompleto, completo ou mais ou mais 36,7% -  NÍVEL ECONÔMICO: FEMININO Não PEA 45,2%, FEMININO PEA 54,8%, MASCULINO Não PEA 26,4%, MASCULINO PEA 73,6%    -    Está prevista eventual ponderação para correção das variáveis, com base nos percentuais anteriormente mencionados, caso ocorram diferenças superiores a margem de erro da pesquisa de  2 pontos percentuais entre o previsto na amostra e a coleta de dados realizada. Para as variáveis de grau de instrução e nível econômico do entrevistado, o fator previsto para ponderação é 1 (resultados obtidos em campo). O nível de confiança estimado é de 95% e a margem de erro máxima estimada considerando um modelo de amostragem aleatório simples, é de 2 pontos percentuais para mais ou para menos sobre os resultados encontrados no total da amostra. FONTE DOS DADOS: Censo 2010, PNAD 2017, TSE 2018, dentre outras";"Para a realização da pesquisa, utiliza-se uma equipe de entrevistadores e supervisores contratados pelo INSTITUTO VERITÁ LTDA. devidamente treinados para o trabalho. Após os trabalhos de campo, os questionários são submetidos a uma fiscalização de cerca de 20% (vinte por cento) dos questionários aplicados pelos entrevistadores. para verificação das respostas e da adequação dos entrevistadores aos parâmetros amostrais.";"A PESQUISA NÃO FOI DIVULGADA."
"24/08/2022";"00:10:36";"2018";"5";"Eleições Gerais 2018";"MG";"MG";"MINAS GERAIS";"MG072592018";"02/08/2018";"03830371000199";"MINAS PESQUISAS E CONSULTORIAS LTDA";"MPC - MINAS PESQUISAS E CONSULTORIAS";"Governador, Deputado Estadual, Deputado Federal, Senador";"03/08/2018";"05/08/2018";"400";"9077";"Edmilson Antonio Pereira Junior";"6000,00";"03830371000199";"MINAS PESQUISAS E CONSULTORIAS LTDA";"#NULO#";"03830371000199";"MINAS PESQUISAS E CONSULTORIAS LTDA";"A metodologia de pesquisa utilizada é quantitativa, do tipo survey, que consiste na aplicação domiciliar de questionários estruturados junto a uma amostra representativa de eleitores do municípiode Araxá / MG.";"A amostra dos eleitores de Araxá/MG é distribuída de forma a contemplar todas as regiões geográficas do município, a partir de quotas proporcionais ao universo, disponibilizadas pelo site do TSE e do IBGE, considerando as variáveis sexo, faixa etária, grau de instrução e nível econômico dos entrevistados. Distribuição da amostra: Sexo (Fonte: TSE-2018): Masculino ¿ 47,7% e Feminino ¿ 52,3%. Faixa etária (Fonte: TSE-2018): 16 a 24 anos ¿ 13,2%. 25 a 34 anos ¿ 21,0%. 35 a 44 anos ¿ 20,1%. 45 a 59 anos ¿ 25,4%. 60 anos ou mais ¿ 20,3%.Grau de instrução (Fonte: TSE-2018): Analfabeto ¿ 2,1%. Até ensino fundamental completo ¿ 44,3%. Ensino médio ¿ 43,9% e Ensino superior ¿ 9,7%.Nível econômico (Fonte: Censo Demográfico IBGE-2010): Sem rendimento ¿ 30,8%. Até 1 salário mínimo ¿ 25,4%. Mais de 1 a 2 salários mínimo ¿ 22,6%. Mais de 2 a 5 salários mínimo ¿ 15,8%. Mais de 5 a 10 salários mínimo ¿ 3,9% e Mais de 10 salários mínimo ¿ 1,5%. O fator de ponderação utilizado é igual a 1, entretanto, está prevista eventual ponderação para correção das variáveis, caso ocorram diferenças superiores a 2 pontos percentuais entre o previsto na amostra e a coleta de dados realizada. A amostra utilizada de 400 eleitores do município de Araxá/MG, ao nível de 95% de confiança, apresenta margem de erro estimada de 4,9 pontos percentuais, para mais ou para menos.";"A equipe de pesquisa é composta por entrevistadores e supervisores devidamente treinados para o tipo de trabalho. Serão checados 20% dos questionários realizados por cada entrevistador através de entrevistas pessoais e por telefone para verificação das respostas e de local de residência.";"#NULO#"
"24/08/2022";"00:10:36";"2018";"5";"Eleições Gerais 2018";"MG";"MG";"MINAS GERAIS";"MG072882018";"11/09/2018";"29842579000111";"REAL TIME BIG DATA GESTAO DE DADOS LTDA.";"REAL TIME BIG DATA";"Governador, Senador";"14/09/2018";"15/09/2018";"2500";"7655";"Augusto da Silva Rocha";"30000,00";"29842579000111";"REAL TIME BIG DATA GESTAO DE DADOS LTDA.";"#NULO#";"29842579000111";"REAL TIME BIG DATA GESTAO DE DADOS LTDA.";"Pesquisa quantitativa com a aplicação de questionário estruturado junto a uma amostra, representativa do eleitorado em estudo.";"O nível de confiança estimado é de 95% para uma margem de erro máxima estimada, considerando uma técnica de amostragem aleatória simples, de aproximadamente 2 pontos percentuais para mais ou para menos sobre os resultados obtidos. Divisão Censitária. Ponderação quanto ao sexo e faixa etária: Masculino de 16 a 24 anos (7,1%), Masculino de 25 a 34 anos (10,0%), Masculino de 35 a 44 anos (9,7%), Masculino de 45 a 59 anos (11,8%) e Masculino acima de 59 anos (9,4%). Feminino de 16 a 24 anos (7,4%), Feminino de 25 a 34 anos (10,4%), Feminino de 35 a 44 anos (10,3%), Feminino de 45 a 59 anos (12,8%) e Feminino acima de 59 anos (11,2%). Ponderação quanto ao nível de instrução: 34,4% de Analfabeto / Fundamental Incompleto, 16,6% de Lê e escreve / Fundamental Completo, 38,8% de Médio Incompleto / Médio Completo e 10,2% de Superior Incompleto / Superior Completo. Ponderação quanto a renda: Economicamente Ativo: 66%. Não Economicamente Ativo: 34% Está prevista eventual ponderação para correção das variáveis sexo, faixa etária e escolaridade, com base nos percentuais acima apresentados, caso ocorram diferenças superiores a 3,0 pontos percentuais entre o previsto na amostra e a coleta realizada. Para as variáveis: Nível Econômico e Renda Familiar Mensal, o fator de ponderação é igual a 1 (resultados obtidos no campo). Fonte de Dados: IBGE e TSE 2018.";"Checagem de cerca de 20% da amostra efetuada pelos supervisores. Todos os entrevistadores foram amplamente treinados e orientados tanto teoricamente quanto praticamente sobre suas responsabilidade e funções, respeitando as cotas pré-estabelecidas. A equipe está dividida em coordenadoria-geral /coordenadoria regional / supervisores / entrevistadores.";"Em anexo."
"24/08/2022";"00:10:36";"2018";"5";"Eleições Gerais 2018";"MG";"MG";"MINAS GERAIS";"MG075132018";"28/09/2018";"22642565000105";"CP2 CONSULTORIA, PESQUISA E PLANEJAMENTO LTDA.";"#NULO#";"Governador, Senador";"30/09/2018";"02/10/2018";"1800";"10563";"Luciano Fernandes de Avila Oliveira";"69776,79";"26198515000484";"SEMPRE EDITORA LTDA";"Recursos Próprios";"22642565000105";"CP2 CONSULTORIA, PESQUISA E PLANEJAMENTO LTDA.";"A metodologia utilizada é Survey quantitativo, com realização de entrevistas pessoais e domicilares, com aplicação de questionário estruturado e padronizado em plataforma digital (tablet) junto à uma amostra representativa dos eleitores do estado de Minas Gerais.";"O universo da pesquisa é composto pelo eleitorado de Minas gerais com idade a partir de 18 anos. O tamanho amostral é de 1800 entrevistas com um nível de confiança de 95% e erro amostral máximo é de 2,3%. A amostra é estratificada pelas mesorregiões e microrregiões do estado de acordo com a seguinte distribuição: Sexo:Masculino: (47%). Feminino:(53%) - Idade: 18 a 24 anos (13%). 25 a 34 anos: (20%). 35 a 44 anos: (20%). 45 a 54 anos: (17%). 55 anos ou mais: (30%) - Escolaridade: Até fundamental incompleto: (33%). Fundamental completo e médio incompleto: (23%). Médio completo e superior incompleto:(32%).Superior completo: (12%) ¿ Renda total de sua família: Até 2 SM: (40%). De 2 a 5 SM: (38%). De 5 a 10 SM: (17%). Acima de 10 SM (5%). Caso haja divergências significativas entre os percentuais das cotas mencionadas acima e os percentuais coletados em campo, haverá correção através de ponderação.";"A coleta de dados é realizada por entrevistadores orientados por coordenadores de campo. Todos os questionários preenchidos recebem crítica para avaliação da consistência dos dados coletados, sendo que 20% dos questionários são separados, aleatoriamente, e submetidos à conferência através de novos contatos com os entrevistados, medida sempre adotada que visa garantir a qualidade e fidelidade dos dados coletados.";"Conforme §6º. do art. 2º. da Resolução-TSE nº. 23.549, o pedido de registro poderá ser complementado pela entrega destes dados ao Tribunal Eleitoral até o sétimo dia seguinte ao registro da pesquisa. Serão enviados os dados relativos aos bairros abrangidos, na ausência de delimitação dos bairros, será identificada a área em que foi realizada."
"24/08/2022";"00:10:36";"2018";"5";"Eleições Gerais 2018";"MG";"MG";"MINAS GERAIS";"MG075522018";"11/10/2018";"07630546000175";"DATAFOLHA INSTITUTO DE PESQUISAS LTDA.";"#NULO#";"Governador";"16/10/2018";"18/10/2018";"1470";"72.49A";"Renata Nunes César";"250776,00";"27865757000102";"GLOBO COMUNICACAO E PARTICIPACOES S/A / GCP,TV GLOBO, REDE GLOBO, GLOBO.COM, SOM LIVRE";"Recursos Próprios";"07630546000175";"DATAFOLHA INSTITUTO DE PESQUISAS LTDA.";"Pesquisa do tipo quantitativo, por amostragem, com aplicação de questionário estruturado e abordagem pessoal em pontos de fluxo populacional. O conjunto do eleitorado do Estado de Minas Gerais com 16 anos ou mais foi tomado como universo da pesquisa";"Universo: Eleitorado do Estado de Minas Gerais, com 16 anos ou mais. Tamanho da amostra: A amostra prevista é de 1.470 entrevistas. Técnica de amostragem: A amostra é estratificada por natureza dos municípios (capital, região metropolitana ou interior). Em cada estrato, num primeiro estágio, são sorteados os municípios que farão parte do levantamento. Num segundo estágio, são sorteados os bairros e pontos de abordagem onde serão aplicadas as entrevistas.  Por fim, os entrevistados são selecionados aleatoriamente para responder ao questionário, de acordo com cotas de sexo e faixa etária. Nesta amostra, o estrato referente à capital foi desproporcionalizado para permitir detalhamento. Nos resultados finais, as corretas proporções serão restabelecidas através de ponderação. A amostra prevista é de 1.470 questionários, sendo 406 na capital. Os dados utilizados para definição e seleção da amostra são baseados nos dados fornecidos pelo TSE ¿ Tribunal Superior Eleitoral (eleitorado de agosto 2018) e IBGE (Estimativa 2018). Os dados relativos a sexo e faixa etária são: Sexo masculino 48%, feminino: 52%, 16 a 24 anos 14%, 25 a 34 anos 20%, 35 a 44 anos 20%, 45 a 59 anos 25% e 60 anos ou mais 21%. Ponderação dos resultados: No processamento dos dados é realizada ponderação referente à proporção de cada cidade na amostra para correta representação das regiões. Está prevista a eventual ponderação para correção nos tamanhos dos segmentos considerando as variáveis sexo e faixa etária. Para as variáveis grau de instrução e nível econômico do entrevistado (renda familiar mensal), o fator previsto para ponderação é 1 (resultados obtidos em campo).   Área física: Serão realizadas entrevistas em 73 municípios, localizados no Estado de Minas Gerais. A relação completa dos municípios e bairros pesquisados será encaminhada a esse tribunal posteriormente até o sétimo dia seguinte à data de registro da pesquisa, conforme a Resolução 23.549/2017 do TSE, no art.2º §6º. Margem de Erro: A margem de erro máxima prevista é de 3 pontos percentuais para mais ou para menos, considerando um nível de confiança de 95%. Os intervalos de confiança serão calculados considerando os resultados obtidos para um nível de confiança de 95%.  ";"Os pesquisadores envolvidos na realização desta pesquisa são treinados pelo Instituto e recebem instruções específicas para cada projeto realizado. A coleta será feita com a utilização de tablet e questionário eletrônico. São checados, no mínimo, 30% dos questionários de cada pesquisador, seja in loco por supervisores de campo ou, posteriormente, por telefone. Internamente, todo o material é verificado e codificado. Antes do processamento final e emissão dos resultados, realiza-se processo de consistência dos dados.";"#NULO#"
"24/08/2022";"00:10:36";"2018";"5";"Eleições Gerais 2018";"MG";"MG";"MINAS GERAIS";"MG075522018";"11/10/2018";"07630546000175";"DATAFOLHA INSTITUTO DE PESQUISAS LTDA.";"#NULO#";"Governador";"16/10/2018";"18/10/2018";"1470";"72.49A";"Renata Nunes César";"250776,00";"60579703000148";"EMPRESA FOLHA DA MANHA S.A.";"Recursos Próprios";"07630546000175";"DATAFOLHA INSTITUTO DE PESQUISAS LTDA.";"Pesquisa do tipo quantitativo, por amostragem, com aplicação de questionário estruturado e abordagem pessoal em pontos de fluxo populacional. O conjunto do eleitorado do Estado de Minas Gerais com 16 anos ou mais foi tomado como universo da pesquisa";"Universo: Eleitorado do Estado de Minas Gerais, com 16 anos ou mais. Tamanho da amostra: A amostra prevista é de 1.470 entrevistas. Técnica de amostragem: A amostra é estratificada por natureza dos municípios (capital, região metropolitana ou interior). Em cada estrato, num primeiro estágio, são sorteados os municípios que farão parte do levantamento. Num segundo estágio, são sorteados os bairros e pontos de abordagem onde serão aplicadas as entrevistas.  Por fim, os entrevistados são selecionados aleatoriamente para responder ao questionário, de acordo com cotas de sexo e faixa etária. Nesta amostra, o estrato referente à capital foi desproporcionalizado para permitir detalhamento. Nos resultados finais, as corretas proporções serão restabelecidas através de ponderação. A amostra prevista é de 1.470 questionários, sendo 406 na capital. Os dados utilizados para definição e seleção da amostra são baseados nos dados fornecidos pelo TSE ¿ Tribunal Superior Eleitoral (eleitorado de agosto 2018) e IBGE (Estimativa 2018). Os dados relativos a sexo e faixa etária são: Sexo masculino 48%, feminino: 52%, 16 a 24 anos 14%, 25 a 34 anos 20%, 35 a 44 anos 20%, 45 a 59 anos 25% e 60 anos ou mais 21%. Ponderação dos resultados: No processamento dos dados é realizada ponderação referente à proporção de cada cidade na amostra para correta representação das regiões. Está prevista a eventual ponderação para correção nos tamanhos dos segmentos considerando as variáveis sexo e faixa etária. Para as variáveis grau de instrução e nível econômico do entrevistado (renda familiar mensal), o fator previsto para ponderação é 1 (resultados obtidos em campo).   Área física: Serão realizadas entrevistas em 73 municípios, localizados no Estado de Minas Gerais. A relação completa dos municípios e bairros pesquisados será encaminhada a esse tribunal posteriormente até o sétimo dia seguinte à data de registro da pesquisa, conforme a Resolução 23.549/2017 do TSE, no art.2º §6º. Margem de Erro: A margem de erro máxima prevista é de 3 pontos percentuais para mais ou para menos, considerando um nível de confiança de 95%. Os intervalos de confiança serão calculados considerando os resultados obtidos para um nível de confiança de 95%.  ";"Os pesquisadores envolvidos na realização desta pesquisa são treinados pelo Instituto e recebem instruções específicas para cada projeto realizado. A coleta será feita com a utilização de tablet e questionário eletrônico. São checados, no mínimo, 30% dos questionários de cada pesquisador, seja in loco por supervisores de campo ou, posteriormente, por telefone. Internamente, todo o material é verificado e codificado. Antes do processamento final e emissão dos resultados, realiza-se processo de consistência dos dados.";"#NULO#"
"24/08/2022";"00:10:36";"2018";"5";"Eleições Gerais 2018";"MG";"MG";"MINAS GERAIS";"MG076472018";"23/08/2018";"68802370000186";"IBOPE INTELIGENCIA PESQUISA E CONSULTORIA LTDA";"#NULO#";"Governador, Senador";"23/08/2018";"29/08/2018";"1204";"6208-A ";"Márcia Cavallari Nunes";"90164,61";"27865757000102";"GLOBO COMUNICACAO E PARTICIPACOES S/A / GCP,TV GLOBO, REDE GLOBO, GLOBO.COM, SOM LIVRE";"Recursos Próprios";"68802370000186";"IBOPE INTELIGENCIA PESQUISA E CONSULTORIA LTDA";"Pesquisa quantitativa, que consiste na realização de entrevistas pessoais, com a aplicação de questionário estruturado junto a uma amostra representativa do eleitorado em estudo. Pesquisa realizada no estado de Minas Gerais.";"Representativo do eleitorado da área em estudo, elaborada em três estágios. No primeiro estágio faz-se um sorteio probabilístico dos municípios, onde as entrevistas serão realizadas, pelo método PPT (Probabilidade Proporcional ao Tamanho), tomando o eleitorado como base para tal seleção. No segundo estágio faz-se um sorteio probabilístico dos setores censitários, onde as entrevistas serão realizadas, pelo método PPT (Probabilidade Proporcional ao Tamanho), tomando a população de 16 anos ou mais residente nos setores como base para tal seleção. No terceiro e último estágio, dentro dos setores sorteados, os respondentes são selecionados através de quotas amostrais proporcionais em função de variáveis significativas, a saber: IDADE: 16-24 (masculino) 19% (feminino) 18%. 25-34 (masculino) 24% (feminino) 22%. 35-44 (masculino) 20% (feminino) 21%. 45-54 (masculino) 17% (feminino) 17%. 55 e+ (masculino) 20% (feminino) 22%. INSTRUÇÃO: Até Ensino Médio (masculino) 83% (feminino) 77%. Ensino Superior (masculino) 17% (feminino) 23%. NÍVEL ECONÔMICO: Economicamente ativo (masculino) 74% (feminino) 55%. Não Economicamente ativo (masculino) 26% (feminino) 45%. Está prevista eventual ponderação para correção das variáveis sexo e idade, com base nos percentuais anteriormente mencionados, caso ocorram diferenças superiores a 3 pontos percentuais entre o previsto na amostra e a coleta de dados realizada. Para as variáveis de grau de instrução e nível econômico do entrevistado, o fator previsto para ponderação é 1 (resultados obtidos em campo). O nível de confiança estimado é de 95% e a margem de erro máxima estimada considerando um modelo de amostragem aleatório simples, é de 03 (três) pontos percentuais para mais ou para menos sobre os resultados encontrados no total da amostra. FONTE DOS DADOS: Censo 2010 | PNADC 2016 | TSE 2018.";"Para a realização da pesquisa, utiliza-se uma equipe de entrevistadores e supervisores contratados pelo IBOPE INTELIGÊNCIA PESQUISA E CONSULTORIA LTDA. devidamente treinados para o trabalho. Após os trabalhos de campo, os questionários são submetidos a uma fiscalização de cerca de 20% (vinte por cento) dos questionários aplicados pelos entrevistadores. para verificação das respostas e da adequação dos entrevistados aos parâmetros amostrais.";"A área de abrangência da coleta é Minas Gerais. A relação das localidades selecionadas para aplicação da amostra será apresentada até o 7º dia seguinte ao registro da pesquisa, conforme expresso no art. 2º, §6º da Resolução 23.549/2017 do TSE."
"24/08/2022";"00:10:36";"2018";"5";"Eleições Gerais 2018";"MG";"MG";"MINAS GERAIS";"MG079082018";"22/09/2018";"65237786000100";"DIVIDADOS-INSTITUTO DE PEQUISAS OPINIAO E MERCADO LTDA - ME";"#NULO#";"Deputado Federal";"14/09/2018";"14/09/2018";"300";"7772";"DENISE MAGRI MENDES";"6000,00";"15040609000161";"ENILIANE FERREIRA CAMARGOS DE OLIVEIRA 08059436686 / ";"Recursos Próprios";"65237786000100";"DIVIDADOS-INSTITUTO DE PEQUISAS OPINIAO E MERCADO LTDA - ME";"O presente trabalho constitui-se numa Pesquisa de Opinião de caráter quantitativo(survey). Essa modalidade de pesquisa implica em tratamento estatístico dos dados levantados em campo, com vistas a criar quadros com frequências das respostas obtidas, para posterior análise e inferências.  ";"Para o universo de 54.050 eleitores de Nova Serrana-MG (TSE ¿ JULHO/2018), foram realizadas 300 (trezentas) entrevistas, o que garantiu, para um intervalo de confiança de 95%, uma margem máxima de erro de 5,6%. Utilizando-se o critério ¿por cotas¿, a amostra foi distribuída obedecendo a densidade populacional de cada região em que a cidade está subdividida. Em seguida, os entrevistados foram identificados  na proporção de gênero e faixa etária (TSE 2018), nível de escolaridade e nível de renda.  ";"A DIVIDADOS opta por um trabalho de campo diretamente assistido por uma coordenação. Cada grupo de entrevistadores foi conduzido em veículo da empresa diretamente aos locais de coleta de dados, e supervisionados por um coordenador de grupo. Assim, quaisquer eventuais dúvidas, divergências, ou incongruências nas respostas obtidas foram dirimidas imediatamente na própria região de coleta.  A digitação, apuração e tabulação dos resultados finais foram realizadas por programas de computador especialmente desenvolvidos pelo nosso corpo técnico.  ";"#NULO#"
"24/08/2022";"00:10:36";"2018";"5";"Eleições Gerais 2018";"MG";"MG";"MINAS GERAIS";"MG079362018";"22/09/2018";"03830371000199";"MINAS PESQUISAS E CONSULTORIAS LTDA";"MPC - MINAS PESQUISAS E CONSULTORIAS";"Governador, Senador, Deputado Federal, Deputado Estadual";"23/09/2018";"25/09/2018";"400";"9077";"Edmilson Antonio Pereira Junior";"6000,00";"03830371000199";"MINAS PESQUISAS E CONSULTORIAS LTDA";"#NULO#";"03830371000199";"MINAS PESQUISAS E CONSULTORIAS LTDA";"A metodologia de pesquisa utilizada é quantitativa, do tipo survey, que consiste na aplicação domiciliar de questionários estruturados junto a uma amostra representativa de eleitores do município de Araxá / MG.";"A amostra dos eleitores de Araxá/MG é distribuída de forma a contemplar todas as regiões geográficas do município, a partir de quotas proporcionais ao universo, disponibilizadas pelo site do TSE e do IBGE, considerando as variáveis sexo, faixa etária, grau de instrução e nível econômico dos entrevistados. Distribuição da amostra: Sexo (Fonte: TSE-2018): Masculino ¿ 47,7% e Feminino ¿ 52,3%. Faixa etária (Fonte: TSE-2018): 16 a 24 anos ¿ 13,2%. 25 a 34 anos ¿ 21,0%. 35 a 44 anos ¿ 20,1%. 45 a 59 anos ¿ 25,4%. 60 anos ou mais ¿ 20,3%. Grau de instrução (Fonte: TSE-2018): Analfabeto ¿ 2,1%. Até ensino fundamental completo ¿ 44,3%. Ensino médio ¿ 43,9% e Ensino superior ¿ 9,7%. Nível econômico (Fonte: Censo Demográfico IBGE-2010): Sem rendimento ¿ 30,8%. Até 1 salário mínimo ¿ 25,4%. Mais de 1 a 2 salários mínimo ¿ 22,6%. Mais de 2 a 5 salários mínimo ¿ 15,8%. Mais de 5 a 10 salários mínimo ¿ 3,9% e Mais de 10 salários mínimo ¿ 1,5%. O fator de ponderação utilizado é igual a 1, entretanto, está prevista eventual ponderação para correção das variáveis, caso ocorram diferenças superiores a 2 pontos percentuais entre o previsto na amostra e a coleta de dados realizada. A amostra utilizada de 400 eleitores do município de Araxá/MG, ao nível de 95% de confiança, apresenta margem de erro estimada de 4,9 pontos percentuais, para mais ou para menos.";"A equipe de pesquisa é composta por entrevistadores e supervisores devidamente treinados para o tipo de trabalho. Serão checados 20% dos questionários realizados por cada entrevistador através de entrevistas pessoais e por telefone para verificação das respostas e de local de residência.";"#NULO#"
"24/08/2022";"00:10:36";"2018";"5";"Eleições Gerais 2018";"MG";"MG";"MINAS GERAIS";"MG080132018";"11/07/2018";"01269029000136";"BOAS E BOAS CONSULTORIA E PESQUISAS EIRELI";"DOXA INSTITUTO DE PESQUISAS";"Governador, Senador";"05/07/2018";"08/07/2018";"2500";"CONRE 6ª REGIÃO Nº 9689";"Matheus Laini Leão";"60000,00";"18268961000147";"PARTIDO DEMOCRATICO TRABALHISTA / PDT";"Outros";"01269029000136";"BOAS E BOAS CONSULTORIA E PESQUISAS EIRELI";"Metodologia: Pesquisa quantitativa - Survey, que consiste na realização de entrevistas pessoais e domiciliares com a aplicação de questionários estruturados e padronizados junto a uma amostra representativa do eleitorado de MINAS GERAIS. Aplicação do questionário em plataforma digital (tablet).     Período de realização: 05 a 08/07/2018.   ";"Foi determinada uma amostra de (2.500) entrevistas, distribuídas proporcionalmente pelas Mesorregiões do Estado, ponderadas quanto ao sexo, idade, escolaridade, renda e distribuição espacial.   Sexo: Masculino (49%) e Feminino (51%).   Idade: 16-24 anos: (18 %), 25-29 anos (11%), 30-39 anos (20%), 40- 49 anos (18     %), 50 - 59 anos (16 %), + de 60 anos (17%).   Escolaridade: Sem instrução e fundamental incompleto (40 %), Fundamental completo e médio incompleto (21 %), Médio completo e superior incompleto ( 29 %), Superior completo ( 10 %).   O nível econômico dos entrevistados (renda familiar mensal): Até 1 SM (21    %), De 1 a 2 SM (24 %), De 2 a 5 SM (35%), De 5 a 10 SM (13%) e + De 10 SM (7%).    Prevista ponderação para correção das variáveis sexo, idade, grau de instrução e nível econômico, caso ocorra diferenças com base nos percentuais acima mencionados.     Área física de realização: Sorteio de MUNICÍPIOS conforme proporcionalidade das regiões/setores censitários do Estado de Minas Gerais (IBGE 2010).   Fonte - CD Mapas dos setores censitários urbanos.   Intervalo de confiança: (95 %), Margem de erro (+/- 2,0 %).     FONTE DOS DADOS: Censo IBGE 2010, TSE 2018, entre outras.  ";"A coleta de dados é realizada por entrevistadores orientados por coordenadores de campo e supervisionados por um coordenador geral. Os entrevistadores aplicam as entrevistas individuais domiciliares em setores censitários do IBGE previamente sorteados pelo Instituto. O coordenador geral, no recebimento do material observará o cumprimento correto das proporcionalidades, a correta aplicação do questionário e sorteará 20% dos questionários aplicados para checagem presencial e por telefone onde será confirmada a existência do entrevistado, verificada sua correta aplicação e o cumprimento das cotas determinadas na planilha.";"Conforme §6º. do art. 2º. da Resolução-TSE nº. 23.549, o pedido de registro será complementado pela entrega destes dados ao Tribunal Eleitoral até o sétimo dia seguinte ao registro da pesquisa. Serão enviados os dados relativos aos bairros abrangidos, na ausência de delimitação dos bairros, será identificada a área em que foi realizada.     "
"24/08/2022";"00:10:36";"2018";"5";"Eleições Gerais 2018";"MG";"MG";"MINAS GERAIS";"MG081632018";"18/10/2018";"26195312000191";"QUALITY PESQUISAS E ASSESSORIA EMPRESARIAL EIRELI - ME";"QUALITY PESQUISAS";"Governador";"23/10/2018";"25/10/2018";"1537";"9907";"Guilherme Coelho Neves";"126000,00";"26195312000191";"QUALITY PESQUISAS E ASSESSORIA EMPRESARIAL EIRELI - ME";"#NULO#";"26195312000191";"QUALITY PESQUISAS E ASSESSORIA EMPRESARIAL EIRELI - ME";"Pesquisa do tipo quantitativo, por amostragem, com aplicação de questionário estruturado e abordagem pessoal em domicílios particulares permanentemente ocupados (de acordo com a definição do IBGE - Instituto Brasileiro de Geografia e Estatística), sorteados com amostra aleatória simples sem reposição. O conjunto do eleitorado do estado de Minas Gerais-MG com 16 anos ou mais foi tomado como universo da pesquisa.      ";"Tamanho da amostra: A amostra prevista é de 1537 entrevistas. Técnica de amostragem: A amostra é aleatória considerando a população finita, com base na estimativa da média populacional a) a amostra poderá ser ponderada levando em consideração a variável sexo da população de Minas Gerais-MG, sendo 47,99% homens e 52,01% mulheres, conforme dados do TSE de julho de 2018 e a variável idade sendo consideradas as faixas: até 24 anos: 13,9%. de 25 a 34 anos: 20,31%. de 35 a 44 anos: 20,04%, de 45 a 59 anos: 24,74%. e acima de 60 anos: 21,01% (TSE Julho 2018). Quanto à variável ¿grau de instrução¿, temos: ANALFABETO: 4,7%. LÊ E ESCREVE: 10,25%. ENSINO FUNDAMENTAL INCOMPLETO: 29,7%. ENSINO FUNDAMENTAL COMPLETO:6,4%. ENSINO MÉDIO INCOMPLETO: 20,46%. ENSINO MÉDIO COMPLETO: 18,26%. SUPERIOR INCOMPLETO: 3,34% e SUPERIOR COMPLETO: 6,89%. E para a variável renda, temos: Até 1 Salário Mínimo: 62,0%. De 1 a 2 Salários Mínimos:23%. De 2 a 5 Salários Mínimos:11% e acima de 5 Salários Mínimos:4% Em relação à ponderação, devido à metodologia amostral adotada, os fatores de ponderação a serem aplicados em toda as variáveis (sexo, idade, grau de instrução e renda), assumem valor igual a 1(um). Área física: Estado de Minas Gerais-MG em domicílios particulares permanentemente ocupados e sorteados de maneira aleatória simples sem reposição. Margem de Erro: A margem de erro máxima prevista para o total da amostra é de 2.5 pontos percentuais para mais ou para menos, considerando um nível de confiança de 95%. Os intervalos de confiança serão calculados considerando os resultados obtidos para um nível de confiança de 95%.  ";"Os pesquisadores envolvidos na realização desta pesquisa recebem treinamento especializado e instruções específicas de abordagem. O trabalho é feito com a equipe e dois coordenadores de campo. Há fiscalização no ato da entrevista. As entrevistas são feitas por pessoas treinadas e capacitadas para este serviço, acostumadas com este trabalho e são totalmente imparciais, como exige a empresa. Toda a coleta é feita através de aparelhos eletrônicos (tablets) e monitoradas ao vivo. Após os trabalhos de campo, os questionários são submetidos a uma fiscalização que consiste em checagem por telefone para verificação das respostas.  A partir de então, as análises Estatísticas e estratificações podem ser realizadas.   ";"1. Campo das Vertentes, 43 entrevistas.  2. Central Mineira, 32 entrevistas.  3. Jequitinhonha, 54 entrevistas.  4. Metropolitana de Belo Horizonte, 491 entrevistas.  5. Noroeste de Minas, 29 entrevistas.  6. Norte de Minas, 126 entrevistas.  7. Oeste de Minas, 75 entrevistas.  8. Sul e Sudoeste de Minas, 191 entrevistas.  9. Triângulo Mineiro e Alto Paranaíba, 170 entrevistas.  10. Vale do Mucuri, 30 entrevistas.  11. Vale do Rio Doce, 126 entrevistas.  12. Zona da Mata, 170 entrevistas."
"24/08/2022";"00:10:36";"2018";"5";"Eleições Gerais 2018";"MG";"MG";"MINAS GERAIS";"MG081892018";"31/08/2018";"07630546000175";"DATAFOLHA INSTITUTO DE PESQUISAS LTDA.";"#NULO#";"Governador, Senador";"04/09/2018";"06/09/2018";"1288";"72.49A";"Renata Nunes César";"275854,00";"27865757000102";"GLOBO COMUNICACAO E PARTICIPACOES S/A / GCP,TV GLOBO, REDE GLOBO, GLOBO.COM, SOM LIVRE";"Recursos Próprios";"07630546000175";"DATAFOLHA INSTITUTO DE PESQUISAS LTDA.";"Pesquisa do tipo quantitativo, por amostragem, com aplicação de questionário estruturado e abordagem pessoal em pontos de fluxo populacional. O conjunto do eleitorado do Estado de Minas Gerais com 16 anos ou mais foi tomado como universo da pesquisa.";"Universo: Eleitorado do Estado de Minas Gerais, com 16 anos ou mais. Tamanho da amostra: A amostra prevista é de 1288 entrevistas. Técnica de amostragem: A amostra é estratificada por natureza dos municípios (capital, região metropolitana ou interior). Em cada estrato, num primeiro estágio, são sorteados os municípios que farão parte do levantamento. Num segundo estágio, são sorteados os bairros e pontos de abordagem onde serão aplicadas as entrevistas.  Por fim, os entrevistados são selecionados aleatoriamente para responder ao questionário, de acordo com cotas de sexo e faixa etária. Nesta amostra, o estrato referente à capital foi desproporcionalizado para permitir detalhamento. Nos resultados finais, as corretas proporções serão restabelecidas através de ponderação. A amostra prevista é de 1288 questionários, sendo 406 na capital. Os dados utilizados para definição e seleção da amostra são baseados nos dados fornecidos pelo TSE ¿ Tribunal Superior Eleitoral (eleitorado de junho 2018) e IBGE (Estimativa 2018). Os dados relativos a sexo e faixa etária são: Sexo masculino 48%, feminino: 52%, 16 a 24 anos 14%, 25 a 34 anos 20%, 35 a 44 anos 20%, 45 a 59 anos 25% e 60 anos ou mais 21%. Ponderação dos resultados: No processamento dos dados é realizada ponderação referente à proporção de cada cidade na amostra para correta representação das regiões. Está prevista a eventual ponderação para correção nos tamanhos dos segmentos considerando as variáveis sexo e faixa etária. Para as variáveis grau de instrução e nível econômico do entrevistado (renda familiar mensal), o fator previsto para ponderação é 1 (resultados obtidos em campo).   Área física: Serão realizadas entrevistas em 61 municípios, localizados no Estado de Minas Gerais. A relação completa dos municípios e bairros pesquisados será encaminhada a esse tribunal posteriormente até o sétimo dia seguinte à data de registro da pesquisa, conforme a Resolução 23.549/2017 do TSE, no art.2º §6º. Margem de Erro: A margem de erro máxima prevista é de 3 pontos percentuais para mais ou para menos, considerando um nível de confiança de 95%. Os intervalos de confiança serão calculados considerando os resultados obtidos para um nível de confiança de 95%.  ";"Os pesquisadores envolvidos na realização desta pesquisa são treinados pelo Instituto e recebem instruções específicas para cada projeto realizado. A coleta será feita com a utilização de tablet e questionário eletrônico. São checados, no mínimo, 30% dos questionários de cada pesquisador, seja in loco por supervisores de campo ou, posteriormente, por telefone. Internamente, todo o material é verificado e codificado. Antes do processamento final e emissão dos resultados, realiza-se processo de consistência dos dados.";"#NULO#"
"24/08/2022";"00:10:36";"2018";"5";"Eleições Gerais 2018";"MG";"MG";"MINAS GERAIS";"MG081892018";"31/08/2018";"07630546000175";"DATAFOLHA INSTITUTO DE PESQUISAS LTDA.";"#NULO#";"Governador, Senador";"04/09/2018";"06/09/2018";"1288";"72.49A";"Renata Nunes César";"275854,00";"60579703000148";"EMPRESA FOLHA DA MANHA S.A.";"Recursos Próprios";"07630546000175";"DATAFOLHA INSTITUTO DE PESQUISAS LTDA.";"Pesquisa do tipo quantitativo, por amostragem, com aplicação de questionário estruturado e abordagem pessoal em pontos de fluxo populacional. O conjunto do eleitorado do Estado de Minas Gerais com 16 anos ou mais foi tomado como universo da pesquisa.";"Universo: Eleitorado do Estado de Minas Gerais, com 16 anos ou mais. Tamanho da amostra: A amostra prevista é de 1288 entrevistas. Técnica de amostragem: A amostra é estratificada por natureza dos municípios (capital, região metropolitana ou interior). Em cada estrato, num primeiro estágio, são sorteados os municípios que farão parte do levantamento. Num segundo estágio, são sorteados os bairros e pontos de abordagem onde serão aplicadas as entrevistas.  Por fim, os entrevistados são selecionados aleatoriamente para responder ao questionário, de acordo com cotas de sexo e faixa etária. Nesta amostra, o estrato referente à capital foi desproporcionalizado para permitir detalhamento. Nos resultados finais, as corretas proporções serão restabelecidas através de ponderação. A amostra prevista é de 1288 questionários, sendo 406 na capital. Os dados utilizados para definição e seleção da amostra são baseados nos dados fornecidos pelo TSE ¿ Tribunal Superior Eleitoral (eleitorado de junho 2018) e IBGE (Estimativa 2018). Os dados relativos a sexo e faixa etária são: Sexo masculino 48%, feminino: 52%, 16 a 24 anos 14%, 25 a 34 anos 20%, 35 a 44 anos 20%, 45 a 59 anos 25% e 60 anos ou mais 21%. Ponderação dos resultados: No processamento dos dados é realizada ponderação referente à proporção de cada cidade na amostra para correta representação das regiões. Está prevista a eventual ponderação para correção nos tamanhos dos segmentos considerando as variáveis sexo e faixa etária. Para as variáveis grau de instrução e nível econômico do entrevistado (renda familiar mensal), o fator previsto para ponderação é 1 (resultados obtidos em campo).   Área física: Serão realizadas entrevistas em 61 municípios, localizados no Estado de Minas Gerais. A relação completa dos municípios e bairros pesquisados será encaminhada a esse tribunal posteriormente até o sétimo dia seguinte à data de registro da pesquisa, conforme a Resolução 23.549/2017 do TSE, no art.2º §6º. Margem de Erro: A margem de erro máxima prevista é de 3 pontos percentuais para mais ou para menos, considerando um nível de confiança de 95%. Os intervalos de confiança serão calculados considerando os resultados obtidos para um nível de confiança de 95%.  ";"Os pesquisadores envolvidos na realização desta pesquisa são treinados pelo Instituto e recebem instruções específicas para cada projeto realizado. A coleta será feita com a utilização de tablet e questionário eletrônico. São checados, no mínimo, 30% dos questionários de cada pesquisador, seja in loco por supervisores de campo ou, posteriormente, por telefone. Internamente, todo o material é verificado e codificado. Antes do processamento final e emissão dos resultados, realiza-se processo de consistência dos dados.";"#NULO#"
"24/08/2022";"00:10:36";"2018";"5";"Eleições Gerais 2018";"MG";"MG";"MINAS GERAIS";"MG086032018";"19/06/2018";"29550908000150";"PODERDATA PESQUISA, JORNALISMO E COMUNICACAO LTDA";"PODERDATA";"Senador, Governador";"20/06/2018";"25/06/2018";"4000";"10507";"Anderson Silva de Macêdo";"78900,00";"29550908000150";"PODERDATA PESQUISA, JORNALISMO E COMUNICACAO LTDA";"#NULO#";"29550908000150";"PODERDATA PESQUISA, JORNALISMO E COMUNICACAO LTDA";"Pesquisa quantitativa por amostragem. Aplicação de questionário estruturado por meio de ligações automatizadas para telefones fixos e celulares. O universo da pesquisa é o conjunto de eleitoras e eleitores com 16 anos ou mais residentes em Minas Gerais.";"Universo: eleitoras e eleitores residentes em Minas Gerais com 16 anos de idade ou mais. Tamanho da amostra: 4.000 entrevistas. Técnica de amostragem: amostra aleatória simples a partir de banco de dados de números telefônicos fixos e celulares do Estado de Minas Gerais. A amostra é estratificada por região do Estado com base no CEP associado a cada número telefônico. Na apresentação final do resultado da pesquisa os dados serão normalizados para os parâmetros populacionais através da técnica da ponderação. Fonte pública dos dados: IBGE e TSE. Os números relativos a sexo e faixa etária são: Masculino, 48%. Feminino, 52%. 16 a 24 anos, 14,6%. 25 a 44 anos, 40,25%. 45 a 59 anos, 24,62%. 60 anos ou mais, 20,5%. Para a distribuição por nível de instrução, os dados são: Não frequentou a escola, 15%. Ensino fundamental, 36%. Ensino médio, 38,7%. Ensino superior, 10,15%. Para o fator de nível econômico, os dados são: sem renda familiar - 1,64%. prefere não responder - 0,82%. até 2 salários mínimos por mês - 38,87%. de 2 a 5 salários mínimos por mês - 39,61%. de 5 a 10 salários mínimos por mês - 13,07%. mais de 10 salários mínimos por mês - 6 %. Serão realizadas entrevistas com residentes em Minas Gerais. A margem de erro máxima prevista é de 2 pontos percentuais para mais ou para menos, considerando um nível de confiança de 95%. Os intervalos de confiança serão calculados considerando os resultados obtidos para um nível de confiança de 95%.  ";"A verificação e conferência é realizada maneira automática pelo sistema de pesquisa, que telefona novamente para cerca de 20% dos respondentes que completaram o formulário.";"A abrangência da pesquisa é o Estado de Minas Gerais. A relação de municípios pesquisados será anexada posteriormente."
"24/08/2022";"00:10:36";"2018";"5";"Eleições Gerais 2018";"MG";"MG";"MINAS GERAIS";"MG086142018";"12/09/2018";"19090489000168";"MDA-PESQUISA DE OPINIAO PUBLICA E CONSULT. ESTATIST. LTDA - EPP";"#NULO#";"Governador, Deputado Estadual, Deputado Federal, Senador";"15/09/2018";"17/09/2018";"400";"Série A No. 8109";"Marcelo Costa Souza";"13600,00";"14340445649";"CLEBER MUCIO MORAIS";"Recursos Próprios";"19090489000168";"MDA-PESQUISA DE OPINIAO PUBLICA E CONSULT. ESTATIST. LTDA - EPP";"Será adotada a metodologia quantitativa do tipo ¿survey¿, com entrevistas pessoais, do tipo face-a-face por meio da utilização de questionário estruturado, sendo o universo representado pelos eleitores do município de Conselheiro Lafaiete/MG.";"O Universo desta pesquisa compreende os eleitores de Conselheiro Lafaiete com idade a partir de 16 anos, residentes em todos os bairros/regiões do município. O plano amostral foi delineado a partir de informações disponibilizadas pelo TSE (2018).  Para o conjunto da amostra, os tamanhos são: 6,6% de homens com 16 a 24 anos, 10,2% para homens com 25 a 34 anos, 9,6% para homens com 35 a 44 anos, 11,7% para homens com 45 a 59 anos e 9,2% para homens com 60 anos ou mais. 6,8% para mulheres com 16 a 24 anos, 10,4% para mulheres com 25 a 34 anos, 10,2% para mulheres com 35 a 44 anos, 13,4% para mulheres com 45 a 59 anos e 12,0% para mulheres com 60 anos ou mais. As informações sobre nível econômico e escolaridade serão levantadas na própria pesquisa, tendo como controles a dispersão das entrevistas e seleção aleatória de setores censitários e/ou bairros. A ponderação prevista para estas variáveis é igual a 1.  Está prevista a realização de 400 entrevistas, o que fornece um erro amostral para o resultado total de no máximo 4,9 pontos percentuais considerando grau de confiança de 95%. Os intervalos de confiança serão calculados com base nos percentuais obtidos e com grau de confiança de 95%.  A relação completa dos bairros/regiões pesquisados será encaminhada a esse tribunal após a publicação dos resultados.  ";"Os pesquisadores são treinados especificamente para este projeto, com simulação de entrevistas e discussão de todas as questões. O trabalho de campo é fiscalizado pelo Coordenador da Equipe, especialmente treinado para esta tarefa.  As entrevistas são realizadas utilizando tablets e questionário eletrônico. Do total dos questionários preenchidos, parte será sorteada de forma aleatória para conferência, via telefone, através de novo contato com o entrevistado, garantindo um mínimo de vinte por cento de checagem. Todas as entrevistas passam por checagem de consistência e os procedimentos acima são realizados por profissionais especializados e com vasta experiência na condução de pesquisas de opinião.  ";"Os dados referentes aos municípios e bairros abrangidos pela pesquisa serão informados a este tribunal dentro dos prazos estabelecidos pela legislação."
"24/08/2022";"00:10:36";"2018";"5";"Eleições Gerais 2018";"MG";"MG";"MINAS GERAIS";"MG087932018";"26/09/2018";"29842579000111";"REAL TIME BIG DATA GESTAO DE DADOS LTDA.";"REAL TIME BIG DATA";"Senador, Governador";"01/10/2018";"02/10/2018";"2500";"7655";"Augusto da Silva Rocha";"30000,00";"29842579000111";"REAL TIME BIG DATA GESTAO DE DADOS LTDA.";"#NULO#";"29842579000111";"REAL TIME BIG DATA GESTAO DE DADOS LTDA.";"Pesquisa quantitativa com a aplicação de questionário estruturado junto a uma amostra, representativa do eleitorado em estudo.";"O nível de confiança estimado é de 95% para uma margem de erro máxima estimada, considerando uma técnica de amostragem aleatória simples, de aproximadamente 2 pontos percentuais para mais ou para menos sobre os resultados obtidos. Divisão Censitária. Ponderação quanto ao sexo e faixa etária: Masculino de 16 a 24 anos (7,1%), Masculino de 25 a 34 anos (10,0%), Masculino de 35 a 44 anos (9,7%), Masculino de 45 a 59 anos (11,8%) e Masculino acima de 59 anos (9,4%). Feminino de 16 a 24 anos (7,4%), Feminino de 25 a 34 anos (10,4%), Feminino de 35 a 44 anos (10,3%), Feminino de 45 a 59 anos (12,8%) e Feminino acima de 59 anos (11,2%). Ponderação quanto ao nível de instrução: 34,4% de Analfabeto / Fundamental Incompleto, 16,6% de Lê e escreve / Fundamental Completo, 38,8% de Médio Incompleto / Médio Completo e 10,2% de Superior Incompleto / Superior Completo. Ponderação quanto a renda: Economicamente Ativo: 66%. Não Economicamente Ativo: 34% Está prevista eventual ponderação para correção das variáveis sexo, faixa etária e escolaridade, com base nos percentuais acima apresentados, caso ocorram diferenças superiores a 3,0 pontos percentuais entre o previsto na amostra e a coleta realizada. Para as variáveis: Nível Econômico e Renda Familiar Mensal, o fator de ponderação é igual a 1 (resultados obtidos no campo). Fonte de Dados: IBGE e TSE 2018.";"Checagem de cerca de 20% da amostra efetuada pelos supervisores. Todos os entrevistadores foram amplamente treinados e orientados tanto teoricamente quanto praticamente sobre suas responsabilidade e funções, respeitando as cotas pré-estabelecidas. A equipe está dividida em coordenadoria-geral /coordenadoria regional / supervisores / entrevistadores.";"Em anexo."
"24/08/2022";"00:10:36";"2018";"5";"Eleições Gerais 2018";"MG";"MG";"MINAS GERAIS";"MG088222018";"22/09/2018";"05394365000161";"DATAMG INSTITUTO DE PESQUISAS LTDA";"DATA FATO";"Deputado Distrital, Deputado Federal, Senador, Deputado Estadual, Governador";"26/09/2018";"28/09/2018";"400";"8782";"Neander Ferreira Almeida";"8000,00";"05394365000161";"DATAMG INSTITUTO DE PESQUISAS LTDA";"#NULO#";"05394365000161";"DATAMG INSTITUTO DE PESQUISAS LTDA";"Pesquisa quantitativa com entrevistas pessoais e individuais, com questionário padronizado, nos municípios de Itabira /MG distribuídos conforme o último censo realizado pelo IBGE e dados do TSE - 2018. Pesquisa de Campo - Survey - Descritiva. Amostra: probabilística, estratificada, seleção aleatória sistemática";"400 Entrevistados . Margem de Erro : 4,9%. Intervalo de Confiança : 95%. Gênero: Masculino (47%), Feminino (53%). Faixas etárias:   16 a 24 anos (13%), 25 a 34 anos (21%), 35 a 44 anos (21%), 45 a 59 anos (25%), Acima de 60 anos (20%). Escolaridade: analfabeto e primário(10%).   fundamental completo e incompleto (39%). médio completo e incompleto (44%). Superior completo e incompleto(7%). TSE, julho (2018).";"Os entrevistadores foram acompanhados no campo por supervisor qualificado, responsável pelo acompanhamento e verificação do trabalho   de campo. Todos os questionários preenchidos foram verificados inicialmente por análise de bancada para verificação   da consistência das informações coletadas. A checagem por telefone ocorreu em 15% dos questionários aplicados,   selecionados de forma aleatória sistemática, visando garantir a qualidade e precisão dos dados coletados.  ";"Região: Bela Vista(Um). Região Praia (Dois). Região Centro (Três). Região Amazonas(Quatro). Região Gabiroba(Cinco). Região Fênix(Seis). Região Pedreira(Sete) e Região Distritos(Oito)"
"24/08/2022";"00:10:36";"2018";"5";"Eleições Gerais 2018";"MG";"MG";"MINAS GERAIS";"MG089402018";"29/09/2018";"07630546000175";"DATAFOLHA INSTITUTO DE PESQUISAS LTDA.";"#NULO#";"Governador, Senador";"05/10/2018";"06/10/2018";"2600";"72.49A";"Renata Nunes César";"417960,00";"27865757000102";"GLOBO COMUNICACAO E PARTICIPACOES S/A / GCP,TV GLOBO, REDE GLOBO, GLOBO.COM, SOM LIVRE";"Recursos Próprios";"07630546000175";"DATAFOLHA INSTITUTO DE PESQUISAS LTDA.";"Pesquisa do tipo quantitativo, por amostragem, com aplicação de questionário estruturado e abordagem pessoal em pontos de fluxo populacional. O conjunto do eleitorado do Estado de Minas Gerais com 16 anos ou mais foi tomado como universo da pesquisa";"Universo: Eleitorado do Estado de Minas Gerais, com 16 anos ou mais. Tamanho da amostra: A amostra prevista é de 2.600 entrevistas. Técnica de amostragem: A amostra é estratificada por natureza dos municípios (capital, região metropolitana ou interior). Em cada estrato, num primeiro estágio, são sorteados os municípios que farão parte do levantamento. Num segundo estágio, são sorteados os bairros e pontos de abordagem onde serão aplicadas as entrevistas.  Por fim, os entrevistados são selecionados aleatoriamente para responder ao questionário, de acordo com cotas de sexo e faixa etária. Nesta amostra, o estrato referente à capital foi desproporcionalizado para permitir detalhamento. Nos resultados finais, as corretas proporções serão restabelecidas através de ponderação. A amostra prevista é de 2.600 questionários, sendo 650 na capital. Os dados utilizados para definição e seleção da amostra são baseados nos dados fornecidos pelo TSE ¿ Tribunal Superior Eleitoral (eleitorado de agosto 2018) e IBGE (Estimativa 2018). Os dados relativos a sexo e faixa etária são: Sexo masculino 48%, feminino: 52%, 16 a 24 anos 14%, 25 a 34 anos 20%, 35 a 44 anos 20%, 45 a 59 anos 25% e 60 anos ou mais 21%. Ponderação dos resultados: No processamento dos dados é realizada ponderação referente à proporção de cada cidade na amostra para correta representação das regiões. Está prevista a eventual ponderação para correção nos tamanhos dos segmentos considerando as variáveis sexo e faixa etária. Para as variáveis grau de instrução e nível econômico do entrevistado (renda familiar mensal), o fator previsto para ponderação é 1 (resultados obtidos em campo).   Área física: Serão realizadas entrevistas em 73 municípios, localizados no Estado de Minas Gerais. A relação completa dos municípios e bairros pesquisados será encaminhada a esse tribunal posteriormente até o sétimo dia seguinte à data de registro da pesquisa, conforme a Resolução 23.549/2017 do TSE, no art.2º §6º. Margem de Erro: A margem de erro máxima prevista é de 2 pontos percentuais para mais ou para menos, considerando um nível de confiança de 95%. Os intervalos de confiança serão calculados considerando os resultados obtidos para um nível de confiança de 95%.  ";"Os pesquisadores envolvidos na realização desta pesquisa são treinados pelo Instituto e recebem instruções específicas para cada projeto realizado. A coleta será feita com a utilização de tablet e questionário eletrônico. São checados, no mínimo, 30% dos questionários de cada pesquisador, seja in loco por supervisores de campo ou, posteriormente, por telefone. Internamente, todo o material é verificado e codificado. Antes do processamento final e emissão dos resultados, realiza-se processo de consistência dos dados.";"#NULO#"
"24/08/2022";"00:10:36";"2018";"5";"Eleições Gerais 2018";"MG";"MG";"MINAS GERAIS";"MG089402018";"29/09/2018";"07630546000175";"DATAFOLHA INSTITUTO DE PESQUISAS LTDA.";"#NULO#";"Governador, Senador";"05/10/2018";"06/10/2018";"2600";"72.49A";"Renata Nunes César";"417960,00";"60579703000148";"EMPRESA FOLHA DA MANHA S.A.";"Recursos Próprios";"07630546000175";"DATAFOLHA INSTITUTO DE PESQUISAS LTDA.";"Pesquisa do tipo quantitativo, por amostragem, com aplicação de questionário estruturado e abordagem pessoal em pontos de fluxo populacional. O conjunto do eleitorado do Estado de Minas Gerais com 16 anos ou mais foi tomado como universo da pesquisa";"Universo: Eleitorado do Estado de Minas Gerais, com 16 anos ou mais. Tamanho da amostra: A amostra prevista é de 2.600 entrevistas. Técnica de amostragem: A amostra é estratificada por natureza dos municípios (capital, região metropolitana ou interior). Em cada estrato, num primeiro estágio, são sorteados os municípios que farão parte do levantamento. Num segundo estágio, são sorteados os bairros e pontos de abordagem onde serão aplicadas as entrevistas.  Por fim, os entrevistados são selecionados aleatoriamente para responder ao questionário, de acordo com cotas de sexo e faixa etária. Nesta amostra, o estrato referente à capital foi desproporcionalizado para permitir detalhamento. Nos resultados finais, as corretas proporções serão restabelecidas através de ponderação. A amostra prevista é de 2.600 questionários, sendo 650 na capital. Os dados utilizados para definição e seleção da amostra são baseados nos dados fornecidos pelo TSE ¿ Tribunal Superior Eleitoral (eleitorado de agosto 2018) e IBGE (Estimativa 2018). Os dados relativos a sexo e faixa etária são: Sexo masculino 48%, feminino: 52%, 16 a 24 anos 14%, 25 a 34 anos 20%, 35 a 44 anos 20%, 45 a 59 anos 25% e 60 anos ou mais 21%. Ponderação dos resultados: No processamento dos dados é realizada ponderação referente à proporção de cada cidade na amostra para correta representação das regiões. Está prevista a eventual ponderação para correção nos tamanhos dos segmentos considerando as variáveis sexo e faixa etária. Para as variáveis grau de instrução e nível econômico do entrevistado (renda familiar mensal), o fator previsto para ponderação é 1 (resultados obtidos em campo).   Área física: Serão realizadas entrevistas em 73 municípios, localizados no Estado de Minas Gerais. A relação completa dos municípios e bairros pesquisados será encaminhada a esse tribunal posteriormente até o sétimo dia seguinte à data de registro da pesquisa, conforme a Resolução 23.549/2017 do TSE, no art.2º §6º. Margem de Erro: A margem de erro máxima prevista é de 2 pontos percentuais para mais ou para menos, considerando um nível de confiança de 95%. Os intervalos de confiança serão calculados considerando os resultados obtidos para um nível de confiança de 95%.  ";"Os pesquisadores envolvidos na realização desta pesquisa são treinados pelo Instituto e recebem instruções específicas para cada projeto realizado. A coleta será feita com a utilização de tablet e questionário eletrônico. São checados, no mínimo, 30% dos questionários de cada pesquisador, seja in loco por supervisores de campo ou, posteriormente, por telefone. Internamente, todo o material é verificado e codificado. Antes do processamento final e emissão dos resultados, realiza-se processo de consistência dos dados.";"#NULO#"
"24/08/2022";"00:10:36";"2018";"5";"Eleições Gerais 2018";"MG";"MG";"MINAS GERAIS";"MG094972018";"18/05/2018";"81908345000140";"INSTITUTO PARANA DE PESQUISAS E ANALISE DE CONSUMIDOR LTDA";"#NULO#";"Governador, Senador";"18/05/2018";"23/05/2018";"1850";"10245";"Tatiani Cristina Ara";"40000,00";"81908345000140";"INSTITUTO PARANA DE PESQUISAS E ANALISE DE CONSUMIDOR LTDA";"#NULO#";"81908345000140";"INSTITUTO PARANA DE PESQUISAS E ANALISE DE CONSUMIDOR LTDA";"Pesquisa com metodologia quantitativa, com a realização de entrevistas utilizando questionário estruturado junto a uma amostra representativa do eleitorado do Estado de Minas Gerais.";"A amostra será representativa dos moradores das áreas pesquisadas e será selecionada em três etapas. Na primeira etapa realiza-se um sorteio probabilístico dos municípios onde as entrevistas serão realizadas através do método PPT (Probabilidade Proporcional ao Tamanho), considerando a população eleitora com 16 anos ou mais residente nos municípios como base para essa seleção. Na segunda etapa, faz-se um sorteio probabilístico dos setores censitários, onde as entrevistas serão realizadas, através do método PPT (Probabilidade Proporcional ao Tamanho), tomando a população eleitora de 16 anos ou mais residente nos setores como base para essa seleção. Na terceira etapa, a seleção do entrevistado dentro do setor censitário, será feita utilizando-se quotas amostrais proporcionais, em função das seguintes variáveis:  SEXO:  Masculino - 48%.  Feminino - 52% |  FAIXA ETÁRIA:  Entre 16 e 24 anos: 14%.  Entre 25 e 34 anos: 20%.  Entre 35 e 44 anos: 20%.  Entre 45 e 59 anos: 25%.  Com 60 anos ou mais: 21% |  ESCOLARIDADE:  Até Ensino Médio: 75%.  Ensino Superior: 25% |  NÍVEL ECONÔMICO:  Economicamente Ativo: 66%.  Não Economicamente Ativo: 34%.  Está prevista eventual ponderação para correção das variáveis sexo, faixa etária e escolaridade, com base nos percentuais acima apresentados, caso ocorram diferenças superiores a 3,0 (três) pontos percentuais entre o previsto na amostra e a coleta realizada. Para as variáveis: Nível Econômico e Renda Familiar Mensal, o fator de ponderação é igual a 1, (resultados obtidos no campo). O nível de confiança estimado é de 95% (noventa e cinco por cento) para uma margem de erro máxima estimada, considerando uma técnica de amostragem aleatória simples, de 2,5 (dois vírgula cinco) pontos percentuais para mais ou para menos sobre os resultados obtidos. Fonte de Dados: IBGE e TSE 2018.";"As entrevistas serão realizadas por uma equipe de entrevistadores e supervisores devidamente qualificada pelo Instituto Paraná Pesquisas, com experiência e treinamento em pesquisas de opinião pública. No decorrer do trabalho de coleta de dados, os questionários aplicados serão auditados em aproximadamente 20% (vinte por cento) para verificação quanto ao cuidado na sua aplicação, bem como a adequação do entrevistado às variáveis das quotas amostrais.";"Conforme parágrafo 6º, do art 2º da Resolução TSE nº 23.549/2017,  Até o 7º dia ao registro da pesquisa, será ele (o registro da pesquisa) complementado com dados relativos aos municípios e bairros abrangidos. na ausência de delimitação do bairro, será identificada a área em que foi realizada .   A área de abrangência da coleta de dados é o Estado de Minas Gerais e a relação dos municípios e bairros selecionados para compor a amostra será apresentado até o 7º dia seguinte ao registro da pesquisa, conforme expresso no artigo supracitado."
"24/08/2022";"00:10:36";"2018";"5";"Eleições Gerais 2018";"MG";"MG";"MINAS GERAIS";"MG095082018";"11/09/2018";"68802370000186";"IBOPE INTELIGENCIA PESQUISA E CONSULTORIA LTDA";"#NULO#";"Governador, Senador";"11/09/2018";"17/09/2018";"1512";"6208-A";"Márcia Cavallari Nunes";"113229,98";"27865757000102";"GLOBO COMUNICACAO E PARTICIPACOES S/A / GCP,TV GLOBO, REDE GLOBO, GLOBO.COM, SOM LIVRE";"Recursos Próprios";"68802370000186";"IBOPE INTELIGENCIA PESQUISA E CONSULTORIA LTDA";"Pesquisa quantitativa, que consiste na realização de entrevistas pessoais, com a aplicação de questionário estruturado junto a uma amostra representativa do eleitorado em estudo. Pesquisa realizada no estado de Minas Gerais.";"Representativo do eleitorado da área em estudo, elaborada em três estágios. No primeiro estágio faz-se um sorteio probabilístico dos municípios, onde as entrevistas serão realizadas, pelo método PPT (Probabilidade Proporcional ao Tamanho), tomando o eleitorado como base para tal seleção. No segundo estágio faz-se um sorteio probabilístico dos setores censitários, onde as entrevistas serão realizadas, pelo método PPT (Probabilidade Proporcional ao Tamanho), tomando a população de 16 anos ou mais residente nos setores como base para tal seleção. No terceiro e último estágio, dentro dos setores sorteados, os respondentes são selecionados através de quotas amostrais proporcionais em função de variáveis significativas, a saber: IDADE: 16-24 (masculino) 19% (feminino) 18%. 25-34 (masculino) 24% (feminino) 22%. 35-44 (masculino) 20% (feminino) 21%. 45-54 (masculino) 17% (feminino) 17%. 55 e+ (masculino) 20% (feminino) 22%. INSTRUÇÃO: Até Ensino Médio (masculino) 83% (feminino) 77%. Ensino Superior (masculino) 17% (feminino) 23%. NÍVEL ECONÔMICO: Economicamente ativo (masculino) 74% (feminino) 55%. Não Economicamente ativo (masculino) 26% (feminino) 45%. Está prevista eventual ponderação para correção das variáveis sexo e idade, com base nos percentuais anteriormente mencionados, caso ocorram diferenças superiores a 3 pontos percentuais entre o previsto na amostra e a coleta de dados realizada. Para as variáveis de grau de instrução e nível econômico do entrevistado, o fator previsto para ponderação é 1 (resultados obtidos em campo). O nível de confiança estimado é de 95% e a margem de erro máxima estimada considerando um modelo de amostragem aleatório simples, é de 03 (três) pontos percentuais para mais ou para menos sobre os resultados encontrados no total da amostra. FONTE DOS DADOS: Censo 2010 | PNADC 2016 | TSE 2018.";"Para a realização da pesquisa, utiliza-se uma equipe de entrevistadores e supervisores contratados pelo IBOPE INTELIGÊNCIA PESQUISA E CONSULTORIA LTDA. devidamente treinados para o trabalho. Após os trabalhos de campo, os questionários são submetidos a uma fiscalização de cerca de 20% (vinte por cento) dos questionários aplicados pelos entrevistadores. para verificação das respostas e da adequação dos entrevistados aos parâmetros amostrais.";"A área de abrangência da coleta é o estado de Minas Gerais. A relação das localidades selecionadas para aplicação da amostra será apresentada até o 7º dia seguinte ao registro da pesquisa, conforme expresso no art. 2º, §6º da Resolução 23.549/2017 do TSE."
"24/08/2022";"00:10:36";"2018";"5";"Eleições Gerais 2018";"MG";"MG";"MINAS GERAIS";"MG098582018";"16/08/2018";"07630546000175";"DATAFOLHA INSTITUTO DE PESQUISAS LTDA.";"#NULO#";"Senador, Governador";"20/08/2018";"21/08/2018";"1200";"72.49A";"Renata Nunes César";"275854,00";"27865757000102";"GLOBO COMUNICACAO E PARTICIPACOES S/A / GCP,TV GLOBO, REDE GLOBO, GLOBO.COM, SOM LIVRE";"Recursos Próprios";"07630546000175";"DATAFOLHA INSTITUTO DE PESQUISAS LTDA.";"Pesquisa do tipo quantitativo, por amostragem, com aplicação de questionário estruturado e abordagem pessoal em pontos de fluxo populacional. O conjunto do eleitorado do Estado de Minas Gerais com 16 anos ou mais foi tomado como universo da pesquisa.";"Universo: Eleitorado do Estado de Minas Gerais, com 16 anos ou mais. Tamanho da amostra: A amostra prevista é de 1200 entrevistas. Técnica de amostragem: A amostra é estratificada por natureza dos municípios (capital, região metropolitana ou interior). Em cada estrato, num primeiro estágio, são sorteados os municípios que farão parte do levantamento. Num segundo estágio, são sorteados os bairros e pontos de abordagem onde serão aplicadas as entrevistas.  Por fim, os entrevistados são selecionados aleatoriamente para responder ao questionário, de acordo com cotas de sexo e faixa etária. Nesta amostra, o estrato referente à capital foi desproporcionalizado para permitir detalhamento. Nos resultados finais, as corretas proporções serão restabelecidas através de ponderação. A amostra prevista é de 1200 questionários, sendo 400 na capital. Os dados utilizados para definição e seleção da amostra são baseados nos dados fornecidos pelo TSE ¿ Tribunal Superior Eleitoral (eleitorado de junho 2018) e IBGE (Estimativa 2017). Os dados relativos a sexo e faixa etária são: Sexo masculino 48%, feminino: 52%, 16 a 24 anos 14%, 25 a 34 anos 20%, 35 a 44 anos 20%, 45 a 59 anos 25% e 60 anos ou mais 21%. Ponderação dos resultados: No processamento dos dados é realizada ponderação referente à proporção de cada cidade na amostra para correta representação das regiões. Está prevista a eventual ponderação para correção nos tamanhos dos segmentos considerando as variáveis sexo e faixa etária. Para as variáveis grau de instrução e nível econômico do entrevistado (renda familiar mensal), o fator previsto para ponderação é 1 (resultados obtidos em campo).   Área física: Serão realizadas entrevistas em 56 municípios, localizados no Estado de Minas Gerais. A relação completa dos municípios e bairros pesquisados será encaminhada a esse tribunal posteriormente até o sétimo dia seguinte à data de registro da pesquisa, conforme a Resolução 23.549/2017 do TSE, no art.2º §6º. Margem de Erro: A margem de erro máxima prevista é de 3 pontos percentuais para mais ou para menos, considerando um nível de confiança de 95%. Os intervalos de confiança serão calculados considerando os resultados obtidos para um nível de confiança de 95%.  ";"Os pesquisadores envolvidos na realização desta pesquisa são treinados pelo Instituto e recebem instruções específicas para cada projeto realizado. A coleta será feita com a utilização de tablet e questionário eletrônico. São checados, no mínimo, 30% dos questionários de cada pesquisador, seja in loco por supervisores de campo ou, posteriormente, por telefone. Internamente, todo o material é verificado e codificado. Antes do processamento final e emissão dos resultados, realiza-se processo de consistência dos dados.";"#NULO#"
"24/08/2022";"00:10:36";"2018";"5";"Eleições Gerais 2018";"MG";"MG";"MINAS GERAIS";"MG098582018";"16/08/2018";"07630546000175";"DATAFOLHA INSTITUTO DE PESQUISAS LTDA.";"#NULO#";"Senador, Governador";"20/08/2018";"21/08/2018";"1200";"72.49A";"Renata Nunes César";"275854,00";"60579703000148";"EMPRESA FOLHA DA MANHA S.A.";"Recursos Próprios";"07630546000175";"DATAFOLHA INSTITUTO DE PESQUISAS LTDA.";"Pesquisa do tipo quantitativo, por amostragem, com aplicação de questionário estruturado e abordagem pessoal em pontos de fluxo populacional. O conjunto do eleitorado do Estado de Minas Gerais com 16 anos ou mais foi tomado como universo da pesquisa.";"Universo: Eleitorado do Estado de Minas Gerais, com 16 anos ou mais. Tamanho da amostra: A amostra prevista é de 1200 entrevistas. Técnica de amostragem: A amostra é estratificada por natureza dos municípios (capital, região metropolitana ou interior). Em cada estrato, num primeiro estágio, são sorteados os municípios que farão parte do levantamento. Num segundo estágio, são sorteados os bairros e pontos de abordagem onde serão aplicadas as entrevistas.  Por fim, os entrevistados são selecionados aleatoriamente para responder ao questionário, de acordo com cotas de sexo e faixa etária. Nesta amostra, o estrato referente à capital foi desproporcionalizado para permitir detalhamento. Nos resultados finais, as corretas proporções serão restabelecidas através de ponderação. A amostra prevista é de 1200 questionários, sendo 400 na capital. Os dados utilizados para definição e seleção da amostra são baseados nos dados fornecidos pelo TSE ¿ Tribunal Superior Eleitoral (eleitorado de junho 2018) e IBGE (Estimativa 2017). Os dados relativos a sexo e faixa etária são: Sexo masculino 48%, feminino: 52%, 16 a 24 anos 14%, 25 a 34 anos 20%, 35 a 44 anos 20%, 45 a 59 anos 25% e 60 anos ou mais 21%. Ponderação dos resultados: No processamento dos dados é realizada ponderação referente à proporção de cada cidade na amostra para correta representação das regiões. Está prevista a eventual ponderação para correção nos tamanhos dos segmentos considerando as variáveis sexo e faixa etária. Para as variáveis grau de instrução e nível econômico do entrevistado (renda familiar mensal), o fator previsto para ponderação é 1 (resultados obtidos em campo).   Área física: Serão realizadas entrevistas em 56 municípios, localizados no Estado de Minas Gerais. A relação completa dos municípios e bairros pesquisados será encaminhada a esse tribunal posteriormente até o sétimo dia seguinte à data de registro da pesquisa, conforme a Resolução 23.549/2017 do TSE, no art.2º §6º. Margem de Erro: A margem de erro máxima prevista é de 3 pontos percentuais para mais ou para menos, considerando um nível de confiança de 95%. Os intervalos de confiança serão calculados considerando os resultados obtidos para um nível de confiança de 95%.  ";"Os pesquisadores envolvidos na realização desta pesquisa são treinados pelo Instituto e recebem instruções específicas para cada projeto realizado. A coleta será feita com a utilização de tablet e questionário eletrônico. São checados, no mínimo, 30% dos questionários de cada pesquisador, seja in loco por supervisores de campo ou, posteriormente, por telefone. Internamente, todo o material é verificado e codificado. Antes do processamento final e emissão dos resultados, realiza-se processo de consistência dos dados.";"#NULO#"
