"DT_GERACAO";"HH_GERACAO";"AA_ELEICAO";"CD_ELEICAO";"NM_ELEICAO";"SG_UF";"SG_UE";"NM_UE";"NR_PROTOCOLO_REGISTRO";"DT_REGISTRO";"NR_CNPJ_EMPRESA";"NM_EMPRESA";"NM_EMPRESA_FANTASIA";"DS_CARGOS";"DT_INICIO_PESQUISA";"DT_FIM_PESQUISA";"QT_ENTREVISTADOS";"CD_CONRE";"NM_ESTATISTICO_RESP";"VR_PESQUISA";"NR_CPF_CNPJ_CONTRATANTE";"NM_CONTRATANTE";"DS_ORIGEM_RECURSO";"NR_CPF_CNPJ_PAGANTE";"NM_PAGANTE_PESQUISA";"DS_METODOLOGIA_PESQUISA";"DS_PLANO_AMOSTRAL";"DS_SISTEMA_CONTROLE";"DS_DADO_MUNICIPIO"
"24/08/2022";"00:10:36";"2018";"5";"Eleições Gerais 2018";"AM";"AM";"AMAZONAS";"AM001092018";"16/10/2018";"04816658000127";"EDITORA ANA CASSIA S.A.";"REDE DIARIO DE COMUNICACAO";"Governador";"17/10/2018";"21/10/2018";"1200";"8339";"ROBERIO REBOUCAS DA SILVA";"17437,90";"04816658000127";"EDITORA ANA CASSIA S.A.";"#NULO#";"04816658000127";"EDITORA ANA CASSIA S.A.";"Pesquisa quantitativa, por amostragem, com aplicação de questionário estruturado e abordagem pessoal em domicílios, na cidade de Manaus e em 11 (onze) municípios do interior do estado do Amazonas, selecionados por representarem com maior fidedignidade o eleitorado interiorano, em suas características sociais, culturais, demográficas e geográficas. O universo da pesquisa é o conjunto de eleitores do Estado do Amazonas, com 16 anos ou mais.   O levantamento será domiciliar, sendo entrevistado um único eleitor por domicílio. Os eleitores serão escolhidos através de sorteio, observada a estratificação realizada por zonas eleitorais e as quotas amostrais de sexo, idade e escolaridade, tendo todos iguais chances de fazer parte da amostra. Somente serão entrevistados eleitores que votem em local de votação localizado em bairro pertencente à zona eleitoral que se busca entrevistar e que estejam aptos a votar nas eleições de 2018, com sua situação devidamente regularizada junto à Justiça Eleitoral.    O método de seleção amostral a ser utilizado será a amostragem aleatória estratificada para proporções. Realiza-se, a priori, uma estratificação por zonas eleitorais. Uma vez definida a quantia de entrevistas a serem realizadas junto a cada zona eleitoral, realiza-se uma nova estratificação dentro de cada zona eleitoral, no escopo de se definir o quantitativo de entrevistas a serem realizadas em cada um dos bairros que compõem aquela zona eleitoral.  ";"O universo da pesquisa foi definido como o eleitorado do Estado do Amazonas. A amostra é composta por 1.200 (mil e duzentas) entrevistas, sendo 800 (oitocentas) na capital do Estado (Manaus) e 400 (quatrocentas) no interior, distribuídas da seguinte forma: Borba - 18 entrevistas. Coari ¿ 44 entrevistas. Humaitá ¿ 25 entrevistas. Iranduba ¿ 27 entrevistas.  Itacoatiara ¿ 58 entrevistas. Manacapuru ¿ 58 entrevistas. Parintins ¿ 60 entrevistas. Presidente Figueiredo ¿ 20 entrevistas. Tabatinga ¿ 29 entrevistas. Tefé ¿ 36 entrevistas. São Gabriel da Cachoeira ¿ 25 entrevistas.    A seleção dos entrevistados observará, ainda, as seguintes quotas-amostrais (sexo, idade e escolaridade) dimensionadas a partir das informações disponibilizadas pelo TSE (repositório de dados eleitorais):  Manaus ¿ 800 entrevistas - Gênero: Feminino (422) e Masculino (378) ¿ Escolaridade: Ensino Superior Completo (105), Ensino Superior Incompleto (79), Ensino Médio Completo (296), Ensino Médio Incompleto (112), Ensino Fundamental Completo (43), Ensino Fundamental Incompleto (138), Lê e escreve (20), Analfabeto (7) ¿ Idade/ Faixa Etária: 16 a 24 anos (148), 25 a 34 anos (201), 35 a 44 anos (191), 45 a 54 anos (130), 55 ou mais (130).  Interior ¿ 400 entrevistas ¿ Gênero: Feminino (200) e Masculino (200) ¿ Escolaridade: Ensino Superior Completo (20), Ensino Superior Incompleto (13), Ensino Médio Completo (96), Ensino Médio Incompleto (70), Ensino Fundamental Completo (20), Ensino Fundamental Incompleto (108), Lê e escreve (45), Analfabeto (28) ¿ Idade/ Faixa Etária: 16 a 24 anos (88), 25 a 34 anos (98), 35 a 44 anos (82), 45 a 54 anos (56), 55 ou mais (76).  Em face da existência de quotas-amostrais para sexo, idade e grau de instrução, haverá uma total correspondência dessas informações na amostra e no universo/população (eleitorado da capital e dos municípios selecionados). Dito de outra forma, os percentuais destas variáveis na amostra coincidirão com exatidão aqueles constantes no repositório de dados eleitorais do TSE.   Quanto ao nível econômico, um processo de amostragem aleatória simples na escolha dos entrevistados, condicionado às demais quotas-amostrais, garantirá uma representação adequada desta variável na amostra. Para tanto, espera-se um resultado similar à publicação do IBGE (Censo 2010) acerca desta variável, qual seja: até 2 Salários Mínimos (87,5%). mais de 2 salários mínimos até 5 salários mínimos (8,5%). mais de 5 salários mínimos até 10 salários mínimos (2,7%). mais de 10 salários mínimos até 20 salários mínimos (0,9%). mais de 20 salários mínimos (0,4%). Tais percentuais poderão oscilar dentro da margem de erro da pesquisa (3% para mais ou para menos).  Veja-se que inexiste exigência legal, seja na lei 9.504/1997 ou na Resolução 23.549/2017, para a realização de quotas e/ou estratificações pelas variáveis sexo, idade, escolaridade e nível econômico. O que se exige é uma ponderação sobre essas variáveis, o que não se confunde com a estratificação, que é procedimento estatístico totalmente diverso do primeiro. A questão de dimensionar ou não quotas-amostrais (para as variáveis sexo, idade, escolaridade nível econômico etc) é uma questão estritamente atinente à metodologia do trabalho, definida pelo expert da área e não é, em nenhuma hipótese, critério para afirmar a correção ou incorreção da metodologia empregada.   Ademais, o estudo será conduzido de modo que a margem de erro máxima seja de 3 (três) pontos percentuais para mais ou para menos, com um intervalo de confiança a 95%.  ";"O trabalho de coleta das informações no campo será feito utilizando-se uma equipe composta de 20 (vinte) pesquisadores e 5 (cinco) supervisores de campo e 1 (um) coordenador geral do campo.    Para controle, verificação e conferência das informações coletadas, será obtida uma amostra aleatória simples de tamanho igual a 50 questionários.  ";"Das 1.200 (mil e duzentas) entrevistas, 800 (oitocentas) serão distribuídas da seguinte formanos bairros da capital amazonense (Manaus): 1ª Zona Eleitoral (58) - Adrianópolis (5), Cachoeirinha (8), Centro (16), Aparecida (3), N. Sra. das Graças (7), Praça 14 (7), Presidente Vargas (2), Raiz (6) e São Geraldo (4). 2ª Zona Eleitoral (51) ¿ Aleixo (11), Chapada (3), Flores (18) e Parque 10 de Novembro (19). 31ª Zona Eleitoral (46) ¿ Betânia (5), Col. Oliveira Machado (3), Crespo (6), Educandos (7), Mauazinho (9), Morro da Liberdade (6), Santa Luzia (4), São Lázaro (6) e Vila Buriti (0). 32ª Zona Eleitoral (69) ¿ Compensa (35), Gloria (4), Santo Antonio (10), São Jorge (11), São Raimundo (5) e Vila da Prata (4). 37ª Zona Eleitoral (55) ¿ Japiim (24), Petrópolis (23) e São Francisco (8). 40ª Zona Eleitoral (71) ¿ Alvorada (32), Alvorada 2 (1), Dom Pedro (14), Lírio do Vale (10), Nova Esperança (6) e Santo Agostinho (8). 58ª Zona Eleitoral (68) ¿ Cidade Nova (66) e Colônia Santo Antonio (2). 62ª Zona Eleitoral (73) ¿ Lago Azul (7), Paz (7), Planalto (5), Redenção (19), Santa Etelvina (15), Tarumã (19) e Tarumã-açú (1). 63ª Zona Eleitoral (73) ¿ Gilberto Mestrinho (15), São José Operário (37) e Tancredo Neves (21). 65ª Zona Eleitoral (67) ¿ Col. Terra Nova (16), Monte das Oliveiras (14), Nova Cidade (27) e Novo Israel (10). 68ª Zona Eleitoral (49) ¿ Jorge Teixeira (45) e Puraquequara (4). 70ª Zona Eleitoral (61) ¿ Cidade de Deus (19) e Novo Aleixo (42).   As demais entrevistas (400) serão realizadas nos seguintes municípios do Interior do Estado do Amazonas: Borba - 18 entrevistas. Coari ¿ 44 entrevistas. Humaitá ¿ 25 entrevistas. Iranduba ¿ 27 entrevistas.  Itacoatiara ¿ 58 entrevistas. Manacapuru ¿ 58 entrevistas. Parintins ¿ 60 entrevistas. Presidente Figueiredo ¿ 20 entrevistas. Tabatinga ¿ 29 entrevistas. Tefé ¿ 36 entrevistas. São Gabriel da Cachoeira ¿ 25 entrevistas.   "
"24/08/2022";"00:10:36";"2018";"5";"Eleições Gerais 2018";"AM";"AM";"AMAZONAS";"AM005772018";"13/10/2018";"29842579000111";"REAL TIME BIG DATA GESTAO DE DADOS LTDA.";"REAL TIME BIG DATA";"Governador";"17/10/2018";"18/10/2018";"1500";"7655";"Augusto da Silva Rocha";"7000,00";"29842579000111";"REAL TIME BIG DATA GESTAO DE DADOS LTDA.";"#NULO#";"29842579000111";"REAL TIME BIG DATA GESTAO DE DADOS LTDA.";"Pesquisa quantitativa, que consiste na realização de entrevistas por telefone, com a aplicação de questionário estruturado junto a uma amostra, representativa do eleitorado em estudo.";"Universo: 2.428.098 eleitores (TSE). Amostra: 1500 entrevistas. Nível de Confiança: 95%. Margem de Erro: até 3 pontos percentuais para mais ou para menos. Divisão Censitária. Ponderação quanto ao sexo e faixa etária: Masculino de 16 a 24 anos (9,7%), Masculino de 25 a 34 anos (12,0%), Masculino de 35 a 44 anos (10,8%), Masculino de 45 a 59 anos (10,2%) e Masculino acima de 59 anos (6,1%). Feminino de 16 a 24 anos (10,4%), Feminino de 25 a 34 anos (12,8%), Feminino de 35 a 44 anos (11,3%), Feminino de 45 a 59 anos (10,4%) e Feminino acima de 59 anos (6,2%). Ponderação quanto ao nível de instrução: 28% de Analfabeto / Fundamental Incompleto, 13% de Lê e escreve / Fundamental Completo, 44% de Médio Incompleto / Médio Completo e 15% de Superior Incompleto / Superior Completo. Ponderação quanto a distribuição por renda mensal domiciliar: 30% até 1 SM, 25% de 1 até 2 SM, 29% de 2 até 5 SM, 11% de 5 até 10 SM e 6% acima de 10 SM. Fonte de Dados: IBGE e TSE 2018.";"Checagem de 20% da amostra efetuada pelos supervisores. Todos os entrevistadores foram amplamente treinados e orientados tanto teoricamente quanto praticamente sobre suas responsabilidade e funções, respeitando as cotas pré-estabelecidas. A equipe está dividida em coordenadoria-geral / supervisores / entrevistadores.";"Em anexo."
"24/08/2022";"00:10:36";"2018";"5";"Eleições Gerais 2018";"AM";"AM";"AMAZONAS";"AM009332018";"09/04/2018";"84480946000192";"DD MIDIA E PESQUISA LTDA - EPP";"THE VOICE PESQUISA 365";"Governador, Senador";"09/04/2018";"16/04/2018";"1800";"8332";"Ézio Lacerda Lopes";"30000,00";"84480946000192";"DD MIDIA E PESQUISA LTDA - EPP";"#NULO#";"84480946000192";"DD MIDIA E PESQUISA LTDA - EPP";"Pesquisa do tipo quantitativo, com uma amostra representativa do eleitorado amazonense, aplicando um questionário estruturado, através de pesquisas domiciliares ou em pontos de fluxo, com entrevistas voluntárias e confidenciais dentro de um setor censitário escolhido aleatoriamente da base do Instituto Brasileiro de Geografia e Estatística (IBGE). ";"Eleitores residentes no Amazonas, com uma amostra de 1.800 (hum mil e oitocentos) entrevistas. A distribuição da amostra pela variável Sexo será de 52% do sexo Feminino e 48% do Masculino. Quanto à variável Idade (faixa etária), a distribuição será a seguinte: 21,7% (16-24 anos), 25,7% (25-34 anos), 21,9% (35-44 anos) e 30,7% (acima de 45 anos), conforme dados do TSE, de dezembro de 2017. No que se refere às variáveis Grau de Instrução e Nível Econômico não será aplicada nenhuma ponderação. Área física: Estado do Amazonas, dividido em 287 setores censitários, sendo 25 setores de 04 entrevistas, 46 setores de 05 entrevistas, 42 setores de 06 entrevistas e 174 setores de 07 entrevistas, extraídos da base de dados do Censo do IBGE de 2010. A quantidade de entrevista por cidades é: Manaus 1.080, Parintins 137, Itacoatiara 134, Manacapuru 132, Coari 104, Tefé 84, Tabatinga 65 e Maués 64. Margem de erro: a margem de erro máxima prevista para o total da amostra é de 2,3%, para mais ou para menos, com um grau de confiabilidade de 95%.";"As equipes envolvidas neste projeto são devidamente treinadas pela empresa e toda a operação será feita com a utilização de equipamentos mobile. Após a coleta de dados, é realizada uma auditoria em, no mínimo, 20% das entrevistas aplicadas, bem como a análise de consistência dos dados coletados.";"Os dados solicitados serão entregues após a divulgação do relatório da pesquisa."
"24/08/2022";"00:10:36";"2018";"5";"Eleições Gerais 2018";"AM";"AM";"AMAZONAS";"AM010532018";"17/08/2018";"22267969000166";"M P VALIN EIRELI";"PROJETA PESQUISA DE MERCADO OPNIAO PUBLICA";"Governador, Senador";"17/08/2018";"21/08/2018";"1500";"10201";"Marcel Valin";"21000,00";"22267969000166";"M P VALIN EIRELI";"#NULO#";"22267969000166";"M P VALIN EIRELI";"Para essa pesquisa, utilizaremos amostras rigorosamente representativas da população em estudo, selecionadas por meio de critérios estatísticos, que utilizam como base as fontes oficiais de dados do País: IBGE, TRE e TSE.Utilizamos habitualmente uma amostra por conglomerados, selecionada em três estágios:  1- Seleção probabilística dos municípios de acordo com o número de eleitores. (Por dificuldades de viabilidade e mobilidade que o Amazonas proporciona, selecionamos municípios com  grande número de eleitores) .  2- Seleção probabilística dos setores censitários do IBGE.  3-  Seleção dos entrevistados por meio de quotas proporcionais de sexo, idade, grau de instrução e setor de dependência econômica, dentro dos setores censitários sorteados previamente.   ";"Será utilizado o método de amostragem aleatória por conglomerados em 3 estágios.    1º estágio ¿ Seleção dos municípios.  2º estágio ¿ São sorteados os conglomerados (Setores Censitários) através do método PPT (Probabilidade Proporcional ao Tamanho) sistemático, onde o tamanho é o número de moradores nos setores.  3º estágio ¿ São selecionados moradores dentro de cada Setor Censitário, seguindo algumas cotas pré-estabelecidas, descritas abaixo  * SEXO: Masculino e Feminino.  *IDADE: 16-24, 25-34,35-44,45-59 e 60-e mais.  *NÍVEL ECONÔMICO:      Até R$ 880,00.  Entre R$ 881,00 e R$ 2.000,00  Entre R$ 2.001,00 e R$ 4.000,00  Entre R$ 4.001,00 e R$ 6.000,00  Mais de R$6.000,00    O Nível de Confiança utilizado é de 95%, ou seja, levando em conta a margem de erro de 2,53% para mais ou para menos, há uma probabilidade de 95% do resultado dessa pesquisa descrever o momento atual.";"A coleta de dados é feita através de dados móveis, em smartphones, com entrevistas pessoais, onde o entrevistador, devidamente treinado pela empresa, aplica um questionário elaborado para o objetivo dessa pesquisa. Para um maior controle, há três tipos de fiscalização:   1ª) Sendo a pesquisa realizada através de smartphones, é utilizado o GPS para identificação do ponto exato onde o questionário foi aplicado.  2ª) Fiscalizamos, aproximadamente entre 10% e 20% dos questionários aplicados através de ligações para confirmar a entrevista.  3ª) Diferentemente de outas empresas, utilizamos fiscais treinados pela PROJETA em cada carro, com o objetivo de eliminar erros de localização.";"#NULO#"
"24/08/2022";"00:10:36";"2018";"5";"Eleições Gerais 2018";"AM";"AM";"AMAZONAS";"AM010572018";"11/09/2018";"68802370000186";"IBOPE INTELIGENCIA PESQUISA E CONSULTORIA LTDA";"#NULO#";"Governador, Senador";"11/09/2018";"17/09/2018";"812";"6208-A";"Márcia Cavallari Nunes";"98902,33";"04387825000161";"RADIO TV DO AMAZONAS LTDA / REDE AMAZONICA RADIO E TELEVISAO";"Recursos Próprios";"68802370000186";"IBOPE INTELIGENCIA PESQUISA E CONSULTORIA LTDA";"Pesquisa quantitativa, que consiste na realização de entrevistas pessoais, com a aplicação de questionário estruturado junto a uma amostra representativa do eleitorado em estudo. Pesquisa realizada no estado do Amazonas.";"Representativo do eleitorado da área em estudo, elaborada em três estágios. No primeiro estágio faz-se um sorteio probabilístico dos municípios, onde as entrevistas serão realizadas, pelo método PPT (Probabilidade Proporcional ao Tamanho), tomando o eleitorado como base para tal seleção. No segundo estágio faz-se um sorteio probabilístico dos setores censitários, onde as entrevistas serão realizadas, pelo método PPT (Probabilidade Proporcional ao Tamanho), tomando a população de 16 anos ou mais residente nos setores como base para tal seleção. No terceiro e último estágio, dentro dos setores sorteados, os respondentes são selecionados através de quotas amostrais proporcionais em função de variáveis significativas, a saber: IDADE: 16-24 (masculino) 24% (feminino) 22%. 25-34 (masculino) 25% (feminino) 27%. 35-44 (masculino) 23% (feminino) 22%. 45-54 (masculino) 14% (feminino) 14%. 55 e+ (masculino) 14% (feminino) 14%. INSTRUÇÃO: Até Ensino Médio (masculino) 83% (feminino) 78%. Ensino Superior (masculino) 17% (feminino) 22%. NÍVEL ECONÔMICO: Economicamente ativo (masculino) 75% (feminino) 49%. Não Economicamente ativo (masculino) 25% (feminino) 51%. Está prevista eventual ponderação para correção das variáveis sexo e idade, com base nos percentuais anteriormente mencionados, caso ocorram diferenças superiores a 3 pontos percentuais entre o previsto na amostra e a coleta de dados realizada. Para as variáveis de grau de instrução e nível econômico do entrevistado, o fator previsto para ponderação é 1 (resultados obtidos em campo). O nível de confiança estimado é de 95% e a margem de erro máxima estimada considerando um modelo de amostragem aleatório simples, é de 03 (três) pontos percentuais para mais ou para menos sobre os resultados encontrados no total da amostra. FONTE DOS DADOS: Censo 2010 | PNADC 2016 | TSE 2018.";"Para a realização da pesquisa, utiliza-se uma equipe de entrevistadores e supervisores contratados pelo IBOPE INTELIGÊNCIA PESQUISA E CONSULTORIA LTDA. devidamente treinados para o trabalho. Após os trabalhos de campo, os questionários são submetidos a uma fiscalização de cerca de 20% (vinte por cento) dos questionários aplicados pelos entrevistadores. para verificação das respostas e da adequação dos entrevistados aos parâmetros amostrais.";"A área de abrangência da coleta é o estado do Amazonas. A relação das localidades selecionadas para aplicação da amostra será apresentada até o 7º dia seguinte ao registro da pesquisa, conforme expresso no art. 2º, §6º da Resolução 23.549/2017 do TSE."
"24/08/2022";"00:10:36";"2018";"5";"Eleições Gerais 2018";"AM";"AM";"AMAZONAS";"AM012772018";"20/10/2018";"68802370000186";"IBOPE INTELIGENCIA PESQUISA E CONSULTORIA LTDA";"#NULO#";"Governador";"20/10/2018";"26/10/2018";"812";"6208-A";"Márcia Cavallari Nunes";"105569,00";"04387825000161";"RADIO TV DO AMAZONAS LTDA / REDE AMAZONICA RADIO E TELEVISAO";"Recursos Próprios";"68802370000186";"IBOPE INTELIGENCIA PESQUISA E CONSULTORIA LTDA";"Pesquisa quantitativa, que consiste na realização de entrevistas pessoais, com a aplicação de questionário estruturado junto a uma amostra representativa do eleitorado em estudo. Pesquisa realizada no estado do Amazonas.";"Representativo do eleitorado da área em estudo, elaborada em três estágios. No primeiro estágio faz-se um sorteio probabilístico dos municípios, onde as entrevistas serão realizadas, pelo método PPT (Probabilidade Proporcional ao Tamanho), tomando o eleitorado como base para tal seleção. No segundo estágio faz-se um sorteio probabilístico dos setores censitários, onde as entrevistas serão realizadas, pelo método PPT (Probabilidade Proporcional ao Tamanho), tomando a população de 16 anos ou mais residente nos setores como base para tal seleção. No terceiro e último estágio, dentro dos setores sorteados, os respondentes são selecionados através de quotas amostrais proporcionais em função de variáveis significativas, a saber: IDADE: 16-24 (masculino) 24% (feminino) 22%. 25-34 (masculino) 25% (feminino) 27%. 35-44 (masculino) 23% (feminino) 22%. 45-54 (masculino) 14% (feminino) 14%. 55 e+ (masculino) 14% (feminino) 14%. INSTRUÇÃO: Até Ensino Médio (masculino) 83% (feminino) 78%. Ensino Superior (masculino) 17% (feminino) 22%. NÍVEL ECONÔMICO: Economicamente ativo (masculino) 75% (feminino) 49%. Não Economicamente ativo (masculino) 25% (feminino) 51%. Está prevista eventual ponderação para correção das variáveis sexo e idade, com base nos percentuais anteriormente mencionados, caso ocorram diferenças superiores a 3 pontos percentuais entre o previsto na amostra e a coleta de dados realizada. Para as variáveis de grau de instrução e nível econômico do entrevistado, o fator previsto para ponderação é 1 (resultados obtidos em campo). O nível de confiança estimado é de 95% e a margem de erro máxima estimada considerando um modelo de amostragem aleatório simples, é de 03 (três) pontos percentuais para mais ou para menos sobre os resultados encontrados no total da amostra. FONTE DOS DADOS: Censo 2010 | PNADC 2016 | TSE 2018.    ";"Para a realização da pesquisa, utiliza-se uma equipe de entrevistadores e supervisores contratados pelo IBOPE INTELIGÊNCIA PESQUISA E CONSULTORIA LTDA. devidamente treinados para o trabalho. Após os trabalhos de campo, os questionários são submetidos a uma fiscalização de cerca de 20% (vinte por cento) dos questionários aplicados pelos entrevistadores. para verificação das respostas e da adequação dos entrevistados aos parâmetros amostrais.";"A área de abrangência da coleta é o estado do Amazonas. A relação das localidades selecionadas para aplicação da amostra será apresentada até o 7º dia seguinte ao registro da pesquisa, conforme expresso no art. 2º, §6º da Resolução 23.549/2017 do TSE.    "
"24/08/2022";"00:10:36";"2018";"5";"Eleições Gerais 2018";"AM";"AM";"AMAZONAS";"AM013152018";"11/08/2018";"68802370000186";"IBOPE INTELIGENCIA PESQUISA E CONSULTORIA LTDA";"#NULO#";"Governador, Senador";"11/08/2018";"17/08/2018";"812";"6208-A";"Márcia Cavallari Nunes";"98902,33";"04387825000161";"RADIO TV DO AMAZONAS LTDA / REDE AMAZONICA RADIO E TELEVISAO";"Recursos Próprios";"68802370000186";"IBOPE INTELIGENCIA PESQUISA E CONSULTORIA LTDA";"Pesquisa quantitativa, que consiste na realização de entrevistas pessoais, com a aplicação de questionário estruturado junto a uma amostra representativa do eleitorado em estudo. Pesquisa realizada no Estado do Amazonas.";"Representativo do eleitorado da área em estudo, elaborada em três estágios. No primeiro estágio faz-se um sorteio probabilístico dos municípios, onde as entrevistas serão realizadas, pelo método PPT (Probabilidade Proporcional ao Tamanho), tomando o eleitorado como base para tal seleção. No segundo estágio faz-se um sorteio probabilístico dos setores censitários, onde as entrevistas serão realizadas, pelo método PPT (Probabilidade Proporcional ao Tamanho), tomando a população de 16 anos ou mais residente nos setores como base para tal seleção. No terceiro e último estágio, dentro dos setores sorteados, os respondentes são selecionados através de quotas amostrais proporcionais em função de variáveis significativas, a saber: IDADE: 16-24 (masculino) 24% (feminino) 22%. 25-34 (masculino) 25% (feminino) 27%. 35-44 (masculino) 23% (feminino) 22%. 45-54 (masculino) 14% (feminino) 14%. 55 e+ (masculino) 14% (feminino) 14%. INSTRUÇÃO: Até Ensino Médio (masculino) 83% (feminino) 78%. Ensino Superior (masculino) 17% (feminino) 22%. NÍVEL ECONÔMICO: Economicamente ativo (masculino) 75% (feminino) 49%. Não Economicamente ativo (masculino) 25% (feminino) 51%. Está prevista eventual ponderação para correção das variáveis sexo e idade, com base nos percentuais anteriormente mencionados, caso ocorram diferenças superiores a 3 pontos percentuais entre o previsto na amostra e a coleta de dados realizada. Para as variáveis de grau de instrução e nível econômico do entrevistado, o fator previsto para ponderação é 1 (resultados obtidos em campo). O nível de confiança estimado é de 95% e a margem de erro máxima estimada considerando um modelo de amostragem aleatório simples, é de 03 (três) pontos percentuais para mais ou para menos sobre os resultados encontrados no total da amostra. FONTE DOS DADOS: Censo 2010 | PNADC 2016 | TSE 2018.";"Para a realização da pesquisa, utiliza-se uma equipe de entrevistadores e supervisores contratados pelo IBOPE INTELIGÊNCIA PESQUISA E CONSULTORIA LTDA. devidamente treinados para o trabalho. Após os trabalhos de campo, os questionários são submetidos a uma fiscalização de cerca de 20% (vinte por cento) dos questionários aplicados pelos entrevistadores. para verificação das respostas e da adequação dos entrevistados aos parâmetros amostrais.";"A área de abrangência da coleta é Amazonas. A relação das localidades selecionadas para aplicação da amostra será apresentada até o 7º dia seguinte ao registro da pesquisa, conforme expresso no art. 2º, §6º da Resolução 23.549/2017 do TSE."
"24/08/2022";"00:10:36";"2018";"5";"Eleições Gerais 2018";"AM";"AM";"AMAZONAS";"AM013562018";"05/07/2018";"84480946000192";"DD MIDIA E PESQUISA LTDA - EPP";"THE VOICE PESQUISA 365";"Senador, Governador";"09/07/2018";"16/07/2018";"2000";"8332";"Ézio Lacerda Lopes";"35000,00";"84480946000192";"DD MIDIA E PESQUISA LTDA - EPP";"#NULO#";"84480946000192";"DD MIDIA E PESQUISA LTDA - EPP";"Pesquisa probabilística por amostragem aleatória simples com todos os usuários de telefone celular do Amazonas (universo amostral de mais de 85% do eleitorado). A quantidade de prefixos existentes na cidade de Manaus é 937, enquanto que no interior, 902. O questionário foi estruturado conforme o modelo de coleta e aplicado por meio de um Computer Assisted Telephone Interviewing (CATI) - entrevistas telefônicas assistidas por computador -, usando o Random Digit Dialing (RDD), sistema de geração aleatória de números telefônicos com base nos prefixos, utilizado para a seleção da amostra. A metodologia é amparada pelas normas da American Association for Public Opinion Research (AAPOR). As entrevistas são voluntárias, confidenciais e com eleitores das cidades previamente selecionadas. A coleta ocorrerá entre os dias 09 e 16 julho.";"A. Público pesquisado: eleitores da cidade de Manaus e de mais 20 (vinte) municípios do Amazonas. B. Tamanho da amostra: serão realizadas 2.000 (duas mil) entrevistas, sendo 1.200 (mil e duzentas) na capital e 800 (oitocentas) no interior: Parintins (82), Itacoatiara (80), Manacapuru (79), Coari (60), Tefé (49), Tabatinga (40), Maués (37), Iranduba (36), São Gabriel da Cachoeira (35), Humaitá (35), Manicoré (34), Autazes (30), Lábrea (29), Presidente Figueiredo (27), Careiro (25), Boca do Acre (25), Eirunepé (25), Benjamin Constant (25), Borba (24) e Carauari (23). C. Ponderação: a pesquisa possui ponderação igual a 1 (um) para as variáveis sexo e idade e por reproduzir na amostra a proporção aproximada dos números oficiais do TRE-AM. Às demais variáveis não se aplicará nenhum tipo de ponderação. A relação completa dos bairros pesquisados será encaminhada a este tribunal até o sétimo dia seguinte à data de registro da pesquisa, conforme a Resolução 23.549/2017 do TSE, art. 2º §6º. D. Margem de erro e intervalo de credibilidade: a margem de erro máxima estimada é de 2,2 pontos percentuais para os resultados obtidos, enquanto que o grau de confiabilidade é de 95%, o que significa dizer que, se fossem feitas 100 entrevistas com a mesma metodologia, 95 estariam dentro da margem de erro prevista.";"A verificação e a conferência são realizadas em, no mínimo, 20% da amostra, concomitantemente à coleta, com a observação compartilhada das entrevistas por telefone, realizada por auditores.";"Na ausência de delimitação do bairro, será identificada a área em que foi realizada): a área da coleta é o Amazonas. A relação detalhada da amostra será apresentada até o sétimo dia seguinte ao registro da pesquisa, conforme expresso no art. 2º, §6º da Resolução 23.549/2017 do TSE."
"24/08/2022";"00:10:36";"2018";"5";"Eleições Gerais 2018";"AM";"AM";"AMAZONAS";"AM014012018";"12/10/2018";"14614894000114";"ERIC LIMA BARBOSA - ME";"PONTUAL PESQUISAS";"Governador";"13/10/2018";"19/10/2018";"2848";"9079";"Alice Nascimento de Assis";"20000,00";"14614894000114";"ERIC LIMA BARBOSA - ME";"#NULO#";"14614894000114";"ERIC LIMA BARBOSA - ME";"A pesquisa será realizada envolvendo 09 (nove) municípios do interior do Amazonas e a capital pertencentes às zonas geográficas descritas no questionário. Do qual a população de estudo será o conjunto de eleitores com 16 anos ou mais, com registro eleitoral no município de Manaus e nos 09 municípios e estando aptos a votar nas eleições gerais no Brasil para 2018. A metodologia aplicada pela Pontual Pesquisas obedecerá a técnica de pesquisa transversal do tipo quantitativa por meio de aplicação de questionário estruturado a rigor de cálculo de amostragem probabilística aleatória simples, com efetuação de pesquisas em pontos de fluxo ou domiciliares, com entrevistas voluntárias e confidenciais, obedecendo ao regime de quotas (base TSE de 2018, TRE de 2018 e Censo 2010/PNAD 2016) por densidade eleitoral das regiões, sexo, idade, grau de instrução e nível econômico. A coleta de dados ocorrerá nos dias 13 a 19 outubro na capital do estado e os 09 municípios. A Pontual Pesquisas utilizará questionários previamente validado através de estudo piloto, por equipe treinada, sendo composta por 10 entrevistadores, 02 supervisores e 01 coordenador.";"Cada entrevistado será alcançado através de sorteio aleatório simples, representando que todos têm a mesma chance de ser sorteado para o estudo, garantindo assim, metodologia adequada de representações para as variáveis que apresentam ponderações quanto a sexo, idade, grau de instrução e nível econômico. Serão realizadas 2848 entrevistas eleitorais, a distribuição prevista será de, 1535 para Manaus (54,4%) e 1313 indivíduos no interior (45,6%), pela variável Sexo será de 51,8% do Feminino e 48,2% do Masculino. Quanto à variável Idade (faixa etária), a distribuição será a seguinte: 20,2% (16-24 anos), 24,8% (25-34 anos), 22,1% (35-44 anos) e 32,9% (acima de 45 anos), GRAU DE INSTRUÇÃO: Analfabeto/lê e escreve (13,5%), Ensino Fundamental incompleto/completo(26,8%), Ensino Médio incompleto/completo(44,2%), Superior incompleto/completo(15,5%), conforme dados do TSE, de julho de 2018. Quanto a variável nível econômico (faixa renda): IBGE/PNAD-2016, Até 954,00 (69,7%). Mais de R$ 954,00 a R$2.862,00 (24,0%). Mais de R$ 2.862,01 a R$ 4.770,00 (3,2%). Acima de R$ 4.770,00 (3,2%). Não quis responder. Apesar de perguntarmos acerca da variável Religião não serão aplicados nenhuma ponderação, considerando que essa variável tenham pouca consistência histórica. A margem de erro máxima de 1,85 pontos percentuais para mais ou para menos, considerando o intervalo de confiança de 95%, conforme Morettin (2009) página 229. O universo da pesquisa é de acordo com o TRE AM - Tribunal Regional Eleitoral do Estado do Amazonas, formado por 2.428.098 eleitores (atualizado em 20/08/2018, às 12:00hs) aptos a votar no Amazonas.";"Para controle, verificação e conferência das informações coletadas foi desenvolvido trabalho com equipes composta de 10 entrevistadores, 02 supervisores, 01 coordenador. Neste estudo, os supervisores e coordenadores serão responsáveis por realizar conferência de 10% dos questionários preenchidos em campo, procedimento adotado para efeito de verificação e coerência das informações coletadas. Após esta etapa, os questionários são verificados, durante todas as etapas, quanto a construção do banco de dados e análise das variáveis.";"As coletas serão realizadas obedecendo aos seguintes cálculos de amostragem determinado, para os municípios e a capital.  1. Parintins (220). 2. Itacoatiara (214). 3. Manacapuru (213). 4. Coari (162). 5. Tefé (132). 6. Maués (100). 7. Iranduba (99). 8. Tabatinga (107). 9. Benjamin Constant (66). No interior a divisão de bairros é totalmente imprecisa e inaplicável sua utilização. 6. Manaus (1535) ¿ distribuídos nas seguintes zonas e bairros: ZONA CENTRO-OESTE: Dom Pedro (25). Alvorada (59). Planalto (9). Bairro da Paz (14). Redenção (35). ZONA CENTRO-SUL: Nossa Senhora das Graças (13). Parque 10 (39). São Geraldo (11). Chapada (10). Aleixo (20). Flores (35). ZONA LESTE: Coroado (48). São José Operário (71). Armando Mendes (26). Zumbi dos Palmares (32). Mauazinho (28). Jorge Teixeira (87). Tancredo Neves (41). Gilberto Mestrinho (31). ZONA NORTE: Cidade Nova (127). Colônia Santo Antônio (15). Novo Aleixo (80). Novo Israel (21). Santa Etelvina (29). Colônia Terra Nova (31). Monte das Oliveiras (26). Nova Cidade (52). Cidade de Deus (37). ZONA OESTE: São Raimundo (12). São Jorge (22). Glória (13). Santo Antônio (19). Vila da Prata (12). Compensa (67). Nova Esperança (13). Lírio do Vale (20). Santo Agostinho (15). Tarumã (34). ZONA SUL: Centro (30). Nossa Senhora Aparecida (12). Praça 14 (15). Cachoeirinha (16). Santa Luzia (12). Raiz (13). Morro da Liberdade (14). Educandos (15). São Francisco (16). Betânia (13). Japiim (46). São Lázaro (13). Petrópolis (44).   "
"24/08/2022";"00:10:36";"2018";"5";"Eleições Gerais 2018";"AM";"AM";"AMAZONAS";"AM014452018";"17/04/2018";"10730923000152";"ALDOUS J R SANTANA - ME";"INTAKE MARKETING ESTRATEGICO E PESQUISA DE MERCADO";"Governador, Senador";"17/04/2018";"20/04/2018";"1100";"9975";"JAIR DA SILVA FEITOZA";"16500,00";"10730923000152";"ALDOUS J R SANTANA - ME";"#NULO#";"10730923000152";"ALDOUS J R SANTANA - ME";"Pesquisa do tipo quantitativa com uma amostra representativa do eleitorado Amazonense, onde serão entrevistados 700 (setecentos) eleitores na capital Manaus e 400 (quatrocentos) nos 8 (oito) municípios selecionados do interior do Estado do Amazonas.";"A pesquisa será realizada envolvendo todos as 6 (seis) zonas geográficas (Zona Norte, Zona Sul, Zona Centro-Sul, Zona Oeste, Zona Centro-Oeste e Zona Leste, CENSO/IBGE 2010) pertencentes ao município de Manaus (capital).  Nos municípios selecionados do interior do Estado Amazonas serão aplicados 400 (quatrocentos) questionários envolvendo zona Rural e Urbana, assim distribuídos: CAREIRO: nº de questionários a serem aplicados 35, IRANDUBA nº de questionários a serem aplicados 50, ITACOATIARA nº de questionários a serem aplicados 111, MANACAPURU nº de questionários a serem aplicados 111, NOVO AIRÃO Nº de questionários a serem aplicados 17, PRESIDENTE FIGUEIREDO nº de questionários a serem aplicados 38, RIO PRETO DA EVA nº de questionários a serem aplicados 26 e SILVE nº de questionários a serem aplicados 12.   O estudo será conduzido de modo que a margem de erro máxima seja de 2,95 % (pontos percentuais) para mais ou para menos, com um intervalo de confiança a 95%. A população está definida como sendo o conjunto de eleitores aptos a votar em 2018 no município de Manaus (capital) e nos 8 (oito) municípios do interior do Estado do Amazonas selecionados.";"Verificação e fiscalização em 20% dos questionários no local da coleta de dados, realizada pelo coordenador de campo.    ";"Setor censitário disponível no CENSO IBGE/2010."
"24/08/2022";"00:10:36";"2018";"5";"Eleições Gerais 2018";"AM";"AM";"AMAZONAS";"AM024812018";"26/08/2018";"10730923000152";"ALDOUS J R SANTANA - ME";"INTAKE MARKETING ESTRATEGICO E PESQUISA DE MERCADO";"Governador, Senador";"26/08/2018";"31/08/2018";"1200";"10197";"CARLOS OLÍVIO ROMEIRO DA SILVA";"25700,00";"10730923000152";"ALDOUS J R SANTANA - ME";"#NULO#";"10730923000152";"ALDOUS J R SANTANA - ME";"Pesquisa do tipo quantitativa com uma amostra representativa do eleitorado Amazonense, com utilização de questionário estruturado com efetuação de entrevistas pessoais. A pesquisa é realizada por meio de métodos estatísticos, que utilizam com base as fontes oficiais de dados do País: TSE, TRE e IBGE. ";"Eleitorado do Estado do Amazonas, com 16 anos ou mais na área urbana (Manaus) e em 10 (dez) municípios do interior do Estado do Amazonas, selecionados de forma sistemática conforme características geográficas e com amostragem aleatória estratificada proporcional. Amostragem, coeficiente de confiança, margem de erro: A pesquisa vai entrevistar 1.200 eleitores. A amostra garante a nível estadual uma margem de erro 2,83% para um intervalo e confiança de 95%. As ponderações em relação a sexo, idade, grau de instrução e nível econômico, descritas no questionário, serão realizadas para refletir estatisticamente a proporção do eleitorado consultado, conforme percentuais. SEXO: TER-AM/2018 - Masculino 48,8% e Feminino 51,2%. FAIXA ETÁRIA (idade): TER-AM/2018 - De 16 a 17 anos 1,62%. De 18 a 24 anos 18,54%. De 25 a 34 anos 24,845. De 35 a 44 anos 22,07. De 45 a 59 anos 20,63%. Mais de 60 anos 12,31. GRAU DE INSTRUÇÃO: TER-AM/2018 -  Analfabeto 5,72%. Lê e Escreve 7,74%. Ensino fundamental Incompleto 21,98%. Ensino Fundamental Completo 4,84%. Ensino Médio Incompleto 14,88%. Ensino Médio Completo 29,35%. Superior Incompleto 6,48%. e Superior Completo 9,01%. Apesar de perguntarmos acerca das variáveis: Grau de Instrução, Religião e Renda Familiar (nível econômico) não serão aplicados nenhuma ponderação, considerando que essas 03 (três) variáveis tenham pouca consistência histórica.";"Verificação e fiscalização em 20% dos questionários no local da coleta de dados, realizada pelo coordenador de campo.";"MANAUS: ZONA CENTRO OESTE: ALVORADA nº de questionários a serem aplicados (28). BAIRRO DA PAZ nº de questionários a serem aplicados (6). DOM PEDRO nº de questionários a serem aplicados (12). PLANALTO nº de questionários a serem aplicados (4). e REDENÇÃO nº de questionários a serem aplicados (17).   ZONA CENTRO SUL: ADRIANÓPOLIS nº de questionários a serem aplicados (5). ALEIXO nº de questionários a serem aplicados (9). FLORES nº de questionários a serem aplicados (17). N S DA GRAÇAS nº de questionários a serem aplicados (6). PARQUE 10 DE NOVEMBRO nº de questionários a serem aplicados (19). e S GERALDO nº de questionários a serem aplicados (3).  ZONA LESTE: ARMANDO MENDES nº de questionários a serem aplicados (11). COL. A. ALEIXO nº de questionários a serem aplicados (6). COROADO nº de questionários a serem aplicados (23). GILBERTO MESTRINHO nº de questionários a serem aplicados (13).  JORGE TEIXEIRA nº de questionários a serem aplicados (42). MAUAZINHO nº de questionários a serem aplicados (8). SÃO JOSÉ nº de questionários a serem aplicados (34). TANCREDO NEVES nº de questionários a serem aplicados(20). e ZUMBI nº de questionários a serem aplicados (15).  ZONA NORTE: CIDADE DE DEUS nº de questionários a serem aplicados (18). CIDADE NOVA nº de questionários a serem aplicados (61). COLÔNIA TERRA NOVA nº de questionários a serem aplicados (15). LAGO AZUL nº de questionários a serem aplicados (6). MONTE DAS OLIVEIRAS nº de questionários a serem aplicados (12). NOVA CIDADE nº de questionários a serem aplicados (25). NOVO ALEIXO nº de questionários a serem aplicados (38). NOVO ISRAEL nº de questionários a serem aplicados (9). e SANTA ETELVINA nº de questionários a serem aplicados (14).   ZONA OESTE: COMPENSA nº de questionários a serem aplicados (32). GLORIA nº de questionários a serem aplicados (3). LÍRIO DO VALE nº de questionários a serem aplicados (9). NOVA ESPERANÇA nº de questionários a serem aplicados (6). SANTO AGOSTINHO nº de questionários a serem aplicados (7). SANTO ANTONIO nº de questionários a serem aplicados (9). SÃO JORGE nº de questionários a serem aplicados (10). SÃO RAIMUNDO nº de questionários a serem aplicados (5). TARUMÃ nº de questionários a serem aplicados (17). e VILA DA PRATA nº de questionários a serem aplicados (4).   ZONA SUL: BETÂNIA nº de questionários a serem aplicados (5). CACHOEIRINHA nº de questionários a serem aplicados (8). CENTRO nº de questionários a serem aplicados (15). COL O MACHADO nº de questionários a serem aplicados (3). CRESPO nº de questionários a serem aplicados (5). EDUCANDOS nº de questionários a serem aplicados (6). JAPIIM nº de questionários a serem aplicados (22). MORRO DA LIBERDADE nº de questionários a serem aplicados (6). PETROPOLIS nº de questionários a serem aplicados (21). PRAÇA 14 nº de questionários a serem aplicados (7). RAIZ nº de questionários a serem aplicados (5). SANTA LUZIA nº de questionários a serem aplicados (4). SÃO FRANCISCO nº de questionários a serem aplicados (8). e SÃO LAZARO nº de questionários a serem aplicados (5).  INTERIOR: AUTAZES nº de questionários a serem aplicados (29). CAREIRO nº de questionários a serem aplicados (24). COARI nº de questionários a serem aplicados (58). IRANDUBA nº de questionários a serem aplicados (35). ITACOATIARA nº de questionários a serem aplicados (77). MANACAPURU nº de questionários a serem aplicados (76). MAUÉS nº de questionários a serem aplicados (36). PARINTINS nº de questionários a serem aplicados (79). RIO PRETO DA EVA nº de questionários a serem aplicados (17). e TEFÉ nº de questionários a serem aplicados (47).   "
"24/08/2022";"00:10:36";"2018";"5";"Eleições Gerais 2018";"AM";"AM";"AMAZONAS";"AM027222018";"28/06/2018";"84480946000192";"DD MIDIA E PESQUISA LTDA - EPP";"THE VOICE PESQUISA 365";"Governador, Senador";"03/07/2018";"10/07/2018";"2000";"8332";"Ézio Lacerda Lopes";"35000,00";"84480946000192";"DD MIDIA E PESQUISA LTDA - EPP";"#NULO#";"84480946000192";"DD MIDIA E PESQUISA LTDA - EPP";"Pesquisa probabilística por amostragem aleatória simples com todos os usuários de telefone celular do Amazonas (universo amostral de mais de 85% do eleitorado). A quantidade de prefixos existentes na cidade de Manaus é 937, enquanto que no interior, 902. O questionário foi estruturado conforme o modelo de coleta e aplicado por meio de um Computer Assisted Telephone Interviewing (CATI) - entrevistas telefônicas assistidas por computador -, usando o Random Digit Dialing (RDD), sistema de geração aleatória de números telefônicos com base nos prefixos, utilizado para a seleção da amostra. A metodologia é amparada pelas normas da American Association for Public Opinion Research (AAPOR). As entrevistas são voluntárias, confidenciais e com eleitores das cidades previamente selecionadas. A coleta ocorrerá em 07 (sete) dias seguidos, a partir do dia 03 de julho";"A. Público pesquisado: eleitores da cidade de Manaus e de mais 20 (vinte) municípios do Amazonas.   B. Tamanho da amostra: serão realizadas 2.000 (duas mil) entrevistas, sendo 1.200 (mil e duzentas) na capital e 800 (oitocentas) no interior: Parintins (82), Itacoatiara (80), Manacapuru (79), Coari (60), Tefé (49), Tabatinga (40), Maués (37), Iranduba (36), São Gabriel da Cachoeira (35), Humaitá (35), Manicoré (34), Autazes (30), Lábrea (29), Presidente Figueiredo (27), Careiro (25), Boca do Acre (25), Eirunepé (25), Benjamin Constant (25), Borba (24) e Carauari (23).  C. Ponderação: a pesquisa possui ponderação igual a 1 (um) para as variáveis sexo e idade e por reproduzir na amostra a proporção aproximada dos números oficiais do TRE-AM. Às demais variáveis não se aplicará nenhum tipo de ponderação. A relação completa dos bairros pesquisados será encaminhada a este tribunal até o sétimo dia seguinte à data de registro da pesquisa, conforme a Resolução 23.549/2017 do TSE, art. 2º §6º.   D. Margem de erro e intervalo de credibilidade: a margem de erro máxima estimada é de 2,2 pontos percentuais para os resultados obtidos, enquanto que o grau de confiabilidade é de 95%, o que significa dizer que, se fossem feitas 100 entrevistas com a mesma metodologia, 95 estariam dentro da margem de erro prevista.";"A verificação e a conferência são realizadas em, no mínimo, 20% da amostra, concomitantemente à coleta, com a observação compartilhada das entrevistas por telefone, realizada por auditores. ";"Na ausência de delimitação do bairro, será identificada a área em que foi realizada): a área da coleta é o Amazonas. A relação detalhada da amostra será apresentada até o sétimo dia seguinte ao registro da pesquisa, conforme expresso no art. 2º, §6º da Resolução 23.549/2017 do TSE."
"24/08/2022";"00:10:36";"2018";"5";"Eleições Gerais 2018";"AM";"AM";"AMAZONAS";"AM027312018";"22/10/2018";"06023655000161";"A F SOARES MARKETING E PESQUISAS DE MERCADO LTDA - EPP";"ACTION MARKETING E PESQUISAS";"Governador";"22/10/2018";"26/10/2018";"1100";"7117";"JOÃO CALDAS DO LAGO NETO";"45000,00";"06023655000161";"A F SOARES MARKETING E PESQUISAS DE MERCADO LTDA - EPP";"#NULO#";"06023655000161";"A F SOARES MARKETING E PESQUISAS DE MERCADO LTDA - EPP";"Survey, quantitativa, descritiva, transversal. Pesquisa de campo (dados primários). Amostragem não probabilística, estratificada por cotas. Universo: eleitores residentes e domiciliados na área urbana dos municípios pesquisados. Coleta dos dados: questionário estruturado, aplicado de modo presencial em entrevista direta ou face-to-face. Tratamento dos dados: estatística descritiva (Média, mediana, desvio-padrão), analise de normalidade (Skewness e curtosis) e Cruzamento de dados. Público alvo: eleitores da cidade de Manaus e 20 (vinte) municípios do interior do Amazonas com eleitores aptos a votar.";"O universo da pesquisa é de acordo com o TRE AM - Tribunal Regional Eleitoral do Estado do Amazonas, é formado por 2.428.098 eleitores (atualizado em 15/10/2018, às 15:20hs) aptos a votar no Amazonas. O tamanho da amostra será de 1.100 indivíduos, a pesquisa será aplicada nas seis zonas administrativas urbanas de Manaus e nas áreas urbanas dos 20 municípios distribuídos conforme, ponderação descrita a seguir: divisão por meio da Probabilidade proporcional ao Tamanho (PPT) das zonas administrativas e bairros dos municípios pesquisados. seguida pela amostra aleatória simples distribuída por setores censitários geograficamente delimitados por quarteirões (ROTAS) onde cada pesquisador conhecerá os limites de sua área de abrangência por meio de mapa elaborado no Software Arc Map 11.0. Para estabelecer a distribuição da amostra total (1.100 indivíduos eleitores nos municípios do estado do Amazonas) foi utilizado o Software Sphinx na função ponderação pelo critério PPT. Desta forma foram estimadas as frequências absolutas (ao lado de suas respectivas frequências relativas) para cada município, de acordo com a sua proporção na amostra. A proporção da amostra entre capital e interior será de 643 indivíduos a serem pesquisados em Manaus (58,44% ou 0,5844) e 457 indivíduos a serem pesquisados no interior (41,56% ou 0,4156), conforme proporção dos votos válidos apurados no 1º turno desta eleição, divulgado pelo TRE-AM. O interior será representado por municípios selecionados pela quantidade de leitores e sua representatividade na calha dos rios onde estão situados. Desta forma, se terá municípios representantes de todas as calhas. O tamanho da amostra será proporcional ao universo (TRE-AM, 15/10/2018) conforme a representatividade de cada município, sendo distribuída em Parintins (50), Itacoatiara (49), Manacapuru (49), Coari (37), Tefé (30), Tabatinga (25), Maués (23), Humaitá (21), Manicoré (21), Lábrea (18), Presidente Figueiredo (17), Careiro (16), Boca do Acre (15), Eirunepé (15), Borba (15), Carauari (14), São Paulo de Olivença (12), Rio Preto da Eva (11), Fonte Boa (11) e Barcelos (8), sendo no TOTAL (1.100), Fonte TRE-AM, 15/10/2018. Ponderação: Gênero será de 537 Masculino (48,85%) e 563 Feminino (51,15%), no TOTAL (1.100), Fonte TRE-AM, 22/09/2018. Ponderação: Faixa Etária será de 18 de 16 a 17 anos (1,62%), 81 de 18 a 20 anos (7,34%), 123 de 21 a 24 anos (11,20%), 273 de 25 a 34 anos (24,84%), 243 de 35 a 44 anos (22,07%), 227 de 45 a 59 anos (20,63%) e 135 Igual ou superior a 60 anos (12,30%), no TOTAL (1.100), Fonte TRE-AM, 22/09/2018. Ponderação: Grau de Instrução será de 148 de Analfabetos/ Lê e Escreve (13,46%), 295 de Ensino Fundamental Completo/ Incompleto (26,82%), 487 de Ensino Médio Completo/ Incompleto (44,23%), 170 de Ensino Superior Completo/ Incompleto (15,49%), no TOTAL (1.100), Fonte TRE-AM, 22/09/2018. Ponderação: Nível Econômico:  Economicamente ativo será de 403 masculino (75,00%), 276 femininos (49,00%). Não Economicamente ativo será de 134 masculino (25,00%), 287 femininos (51,00%), Fonte IBGE/ PNADC 2016. Intervalo de confiança e Margem de erro: erro de 3% para mais ou menos em um nível de confiança de 95%.    ";"As entrevistas serão realizadas in loco na área urbana de cada município, por um total de 80 pesquisadores de campo, sob supervisão de 10 coordenadores de equipes subordinados ao Setor de Coleta de Dados da Action. O controle será exercido por verificação física do preenchimento dos questionários, checagem das respostas em 20% dos indivíduos pesquisados em cada lote de 50 questionários, desta forma, todos os pesquisadores serão avaliados. Primeiramente o controle da qualidade excluirá os questionários sem preenchimento de um bloco de questões abertas ou fechadas, com rasuras sem justificativas, com incoerências. Em uma segunda etapa, após digitação e correção dos dados, as variáveis correlatas serão cruzadas e os questionários que apresentarem incoerências ou anormalidade, segundo a distância de Mahalanobis, serão excluídos e substituídos por outros, com o mesmo perfil, coletados como excedente ou reposição de cotas.";"A área de abrangência da coleta é o estado do Amazonas. A relação das localidades selecionadas para aplicação da amostra será apresentada até o 7º dia seguinte ao registro da pesquisa, conforme expresso no art. 2º, §6º da Resolução 23.549/2017 do TSE."
"24/08/2022";"00:10:36";"2018";"5";"Eleições Gerais 2018";"AM";"AM";"AMAZONAS";"AM029212018";"30/08/2018";"29842579000111";"REAL TIME BIG DATA GESTAO DE DADOS LTDA.";"REAL TIME BIG DATA";"Governador, Senador";"03/09/2018";"04/09/2018";"1200";"7655";"Augusto da Silva Rocha";"15000,00";"29842579000111";"REAL TIME BIG DATA GESTAO DE DADOS LTDA.";"#NULO#";"29842579000111";"REAL TIME BIG DATA GESTAO DE DADOS LTDA.";"Pesquisa quantitativa, que consiste na realização de entrevistas por telefone, com a aplicação de questionário estruturado junto a uma amostra, representativa do eleitorado em estudo.";"Universo: 2.428.098 eleitores (TSE). Amostra: 1200 entrevistas. Nível de Confiança: 95%. Margem de Erro: até 3 pontos percentuais para mais ou para menos. Divisão Censitária. Ponderação quanto ao sexo e faixa etária: Masculino de 16 a 24 anos (9,7%), Masculino de 25 a 34 anos (12,0%), Masculino de 35 a 44 anos (10,8%), Masculino de 45 a 59 anos (10,2%) e Masculino acima de 59 anos (6,1%). Feminino de 16 a 24 anos (10,4%), Feminino de 25 a 34 anos (12,8%), Feminino de 35 a 44 anos (11,3%), Feminino de 45 a 59 anos (10,4%) e Feminino acima de 59 anos (6,2%). Ponderação quanto ao nível de instrução: 27,7% de Analfabeto / Fundamental Incompleto, 12,6% de Lê e escreve / Fundamental Completo, 44,2% de Médio Incompleto / Médio Completo e 15,5% de Superior Incompleto / Superior Completo. Ponderação quanto a distribuição por renda mensal domiciliar: 29,8% até 1 SM, 24,6% de 1 até 2 SM, 29,0% de 2 até 5 SM, 10,7% de 5 até 10 SM e 5,9% acima de 10 SM.";"Checagem de 20% da amostra efetuada pelos supervisores. Todos os entrevistadores foram amplamente treinados e orientados tanto teoricamente quanto praticamente sobre suas responsabilidade e funções, respeitando as cotas pré-estabelecidas. A equipe está dividida em coordenadoria-geral / supervisores / entrevistadores.";"Em anexo."
"24/08/2022";"00:10:36";"2018";"5";"Eleições Gerais 2018";"AM";"AM";"AMAZONAS";"AM029712018";"20/10/2018";"03079221000195";"DMP DESIGN MARKETING E PROPAGANDA LTDA";"#NULO#";"Governador";"21/10/2018";"25/10/2018";"1500";"8940";"Erico Jnader da Silva Lopes";"23000,00";"03079221000195";"DMP DESIGN MARKETING E PROPAGANDA LTDA";"#NULO#";"03079221000195";"DMP DESIGN MARKETING E PROPAGANDA LTDA";"A metodologia da pesquisa realizada pela DMP, pode ser dêscrita como uma pesquisa quantitativa, com utilização de questionário estruturado e amostragem probabilística simples, com efetuação de entrevistas pessoais em pontos de fluxo populacional, tendo por universo o eleitorado do Estado do Amazonas, obedecendo ao regime de quotas (base TSE de 2018/Censo 2010/PNAD 2016) por densidade eleitoral das regiões, sexo, idade, grau de instrução e nível econômico e com o número de entrevistas proporcionais ao número de eleitores de cada bairro e município. Esta metodologia assegura a representatividade de todos os segmentos sociais da população em qualquer Estado, sendo incluídas na amostra as zonas geográficas descritas no questionário. ";"Eleitorado do Estado do Amazonas, com 16 anos ou mais na área urbana e em cinco municípios do interior do Estado do Amazonas selecionados de forma sistemática conforme características geográficas e com amostragem proporcional por bairro dentro de cada município. Amostragem, coeficiente de confiança, margem de erro: A pesquisa DMP vai entrevistar 1500 eleitores. A amostra garante a nível estadual uma margem de erro 2,6% para um intervalo e confiança de 95%. As ponderações em relação a sexo, idade, grau de instrução e nível econômico, descritas nas perguntas 1 a 4 do questionário, serão realizadas para refletir estatisticamente a proporção do eleitorado consultado, conforme percentuais SEXO: TSE/JUNHO/2018 % Masculino 48,2 Feminino 51,8 FAIXA ETÁRIA: TSE/JUNHO/2018 % De 16 a 17 anos 2,0. De 18 a 24 anos 18. De 25 a 34 anos 28,5. De 35 a 44 anos 21,6. De 45 a 59 anos 19,8. Mais de 60 anos 9,8. GRAU DE INSTRUÇÃO: TSE/JUNHO/2018 %: Analfabeto / lê e escreve(13,5%),  Ensino Fundamental incompleto/completo(26,8), Ensino Médio incompleto/completo(44,2),  Superior incompleto/completo(15,5)- FAIXA DE RENDA: IBGE/PNAD-2016 %, Até 954,00 (69,7%). Mais de R$ 954,00 a R$2.862,00(24,0%). Mais de R$ 2.862,01 a R$ 4.770,00(3,2%). Acima de R$ 4.770,00(3,2%). ";"Sistema interno de controle, verificação, conferência e fiscalização da coleta de dados e do trabalho de campo é assim descrito: Durante o trabalho de campo são checadas 20% das entrevistas (externa), internamente, os dados de diferentes questões são pré-processados e cruzados entre si, o que permite fazer a critica dos mesmos para a verificação de eventuais inconsistências. ";"MANAUS. ZONA OESTE: Compensa (34). Lírio do Vale (9). Santo Antonio (10). São Raimundo (9). São Jorge (9). Gloria(8). Vila da Prata(9). Nova Esperança(8). Santo Agostinho(10). Tarumã(8). ZONA CENTRO OESTE: Alvorada (28). Redenção (16). Bairro da Paz(6). Dom Pedro I (9). Planalto(8). ZONA SUL: Japiim (30). Petrópolis (20). Raiz (8). Cachoeirinha (10). Educandos (7). São Francisco (7). Centro (10). Betânia(6). Morro da Liberdade(8). Aparecida(5). Santa Luzia(5). Praça 14(5). São Lazaro(7). ZONA CENTRO SUL: Flores (22). Parque 10 de Novembro (19) . Aleixo(9). Chapada(6). N s da Graças(6). S Geraldo(5). ZONA LESTE: São José (35). Jorge Teixeira (50). Tancredo Neves (24). Coroado (23). Armando Mendes(13). Mauazinho(10). Gilberto Mestrinho(25). Zumbi(25). ZONA NORTE: Cidade Nova (54). Colônia Terra Nova (20). Monte das Oliveiras (17). Colonia S Antonio(8). Novo Israel(7). Santa Etelvina(24). Novo Aleixo(26). Cidade de Deus(31). Nova Cidade(35). INTERIOR: Maues (49). Coari (79). Manacapuru (104). Itacoatiara (105). Parintins (107). Tabatinga (52). Iranduba (48). Autazes (40). Benjamin Constant (32). Nova Olinda (27). Borba(32)."
"24/08/2022";"00:10:36";"2018";"5";"Eleições Gerais 2018";"AM";"AM";"AMAZONAS";"AM031572018";"20/10/2018";"29842579000111";"REAL TIME BIG DATA GESTAO DE DADOS LTDA.";"REAL TIME BIG DATA";"Governador";"25/10/2018";"25/10/2018";"1500";"7655";"Augusto da Silva Rocha";"7000,00";"29842579000111";"REAL TIME BIG DATA GESTAO DE DADOS LTDA.";"#NULO#";"29842579000111";"REAL TIME BIG DATA GESTAO DE DADOS LTDA.";"Pesquisa quantitativa, que consiste na realização de entrevistas por telefone, com a aplicação de questionário estruturado junto a uma amostra, representativa do eleitorado em estudo.";"Universo: 2.428.098 eleitores (TSE). Amostra: 1500 entrevistas. Nível de Confiança: 95%. Margem de Erro: até 3 pontos percentuais para mais ou para menos. Divisão Censitária. Ponderação quanto ao sexo e faixa etária: Masculino de 16 a 24 anos (9,7%), Masculino de 25 a 34 anos (12,0%), Masculino de 35 a 44 anos (10,8%), Masculino de 45 a 59 anos (10,2%) e Masculino acima de 59 anos (6,1%). Feminino de 16 a 24 anos (10,4%), Feminino de 25 a 34 anos (12,8%), Feminino de 35 a 44 anos (11,3%), Feminino de 45 a 59 anos (10,4%) e Feminino acima de 59 anos (6,2%). Ponderação quanto ao nível de instrução: 28% de Analfabeto / Fundamental Incompleto, 13% de Lê e escreve / Fundamental Completo, 44% de Médio Incompleto / Médio Completo e 15% de Superior Incompleto / Superior Completo. Ponderação quanto a distribuição por renda mensal domiciliar: 30% até 1 SM, 25% de 1 até 2 SM, 29% de 2 até 5 SM, 11% de 5 até 10 SM e 6% acima de 10 SM. Fonte de Dados: IBGE e TSE 2018.";"Checagem de 20% da amostra efetuada pelos supervisores. Todos os entrevistadores foram amplamente treinados e orientados tanto teoricamente quanto praticamente sobre suas responsabilidade e funções, respeitando as cotas pré-estabelecidas. A equipe está dividida em coordenadoria-geral / supervisores / entrevistadores.";"Em anexo."
"24/08/2022";"00:10:36";"2018";"5";"Eleições Gerais 2018";"AM";"AM";"AMAZONAS";"AM032202018";"26/07/2018";"04942645000102";"J J COELHO";"INSTITUTO PHOENIX & ASSOCIADOS";"Governador, Deputado Estadual, Deputado Federal, Senador";"26/07/2018";"26/07/2018";"20";"7655-A";"AUGUSTO DA SILVA ROCHA CONRE";"2,00";"04942645000102";"J J COELHO";"#NULO#";"04942645000102";"J J COELHO";"Pesquisa teste no uso dos formulário do eletrônicos Google Forms¿.";"A amostragem será dada mediante o impulsionamento do Facebook com idade mínima de 16 anos para mais, a margem de erro e o nível de confiança são de teste, por isso não temos um valor exato.";"O controle de verificação é totalmente eletrônico, está sendo feito apenas um teste que não será divulgado para o público. Será divulgado somente para os entrevistados que pedirem os resultados que a planilha eletrônica do Google Forms nos informar.";"Após os resultados informaremos os locais."
"24/08/2022";"00:10:36";"2018";"5";"Eleições Gerais 2018";"AM";"AM";"AMAZONAS";"AM033302018";"24/07/2018";"03079221000195";"DMP DESIGN MARKETING E PROPAGANDA LTDA";"#NULO#";"Governador, Senador";"23/07/2018";"29/07/2018";"1500";"8940";"Erico Jander da Silva Lopes";"24000,00";"03079221000195";"DMP DESIGN MARKETING E PROPAGANDA LTDA";"#NULO#";"03079221000195";"DMP DESIGN MARKETING E PROPAGANDA LTDA";"A metodologia da pesquisa realizada pela DMP, é uma pesquisa quantitativa com utilização de questionário estruturado, e amostragem probabilística simples, com efetuação de entrevistas pessoais em pontos de fluxo populacional, tendo por universo o eleitorado de Manaus, obedecendo ao regime de quotas (base TSE de 2012/Censo 2010) por densidade eleitoral das regiões, sexo, idade, grau de instrução e nível econômico e com o número de entrevistas proporcionais ao número de eleitores de capa bairro. Esta metodologia assegura a representatividade de todos os segmentos sociais da população em qualquer Estado, sendo incluídas na amostra as zonas geográficas descritas no questionário. ";"Eleitorado do Estado do Amazonas, com 16 anos ou mais na área urbana e em cinco municípios do interior do Estado do Amazonas selecionados de forma sistemática conforme características geográficas e com amostragem proporcional por bairro dentro de cada município. Amostragem, coeficiente de confiança, margem de erro: A pesquisa DMP vai entrevistar 1500 eleitores. A amostra garante a nível estadual uma margem de erro 2,6% para um intervalo e confiança de 95%. As ponderações em relação a sexo, idade, grau de instrução e nível econômico, descritas nas perguntas 1 a 4 do questionário, serão realizadas para refletir estatisticamente a proporção do eleitorado consultado, conforme percentuais SEXO: TSE/JUNHO/2012 % Masculino 48,2 Feminino 51,8 FAIXA ETÁRIA: TSE/JUNHO/2012 % De 16 a 17 anos 2,0. De 18 a 24 anos 18. De 25 a 34 anos 28,5. De 35 a 44 anos 21,6. De 45 a 59 anos 19,8. Mais de 60 anos 9,8. GRAU DE INSTRUÇÃO: TSE/JUNHO2012: % Analfabeto / 1 ano ou menos de estudo 9,6. Ensino Fundamental (incompleto/completo) 42,1 Ensino Médio (incompleto/completo) 41,9 Superior (incompleto/completo) 6,4 - FAIXA DE RENDA: CENSO/2010 % Até 937,00. De R$ 937,00 a R$2.811,00. De R$ 2.811,01 a R$ 4.685,00. Acima de R$ 4.685,00. Não quis responder.";"Sistema interno de controle, verificação, conferência e fiscalização da coleta de dados e do trabalho de campo é assim descrito: Durante o trabalho de campo são checadas 20% das entrevistas (externa), internamente, os dados de diferentes questões são pré-processados e cruzados entre si, o que permite fazer a critica dos mesmos para a verificação de eventuais inconsistências. ";"MANAUS. ZONA OESTE: Compensa (34). Lírio do Vale (9). Santo Antonio (10). São Raimundo (9). São Jorge (9). Gloria(8). Vila da Prata(9). Nova Esperança(8). Santo Agostinho(10). Tarumã(8). ZONA CENTRO OESTE: Alvorada (28). Redenção (16). Bairro da Paz(6). Dom Pedro I (9). Planalto(8). ZONA SUL: Japiim (30). Petrópolis (20). Raiz (8). Cachoeirinha (10). Educandos (7). São Francisco (7). Centro (10). Betânia(6). Morro da Liberdade(8). Aparecida(5). Santa Luzia(5). Praça 14(5). São Lazaro(7). ZONA CENTRO SUL: Flores (22). Parque 10 de Novembro (19) . Aleixo(9). Chapada(6). N s da Graças(6). S Geraldo(5). ZONA LESTE: São José (35). Jorge Teixeira (50). Tancredo Neves (24). Coroado (23). Armando Mendes(13). Mauazinho(10). Gilberto Mestrinho(25). Zumbi(25). ZONA NORTE: Cidade Nova (54). Colônia Terra Nova (20). Monte das Oliveiras (17). Colonia S Antonio(8). Novo Israel(7). Santa Etelvina(24). Novo Aleixo(26). Cidade de Deus(31). Nova Cidade(35). INTERIOR: Tefé (105). Coari (129). Manacapuru (145). Itacoatiara (148). Parintins (174"
"24/08/2022";"00:10:36";"2018";"5";"Eleições Gerais 2018";"AM";"AM";"AMAZONAS";"AM035582018";"19/03/2018";"04816658000127";"EDITORA ANA CASSIA S.A.";"REDE DIARIO DE COMUNICACAO";"Deputado Federal, Senador, Governador";"17/03/2018";"20/03/2018";"1600";"8339";"ROBERIO REBOUCAS DA SILVA";"28107,75";"04816658000127";"EDITORA ANA CASSIA S.A.";"#NULO#";"04816658000127";"EDITORA ANA CASSIA S.A.";"A pesquisa será realizada nos dias 17, 18, 19 e 20 de março de 2018, envolvendo diversos bairros do município de Manaus e 11 (onze) municípios do interior do estado do Amazonas. Serão entrevistados 1000 (mil) eleitores na capital e 600 (seiscentos) nos municípios selecionados do interior do Estado do Amazonas. O estudo será conduzido de modo que a margem de erro máxima seja de 2,45 pontos percentuais para mais ou para menos, com um intervalo de confiança a 95%.   A população está definida como sendo o conjunto de eleitores com registro eleitoral no Estado do Amazonas, aptos a votar nas eleições de 2018.   O levantamento será domiciliar, sendo entrevistado um único eleitor por domicílio. Os domicílios serão escolhidos através de sorteio, tendo todos iguais chances de fazer parte da amostra. Somente serão entrevistados eleitores cujo domicílio está em um bairro que faz parte de sua zona eleitoral e que estejam aptos a votar nas eleições de 2018, com sua situação devidamente regularizada no TRE.   O método de seleção amostral a ser utilizado será a amostragem aleatória estratificada para proporções. Os estratos correspondentes são definidos pelas respectivas zonas eleitorais. Em cada estrato é feito um processo de amostragem aleatória simples, o que implica em um sorteio aleatório de eleitores dentro de cada estrato.   ";"O método de seleção amostral a ser utilizado será a amostragem aleatória estratificada para proporções. Os estratos correspondentes são definidos pelas respectivas zonas eleitorais dos municípios selecionados. Em cada estrato é feito um processo de amostragem aleatória simples, o que implica em um sorteio aleatório de eleitores dentro de cada estrato. Isso garante uma representação adequada de outros estratos da população na amostra, definidos de acordo com outras variáveis, como sexo, idade, grau de instrução e nível econômico.";"O trabalho de coleta das informações no campo será feito utilizando-se uma equipe composta de vinte e seis (26) pesquisadores e cinco (5) supervisores de campo e um coordenador geral do campo. A distribuição geográfica dos pesquisadores será organizada pelos respectivos supervisores de acordo com o plano amostral estabelecido.   Para controle, verificação e conferência das informações coletadas, será obtida uma amostra aleatória simples de tamanho igual a 50 questionários.   ";"As mil e seiscentas (1.600) entrevistas serão realizadas nos bairros das zonas eleitorais de Manaus (os bairros das zonas podem ser encontrados em http://www.tre-am.gov.br) e em 12 municípios do interior.   Nos bairros do município de Manaus serão aplicados 1.000 (mil) questionários, assim distribuídos na tabela abaixo:     BAIRROS Nº de questionários a serem aplicados  ADRIANÓPOLIS 7  ALEIXO 14  ALVORADA 41  ALVORADA 2 1  ARMANDO MENDES 15  BETÂNIA 7  CACHOEIRINHA 11  CENTRO 20  CHAPADA 4  CIDADE DE DEUS 24  CIDADE NOVA 83  COLONIA ANTONIO ALEIXO 8  COLONIA OLIVEIRA MACHADO 4  COLONIA SANTO ANTONIO 3  COLONIA TERRA NOVA 20  COMPENSA 44  COROADO 31  CRESPO 7  DOM PEDRO 17  EDUCANDOS 8  FLORES 23  GILBERTO MESTRINHO 18  GLORIA 5  JAPIIM 30  JORGE TEIXEIRA 57  LAGO AZUL 8  LÍRIO DO VALE 13  MAUAZINHO 11  MONTE DAS OLIVEIRAS 17  MORRO DA LIBERDADE 8  NOSSA SENHORA DAS GRAÇAS 9  NOSSA SENHORA DE APARECIDA 4  NOVA CIDADE 33  NOVA ESPERANÇA 8  NOVO ALEIXO 52  NOVO ISRAEL 13  PARQUE 10 DE NOVEMBRO 25  PAZ 9  PETROPOLIS 29  PLANALTO 6  PRAÇA 14 DE JANEIRO 9  PRESIDENTE VARGAS 3  PURAQUEQUARA 3  RAIZ 7  REDENÇÃO 24  SANTA ETELVINA 20  SANTA LUZIA 5  SANTO AGOSTINHO 5  SANTO ANTONIO 12  SÃO FRANCISCO 11  SÃO GERALDO 4  SÃO JORGE 14  SÃO JOSÉ OPERÁRIO 46  SÃO LÁZARO 7  SÃO RAIMUNDO 7  TANCREDO NEVES 26  TARUMÃ 19  TARUMÃ-AÇU 5  VILA BURITI 0  VILA DA PRATA 6  ZUMBI DOS PALMARES 20       Nos municípios selecionados do interior do Estado Amazonas serão aplicados 600 (seiscentos) questionários, assim distribuídos por bairro:      BORBA: Nº de questionários a serem aplicados 28        PRESIDENTE FIGUEIREDO: Nº de questionários a serem aplicados 30      COARI: Nº de questionários a serem aplicados 55        IRANDUBA: Nº de questionários a serem aplicados 40        ITACOATIARA: Nº de questionários a serem aplicados 89        MANACAPURU: Nº de questionários a serem aplicados 88        HUMAITÁ: Nº de questionários a serem aplicados 39        PARINTINS: Nº de questionários a serem aplicados 92        TABATINGA: Nº de questionários a serem aplicados 44      SÃO GABRIEL DA CACHOEIRA: Nº de questionários a serem aplicados 40        TEFÉ: Nº de questionários a serem aplicados 55  "
"24/08/2022";"00:10:36";"2018";"5";"Eleições Gerais 2018";"AM";"AM";"AMAZONAS";"AM039152018";"22/09/2018";"06023655000161";"A F SOARES MARKETING E PESQUISAS DE MERCADO LTDA - EPP";"ACTION MARKETING E PESQUISAS";"Governador, Senador";"18/09/2018";"24/09/2018";"1100";"7117";"JOÃO CALDAS DO LAGO NETO";"45000,00";"06023655000161";"A F SOARES MARKETING E PESQUISAS DE MERCADO LTDA - EPP";"#NULO#";"06023655000161";"A F SOARES MARKETING E PESQUISAS DE MERCADO LTDA - EPP";"Survey, quantitativa, descritiva, transversal. Pesquisa de campo (dados primários). Amostragem não probabilística, estratificada por cotas. Universo: eleitores residentes e domiciliados na área urbana dos municípios pesquisados. Coleta dos dados: questionário estruturado, aplicado de modo presencial em entrevista direta ou face-to-face. Tratamento dos dados: estatística descritiva (Média, mediana, desvio-padrão), analise de normalidade (Skewness e curtosis) e Cruzamento de dados.  Público alvo: eleitores da cidade de Manaus e os 20 (vinte) maiores municípios do interior do Amazonas em número de eleitores aptos a votar.   ";"O universo da pesquisa é de acordo com o TRE AM -  Tribunal Regional Eleitoral do Estado do Amazonas, é formado por 2.428.098 eleitores (atualizado em 22/09/2018, às 10:24hs) aptos a votar no Amazonas. O tamanho da amostra será de 1.100 indivíduos, a pesquisa será aplicada nas seis zonas administrativas urbanas de Manaus e nas áreas urbanas dos 20 municípios distribuídos conforme, ponderação descrita a seguir: divisão por meio da Probabilidade proporcional ao Tamanho (PPT) das zonas administrativas e bairros dos municípios pesquisados. seguida pela amostra aleatória simples distribuída por setores censitários geograficamente delimitados por quarteirões (ROTAS) onde cada pesquisador conhecerá os limites de sua área de abrangência por meio de mapa elaborado no Software Arc Map 11.0.. Para estabelecer a distribuição da amostra total (1.100 indivíduos eleitores nos municípios do estado do Amazonas) foi utilizado o Software Sphinx na função ponderação pelo critério PPT. Desta forma foram estimadas as frequências absolutas (ao lado de suas respectivas frequências relativas) para cada município, de acordo com a sua proporção na amostra. Conforme o TRE-AM (21/09/2018), a distribuição prevista entre capital e interior será de 598 indivíduos pesquisados em Manaus (54% ou 0,54) e 502 indivíduos no interior (46%). O interior será representado pelos municípios com maior quantidade de eleitores (TRE-AM, 2018), conforme sua representatividade no total da amostra (0,46) Parintins (54), Itacoatiara (52), Manacapuru (52), Coari (40), Tefé (32), Tabatinga (26), Maués (24), São Gabriel da Cachoeira (23), Humaitá (23), Manicoré (22), Lábrea (19), Presidente Figueiredo (18), Careiro (17), Boca do Acre (16), Eirunepé (16), Borba (16), Carauari (15), São Paulo de Olivença (13), Rio Preto da Eva (12) e Fonte Boa (12) no TOTAL (1.100). Ponderação por Gênero, Conforme o TRE-AM (21/09/2018), será de 537 Masculino (49%) e 563 Feminino (51%), no TOTAL (1.100). Ponderação por Faixa Etária, conforme o TRE-AM (21/09/2018) será com 18 indivíduos de 16 a 17 anos (2%), 81 de 18 a 20 anos (7%), 123 de 21 a 24 anos (11%), 273 de 25 a 34 anos (25%), 243 de 35 a 44 anos (22%), 228 de 45 a 59 anos (21%) e 136 Igual ou superior a 60 anos (12%), no TOTAL (1.100). Ponderação por Grau de Instrução, conforme o TRE-AM (21/09/2018) será de 148 indivíduos Analfabetos/ Lê e Escreve (13%), 295 com Ensino Fundamental Completo/ Incompleto (27%), 487 com Ensino Médio Completo/ Incompleto (44%), 170 com Ensino Superior Completo/ Incompleto (15%), no TOTAL (1.100). Ponderação por Nível Econômico, conforme o PNADC (2016), ouvirá indivíduos Economicamente ativos e Não Economicamente Ativos, conforme a seguinte proporção, Economicamente ativos 403 masculino (75%) e 276 femininos (49%). Não Economicamente ativo será de 134 masculinos (25%) e 287 feminino (51%) (PNADC 2016). Intervalo de confiança e Margem de erro: erro de 3% para mais ou menos em um nível de confiança de 95%. ";"As entrevistas serão realizadas in loco na área urbana de cada município, por um total de 80 pesquisadores de campo, sob supervisão de 10 coordenadores de equipes subordinados ao Setor de Coleta de Dados da Action.O controle será exercido por verificação física do preenchimento dos questionários, checagem das respostas em 20% dos indivíduos pesquisados em cada lote de 50 questionários, desta forma, todos os pesquisadores serão avaliados. Primeiramente o controle da qualidade excluirá os questionários sem preenchimento de um bloco de questões abertas ou fechadas, com rasuras sem justificativas, com incoerências. Em uma segunda etapa, após digitação e correção dos dados, as variáveis correlatas serão cruzadas e os questionários que apresentarem incoerências ou anormalidade, segundo a distância de Mahalanobis, serão excluídos e substituídos por outros, com o mesmo perfil, coletados como excedente ou reposição de cotas.";"A área de abrangência da coleta é o estado do Amazonas. A relação das localidades selecionadas para aplicação da amostra será apresentada até o 7º dia seguinte ao registro da pesquisa, conforme expresso no art. 2º, §6º da Resolução 23.549/2017 do TSE."
"24/08/2022";"00:10:36";"2018";"5";"Eleições Gerais 2018";"AM";"AM";"AMAZONAS";"AM040292018";"31/08/2018";"10730923000152";"ALDOUS J R SANTANA - ME";"INTAKE MARKETING ESTRATEGICO E PESQUISA DE MERCADO";"Governador, Senador";"31/08/2018";"05/09/2018";"1200";"10197";"CARLOS OLÍVIO ROMEIRO DA SILVA";"25700,00";"10730923000152";"ALDOUS J R SANTANA - ME";"#NULO#";"10730923000152";"ALDOUS J R SANTANA - ME";"Pesquisa do tipo quantitativa com uma amostra representativa do eleitorado Amazonense, com utilização de questionário estruturado com efetuação de entrevistas pessoais. A pesquisa é realizada por meio de métodos estatísticos, que utilizam com base as fontes oficiais de dados do País: TSE, TRE e IBGE. ";"Eleitorado do Estado do Amazonas, com 16 anos ou mais na área urbana (Manaus) e em 10 (dez) municípios do interior do Estado do Amazonas, selecionados de forma sistemática conforme características geográficas e com amostragem aleatória estratificada proporcional. Amostragem, coeficiente de confiança, margem de erro: A pesquisa vai entrevistar 1.200 eleitores. A amostra garante a nível estadual uma margem de erro 2,83% para um intervalo e confiança de 95%. As ponderações em relação a sexo, idade, grau de instrução e nível econômico, descritas no questionário, serão realizadas para refletir estatisticamente a proporção do eleitorado consultado, conforme percentuais. SEXO: TRE-AM/2018 - Masculino 48,8% e Feminino 51,2%. FAIXA ETÁRIA (Idade): TRE-AM/2018 - De 16 a 17 anos 1,62%. De 18 a 24 anos 18,54%. De 25 a 34 anos 24,84%. De 35 a 44 anos 22,07%. De 45 a 59 anos 20,63%. Mais de 60 anos 12,31%. GRAU DE INSTRUÇÃO: TRE-AM/2018 - Analfabeto / lê e escreve 13,5%. Ensino Fundamental incompleto/completo 26,8%. Ensino Médio incompleto/completo 44,2%. Ensino Superior incompleto/completo 15,5%. NÍVEL ECONÔMICO (Renda Familiar): IBGE/PNAD - 2016, 0 (zero) Até 1 S.M (R$954,00) 69,7%. Mais de 1 S.M a 3 S.M (R$954,00 a R$2.862,00) 24,0%. Mais de 3 S.M a 5 S.M (R$ 2.862,01 a R$ 4.770,00) 3,2%. Acima de 5 S.M (R$ 4.770,00) 3,2%. ";"Verificação e fiscalização em 20% dos questionários no local da coleta de dados, realizada pelo coordenador de campo.";"MANAUS: ZONA CENTRO OESTE: ALVORADA nº de questionários a serem aplicados (28). BAIRRO DA PAZ nº de questionários a serem aplicados (6). DOM PEDRO nº de questionários a serem aplicados (12). PLANALTO nº de questionários a serem aplicados (4). e REDENÇÃO nº de questionários a serem aplicados (17).     ZONA CENTRO SUL: ADRIANÓPOLIS nº de questionários a serem aplicados (5). ALEIXO nº de questionários a serem aplicados (9). FLORES nº de questionários a serem aplicados (17). N S DA GRAÇAS nº de questionários a serem aplicados (6). PARQUE 10 DE NOVEMBRO nº de questionários a serem aplicados (19). e S GERALDO nº de questionários a serem aplicados (3).    ZONA LESTE: ARMANDO MENDES nº de questionários a serem aplicados (11). COL. A. ALEIXO nº de questionários a serem aplicados (6). COROADO nº de questionários a serem aplicados (23). GILBERTO MESTRINHO nº de questionários a serem aplicados (13).  JORGE TEIXEIRA nº de questionários a serem aplicados (42). MAUAZINHO nº de questionários a serem aplicados (8). SÃO JOSÉ nº de questionários a serem aplicados (34). TANCREDO NEVES nº de questionários a serem aplicados(20). e ZUMBI nº de questionários a serem aplicados (15).    ZONA NORTE: CIDADE DE DEUS nº de questionários a serem aplicados (18). CIDADE NOVA nº de questionários a serem aplicados (61). COLÔNIA TERRA NOVA nº de questionários a serem aplicados (15). LAGO AZUL nº de questionários a serem aplicados (6). MONTE DAS OLIVEIRAS nº de questionários a serem aplicados (12). NOVA CIDADE nº de questionários a serem aplicados (25). NOVO ALEIXO nº de questionários a serem aplicados (38). NOVO ISRAEL nº de questionários a serem aplicados (9). e SANTA ETELVINA nº de questionários a serem aplicados (14).     ZONA OESTE: COMPENSA nº de questionários a serem aplicados (32). GLORIA nº de questionários a serem aplicados (3). LÍRIO DO VALE nº de questionários a serem aplicados (9). NOVA ESPERANÇA nº de questionários a serem aplicados (6). SANTO AGOSTINHO nº de questionários a serem aplicados (7). SANTO ANTONIO nº de questionários a serem aplicados (9). SÃO JORGE nº de questionários a serem aplicados (10). SÃO RAIMUNDO nº de questionários a serem aplicados (5). TARUMÃ nº de questionários a serem aplicados (17). e VILA DA PRATA nº de questionários a serem aplicados (4).     ZONA SUL: BETÂNIA nº de questionários a serem aplicados (5). CACHOEIRINHA nº de questionários a serem aplicados (8). CENTRO nº de questionários a serem aplicados (15). COL O MACHADO nº de questionários a serem aplicados (3). CRESPO nº de questionários a serem aplicados (5). EDUCANDOS nº de questionários a serem aplicados (6). JAPIIM nº de questionários a serem aplicados (22). MORRO DA LIBERDADE nº de questionários a serem aplicados (6). PETROPOLIS nº de questionários a serem aplicados (21). PRAÇA 14 nº de questionários a serem aplicados (7). RAIZ nº de questionários a serem aplicados (5). SANTA LUZIA nº de questionários a serem aplicados (4). SÃO FRANCISCO nº de questionários a serem aplicados (8). e SÃO LAZARO nº de questionários a serem aplicados (5).      INTERIOR: AUTAZES nº de questionários a serem aplicados (29). CAREIRO nº de questionários a serem aplicados (24). COARI nº de questionários a serem aplicados (58). IRANDUBA nº de questionários a serem aplicados (35). ITACOATIARA nº de questionários a serem aplicados (77). MANACAPURU nº de questionários a serem aplicados (76). MAUÉS nº de questionários a serem aplicados (36). PARINTINS nº de questionários a serem aplicados (79). RIO PRETO DA EVA nº de questionários a serem aplicados (17). e TEFÉ nº de questionários a serem aplicados (47).   "
"24/08/2022";"00:10:36";"2018";"5";"Eleições Gerais 2018";"AM";"AM";"AMAZONAS";"AM045062018";"21/10/2018";"03079221000195";"DMP DESIGN MARKETING E PROPAGANDA LTDA";"#NULO#";"Governador";"28/10/2018";"28/10/2018";"1000";"8940";"Erico Jander da Silva Lopes";"10000,00";"03079221000195";"DMP DESIGN MARKETING E PROPAGANDA LTDA";"#NULO#";"03079221000195";"DMP DESIGN MARKETING E PROPAGANDA LTDA";"A metodologia da pesquisa realizada pela DMP, é a utilização de questionário estruturado, e amostragem probabilística simples, com realização de entrevistas pessoais com questionário estruturado, aplicado em entrevista direta, tendo por universo o eleitorado das zonas eleitorais do município. ";": Universo ¿ Eleitorado de Manaus, com 16 anos ou selecionados de forma sistemática conforme amostragem proporcional por zona e colégio eleitoral dentro do município. Amostragem, coeficiente de confiança, margem de erro: A pesquisa DMP vai entrevistar 1000 eleitores. A amostra garante a nível municipal uma margem de erro de 3% para um intervalo e confiança de 95%. As ponderações em relação a sexo, idade, descritas nas perguntas 1 e 2 do questionário, serão realizadas para refletir estatisticamente a proporção do eleitorado consultado, conforme SEXO: TSE/JUNHO/2018 % Masculino 48,2 Feminino 51,8 FAIXA ETÁRIA: TSE/JUNHO/2018 % De 16 a 17 anos 2,0. De 18 a 24 anos 18. De 25 a 34 anos 28,5. De 35 a 44 anos 21,6. De 45 a 59 anos 19,8.";" Durante o trabalho de campo são checadas pelo coordenador as entrevistas realizadas após o termino em cada colégio eleitoral.";"#NULO#"
"24/08/2022";"00:10:36";"2018";"5";"Eleições Gerais 2018";"AM";"AM";"AMAZONAS";"AM045582018";"01/10/2018";"06023655000161";"A F SOARES MARKETING E PESQUISAS DE MERCADO LTDA - EPP";"ACTION MARKETING E PESQUISAS";"Governador, Senador";"03/10/2018";"05/10/2018";"1100";"7117";"JOÃO CALDAS DO LAGO NETO";"45000,00";"06023655000161";"A F SOARES MARKETING E PESQUISAS DE MERCADO LTDA - EPP";"#NULO#";"06023655000161";"A F SOARES MARKETING E PESQUISAS DE MERCADO LTDA - EPP";"Survey, quantitativa, descritiva, transversal. Pesquisa de campo (dados primários). Amostragem não probabilística, estratificada por cotas. Universo: eleitores residentes e domiciliados na área urbana dos municípios pesquisados. Coleta dos dados: questionário estruturado, aplicado de modo presencial em entrevista direta ou face-to-face. Tratamento dos dados: estatística descritiva (Média, mediana, desvio-padrão), analise de normalidade (Skewness e curtosis) e Cruzamento de dados. Público alvo: eleitores da cidade de Manaus e os 20 (vinte) maiores municípios do interior do Amazonas em número de eleitores aptos a votar.";"O universo da pesquisa é de acordo com o TRE AM - Tribunal Regional Eleitoral do Estado do Amazonas, é formado por 2.428.098 eleitores (atualizado em 22/09/2018, às 10:24hs) aptos a votar no Amazonas. O tamanho da amostra será de 1.100 indivíduos, a pesquisa será aplicada nas seis zonas administrativas urbanas de Manaus e nas áreas urbanas dos 20 municípios distribuídos conforme, ponderação descrita a seguir: divisão por meio da Probabilidade proporcional ao Tamanho (PPT) das zonas administrativas e bairros dos municípios pesquisados. seguida pela amostra aleatória simples distribuída por setores censitários geograficamente delimitados por quarteirões (ROTAS) onde cada pesquisador conhecerá os limites de sua área de abrangência por meio de mapa elaborado no Software Arc Map 11.0. Para estabelecer a distribuição da amostra total (1.100 indivíduos eleitores nos municípios do estado do Amazonas) foi utilizado o Software Sphinx na função ponderação pelo critério PPT. Desta forma foram estimadas as frequências absolutas (ao lado de suas respectivas frequências relativas) para cada município, de acordo com a sua proporção na amostra. Conforme o TRE-AM (22/09/2018), a distribuição proporcional prevista entre capital e interior será de 598 indivíduos pesquisados em Manaus (54,37% ou 0,5437) e 502 indivíduos no interior (45,63% ou 0,4563). O interior será representado por municípios selecionados pela quantidade de leitores e sua representatividade na calha dos rios onde estão situados. Desta forma, se terá municípios representantes de todas as calhas. O tamanho da amostra será proporcional ao universo (TRE-AM, 22/09/2018) conforme a representatividade de cada município, sendo distribuída em  Parintins (54), Itacoatiara (52), Manacapuru (52), Coari (40), Tefé (32), Tabatinga (26), Maués (24), São Gabriel da Cachoeira (23), Humaitá (23), Manicoré (22), Lábrea (19), Presidente Figueiredo (18), Careiro (17), Boca do Acre (16), Eirunepé (16), Borba (16), Carauari (15), São Paulo de Olivença (13), Rio Preto da Eva (12) e Fonte Boa (12), sendo no TOTAL (1.100), Fonte TRE-AM, 22/09/2018. Ponderação: Gênero será de 537 Masculino (48,85%) e 563 Feminino (51,15%), no TOTAL (1.100), Fonte TRE-AM, 22/09/2018. Ponderação: Faixa Etária será de 18 de 16 a 17 anos (1,62%), 81 de 18 a 20 anos (7,34%), 123 de 21 a 24 anos (11,20%), 273 de 25 a 34 anos (24,84%), 243 de 35 a 44 anos (22,07%), 227 de 45 a 59 anos (20,63%) e 135 Igual ou superior a 60 anos (12,30%), no TOTAL (1.100), Fonte TRE-AM, 22/09/2018. Ponderação: Grau de Instrução será de 148 de Analfabetos/ Lê e Escreve (13,46%), 295 de Ensino Fundamental Completo/ Incompleto (26,82%), 487 de Ensino Médio Completo/ Incompleto (44,23%), 170 de Ensino Superior Completo/ Incompleto (15,49%), no TOTAL (1.100), Fonte TRE-AM, 22/09/2018. Ponderação: Nível Econômico:  Economicamente ativo será de 403 masculino (75,00%), 276 femininos (49,00%). Não Economicamente ativo será de 134 masculino (25,00%), 287 femininos (51,00%), Fonte IBGE/ PNADC 2016. Intervalo de confiança e Margem de erro: erro de 3% para mais ou menos em um nível de confiança de 95%.";"As entrevistas serão realizadas in loco na área urbana de cada município, por um total de 80 pesquisadores de campo, sob supervisão de 10 coordenadores de equipes subordinados ao Setor de Coleta de Dados da Action. O controle será exercido por verificação física do preenchimento dos questionários, checagem das respostas em 20% dos indivíduos pesquisados em cada lote de 50 questionários, desta forma, todos os pesquisadores serão avaliados. Primeiramente o controle da qualidade excluirá os questionários sem preenchimento de um bloco de questões abertas ou fechadas, com rasuras sem justificativas, com incoerências. Em uma segunda etapa, após digitação e correção dos dados, as variáveis correlatas serão cruzadas e os questionários que apresentarem incoerências ou anormalidade, segundo a distância de Mahalanobis, serão excluídos e substituídos por outros, com o mesmo perfil, coletados como excedente ou reposição de cotas.";"A área de abrangência da coleta é o estado do Amazonas. A relação das localidades selecionadas para  aplicação da amostra será apresentada até o 7º dia seguinte ao registro da pesquisa, conforme expresso no  art. 2º, §6º da Resolução 23.549/2017 do TSE.  "
"24/08/2022";"00:10:36";"2018";"5";"Eleições Gerais 2018";"AM";"AM";"AMAZONAS";"AM046602018";"22/06/2018";"10730923000152";"ALDOUS J R SANTANA - ME";"INTAKE MARKETING ESTRATEGICO E PESQUISA DE MERCADO";"Governador";"22/06/2018";"25/06/2018";"1100";"9975";"JAIR DA SILVA FEITOZA";"18000,00";"10730923000152";"ALDOUS J R SANTANA - ME";"#NULO#";"10730923000152";"ALDOUS J R SANTANA - ME";"Pesquisa do tipo quantitativa com uma amostra representativa do eleitorado Amazonense, aplicando um questionário estruturado, onde serão entrevistados 700 (setecentos) eleitores na capital Manaus e 400 (quatrocentos) nos 8 (oito) municípios selecionados do interior do Estado do Amazonas. A população está definida como sendo o conjunto de eleitores aptos a votar em 2018 no município de Manaus (capital) e nos 8 (oito) municípios do interior do Estado do Amazonas selecionados.";"Eleitores residentes no Amazonas, com uma amostra de 1.100 (hum mil e cem) entrevistas. A distribuição da amostra pela variável Sexo será de 51,19% do sexo Feminino e 48,81% do Masculino. Quanto à variável Idade (faixa etária), a distribuição será a seguinte: 20,4% (16-24 anos), 24,98% (25-34 anos), 22,05% (35-44 anos) e 32,53% (acima de 45 anos), conforme dados do TSE, de março de 2018, como definição do Universo a ser validado, apesar de perguntarmos acerca das variáveis Nível de Escolaridade, Renda Familiar e Religião não será aplicada nenhuma ponderação, considerando que essas 03 (três) variáveis Tenham pouca consistência histórica. O método de seleção amostral a ser utilizado será a amostragem aleatória estratificada para proporções. Os estratos correspondentes são definidos pelas respectivas zonas administrativas do município de Manaus e nos municípios selecionados do interior os estratos correspondentes são definidos pelas zonas rural e urbana. A pesquisa será realizada envolvendo todos as 6 (seis) zonas Administrativas do universo segundo TRE AM (março de 2018) Tribunal Regional Eleitoral do Estado do Amazonas de 1.297.546 eleitores aptos a votar em Manaus (CAPITAL) com a seguinte distribuição: ZONA CENTROOESTE (9,2%), ZONA CENTRO-SUL (8,4%), ZONA LESTE (23,8%), ZONA NORTE (27,4%), ZONA OESTE (14,2%) e SUL (17,0%). Nos 8 municípios selecionados do Interior com universo de 234.087 (segundo TRE AM ¿ março de 2018) eleitores aptos a votar com a seguinte distribuição: CAREIRO (8,8%), IRANDUBA (12,5%), ITACOATIARA (27,9%), MANACAPURU (27,6%), NOVO AIRÃO (4,3%), PRESIDENTE FIGUEIREDO (9,5%), RIO PRETO DA EVA (6,4%) e SILVES (3,0%). O estudo será conduzido de modo que a margem de erro máxima seja de 2,95 % (pontos percentuais) para mais ou para menos, com um intervalo de confiança a 95%.";"Verificação e fiscalização em 20% dos questionários no local da coleta de dados, realizada pelo coordenador de campo.";"1. No município de Manaus (capital) serão aplicados 700 (setecentos) questionários envolvendo as zonas administrativas, assim distribuídos: ZONA CENTRO-OESTE nº de questionários a serem aplicados: 65. ZONA CENTRO-SUL nº de questionários a serem aplicados: 59. ZONA LESTE nº de questionários a serem aplicados: 166. ZONA NORTE nº de questionários a serem aplicados: 192. ZONA OESTE nº de questionários a serem aplicados: 99. ZONA SUL nº de questionários a serem aplicados: 119.    2. Nos municípios selecionados do interior do Estado Amazonas serão aplicados 400 (quatrocentos) questionários envolvendo zona Rural e Urbana, assim distribuídos: CAREIRO: nº de questionários a serem aplicados 35, IRANDUBA nº de questionários a serem aplicados 50, ITACOATIARA nº de questionários a serem aplicados 111, MANACAPURU nº de questionários a serem aplicados 110, NOVO AIRÃO Nº de questionários a serem aplicados 17, PRESIDENTE  FIGUEIREDO nº de questionários a serem aplicados 38, RIO PRETO DA EVA nº de questionários a serem aplicados 26 e SILVES nº de questionários a serem aplicados 12."
"24/08/2022";"00:10:36";"2018";"5";"Eleições Gerais 2018";"AM";"AM";"AMAZONAS";"AM049072018";"19/10/2018";"14614894000114";"ERIC LIMA BARBOSA - ME";"PONTUAL PESQUISAS";"Governador";"20/10/2018";"24/10/2018";"2848";"9079";"Alice Nascimento de Assis";"20000,00";"14614894000114";"ERIC LIMA BARBOSA - ME";"#NULO#";"14614894000114";"ERIC LIMA BARBOSA - ME";"A pesquisa será realizada envolvendo 09 (nove) municípios do interior do Amazonas e a capital pertencentes às zonas geográficas descritas no questionário. Do qual a população de estudo será o conjunto de eleitores com 16 anos ou mais, com registro eleitoral no município de Manaus e nos 09 municípios e estando aptos a votar nas eleições gerais no Brasil para 2018. A metodologia aplicada pela Pontual Pesquisas obedecerá a técnica de pesquisa transversal do tipo quantitativa por meio de aplicação de questionário estruturado a rigor de cálculo de amostragem probabilística aleatória simples, com efetuação de pesquisas em pontos de fluxo ou domiciliares, com entrevistas voluntárias e confidenciais, obedecendo ao regime de quotas (base TSE de 2018, TRE de 2018 e Censo 2010/PNAD 2016) por densidade eleitoral das regiões, sexo, idade, grau de instrução e nível econômico. A coleta de dados ocorrerá nos dias 20 a 24 de outubro na capital do estado e os 09 municípios. A Pontual Pesquisas utilizará questionários previamente validado através de estudo piloto, por equipe treinada, sendo composta por 12 entrevistadores, 02 supervisores e 01 coordenador.";"Cada entrevistado será alcançado através de sorteio aleatório simples, representando que todos têm a mesma chance de ser sorteado para o estudo, garantindo assim, metodologia adequada de representações para as variáveis que apresentam ponderações quanto a sexo, idade, grau de instrução e nível econômico. Serão realizadas 2848 entrevistas eleitorais, a distribuição prevista será de, 1535 para Manaus (54,4%) e 1313 indivíduos no interior (45,6%), pela variável Sexo será de 51,8% do Feminino e 48,2% do Masculino. Quanto à variável Idade (faixa etária), a distribuição será a seguinte: 20,2% (16-24 anos), 24,8% (25-34 anos), 22,1% (35-44 anos) e 32,9% (acima de 45 anos), GRAU DE INSTRUÇÃO: Analfabeto/lê e escreve (13,5%), Ensino Fundamental incompleto/completo(26,8%), Ensino Médio incompleto/completo(44,2%), Superior incompleto/completo(15,5%), conforme dados do TSE, de julho de 2018. Quanto a variável nível econômico (faixa renda): IBGE/PNAD-2016, Até 954,00 (69,7%). Mais de R$ 954,00 a R$2.862,00 (24,0%). Mais de R$ 2.862,01 a R$ 4.770,00 (3,2%). Acima de R$ 4.770,00 (3,2%). Não quis responder. Apesar de perguntarmos acerca da variável Religião não serão aplicados nenhuma ponderação, considerando que essa variável tenham pouca consistência histórica. A margem de erro máxima de 1,9 pontos percentuais para mais ou para menos, considerando o intervalo de confiança de 95%, conforme Morettin (2009) página 229. O universo da pesquisa é de acordo com o TRE AM - Tribunal Regional Eleitoral do Estado do Amazonas, formado por 2.428.098 eleitores (atualizado em 20/08/2018, às 12:00hs) aptos a votar no Amazonas.";"Para controle, verificação e conferência das informações coletadas foi desenvolvido trabalho com equipes composta de 12 entrevistadores, 02 supervisores, 01 coordenador. Neste estudo, os supervisores e coordenadores serão responsáveis por realizar conferência de 10% dos questionários preenchidos em campo, procedimento adotado para efeito de verificação e coerência das informações coletadas. Após esta etapa, os questionários são verificados, durante todas as etapas, quanto a construção do banco de dados e análise das variáveis.";"As coletas serão realizadas obedecendo aos seguintes cálculos de amostragem determinado, para os municípios e a capital.  1. Parintins (220). 2. Itacoatiara (214). 3. Manacapuru (213). 4. Coari (162). 5. Tefé (132). 6. Maués (100). 7. Iranduba (99). 8. Tabatinga (107). 9. Benjamin Constant (66). No interior a divisão de bairros é totalmente imprecisa e inaplicável sua utilização. 6. Manaus (1535) ¿ distribuídos nas seguintes zonas e bairros: ZONA CENTRO-OESTE: Dom Pedro (25). Alvorada (59). Planalto (9). Bairro da Paz (14). Redenção (35). ZONA CENTRO-SUL: Nossa Senhora das Graças (13). Parque 10 (39). São Geraldo (11). Chapada (10). Aleixo (20). Flores (35). ZONA LESTE: Coroado (48). São José Operário (71). Armando Mendes (26). Zumbi dos Palmares (32). Mauazinho (28). Jorge Teixeira (87). Tancredo Neves (41). Gilberto Mestrinho (31). ZONA NORTE: Cidade Nova (127). Colônia Santo Antônio (15). Novo Aleixo (80). Novo Israel (21). Santa Etelvina (29). Colônia Terra Nova (31). Monte das Oliveiras (26). Nova Cidade (52). Cidade de Deus (37). ZONA OESTE: São Raimundo (12). São Jorge (22). Glória (13). Santo Antônio (19). Vila da Prata (12). Compensa (67). Nova Esperança (13). Lírio do Vale (20). Santo Agostinho (15). Tarumã (34). ZONA SUL: Centro (30). Nossa Senhora Aparecida (12). Praça 14 (15). Cachoerinha (16). Santa Luzia (12). Raiz (13). Morro da Liberdade (14). Educandos (15). São Francisco (16). Betânia (13). Japiim (46). São Lázaro (13). Petrópolis (44).   "
"24/08/2022";"00:10:36";"2018";"5";"Eleições Gerais 2018";"AM";"AM";"AMAZONAS";"AM052142018";"21/09/2018";"03079221000195";"DMP DESIGN MARKETING E PROPAGANDA LTDA";"#NULO#";"Governador";"22/09/2018";"27/09/2018";"1500";"8940";"Erico Jander da Silva Lopes";"24000,00";"03079221000195";"DMP DESIGN MARKETING E PROPAGANDA LTDA";"#NULO#";"03079221000195";"DMP DESIGN MARKETING E PROPAGANDA LTDA";"A metodologia da pesquisa realizada pela DMP, pode ser dêscrita como uma pesquisa quantitativa, com utilização de questionário estruturado e amostragem probabilística simples, com efetuação de entrevistas pessoais em pontos de fluxo populacional, tendo por universo o eleitorado do Estado do Amazonas, obedecendo ao regime de quotas (base TSE de 2018/Censo 2010/PNAD 2016) por densidade eleitoral das regiões, sexo, idade, grau de instrução e nível econômico e com o número de entrevistas proporcionais ao número de eleitores de cada bairro e município. Esta metodologia assegura a representatividade de todos os segmentos sociais da população em qualquer Estado, sendo incluídas na amostra as zonas geográficas descritas no questionário. ";"Eleitorado do Estado do Amazonas, com 16 anos ou mais na área urbana e em cinco municípios do interior do Estado do Amazonas selecionados de forma sistemática conforme características geográficas e com amostragem proporcional por bairro dentro de cada município. Amostragem, coeficiente de confiança, margem de erro: A pesquisa DMP vai entrevistar 1500 eleitores. A amostra garante a nível estadual uma margem de erro 2,6% para um intervalo e confiança de 95%. As ponderações em relação a sexo, idade, grau de instrução e nível econômico, descritas nas perguntas 1 a 4 do questionário, serão realizadas para refletir estatisticamente a proporção do eleitorado consultado, conforme percentuais SEXO: TSE/JUNHO/2018 % Masculino 48,2 Feminino 51,8 FAIXA ETÁRIA: TSE/JUNHO/2018 % De 16 a 17 anos 2,0. De 18 a 24 anos 18. De 25 a 34 anos 28,5. De 35 a 44 anos 21,6. De 45 a 59 anos 19,8. Mais de 60 anos 9,8. GRAU DE INSTRUÇÃO: TSE/JUNHO/2018 %: Analfabeto / lê e escreve(13,5%),  Ensino Fundamental incompleto/completo(26,8), Ensino Médio incompleto/completo(44,2),  Superior incompleto/completo(15,5)- FAIXA DE RENDA: IBGE/PNAD-2016 %, Até 954,00 (69,7%). Mais de R$ 954,00 a R$2.862,00(24,0%). Mais de R$ 2.862,01 a R$ 4.770,00(3,2%). Acima de R$ 4.770,00(3,2%).";"Sistema interno de controle, verificação, conferência e fiscalização da coleta de dados e do trabalho de campo é assim descrito: Durante o trabalho de campo são checadas 20% das entrevistas (externa), internamente, os dados de diferentes questões são pré-processados e cruzados entre si, o que permite fazer a critica dos mesmos para a verificação de eventuais inconsistências. ";"MANAUS. ZONA OESTE: Compensa (34). Lírio do Vale (9). Santo Antonio (10). São Raimundo (9). São Jorge (9). Gloria(8). Vila da Prata(9). Nova Esperança(8). Santo Agostinho(10). Tarumã(8). ZONA CENTRO OESTE: Alvorada (28). Redenção (16). Bairro da Paz(6). Dom Pedro I (9). Planalto(8). ZONA SUL: Japiim (30). Petrópolis (20). Raiz (8). Cachoeirinha (10). Educandos (7). São Francisco (7). Centro (10). Betânia(6). Morro da Liberdade(8). Aparecida(5). Santa Luzia(5). Praça 14(5). São Lazaro(7). ZONA CENTRO SUL: Flores (22). Parque 10 de Novembro (19) . Aleixo(9). Chapada(6). N s da Graças(6). S Geraldo(5). ZONA LESTE: São José (35). Jorge Teixeira (50). Tancredo Neves (24). Coroado (23). Armando Mendes(13). Mauazinho(10). Gilberto Mestrinho(25). Zumbi(25). ZONA NORTE: Cidade Nova (54). Colônia Terra Nova (20). Monte das Oliveiras (17). Colonia S Antonio(8). Novo Israel(7). Santa Etelvina(24). Novo Aleixo(26). Cidade de Deus(31). Nova Cidade(35). INTERIOR: Tefé (105). Coari (129). Manacapuru (145). Itacoatiara (148). Parintins (174)"
"24/08/2022";"00:10:36";"2018";"5";"Eleições Gerais 2018";"AM";"AM";"AMAZONAS";"AM052222018";"28/07/2018";"14614894000114";"ERIC LIMA BARBOSA - ME";"PONTUAL PESQUISAS";"Governador, Deputado Estadual, Deputado Federal, Senador";"20/07/2018";"01/08/2018";"3806";"9079";"Alice Nascimento de Assis";"30000,00";"14614894000114";"ERIC LIMA BARBOSA - ME";"#NULO#";"14614894000114";"ERIC LIMA BARBOSA - ME";"A pesquisa será realizada envolvendo 09 municípios (Interior) e a capital pertencentes às 13 (treze) zonas eleitorais do estado do Amazonas (a definição das zonas pode ser encontrada em http://www.tre-am.gov.br). Do qual a população de estudo será o conjunto de eleitores com 16 anos ou mais, com registro eleitoral no município de Manaus e 09 municípios e estando aptos a votar nas eleições gerais no Brasil para 2018. A metodologia aplicada pela Pontual Pesquisas obedecerá a técnica de pesquisa transversal do tipo quantitativa por meio de aplicação de questionário estruturado a rigor de cálculo de amostragem probabilística aleatória simples. A coleta de dados ocorrerá nos dias 20 de julho a 02 de agosto na capital do estado e os 09 municípios. A Pontual Pesquisas utilizou questionários previamente validado através de estudo piloto, por equipe treinada, sendo composta por 20 entrevistadores, 02 supervisores e 01 coordenador.   O delineamento amostral aplicado ocorrerá através de amostra aleatória estratificada, do qual cada estrato será representado por bairros do município de Manaus e os 09 municípios do interior. Em cada estrato, realizada uma amostra probabilística simples.   Sendo assim, o levantamento será realizado com eleitores, pertencentes aos bairros da capital e aos 09 municípios determinados para o estudo. Cada entrevistado foi alcançado através de sorteio aleatório simples, representando que todos têm a mesma chance de ser sorteado para o estudo, garantindo assim, metodologia adequada de representações para as variáveis que apresentam ponderações quanto a sexo, idade, grau de instrução e nível econômico. Serão realizadas 3806 entrevistas eleitorais com margem de erro máxima de 1,59 pontos percentuais para mais ou para menos, considerando o intervalo de confiança de 95%, conforme Morettin (2009) página 229.     ";"O delineamento amostral aplicado ocorrerá através de amostra aleatória estratificada, do qual cada estrato será representado por bairros do município de Manaus e os 09 municípios do interior. Em cada estrato, realizada uma amostra probabilística simples.   Sendo assim, o levantamento será realizado com eleitores, pertencentes aos bairros da capital e aos 09 municípios determinados para o estudo. Cada entrevistado foi alcançado através de sorteio aleatório simples, representando que todos têm a mesma chance de ser sorteado para o estudo, garantindo assim, metodologia adequada de representações para as variáveis que apresentam ponderações quanto a sexo, idade, grau de instrução e nível econômico. Serão realizadas 3806 entrevistas eleitorais com margem de erro máxima de 1,59 pontos percentuais para mais ou para menos, considerando o intervalo de confiança de 95%, conforme Morettin (2009) página 229.   ";"Para controle, verificação e conferência das informações coletadas foi desenvolvido trabalho com equipes composta de 20 entrevistadores, 02 supervisores, 01 coordenador. Neste estudo, os supervisores e coordenadores serão responsáveis por realizar conferência de 10% dos questionários preenchidos em campo, procedimento adotado para efeito de verificação e coerência das informações coletadas. Após esta etapa, os questionários são verificados, durante todas as etapas, quanto a construção do banco de dados e análise das variáveis. ";"As coletas serão realizadas obedecendo aos seguintes cálculos de amostragem determinado, para os municípios e a capital.     1. Parintins (290). 2. Itacoatiara (282). 3. Manacapuru (281). 4. Coari (214). 5. Tefé (175). 6. Tabatinga (141). 7. Maués (132). 8. Iranduba (130). 9. Benjamin Constant (87). 10. Manaus (2074) ¿ distribuídos nas seguintes zonas e bairros: ZONA CENTRO-OESTE: Dom Pedro (34). Alvorada (80). Planalto (12). Bairro da Paz (18). Redenção (48). ZONA CENTRO-SUL: Adrianópolis (14). Nossa Senhora das Graças (18). Parque 10 (52). São Geraldo (8). Chapada (8). Aleixo (27). Flores (47). ZONA LESTE: Colônia Antônio Aleixo (17). Coroado (66). São José Operário (98). Armando Mendes (31). Zumbi dos Palmares (44). Mauazinho (23). Jorge Teixeira (118). Tancredo Neves (57). Gilberto Mestrinho (37). ZONA NORTE: Cidade Nova (171). Colônia Santo Antônio (6). Novo Aleixo (108). Novo Israel (26). Lago Azul (18). Santa Etelvina (39). Colônia Terra Nova (41). Monte das Oliveiras (35). Nova Cidade (70). Cidade de Deus (50). ZONA OESTE: São Raimundo (15). São Jorge (31). Glória (10). Santo Antônio (27). Vila da Prata (12). Compensa (92). Nova Esperança (18). Lírio do Vale (29). Santo Agostinho (22). Tarumã (48). ZONA SUL: Centro (41). Nossa Senhora Aparecida (8). Praça 14 (20). Cachoerinha (22). Santa Luzia (10). Raiz (16). Morro da Liberdade (18). Educandos (19). São Francisco (22). Colônia Oliveira Machado (8). Betânia (13). Japiim (62). São Lázaro (15). Petrópolis (59). Crespo (16).  "
"24/08/2022";"00:10:36";"2018";"5";"Eleições Gerais 2018";"AM";"AM";"AMAZONAS";"AM052482018";"05/09/2018";"14614894000114";"ERIC LIMA BARBOSA - ME";"PONTUAL PESQUISAS";"Deputado Federal, Senador, Governador, Deputado Estadual";"07/09/2018";"13/09/2018";"1659";"9079";"Alice Nascimento de Assis";"20000,00";"14614894000114";"ERIC LIMA BARBOSA - ME";"#NULO#";"14614894000114";"ERIC LIMA BARBOSA - ME";"A pesquisa será realizada envolvendo 05 (cinco) maiores municípios do interior do Amazonas e a capital pertencentes às zonas geográficas descritas no questionário. Do qual a população de estudo será o conjunto de eleitores com 16 anos ou mais, com registro eleitoral no município de Manaus e nos 05 municípios e estando aptos a votar nas eleições gerais no Brasil para 2018. A metodologia aplicada pela Pontual Pesquisas obedecerá a técnica de pesquisa transversal do tipo quantitativa por meio de aplicação de questionário estruturado a rigor de cálculo de amostragem probabilística aleatória simples, com efetuação de pesquisas em pontos de fluxo ou domiciliares, com entrevistas voluntárias e confidenciais, obedecendo ao regime de quotas (base TSE, TRE e IBGE) por densidade eleitoral das regiões, sexo, idade, grau de instrução e nível econômico. A coleta de dados ocorrerá nos dias 07 a 13 de setembro na capital do estado e os 05 municípios. A Pontual Pesquisas utilizou questionários previamente validado através de estudo piloto, por equipe treinada, sendo composta por 10 entrevistadores, 02 supervisores e 01 coordenador.";"Cada entrevistado será alcançado através de sorteio aleatório simples, representando que todos têm a mesma chance de ser sorteado para o estudo, garantindo assim, metodologia adequada de representações para as variáveis que apresentam ponderações quanto a sexo, idade, grau de instrução e nível econômico. Serão realizadas 1659 entrevistas eleitorais, a distribuição prevista será de, 905 para Manaus (54,4%) e 754 indivíduos no interior (45,6%), pela variável Sexo será de 51,8% do Feminino e 48,2% do Masculino. Quanto à variável Idade (faixa etária), a distribuição será a seguinte: 20,2% (16-24 anos), 24,8% (25-34 anos), 22,1% (35-44 anos) e 32,9% (acima de 45 anos), GRAU DE INSTRUÇÃO: Analfabeto / lê e escreve (13,5%), Ensino Fundamental incompleto/completo(26,8%), Ensino Médio incompleto/completo(44,2%), Superior incompleto/completo(15,5%), conforme dados do TSE, de julho de 2018. Quanto a variável nível econômico (faixa renda): IBGE/PNAD-2016, Até 954,00 (69,7%). Mais de R$ 954,00 a R$2.862,00 (24,0%). Mais de R$ 2.862,01 a R$ 4.770,00 (3,2%). Acima de R$ 4.770,00 (3,2%). Não quis responder. Apesar de perguntarmos acerca da variável Religião não serão aplicados nenhuma ponderação, considerando que essa variável tenham pouca consistência histórica. A margem de erro máxima de 2,4 pontos percentuais para mais ou para menos, considerando o intervalo de confiança de 95%, conforme Morettin (2009) página 229. O universo da pesquisa é de acordo com o TRE AM - Tribunal Regional Eleitoral do Estado do Amazonas, formado por 2.428.098 eleitores (atualizado em 16/07/2018, às 15:00hs) aptos a votar no Amazonas.";"Para controle, verificação e conferência das informações coletadas foi desenvolvido trabalho com equipes composta de 10 entrevistadores, 02 supervisores, 01 coordenador. Neste estudo, os supervisores e coordenadores serão responsáveis por realizar conferência de 10% dos questionários preenchidos em campo, procedimento adotado para efeito de verificação e coerência das informações coletadas. Em campo, serão coletados números de telefones dos entrevistados para posteriormente os questionários serem verificados, durante todas as etapas, quanto a construção do banco de dados e análise das variáveis.";"As coletas serão realizadas obedecendo aos seguintes cálculos de amostragem determinado, para os municípios e a capital.   1. Parintins (176). 2. Itacoatiara (171). 3. Manacapuru (170). 4. Coari (130). 5. Tefé (107). No interior a divisão de bairros é totalmente imprecisa e inaplicável sua utilização. 6. Manaus (905) ¿ distribuídos nas seguintes zonas e bairros: ZONA CENTRO-OESTE: Dom Pedro (15). Alvorada (35). Planalto (5). Bairro da Paz (8). Redenção (21). ZONA CENTRO-SUL: Adrianópolis (6). Nossa Senhora das Graças (8). Parque 10 (23). São Geraldo (4). Chapada (3). Aleixo (12). Flores (21). ZONA LESTE: Colônia Antônio Aleixo (8). Coroado (29). São José Operário (43). Armando Mendes (13). Zumbi dos Palmares (18). Mauazinho (10). Jorge Teixeira (52). Tancredo Neves (25). Gilberto Mestrinho (16). ZONA NORTE: Cidade Nova (74). Colônia Santo Antônio (3). Novo Aleixo (47). Novo Israel (11). Lago Azul (8). Santa Etelvina (17). Colônia Terra Nova (18). Monte das Oliveiras (15). Nova Cidade (30). Cidade de Deus (22). ZONA OESTE: São Raimundo (6). São Jorge (14). Glória (4). Santo Antônio (12). Vila da Prata (5). Compensa (40). Nova Esperança (7). Lírio do Vale (13). Santo Agostinho (10). Tarumã (21). ZONA SUL: Centro (18). Nossa Senhora Aparecida (3). Praça 14 (8). Cachoerinha (10). Santa Luzia (5). Raiz (7). Morro da Liberdade (7). Educandos (8). São Francisco (10). Colônia Oliveira Machado (4). Betânia (6). Japiim (28). São Lázaro (6). Petrópolis (27). Crespo (6).    "
"24/08/2022";"00:10:36";"2018";"5";"Eleições Gerais 2018";"AM";"AM";"AMAZONAS";"AM053872018";"23/03/2018";"01864538000107";"IPEN - INSTITUTO DE PESQUISA DO NORTE LTDA - ME";"IPEN - INSTITUTO DE PESQUISA DO NORTE";"Governador, Deputado Estadual";"10/03/2018";"13/03/2018";"400";"6921";"JOAO ALVES DE SOUZA FILHO";"9000,00";"41325311200";"MARIA DE NAZARE ARAUJO MENDONCA";"Recursos Próprios";"01864538000107";"IPEN - INSTITUTO DE PESQUISA DO NORTE LTDA - ME";"Pesquisa quantitativa, que consiste na realização de entrevistas residenciais, com a aplicação de questionário estruturado junto a uma amostra representativa dos votantes em estudo, por meio de ponderação em setores sensitários utilizando a metodolodia de amostragem proporcional ao tamanho (PPT).  ";"Foi realizada 400 entrevistas residenciais, A base de cálculo para a ponderação se referiu com os dados do IBGE. e adotou-se com ponderação proporcional ao setor censitário, sexo, e idade, adotando ponderação 1 para as variáveis grau de instrução e nível econômico. O grau de confiança é de 95%(Z=1,96) com margem de erro de 4,88% para mais ou para menos.  ";"O trabalho de campo consistiu de 4 pesquisadores, 1 coordenador, 3 verificadores, tendo sido verificado 20% das amostras para garantia de qualidade  ";"Os dados constarão em anexo, a pesquisa foi realizada na área urbana e rural no município de Tefé   "
"24/08/2022";"00:10:36";"2018";"5";"Eleições Gerais 2018";"AM";"AM";"AMAZONAS";"AM060652018";"31/08/2018";"14614894000114";"ERIC LIMA BARBOSA - ME";"PONTUAL PESQUISAS";"Governador, Senador";"30/08/2018";"06/09/2018";"1659";"9079";"Alice Nascimento de Assis";"20000,00";"14614894000114";"ERIC LIMA BARBOSA - ME";"#NULO#";"14614894000114";"ERIC LIMA BARBOSA - ME";"A pesquisa será realizada envolvendo 05 (cinco) maiores municípios do interior do Amazonas e a capital pertencentes às zonas geográficas descritas no questionário. Do qual a população de estudo será o conjunto de eleitores com 16 anos ou mais, com registro eleitoral no município de Manaus e nos 05 municípios e estando aptos a votar nas eleições gerais no Brasil para 2018. A metodologia aplicada pela Pontual Pesquisas obedecerá a técnica de pesquisa transversal do tipo quantitativa por meio de aplicação de questionário estruturado a rigor de cálculo de amostragem probabilística aleatória simples, com efetuação de pesquisas em pontos de fluxo ou domiciliares, com entrevistas voluntárias e confidenciais, obedecendo ao regime de quotas (base TSE, TRE e IBGE) por densidade eleitoral das regiões, sexo, idade, grau de instrução e nível econômico. A coleta de dados ocorrerá nos dias 30 de agosto a 06 de setembro na capital do estado e os 05 municípios. A Pontual Pesquisas utilizou questionários previamente validado através de estudo piloto, por equipe treinada, sendo composta por 10 entrevistadores, 02 supervisores e 01 coordenador. ";"Cada entrevistado será alcançado através de sorteio aleatório simples, representando que todos têm a mesma chance de ser sorteado para o estudo, garantindo assim, metodologia adequada de representações para as variáveis que apresentam ponderações quanto a sexo, idade, grau de instrução e nível econômico. Serão realizadas 1659 entrevistas eleitorais, a distribuição prevista será de, 905 para Manaus (54,4%) e 754 indivíduos no interior (45,6%), pela variável Sexo será de 51,8% do Feminino e 48,2% do Masculino. Quanto à variável Idade (faixa etária), a distribuição será a seguinte: 20,2% (16-24 anos), 24,8% (25-34 anos), 22,1% (35-44 anos) e 32,9% (acima de 45 anos), GRAU DE INSTRUÇÃO: Analfabeto / lê e escreve (13,5%), Ensino Fundamental incompleto/completo(26,8%), Ensino Médio incompleto/completo(44,2%),  Superior incompleto/completo(15,5%), conforme dados do TSE, de julho de 2018. Quanto a variável nível econômico (faixa renda): IBGE/PNAD-2016, Até 954,00 (69,7%). Mais de R$ 954,00 a R$2.862,00 (24,0%). Mais de R$ 2.862,01 a R$ 4.770,00 (3,2%). Acima de R$ 4.770,00 (3,2%). Não quis responder. Apesar de perguntarmos acerca da variável Religião não serão aplicados nenhuma ponderação, considerando que essa variável tenham pouca consistência histórica. A margem de erro máxima de 2,4 pontos percentuais para mais ou para menos, considerando o intervalo de confiança de 95%, conforme Morettin (2009) página 229. O universo da pesquisa é de acordo com o TRE AM - Tribunal Regional Eleitoral do Estado do Amazonas, formado por 2.428.098 eleitores (atualizado em 16/07/2018, às 15:00hs) aptos a votar no Amazonas.";"Para controle, verificação e conferência das informações coletadas foi desenvolvido trabalho com equipes composta de 10 entrevistadores, 02 supervisores, 01 coordenador. Neste estudo, os supervisores e coordenadores serão responsáveis por realizar conferência de 10% dos questionários preenchidos em campo, procedimento adotado para efeito de verificação e coerência das informações coletadas. Após esta etapa, os questionários são verificados, durante todas as etapas, quanto a construção do banco de dados e análise das variáveis. ";"As coletas serão realizadas obedecendo aos seguintes cálculos de amostragem determinado, para os municípios e a capital.  1. Parintins (176). 2. Itacoatiara (171). 3. Manacapuru (170). 4. Coari (130). 5. Tefé (107). No interior a divisão de bairros é totalmente imprecisa e inaplicável sua utilização. 6. Manaus (905) ¿ distribuídos nas seguintes zonas e bairros: ZONA CENTRO-OESTE: Dom Pedro (15). Alvorada (35). Planalto (5). Bairro da Paz (8). Redenção (21). ZONA CENTRO-SUL: Adrianópolis (6). Nossa Senhora das Graças (8). Parque 10 (23). São Geraldo (4). Chapada (3). Aleixo (12). Flores (21). ZONA LESTE: Colônia Antônio Aleixo (8). Coroado (29). São José Operário (43). Armando Mendes (13). Zumbi dos Palmares (18). Mauazinho (10). Jorge Teixeira (52). Tancredo Neves (25). Gilberto Mestrinho (16). ZONA NORTE: Cidade Nova (74). Colônia Santo Antônio (3). Novo Aleixo (47). Novo Israel (11). Lago Azul (8). Santa Etelvina (17). Colônia Terra Nova (18). Monte das Oliveiras (15). Nova Cidade (30). Cidade de Deus (22). ZONA OESTE: São Raimundo (6). São Jorge (14). Glória (4). Santo Antônio (12). Vila da Prata (5). Compensa (40). Nova Esperança (7). Lírio do Vale (13). Santo Agostinho (10). Tarumã (21). ZONA SUL: Centro (18). Nossa Senhora Aparecida (3). Praça 14 (8). Cachoerinha (10). Santa Luzia (5). Raiz (7). Morro da Liberdade (7). Educandos (8). São Francisco (10). Colônia Oliveira Machado (4). Betânia (6). Japiim (28). São Lázaro (6). Petrópolis (27). Crespo (6).   "
"24/08/2022";"00:10:36";"2018";"5";"Eleições Gerais 2018";"AM";"AM";"AMAZONAS";"AM060892018";"11/10/2018";"84480946000192";"DD MIDIA E PESQUISA LTDA - EPP";"THE VOICE PESQUISA 365";"Governador";"13/10/2018";"17/10/2018";"1067";"8332";"ÉZIO LACERDA LOPES";"50000,00";"84480946000192";"DD MIDIA E PESQUISA LTDA - EPP";"#NULO#";"84480946000192";"DD MIDIA E PESQUISA LTDA - EPP";"Pesquisa do tipo quantitativo, com uma amostra representativa do eleitorado amazonense, aplicando um questionário estruturado, por meio de pesquisas domiciliares ou em pontos de fluxo, com entrevistas voluntárias e confidenciais dentro de um setor censitário escolhido aleatoriamente da base do Instituto Brasileiro de Geografia e Estatística (IBGE). A equipe de campo será formada por 02 (dois) gerentes, 06 (seis) supervisores e 30 (trinta) pesquisadores. A pesquisa será realizada entre os dias 13 e 17 de outubro do ano corrente. O questionário que vai em anexo é apenas um modelo ilustrativo, porque a captação das intenções de voto será realizada via plataforma mobile, por smartphones.";"O número de eleitores entrevistados será de 1.067 (mil e sessenta e sete), sendo 104 homens e 111 mulheres entre 16 e 24 anos de idade. 128 homens e 136 mulheres de 25 a 34 anos. 115 homens e 121 mulheres entre 35 a 44 anos, e 174 homens e 178 mulheres com mais de 45 anos de idade. Grau de Instrução: será dividido em três grupos: analfabeto, lê e escreve, ensino fundamental incompleto e completo (225 homens e 205 mulheres). ensino médio incompleto e completo (227 homens e 245 mulheres). ensino superior incompleto e completo (69 homens e 96 mulheres), conforme dados do Tribunal Superior Eleitoral, de julho de 2018. Nível Econômico: entrevistaremos 655 eleitores economicamente ativos e 412 economicamente inativos, conforme dados do IBGE de 2015, para o estado do Amazonas. As quatro variáveis de controle já estão 100% autoponderadas, de acordo com os dados atualizados do Tribunal Superior Eleitoral (TSE) e do Instituto Brasileiro de Geografia e Estatística (IBGE). Quantidade de entrevistas por cidade: Manaus (576), Parintins (65), Itacoatiara (63), Manacapuru (63), Coari (48), Tefé (40), Tabatinga (32), Maués (30), Humaitá (27), Manicoré (27), Autazes (24), Lábrea (23), Eirunepé (20), Benjamin Constant (20) e Alvarães (09)    TAMANHO DA AMOSTRA:  Serão entrevistados 1.067 eleitores.    MARGEM DE ERRO E INTERVALO DE CREDIBILIDADE:   A margem de erro máxima estimada é de 3,0 pontos percentuais para os resultados obtidos, enquanto que o grau de confiabilidade é de 95%, o que significa dizer que, se fossem feitas 100 entrevistas com a mesma metodologia, 95 estariam dentro da margem de erro prevista.";"As equipes envolvidas neste projeto são devidamente treinadas pela empresa e toda operação será feita com a utilização de equipamentos mobile. Após a coleta de dados, é realizada uma auditoria em, no mínimo, 20% das entrevistas aplicadas, bem como a análise de consistência dos dados coletados.";"Os setores censitários serão anexados posteriormente. "
"24/08/2022";"00:10:36";"2018";"5";"Eleições Gerais 2018";"AM";"AM";"AMAZONAS";"AM061142018";"29/09/2018";"68802370000186";"IBOPE INTELIGENCIA PESQUISA E CONSULTORIA LTDA";"#NULO#";"Senador, Governador";"29/09/2018";"05/10/2018";"812";"6208-A";"Márcia Cavallari Nunes";"98902,33";"04387825000161";"RADIO TV DO AMAZONAS LTDA / REDE AMAZONICA RADIO E TELEVISAO";"Recursos Próprios";"68802370000186";"IBOPE INTELIGENCIA PESQUISA E CONSULTORIA LTDA";"Pesquisa quantitativa, que consiste na realização de entrevistas pessoais, com a aplicação de questionário estruturado junto a uma amostra representativa do eleitorado em estudo. Pesquisa realizada no estado do Amazonas.";"Representativo do eleitorado da área em estudo, elaborada em três estágios. No primeiro estágio faz-se um sorteio probabilístico dos municípios, onde as entrevistas serão realizadas, pelo método PPT (Probabilidade Proporcional ao Tamanho), tomando o eleitorado como base para tal seleção. No segundo estágio faz-se um sorteio probabilístico dos setores censitários, onde as entrevistas serão realizadas, pelo método PPT (Probabilidade Proporcional ao Tamanho), tomando a população de 16 anos ou mais residente nos setores como base para tal seleção. No terceiro e último estágio, dentro dos setores sorteados, os respondentes são selecionados através de quotas amostrais proporcionais em função de variáveis significativas, a saber: IDADE: 16-24 (masculino) 24% (feminino) 22%. 25-34 (masculino) 25% (feminino) 27%. 35-44 (masculino) 23% (feminino) 22%. 45-54 (masculino) 14% (feminino) 14%. 55 e+ (masculino) 14% (feminino) 14%. INSTRUÇÃO: Até Ensino Médio (masculino) 83% (feminino) 78%. Ensino Superior (masculino) 17% (feminino) 22%. NÍVEL ECONÔMICO: Economicamente ativo (masculino) 75% (feminino) 49%. Não Economicamente ativo (masculino) 25% (feminino) 51%. Está prevista eventual ponderação para correção das variáveis sexo e idade, com base nos percentuais anteriormente mencionados, caso ocorram diferenças superiores a 3 pontos percentuais entre o previsto na amostra e a coleta de dados realizada. Para as variáveis de grau de instrução e nível econômico do entrevistado, o fator previsto para ponderação é 1 (resultados obtidos em campo). O nível de confiança estimado é de 95% e a margem de erro máxima estimada considerando um modelo de amostragem aleatório simples, é de 03 (três) pontos percentuais para mais ou para menos sobre os resultados encontrados no total da amostra. FONTE DOS DADOS: Censo 2010 | PNADC 2016 | TSE 2018.";" Para a realização da pesquisa, utiliza-se uma equipe de entrevistadores e supervisores contratados pelo IBOPE INTELIGÊNCIA PESQUISA E CONSULTORIA LTDA. devidamente treinados para o trabalho. Após os trabalhos de campo, os questionários são submetidos a uma fiscalização de cerca de 20% (vinte por cento) dos questionários aplicados pelos entrevistadores. para verificação das respostas e da adequação dos entrevistados aos parâmetros amostrais.";"A área de abrangência da coleta é o estado do Amazonas. A relação das localidades selecionadas para aplicação da amostra será apresentada até o 7º dia seguinte ao registro da pesquisa, conforme expresso no art. 2º, §6º da Resolução 23.549/2017 do TSE."
"24/08/2022";"00:10:36";"2018";"5";"Eleições Gerais 2018";"AM";"AM";"AMAZONAS";"AM062192018";"28/09/2018";"03079221000195";"DMP DESIGN MARKETING E PROPAGANDA LTDA";"#NULO#";"Governador";"07/10/2018";"07/10/2018";"1000";"8940";"Erico Jander da Silva Lopes";"15000,00";"03079221000195";"DMP DESIGN MARKETING E PROPAGANDA LTDA";"#NULO#";"03079221000195";"DMP DESIGN MARKETING E PROPAGANDA LTDA";"A metodologia da pesquisa realizada pela DMP, é a utilização de questionário estruturado, e amostragem probabilística simples, com realização de entrevistas pessoais com questionário estruturado, aplicado em entrevista direta, tendo por universo o eleitorado das zonas eleitorais do município de Manaus. ";"Eleitorado de Manaus, com 16 anos ou selecionados de forma sistemática conforme amostragem proporcional por zona e colégio eleitoral dentro do município. Amostragem, coeficiente de confiança, margem de erro: A pesquisa DMP vai entrevistar 1000 eleitores. A amostra garante a nível municipal uma margem de erro de 3% para um intervalo e confiança de 95%. As ponderações em relação a sexo, idade, descritas nas perguntas 1 e 2 do questionário, serão realizadas para refletir estatisticamente a proporção do eleitorado consultado, conforme SEXO: TSE/JUNHO/2018 % Masculino 48,2 Feminino 51,8 FAIXA ETÁRIA: TSE/JUNHO/2018 % De 16 a 17 anos 2,0. De 18 a 24 anos 18. De 25 a 34 anos 28,5. De 35 a 44 anos 21,6. De 45 a 59 anos 19,8.";"Durante o trabalho de campo são checadas pelo coordenador as entrevistas realizadas após o termino em cada colégio eleitoral.";"#NULO#"
"24/08/2022";"00:10:36";"2018";"5";"Eleições Gerais 2018";"AM";"AM";"AMAZONAS";"AM063172018";"08/10/2018";"14614894000114";"ERIC LIMA BARBOSA - ME";"PONTUAL PESQUISAS";"Governador";"08/10/2018";"13/10/2018";"2500";"9079";"Alice Nascimento de Assis";"20000,00";"14614894000114";"ERIC LIMA BARBOSA - ME";"#NULO#";"14614894000114";"ERIC LIMA BARBOSA - ME";"A pesquisa será realizada envolvendo 07 (sete) municípios do interior do Amazonas e a capital pertencentes às zonas geográficas descritas no plano amostral. Do qual a população de estudo será o conjunto de eleitores com 16 anos ou mais, com registro eleitoral no município de Manaus e nos 07 municípios e estando aptos a votar nas eleições gerais no Brasil para 2018. A metodologia aplicada pela Pontual Pesquisas obedecerá a técnica de pesquisa transversal do tipo quantitativa por meio de aplicação de questionário estruturado a rigor de cálculo de amostragem probabilística aleatória simples, com efetuação de pesquisas em pontos de fluxo ou domiciliares, com entrevistas voluntárias e confidenciais, obedecendo ao regime de quotas (base TSE de 2018, TRE de 2018 e Censo 2010/PNAD 2016) por densidade eleitoral das regiões, sexo, idade, grau de instrução e nível econômico. A coleta de dados ocorrerá nos dias 08 a 13 de outubro na capital do estado e os 07 municípios. A Pontual Pesquisas utilizará questionários previamente validado através de estudo piloto, por equipe treinada, sendo composta por 10 entrevistadores, 02 supervisores e 01 coordenador. ";"Cada entrevistado será alcançado através de sorteio aleatório simples, representando que todos têm a mesma chance de ser sorteado para o estudo, garantindo assim, metodologia adequada de representações para as variáveis que apresentam ponderações quanto a sexo, idade, grau de instrução e nível econômico. Serão realizadas 2.500 entrevistas eleitorais, a distribuição prevista será de, 1.350 para Manaus (54,4%) e 1.150 indivíduos no interior (45,6%), pela variável Sexo será de 51,8% do Feminino e 48,2% do Masculino. Quanto à variável Idade (faixa etária), a distribuição será a seguinte: 20,2% (16-24 anos), 24,8% (25-34 anos), 22,1% (35-44 anos) e 32,9% (acima de 45 anos), GRAU DE INSTRUÇÃO: Analfabeto/lê e escreve (13,5%), Ensino Fundamental incompleto/completo(26,8%), Ensino Médio incompleto/completo(44,2%), Superior incompleto/completo(15,5%), conforme dados do TSE, de julho de 2018. Quanto a variável nível econômico (faixa renda): IBGE/PNAD-2016, Até 954,00 (69,7%). Mais de R$ 954,00 a R$2.862,00 (24,0%). Mais de R$ 2.862,01 a R$ 4.770,00 (3,2%). Acima de R$ 4.770,00 (3,2%). Não quis responder. Apesar de perguntarmos acerca da variável Religião não serão aplicados nenhuma ponderação, considerando que essa variável tenha pouca consistência histórica. A margem de erro máxima de 1,96 pontos percentuais para mais ou para menos, considerando o intervalo de confiança de 95%, conforme Morettin (2009) página 229. O universo da pesquisa é de acordo com o TRE AM - Tribunal Regional Eleitoral do Estado do Amazonas, formado por 2.428.098 eleitores (atualizado em 20/08/2018, às 12:00hs) aptos a votar no Amazonas. ";"Para controle, verificação e conferência das informações coletadas foi desenvolvido trabalho com equipes composta de 10 entrevistadores, 02 supervisores, 01 coordenador. Neste estudo, os supervisores e coordenadores serão responsáveis por realizar conferência de 10% dos questionários preenchidos em campo, procedimento adotado para efeito de verificação e coerência das informações coletadas. Após esta etapa, os questionários são verificados, durante todas as etapas, quanto a construção do banco de dados e análise das variáveis. ";"As coletas serão realizadas obedecendo aos seguintes cálculos de amostragem determinado, para os municípios e a capital.   1. Parintins (222). 2. Itacoatiara (216). 3. Manacapuru (215). 4. Coari (164). 5. Tefé (132). 6. Maués (101). 7. Iranduba (100). No interior a divisão de bairros é totalmente imprecisa e inaplicável sua utilização. 8. Manaus (1.350) ¿ distribuídos nas seguintes zonas e bairros: ZONA CENTRO-OESTE: Dom Pedro (22). Alvorada (52). Planalto (8). Bairro da Paz (12). Redenção (30). ZONA CENTRO-SUL: Nossa Senhora das Graças (13). Parque 10 (35). São Geraldo (9). Chapada (8). Aleixo (17). Flores (31). ZONA LESTE: Coroado (45). São José Operário (67). Armando Mendes (22). Zumbi dos Palmares (29). Mauazinho (17). Jorge Teixeira (80). Tancredo Neves (36). Gilberto Mestrinho (24). ZONA NORTE: Cidade Nova (111). Colônia Santo Antônio (13). Novo Aleixo (70). Novo Israel (18). Santa Etelvina (25). Colônia Terra Nova (28). Monte das Oliveiras (24). Nova Cidade (45). Cidade de Deus (33). ZONA OESTE: São Raimundo (11). São Jorge (19). Glória (10). Santo Antônio (16). Vila da Prata (11). Compensa (59). Nova Esperança (12). Lírio do Vale (17). Santo Agostinho (13). Tarumã (30). ZONA SUL: Centro (27). Nossa Senhora Aparecida (11). Praça 14 (13). Cachoeirinha (15). Santa Luzia (11). Raiz (11). Morro da Liberdade (12). Educandos (13). São Francisco (15). Betânia (10). Japiim (40). São Lázaro (11). Petrópolis (39).    "
"24/08/2022";"00:10:36";"2018";"5";"Eleições Gerais 2018";"AM";"AM";"AMAZONAS";"AM063542018";"23/08/2018";"14614894000114";"ERIC LIMA BARBOSA - ME";"PONTUAL PESQUISAS";"Governador, Senador";"20/08/2018";"28/08/2018";"1687";"9079";"Alice Nascimento de Assis";"25000,00";"14614894000114";"ERIC LIMA BARBOSA - ME";"#NULO#";"14614894000114";"ERIC LIMA BARBOSA - ME";"A pesquisa será realizada envolvendo 06 municípios (Interior) e a capital pertencentes às 13 (treze) zonas eleitorais do estado do Amazonas (a definição das zonas pode ser encontrada em http://www.tre-am.gov.br). Do qual a população de estudo será o conjunto de eleitores com 16 anos ou mais, com registro eleitoral no município de Manaus e 09 municípios e estando aptos a votar nas eleições gerais no Brasil para 2018. A metodologia aplicada pela Pontual Pesquisas obedecerá a técnica de pesquisa transversal do tipo quantitativa por meio de aplicação de questionário estruturado a rigor de cálculo de amostragem probabilística aleatória simples. A coleta de dados ocorrerá nos dias 20 a 28 de agosto na capital do estado e os 06 municípios. A Pontual Pesquisas utilizou formulários previamente validado através de estudo piloto, por equipe treinada, sendo composta por 14 entrevistadores, 02 supervisores e 01 coordenador. ";"O delineamento amostral aplicado ocorrerá através de amostra aleatória estratificada, do qual cada estrato será representado por bairros do município de Manaus e os 06 municípios do interior. Em cada estrato, realizada uma amostra probabilística simples.   Sendo assim, o levantamento será realizado com eleitores, pertencentes aos bairros da capital e aos 06 municípios determinados para o estudo. Cada entrevistado foi alcançado através de sorteio aleatório simples, representando que todos têm a mesma chance de ser sorteado para o estudo, garantindo assim, metodologia adequada de representações para as variáveis que apresentam ponderações quanto a sexo, idade, grau de instrução e nível econômico. Serão realizadas 1687 entrevistas eleitorais com margem de erro máxima de 2,4 pontos percentuais para mais ou para menos, considerando o intervalo de confiança de 95%, conforme Morettin (2009) página 229.     ";"Para controle, verificação e conferência das informações coletadas foi desenvolvido trabalho com equipes composta de 14 entrevistadores, 02 supervisores, 01 coordenador. Neste estudo, os supervisores e coordenadores serão responsáveis por realizar conferência de 10% dos questionários preenchidos em campo, procedimento adotado para efeito de verificação e coerência das informações coletadas. Após esta etapa, os questionários são verificados, durante todas as etapas, quanto a construção do banco de dados e análise das variáveis.     ";"As coletas serão realizadas obedecendo aos seguintes cálculos de amostragem determinado, para os municípios e a capital.     1. Parintins (171). 2. Itacoatiara (166). 3. Manacapuru (165). 4. Coari (126). 5. Tefé (103). 6. Careiro (51). 7. Manaus (905) ¿ distribuídos nas seguintes zonas e bairros: ZONA CENTRO-OESTE: Dom Pedro (15). Alvorada (35). Planalto (5). Bairro da Paz (8). Redenção (21). ZONA CENTRO-SUL: Adrianópolis (6). Nossa Senhora das Graças (8). Parque 10 (23). São Geraldo (4). Chapada (3). Aleixo (12). Flores (21). ZONA LESTE: Colônia Antônio Aleixo (8). Coroado (29). São José Operário (43). Armando Mendes (13). Zumbi dos Palmares (18). Mauazinho (10). Jorge Teixeira (52). Tancredo Neves (25). Gilberto Mestrinho (16). ZONA NORTE: Cidade Nova (74). Colônia Santo Antônio (3). Novo Aleixo (47). Novo Israel (11). Lago Azul (8). Santa Etelvina (17). Colônia Terra Nova (18). Monte das Oliveiras (15). Nova Cidade (30). Cidade de Deus (22). ZONA OESTE: São Raimundo (6). São Jorge (14). Glória (4). Santo Antônio (12). Vila da Prata (5). Compensa (40). Nova Esperança (7). Lírio do Vale (13). Santo Agostinho (10). Tarumã (21). ZONA SUL: Centro (18). Nossa Senhora Aparecida (3). Praça 14 (8). Cachoerinha (10). Santa Luzia (5). Raiz (7). Morro da Liberdade (7). Educandos (8). São Francisco (10). Colônia Oliveira Machado (4). Betânia (6). Japiim (28). São Lázaro (6). Petrópolis (27). Crespo (6).   "
"24/08/2022";"00:10:36";"2018";"5";"Eleições Gerais 2018";"AM";"AM";"AMAZONAS";"AM064702018";"23/07/2018";"84480946000192";"DD MIDIA E PESQUISA LTDA - EPP";"THE VOICE PESQUISA 365";"Deputado Federal";"23/07/2018";"25/07/2018";"2000";"9332";"Ézio Lacerda Lopes";"30000,00";"84480946000192";"DD MIDIA E PESQUISA LTDA - EPP";"#NULO#";"84480946000192";"DD MIDIA E PESQUISA LTDA - EPP";"Pesquisa do tipo quantitativo, com uma amostra representativa do eleitorado da cidade de Manaus, aplicando um questionário estruturado, através de pesquisas em pontos de fluxo ou domiciliares, com entrevistas voluntárias e confidenciais dentro de um setor censitário escolhido aleatoriamente da base do Instituto Brasileiro de Geografia e Estatística (IBGE). A coleta de dados será realizada no período de 23 a 25 de julho de 2018.";"Eleitores residentes em Manaus, com uma amostra de 2.000 (duas mil) entrevistas. A distribuição da amostra pela variável Sexo será de 53% do sexo Feminino e 47% do Masculino. Quanto à variável Idade (faixa etária), a distribuição será a seguinte: 19,5% (16-24 anos), 25,1% (25-34 anos), 23,7% (35-44 anos) e 31,8% (acima de 45 anos), conforme dados do TSE, de maio de 2018.  Tamanho da amostra: serão realizadas 2.000 (duas mil) entrevistas, divididas pelos seguintes bairros. Cidade Nova-135, Jorge Teixeira-127, Novo Aleixo-108, Compensa-85, Cidade de Deus-78, São José Operário-75, Alvorada-72, Nova Cidade-67, Gilberto Mestrinho-62, Japiim-61, Coroado-58, Tancredo Neves-55, Flores-54, Monte das Oliveiras-50, Petrópolis-47, Parque 10 de Novembro-46, Colônia Terra Nova-45, Zumbi dos Palmares-40, Redenção-39, Centro-38, Armando Mendes-32, Tarumã-31, Santa Etelvina-29, Mauazinho-27, São Jorge-24, Lírio do Vale-24, Aleixo-23, Santo Antônio-22, Colônia Santo Antônio-20, Nova Esperança-20, Novo Israel-19, Colônia Antônio Aleixo-19, Cachoeirinha-19, São Francisco-19, Dom Pedro I-19, Educandos-18, Crespo-18, Santo Agostinho-18, Planalto-18, São Raimundo-17, Nossa Senhora das Graças-17, Da Paz-17, Raiz-16, São Lázaro-14, Morro da Liberdade-13, Tarumã-Açu-13, Betania-12, Praça 14 de Janeiro-12, Vila da Prata-12, Chapada-12, Colônia Oliveira Machado-10, Glória-10, Adrianópolis-10, Lago Azul-9, Presidente Vargas-9, Nossa Senhora Aparecida-8, São Geraldo-8, Puraquequara-7, Santa Luzia-7, Ponta Negra-6.  Ponderação: a pesquisa possui ponderação igual a 1 (um) para as variáveis sexo e idade e por reproduzir na amostra a proporção aproximada dos números oficiais do TRE-AM. Às demais variáveis não se aplicará nenhum tipo de ponderação.   Margem de erro e intervalo de credibilidade: a margem de erro máxima estimada é de 2,1 pontos percentuais para os resultados obtidos, enquanto que o grau de confiabilidade é de 95%, o que significa dizer que, se fossem feitas 100 entrevistas com a mesma metodologia, 95 estariam dentro da margem de erro prevista.  ";"As equipes envolvidas neste projeto são devidamente treinadas pela empresa e toda a operação será feita com a utilização de equipamentos mobile. Após a coleta de dados, é realizada uma auditoria em, no mínimo, 20% das entrevistas aplicadas, bem como a análise de consistência dos dados coletados.";"Cidade Nova-135, Jorge Teixeira-127, Novo Aleixo-108, Compensa-85, Cidade de Deus-78, São José Operário-75, Alvorada-72, Nova Cidade-67, Gilberto Mestrinho-62, Japiim-61, Coroado-58, Tancredo Neves-55, Flores-54, Monte das Oliveiras-50, Petrópolis-47, Parque 10 de Novembro-46, Colônia Terra Nova-45, Zumbi dos Palmares-40, Redenção-39, Centro-38, Armando Mendes-32, Tarumã-31, Santa Etelvina-29, Mauazinho-27, São Jorge-24, Lírio do Vale-24, Aleixo-23, Santo Antônio-22, Colônia Santo Antônio-20, Nova Esperança-20, Novo Israel-19, Colônia Antônio Aleixo-19, Cachoeirinha-19, São Francisco-19, Dom Pedro I-19, Educandos-18, Crespo-18, Santo Agostinho-18, Planalto-18, São Raimundo-17, Nossa Senhora das Graças-17, Da Paz-17, Raiz-16, São Lázaro-14, Morro da Liberdade-13, Tarumã-Açu-13, Betania-12, Praça 14 de Janeiro-12, Vila da Prata-12, Chapada-12, Colônia Oliveira Machado-10, Glória-10, Adrianópolis-10, Lago Azul-9, Presidente Vargas-9, Nossa Senhora Aparecida-8, São Geraldo-8, Puraquequara-7, Santa Luzia-7, Ponta Negra-6."
"24/08/2022";"00:10:36";"2018";"5";"Eleições Gerais 2018";"AM";"AM";"AMAZONAS";"AM067382018";"18/10/2018";"26195312000191";"QUALITY PESQUISAS E ASSESSORIA EMPRESARIAL EIRELI - ME";"QUALITY PESQUISAS";"Governador";"23/10/2018";"25/10/2018";"1536";"9907";"Guilherme Coelho Neves";"126000,00";"26195312000191";"QUALITY PESQUISAS E ASSESSORIA EMPRESARIAL EIRELI - ME";"#NULO#";"26195312000191";"QUALITY PESQUISAS E ASSESSORIA EMPRESARIAL EIRELI - ME";"Pesquisa do tipo quantitativo, por amostragem, com aplicação de questionário estruturado e abordagem pessoal em domicílios particulares permanentemente ocupados (de acordo com a definição do IBGE - Instituto Brasileiro de Geografia e Estatística), sorteados com amostra aleatória simples sem reposição. O conjunto do eleitorado do estado de Amazonas-AM com 16 anos ou mais foi tomado como universo da pesquisa. ";"Tamanho da amostra: A amostra prevista é de 1536 entrevistas. Técnica de amostragem: A amostra é aleatória considerando a população finita, com base na estimativa da média populacional a) a amostra poderá ser ponderada levando em consideração a variável sexo da população de Amazonas-AM, sendo 48,85% homens e 51,15% mulheres, conforme dados do TSE de julho de 2018 e a variável idade sendo consideradas as faixas: até 24 anos: 20,16%. de 25 a 34 anos: 24,84%. de 35 a 44 anos: 22,07%, de 45 a 59 anos: 20,63%. e acima de 60 anos: 12,3% (TSE Julho 2018). Quanto à variável ¿grau de instrução¿, temos: ANALFABETO: 5,72%. LÊ E ESCREVE: 7,74%. ENSINO FUNDAMENTAL INCOMPLETO: 21,98%. ENSINO FUNDAMENTAL COMPLETO:4,84%. ENSINO MÉDIO INCOMPLETO: 14,88%. ENSINO MÉDIO COMPLETO: 29,35%. SUPERIOR INCOMPLETO: 6,48% e SUPERIOR COMPLETO: 9,01%. E para a variável renda, temos: Até 1 Salário Mínimo: 78,0%. De 1 a 2 Salários Mínimos:12%. De 2 a 5 Salários Mínimos:7% e acima de 5 Salários Mínimos:3% Em relação à ponderação, devido à metodologia amostral adotada, os fatores de ponderação a serem aplicados em toda as variáveis (sexo, idade, grau de instrução e renda), assumem valor igual a 1(um). Área física: Estado de Amazonas-AM em domicílios particulares permanentemente ocupados e sorteados de maneira aleatória simples sem reposição. Margem de Erro: A margem de erro máxima prevista para o total da amostra é de 2.5 pontos percentuais para mais ou para menos, considerando um nível de confiança de 95%. Os intervalos de confiança serão calculados considerando os resultados obtidos para um nível de confiança de 95%. ";"Os pesquisadores envolvidos na realização desta pesquisa recebem treinamento especializado e instruções específicas de abordagem. O trabalho é feito com a equipe e dois coordenadores de campo. Há fiscalização no ato da entrevista. As entrevistas são feitas por pessoas treinadas e capacitadas para este serviço, acostumadas com este trabalho e são totalmente imparciais, como exige a empresa. Toda a coleta é feita através de aparelhos eletrônicos (tablets) e monitoradas ao vivo. Após os trabalhos de campo, os questionários são submetidos a uma fiscalização que consiste em checagem por telefone para verificação das respostas.  A partir de então, as análises Estatísticas e estratificações podem ser realizadas. ";"Microrregião do Alto Solimões, 98 entrevistas.  Microrregião da Boca do Acre, 21 entrevistas.  Microrregião de Coari, 66 entrevistas.  Microrregião de Itacoatiara, 67 entrevistas.  Microrregião de Japurá, 9 entrevistas.  Microrregião de Juruá, 56 entrevistas.  Microrregião do Madeira, 72 entrevistas.  Microrregião de Manaus, 911 entrevistas.  Microrregião de Parintins, 104 entrevistas.  Microrregião de Purus, 30 entrevistas.  Microrregião de Rio Negro, 42 entrevistas.  Microrregião de Rio Preto da Eva, 24 entrevistas.  Microrregião de Tefé, 36 entrevistas."
"24/08/2022";"00:10:36";"2018";"5";"Eleições Gerais 2018";"AM";"AM";"AMAZONAS";"AM067562018";"27/08/2018";"06023655000161";"A F SOARES MARKETING E PESQUISAS DE MERCADO LTDA - EPP";"ACTION MARKETING E PESQUISAS";"Governador, Senador";"22/08/2018";"29/08/2018";"2100";"7117";"JOÃO CALDAS DO LAGO NETO";"43000,00";"06023655000161";"A F SOARES MARKETING E PESQUISAS DE MERCADO LTDA - EPP";"#NULO#";"06023655000161";"A F SOARES MARKETING E PESQUISAS DE MERCADO LTDA - EPP";"Survey, quantitativa, descritiva, transversal. Pesquisa de campo (dados primários). Amostragem não probabilística, estratificada por cotas. Universo: eleitores residentes e domiciliados na área urbana dos municípios pesquisados. Coleta dos dados: questionário estruturado, aplicado de modo presencial em entrevista direta ou face-to-face. Tratamento dos dados: estatística descritiva (Média, mediana, desvio-padrão), analise de normalidade (Skewness e curtosis) e Cruzamento de dados.";"Público alvo: eleitores da cidade de Manaus e os 20 (vinte) maiores municípios do interior do Amazonas em número de eleitores aptos a votar.  Tamanho da amostra: O tamanho da amostra será de 2.100 indivíduos, a pesquisa será aplicada nas seis zonas administrativas urbanas de Manaus e nas áreas urbanas dos 20 municípios distribuídos conforme, ponderação descrita a seguir: divisão por meio da proporcionalidade ao tamanho do Universo da amostra entre zonas administrativas e bairros. seguida pela amostra aleatória simples distribuída por setores censitários marcados pelos quarteirões onde cada pesquisador conhecerá os limites de sua área de abrangência por meio de mapa elaborado no Software Arc Map 11.0. As entrevistas serão realizadas por 80 pesquisadores de campo, sob supervisão de 10 coordenadores de equipes subordinados ao Setor de Coleta de Dados da Action. Para estabelecer a distribuição da amostra total (2.100 indivíduos) foi utilizado o Software Sphinx na função ponderação pelo critério PPT. Desta forma foram estimadas as frequências absolutas (ao lado de suas respectivas frequências relativas) para cada município, de acordo com a sua proporção na amostra. A distribuição prevista será, 1.155 para Manaus (55%) e 945 indivíduos no interior (45%) abrangendo municípios de Parintins (97), Itacoatiara (94), Manacapuru (94), Coari (71), Tefé (58), Tabatinga (47), Maués (44), Iranduba (43), São Gabriel da Cachoeira (41), Humaitá (40), Manicoré (40), Autazes (36), Lábrea (34), Presidente Figueiredo (32), Careiro (30), Boca do Acre (30), Eirunepé (29), Benjamin Constant (29), Borba (29) e Carauari (27), no TOTAL (2.100). Ponderação: Gênero será de 1.008 Masculino (48%) e 1.092 Feminino (52%), no TOTAL (2.100). Ponderação: Faixa Etária será de 42 de 16 a 17 anos (2%), 168 de 18 a 20 anos (8%), 231 de 21 a 24 anos (11%), 525 de 25 a 34 anos (25%), 462 de 35 a 44 anos (22%), 420 de 45 a 59 anos (20%) e 252 Igual ou superior a 60 anos (12%), no TOTAL (2.100). As variáveis de Grau de Instrução e Nível Econômico não serão realizadas nenhum tipo de ponderação por não haver dados oficiais relativos ao eleitorado atualizado para aplicação na amostra.  Intervalo de confiança e Margem de erro: erro de 2,1% para mais ou menos em um intervalo de confiança de 95%. O universo da pesquisa é de acordo com o TRE AM -  Tribunal Regional Eleitoral do Estado do Amazonas, formado por 2.428.098 eleitores (atualizado em 27/08/2018, às 14:13hs) aptos a votar no Amazonas.  ";"O controle será exercido por verificação física do preenchimento dos questionários, checagem das respostas em 20% dos indivíduos em cada lote de 50 questionários, desta forma, todos os pesquisadores serão avaliados. Primeiramente o controle da qualidade excluirá os questionários sem preenchimento de um bloco de questões abertas ou fechadas, com rasuras sem justificativas, com incoerências. Em uma segunda etapa, após digitação e correção dos dados, as variáveis correlatas serão cruzadas e os questionários que apresentarem incoerências ou anormalidade, segundo a distância de Mahalanobis, serão excluídos e substituídos por outros coletados como excedente ou reposição de cotas.    DADOS RELATIVOS AOS MUNICÍPIOS E BAIRROS ABRANGIDOS PELA PESQUISA. NA AUSÊNCIA DE DELIMITAÇÃO DO BAIRRO, SERÁ IDENTIFICADA A ÁREA EM QUE FOI REALIZADA A PESQUISA (CONFORME §6º. DO ART. 2º. DA RESOLUÇÃO-TSE Nº. 23.549/2017), ATÉ O SÉTIMO DIA SEGUINTE AO REGISTRO DA PESQUISA, SERÁ ELE COMPLEMENTADO COM OS DADOS RELATIVOS AOS BAIRROS ABRANGIDOS. NA AUSÊNCIA DE DELIMITAÇÃO DO BAIRRO, SERÁ IDENTIFICADA A ÁREA EM QUE FOI REALIZADA):  ";"Dados relativos aos municípios e bairros abrangidos pela pesquisa. Na ausência de delimitação do bairro, será identificada a área em que foi realizada a pesquisa (conforme §6º. do art. 2º. da Resolução-TSE nº. 23.549/2017), o pedido de registro será complementado pela entrega destes dados ao Tribunal Eleitoral em um prazo de até 24 horas, contado da divulgação do respectivo resultado): Atendendo às exigências do art. 2º, §6º da Resolução 23.549/2017 do TSE, indicam-se as zonas a serem exploradas na pesquisa, sendo que em, até 24 horas após a divulgação de resultados, serão enviados os dados referentes aos respectivos bairros."
"24/08/2022";"00:10:36";"2018";"5";"Eleições Gerais 2018";"AM";"AM";"AMAZONAS";"AM067622018";"06/08/2018";"84480946000192";"DD MIDIA E PESQUISA LTDA - EPP";"THE VOICE PESQUISA 365";"Deputado Federal, Senador, Governador";"07/08/2018";"12/08/2018";"1500";"8332";"ÉZIO LACERDA LOPES";"50000,00";"84480946000192";"DD MIDIA E PESQUISA LTDA - EPP";"#NULO#";"84480946000192";"DD MIDIA E PESQUISA LTDA - EPP";"Pesquisa do tipo quantitativo, com uma amostra representativa do eleitorado amazonense, aplicando um questionário estruturado, através de pesquisas em pontos de fluxo ou domiciliares, com entrevistas voluntárias e confidenciais dentro de um setor censitário escolhido aleatoriamente da base do Instituto Brasileiro de Geografia e Estatística (IBGE). A coleta de dados será realizada no período de 07 a 12 de agosto de 2018.";"PLANO AMOSTRAL:  Eleitores residentes no Amazonas, com uma amostra de 1.500 (hum mil e quinhentos) entrevistas. A distribuição da amostra pela variável Sexo será de 52% do sexo Feminino e 48% do Masculino. Quanto à variável Idade (faixa etária), a distribuição será a seguinte: 21,1% (16-24 anos), 24,9% (25-34 anos), 22,3% (35-44 anos) e 31,7% (acima de 45 anos), conforme dados do TSE, de junho de 2018. No que se refere às variáveis Grau de Instrução e Nível Econômico não será aplicada nenhuma ponderação.  TAMANHO DA AMOSTRA:   A quantidade de entrevista por cidades é:   Manaus 900, Parintins 140, Itacoatiara 137, Manacapuru 136, Coari 103, Tefé 84.   PONDERAÇÃO:   A pesquisa possui ponderação igual a 1 (um) para as variáveis sexo e idade e por reproduzir na amostra a proporção aproximada dos números oficiais do TRE-AM. Às demais variáveis não se aplicará nenhum tipo de ponderação.   MARGEM DE ERRO E INTERVALO DE CREDIBILIDADE:   A margem de erro máxima estimada é de 2,5 pontos percentuais para os resultados obtidos, enquanto que o grau de confiabilidade é de 95%, o que significa dizer que, se fossem feitas 100 entrevistas com a mesma metodologia, 95 estariam dentro da margem de erro prevista.";"As equipes envolvidas neste projeto são devidamente treinadas pela empresa e toda a operação será feita com a utilização de equipamentos mobile. Após a coleta de dados, é realizada uma auditoria em, no mínimo, 20% das entrevistas aplicadas, bem como a análise de consistência dos dados coletados.";"Serão realizadas 900 (novecentas) entrevistas em Manaus, divididas pelos seguintes bairros. Cidade Nova - 70, Jorge Teixeira - 69, Novo Aleixo - 56, Compensa - 52, Cidade de Deus - 41, Japiim - 41, São José Operário - 40, Alvorada - 36, Nova Cidade - 34, Gilberto Mestrinho - 34, Petrópolis - 32, Coroado - 31, Tancredo Neves - 30, Flores - 30, Monte das Oliveiras - 26, Parque 10 de Novembro - 25, Zumbi dos Palmares - 22, Redenção - 20, Tarumã - 19, Santa Etelvina - 15, São Jorge - 15, Lírio do Vale - 15, Santo Antônio - 14, Cachoeirinha - 13, São Francisco - 13, Aleixo - 13, Educandos - 12, Crespo - 12, Nova Esperança - 12, Raiz - 11, Colônia Santo Antônio - 10, Dom Pedro I - 10, São Lázaro - 9, Nossa Senhora das Graças - 9, Planalto - 9. No interior a divisão de bairros é totalmente imprecisa e inaplicável sua utilização."
"24/08/2022";"00:10:36";"2018";"5";"Eleições Gerais 2018";"AM";"AM";"AMAZONAS";"AM068392018";"05/09/2018";"03079221000195";"DMP DESIGN MARKETING E PROPAGANDA LTDA";"#NULO#";"Governador";"10/09/2018";"15/09/2018";"1500";"8940";"Erico Jander da Silva Lopes";"22000,00";"03079221000195";"DMP DESIGN MARKETING E PROPAGANDA LTDA";"#NULO#";"03079221000195";"DMP DESIGN MARKETING E PROPAGANDA LTDA";"A metodologia da pesquisa realizada pela DMP, pode ser descrita como uma pesquisa quantitativa, com utilização de questionário estruturado e amostragem probabilística simples, com efetuação de entrevistas pessoais em pontos de fluxo populacional, tendo por universo o eleitorado do Estado do Amazonas, obedecendo ao regime de quotas (base TSE de 2018/Censo 2010/PNAD 2016) por densidade eleitoral das regiões, sexo, idade, grau de instrução e nível econômico e com o número de entrevistas proporcionais ao número de eleitores de cada bairro e município. Esta metodologia assegura a representatividade de todos os segmentos sociais da população em qualquer Estado, sendo incluídas na amostra as zonas geográficas descritas no questionário. ";"Eleitorado do Estado do Amazonas, com 16 anos ou mais na área urbana e em cinco municípios do interior do Estado do Amazonas selecionados de forma sistemática conforme características geográficas e com amostragem proporcional por bairro dentro de cada município. Amostragem, coeficiente de confiança, margem de erro: A pesquisa DMP vai entrevistar 1500 eleitores. A amostra garante a nível estadual uma margem de erro 2,6% para um intervalo e confiança de 95%. As ponderações em relação a sexo, idade, grau de instrução e nível econômico, descritas nas perguntas 1 a 4 do questionário, serão realizadas para refletir estatisticamente a proporção do eleitorado consultado, conforme percentuais SEXO: TSE/JUNHO/2018 % Masculino 48,2 Feminino 51,8 FAIXA ETÁRIA: TSE/JUNHO/2018 % De 16 a 17 anos 2,0. De 18 a 24 anos 18. De 25 a 34 anos 28,5. De 35 a 44 anos 21,6. De 45 a 59 anos 19,8. Mais de 60 anos 9,8. GRAU DE INSTRUÇÃO: TSE/JUNHO/2018 %: Analfabeto / lê e escreve(13,5%),  Ensino Fundamental incompleto/completo(26,8), Ensino Médio incompleto/completo(44,2),  Superior incompleto/completo(15,5- FAIXA DE RENDA: IBGE/PNAD-2016 %, Até 954,00 (69,7%). Mais de R$ 954,00 a R$2.862,00(24,0%). Mais de R$ 2.862,01 a R$ 4.770,00(3,2%). Acima de R$ 4.770,00(3,2%).";"Sistema interno de controle, verificação, conferência e fiscalização da coleta de dados e do trabalho de campo é assim descrito: Durante o trabalho de campo são checadas 20% das entrevistas (externa), internamente, os dados de diferentes questões são pré-processados e cruzados entre si, o que permite fazer a critica dos mesmos para a verificação de eventuais inconsistências. ";"MANAUS. ZONA OESTE: Compensa (34). Lírio do Vale (9). Santo Antonio (10). São Raimundo (9). São Jorge (9). Gloria(8). Vila da Prata(9). Nova Esperança(8). Santo Agostinho(10). Tarumã(8). ZONA CENTRO OESTE: Alvorada (28). Redenção (16). Bairro da Paz(6). Dom Pedro I (9). Planalto(8). ZONA SUL: Japiim (30). Petrópolis (20). Raiz (8). Cachoeirinha (10). Educandos (7). São Francisco (7). Centro (10). Betânia(6). Morro da Liberdade(8). Aparecida(5). Santa Luzia(5). Praça 14(5). São Lazaro(7). ZONA CENTRO SUL: Flores (22). Parque 10 de Novembro (19) . Aleixo(9). Chapada(6). N s da Graças(6). S Geraldo(5). ZONA LESTE: São José (35). Jorge Teixeira (50). Tancredo Neves (24). Coroado (23). Armando Mendes(13). Mauazinho(10). Gilberto Mestrinho(25). Zumbi(25). ZONA NORTE: Cidade Nova (54). Colônia Terra Nova (20). Monte das Oliveiras (17). Colonia S Antonio(8). Novo Israel(7). Santa Etelvina(24). Novo Aleixo(26). Cidade de Deus(31). Nova Cidade(35). INTERIOR: Tefé (105). Coari (129). Manacapuru (145). Itacoatiara (148). Parintins (174)."
"24/08/2022";"00:10:36";"2018";"5";"Eleições Gerais 2018";"AM";"AM";"AMAZONAS";"AM071702018";"28/09/2018";"14614894000114";"ERIC LIMA BARBOSA - ME";"PONTUAL PESQUISAS";"Deputado Distrital, Deputado Federal, Deputado Estadual, Senador, Governador";"29/09/2018";"05/11/2018";"2848";"9079";"Alice Nascimento de Assis";"21000,00";"14614894000114";"ERIC LIMA BARBOSA - ME";"#NULO#";"14614894000114";"ERIC LIMA BARBOSA - ME";"A pesquisa será realizada envolvendo 09 (nove) municípios do interior do Amazonas e a capital pertencentes às zonas geográficas descritas no questionário. Do qual a população de estudo será o conjunto de eleitores com 16 anos ou mais, com registro eleitoral no município de Manaus e nos 09 municípios e estando aptos a votar nas eleições gerais no Brasil para 2018. A metodologia aplicada pela Pontual Pesquisas obedecerá a técnica de pesquisa transversal do tipo quantitativa por meio de aplicação de questionário estruturado a rigor de cálculo de amostragem probabilística aleatória simples, com efetuação de pesquisas em pontos de fluxo ou domiciliares, com entrevistas voluntárias e confidenciais, obedecendo ao regime de quotas (base TSE de 2018, TRE de 2018 e Censo 2010/PNAD 2016) por densidade eleitoral das regiões, sexo, idade, grau de instrução e nível econômico. A coleta de dados ocorrerá nos dias 29 de setembro a 05 de outubro na capital do estado e os 09 municípios. A Pontual Pesquisas utilizará questionários previamente validado através de estudo piloto, por equipe treinada, sendo composta por 10 entrevistadores, 02 supervisores e 01 coordenador.";"Cada entrevistado será alcançado através de sorteio aleatório simples, representando que todos têm a mesma chance de ser sorteado para o estudo, garantindo assim, metodologia adequada de representações para as variáveis que apresentam ponderações quanto a sexo, idade, grau de instrução e nível econômico. Serão realizadas 2848 entrevistas eleitorais, a distribuição prevista será de, 1535 para Manaus (54,4%) e 1313 indivíduos no interior (45,6%), pela variável Sexo será de 51,8% do Feminino e 48,2% do Masculino. Quanto à variável Idade (faixa etária), a distribuição será a seguinte: 20,2% (16-24 anos), 24,8% (25-34 anos), 22,1% (35-44 anos) e 32,9% (acima de 45 anos), GRAU DE INSTRUÇÃO: Analfabeto/lê e escreve (13,5%), Ensino Fundamental incompleto/completo(26,8%), Ensino Médio incompleto/completo(44,2%), Superior incompleto/completo(15,5%), conforme dados do TSE, de julho de 2018. Quanto a variável nível econômico (faixa renda): IBGE/PNAD-2016, Até 954,00 (69,7%). Mais de R$ 954,00 a R$2.862,00 (24,0%). Mais de R$ 2.862,01 a R$ 4.770,00 (3,2%). Acima de R$ 4.770,00 (3,2%). Não quis responder. Apesar de perguntarmos acerca da variável Religião não serão aplicados nenhuma ponderação, considerando que essa variável tenham pouca consistência histórica. A margem de erro máxima de 1,85 pontos percentuais para mais ou para menos, considerando o intervalo de confiança de 95%, conforme Morettin (2009) página 229. O universo da pesquisa é de acordo com o TRE AM - Tribunal Regional Eleitoral do Estado do Amazonas, formado por 2.428.098 eleitores (atualizado em 20/08/2018, às 12:00hs) aptos a votar no Amazonas.";"Para controle, verificação e conferência das informações coletadas foi desenvolvido trabalho com equipes composta de 10 entrevistadores, 02 supervisores, 01 coordenador. Neste estudo, os supervisores e coordenadores serão responsáveis por realizar conferência de 10% dos questionários preenchidos em campo, procedimento adotado para efeito de verificação e coerência das informações coletadas. Após esta etapa, os questionários são verificados, durante todas as etapas, quanto a construção do banco de dados e análise das variáveis.";"As coletas serão realizadas obedecendo aos seguintes cálculos de amostragem determinado, para os municípios e a capital.  1. Parintins (220). 2. Itacoatiara (214). 3. Manacapuru (213). 4. Coari (162). 5. Tefé (132). 6. Maués (100). 7. Iranduba (99). 8. Tabatinga (107). 9. Benjamin Constant (66). No interior a divisão de bairros é totalmente imprecisa e inaplicável sua utilização. 6. Manaus (1535) ¿ distribuídos nas seguintes zonas e bairros: ZONA CENTRO-OESTE: Dom Pedro (25). Alvorada (59). Planalto (9). Bairro da Paz (14). Redenção (35). ZONA CENTRO-SUL: Nossa Senhora das Graças (13). Parque 10 (39). São Geraldo (11). Chapada (10). Aleixo (20). Flores (35). ZONA LESTE: Coroado (48). São José Operário (71). Armando Mendes (26). Zumbi dos Palmares (32). Mauazinho (28). Jorge Teixeira (87). Tancredo Neves (41). Gilberto Mestrinho (31). ZONA NORTE: Cidade Nova (127). Colônia Santo Antônio (15). Novo Aleixo (80). Novo Israel (21). Santa Etelvina (29). Colônia Terra Nova (31). Monte das Oliveiras (26). Nova Cidade (52). Cidade de Deus (37). ZONA OESTE: São Raimundo (12). São Jorge (22). Glória (13). Santo Antônio (19). Vila da Prata (12). Compensa (67). Nova Esperança (13). Lírio do Vale (20). Santo Agostinho (15). Tarumã (34). ZONA SUL: Centro (30). Nossa Senhora Aparecida (12). Praça 14 (15). Cachoerinha (16). Santa Luzia (12). Raiz (13). Morro da Liberdade (14). Educandos (15). São Francisco (16). Betânia (13). Japiim (46). São Lázaro (13). Petrópolis (44).   "
"24/08/2022";"00:10:36";"2018";"5";"Eleições Gerais 2018";"AM";"AM";"AMAZONAS";"AM074372018";"26/09/2018";"03079221000195";"DMP DESIGN MARKETING E PROPAGANDA LTDA";"#NULO#";"Senador, Governador";"30/09/2018";"04/10/2018";"1500";"8940";"Erico Jander da Silva Lopes";"24000,00";"03079221000195";"DMP DESIGN MARKETING E PROPAGANDA LTDA";"#NULO#";"03079221000195";"DMP DESIGN MARKETING E PROPAGANDA LTDA";"A metodologia da pesquisa realizada pela DMP, pode ser dêscrita como uma pesquisa quantitativa, com utilização de questionário estruturado e amostragem probabilística simples, com efetuação de entrevistas pessoais em pontos de fluxo populacional, tendo por universo o eleitorado do Estado do Amazonas, obedecendo ao regime de quotas (base TSE de 2018/Censo 2010/PNAD 2016) por densidade eleitoral das regiões, sexo, idade, grau de instrução e nível econômico e com o número de entrevistas proporcionais ao número de eleitores de cada bairro e município. Esta metodologia assegura a representatividade de todos os segmentos sociais da população em qualquer Estado, sendo incluídas na amostra as zonas geográficas descritas no questionário. ";"Eleitorado do Estado do Amazonas, com 16 anos ou mais na área urbana e em cinco municípios do interior do Estado do Amazonas selecionados de forma sistemática conforme características geográficas e com amostragem proporcional por bairro dentro de cada município. Amostragem, coeficiente de confiança, margem de erro: A pesquisa DMP vai entrevistar 1500 eleitores. A amostra garante a nível estadual uma margem de erro 2,6% para um intervalo e confiança de 95%. As ponderações em relação a sexo, idade, grau de instrução e nível econômico, descritas nas perguntas 1 a 4 do questionário, serão realizadas para refletir estatisticamente a proporção do eleitorado consultado, conforme percentuais SEXO: TSE/JUNHO/2018 % Masculino 48,2 Feminino 51,8 FAIXA ETÁRIA: TSE/JUNHO/2018 % De 16 a 17 anos 2,0. De 18 a 24 anos 18. De 25 a 34 anos 28,5. De 35 a 44 anos 21,6. De 45 a 59 anos 19,8. Mais de 60 anos 9,8. GRAU DE INSTRUÇÃO: TSE/JUNHO/2018 %: Analfabeto / lê e escreve(13,5%),  Ensino Fundamental incompleto/completo(26,8), Ensino Médio incompleto/completo(44,2),  Superior incompleto/completo(15,5)- FAIXA DE RENDA: IBGE/PNAD-2016 %, Até 954,00 (69,7%). Mais de R$ 954,00 a R$2.862,00(24,0%). Mais de R$ 2.862,01 a R$ 4.770,00(3,2%). Acima de R$ 4.770,00(3,2%). ";"Sistema interno de controle, verificação, conferência e fiscalização da coleta de dados e do trabalho de campo é assim descrito: Durante o trabalho de campo são checadas 20% das entrevistas (externa), internamente, os dados de diferentes questões são pré-processados e cruzados entre si, o que permite fazer a critica dos mesmos para a verificação de eventuais inconsistências.";"MANAUS. ZONA OESTE: Compensa (34). Lírio do Vale (9). Santo Antonio (10). São Raimundo (9). São Jorge (9). Gloria(8). Vila da Prata(9). Nova Esperança(8). Santo Agostinho(10). Tarumã(8). ZONA CENTRO OESTE: Alvorada (28). Redenção (16). Bairro da Paz(6). Dom Pedro I (9). Planalto(8). ZONA SUL: Japiim (30). Petrópolis (20). Raiz (8). Cachoeirinha (10). Educandos (7). São Francisco (7). Centro (10). Betânia(6). Morro da Liberdade(8). Aparecida(5). Santa Luzia(5). Praça 14(5). São Lazaro(7). ZONA CENTRO SUL: Flores (22). Parque 10 de Novembro (19) . Aleixo(9). Chapada(6). N s da Graças(6). S Geraldo(5). ZONA LESTE: São José (35). Jorge Teixeira (50). Tancredo Neves (24). Coroado (23). Armando Mendes(13). Mauazinho(10). Gilberto Mestrinho(25). Zumbi(25). ZONA NORTE: Cidade Nova (54). Colônia Terra Nova (20). Monte das Oliveiras (17). Colonia S Antonio(8). Novo Israel(7). Santa Etelvina(24). Novo Aleixo(26). Cidade de Deus(31). Nova Cidade(35). INTERIOR: Benjamin Constant (41). Tabatinga (67). Tefé (83). Coari (102). Manacapuru (134). Itacoatiara (135). Parintins (138)."
"24/08/2022";"00:10:36";"2018";"5";"Eleições Gerais 2018";"AM";"AM";"AMAZONAS";"AM076672018";"07/09/2018";"22267969000166";"M P VALIN EIRELI";"PROJETA PESQUISA DE MERCADO OPNIAO PUBLICA";"Governador, Senador";"07/09/2018";"11/09/2018";"1500";"10201";"Marcel Paredes Valin";"18000,00";"22267969000166";"M P VALIN EIRELI";"#NULO#";"22267969000166";"M P VALIN EIRELI";"  Para essa pesquisa quantitativa,  realizada através de pesquisa direta e presencial, utilizaremos amostras rigorosamente representativas da população em estudo, selecionadas por meio de critérios estatísticos, que utilizam como base as fontes oficiais de dados do País: IBGE, TRE e TSE. Utilizamos habitualmente uma amostra por conglomerados, selecionada em três estágios:   1- Seleção probabilística dos municípios do Estado do Amazonas.  2- Seleção probabilística dos setores censitários do IBGE.  3- Seleção dos entrevistados por meio de quotas proporcionais de sexo, idade, grau de instrução e setor de dependência econômica, dentro dos setores censitários sorteados previamente. ";"Será utilizado o método de amostragem aleatória por conglomerados em 3 estágios.    1º estágio ¿ São sorteados os municípios de acordo com o método PPT (Probabilidade Proporcional ao Tamanho).   2º estágio - São sorteados os conglomerados (Setores Censitários) através do método PPT (Probabilidade Proporcional ao Tamanho) sistemático, onde o tamanho é o número de moradores nos setores.   3º estágio ¿ São selecionados moradores dentro de cada Setor Censitário, seguindo algumas cotas pré-estabelecidas, descritas abaixo   * SEXO: Masculino (48%) e Feminino (52%).   *IDADE: 16-24 (20%)  25-34 (26%)  35-44 (23%)  45-59 (22%)   60-e mais. (9%)  *NÍVEL DE ESCOLARIDADE   Não alfabetizado (6%)  Alfabetizado (8%)  Fundamental Incompleto (22%)  Fundamental completo (5%)  Médio incompleto (15%)  Médio completo (29%)  Superior incompleto (6%)  Superior completo (9%)      *NÍVEL ECONÔMICO:    Até 954,00 (70%).   Mais de R$ 954,00 a R$2.862,00 (24%).  Mais de R$ 2.862,01 a R$ 4.770,00 (3%).  Acima de R$ 4.770,00 (3%).    O Nível de Confiança utilizado é 95%, ou seja, levando em conta a margem de erro de 2,53% para mais ou para menos, há uma probabilidade de 95% do resultado dessa pesquisa descrever o momento atual. ";"A coleta de dados é feita através de dados móveis, em smartphones, com entrevistas pessoais, onde o entrevistador, devidamente treinado pela empresa, aplica um questionário elaborado para o objetivo dessa pesquisa. Para um maior controle, há três tipos de fiscalização:    1ª) Sendo a pesquisa realizada através de smartphones, é utilizado o GPS para identificação do ponto exato onde o questionário foi aplicado, mais uma vantagem do aplicativo ODK.   2ª) Fiscalizamos, aproximadamente entre 10% e 20% dos questionários aplicados através de ligações para confirmar a entrevista.   3ª) Diferentemente de outas empresas, utilizamos fiscais treinados pela PROJETA em cada carro, com o objetivo de eliminar erros de localização. ";"A pesquisa será realizada em Manaus (seis zonas geográficas) e mais cinco municípios (Parintins, Itacoatiara, Manacapuru, Iranduba, Presidente Figueiredo, Coari, Maués), de acordo com o número de eleitores e a representatividade Capital (54,3%) e Interior (45,7%). Foi obedecida a seguinte proporção:   Manaus  Centro-Oeste - 72   Centro-Sul - 76   Leste - 193   Norte - 220   Oeste - 117   Sul - 138     Interior  Parintins -  139  Itacoatiara - 136  Manacapuru - 135  Iranduba - 63  Presidente Figueiredo - 46  Coari - 103  Maués - 63  "
"24/08/2022";"00:10:36";"2018";"5";"Eleições Gerais 2018";"AM";"AM";"AMAZONAS";"AM077032018";"08/10/2018";"03079221000195";"DMP DESIGN MARKETING E PROPAGANDA LTDA";"#NULO#";"Governador";"09/10/2018";"13/10/2018";"1500";"8940";"Erico Jander da Silva Lopes";"22000,00";"03079221000195";"DMP DESIGN MARKETING E PROPAGANDA LTDA";"#NULO#";"03079221000195";"DMP DESIGN MARKETING E PROPAGANDA LTDA";"A metodologia da pesquisa realizada pela DMP, pode ser dêscrita como uma pesquisa quantitativa, com utilização de questionário estruturado e amostragem probabilística simples, com efetuação de entrevistas pessoais em pontos de fluxo populacional, tendo por universo o eleitorado do Estado do Amazonas, obedecendo ao regime de quotas (base TSE de 2018/Censo 2010/PNAD 2016) por densidade eleitoral das regiões, sexo, idade, grau de instrução e nível econômico e com o número de entrevistas proporcionais ao número de eleitores de cada bairro e município. Esta metodologia assegura a representatividade de todos os segmentos sociais da população em qualquer Estado, sendo incluídas na amostra as zonas geográficas descritas no questionário. ";"Eleitorado do Estado do Amazonas, com 16 anos ou mais na área urbana e em cinco municípios do interior do Estado do Amazonas selecionados de forma sistemática conforme características geográficas e com amostragem proporcional por bairro dentro de cada município. Amostragem, coeficiente de confiança, margem de erro: A pesquisa DMP vai entrevistar 1500 eleitores. A amostra garante a nível estadual uma margem de erro 2,6% para um intervalo e confiança de 95%. As ponderações em relação a sexo, idade, grau de instrução e nível econômico, descritas nas perguntas 1 a 4 do questionário, serão realizadas para refletir estatisticamente a proporção do eleitorado consultado, conforme percentuais SEXO: TSE/JUNHO/2018 % Masculino 48,2 Feminino 51,8 FAIXA ETÁRIA: TSE/JUNHO/2018 % De 16 a 17 anos 2,0. De 18 a 24 anos 18. De 25 a 34 anos 28,5. De 35 a 44 anos 21,6. De 45 a 59 anos 19,8. Mais de 60 anos 9,8. GRAU DE INSTRUÇÃO: TSE/JUNHO/2018 %: Analfabeto / lê e escreve(13,5%),  Ensino Fundamental incompleto/completo(26,8), Ensino Médio incompleto/completo(44,2),  Superior incompleto/completo(15,5)- FAIXA DE RENDA: IBGE/PNAD-2016 %, Até 954,00 (69,7%). Mais de R$ 954,00 a R$2.862,00(24,0%). Mais de R$ 2.862,01 a R$ 4.770,00(3,2%). Acima de R$ 4.770,00(3,2%).";"Sistema interno de controle, verificação, conferência e fiscalização da coleta de dados e do trabalho de campo é assim descrito: Durante o trabalho de campo são checadas 20% das entrevistas (externa), internamente, os dados de diferentes questões são pré-processados e cruzados entre si, o que permite fazer a critica dos mesmos para a verificação de eventuais inconsistências. ";"MANAUS. ZONA OESTE: Compensa (34). Lírio do Vale (9). Santo Antonio (10). São Raimundo (9). São Jorge (9). Gloria(8). Vila da Prata(9). Nova Esperança(8). Santo Agostinho(10). Tarumã(8). ZONA CENTRO OESTE: Alvorada (28). Redenção (16). Bairro da Paz(6). Dom Pedro I (9). Planalto(8). ZONA SUL: Japiim (30). Petrópolis (20). Raiz (8). Cachoeirinha (10). Educandos (7). São Francisco (7). Centro (10). Betânia(6). Morro da Liberdade(8). Aparecida(5). Santa Luzia(5). Praça 14(5). São Lazaro(7). ZONA CENTRO SUL: Flores (22). Parque 10 de Novembro (19) . Aleixo(9). Chapada(6). N s da Graças(6). S Geraldo(5). ZONA LESTE: São José (35). Jorge Teixeira (50). Tancredo Neves (24). Coroado (23). Armando Mendes(13). Mauazinho(10). Gilberto Mestrinho(25). Zumbi(25). ZONA NORTE: Cidade Nova (54). Colônia Terra Nova (20). Monte das Oliveiras (17). Colonia S Antonio(8). Novo Israel(7). Santa Etelvina(24). Novo Aleixo(26). Cidade de Deus(31). Nova Cidade(35). INTERIOR: Tefé (105). Coari (129). Manacapuru (145). Itacoatiara (148). Parintins (174)."
"24/08/2022";"00:10:36";"2018";"5";"Eleições Gerais 2018";"AM";"AM";"AMAZONAS";"AM078672018";"01/10/2018";"84480946000192";"DD MIDIA E PESQUISA LTDA - EPP";"THE VOICE PESQUISA 365";"Governador";"07/10/2018";"07/10/2018";"1067";"8332";"ÉZIO LACERDA LOPES";"50000,00";"84480946000192";"DD MIDIA E PESQUISA LTDA - EPP";"#NULO#";"84480946000192";"DD MIDIA E PESQUISA LTDA - EPP";"Pesquisa do tipo quantitativo, conhecida como pesquisa de boca de urna, com uma amostra representativa do eleitorado amazonense, em 28 locais de votação, aplicando um questionário com três perguntas. Na primeira, apresenta-se uma cartela que reproduz uma urna eletrônica, e é solicitado ao entrevistado que ele reproduza como digitou seu voto para governador. Na segunda e na terceira, o entrevistador pergunta: ¿Em qual destes dois candidatos você vai votar no dia 28 de outubro de 2018?¿ (Ver cenários no questionário). Toda a pesquisa será realizada entre 8h e 16h do dia 07 de outubro, logo após os eleitores deixarem o local onde acabaram de votar, mantendo-se a devida distância da saída do local de votação. O questionário que vai em anexo é apenas um modelo ilustrativo, porque a captação das intenções de voto será realizada via plataforma mobile, por smartphones.";"Eleitores votantes de 28 (vinte e oito) locais de votação do Amazonas - sendo 12 (doze) na capital e 16 (dezesseis) no interior - pertencentes a Manaus e mais 08 (oito) municípios (Parintins, Itacoatiara, Manacapuru, Coari, Tefé, Tabatinga, Maués e Humaitá). Em cada cidade do interior foram escolhidos 02 (dois) colégios eleitorais. A seleção dos 28 (vinte e oito) locais de votação foi baseada no histórico das últimas três eleições (2014, 2016 e 2017), em que o resultado obtido em cada um deles oscilou em até 3%, para mais ou para menos, possibilitando-nos estabelecer que esses locais de votação representam o comportamento médio eleitoral amazonense, metodologia esta já aplicada por nossa empresa em todas as bocas de urna que realizamos, e com elevadíssimo grau de precisão. O número de eleitores entrevistados será de 1.067 (mil e sessenta e sete), sendo 104 homens e 111 mulheres entre 16 e 24 anos de idade. 128 homens e 136 mulheres de 25 a 34 anos. 115 homens e 121 mulheres entre 35 a 44 anos, e 174 homens e 178 mulheres com mais de 45 anos de idade. Grau de Instrução: será dividido em três grupos: analfabeto, lê e escreve, ensino fundamental incompleto e completo (225 homens e 205 mulheres). ensino médio incompleto e completo (227 homens e 245 mulheres). ensino superior incompleto e completo (69 homens e 96 mulheres), conforme dados do Tribunal Superior Eleitoral, de julho de 2018. Nível Econômico: entrevistaremos 655 eleitores economicamente ativos e 412 economicamente inativos, conforme dados do IBGE de 2015, para o estado do Amazonas. As quatro variáveis de controle já estão 100% autoponderadas, de acordo com os dados atualizados do Tribunal Superior Eleitoral (TSE) e do Instituto Brasileiro de Geografia e Estatística (IBGE).    TAMANHO DA AMOSTRA:   Serão entrevistados 1.067 eleitores.    MARGEM DE ERRO E INTERVALO DE CREDIBILIDADE:   A margem de erro máxima estimada é de 3,0 pontos percentuais para os resultados obtidos, enquanto que o grau de confiabilidade é de 95%, o que significa dizer que, se fossem feitas 100 entrevistas com a mesma metodologia, 95 estariam dentro da margem de erro prevista.  ";"As equipes envolvidas neste projeto terão um treinamento específico, em razão da metodologia diferenciada das pesquisas de boca de urna. No trabalho de campo, haverá sempre um supervisor acompanhando todo o processo de abordagem e preenchimento dos dados dos entrevistados, em cada local de votação.";"#NULO#"
"24/08/2022";"00:10:36";"2018";"5";"Eleições Gerais 2018";"AM";"AM";"AMAZONAS";"AM078982018";"04/07/2018";"04942645000102";"J J COELHO";"INSTITUTO PHOENIX & ASSOCIADOS";"Senador, Deputado Estadual, Governador, Deputado Federal";"07/07/2018";"10/07/2018";"805";"7655-A";"Augusto da Silva Rocha";"7500,00";"04942645000102";"J J COELHO";"#NULO#";"04942645000102";"J J COELHO";"METODOLOGIA UTILIZADA para unidade federativa do Estado do Amazonas. No DESENVOLVIMENTO DESTA SONDAGEM O objetivo principal desta pesquisa e identificar as intenções de voto, para o pleito majoritário e proporcional, averiguando as devidas tendências. MÉTODO: PROBABILIÍSTICO ESTRATIFICADO COM SORTEIO DE MULTIPLOS ESTÁGIO. Por tratar-se de um estudo descritivo, com característica de um público conhecido, desenvolvemos um método direto, através da amostragem probabilística. Assim na abrangência da área geográfica aplicamos um percentual pré-definido nas proporções do universo dos eleitores, baseando-se também nos percentuais eleitorais para cada micro setor da região pesquisada. De acordo com as tabelas apresentadas. O critério de seleção obedece às informações e dados do TRE e IBGE. As entrevistas serão na quase totalidade efetuadas nos domicílios dos eleitores, após a certificação de que os mesmos votam no Estado e se dispõe a responderes as perguntas apresentadas. Selecionamos (15). Municípios das diversas regiões sorteadas entre aproximadamente 73% dos votos das unidades de maiores pesos populacional. Que resulta em mais de 2/3 dá abrangência da população e por conseguinte do contingente eleitoral de todo estado. Para atingirmos os propósitos deste estudo utilizamos a técnica de pesquisa por amostragem, que reside na apreensão sistemática e extensiva das tendências dos indivíduos inserido no universo pesquisado e que integra a realidade a ser investigada. A validade deste tipo de pesquisa está na possibilidade de se aferir a intensidade de tendências, permitindo a coleta de dados utilizando de um formulário de questionamento misto contendo algumas perguntas estimulada (optativas) e outras semiabertas de caráter mais informativo. Este último tipo de questão permite que se evite indução da resposta, assim, como possibilita que se tenha conhecimento dos quadros de referência dos entrevistados.com isso, obtêm-se também posições qualitativas das opiniões coletadas e que permitam aos interessados: traçar perfis, avaliar gestões e serviço. identificação e desempenho das lideranças, em estudo pelo cruzamento das respostas obtidas. UNIVERSO da pesquisa será constituído pelos eleitores da unidade federativa segmentada pelos variáveis de sexo e faixa etárias e área geográfica definidas a partir da idade 16 anos, integrantes de todas as camadas socioeconômica do estado. Colocamos em campo agente com razoável instrução com nível médio, treinados para o fim especifico, supervisionado por chefe de equipe que acima de tudo primam pela neutralidade dos dados a ser apreendidos. O trabalho terá a duração de ate cinco dias programados de acordo com o cronograma de serviços e mais ate (02) dias ininterruptos, serão empregados na tarefa de: Revisão. Processamento e tabulação geral, dos 805 questionários, aplicados. Finalizando assim com a publicação dos dados, em tempo hábil, salvo se algum acidente de percurso, que possa naturalmente retardar a coleta de dados em campo. Quanto a estratificação das quotas: consiste em si determinar o bairro ou setores censitários por sorteio, determinando ao agente coletor a quantidade de entrevistas para cada período diário e o percentual por faixa etária e sexo tornando assim a amostragem equiprobabilística. EQUIPE: Um grupo de (07) agentes pesquisadores realizara a coleta de dados em campo, nos bairros e localidades sorteadas, dentre os limites dos municípios, coletando assim as entrevistas que haverão de compor a amostragem prevista.      ";"PLANO AMOSTRAL E PODERAÇÃO) a quota de sexo, idade, grau de instrução e nível econômico do entrevistados: intervalo de confiança e margem de erro. plano amostral e ponderação quanto a sexo, idade, a faixa etária ficou definida em cinco categoria: de 16 a 24 anos 20,4% 164 amostras de 25 a 34 anos. 25,1% 202 amostras de 35 a 44 anos 22,1%178 amostra grau de instrução nível econômico do entrevistado. intervalo de confiança e margem de erro: PLANO AMOSTRAL E PODERAÇÃO este plano foi elaborado com base no contingente populacional pautado diretamente no eleitorado, por tratar- se de um levantamento exclusivo de intenção de voto. Com base na eleição vindoura do próximo mês de outubro. Desta forma, baseado nos dados estatístico IBGE referente ao estudo, as quotas com o perfil das pessoas a serem entrevistado como poderá ser observado na tabela de estratificação. QUOTA DE SEXO: com 51,2% de coleta entre as mulheres, o que equivale a quatrocentos e doze amostras e o restante (trezentos e noventa e três) feita no segmento masculino 48,8% do eleitorado do estado Amazonense. IDADE: a faixa etária ficou definida em cinco categorias à saber: de 16 a 24 anos (20,4%), equivalente a 64 amostras. de 25 a 34 anos (25,1%) equivalente a 202 amostras. de 35 44 anos (22,1%) equivalente a 178 amostras. de 45 a 60 anos (20,6%) equivalente a 166 amostras e aos eleitores acimas de 60 anos (11,8%) o que equivale a 95 amostras totalizando assim as 805 entrevistas estratificadas em todo o universo sondado. GRAU DE INSTRUÇÃO: nas devidas proporções apresentadas na tabela do IBGE. Estabelecendo-se assim a margem de erro e nível de confiança. Por outro lado, adequamos a escolha dos bairros dentro da proporcionalidade populacional de cada microrregião geograficamente delimitada. Como também poderá ser visto. Na tabela das  regionais e municipais contempladas conforme sua devida densidade eleitoral,  mantendo-se assim a proporção no peso amostral de cada unidade regional. Desta forma a amostragem será produzida pelos questionários feitos a base de entrevistas individuais, nos variados setores censitários estratificados, tendo-se como o UNIVERSO da pesquisa os eleitores do estado respaldado no contingente total do Amazonas. Dos quais serão retiradas estas amostras em quantidade representativa, obedecendo aos critérios acima exposto. O intervalo de confiança é de 96%o que significa dizer que em 100 trabalhos desta natureza, somente (04) poderão apresentar uma variação fora do previsto. Margem de erro: para mais ou para menos 2,83% de acordo com a tabela fornecida pelo estatístico responsável. Augusto da Silva Rocha, inscrito no CORRE (1) sob o número 7655-A    ";"Como variáveis de controle, seguimos à risca neste trabalho a recomendação da Lei Eleitoral Vigente, que estabelece como padrões de controle as variáveis dentro dos percentuais apresentados pelo IBGE nas últimas aferições dos sensos populacionais. Assim enquadramos religiosamente dentro da variável de faixa etária e quota de sexo. O índice amostral que determinarão a ponderação da variável. Respeitando as variações permitida, nunca superiores a margem de erro estabelecido. Quanto a área física em cada bairro será escolhida, as ruas em proporção ao número de amostra de cada unidade, de formas a mapeamos na proporção equiprobabilística. Dentre as cinco classes socioeconômicas definidas A. B. C. D. e E.  como também o nível escolaridade dos entrevistados, em número de quatro classes, a saber: superior Completo ou incompleto, básico, primário ou fundamental e semianalfabeta ou analfabeto funcionais, encaixados dentro das proporções do último senso demográfico, funcionando como variáveis decorrentes e não de controle excepcionalmente. As religiões dos entrevistados não requerem qualquer controle, visto que serão elementos somente passiveis ou acompanhamento, desta forma não entram na pauta de controle das informações apreendidas. Na conferência de questionários e revisão de dados se faz de imediato após a coleta de campo, em aproximadamente 15% dos questionários tendo em vista a relação de telefones, ou e-mail fornecidas por parte dos respondentes, tendo em vista também averiguar possíveis irregularidades na coleta ou mesmo no preenchimento dos dados fornecidos. As relações dos bairros com seus respectivos números de amostra serão enviados posteriormente, logo após sejam catalogados todas as amostras planejadas. Questionário (vide copia anexa). Nota: embora a amostragem tenha sido enquadrada proporcionalmente nas devidas faixas de controle, no concernente as variáveis de classe socioeconômica e instrução escolar, possa haver sempre algumas oscilações de faixa, em razão das fontes oficias estarem sempre desatualizadas e as mudanças serem bastante evolutivas de formas a não comprometer a essência dos resultados finais. Assim levamos em conta também dados de outros trabalhos e levantamentos sociológicos feito na região nos últimos anos. Dados relativos aos municípios e bairros abrangidos pala pesquisa. Na ausência de delimitação do bairro, será identificada a área em que foi realizada a pesquisa (6º do art.2º da Resolução- TSE nº 23.453/2015. Até o sétimo dia seguinte ao registro da pesquisa, será ele complementado com os dados.      ";"#NULO#"
"24/08/2022";"00:10:36";"2018";"5";"Eleições Gerais 2018";"AM";"AM";"AMAZONAS";"AM079062018";"14/09/2018";"29842579000111";"REAL TIME BIG DATA GESTAO DE DADOS LTDA.";"REAL TIME BIG DATA";"Governador, Senador";"18/09/2018";"19/09/2018";"1200";"7655";"Augusto da Silva Rocha";"15000,00";"29842579000111";"REAL TIME BIG DATA GESTAO DE DADOS LTDA.";"#NULO#";"29842579000111";"REAL TIME BIG DATA GESTAO DE DADOS LTDA.";"Pesquisa quantitativa, que consiste na realização de entrevistas por telefone, com a aplicação de questionário estruturado junto a uma amostra, representativa do eleitorado em estudo.";"Universo: 2.428.098 eleitores (TSE). Amostra: 1200 entrevistas. Nível de Confiança: 95%. Margem de Erro: até 3 pontos percentuais para mais ou para menos. Divisão Censitária. Ponderação quanto ao sexo e faixa etária: Masculino de 16 a 24 anos (9,7%), Masculino de 25 a 34 anos (12,0%), Masculino de 35 a 44 anos (10,8%), Masculino de 45 a 59 anos (10,2%) e Masculino acima de 59 anos (6,1%). Feminino de 16 a 24 anos (10,4%), Feminino de 25 a 34 anos (12,8%), Feminino de 35 a 44 anos (11,3%), Feminino de 45 a 59 anos (10,4%) e Feminino acima de 59 anos (6,2%). Ponderação quanto ao nível de instrução: 27,7% de Analfabeto / Fundamental Incompleto, 12,6% de Lê e escreve / Fundamental Completo, 44,2% de Médio Incompleto / Médio Completo e 15,5% de Superior Incompleto / Superior Completo. Ponderação quanto a distribuição por renda mensal domiciliar: 29,8% até 1 SM, 24,6% de 1 até 2 SM, 29,0% de 2 até 5 SM, 10,7% de 5 até 10 SM e 5,9% acima de 10 SM.";"Checagem de 20% da amostra efetuada pelos supervisores. Todos os entrevistadores foram amplamente treinados e orientados tanto teoricamente quanto praticamente sobre suas responsabilidade e funções, respeitando as cotas pré-estabelecidas. A equipe está dividida em coordenadoria-geral / supervisores / entrevistadores.";"Em anexo."
"24/08/2022";"00:10:36";"2018";"5";"Eleições Gerais 2018";"AM";"AM";"AMAZONAS";"AM079512018";"14/09/2018";"03079221000195";"DMP DESIGN MARKETING E PROPAGANDA LTDA";"#NULO#";"Senador, Governador";"16/09/2018";"21/09/2018";"1500";"8940";"Erico Jander da Silva Lopes";"22000,00";"03079221000195";"DMP DESIGN MARKETING E PROPAGANDA LTDA";"#NULO#";"03079221000195";"DMP DESIGN MARKETING E PROPAGANDA LTDA";"A metodologia da pesquisa realizada pela DMP, pode ser descrita como uma pesquisa quantitativa, com utilização de questionário estruturado e amostragem probabilística simples, com efetuação de entrevistas pessoais em pontos de fluxo populacional, tendo por universo o eleitorado do Estado do Amazonas, obedecendo ao regime de quotas (base TSE de 2018/Censo 2010/PNAD 2016) por densidade eleitoral das regiões, sexo, idade, grau de instrução e nível econômico e com o número de entrevistas proporcionais ao número de eleitores de cada bairro e município. Esta metodologia assegura a representatividade de todos os segmentos sociais da população em qualquer Estado, sendo incluídas na amostra as zonas geográficas descritas no questionário.";"Eleitorado do Estado do Amazonas, com 16 anos ou mais na área urbana e em cinco municípios do interior do Estado do Amazonas selecionados de forma sistemática conforme características geográficas e com amostragem proporcional por bairro dentro de cada município. Amostragem, coeficiente de confiança, margem de erro: A pesquisa DMP vai entrevistar 1500 eleitores. A amostra garante a nível estadual uma margem de erro 2,8% para um intervalo e confiança de 95%. As ponderações em relação a sexo, idade, grau de instrução e nível econômico, descritas nas perguntas 1 a 4 do questionário, serão realizadas para refletir estatisticamente a proporção do eleitorado consultado, conforme percentuais SEXO: TSE/JUNHO/2018 % Masculino 48,2 Feminino 51,8 FAIXA ETÁRIA: TSE/JUNHO/2018 % De 16 a 17 anos 2,0. De 18 a 24 anos 18. De 25 a 34 anos 28,5. De 35 a 44 anos 21,6. De 45 a 59 anos 19,8. Mais de 60 anos 9,8. GRAU DE INSTRUÇÃO: TSE/JUNHO/2018 %: Analfabeto / lê e escreve(13,5%), Ensino Fundamental incompleto/completo(26,8), Ensino Médio incompleto/completo(44,2), Superior incompleto/completo(15,5- FAIXA DE RENDA: IBGE/PNAD-2016 %, Até 954,00 (69,7%). Mais de R$ 954,00 a R$2.862,00(24,0%). Mais de R$ 2.862,01 a R$ 4.770,00(3,2%). Acima de R$ 4.770,00(3,2%).";"Sistema interno de controle, verificação, conferência e fiscalização da coleta de dados e do trabalho de campo é assim descrito: Durante o trabalho de campo são checadas 20% das entrevistas (externa), internamente, os dados de diferentes questões são pré-processados e cruzados entre si, o que permite fazer a critica dos mesmos para a verificação de eventuais inconsistências.  ";"MANAUS. ZONA OESTE: Compensa (34). Lírio do Vale (9). Santo Antonio (10). São Raimundo (9). São Jorge (9). Gloria(8). Vila da Prata(9). Nova Esperança(8). Santo Agostinho(10). Tarumã(8). ZONA CENTRO OESTE: Alvorada (28). Redenção (16). Bairro da Paz(6). Dom Pedro I (9). Planalto(8). ZONA SUL: Japiim (30). Petrópolis (20). Raiz (8). Cachoeirinha (10). Educandos (7). São Francisco (7). Centro (10). Betânia(6). Morro da Liberdade(8). Aparecida(5). Santa Luzia(5). Praça 14(5). São Lazaro(7). ZONA CENTRO SUL: Flores (22). Parque 10 de Novembro (19) . Aleixo(9). Chapada(6). N s da Graças(6). S Geraldo(5). ZONA LESTE: São José (35). Jorge Teixeira (50). Tancredo Neves (24). Coroado (23). Armando Mendes(13). Mauazinho(10). Gilberto Mestrinho(25). Zumbi(25). ZONA NORTE: Cidade Nova (54). Colônia Terra Nova (20). Monte das Oliveiras (17). Colonia S Antonio(8). Novo Israel(7). Santa Etelvina(24). Novo Aleixo(26). Cidade de Deus(31). Nova Cidade(35). INTERIOR: Tefé (105). Coari (129). Manacapuru (145). Itacoatiara (148). Parintins (174).  "
"24/08/2022";"00:10:36";"2018";"5";"Eleições Gerais 2018";"AM";"AM";"AMAZONAS";"AM080242018";"17/10/2018";"29842579000111";"REAL TIME BIG DATA GESTAO DE DADOS LTDA.";"REAL TIME BIG DATA";"Governador";"22/10/2018";"22/10/2018";"1500";"7655";"Augusto da Silva Rocha";"7000,00";"29842579000111";"REAL TIME BIG DATA GESTAO DE DADOS LTDA.";"#NULO#";"29842579000111";"REAL TIME BIG DATA GESTAO DE DADOS LTDA.";"Pesquisa quantitativa, que consiste na realização de entrevistas por telefone, com a aplicação de questionário estruturado junto a uma amostra, representativa do eleitorado em estudo.";"Universo: 2.428.098 eleitores (TSE). Amostra: 1500 entrevistas. Nível de Confiança: 95%. Margem de Erro: até 3 pontos percentuais para mais ou para menos. Divisão Censitária. Ponderação quanto ao sexo e faixa etária: Masculino de 16 a 24 anos (9,7%), Masculino de 25 a 34 anos (12,0%), Masculino de 35 a 44 anos (10,8%), Masculino de 45 a 59 anos (10,2%) e Masculino acima de 59 anos (6,1%). Feminino de 16 a 24 anos (10,4%), Feminino de 25 a 34 anos (12,8%), Feminino de 35 a 44 anos (11,3%), Feminino de 45 a 59 anos (10,4%) e Feminino acima de 59 anos (6,2%). Ponderação quanto ao nível de instrução: 28% de Analfabeto / Fundamental Incompleto, 13% de Lê e escreve / Fundamental Completo, 44% de Médio Incompleto / Médio Completo e 15% de Superior Incompleto / Superior Completo. Ponderação quanto a distribuição por renda mensal domiciliar: 30% até 1 SM, 25% de 1 até 2 SM, 29% de 2 até 5 SM, 11% de 5 até 10 SM e 6% acima de 10 SM. Fonte de Dados: IBGE e TSE 2018.";"Checagem de 20% da amostra efetuada pelos supervisores. Todos os entrevistadores foram amplamente treinados e orientados tanto teoricamente quanto praticamente sobre suas responsabilidade e funções, respeitando as cotas pré-estabelecidas. A equipe está dividida em coordenadoria-geral / supervisores / entrevistadores.";"Em anexo."
"24/08/2022";"00:10:36";"2018";"5";"Eleições Gerais 2018";"AM";"AM";"AMAZONAS";"AM084042018";"23/09/2018";"14614894000114";"ERIC LIMA BARBOSA - ME";"PONTUAL PESQUISAS";"Deputado Estadual, Governador, Deputado Distrital, Deputado Federal, Senador";"22/09/2018";"27/09/2018";"2500";"9079";"Alice Nascimento de Asis";"20000,00";"14614894000114";"ERIC LIMA BARBOSA - ME";"#NULO#";"14614894000114";"ERIC LIMA BARBOSA - ME";"A pesquisa será realizada envolvendo 07 (sete) municípios do interior do Amazonas e a capital pertencentes às zonas geográficas descritas no questionário. Do qual a população de estudo será o conjunto de eleitores com 16 anos ou mais, com registro eleitoral no município de Manaus e nos 07 municípios e estando aptos a votar nas eleições gerais no Brasil para 2018. A metodologia aplicada pela Pontual Pesquisas obedecerá a técnica de pesquisa transversal do tipo quantitativa por meio de aplicação de questionário estruturado a rigor de cálculo de amostragem probabilística aleatória simples, com efetuação de pesquisas em pontos de fluxo ou domiciliares, com entrevistas voluntárias e confidenciais, obedecendo ao regime de quotas (base TSE de 2018, TRE de 2018 e Censo 2010/PNAD 2016) por densidade eleitoral das regiões, sexo, idade, grau de instrução e nível econômico. A coleta de dados ocorrerá nos dias 22 a 27 de setembro na capital do estado e os 07 municípios. A Pontual Pesquisas utilizou questionários previamente validado através de estudo piloto, por equipe treinada, sendo composta por 10 entrevistadores, 02 supervisores e 01 coordenador.";"Cada entrevistado será alcançado através de sorteio aleatório simples, representando que todos têm a mesma chance de ser sorteado para o estudo, garantindo assim, metodologia adequada de representações para as variáveis que apresentam ponderações quanto a sexo, idade, grau de instrução e nível econômico. Serão realizadas 2500 entrevistas eleitorais, a distribuição prevista será de, 1350 para Manaus (54,4%) e 1150 indivíduos no interior (45,6%), pela variável Sexo será de 51,8% do Feminino e 48,2% do Masculino. Quanto à variável Idade (faixa etária), a distribuição será a seguinte: 20,2% (16-24 anos), 24,8% (25-34 anos), 22,1% (35-44 anos) e 32,9% (acima de 45 anos), GRAU DE INSTRUÇÃO: Analfabeto/lê e escreve (13,5%), Ensino Fundamental incompleto/completo (26,8%), Ensino Médio incompleto/completo (44,2%), Superior incompleto/completo(15,5%), conforme dados do TSE, de julho de 2018. Quanto a variável nível econômico (faixa renda): IBGE/PNAD-2016, Até 954,00 (69,7%). Mais de R$ 954,00 a R$2.862,00 (24,0%). Mais de R$ 2.862,01 a R$ 4.770,00 (3,2%). Acima de R$ 4.770,00 (3,2%). Não quis responder. Apesar de perguntarmos acerca da variável Religião não serão aplicados nenhuma ponderação, considerando que essas variáveis tenham pouca consistência histórica. A margem de erro máxima de 1,96 pontos percentuais para mais ou para menos, considerando o intervalo de confiança de 95%, conforme Morettin (2009) página 229. O universo da pesquisa é de acordo com o TRE AM - Tribunal Regional Eleitoral do Estado do Amazonas, formado por 2.428.098 eleitores (atualizado em 16/07/2018, às 15:00hs) aptos a votar no Amazonas.";"Para controle, verificação e conferência das informações coletadas foi desenvolvido trabalho com equipes composta de 10 entrevistadores, 02 supervisores, 01 coordenador. Neste estudo, os supervisores e coordenadores serão responsáveis por realizar conferência de 10% dos questionários preenchidos em campo, procedimento adotado para efeito de verificação e coerência das informações coletadas. Após esta etapa, os questionários são verificados, durante todas as etapas, quanto a construção do banco de dados e análise das variáveis.";"As coletas serão realizadas obedecendo aos seguintes cálculos de amostragem determinado, para os municípios e a capital.  1. Parintins (222). 2. Itacoatiara (216). 3. Manacapuru (215). 4. Coari (164). 5. Tefé (132). 6. Maués (101). 7. Iranduba (100). No interior a divisão de bairros é totalmente imprecisa e inaplicável sua utilização. 6. Manaus (1350) ¿ distribuídos nas seguintes zonas e bairros: ZONA CENTRO-OESTE: Dom Pedro (22). Alvorada (52). Planalto (8). Bairro da Paz (12). Redenção (30). ZONA CENTRO-SUL: Nossa Senhora das Graças (13). Parque 10 (35). São Geraldo (9). Chapada (8). Aleixo (17). Flores (31). ZONA LESTE: Coroado (45). São José Operário (67). Armando Mendes (22). Zumbi dos Palmares (29). Mauazinho (17). Jorge Teixeira (80). Tancredo Neves (36). Gilberto Mestrinho (24). ZONA NORTE: Cidade Nova (111). Colônia Santo Antônio (13). Novo Aleixo (70). Novo Israel (18). Santa Etelvina (25). Colônia Terra Nova (28). Monte das Oliveiras (24). Nova Cidade (45). Cidade de Deus (33). ZONA OESTE: São Raimundo (11). São Jorge (19). Glória (10). Santo Antônio (16). Vila da Prata (11). Compensa (59). Nova Esperança (12). Lírio do Vale (17). Santo Agostinho (13). Tarumã (30). ZONA SUL: Centro (27). Nossa Senhora Aparecida (11). Praça 14 (13). Cachoerinha (15). Santa Luzia (11). Raiz (11). Morro da Liberdade (12). Educandos (13). São Francisco (15). Betânia (10). Japiim (40). São Lázaro (11). Petrópolis (39).   "
"24/08/2022";"00:10:36";"2018";"5";"Eleições Gerais 2018";"AM";"AM";"AMAZONAS";"AM084742018";"09/07/2018";"06023655000161";"A F SOARES MARKETING E PESQUISAS DE MERCADO LTDA - EPP";"ACTION MARKETING E PESQUISAS";"Governador, Senador";"05/07/2018";"11/07/2018";"2100";"7117";" JOÃO CALDAS DO LAGO NETO";"43000,00";"06023655000161";"A F SOARES MARKETING E PESQUISAS DE MERCADO LTDA - EPP";"#NULO#";"06023655000161";"A F SOARES MARKETING E PESQUISAS DE MERCADO LTDA - EPP";"Survey, quantitativa, descritiva, transversal. Pesquisa de campo (dados primários).  Amostragem não probabilística, estratificada por cotas. Universo: eleitores residentes e  domiciliados na área urbana dos municípios pesquisados. Coleta dos dados: questionário  estruturado, aplicado de modo presencial em entrevista direta ou face-to-face. Tratamento  dos dados: estatística descritiva (Média, mediana, desvio-padrão), analise de normalidade  (Skewness e curtosis) e Cruzamento de dados.";"Público alvo: eleitores da cidade de Manaus e os 20 (vinte) maiores municípios do interior do  Amazonas em número de eleitores aptos a votar.  Tamanho da amostra: O tamanho da amostra será de 2.100 indivíduos, a pesquisa será  aplicada nas seis zonas administrativas urbanas de Manaus e nas áreas urbanas dos 20  municípios distribuídos conforme, ponderação descrita a seguir: divisão por meio da  proporcionalidade ao tamanho do Universo da amostra entre zonas administrativas e bairros.  seguida pela amostra aleatória simples distribuída por setores censitários marcados pelos  quarteirões onde cada pesquisador conhecerá os limites de sua área de abrangência por meio  de mapa elaborado no Software Arc Map 11.0. As entrevistas serão realizadas por 80  pesquisadores de campo, sob supervisão de 10 coordenadores de equipes subordinados ao  Setor de Coleta de Dados da Action. Para estabelecer a distribuição da amostra total (2.100  indivíduos) foi utilizado o Software Sphinx na função ponderação pelo critério PPT. Desta   forma foram estimadas as frequências absolutas (ao lado de suas respectivas frequências  relativas) para cada município, de acordo com a sua proporção na amostra. A distribuição  prevista será, 1.155 para Manaus (55%) e 945 indivíduos no interior (45%) abrangendo  municípios de Parintins (97), Itacoatiara (94), Manacapuru (94), Coari (71), Tefé (58), Tabatinga  (47), Maués (44), Iranduba (43), São Gabriel da Cachoeira (41), Humaitá (40), Manicoré (40),  Autazes (36), Lábrea (34), Presidente Figueiredo (32), Careiro (30), Boca do Acre (30), Eirunepé  (29), Benjamin Constant (29), Borba (29) e Carauari (27), no TOTAL (2.100). Ponderação:  Gênero será de 1.008 Masculino (48%) e 1.092 Feminino (52%), no TOTAL (2.100). Ponderação:  Faixa Etária será de 42 de 16 a 17 anos (2%), 168 de 18 a 20 anos (8%), 231 de 21 a 24 anos  (11%), 525 de 25 a 34 anos (25%), 462 de 35 a 44 anos (22%), 420 de 45 a 59 anos (20%) e 252  Igual ou superior a 60 anos (12%), no TOTAL (2.100). As variáveis de Grau de Instrução e Nível  Econômico não serão realizadas nenhum tipo de ponderação por não haver dados oficiais  relativos ao eleitorado atualizado para aplicação na amostra.  Intervalo de confiança e Margem de erro: erro de 2,1% para mais ou menos em um intervalo  de confiança de 95%. O universo da pesquisa é de acordo com o TRE AM - Tribunal Regional  Eleitoral do Estado do Amazonas, formado por 2.427.435 eleitores (atualizado em 07/06/2018,  às 16:43hs) aptos a votar no Amazonas.";"O controle será exercido por verificação física do preenchimento dos questionários, checagem  das respostas em 20% dos indivíduos em cada lote de 50 questionários, desta forma, todos os  pesquisadores serão avaliados. Primeiramente o controle da qualidade excluirá os  questionários sem preenchimento de um bloco de questões abertas ou fechadas, com rasuras  sem justificativas, com incoerências. Em uma segunda etapa, após digitação e correção dos  dados, as variáveis correlatas serão cruzadas e os questionários que apresentarem  incoerências ou anormalidade, segundo a distância de Mahalanobis, serão excluídos e  substituídos por outros coletados como excedente ou reposição de cotas.";"Dados relativos aos municípios e bairros abrangidos pela pesquisa. Na ausência de delimitação  do bairro, será identificada a área em que foi realizada a pesquisa (conforme §6º. do art. 2º. da  Resolução-TSE nº. 23.549/2017), o pedido de registro será complementado pela entrega  destes dados ao Tribunal Eleitoral em um prazo de até 24 horas, contado da divulgação do  respectivo resultado): Atendendo às exigências do art. 2º, §6º da Resolução 23.549/2017 do  TSE, indicam-se as zonas a serem exploradas na pesquisa, sendo que em, até 24 horas após a  divulgação de resultados, serão enviados os dados referentes aos respectivos bairros."
"24/08/2022";"00:10:36";"2018";"5";"Eleições Gerais 2018";"AM";"AM";"AMAZONAS";"AM085362018";"26/09/2018";"29842579000111";"REAL TIME BIG DATA GESTAO DE DADOS LTDA.";"REAL TIME BIG DATA";"Governador, Senador";"01/10/2018";"01/10/2018";"1200";"7655";"Augusto da Silva Rocha";"15000,00";"29842579000111";"REAL TIME BIG DATA GESTAO DE DADOS LTDA.";"#NULO#";"29842579000111";"REAL TIME BIG DATA GESTAO DE DADOS LTDA.";"Pesquisa quantitativa, que consiste na realização de entrevistas por telefone, com a aplicação de questionário estruturado junto a uma amostra, representativa do eleitorado em estudo.";"Universo: 2.428.098 eleitores (TSE). Amostra: 1200 entrevistas. Nível de Confiança: 95%. Margem de Erro: até 3 pontos percentuais para mais ou para menos. Divisão Censitária. Ponderação quanto ao sexo e faixa etária: Masculino de 16 a 24 anos (9,7%), Masculino de 25 a 34 anos (12,0%), Masculino de 35 a 44 anos (10,8%), Masculino de 45 a 59 anos (10,2%) e Masculino acima de 59 anos (6,1%). Feminino de 16 a 24 anos (10,4%), Feminino de 25 a 34 anos (12,8%), Feminino de 35 a 44 anos (11,3%), Feminino de 45 a 59 anos (10,4%) e Feminino acima de 59 anos (6,2%). Ponderação quanto ao nível de instrução: 28% de Analfabeto / Fundamental Incompleto, 13% de Lê e escreve / Fundamental Completo, 44% de Médio Incompleto / Médio Completo e 15% de Superior Incompleto / Superior Completo. Ponderação quanto a distribuição por renda mensal domiciliar: 30% até 1 SM, 25% de 1 até 2 SM, 29% de 2 até 5 SM, 11% de 5 até 10 SM e 6% acima de 10 SM. FONTE DOS DADOS: IBGE | TSE 2018";"Checagem de 20% da amostra efetuada pelos supervisores. Todos os entrevistadores foram amplamente treinados e orientados tanto teoricamente quanto praticamente sobre suas responsabilidade e funções, respeitando as cotas pré-estabelecidas. A equipe está dividida em coordenadoria-geral / supervisores / entrevistadores.";"Em anexo."
"24/08/2022";"00:10:36";"2018";"5";"Eleições Gerais 2018";"AM";"AM";"AMAZONAS";"AM086142018";"23/08/2018";"04942645000102";"J J COELHO";"INSTITUTO PHOENIX & ASSOCIADOS";"Governador, Deputado Estadual, Deputado Federal, Senador";"25/08/2018";"28/08/2018";"1211";"7655-A";"Augusto da Silva Rocha ";"8500,00";"19306841000150";"FRANCO & RODRIGUES COMUNICACAO SOCIAL  E EMPREENDIMENTOS LTDA / JORNAL CORREIO CONTINENTAL RO";"Recursos Próprios";"04942645000102";"J J COELHO";"  Metodologia de pesquisa:  METODOLOGIA UTILIZADA para unidade federativa do Estado do Amazonas. No DESENVOLVIMENTO DESTA SONDAGEM O objetivo principal desta pesquisa e identificar as intenções de voto, para o pleito majoritário e proporcional, averiguando as devidas tendências. MÉTODO: PROBABILIÍSTICO ESTRATIFICADO COM SORTEIO DE MULTIPLOS ESTÁGIO. Por tratar-se de um estudo descritivo, com característica de um público conhecido, desenvolvemos um método direto, através da amostragem probabilística. Assim na abrangência da área geográfica aplicamos um percentual pré-definido nas proporções do universo dos eleitores, baseando-se também nos percentuais eleitorais para cada micro setor da região pesquisada. De acordo com as tabelas apresentadas. O critério de seleção obedece às informações e dados do TRE e IBGE. As entrevistas serão na quase totalidade efetuadas nos domicílios dos eleitores, após a certificação de que os mesmos votam no Estado e se dispõe a responderes as perguntas apresentadas. Selecionamos (15). Municípios das diversas regiões sorteadas entre aproximadamente 73% dos votos das unidades de maiores pesos populacional. Que resulta em mais de 2/3 dá abrangência da população e por conseguinte do contingente eleitoral de todo estado. Para atingirmos os propósitos deste estudo utilizamos a técnica de pesquisa por amostragem, que reside na apreensão sistemática e extensiva das tendências dos indivíduos inserido no universo pesquisado e que integra a realidade a ser investigada. A validade deste tipo de pesquisa está na possibilidade de se aferir a intensidade de tendências, permitindo a coleta de dados utilizando de um formulário de questionamento misto contendo algumas perguntas estimulada (optativas) e outras semiabertas de caráter mais informativo. Este último tipo de questão permite que se evite indução da resposta, assim, como possibilita que se tenha conhecimento dos quadros de referência dos entrevistados.com isso, obtêm-se também posições qualitativas das opiniões coletadas e que permitam aos interessados: traçar perfis, avaliar gestões e serviço. identificação e desempenho das lideranças, em estudo pelo cruzamento das respostas obtidas. UNIVERSO da pesquisa será constituído pelos eleitores da unidade federativa segmentada pelos variáveis de sexo e faixa etárias e área geográfica definidas a partir da idade 16 anos, integrantes de todas as camadas socioeconômica do estado. Colocamos em campo agente com razoável instrução com nível médio, treinados para o fim especifico, supervisionado por chefe de equipe que acima de tudo primam pela neutralidade dos dados a ser apreendidos. O trabalho terá a duração de até cinco dias programados de acordo com o cronograma de serviços e mais até (02) dias ininterruptos, serão empregados na tarefa de: Revisão. Processamento e tabulação geral, dos (1211) questionários, aplicados. Finalizando assim com a publicação dos dados, em tempo hábil, salvo se algum acidente de percurso, que possa naturalmente retardar a coleta de dados em campo. Quanto a estratificação das quotas: consiste em si determinar o bairro ou setores censitários por sorteio, determinando ao agente coletor a quantidade de entrevistas para cada período diário e o percentual por faixa etária e sexo tornando assim a amostragem equiprobabilística. EQUIPE: Um grupo de (08) agentes pesquisadores realizara a coleta de dados em campo, nos bairros e localidades sorteadas, dentre os limites dos municípios, coletando assim as entrevistas que haverão de compor a amostragem prevista.  ";"Plano amostral e ponderação quanto a sexo, idade, grau de instrução e nível econômico do entrevistado. intervalo de confiança e margem de erro:  PLANO AMOSTRAL E PODERAÇÃO) a quota de sexo, idade, grau de instrução e nível econômico do entrevistados: intervalo de confiança e margem de erro. plano amostral e ponderação quanto a sexo, idade, a faixa etária ficou definida em cinco categoria: de 16 a 24 anos 20,4% 164 amostras de 25 a 34 anos. 25,1% 202 amostras de 35 a 44 anos 22,1%178 amostra grau de instrução nível econômico do entrevistado. intervalo de confiança e margem de erro: PLANO AMOSTRAL E PODERAÇÃO este plano foi elaborado com base no contingente populacional pautado diretamente no eleitorado, por tratar- se de um levantamento exclusivo de intenção de voto. Com base na eleição vindoura do próximo mês de outubro. Desta forma, baseado nos dados estatístico IBGE referente ao estudo, as quotas com o perfil das pessoas a serem entrevistado como poderá ser observado na tabela de estratificação. QUOTA DE SEXO: com 51,2% de coleta entre as mulheres, o que equivale a quatrocentos e doze amostras e o restante (trezentos e noventa e três) feita no segmento masculino 48,8% do eleitorado do estado Amazonense. IDADE: a faixa etária ficou definida em cinco categorias à saber: de 16 a 24 anos (10,4%), equivalente a 126 amostras. de 25 a 34 anos (27,6%) equivalente a 334 amostras. de 35 44 anos (24,7%) equivalente a 299 amostras. de 45 a 60 anos (23,1%) equivalente a 280 amostras e aos eleitores acimas de 60 anos (14,2%) o que equivale a 172 amostras totalizando assim as 805 entrevistas estratificadas em todo o universo sondado. GRAU DE INSTRUÇÃO: nas devidas proporções apresentadas na tabela do IBGE. Estabelecendo-se assim a margem de erro e nível de confiança. Por outro lado, adequamos a escolha dos bairros dentro da proporcionalidade populacional de cada microrregião geograficamente delimitada. Como também poderá ser visto. Na tabela das regionais e municipais contempladas conforme sua devida densidade eleitoral, mantendo-se assim a proporção no peso amostral de cada unidade regional. Desta forma a amostragem será produzida pelos questionários feitos base de entrevistas individuais, nos variados setores censitários estratificados, tendo-se como o UNIVERSO da pesquisa os eleitores do estado respaldado no contingente total do Amazonas. Dos quais serão retiradas estas amostras em quantidade representativa, obedecendo aos critérios acima exposto. O intervalo de confiança é de 96%o que significa dizer que em 100 trabalhos desta natureza, somente (04) poderão apresentar uma variação fora do previsto. Margem de erro: para mais ou para menos 2,83% de acordo com a tabela fornecida pelo estatístico responsável. Augusto da Silva Rocha, inscrito no CORRE (1) sob o número 7655-A    ";"Sistema interno de controle e verificação, conferência e fiscalização da coleta de dados e do trabalho de campo:  Como variáveis de controle, seguimos à risca neste trabalho a recomendação da Lei Eleitoral Vigente, que estabelece como padrões de controle as variáveis dentro dos percentuais apresentados pelo IBGE nas últimas aferições dos sensos populacionais. Assim enquadramos religiosamente dentro da variável de faixa etária e quota de sexo. O índice amostral que determinarão a ponderação da variável. Respeitando as variações permitida, nunca superiores a margem de erro estabelecido. Quanto a área física em cada bairro será escolhida, as ruas em proporção ao número de amostra de cada unidade, de formas a mapeamos na proporção equiprobabilística. Dentre as cinco classes socioeconômicas definidas A. B. C. D. e E. como também o nível escolaridade dos entrevistados, em número de quatro classes, a saber: superior Completo ou incompleto, básico, primário ou fundamental e semianalfabeta ou analfabeto funcionais, encaixados dentro das proporções do último senso demográfico, funcionando como variáveis decorrentes e não de controle excepcionalmente. As religiões dos entrevistados não requerem qualquer controle, visto que serão elementos somente passiveis ou acompanhamento, desta forma não entram na pauta de controle das informações apreendidas. Na conferência de questionários e revisão de dados se faz de imediato após a coleta de campo, em aproximadamente 15% dos questionários tendo em vista a relação de telefones, ou e-mail fornecidas por parte dos respondentes, tendo em vista também averiguar possíveis irregularidades na coleta ou mesmo no preenchimento dos dados fornecidos. As relações dos bairros com seus respectivos números de amostra serão enviados posteriormente, logo após sejam catalogados todas as amostras planejadas. Questionário (vide copia anexa). Nota: embora a amostragem tenha sido enquadrada proporcionalmente nas devidas faixas de controle, no concernente as variáveis de classe socioeconômica e instrução escolar, possa haver sempre algumas oscilações de faixa, em razão das fontes oficias estarem sempre desatualizadas e as mudanças serem bastante evolutivas de formas a não comprometer a essência dos resultados finais. Assim levamos em conta também dados de outros trabalhos e levantamentos sociológicos feito na região nos últimos anos. Dados relativos aos municípios e bairros abrangidos pala pesquisa. Na ausência de delimitação do bairro, será identificada a área em que foi realizada a pesquisa (6º do art.2º da Resolução- TSE nº 23.453/2015. Até o sétimo dia seguinte ao registro da pesquisa, será ele complementado com os dados.    Dados relativos aos municípios e bairros abrangidos pela pesquisa. Na ausência de delimitação do bairro, será identificada a área em que foi realizada a pesquisa(conforme §6º. do art. 2º. da Resolução-TSE nº. 23.549/2017, Até o sétimo dia seguinte ao registro da pesquisa, será ele complementado com os dados relativos aos bairros abrangidos. na ausência de delimitação do bairro, será identificada a área em que foi realizada):      ";"#NULO#"
"24/08/2022";"00:10:36";"2018";"5";"Eleições Gerais 2018";"AM";"AM";"AMAZONAS";"AM087932018";"28/09/2018";"00654576000172";"INSTITUTO VERITA LTDA - EPP";"VERITA";"Governador, Senador";"02/10/2018";"05/10/2018";"2020";"7806";"James Richard Silva Santos Ferro";"78780,00";"00654576000172";"INSTITUTO VERITA LTDA - EPP";"#NULO#";"00654576000172";"INSTITUTO VERITA LTDA - EPP";"Pesquisa quantitativa, que consiste na realização de entrevistas, com a aplicação de questionário estruturado junto a uma amostra representativa do eleitorado desta Unidade da Federação.";"ESTUDO REPRESENTATIVO DO ELEITORADO DO ESTADO Amazonas - MÉTODO PPT (Probabilidade Proporcional ao Tamanho)   -   PLANO AMOSTRAL E PONDERAÇÃO QUANTO A SEXO, IDADE, GRAU DE INSTRUÇÃO E NÍVEL ECONÔMICO DO ENTREVISTADO. INTERVALO DE CONFIANÇA E MARGEM DE ERRO: Representativo do eleitorado da área em estudo, elaborada, em vários estágios, da seguinte forma:   -   1. Divisão da UF em três estratos 2. Ordenação dos municípios de cada estrato segundo o porte, redividindo, em cada estrato, em Três subestratos contendo aproximadamente o mesmo número de domicílios. 3. Sorteio dos municípios por amostragem de conglomerados, de acordo com porte mantendo a proporção de eleitores  4. Sorteio, dentro de cada município de bairros ou setores censitários onde serão realizadas entrevistas. 5. Os respondentes são selecionados através de quotas amostrais proporcionais em função de variáveis significativas, a saber:  -   IDADE: FEMININO, 16 A 24 A NOS. 10,4%/ MASCULINO, 16 A 24 ANOS. 9,8% / FEMININO, 25 A 34 ANOS. 12,8% / MASCULINO, 25 A 34 ANOS. 12,0% /FEMININO, 35 A 44 ANOS. 11,3% / MASCULINO, 35 A 44 ANOS. 10,8% / FEMININO, 45 A 59 ANOS. 10,4%/ MASCULINO, 45 A 59 ANOS. 10,2% / FEMININO, 60 ANOS OU MAIS. 6,2%/ MASCULINO, 60 ANOS OU MAIS. 6,1%-  GRAU DE INSTRUÇÃO: Analfabeto até Ensino Médio completo 61,7%,  Superior incompleto, completo ou mais ou mais 38,3% -  NÍVEL ECONÔMICO: FEMININO Não PEA 47,3%, FEMININO PEA 52,7%, MASCULINO Não PEA 25,2%, MASCULINO PEA 74,8%    -    Está prevista eventual ponderação para correção das variáveis, com base nos percentuais anteriormente mencionados, caso ocorram diferenças superiores a margem de erro da pesquisa de  2,2 pontos percentuais entre o previsto na amostra e a coleta de dados realizada. Para as variáveis de grau de instrução e nível econômico do entrevistado, o fator previsto para ponderação é 1 (resultados obtidos em campo). O nível de confiança estimado é de 95% e a margem de erro máxima estimada considerando um modelo de amostragem aleatório simples, é de 2,2 pontos percentuais para mais ou para menos sobre os resultados encontrados no total da amostra. FONTE DOS DADOS: Censo 2010, PNAD 2017, TSE 2018, dentre outras";"Para a realização da pesquisa, utiliza-se uma equipe de entrevistadores e supervisores contratados pelo INSTITUTO VERITÁ LTDA. devidamente treinados para o trabalho. Após os trabalhos de campo, os questionários são submetidos a uma fiscalização de cerca de 20% (vinte por cento) dos questionários aplicados pelos entrevistadores. para verificação das respostas e da adequação dos entrevistadores aos parâmetros amostrais.";"A PESQUISA NÃO FOI DIVULGADA."
"24/08/2022";"00:10:36";"2018";"5";"Eleições Gerais 2018";"AM";"AM";"AMAZONAS";"AM095042018";"05/07/2018";"09045102000106";"CIPEC - CENTRO INTEGRADO DE PESQUISA E COMUNICACAO LTDA";"#NULO#";"Governador, Senador";"05/07/2018";"08/07/2018";"1200";"8431";"ULISSES RAMOS MONTARROYOS";"33996,00";"09045102000106";"CIPEC - CENTRO INTEGRADO DE PESQUISA E COMUNICACAO LTDA";"#NULO#";"09045102000106";"CIPEC - CENTRO INTEGRADO DE PESQUISA E COMUNICACAO LTDA";"Pesquisa quantitativa por amostragem. Aplicação de questionário fechado por meio de discagem automática para números fixos e móveis. O universo da pesquisa é o eleitorado com 16 anos ou mais residentes no Estado do Amazonas.";"Universo: eleitoras e eleitores residentes no Amazonas com 16 anos de idade ou mais. Tamanho da amostra: 1.200 entrevistas. Técnica de amostragem: amostra aleatória simples a partir de banco de dados de números telefônicos fixos e celulares do estado do Amazonas. A amostra é estratificada por região do Estado com base no endereço postal ligado a cada número telefônico. Na apresentação final do resultado da pesquisa os dados serão normalizados para os parâmetros populacionais através da técnica da ponderação. Os dados estão disponíveis nos portais eletrônicos do IBGE e TSE. Para as variáveis sexo e faixa etária, os dados são: Masculino, 48,85%. Feminino, 51,15%. 16 a 24 anos, 20,8%. 25 a 44 anos, 46,7%. 45 a 59 anos, 20,4%. 60 anos ou mais, 12%. Para a variável nível de instrução, os dados são: Não frequentou a escola, 5,7%. Ensino fundamental, 34,5%. Ensino médio, 44,2%. Ensino superior, 15,5%. Para, a variável de nível econômico os dados são: sem rendimento fixo - 44,68%. até 1 salário mínimo por mês - 27,47%. de 2 a 5 salários mínimos por mês - 8,49%. de 5 a 10 salários mínimos por mês - 2,72%. mais de 10 salários mínimos por mês - 0,96% %. Serão realizadas entrevistas com residentes no Amazonas. A margem de erro máxima prevista é de 2,8 pontos percentuais para mais ou para menos, considerando um nível de confiança de 95%. Os intervalos de confiança serão calculados considerando os resultados obtidos para um nível de confiança de 95%.";"A verificação e conferência é feita de maneira automática pelo sistema de pesquisa. O sistema telefona novamente para 20% das pessoas que responderam a pesquisa até o final.";"#NULO#"
"24/08/2022";"00:10:36";"2018";"5";"Eleições Gerais 2018";"AM";"AM";"AMAZONAS";"AM098042018";"13/10/2018";"68802370000186";"IBOPE INTELIGENCIA PESQUISA E CONSULTORIA LTDA";"#NULO#";"Governador";"13/10/2018";"19/10/2018";"812";"6208-A";"Márcia Cavallari Nunes";"105569,00";"04387825000161";"RADIO TV DO AMAZONAS LTDA / REDE AMAZONICA RADIO E TELEVISAO";"Recursos Próprios";"68802370000186";"IBOPE INTELIGENCIA PESQUISA E CONSULTORIA LTDA";"Pesquisa quantitativa, que consiste na realização de entrevistas pessoais, com a aplicação de questionário estruturado junto a uma amostra representativa do eleitorado em estudo. Pesquisa realizada no estado do Amazonas.";"Representativo do eleitorado da área em estudo, elaborada em três estágios. No primeiro estágio faz-se um sorteio probabilístico dos municípios, onde as entrevistas serão realizadas, pelo método PPT (Probabilidade Proporcional ao Tamanho), tomando o eleitorado como base para tal seleção. No segundo estágio faz-se um sorteio probabilístico dos setores censitários, onde as entrevistas serão realizadas, pelo método PPT (Probabilidade Proporcional ao Tamanho), tomando a população de 16 anos ou mais residente nos setores como base para tal seleção. No terceiro e último estágio, dentro dos setores sorteados, os respondentes são selecionados através de quotas amostrais proporcionais em função de variáveis significativas, a saber: IDADE: 16-24 (masculino) 24% (feminino) 22%. 25-34 (masculino) 25% (feminino) 27%. 35-44 (masculino) 23% (feminino) 22%. 45-54 (masculino) 14% (feminino) 14%. 55 e+ (masculino) 14% (feminino) 14%. INSTRUÇÃO: Até Ensino Médio (masculino) 83% (feminino) 78%. Ensino Superior (masculino) 17% (feminino) 22%. NÍVEL ECONÔMICO: Economicamente ativo (masculino) 75% (feminino) 49%. Não Economicamente ativo (masculino) 25% (feminino) 51%. Está prevista eventual ponderação para correção das variáveis sexo e idade, com base nos percentuais anteriormente mencionados, caso ocorram diferenças superiores a 3 pontos percentuais entre o previsto na amostra e a coleta de dados realizada. Para as variáveis de grau de instrução e nível econômico do entrevistado, o fator previsto para ponderação é 1 (resultados obtidos em campo). O nível de confiança estimado é de 95% e a margem de erro máxima estimada considerando um modelo de amostragem aleatório simples, é de 03 (três) pontos percentuais para mais ou para menos sobre os resultados encontrados no total da amostra. FONTE DOS DADOS: Censo 2010 | PNADC 2016 | TSE 2018.";"Para a realização da pesquisa, utiliza-se uma equipe de entrevistadores e supervisores contratados pelo IBOPE INTELIGÊNCIA PESQUISA E CONSULTORIA LTDA. devidamente treinados para o trabalho. Após os trabalhos de campo, os questionários são submetidos a uma fiscalização de cerca de 20% (vinte por cento) dos questionários aplicados pelos entrevistadores. para verificação das respostas e da adequação dos entrevistados aos parâmetros amostrais.";"A área de abrangência da coleta é o estado do Amazonas. A relação das localidades selecionadas para aplicação da amostra será apresentada até o 7º dia seguinte ao registro da pesquisa, conforme expresso no art. 2º, §6º da Resolução 23.549/2017 do TSE."
"24/08/2022";"00:10:36";"2018";"5";"Eleições Gerais 2018";"AM";"AM";"AMAZONAS";"AM099232018";"20/09/2018";"04942645000102";"J J COELHO";"INSTITUTO PHOENIX & ASSOCIADOS";"Senador, Deputado Federal, Governador, Deputado Estadual";"23/09/2018";"26/09/2018";"1301";"7655-A";"Augusto Silva Rocha ";"12000,00";"22969490000171";"HEITOR DE SOUZA SOARES 01468649132 / HSS ASSESSORIA E CONSULTORIA";"Recursos Próprios";"04942645000102";"J J COELHO";"  Metodologia de pesquisa:    Metodologia de pesquisa: METODOLOGIA UTILIZADA para unidade federativa do Estado do Amazonas. No DESENVOLVIMENTO DESTA SONDAGEM O objetivo principal desta pesquisa e identificar as intenções de voto, para o pleito majoritário e proporcional, averiguando as devidas tendências. MÉTODO: PROBABILIÍSTICO ESTRATIFICADO COM SORTEIO DE MULTIPLOS ESTÁGIO. Por tratar-se de um estudo descritivo, com característica de um público conhecido, desenvolvemos um método direto, através da amostragem probabilística. Assim na abrangência da área geográfica aplicamos um percentual pré-definido nas proporções do universo dos eleitores, baseando-se também nos percentuais eleitorais para cada micro setor da região pesquisada. De acordo com as tabelas do IBGE. O critério de seleção obedece às informações e dados do TRE e IBGE. As entrevistas serão na quase totalidade efetuadas nos domicílios dos eleitores, após a certificação de que os mesmos votam no Estado e se dispõe a responderes as perguntas apresentadas. Selecionamos (18). Municípios das diversas regiões sorteadas entre aproximadamente 72,5% dos votos das unidades de maiores pesos populacional. Que resulta em mais de 3/4 dá abrangência da população e por conseguinte do contingente eleitoral de todo estado. Para atingirmos os propósitos deste estudo utilizamos a técnica de pesquisa por amostragem, que reside na apreensão sistemática e extensiva das tendências dos indivíduos inserido no universo pesquisado e que integra a realidade a ser investigada. A validade deste tipo de pesquisa está na possibilidade de se aferir a intensidade de tendências, permitindo a coleta de dados utilizando de um formulário de questionamento misto contendo algumas perguntas estimulada (optativas) e outras semiabertas de caráter mais informativo. Este último tipo de questão permite que se evite indução da resposta, assim, como possibilita que se tenha conhecimento dos quadros de referência dos entrevistados.com isso, obtêm-se também posições qualitativas das opiniões coletadas e que permitam aos interessados: traçar perfis, avaliar gestões e serviço. identificação e desempenho das lideranças, em estudo pelo cruzamento das respostas obtidas. UNIVERSO da pesquisa será constituído pelos eleitores da unidade federativa segmentada pelos variáveis de sexo e faixa etárias e área geográfica definidas a partir da idade 16 anos, integrantes de todas as camadas socioeconômica do estado. Colocamos em campo agente com razoável instrução com nível médio, treinados para o fim especifico, supervisionado por chefe de equipe que acima de tudo primam pela neutralidade dos dados a ser apreendidos. O trabalho terá a duração de até quatro dias programados de acordo com o cronograma de serviços e mais até (02) dias ininterruptos, serão empregados na tarefa de: Revisão. Processamento e tabulação geral, dos (1301)            questionários, aplicados. Finalizando assim com a publicação dos dados, em tempo hábil, salvo se algum acidente de percurso, que possa naturalmente retardar a coleta de dados em campo. Quanto a estratificação das quotas: consiste em si determinar o bairro ou setores censitários por sorteio, determinando ao agente coletor a quantidade de entrevistas para cada período diário e o percentual por faixa etária e sexo tornando assim a amostragem equiprobabilística. EQUIPE: Um grupo de (08) agentes pesquisadores realizara a coleta de dados em campo, nos bairros e localidades sorteadas, dentre os limites dos municípios, coletando assim as entrevistas que haverão de compor a amostragem prevista.    ";"  Plano amostral e ponderação quanto a sexo, idade, grau de instrução e nível econômico do entrevistado. intervalo de confiança e margem de erro:  Plano amostral e ponderação quanto a sexo, idade, grau de instrução e nível econômico do entrevistado. intervalo de confiança e margem de erro: PLANO AMOSTRAL E PODERAÇÃO) a quota de sexo, idade, grau de instrução e nível econômico do entrevistados: intervalo de confiança e margem de erro. plano amostral e ponderação quanto a sexo, idade, a faixa etária ficou definida em cinco categoria: de 16 a 24 anos 20,4% 265 amostras de 25 a 34 anos. 25,1% 327 amostras de 35 a 44 anos 22,1%288 amostra 45 a 60 20,6% 268 amostras acima de 60 anos 11,8% 153 amostras grau de instrução nível econômico do entrevistado. intervalo de confiança e margem de erro: PLANO AMOSTRAL E PODERAÇÃO este plano foi elaborado com base no contingente populacional pautado diretamente no eleitorado, por tratar- se de um levantamento exclusivo de intenção de voto. Com base na eleição vindoura do próximo mês de outubro. Desta forma, baseado nos dados estatístico IBGE referente ao estudo, as quotas com o perfil das pessoas a serem entrevistado como poderá ser observado na tabela de estratificação. QUOTA DE SEXO: com 51,2% de coleta entre as mulheres, o que equivale a quatrocentos e doze amostras e o restante (trezentos e noventa e três) feita no segmento masculino 48,8% do eleitorado do estado Amazonense. totalizando assim as 1301 entrevistas estratificadas em todo o universo sondado. GRAU DE INSTRUÇÃO: nas devidas proporções apresentadas na tabela do IBGE. Estabelecendo-se assim a margem de erro e nível de confiança. Por outro lado, adequamos a escolha dos bairros dentro da proporcionalidade populacional de cada microrregião geograficamente delimitada. Como também poderá ser visto. Na tabela das regiões e municipais contempladas conforme sua devida densidade eleitoral, mantendo-se assim a proporção no peso amostral de cada unidade regional. Desta forma a amostragem será produzida pelos questionários feitos base de entrevistas individuais, nos variados setores censitários estratificados, tendo-se como o UNIVERSO da pesquisa os eleitores do estado respaldado no contingente total do Amazonas. Dos quais serão retiradas estas amostras em quantidade representativa, obedecendo aos critérios acima exposto. O intervalo de confiança é de 96%o que significa dizer que em 100 trabalhos desta natureza, somente (04) poderão apresentar uma variação fora do previsto. Margem de erro: para mais ou para menos 2,83% de acordo com a tabela fornecida pelo estatístico responsável. Augusto da Silva Rocha, inscrito no CORRE (1) sob o número 7655-A  ";"Sistema interno de controle e verificação, conferência e fiscalização da coleta de dados e do trabalho de campo:  Sistema interno de controle e verificação, conferência e fiscalização da coleta de dados e do trabalho de campo: Como variáveis de controle, seguimos à risca neste trabalho a recomendação da Lei Eleitoral Vigente, que estabelece como padrões de controle as variáveis dentro dos percentuais apresentados pelo IBGE nas últimas aferições dos sensos populacionais. Assim enquadramos religiosamente dentro da variável de faixa etária e quota de sexo. O índice amostral que determinarão a ponderação da variável. Respeitando as variações permitida, nunca superiores a margem de erro estabelecido. Quanto a área física em cada bairro será escolhida, as ruas em proporção ao número de amostra de cada unidade, de formas a mapeamos na proporção equiprobabilística. Dentre as cinco classes socioeconômicas definidas A. B. C. D. e E. como também o nível escolaridade dos entrevistados, em número de quatro classes, a saber: superior Completo ou incompleto, básico, primário ou fundamental e semianalfabeta ou analfabeto funcionais, encaixados dentro das proporções do último senso demográfico, funcionando como variáveis decorrentes e não de controle excepcionalmente. As religiões dos entrevistados não requerem qualquer controle, visto que serão elementos somente passiveis ou acompanhamento, desta forma não entra na pauta de controle das informações apreendidas. Na conferência de questionários e revisão de dados se faz de imediato após a coleta de campo, em aproximadamente 15% dos questionários tendo em vista a relação de telefones, ou e-mail fornecidas por parte dos respondentes, tendo em vista também averiguar possíveis irregularidades na coleta ou mesmo no preenchimento dos dados fornecidos. Os municípios abrangidos serão os seguintes: Altazes, Humaitá, Apuí, Lábrea, Manicoré, Castanho,  Careiro da Várzea, Presidente Figueredo, Iatacoatiara, Manacapuru, Iranduba, Tabatinga, Itajaí, Parintins, Manaus, Rio Preto do Édem, Coari, Tefé.  relações dos bairros com seus respectivos números de amostra serão enviados posteriormente, logo após sejam catalogados todas as amostras planejadas. Questionário (vide copia anexa). Nota: embora a amostragem tenha sido enquadrada proporcionalmente nas devidas faixas de controle, no concernente as variáveis de classe socioeconômica e instrução escolar, possa haver sempre algumas oscilações de faixa, em razão das fontes oficias estarem sempre desatualizadas e as mudanças serem bastante evolutivas de formas a não comprometer a essência dos resultados finais. Assim levamos em conta também dados de outros trabalhos e levantamentos sociológicos feito na região nos últimos anos. Dados relativos aos municípios e bairros abrangidos pala pesquisa. Na ausência de delimitação do bairro, será identificada a área em que foi realizada a pesquisa (6º do art.2º da Resolução- TSE nº 23.453/2015. Até o sétimo dia seguinte ao registro da pesquisa, será ele complementado com os dados. Dados relativos aos municípios e bairros abrangidos pela pesquisa. Na ausência de delimitação do bairro, será identificada a área em que foi realizada a pesquisa(conforme §6º. do art. 2º. da Resolução-TSE nº. 23.549/2017, Até o sétimo dia seguinte ao registro da pesquisa, será ele complementado com os dados relativos aos bairros abrangidos. na ausência de delimitação do bairro, será identificada a área em que foi realizada):    Dados relativos aos municípios e bairros abrangidos pela pesquisa. Na ausência de delimitação do bairro, será identificada a área em que foi realizada a pesquisa(conforme §6º. do art. 2º. da Resolução-TSE nº. 23.549/2017, Até o sétimo dia seguinte ao registro da pesquisa, será ele complementado com os dados relativos aos bairros abrangidos. na ausência de delimitação do bairro, será identificada a área em que foi realizada):                   ";"#NULO#"
