"DT_GERACAO";"HH_GERACAO";"AA_ELEICAO";"CD_ELEICAO";"NM_ELEICAO";"SG_UF";"SG_UE";"NM_UE";"NR_PROTOCOLO_REGISTRO";"DT_REGISTRO";"NR_CNPJ_EMPRESA";"NM_EMPRESA";"NM_EMPRESA_FANTASIA";"DS_CARGOS";"DT_INICIO_PESQUISA";"DT_FIM_PESQUISA";"QT_ENTREVISTADOS";"CD_CONRE";"NM_ESTATISTICO_RESP";"VR_PESQUISA";"NR_CPF_CNPJ_CONTRATANTE";"NM_CONTRATANTE";"DS_ORIGEM_RECURSO";"NR_CPF_CNPJ_PAGANTE";"NM_PAGANTE_PESQUISA";"DS_METODOLOGIA_PESQUISA";"DS_PLANO_AMOSTRAL";"DS_SISTEMA_CONTROLE";"DS_DADO_MUNICIPIO"
"24/08/2022";"00:10:36";"2018";"5";"Eleições Gerais 2018";"PA";"PA";"PARÁ";"PA000182018";"22/08/2018";"29842579000111";"REAL TIME BIG DATA GESTAO DE DADOS LTDA.";"REAL TIME BIG DATA";"Governador, Senador";"23/08/2018";"24/08/2018";"1200";"7655";"Augusto da Silva Rocha";"15000,00";"29842579000111";"REAL TIME BIG DATA GESTAO DE DADOS LTDA.";"#NULO#";"29842579000111";"REAL TIME BIG DATA GESTAO DE DADOS LTDA.";"Pesquisa quantitativa, que consiste na realização de entrevistas por telefone, com a aplicação de questionário estruturado junto a uma amostra, representativa do eleitorado em estudo.";"Universo: 5.499.282 eleitores (TSE). Amostra: 1200 entrevistas. Nível de Confiança: 95%. Margem de Erro: até 3 pontos percentuais para mais ou para menos. Divisão Censitária. Ponderação quanto ao sexo e faixa etária: Masculino de 16 a 24 anos (9,7%), Masculino de 25 a 34 anos (11,8%), Masculino de 35 a 44 anos (10,4%), Masculino de 45 a 59 anos (10,3%) e Masculino acima de 59 anos (7,2%). Feminino de 16 a 24 anos (10,1%), Feminino de 25 a 34 anos (12,3%), Feminino de 35 a 44 anos (10,7%), Feminino de 45 a 59 anos (10,4%) e Feminino acima de 59 anos (7,0%). Ponderação quanto ao nível de instrução: 36,0% de Analfabeto / Fundamental Incompleto, 18,4% de Lê e escreve / Fundamental Completo, 36,0% de Médio Incompleto / Médio Completo e 9,5% de Superior Incompleto / Superior Completo. Ponderação quanto a renda: Economicamente Ativo: 65%. Não Economicamente Ativo: 35%";"Checagem de 20% da amostra efetuada pelos supervisores. Todos os entrevistadores foram amplamente treinados e orientados tanto teoricamente quanto praticamente sobre suas responsabilidade e funções, respeitando as cotas pré-estabelecidas. A equipe está dividida em coordenadoria-geral / supervisores / entrevistadores.";"Em anexo."
"24/08/2022";"00:10:36";"2018";"5";"Eleições Gerais 2018";"PA";"PA";"PARÁ";"PA007472018";"30/09/2018";"07317438000147";"DOXA ARTE & COMUNICAO S/S LTDA";"DOXA";"Governador, Deputado Estadual, Deputado Federal, Senador";"02/10/2018";"05/10/2018";"1896";"9477";"LUIZ CARLOS FEITOSA";"70000,00";"04260949000181";"GRAVASOM COMERCIAL FONOGRAFICA E PUBLICIDADE LTDA / GRAVASOM";"Recursos Próprios";"07317438000147";"DOXA ARTE & COMUNICAO S/S LTDA";"Pesquisa de opinião de cunho quantitativa. Universo da pesquisa são os eleitores do Estado do Pará. Todo o processo de delineamento amostral foi através das técnicas combinadas conhecidas da Amostragem mista da conglomerada, da casuísta, da estratificada e de ordem sistemática. Sendo realizada aplicação de questionário estruturado contendo perguntas fechadas e abertas junto aos eleitores aptos e que sejam moradores da área selecionada, resultando na composição final da amostra representativa do eleitorado em estudo.   ";"Para definição do Plano Amostral, delimitou-se inicialmente a área geográfica da Pesquisa, com as subdivisões das seis (6) mesorregiões (Metropolitana de Belém, Nordeste Paraense, Sudeste Paraense, Sudoeste Paraense, Baixo Amazonas e Marajó) (IBGE) que levou em consideração as proporções e percentagens da composição final da população investigada, cuja fonte é o próprio TSE. Determinou-se a equação adequada para estimar a grandeza da amostra para populações com características de infinitude, cuja fração de amostragem (f) foi superior a 0,95. Levou-se em consideração que o erro amostral aceitável seria de (+/-)2,25%, levando em consideração o nível do Intervalo de Confiança o estimado foi de 95%. A grandeza obtida foi de 1.896 (mil, oitocentos e noventa e seis) entrevistados. Continuamente fez a repartição da amostra por conglomerado das mesorregiões paraenses. Em cada mesorregião estabeleceu-se pela amostragem casuística pela obrigatoriedade de serem pesquisados os municípios considerados como pólos  da área pesquisada, devido a sua grandeza populacional com definição dos respectivos quantitativos e que serão agregados posteriormente os demais em rateio populacional. Tendo os municípios-pólo definidos e com a correspondente grandeza da amostra parcial, iniciou-se a etapa seguinte de repartição com o restante, sendo utilizada outra técnica de amostragem para os demais municípios, que consistiu na realização de sorteio aleatório dos municípios, onde as entrevistas serão também realizadas, pelo método PPT (Probabilidade Proporcional ao Tamanho). Em cada município foi novamente sorteado os bairros ou comunidades, onde cada pesquisador foi ao encontro das unidades amostrais ¿ eleitores aptos ¿ que foram abordados em seus domicílios. Para tal usou-se a técnica combinada de amostragem sistemática ¿ com intervalo entre os domicílios de 10 ou 20 unidades ¿ e estratificada até composição final da grandeza da amostra.Dentro dos bairros ou comunidades sorteados, os respondentes amostrados foram selecionados através de quotas amostrais proporcionais em função de variáveis significativas, nas seguintes proporções, a saber: IDADE 16-24 (9,7% masculino e 10,2% feminino). 25-34 (11,8% masculino e 12,3% feminino). 3544 (10,4% masculino e 10,7% feminino). 45-59 (10,3% masculino e 10,4% feminino). mais de 59 anos (7,2% masculino e 7,0% feminino). Grau de Instrução: Até Ensino Médio (45,6% masculino e 44,8% feminino). Ensino Superior (3,8% masculino e 5,8% femino). Nível Econômico: Economicamente ativo (masculino) 74% (feminino) 49%. Não Economicamente ativo (masculino) 26% (feminino) 51%. Em alguns casos, poderá haver ajustes nas ponderações para correção das variáveis sexo e idade, levando em conta a proporcionalidade dos percentuais supracitados, em no máximo em situações cujas diferenças sejam superiores a 3% entre o previsto no plano amostral e a efetiva coleta dos dados que fora realizada. No caso das variáveis de grau de instrução e de nível econômico do entrevistado, o critério previsto para ponderação é 1% (resultados obtidos em campo). Fontes: IBGE/Censo 2010/PNADC 2016/TSE 2018.   ";"Para operacionalização da pesquisa, contou com uma equipe de entrevistadores e supervisores contratados pela DOXA que foram devidamente treinados para o trabalho de campo. Após os trabalhos de campo, os questionários foram submetidos a uma fiscalização de cerca de 20% (vinte por cento) dos questionários aplicados pelos entrevistadores. para verificação das respostas e da adequação dos entrevistados aos parâmetros populacionais.   ";"A área de abrangência da coleta é (Pará). A relação das localidades selecionadas para aplicação da amostra será apresentada até o 7º dia seguinte ao registro da pesquisa, conforme expresso no art. 2º, §6º da Resolução 23.549/2017 do TSE.   "
"24/08/2022";"00:10:36";"2018";"5";"Eleições Gerais 2018";"PA";"PA";"PARÁ";"PA022222018";"18/02/2018";"07317438000147";"DOXA ARTE & COMUNICAO S/S LTDA";"DOXA";"Governador, Senador";"15/02/2018";"21/02/2018";"2000";"9477 ";"LUIZ CARLOS FEITOSA ";"35000,00";"07317438000147";"DOXA ARTE & COMUNICAO S/S LTDA";"#NULO#";"07317438000147";"DOXA ARTE & COMUNICAO S/S LTDA";"Pesquisa eleitoral do tipo quantitativo categórico, aleatório e estratificado domiciliar por cotas de sexo e idade, área geográfica detalhamento feito com amostragens mediante aplicação de questionários estruturados por pessoal treinado levando em consideração parâmetros eleitorais, tendo como universo (total) o eleitorado do Estado do Pará, dividido pelas 06 Mesorregiões: Baixo Amazonas, Nordeste Paraense, Sudeste Paraense, Sudoeste Paraense, Metropolitana e Marajó.";"O universo considerado são todos os eleitores do Estado do Pará registrados no TRE/PA e aptos a votar nas eleições gerais 2018. O tamanho da amostra é de 2.000 entrevistados com uso da fórmula de Tagliacarne que associa a distribuição de probabilidade Normal de Gauss e erro amostral do Intervalo de confiança. A técnica de amostragem: Do parâmetro de eleitores estabelecemos a estratificação respeitando a proporcionalidade das variáveis que atuam como filtros adequados da amostragem: sexo, idade, renda e nível de instrução do eleitorado. Masculino 51,9%. Feminino 48,1%. Faixa etária 16 a 24 anos 20,1%. 25 a 34 anos 26,0%. 35 a 44 anos 20,1%. 45 a 59 anos 19,8%. acima de 59 anos 13,9%. Sem escolaridade 2,3%. Ensino fundamental 29,6%. ensino médio 53,7%. superior/pós 14,4%. Até 01 Salário Mínimo 27,8%. Acima de 1 até 2 salários mínimos 45,6. Acima de 2 até 3 salários mínimos 5,2% Acima de 3 até 4 salários mínimos 0,9%. Acima de 5 salários mínimos 2,4%. A margem de erro amostral: respeitando o intervalo de confiança estimada foi de 95% e significância de 5% (bicaudal), tendo a margem de erro amostral de 2,2 pontos percentuais para mais ou para menos na amostra.     ";"Os pesquisadores contratados para aplicação dos formulários desta pesquisa foram treinados pela equipe técnica da DOXA com instruções adequadas para atingir a meta e o objetivo da pesquisa. Quanto aos supervisores de campo, possuem a meta de atingir no mínimo 20% dos questionários dos pesquisadores indo ao local indicado ou por telefone. A validação do formulário somente será confirmada com o coligimento da ponderação previsto pela legislação eleitoral e todo o material após codificação e processamento dos dados das variáveis contidas no questionário ";"#NULO#"
"24/08/2022";"00:10:36";"2018";"5";"Eleições Gerais 2018";"PA";"PA";"PARÁ";"PA022872018";"10/10/2018";"29842579000111";"REAL TIME BIG DATA GESTAO DE DADOS LTDA.";"REAL TIME BIG DATA";"Governador";"13/10/2018";"14/10/2018";"1500";"7655";"Augusto da Silva Rocha";"7000,00";"29842579000111";"REAL TIME BIG DATA GESTAO DE DADOS LTDA.";"#NULO#";"29842579000111";"REAL TIME BIG DATA GESTAO DE DADOS LTDA.";"Pesquisa quantitativa, que consiste na realização de entrevistas por telefone, com a aplicação de questionário estruturado junto a uma amostra, representativa do eleitorado em estudo.";"Universo: 5.499.283 eleitores (TSE). Amostra: 1500 entrevistas. Nível de Confiança: 95%. Margem de Erro: até 3 pontos percentuais para mais ou para menos. Divisão Censitária. Ponderação quanto ao sexo e faixa etária: Masculino de 16 a 24 anos (9,3%), Masculino de 25 a 34 anos (11,8%), Masculino de 35 a 44 anos (10,5%), Masculino de 45 a 59 anos (10,4%) e Masculino acima de 59 anos (7,4%). Feminino de 16 a 24 anos (9,8%), Feminino de 25 a 34 anos (12,3%), Feminino de 35 a 44 anos (10,8%), Feminino de 45 a 59 anos (10,5%) e Feminino acima de 59 anos (7,2%). Ponderação quanto ao nível de instrução: 36% de Analfabeto / Fundamental Incompleto, 18% de Lê e escreve / Fundamental Completo, 36% de Médio Incompleto / Médio Completo e 10% de Superior Incompleto / Superior Completo. Ponderação quanto a distribuição por renda mensal domiciliar: 35% até 1 SM, 27% de 1 até 2 SM, 26% de 2 até 5 SM, 8% de 5 até 10 SM e 4% acima de 10 SM.";"Checagem de 20% da amostra efetuada pelos supervisores. Todos os entrevistadores foram amplamente treinados e orientados tanto teoricamente quanto praticamente sobre suas responsabilidade e funções, respeitando as cotas pré-estabelecidas. A equipe está dividida em coordenadoria-geral / supervisores / entrevistadores.";"Em anexo."
"24/08/2022";"00:10:36";"2018";"5";"Eleições Gerais 2018";"PA";"PA";"PARÁ";"PA023952018";"26/09/2018";"29842579000111";"REAL TIME BIG DATA GESTAO DE DADOS LTDA.";"REAL TIME BIG DATA";"Governador, Senador";"01/10/2018";"01/10/2018";"1200";"7655";"Augusto da Silva Rocha";"15000,00";"29842579000111";"REAL TIME BIG DATA GESTAO DE DADOS LTDA.";"#NULO#";"29842579000111";"REAL TIME BIG DATA GESTAO DE DADOS LTDA.";"Pesquisa quantitativa, que consiste na realização de entrevistas por telefone, com a aplicação de questionário estruturado junto a uma amostra, representativa do eleitorado em estudo.";"Universo: 5.499.283 eleitores (TSE). Amostra: 1200 entrevistas. Nível de Confiança: 95%. Margem de Erro: até 3 pontos percentuais para mais ou para menos. Divisão Censitária. Ponderação quanto ao sexo e faixa etária: Masculino de 16 a 24 anos (9,7%), Masculino de 25 a 34 anos (11,8%), Masculino de 35 a 44 anos (10,4%), Masculino de 45 a 59 anos (10,3%) e Masculino acima de 59 anos (7,2%). Feminino de 16 a 24 anos (10,1%), Feminino de 25 a 34 anos (12,3%), Feminino de 35 a 44 anos (10,7%), Feminino de 45 a 59 anos (10,4%) e Feminino acima de 59 anos (7,0%). Ponderação quanto ao nível de instrução: 36% de Analfabeto / Fundamental Incompleto, 18% de Lê e escreve / Fundamental Completo, 36% de Médio Incompleto / Médio Completo e 9% de Superior Incompleto / Superior Completo. Ponderação quanto a distribuição por renda mensal domiciliar: 35% até 1 SM, 27% de 1 até 2 SM, 26% de 2 até 5 SM, 8% de 5 até 10 SM e 4% acima de 10 SM. FONTE DOS DADOS: IBGE | TSE 2018";"Checagem de 20% da amostra efetuada pelos supervisores. Todos os entrevistadores foram amplamente treinados e orientados tanto teoricamente quanto praticamente sobre suas responsabilidade e funções, respeitando as cotas pré-estabelecidas. A equipe está dividida em coordenadoria-geral / supervisores / entrevistadores.";"Em anexo."
"24/08/2022";"00:10:36";"2018";"5";"Eleições Gerais 2018";"PA";"PA";"PARÁ";"PA026892018";"17/10/2018";"29842579000111";"REAL TIME BIG DATA GESTAO DE DADOS LTDA.";"REAL TIME BIG DATA";"Governador";"22/10/2018";"22/10/2018";"1500";"7655";"Augusto da Silva Rocha";"7000,00";"29842579000111";"REAL TIME BIG DATA GESTAO DE DADOS LTDA.";"#NULO#";"29842579000111";"REAL TIME BIG DATA GESTAO DE DADOS LTDA.";"Pesquisa quantitativa, que consiste na realização de entrevistas por telefone, com a aplicação de questionário estruturado junto a uma amostra, representativa do eleitorado em estudo.";"Universo: 5.499.283 eleitores (TSE). Amostra: 1500 entrevistas. Nível de Confiança: 95%. Margem de Erro: até 3 pontos percentuais para mais ou para menos. Divisão Censitária. Ponderação quanto ao sexo e faixa etária: Masculino de 16 a 24 anos (9,3%), Masculino de 25 a 34 anos (11,8%), Masculino de 35 a 44 anos (10,5%), Masculino de 45 a 59 anos (10,4%) e Masculino acima de 59 anos (7,4%). Feminino de 16 a 24 anos (9,8%), Feminino de 25 a 34 anos (12,3%), Feminino de 35 a 44 anos (10,8%), Feminino de 45 a 59 anos (10,5%) e Feminino acima de 59 anos (7,2%). Ponderação quanto ao nível de instrução: 36% de Analfabeto / Fundamental Incompleto, 18% de Lê e escreve / Fundamental Completo, 36% de Médio Incompleto / Médio Completo e 10% de Superior Incompleto / Superior Completo. Ponderação quanto a distribuição por renda mensal domiciliar: 35% até 1 SM, 27% de 1 até 2 SM, 26% de 2 até 5 SM, 8% de 5 até 10 SM e 4% acima de 10 SM. Fonte de Dados: IBGE e TSE 2018.";"Checagem de 20% da amostra efetuada pelos supervisores. Todos os entrevistadores foram amplamente treinados e orientados tanto teoricamente quanto praticamente sobre suas responsabilidade e funções, respeitando as cotas pré-estabelecidas. A equipe está dividida em coordenadoria-geral / supervisores / entrevistadores.";"Em anexo."
"24/08/2022";"00:10:36";"2018";"5";"Eleições Gerais 2018";"PA";"PA";"PARÁ";"PA028602018";"27/04/2018";"07317438000147";"DOXA ARTE & COMUNICAO S/S LTDA";"DOXA";"Deputado Federal, Deputado Estadual, Senador, Governador";"19/04/2018";"25/04/2018";"2000";"9477";"LUIZ CARLOS FERREIRA FEITOSA";"15000,00";"07317438000147";"DOXA ARTE & COMUNICAO S/S LTDA";"#NULO#";"07317438000147";"DOXA ARTE & COMUNICAO S/S LTDA";"Pesquisa eleitoral do tipo quantitativo categórico, aleatório e estratificado domiciliar por cotas de sexo e idade, área geográfica detalhamento feito com amostragens mediante aplicação de questionários estruturados por pessoal treinado levando em consideração parâmetros eleitorais, tendo como universo (total) a Mesorregião Metropolitana, composta pelos seguintes municípios: Belém, Ananindeua, Marituba, Benevides, Santa Bárbara, Santa Izabel, Castanhal e Barcarena.";"O universo considerado são todos os eleitores da Mesorregião Metropolitana registrados no TRE/PA e aptos a votar nas eleições gerais 2018. O tamanho da amostra é de 2.000 entrevistados com uso da fórmula de Tagliacarne que associa a distribuição de probabilidade Normal de Gauss e erro amostral do Intervalo de confiança. A técnica de amostragem: Do parâmetro de eleitores estabelecemos a estratificação respeitando a proporcionalidade das variáveis que atuam como filtros adequados da amostragem: sexo, idade, renda e nível de instrução do eleitorado. Masculino 51,9%. Feminino 48,1%. Faixa etária 16 a 24 anos 20,1%. 25 a 34 anos 26,0%. 35 a 44 anos 20,1%. 45 a 59 anos 19,8%. acima de 59 anos 13,9%. Sem escolaridade 2,3%. Ensino fundamental 29,6%. ensino médio 53,7%. superior/pós 14,4%. Até 01 Salário Mínimo 27,8%. Acima de 1 até 2 salários mínimos 45,6. Acima de 2 até 3 salários mínimos 5,2% Acima de 3 até 4 salários mínimos 0,9%. Acima de 5 salários mínimos 2,4%. A margem de erro amostral: respeitando o intervalo de confiança estimada foi de 95% e significância de 5% (bicaudal), tendo a margem de erro amostral de 2,2 pontos percentuais para mais ou para menos na amostra.   Voltar ";"Os pesquisadores contratados para aplicação dos formulários desta pesquisa foram treinados pela equipe técnica da DOXA com instruções adequadas para atingir a meta e o objetivo do cliente. Quanto aos supervisores de campo, possuem a meta de atingir no mínimo 20% dos questionários dos pesquisadores indo ao local indicado ou por telefone. A validação do formulário somente será confirmada com o coligimento da ponderação previsto pela legislação eleitoral e todo o material após codificação e processamento dos dados das variáveis contidas no questionário.  ";"#NULO#"
"24/08/2022";"00:10:36";"2018";"5";"Eleições Gerais 2018";"PA";"PA";"PARÁ";"PA031312018";"21/10/2018";"07317438000147";"DOXA ARTE & COMUNICAO S/S LTDA";"DOXA";"Governador";"24/10/2018";"26/10/2018";"1896";"9477";"LUIZ CARLOS FEITOSA";"70000,00";"04260949000181";"GRAVASOM COMERCIAL FONOGRAFICA E PUBLICIDADE LTDA / GRAVASOM";"Recursos Próprios";"07317438000147";"DOXA ARTE & COMUNICAO S/S LTDA";"Pesquisa de opinião de cunho quantitativa. Universo da pesquisa são os eleitores do Estado do Pará. Todo o processo de delineamento amostral foi através das técnicas combinadas conhecidas da Amostragem mista da conglomerada, da casuísta, da estratificada e de ordem sistemática. Sendo realizada aplicação de questionário estruturado contendo perguntas fechadas e abertas junto aos eleitores aptos e que sejam moradores da área selecionada, resultando na composição final da amostra representativa do eleitorado em estudo.";"Para definição do Plano Amostral, delimitou-se inicialmente a área geográfica da Pesquisa, com as subdivisões das seis (6) mesorregiões (Metropolitana de Belém, Nordeste Paraense, Sudeste Paraense, Sudoeste Paraense, Baixo Amazonas e Marajó) (IBGE) que levou em consideração as proporções e percentagens da composição final da população investigada, cuja fonte é o próprio   TSE. Determinou-se a equação adequada para estimar a grandeza da amostra para populações com características de infinitude, cuja fração de amostragem (f) foi superior a 0,95. Levou-se em consideração que o erro amostral aceitável seria de (+/-)2,25%, levando em consideração o nível do Intervalo de Confiança o estimado foi de 95%. A grandeza obtida foi de 1.896 (mil, oitocentos e noventa e seis) entrevistados. Continuamente fez a repartição da amostra por conglomerado das mesorregiões paraenses. Em cada mesorregião estabeleceu-se pela amostragem casuística pela obrigatoriedade de serem pesquisados os municípios considerados como pólos da área pesquisada, devido a sua grandeza populacional com definição dos respectivos quantitativos e que serão agregados posteriormente os demais em rateio populacional. Tendo os municípios-pólo definidos e com a correspondente grandeza da amostra parcial, iniciou-se a etapa seguinte de repartição com o restante, sendo utilizada outra técnica de amostragem para os demais municípios, que consistiu na realização de sorteio aleatório dos municípios, onde as entrevistas serão também realizadas, pelo método PPT (Probabilidade Proporcional ao Tamanho). Em cada município foi novamente sorteado os bairros ou comunidades, onde cada pesquisador foi ao encontro das unidades amostrais ¿ eleitores aptos ¿ que foram abordados em seus domicílios. Para tal usou-se a técnica combinada de amostragem sistemática ¿ com intervalo entre os domicílios de 10 ou 20 unidades ¿ e estratificada até composição final da grandeza da amostra.Dentro dos bairros ou comunidades sorteados, os respondentes amostrados foram selecionados através de quotas amostrais proporcionais em função de variáveis significativas, nas seguintes proporções, a saber: IDADE 16-24 (9,7% masculino e 10,2% feminino). 25-34 (11,8% masculino e 12,3% feminino). 3544 (10,4% masculino e 10,7% feminino). 45-59 (10,3% masculino e 10,4% feminino). mais de 59 anos (7,2% masculino e 7,0% feminino). Grau de Instrução: Até Ensino Médio (45,6% masculino e 44,8% feminino). Ensino Superior (3,8% masculino e 5,8% femino). Nível Econômico: Economicamente ativo (masculino) 74% (feminino) 49%. Não Economicamente ativo (masculino) 26% (feminino) 51%. Em alguns casos, poderá haver ajustes nas ponderações para correção das variáveis sexo e idade, levando em conta a proporcionalidade dos percentuais supracitados, em no máximo em situações cujas diferenças sejam superiores a 3% entre o previsto no plano amostral e a efetiva coleta dos dados que fora realizada. No caso das variáveis de grau de instrução e de nível econômico do entrevistado, o critério previsto para ponderação é 1% (resultados obtidos em campo). Fontes: IBGE/Censo 2010/PNADC 2016/TSE 2018. ";"Para operacionalização da pesquisa, contou com uma equipe de entrevistadores e supervisores contratados pela DOXA que foram devidamente treinados para o trabalho de campo. Após os trabalhos de campo, os questionários foram submetidos a uma fiscalização de cerca de 20% (vinte por cento) dos questionários aplicados pelos entrevistadores. para verificação das respostas e da adequação dos entrevistados aos parâmetros populacionais.";"A área de abrangência da coleta é (Pará). A relação das localidades selecionadas para aplicação da amostra será apresentada até o 7º dia seguinte ao registro da pesquisa, conforme expresso no art. 2º, §6º da Resolução 23.549/2017 do TSE. "
"24/08/2022";"00:10:36";"2018";"5";"Eleições Gerais 2018";"PA";"PA";"PARÁ";"PA032082018";"12/08/2018";"07317438000147";"DOXA ARTE & COMUNICAO S/S LTDA";"DOXA";"Governador, Senador";"13/08/2018";"17/08/2018";"1896";"9477";"LUIZ CARLOS FEITOSA";"70000,00";"04260949000181";"GRAVASOM COMERCIAL FONOGRAFICA E PUBLICIDADE LTDA / GRAVASOM";"Recursos Próprios";"07317438000147";"DOXA ARTE & COMUNICAO S/S LTDA";"Pesquisa de opinião de cunho quantitativa. Universo da pesquisa são os eleitores do Estado do Pará. Todo o processo de delineamento amostral foi através das técnicas combinadas conhecidas da Amostragem mista da conglomerada, da casuísta, da estratificada e de ordem sistemática. Sendo realizada aplicação de questionário estruturado contendo perguntas fechadas e abertas junto aos eleitores aptos e que sejam moradores da área selecionada, resultando na composição final da amostra representativa do eleitorado em estudo. ";"Para definição do Plano Amostral, delimitou-se inicialmente a área geográfica da Pesquisa, com as subdivisões das seis (6) mesorregiões (Metropolitana de Belém, Nordeste Paraense, Sudeste Paraense, Sudoeste Paraense, Baixo Amazonas e Marajó) (IBGE) que levou em consideração as proporções e percentagens da composição final da população investigada, cuja fonte é o próprio TSE. Determinou-se a equação adequada para estimar a grandeza da amostra para populações com características de infinitude, cuja fração de amostragem (f) foi superior a 0,95. Levou-se em consideração que o erro amostral aceitável seria de (+/-)2,25%, levando em consideração o nível do Intervalo de Confiança o estimado foi de 95%. A grandeza obtida foi de 1.896 (mil, oitocentos e noventa e seis) entrevistados. Continuamente fez a repartição da amostra por conglomerado das mesorregiões paraenses. Em cada mesorregião estabeleceu-se pela amostragem casuística pela obrigatoriedade de serem pesquisados os municípios considerados como pólos da área pesquisada, devido a sua grandeza populacional com definição dos respectivos quantitativos e que serão agregados posteriormente os demais em rateio populacional. Tendo os municípios-pólo definidos e com a correspondente grandeza da amostra parcial, iniciou-se a etapa seguinte de repartição com o restante, sendo utilizada outra técnica de amostragem para os demais municípios, que consistiu na realização de sorteio aleatório dos municípios, onde as entrevistas serão também realizadas, pelo método PPT (Probabilidade Proporcional ao Tamanho). Em cada município foi novamente sorteado os bairros ou comunidades, onde cada pesquisador foi ao encontro das unidades amostrais ¿ eleitores aptos ¿ que foram abordados em seus domicílios. Para tal usou-se a técnica combinada de amostragem sistemática ¿ com intervalo entre os domicílios de 10 ou 20 unidades ¿ e estratificada até composição final da grandeza da amostra.Dentro dos bairros ou comunidades sorteados, os respondentes amostrados foram selecionados através de quotas amostrais proporcionais em função de variáveis significativas, nas seguintes proporções, a saber: IDADE 16-24 (9,7% masculino e 10,2% feminino). 25-34 (11,8% masculino e 12,3% feminino). 35-44 (10,4% masculino e 10,7% feminino). 45-59 (10,3% masculino e 10,4% feminino). mais de 59 anos (7,2% masculino e 7,0% feminino). Grau de Instrução: Até Ensino Médio (45,6% masculino e 44,8% feminino). Ensino Superior (3,8% masculino e 5,8% femino). Nível Econômico: Economicamente ativo (masculino) 74% (feminino) 49%. Não Economicamente ativo (masculino) 26% (feminino) 51%. Em alguns casos, poderá haver ajustes nas ponderações para correção das variáveis sexo e idade, levando em conta a proporcionalidade dos percentuais supracitados, em no máximo em situações cujas diferenças sejam superiores a 3% entre o previsto no plano amostral e a efetiva coleta dos dados que fora realizada. No caso das variáveis de grau de instrução e de nível econômico do entrevistado, o critério previsto para ponderação é 1% (resultados obtidos em campo). Fontes: IBGE/Censo 2010/PNADC 2016/TSE 2018.";"Para operacionalização da pesquisa, contou com uma equipe de entrevistadores e supervisores contratados pela DOXA  que foram devidamente treinados para o trabalho de campo. Após os trabalhos de campo, os questionários foram submetidos a uma fiscalização de cerca de 20% (vinte por cento) dos questionários aplicados pelos entrevistadores. para verificação das respostas e da adequação dos entrevistados aos parâmetros populacionais.";"A área de abrangência da coleta é (Pará). A relação das localidades selecionadas para aplicação da amostra será apresentada até o 7º dia seguinte ao registro da pesquisa, conforme expresso no art. 2º, §6º da Resolução 23.549/2017 do TSE."
"24/08/2022";"00:10:36";"2018";"5";"Eleições Gerais 2018";"PA";"PA";"PARÁ";"PA035852018";"25/09/2018";"07317438000147";"DOXA ARTE & COMUNICAO S/S LTDA";"DOXA";"Senador, Deputado Federal, Governador, Deputado Estadual";"27/09/2018";"29/09/2018";"400";"9477";"LUIZ CARLOS FEITOSA";"4000,00";"07317438000147";"DOXA ARTE & COMUNICAO S/S LTDA";"#NULO#";"07317438000147";"DOXA ARTE & COMUNICAO S/S LTDA";"Pesquisa de opinião de cunho quantitativa. Universo da pesquisa são os eleitores do município de Talândia (PA). Todo o processo de delineamento amostral foi através das técnicas combinadas conhecidas da Amostragem mista da conglomerada, da casuísta, da estratificada e de ordem sistemática. Sendo realizada aplicação de questionário estruturado contendo perguntas fechadas e abertas junto aos eleitores aptos e que sejam moradores da área selecionada, resultando na composição final da amostra representativa do eleitorado em estudo.";"Plano amostral e ponderação quanto a sexo, idade, grau de instrução e nível econômico do entrevistado¿ intervalo de confiança e margem de erro: O universo considerado são todos os eleitores registrados no TRE/PA e aptos a votar nas eleições do município de Tailândia. O tamanho da amostra é de 400 entrevistados com uso da fórmula de Tagliacarne que associa a distribuição de probabilidade Normal de Gauss e erro amostral do Intervalo de confiança. A técnica de amostragem: Do parâmetro populacional estabelecemos a estratificação respeitando a proporcionalidade das variáveis que atuam como filtros adequados da amostragem: sexo, idade, grau de instrução e nível de instrução do eleitorado. Masculino 50,4 Feminino 49,6. Idade:16 a 24 anos 20,7 25 a 34 anos 27,0,6 35 a 44 anos 20,5 45 a 59 anos 19,6 acima de 59 anos 12,2. Escolaridade: ANALFABETO 6,4 ENSINO FUNDAMENTAL COMPLETO 10,9 ENSINO FUNDAMENTAL INCOMPLETO 16,9 ENSINO MÉDIO COMPLETO 10,9 ENSINO MÉDIO INCOMPLETO 16,9 LÊ E ESCREVE 19,2 SUPERIOR COMPLETO 2,3 SUPERIOR INCOMPLETO 1,4. Nível Econômico: Economicamente ativo (masculino) 74% (feminino) 49%. Não Economicamente ativo (masculino) 26% (feminino) 51%. Em alguns casos, poderá haver ajustes nas ponderações para correção das variáveis sexo e idade, levando em conta a proporcionalidade dos percentuais supracitados, em no máximo em situações cujas diferenças sejam superiores a 3% entre o previsto no plano amostral e a efetiva coleta dos dados que fora realizada. No caso das variáveis de grau de instrução e de nível econômico do entrevistado, o critério previsto para ponderação é 1% (resultados obtidos em campo).A margem de erro amostral: respeitando o intervalo de confiança estimada foi de 95% e significância de 5%, tendo a margem de erro amostral de 4 pontos percentuais para mais ou para menos na amostra.";"Para operacionalização da pesquisa, contou com uma equipe de entrevistadores e supervisores contratados pela DOXA que foram devidamente treinados para o trabalho de campo. Após os trabalhos de campo, os questionários foram submetidos a uma fiscalização de cerca de 20% (vinte por cento) dos questionários aplicados pelos entrevistadores. para verificação das respostas e da adequação dos entrevistados aos parâmetros populacionais.";"A área de abrangência da coleta é Tailândia. A relação das localidades selecionadas para aplicação da amostra será apresentada até o 7º dia seguinte ao registro da pesquisa, conforme expresso no art. 2º, §6º da Resolução 23.549/2017 do TSE."
"24/08/2022";"00:10:36";"2018";"5";"Eleições Gerais 2018";"PA";"PA";"PARÁ";"PA043802018";"28/09/2018";"00654576000172";"INSTITUTO VERITA LTDA - EPP";"VERITA";"Senador, Governador";"02/10/2018";"05/10/2018";"2020";"7806";"James Richard Silva Santos Ferro";"78780,00";"00654576000172";"INSTITUTO VERITA LTDA - EPP";"#NULO#";"00654576000172";"INSTITUTO VERITA LTDA - EPP";"Pesquisa quantitativa, que consiste na realização de entrevistas, com a aplicação de questionário estruturado junto a uma amostra representativa do eleitorado desta Unidade da Federação";"ESTUDO REPRESENTATIVO DO ELEITORADO DO ESTADO Pará - MÉTODO PPT (Probabilidade Proporcional ao Tamanho)   -   PLANO AMOSTRAL E PONDERAÇÃO QUANTO A SEXO, IDADE, GRAU DE INSTRUÇÃO E NÍVEL ECONÔMICO DO ENTREVISTADO. INTERVALO DE CONFIANÇA E MARGEM DE ERRO: Representativo do eleitorado da área em estudo, elaborada, em vários estágios, da seguinte forma:   -   1. Divisão da UF em três estratos 2. Ordenação dos municípios de cada estrato segundo o porte, redividindo, em cada estrato, em Três subestratos contendo aproximadamente o mesmo número de domicílios. 3. Sorteio dos municípios por amostragem de conglomerados, de acordo com porte mantendo a proporção de eleitores  4. Sorteio, dentro de cada município de bairros ou setores censitários onde serão realizadas entrevistas. 5. Os respondentes são selecionados através de quotas amostrais proporcionais em função de variáveis significativas, a saber:  -   IDADE: FEMININO, 16 A 24 A NOS. 9,8%/ MASCULINO, 16 A 24 ANOS. 9,3% / FEMININO, 25 A 34 ANOS. 12,3% / MASCULINO, 25 A 34 ANOS. 11,8% /FEMININO, 35 A 44 ANOS. 10,8% / MASCULINO, 35 A 44 ANOS. 10,5% / FEMININO, 45 A 59 ANOS. 10,5%/ MASCULINO, 45 A 59 ANOS. 10,4% / FEMININO, 60 ANOS OU MAIS. 7,2%/ MASCULINO, 60 ANOS OU MAIS. 7,4%-  GRAU DE INSTRUÇÃO: Analfabeto até Ensino Médio completo 70,1%,  Superior incompleto, completo ou mais ou mais 29,9% -  NÍVEL ECONÔMICO: FEMININO Não PEA 52,9%, FEMININO PEA 47,1%, MASCULINO Não PEA 27,7%, MASCULINO PEA 72,3%    -    Está prevista eventual ponderação para correção das variáveis, com base nos percentuais anteriormente mencionados, caso ocorram diferenças superiores a margem de erro da pesquisa de  2,2 pontos percentuais entre o previsto na amostra e a coleta de dados realizada. Para as variáveis de grau de instrução e nível econômico do entrevistado, o fator previsto para ponderação é 1 (resultados obtidos em campo). O nível de confiança estimado é de 95% e a margem de erro máxima estimada considerando um modelo de amostragem aleatório simples, é de 2,2 pontos percentuais para mais ou para menos sobre os resultados encontrados no total da amostra. FONTE DOS DADOS: Censo 2010, PNAD 2017, TSE 2018, dentre outras";"Para a realização da pesquisa, utiliza-se uma equipe de entrevistadores e supervisores contratados pelo INSTITUTO VERITÁ LTDA. devidamente treinados para o trabalho. Após os trabalhos de campo, os questionários são submetidos a uma fiscalização de cerca de 20% (vinte por cento) dos questionários aplicados pelos entrevistadores. para verificação das respostas e da adequação dos entrevistadores aos parâmetros amostrais.";"A PESQUISA NÃO FOI DIVULGADA."
"24/08/2022";"00:10:36";"2018";"5";"Eleições Gerais 2018";"PA";"PA";"PARÁ";"PA054472018";"11/09/2018";"68802370000186";"IBOPE INTELIGENCIA PESQUISA E CONSULTORIA LTDA";"#NULO#";"Governador, Senador";"11/09/2018";"17/09/2018";"812";"6208-A";"Márcia Cavallari Nunes";"80769,00";"04832721000119";"TELEVISAO LIBERAL SA / TELEVISAO LIBERAL";"Recursos Próprios";"68802370000186";"IBOPE INTELIGENCIA PESQUISA E CONSULTORIA LTDA";"Pesquisa quantitativa, que consiste na realização de entrevistas pessoais, com a aplicação de questionário estruturado junto a uma amostra representativa do eleitorado em estudo. Pesquisa realizada no estado do Pará.";"Representativo do eleitorado da área em estudo, elaborada em três estágios. No primeiro estágio faz-se um sorteio probabilístico dos municípios, onde as entrevistas serão realizadas, pelo método PPT (Probabilidade Proporcional ao Tamanho), tomando o eleitorado como base para tal seleção. No segundo estágio faz-se um sorteio probabilístico dos setores censitários, onde as entrevistas serão realizadas, pelo método PPT (Probabilidade Proporcional ao Tamanho), tomando a população de 16 anos ou mais residente nos setores como base para tal seleção. No terceiro e último estágio, dentro dos setores sorteados, os respondentes são selecionados através de quotas amostrais proporcionais em função de variáveis significativas, a saber: IDADE: 16-24 (masculino) 24% (feminino) 22%. 25-34 (masculino) 25% (feminino) 25%. 35-44 (masculino) 21% (feminino) 22%. 45-54 (masculino) 15% (feminino) 15%. 55 e+ (masculino) 15% (feminino) 15%. INSTRUÇÃO: Até Ensino Médio (masculino) 89% (feminino) 85%. Ensino Superior (masculino) 11% (feminino) 15%. NÍVEL ECONÔMICO: Economicamente ativo (masculino) 74% (feminino) 49%. Não Economicamente ativo (masculino) 26% (feminino) 51%. Está prevista eventual ponderação para correção das variáveis sexo e idade, com base nos percentuais anteriormente mencionados, caso ocorram diferenças superiores a 3 pontos percentuais entre o previsto na amostra e a coleta de dados realizada. Para as variáveis de grau de instrução e nível econômico do entrevistado, o fator previsto para ponderação é 1 (resultados obtidos em campo). O nível de confiança estimado é de 95% e a margem de erro máxima estimada considerando um modelo de amostragem aleatório simples, é de 03 (três) pontos percentuais para mais ou para menos sobre os resultados encontrados no total da amostra. FONTE DOS DADOS: Censo 2010 | PNADC 2016 | TSE 2018.";"Para a realização da pesquisa, utiliza-se uma equipe de entrevistadores e supervisores contratados pelo IBOPE INTELIGÊNCIA PESQUISA E CONSULTORIA LTDA. devidamente treinados para o trabalho. Após os trabalhos de campo, os questionários são submetidos a uma fiscalização de cerca de 20% (vinte por cento) dos questionários aplicados pelos entrevistadores. para verificação das respostas e da adequação dos entrevistados aos parâmetros amostrais.";"A área de abrangência da coleta é o estado do Pará. A relação das localidades selecionadas para aplicação da amostra será apresentada até o 7º dia seguinte ao registro da pesquisa, conforme expresso no art. 2º, §6º da Resolução 23.549/2017 do TSE.  "
"24/08/2022";"00:10:36";"2018";"5";"Eleições Gerais 2018";"PA";"PA";"PARÁ";"PA055412018";"20/10/2018";"29842579000111";"REAL TIME BIG DATA GESTAO DE DADOS LTDA.";"REAL TIME BIG DATA";"Governador";"25/10/2018";"25/10/2018";"1500";"7655";"Augusto da Silva Rocha";"7000,00";"29842579000111";"REAL TIME BIG DATA GESTAO DE DADOS LTDA.";"#NULO#";"29842579000111";"REAL TIME BIG DATA GESTAO DE DADOS LTDA.";"Pesquisa quantitativa, que consiste na realização de entrevistas por telefone, com a aplicação de questionário estruturado junto a uma amostra, representativa do eleitorado em estudo.";"Universo: 5.499.283 eleitores (TSE). Amostra: 1500 entrevistas. Nível de Confiança: 95%. Margem de Erro: até 3 pontos percentuais para mais ou para menos. Divisão Censitária. Ponderação quanto ao sexo e faixa etária: Masculino de 16 a 24 anos (9,3%), Masculino de 25 a 34 anos (11,8%), Masculino de 35 a 44 anos (10,5%), Masculino de 45 a 59 anos (10,4%) e Masculino acima de 59 anos (7,4%). Feminino de 16 a 24 anos (9,8%), Feminino de 25 a 34 anos (12,3%), Feminino de 35 a 44 anos (10,8%), Feminino de 45 a 59 anos (10,5%) e Feminino acima de 59 anos (7,2%). Ponderação quanto ao nível de instrução: 36% de Analfabeto / Fundamental Incompleto, 18% de Lê e escreve / Fundamental Completo, 36% de Médio Incompleto / Médio Completo e 10% de Superior Incompleto / Superior Completo. Ponderação quanto a distribuição por renda mensal domiciliar: 35% até 1 SM, 27% de 1 até 2 SM, 26% de 2 até 5 SM, 8% de 5 até 10 SM e 4% acima de 10 SM. Fonte de Dados: IBGE e TSE 2018.";"Checagem de 20% da amostra efetuada pelos supervisores. Todos os entrevistadores foram amplamente treinados e orientados tanto teoricamente quanto praticamente sobre suas responsabilidade e funções, respeitando as cotas pré-estabelecidas. A equipe está dividida em coordenadoria-geral / supervisores / entrevistadores.";"Em anexo."
"24/08/2022";"00:10:36";"2018";"5";"Eleições Gerais 2018";"PA";"PA";"PARÁ";"PA058032018";"11/09/2018";"07317438000147";"DOXA ARTE & COMUNICAO S/S LTDA";"DOXA";"Deputado Federal, Deputado Estadual, Senador, Governador";"12/09/2018";"15/09/2018";"1896";"9477";"LUIZ CARLOS FEITOSA";"70000,00";"04260949000181";"GRAVASOM COMERCIAL FONOGRAFICA E PUBLICIDADE LTDA / GRAVASOM";"Recursos Próprios";"07317438000147";"DOXA ARTE & COMUNICAO S/S LTDA";"Pesquisa de opinião de cunho quantitativa. Universo da pesquisa são os eleitores do Estado do Pará. Todo o processo de delineamento amostral foi através das técnicas combinadas conhecidas da Amostragem mista da conglomerada, da casuísta, da estratificada e de ordem sistemática. Sendo realizada aplicação de questionário estruturado contendo perguntas fechadas e abertas junto aos eleitores aptos e que sejam moradores da área selecionada, resultando na composição final da amostra representativa do eleitorado em estudo.   ";"Para definição do Plano Amostral, delimitou-se inicialmente a área geográfica da Pesquisa, com as subdivisões das seis (6) mesorregiões (Metropolitana de Belém, Nordeste Paraense, Sudeste Paraense, Sudoeste Paraense, Baixo Amazonas e Marajó) (IBGE) que levou em consideração as proporções e percentagens da composição final da população investigada, cuja fonte é o próprio TSE. Determinou-se a equação adequada para estimar a grandeza da amostra para populações com características de infinitude, cuja fração de amostragem (f) foi superior a 0,95. Levou-se em consideração que o erro amostral aceitável seria de (+/-)2,25%, levando em consideração o nível do Intervalo de Confiança o estimado foi de 95%. A grandeza obtida foi de 1.896 (mil, oitocentos e noventa e seis) entrevistados. Continuamente fez a repartição da amostra por conglomerado das mesorregiões paraenses. Em cada mesorregião estabeleceu-se pela amostragem casuística pela obrigatoriedade de serem pesquisados os municípios considerados como pólos  da área pesquisada, devido a sua grandeza populacional com definição dos respectivos quantitativos e que serão agregados posteriormente os demais em rateio populacional. Tendo os municípios-pólo definidos e com a correspondente grandeza da amostra parcial, iniciou-se a etapa seguinte de repartição com o restante, sendo utilizada outra técnica de amostragem para os demais municípios, que consistiu na realização de sorteio aleatório dos municípios, onde as entrevistas serão também realizadas, pelo método PPT (Probabilidade Proporcional ao Tamanho). Em cada município foi novamente sorteado os bairros ou comunidades, onde cada pesquisador foi ao encontro das unidades amostrais ¿ eleitores aptos ¿ que foram abordados em seus domicílios. Para tal usou-se a técnica combinada de amostragem sistemática ¿ com intervalo entre os domicílios de 10 ou 20 unidades ¿ e estratificada até composição final da grandeza da amostra.Dentro dos bairros ou comunidades sorteados, os respondentes amostrados foram selecionados através de quotas amostrais proporcionais em função de variáveis significativas, nas seguintes proporções, a saber: IDADE 16-24 (9,7% masculino e 10,2% feminino). 25-34 (11,8% masculino e 12,3% feminino). 3544 (10,4% masculino e 10,7% feminino). 45-59 (10,3% masculino e 10,4% feminino). mais de 59 anos (7,2% masculino e 7,0% feminino). Grau de Instrução: Até Ensino Médio (45,6% masculino e 44,8% feminino). Ensino Superior (3,8% masculino e 5,8% femino). Nível Econômico: Economicamente ativo (masculino) 74% (feminino) 49%. Não Economicamente ativo (masculino) 26% (feminino) 51%. Em alguns casos, poderá haver ajustes nas ponderações para correção das variáveis sexo e idade, levando em conta a proporcionalidade dos percentuais supracitados, em no máximo em situações cujas diferenças sejam superiores a 3% entre o previsto no plano amostral e a efetiva coleta dos dados que fora realizada. No caso das variáveis de grau de instrução e de nível econômico do entrevistado, o critério previsto para ponderação é 1% (resultados obtidos em campo). Fontes: IBGE/Censo 2010/PNADC 2016/TSE 2018.   ";"Para operacionalização da pesquisa, contou com uma equipe de entrevistadores e supervisores contratados pela DOXA que foram devidamente treinados para o trabalho de campo. Após os trabalhos de campo, os questionários foram submetidos a uma fiscalização de cerca de 20% (vinte por cento) dos questionários aplicados pelos entrevistadores. para verificação das respostas e da adequação dos entrevistados aos parâmetros populacionais.   ";"A área de abrangência da coleta é (Pará). A relação das localidades selecionadas para aplicação da amostra será apresentada até o 7º dia seguinte ao registro da pesquisa, conforme expresso no art. 2º, §6º da Resolução 23.549/2017 do TSE.   "
"24/08/2022";"00:10:36";"2018";"5";"Eleições Gerais 2018";"PA";"PA";"PARÁ";"PA059972018";"29/03/2018";"07317438000147";"DOXA ARTE & COMUNICAO S/S LTDA";"DOXA";"Governador, Deputado Estadual, Deputado Federal, Senador";"26/03/2018";"30/03/2018";"650";"9477";"LUIZ CARLOS FERREIRA FEITOSA";"9500,00";"07317438000147";"DOXA ARTE & COMUNICAO S/S LTDA";"#NULO#";"07317438000147";"DOXA ARTE & COMUNICAO S/S LTDA";"Pesquisa eleitoral do tipo quantitativo categórico, aleatório e estratificado domiciliar por cotas de sexo e idade, área geográfica detalhamento feito com amostragens mediante aplicação de questionários estruturados por pessoal treinado levando em consideração parâmetros populacionais, tendo como universo (total) o eleitorado dos municípios de Rurópolis, Placas e Uruará.";"Plano amostral e ponderação quanto a sexo, idade, grau de instrução e nível econômico do entrevistado. intervalo de confiança e margem de erro: O universo considerado são todos os eleitores registrados no TRE/PA e aptos a votar nas eleições gerais em Rurópolis, Placas e Uruará. O tamanho da amostra é de 650 entrevistados com uso da fórmula de Tagliacarne que associa a distribuição de probabilidade Normal de Gauss e erro amostral do Intervalo de confiança. A técnica de amostragem: Do parâmetro populacional estabelecemos a estratificação respeitando a proporcionalidade das variáveis que atuam como filtros adequados da amostragem: sexo, idade, grau de instrução e nível de instrução do eleitorado. Masculino, 50,1 Feminino, 49,9. 16 a 24 anos, 20,9. 25 a 34 anos, 26,6. 35 a 44 anos, 20,3. 45 a 59 anos, 19,9. acima de 59 anos, 12,2. ANALFABETO, 7,9. ENSINO FUNDAMENTAL COMPLETO, 7,0. ENSINO FUNDAMENTAL INCOMPLETO, 36,4. ENSINO MÉDIO COMPLETO, 9,8. ENSINO MÉDIO INCOMPLETO,  17,4. LÊ E ESCREVE, 18,3. SUPERIOR COMPLETO, 1,9. SUPERIOR INCOMPLETO, 0,4. Até 1 SM 40,6 Acima de 1 a 2 SM 38,8 Acima de 2 a 3SM 17,7 Acima de 3 a 4 SM 2,6 Acima de 4 a 5 SM 0,1 Acima de 5 SM 0,1. A margem de erro amostral: respeitando o intervalo de confiança estimada foi de 95% e significância de 5%, tendo a margem de erro amostral de 4 pontos percentuais para mais ou para menos da amostra.";"Os pesquisadores contratados para aplicação dos formulários desta pesquisa foram treinados pela equipe técnica da DOXA com instruções adequadas para atingir a meta e o objetivo do cliente. Quanto aos supervisores de campo, possuem a meta de atingir no mínimo 20% dos questionários dos pesquisadores indo ao local indicado ou por telefone. A validação do formulário somente será confirmada com o coligimento da ponderação previsto pela legislação eleitoral e todo o material após codificação e processamento dos dados das variáveis contidas no questionário. ";"A pesquisa foi realizada nos municípios de Rurópolis, Placas e Uruará, abrangendo as áreas Rural e Urbana. A relação dos bairros selecionados para aplicação da amostra será apresentada após a divulgação do resultado da pesquisa, conforme §6º. do art. 2º. da Resolução-TSE nº. 23.549/2017, Até o sétimo dia seguinte ao registro da pesquisa, será ele complementado com os dados relativos aos bairros abrangidos. na ausência de delimitação do bairro, será identificada a área em que foi realizada)."
"24/08/2022";"00:10:36";"2018";"5";"Eleições Gerais 2018";"PA";"PA";"PARÁ";"PA060362018";"28/02/2018";"05255333000185";"V. C. H. A. SERVICOS LTDA.";"VERITATE";"Governador, Senador";"28/02/2018";"04/03/2018";"600";"7883";"Demétrio Alcone Peres";"6000,00";"05255333000185";"V. C. H. A. SERVICOS LTDA.";"#NULO#";"05255333000185";"V. C. H. A. SERVICOS LTDA.";"Pesquisa quantitativa, por amostragem aleatória estratificada por cotas, realizando entrevistas pessoais, face a face e domiciliares e em fluxo, aplicando questionários estruturados junto a uma amostra representativa do eleitorado em estudo.";"Plano Amostral  Universo: Eleitores do Município de Belém do Pará.  Tamanho da amostra: 600 entrevistas.   Técnica de amostragem: Na primeira etapa o município foi dividido em 10 Setores, cada um representando uma Zona Eleitoral, e as entrevistas foram distribuídas pelo peso proporcional de cada um.   Na segunda etapa foi quantificado o número de entrevistas para cada bairro selecionados em cada setor por sorteio aleatório pelo método PPT (Probabilidade Proporcional ao Tamanho), de acordo com a população de eleitores dos mesmos.   Por fim, os entrevistados serão selecionados por amostragem aleatória, obedecendo às quotas proporcionais de sexo: Masculino, 46%. Feminino 54%. Faixa etária: Entre 16 a 24 anos, 16%. 25 a 44 anos, 42%, Com 45 anos ou mais, 42%.  Escolaridade: Até ensino médio incompleto, 50%, Ensino médio completo ou mais 50%. Nível econômico: Economicamente ativo, 63%. Economicamente não ativo, 37%, de acordo com o perfil do eleitorado.   Está prevista eventual ponderação para correção das variáveis de sexo, idade, escolaridade e nível econômico, com base nos percentuais acima apresentados, caso ocorram diferenças superiores a quatro pontos percentuais entre o previsto na amostra e a coleta realizada.     Fonte de dados: TSE (Estatística do eleitorado em janeiro de 2018) e IBGE (Censo 2010).  A área física de realização da pesquisa está descrita na amostragem quanto às zonas eleitorais e bairros.  Margem de erro: 4% para mais ou para menos, com um intervalo de confiança de 95%  ";"Sistema interno de controle e verificação  Para a realização da pesquisa, se utiliza uma equipe de entrevistadores e supervisores contratados pelo VCHA Serviços Ltda. - VERITATE PESQUISA DE OPINIÃO E MERCADO, devidamente treinados para a função. Após os trabalhos de campo, são escolhidos por amostragem aleatória simples 20% (vinte por cento) dos questionários aplicados pelos entrevistadores para verificação das respostas e da adequação dos entrevistadores aos parâmetros amostrais. Posteriormente todos os dados obtidos no campo são validados, codificados, digitados e analisados visando a consistência das informações.  ";"Dados relativos aos municípios e bairros abrangidos pela pesquisa  AMOSTRA BELÉM - 600 ENTREVISTAS ¿ OUTUBRO 2016  (SETORES/ZONAS ELEITORAIS, BAIRROS E QUANTIDADE DE ENTREVISTAS)  SETOR 1 / Zona Eleitoral 1- Batista campos, 14 entrevistas. Campina, 6. Cidade Velha, 9. Nazaré,  18. Reduto, 5.   SETOR 2 / Zona Eleitoral 28 ¿ Sacramenta, 25. Telégrafo, 33.   SETOR 3 / Zona Eleitoral 29 ¿ Canudos, 10. Guamá, 42.  SETOR 4/ Zona Eleitoral 30 ¿ Icoaraci, 44. Mosqueiro, 24. Outeiro, 18.   SETOR 5 / Zona Eleitoral 73 ¿ Mangueirão, 16. Maracangalha, 10. Marambaia, 36.  SETOR 6 /Zona Eleitoral 76 ¿ Condor, 9. Jurunas, 20. Marco, 25.  SETOR 7 /Zona Eleitoral 95 ¿ Pedreira, 49.   SETOR 8 /Zona Eleitoral 96 ¿ Cremação, 18. São Braz, 20. Umarizal, 21.   SETOR 9 /Zona Eleitoral 97 ¿ Bengui, 15. Cabanagem, 5. Coqueiro, 14. Parque Verde, 7. Pratinha, 7. Tapaná, 18.   SETOR 10 /Zona Eleitoral 98 ¿ Castanheira, 14. Curió-Utinga, 9. Souza,  12. Terra Firme, 26.  "
"24/08/2022";"00:10:36";"2018";"5";"Eleições Gerais 2018";"PA";"PA";"PARÁ";"PA062302018";"14/09/2018";"29842579000111";"REAL TIME BIG DATA GESTAO DE DADOS LTDA.";"REAL TIME BIG DATA";"Governador, Senador";"18/09/2018";"19/09/2018";"1200";"7655";"Augusto da Silva Rocha";"15000,00";"29842579000111";"REAL TIME BIG DATA GESTAO DE DADOS LTDA.";"#NULO#";"29842579000111";"REAL TIME BIG DATA GESTAO DE DADOS LTDA.";"Pesquisa quantitativa, que consiste na realização de entrevistas por telefone, com a aplicação de questionário estruturado junto a uma amostra, representativa do eleitorado em estudo.";"Universo: 5.499.283 eleitores (TSE). Amostra: 1200 entrevistas. Nível de Confiança: 95%. Margem de Erro: até 3 pontos percentuais para mais ou para menos. Divisão Censitária. Ponderação quanto ao sexo e faixa etária: Masculino de 16 a 24 anos (9,7%), Masculino de 25 a 34 anos (11,8%), Masculino de 35 a 44 anos (10,4%), Masculino de 45 a 59 anos (10,3%) e Masculino acima de 59 anos (7,2%). Feminino de 16 a 24 anos (10,1%), Feminino de 25 a 34 anos (12,3%), Feminino de 35 a 44 anos (10,7%), Feminino de 45 a 59 anos (10,4%) e Feminino acima de 59 anos (7,0%). Ponderação quanto ao nível de instrução: 36,0% de Analfabeto / Fundamental Incompleto, 18,4% de Lê e escreve / Fundamental Completo, 36,0% de Médio Incompleto / Médio Completo e 9,5% de Superior Incompleto / Superior Completo. Ponderação quanto a distribuição por renda mensal domiciliar: 35,5% até 1 SM, 26,7% de 1 até 2 SM, 25,7% de 2 até 5 SM, 8,0% de 5 até 10 SM e 4,1% acima de 10 SM.";"Checagem de 20% da amostra efetuada pelos supervisores. Todos os entrevistadores foram amplamente treinados e orientados tanto teoricamente quanto praticamente sobre suas responsabilidade e funções, respeitando as cotas pré-estabelecidas. A equipe está dividida em coordenadoria-geral / supervisores / entrevistadores.";"Em anexo."
"24/08/2022";"00:10:36";"2018";"5";"Eleições Gerais 2018";"PA";"PA";"PARÁ";"PA063172018";"13/10/2018";"29842579000111";"REAL TIME BIG DATA GESTAO DE DADOS LTDA.";"REAL TIME BIG DATA";"Governador";"17/10/2018";"18/10/2018";"1500";"7655";"Augusto da Silva Rocha";"7000,00";"29842579000111";"REAL TIME BIG DATA GESTAO DE DADOS LTDA.";"#NULO#";"29842579000111";"REAL TIME BIG DATA GESTAO DE DADOS LTDA.";"Pesquisa quantitativa, que consiste na realização de entrevistas por telefone, com a aplicação de questionário estruturado junto a uma amostra, representativa do eleitorado em estudo.";"Universo: 5.499.283 eleitores (TSE). Amostra: 1500 entrevistas. Nível de Confiança: 95%. Margem de Erro: até 3 pontos percentuais para mais ou para menos. Divisão Censitária. Ponderação quanto ao sexo e faixa etária: Masculino de 16 a 24 anos (9,3%), Masculino de 25 a 34 anos (11,8%), Masculino de 35 a 44 anos (10,5%), Masculino de 45 a 59 anos (10,4%) e Masculino acima de 59 anos (7,4%). Feminino de 16 a 24 anos (9,8%), Feminino de 25 a 34 anos (12,3%), Feminino de 35 a 44 anos (10,8%), Feminino de 45 a 59 anos (10,5%) e Feminino acima de 59 anos (7,2%). Ponderação quanto ao nível de instrução: 36% de Analfabeto / Fundamental Incompleto, 18% de Lê e escreve / Fundamental Completo, 36% de Médio Incompleto / Médio Completo e 10% de Superior Incompleto / Superior Completo. Ponderação quanto a distribuição por renda mensal domiciliar: 35% até 1 SM, 27% de 1 até 2 SM, 26% de 2 até 5 SM, 8% de 5 até 10 SM e 4% acima de 10 SM. Fonte de Dados: IBGE e TSE 2018.";"Checagem de 20% da amostra efetuada pelos supervisores. Todos os entrevistadores foram amplamente treinados e orientados tanto teoricamente quanto praticamente sobre suas responsabilidade e funções, respeitando as cotas pré-estabelecidas. A equipe está dividida em coordenadoria-geral / supervisores / entrevistadores.";"Em anexo."
"24/08/2022";"00:10:36";"2018";"5";"Eleições Gerais 2018";"PA";"PA";"PARÁ";"PA068192018";"30/09/2018";"68802370000186";"IBOPE INTELIGENCIA PESQUISA E CONSULTORIA LTDA";"#NULO#";"Governador, Senador";"30/09/2018";"06/10/2018";"812";"6208-A";"Márcia Cavallari Nunes";"80769,00";"04832721000119";"TELEVISAO LIBERAL SA / TELEVISAO LIBERAL";"Recursos Próprios";"68802370000186";"IBOPE INTELIGENCIA PESQUISA E CONSULTORIA LTDA";"Pesquisa quantitativa, que consiste na realização de entrevistas pessoais, com a aplicação de questionário estruturado junto a uma amostra representativa do eleitorado em estudo. Pesquisa realizada no estado do Pará.";"Representativo do eleitorado da área em estudo, elaborada em três estágios. No primeiro estágio faz-se um sorteio probabilístico dos municípios, onde as entrevistas serão realizadas, pelo método PPT (Probabilidade Proporcional ao Tamanho), tomando o eleitorado como base para tal seleção. No segundo estágio faz-se um sorteio probabilístico dos setores censitários, onde as entrevistas serão realizadas, pelo método PPT (Probabilidade Proporcional ao Tamanho), tomando a população de 16 anos ou mais residente nos setores como base para tal seleção. No terceiro e último estágio, dentro dos setores sorteados, os respondentes são selecionados através de quotas amostrais proporcionais em função de variáveis significativas, a saber: IDADE: 16-24 (masculino) 24% (feminino) 22%. 25-34 (masculino) 25% (feminino) 25%. 35-44 (masculino) 21% (feminino) 22%. 45-54 (masculino) 15% (feminino) 15%. 55 e+ (masculino) 15% (feminino) 15%. INSTRUÇÃO: Até Ensino Médio (masculino) 89% (feminino) 85%. Ensino Superior (masculino) 11% (feminino) 15%. NÍVEL ECONÔMICO: Economicamente ativo (masculino) 74% (feminino) 49%. Não Economicamente ativo (masculino) 26% (feminino) 51%. Está prevista eventual ponderação para correção das variáveis sexo e idade, com base nos percentuais anteriormente mencionados, caso ocorram diferenças superiores a 3 pontos percentuais entre o previsto na amostra e a coleta de dados realizada. Para as variáveis de grau de instrução e nível econômico do entrevistado, o fator previsto para ponderação é 1 (resultados obtidos em campo). O nível de confiança estimado é de 95% e a margem de erro máxima estimada considerando um modelo de amostragem aleatório simples, é de 03 (três) pontos percentuais para mais ou para menos sobre os resultados encontrados no total da amostra. FONTE DOS DADOS: Censo 2010 | PNADC 2016 | TSE 2018.";"Para a realização da pesquisa, utiliza-se uma equipe de entrevistadores e supervisores contratados pelo IBOPE INTELIGÊNCIA PESQUISA E CONSULTORIA LTDA. devidamente treinados para o trabalho. Após os trabalhos de campo, os questionários são submetidos a uma fiscalização de cerca de 20% (vinte por cento) dos questionários aplicados pelos entrevistadores. para verificação das respostas e da adequação dos entrevistados aos parâmetros amostrais.";"A área de abrangência da coleta é o estado do Pará. A relação das localidades selecionadas para aplicação da amostra será apresentada até o 7º dia seguinte ao registro da pesquisa, conforme expresso no art. 2º, §6º da Resolução 23.549/2017 do TSE."
"24/08/2022";"00:10:36";"2018";"5";"Eleições Gerais 2018";"PA";"PA";"PARÁ";"PA070392018";"18/02/2018";"04717077000138";"INSTITUTO ACERTAR PESQUISA DE MERCADO E DE OPINIAO PUBLICA LTDA.";"INSTITUTO ACERTAR";"Governador, Deputado Estadual, Deputado Federal, Senador";"03/02/2018";"08/02/2018";"828";"7932";"Silvanildo Baia da Silva";"30323,00";"09076446000174";"FUNDACAO LAURO CAMPOS / FUNDACAO LAURO CAMPOS";"Recursos Próprios";"04717077000138";"INSTITUTO ACERTAR PESQUISA DE MERCADO E DE OPINIAO PUBLICA LTDA.";"Pesquisa quantitativa, através de entrevistas pessoais e domiciliares, com aplicação de questionário estruturado e padronizado, junto a uma amostra representativa da população pesquisada, com o objetivo principal de aferir indicativos e potencialidade de intenção de voto de possíveis candidatos  aos cargos de Presidente, Governador, Senador, Deputado Federal e Estadual para a eleição de 2018 no Estado do Pará.";"Composta por 828 entrevistas, a amostra é do tipo representativa, distribuída com alocação proporcional à população das sete Regiões Geográficas Intermediárias/2017 do Estado do Pará (IBGE) e pelas áreas de moradia (urbana e rural) (IBGE). Sendo estratificada em cotas de sexo e idade, grau de instrução, renda familiar e porte do município (Grande, médio e pequeno), calculadas proporcionalmente de acordo com o perfil do eleitorado do Estado do Pará (Cadastro Eleitoral do TSE Janeiro 2018) e de acordo com os dados do IBGE (Estimativas e Censo 2010). A pesquisa cobriu as 07 regiões intermediárias e suas respectivas regiões imediatas e 30 municípios, A margem de erro é de 3,5 pontos percentuais para mais ou para menos. Intervalo de confiança 95%. Adotou-se 2 estágios para distribuição da amostra. No primeiro, foram sorteados os setores censitários (IBGE), quarteirões e domicílios, onde as entrevistas foram realizadas. No segundo estágio as pessoas a serem entrevistadas foram selecionadas, de forma aleatória, dentro dos setores censitários, utilizando um quadro de cotas preestabelecido. Devido à metodologia amostral adotada as proporções quanto a sexo, idade, escolaridade e renda familiar da amostra são as mesmas do universo pesquisado, portanto os fatores de ponderação a serem aplicados nas respectivas variáveis assumem valor igual a 1 (um).";"Para a realização da pesquisa foi utilizada uma equipe formada por 24 (vinte e quatro pessoas) entre pesquisadores, checadores e   supervisores operacionais, devidamente treinados para este tipo de pesquisa. Durante o trabalho de campo, os questionários serão submetidos a um acompanhamento, que consiste na checagem de 25,0% dos questionários aplicados por cada entrevistador através de uma planilha de checagem, para  verificação das respostas e da adequação dos entrevistados aos parâmetros amostrais. Em uma segunda etapa, todos os questionários aplicados serão novamente criticados e submetidos à consistência após sua digitação, a fim de detectar falhas ou erros, evitando informações confusas, distorcidas ou incompletas, ou incoerências de qualquer espécie.";"#NULO#"
"24/08/2022";"00:10:36";"2018";"5";"Eleições Gerais 2018";"PA";"PA";"PARÁ";"PA074122018";"25/09/2018";"07317438000147";"DOXA ARTE & COMUNICAO S/S LTDA";"DOXA";"Senador, Deputado Estadual, Governador, Deputado Federal";"26/09/2018";"29/09/2018";"500";"9477";"LUIZ CARLOS FEITOSA";"8000,00";"07317438000147";"DOXA ARTE & COMUNICAO S/S LTDA";"#NULO#";"07317438000147";"DOXA ARTE & COMUNICAO S/S LTDA";"Pesquisa de opinião de cunho quantitativa. Universo da pesquisa são os eleitores dos municípios de Tucurui, Breu Branco, Vitória do Xingú e Altamira. Todo o processo de delineamento amostral foi através das técnicas combinadas conhecidas da Amostragem mista da conglomerada, da casuísta, da estratificada e de ordem sistemática. Sendo realizada aplicação de questionário estruturado contendo perguntas fechadas e abertas junto aos eleitores aptos e que sejam moradores da área selecionada, resultando na composição final da amostra representativa do eleitorado em estudo.";"Para definição do Plano Amostral, delimitou-se inicialmente a área geográfica da Pesquisa, com as subdivisões dos quatro (4) municípios (Tucurui, Breu Branco, Vitória do Xingu e Altamira) que levou em consideração as proporções e percentagens da composição final da população investigada, cuja fonte é o próprio TSE. Determinou-se a equação adequada para estimar a grandeza da amostra para populações com características de infinitude, cuja fração de amostragem (f) foi superior a 0,95. Levou-se em consideração que o erro amostral aceitável seria de (+/-)3,25%, levando em consideração o nível do Intervalo de Confiança o estimado foi de 95%. A grandeza obtida foi de 500 (Quinhentos) entrevistados. Continuamente fez a repartição da amostra por conglomerado das cidades. Em cada município foi novamente sorteado os bairros ou comunidades, onde cada pesquisador foi ao encontro das unidades amostrais ¿ eleitores aptos ¿ que foram abordados em seus domicílios. Para tal usou-se a técnica combinada de amostragem sistemática ¿ com intervalo entre os domicílios de 10 ou 20 unidades ¿ e estratificada até composição final da grandeza da amostra.Dentro dos bairros ou comunidades sorteados, os respondentes amostrados foram selecionados através de quotas amostrais proporcionais em função de variáveis significativas, nas seguintes proporções, a saber: IDADE 16-24 (9,7% masculino e 10,2% feminino). 25-34 (11,8% masculino e 12,3% feminino). 35-44 (10,4% masculino e 10,7% feminino). 45-59 (10,3% masculino e 10,4% feminino). mais de 59 anos (7,2% masculino e 7,0% feminino). Grau de Instrução: Até Ensino Médio (45,6% masculino e 44,8% feminino). Ensino Superior (3,8% masculino e 5,8% femino). Nível Econômico: Economicamente ativo (masculino) 74% (feminino) 49%. Não Economicamente ativo (masculino) 26% (feminino) 51%. Em alguns casos, poderá haver ajustes nas ponderações para correção das variáveis sexo e idade, levando em conta a proporcionalidade dos percentuais supracitados, em no máximo em situações cujas diferenças sejam superiores a 3% entre o previsto no plano amostral e a efetiva coleta dos dados que fora realizada. No caso das variáveis de grau de instrução e de nível econômico do entrevistado, o critério previsto para ponderação é 1% (resultados obtidos em campo). Fontes: IBGE/Censo 2010/PNADC 2016/TSE 2018";"Para operacionalização da pesquisa, contou com uma equipe de entrevistadores e supervisores contratados pela DOXA que foram devidamente treinados para o trabalho de campo. Após os trabalhos de campo, os questionários foram submetidos a uma fiscalização de cerca de 20% (vinte por cento) dos questionários aplicados pelos entrevistadores. para verificação das respostas e da adequação dos entrevistados aos parâmetros populacionais.";"A área de abrangência da coleta: Tucurui, Breu Branco, Altamira e Vitória do Xingu. A relação das localidades selecionadas para aplicação da amostra será apresentada até o 7º dia seguinte ao registro da pesquisa, conforme expresso no art. 2º, §6º da Resolução 23.549/2017 do TSE."
"24/08/2022";"00:10:36";"2018";"5";"Eleições Gerais 2018";"PA";"PA";"PARÁ";"PA074252018";"26/03/2018";"07317438000147";"DOXA ARTE & COMUNICAO S/S LTDA";"DOXA";"Senador, Deputado Estadual, Deputado Federal, Governador";"21/03/2018";"24/03/2018";"600";"9477";"LUIZ CARLOS FERREIRA FEITOSA";"7000,00";"07317438000147";"DOXA ARTE & COMUNICAO S/S LTDA";"#NULO#";"07317438000147";"DOXA ARTE & COMUNICAO S/S LTDA";"Pesquisa eleitoral do tipo quantitativo categórico, aleatório e estratificado domiciliar por cotas de sexo e idade, área geográfica detalhamento feito com amostragens mediante aplicação de questionários estruturados por pessoal treinado levando em consideração parâmetros populacionais, tendo como universo (total) o eleitorado do município de Altamira. ";"O universo considerado são todos os eleitores registrados no TRE/PA e aptos a votar nas eleições gerais em Altamira. O tamanho da amostra é de 600 entrevistados com uso da fórmula de Tagliacarne que associa a distribuição de probabilidade Normal de Gauss e erro amostral do Intervalo de confiança. A técnica de amostragem: Do parâmetro populacional estabelecemos a estratificação respeitando a proporcionalidade das variáveis que atuam como filtros adequados da amostragem: sexo, idade, grau de instrução e nível de instrução do eleitorado. Masculino 32.091 50,1 Feminino 31.929 49,9 64.020 100,0 16 a 24 anos 13.404 20,9 25 a 34 anos 17.051 26,6 35 a 44 anos 12.988 20,3 45 a 59 anos 12.739 19,9 acima de 59 anos 7.838 12,2 64.020 100,0 ANALFABETO 5.059 7,9 ENSINO FUNDAMENTAL COMPLETO 4.494 7,0 ENSINO FUNDAMENTAL INCOMPLETO 23.271 36,4 ENSINO MÉDIO COMPLETO 6.280 9,8 ENSINO MÉDIO INCOMPLETO 11.134 17,4 LÊ E ESCREVE 11.741 18,3 SUPERIOR COMPLETO 1.200 1,9 SUPERIOR INCOMPLETO 824 1,3 64.003 100 Até 1 SM 40,6 Acima de 1 a 2 SM 38,8 Acima de 2 a 3SM 17,7 Acima de 3 a 4 SM 2,6 Acima de 4 a 5 SM 0,1 Acima de 5 SM 0,1 Total 100 A margem de erro amostral: respeitando o intervalo de confiança estimada foi de 95% e significância de 5%, tendo a margem de erro amostral de 4 pontos percentuais para mais ou para menos na amostra. ";"Os pesquisadores contratados para aplicação dos formulários desta pesquisa foram treinados pela equipe técnica da DOXA com instruções adequadas para atingir a meta e o objetivo do cliente. Quanto aos supervisores de campo, possuem a meta de atingir no mínimo 20% dos questionários dos pesquisadores indo ao local indicado ou por telefone. A validação do formulário somente será confirmada com o coligimento da ponderação previsto pela legislação eleitoral e todo o material após codificação e processamento dos dados das variáveis contidas no questionário. ";"#NULO#"
"24/08/2022";"00:10:36";"2018";"5";"Eleições Gerais 2018";"PA";"PA";"PARÁ";"PA078432018";"08/10/2018";"07317438000147";"DOXA ARTE & COMUNICAO S/S LTDA";"DOXA";"Governador";"10/10/2018";"13/10/2018";"1896";"9477";"LUIZ CARLOS FEITOSA";"70000,00";"04260949000181";"GRAVASOM COMERCIAL FONOGRAFICA E PUBLICIDADE LTDA / GRAVASOM";"Recursos Próprios";"07317438000147";"DOXA ARTE & COMUNICAO S/S LTDA";"Pesquisa de opinião de cunho quantitativa. Universo da pesquisa são os eleitores do Estado do Pará. Todo o processo de delineamento amostral foi através das técnicas combinadas conhecidas da Amostragem mista da conglomerada, da casuísta, da estratificada e de ordem sistemática. Sendo realizada aplicação de questionário estruturado contendo perguntas fechadas e abertas junto aos eleitores aptos e que sejam moradores da área selecionada, resultando na composição final da amostra representativa do eleitorado em estudo. ";"Para definição do Plano Amostral, delimitou-se inicialmente a área geográfica da Pesquisa, com as subdivisões das seis (6) mesorregiões (Metropolitana de Belém, Nordeste Paraense, Sudeste Paraense, Sudoeste Paraense, Baixo Amazonas e Marajó) (IBGE) que levou em consideração as proporções e percentagens da composição final da população investigada, cuja fonte é o próprio   TSE. Determinou-se a equação adequada para estimar a grandeza da amostra para populações com características de infinitude, cuja fração de amostragem (f) foi superior a 0,95. Levou-se em consideração que o erro amostral aceitável seria de (+/-)2,25%, levando em consideração o nível do Intervalo de Confiança o estimado foi de 95%. A grandeza obtida foi de 1.896 (mil, oitocentos e noventa e seis) entrevistados. Continuamente fez a repartição da amostra por conglomerado das mesorregiões paraenses. Em cada mesorregião estabeleceu-se pela amostragem casuística pela obrigatoriedade de serem pesquisados os municípios considerados como pólos da área pesquisada, devido a sua grandeza populacional com definição dos respectivos quantitativos e que serão agregados posteriormente os demais em rateio populacional. Tendo os municípios-pólo definidos e com a correspondente grandeza da amostra parcial, iniciou-se a etapa seguinte de repartição com o restante, sendo utilizada outra técnica de amostragem para os demais municípios, que consistiu na realização de sorteio aleatório dos municípios, onde as entrevistas serão também realizadas, pelo método PPT (Probabilidade Proporcional ao Tamanho). Em cada município foi novamente sorteado os bairros ou comunidades, onde cada pesquisador foi ao encontro das unidades amostrais ¿ eleitores aptos ¿ que foram abordados em seus domicílios. Para tal usou-se a técnica combinada de amostragem sistemática ¿ com intervalo entre os domicílios de 10 ou 20 unidades ¿ e estratificada até composição final da grandeza da amostra.Dentro dos bairros ou comunidades sorteados, os respondentes amostrados foram selecionados através de quotas amostrais proporcionais em função de variáveis significativas, nas seguintes proporções, a saber: IDADE 16-24 (9,7% masculino e 10,2% feminino). 25-34 (11,8% masculino e 12,3% feminino). 3544 (10,4% masculino e 10,7% feminino). 45-59 (10,3% masculino e 10,4% feminino). mais de 59 anos (7,2% masculino e 7,0% feminino). Grau de Instrução: Até Ensino Médio (45,6% masculino e 44,8% feminino). Ensino Superior (3,8% masculino e 5,8% femino). Nível Econômico: Economicamente ativo (masculino) 74% (feminino) 49%. Não Economicamente ativo (masculino) 26% (feminino) 51%. Em alguns casos, poderá haver ajustes nas ponderações para correção das variáveis sexo e idade, levando em conta a proporcionalidade dos percentuais supracitados, em no máximo em situações cujas diferenças sejam superiores a 3% entre o previsto no plano amostral e a efetiva coleta dos dados que fora realizada. No caso das variáveis de grau de instrução e de nível econômico do entrevistado, o critério previsto para ponderação é 1% (resultados obtidos em campo). Fontes: IBGE/Censo 2010/PNADC 2016/TSE 2018.";"Para operacionalização da pesquisa, contou com uma equipe de entrevistadores e supervisores contratados pela DOXA que foram devidamente treinados para o trabalho de campo. Após os trabalhos de campo, os questionários foram submetidos a uma fiscalização de cerca de 20% (vinte por cento) dos questionários aplicados pelos entrevistadores. para verificação das respostas e da adequação dos entrevistados aos parâmetros populacionais";"A área de abrangência da coleta é (Pará). A relação das localidades selecionadas para aplicação da amostra será apresentada até o 7º dia seguinte ao registro da pesquisa, conforme expresso no art. 2º, §6º da Resolução 23.549/2017 do TSE. "
"24/08/2022";"00:10:36";"2018";"5";"Eleições Gerais 2018";"PA";"PA";"PARÁ";"PA078452018";"09/02/2018";"68802370000186";"IBOPE INTELIGENCIA PESQUISA E CONSULTORIA LTDA";"#NULO#";"Governador, Senador";"03/02/2018";"09/02/2018";"812";"6208-A";"Márcia Cavallari Nunes";"77000,00";"04976437000116";"FEDERACAO DA AGRICULTURA E PECUARIA DO PARA / ";"Recursos Próprios";"68802370000186";"IBOPE INTELIGENCIA PESQUISA E CONSULTORIA LTDA";"Pesquisa quantitativa, que consiste na realização de entrevistas pessoais, com a aplicação de questionário estruturado junto a uma amostra representativa do eleitorado em estudo.";"Representativo do eleitorado da área em estudo, elaborada em três estágios. No primeiro estágio faz-se um sorteio probabilístico dos municípios, onde as entrevistas serão realizadas, pelo método PPT (Probabilidade Proporcional ao Tamanho), tomando o eleitorado como base para tal seleção. No segundo estágio faz-se um sorteio probabilístico dos setores censitários, onde as entrevistas serão realizadas, pelo método PPT (Probabilidade Proporcional ao Tamanho), tomando a população de 16 anos ou mais residente nos setores como base para tal seleção. No terceiro e último estágio, dentro dos setores sorteados, os respondentes são selecionados através de quotas amostrais proporcionais em função de variáveis significativas, a saber: IDADE: 16-24 (masculino) 22% (feminino) 20%. 25-34 (masculino) 24% (feminino) 25%. 35-44 (masculino) 21% (feminino) 22%. 45-54 (masculino) 16% (feminino) 16%. 55 e+ (masculino) 17% (feminino) 17%. INSTRUÇÃO: Até Ensino Médio (masculino) 91% (feminino) 87%. Ensino Superior (masculino) 9% (feminino) 13%. NÍVEL ECONÔMICO: Economicamente ativo (masculino) 80% (feminino) 49%. Não Economicamente ativo (masculino) 20% (feminino) 51%. Está prevista eventual ponderação para correção das variáveis sexo e idade, com base nos percentuais anteriormente mencionados, caso ocorram diferenças superiores a 3 pontos percentuais entre o previsto na amostra e a coleta de dados realizada. Para as variáveis de grau de instrução e nível econômico do entrevistado, o fator previsto para ponderação é 1 (resultados obtidos em campo). O nível de confiança estimado é de 95% e a margem de erro máxima estimada considerando um modelo de amostragem aleatório simples, é de 3 (três) pontos percentuais para mais ou para menos sobre os resultados encontrados no total da amostra. FONTE DOS DADOS: Censo 2010 | PNAD 2015 | TSE 2016 | Entre outras.";"Para a realização da pesquisa, utiliza-se uma equipe de entrevistadores e supervisores contratados pelo IBOPE INTELIGÊNCIA PESQUISA E CONSULTORIA LTDA. devidamente treinados para o trabalho. Após os trabalhos de campo, os questionários são submetidos a uma fiscalização de cerca de 20% (vinte por cento) dos questionários aplicados pelos entrevistadores. para verificação das respostas e da adequação dos entrevistados aos parâmetros amostrais.";"A área de abrangência da coleta é o Estado do Pará. A relação das localidades selecionadas para aplicação da amostra será apresentada até o 7º dia seguinte ao registro da pesquisa, conforme expresso no art. 2º, §6º da Resolução 23.549/2017 do TSE."
"24/08/2022";"00:10:36";"2018";"5";"Eleições Gerais 2018";"PA";"PA";"PARÁ";"PA079732018";"23/09/2018";"07317438000147";"DOXA ARTE & COMUNICAO S/S LTDA";"DOXA";"Senador, Deputado Estadual, Deputado Federal, Governador";"24/09/2018";"28/09/2018";"1896";"9477";"LUIZ CARLOS FEITOSA";"70000,00";"04260949000181";"GRAVASOM COMERCIAL FONOGRAFICA E PUBLICIDADE LTDA / GRAVASOM";"Recursos Próprios";"07317438000147";"DOXA ARTE & COMUNICAO S/S LTDA";"Pesquisa de opinião de cunho quantitativa. Universo da pesquisa são os eleitores do Estado do Pará. Todo o processo de delineamento amostral foi através das técnicas combinadas conhecidas da Amostragem mista da conglomerada, da casuísta, da estratificada e de ordem sistemática. Sendo realizada aplicação de questionário estruturado contendo perguntas fechadas e abertas junto aos eleitores aptos e que sejam moradores da área selecionada, resultando na composição final da amostra representativa do eleitorado em estudo.   ";"Para definição do Plano Amostral, delimitou-se inicialmente a área geográfica da Pesquisa, com as subdivisões das seis (6) mesorregiões (Metropolitana de Belém, Nordeste Paraense, Sudeste Paraense, Sudoeste Paraense, Baixo Amazonas e Marajó) (IBGE) que levou em consideração as proporções e percentagens da composição final da população investigada, cuja fonte é o próprio TSE. Determinou-se a equação adequada para estimar a grandeza da amostra para populações com características de infinitude, cuja fração de amostragem (f) foi superior a 0,95. Levou-se em consideração que o erro amostral aceitável seria de (+/-)2,25%, levando em consideração o nível do Intervalo de Confiança o estimado foi de 95%. A grandeza obtida foi de 1.896 (mil, oitocentos e noventa e seis) entrevistados. Continuamente fez a repartição da amostra por conglomerado das mesorregiões paraenses. Em cada mesorregião estabeleceu-se pela amostragem casuística pela obrigatoriedade de serem pesquisados os municípios considerados como pólos  da área pesquisada, devido a sua grandeza populacional com definição dos respectivos quantitativos e que serão agregados posteriormente os demais em rateio populacional. Tendo os municípios-pólo definidos e com a correspondente grandeza da amostra parcial, iniciou-se a etapa seguinte de repartição com o restante, sendo utilizada outra técnica de amostragem para os demais municípios, que consistiu na realização de sorteio aleatório dos municípios, onde as entrevistas serão também realizadas, pelo método PPT (Probabilidade Proporcional ao Tamanho). Em cada município foi novamente sorteado os bairros ou comunidades, onde cada pesquisador foi ao encontro das unidades amostrais ¿ eleitores aptos ¿ que foram abordados em seus domicílios. Para tal usou-se a técnica combinada de amostragem sistemática ¿ com intervalo entre os domicílios de 10 ou 20 unidades ¿ e estratificada até composição final da grandeza da amostra.Dentro dos bairros ou comunidades sorteados, os respondentes amostrados foram selecionados através de quotas amostrais proporcionais em função de variáveis significativas, nas seguintes proporções, a saber: IDADE 16-24 (9,7% masculino e 10,2% feminino). 25-34 (11,8% masculino e 12,3% feminino). 3544 (10,4% masculino e 10,7% feminino). 45-59 (10,3% masculino e 10,4% feminino). mais de 59 anos (7,2% masculino e 7,0% feminino). Grau de Instrução: Até Ensino Médio (45,6% masculino e 44,8% feminino). Ensino Superior (3,8% masculino e 5,8% feminino). Nível Econômico: Economicamente ativo (masculino) 74% (feminino) 49%. Não Economicamente ativo (masculino) 26% (feminino) 51%. Em alguns casos, poderá haver ajustes nas ponderações para correção das variáveis sexo e idade, levando em conta a proporcionalidade dos percentuais supracitados, em no máximo em situações cujas diferenças sejam superiores a 3% entre o previsto no plano amostral e a efetiva coleta dos dados que fora realizada. No caso das variáveis de grau de instrução e de nível econômico do entrevistado, o critério previsto para ponderação é 1% (resultados obtidos em campo). Fontes: IBGE/Censo 2010/PNADC 2016/TSE 2018.   ";"Para operacionalização da pesquisa, contou com uma equipe de entrevistadores e supervisores contratados pela DOXA que foram devidamente treinados para o trabalho de campo. Após os trabalhos de campo, os questionários foram submetidos a uma fiscalização de cerca de 20% (vinte por cento) dos questionários aplicados pelos entrevistadores. para verificação das respostas e da adequação dos entrevistados aos parâmetros populacionais.   ";"A área de abrangência da coleta é (Pará). A relação das localidades selecionadas para aplicação da amostra será apresentada até o 7º dia seguinte ao registro da pesquisa, conforme expresso no art. 2º, §6º da Resolução 23.549/2017 do TSE.   "
"24/08/2022";"00:10:36";"2018";"5";"Eleições Gerais 2018";"PA";"PA";"PARÁ";"PA083332018";"21/10/2018";"68802370000186";"IBOPE INTELIGENCIA PESQUISA E CONSULTORIA LTDA";"#NULO#";"Governador";"21/10/2018";"27/10/2018";"812";"6208-A ";"Márcia Cavallari Nunes";"85769,00";"04832721000119";"TELEVISAO LIBERAL SA / TELEVISAO LIBERAL";"Recursos Próprios";"68802370000186";"IBOPE INTELIGENCIA PESQUISA E CONSULTORIA LTDA";"Pesquisa quantitativa, que consiste na realização de entrevistas pessoais, com a aplicação de questionário estruturado junto a uma amostra representativa do eleitorado em estudo. Pesquisa realizada no estado do Pará.";"Representativo do eleitorado da área em estudo, elaborada em três estágios. No primeiro estágio faz-se um sorteio probabilístico dos municípios, onde as entrevistas serão realizadas, pelo método PPT (Probabilidade Proporcional ao Tamanho), tomando o eleitorado como base para tal seleção. No segundo estágio faz-se um sorteio probabilístico dos setores censitários, onde as entrevistas serão realizadas, pelo método PPT (Probabilidade Proporcional ao Tamanho), tomando a população de 16 anos ou mais residente nos setores como base para tal seleção. No terceiro e último estágio, dentro dos setores sorteados, os respondentes são selecionados através de quotas amostrais proporcionais em função de variáveis significativas, a saber: IDADE: 16-24 (masculino) 24% (feminino) 22%. 25-34 (masculino) 25% (feminino) 25%. 35-44 (masculino) 21% (feminino) 22%. 45-54 (masculino) 15% (feminino) 15%. 55 e+ (masculino) 15% (feminino) 15%. INSTRUÇÃO: Até Ensino Médio (masculino) 89% (feminino) 85%. Ensino Superior (masculino) 11% (feminino) 15%. NÍVEL ECONÔMICO: Economicamente ativo (masculino) 74% (feminino) 49%. Não Economicamente ativo (masculino) 26% (feminino) 51%. Está prevista eventual ponderação para correção das variáveis sexo e idade, com base nos percentuais anteriormente mencionados, caso ocorram diferenças superiores a 3 pontos percentuais entre o previsto na amostra e a coleta de dados realizada. Para as variáveis de grau de instrução e nível econômico do entrevistado, o fator previsto para ponderação é 1 (resultados obtidos em campo). O nível de confiança estimado é de 95% e a margem de erro máxima estimada considerando um modelo de amostragem aleatório simples, é de 03 (três) pontos percentuais para mais ou para menos sobre os resultados encontrados no total da amostra. FONTE DOS DADOS: Censo 2010 | PNADC 2016 | TSE 2018.";"Para a realização da pesquisa, utiliza-se uma equipe de entrevistadores e supervisores contratados pelo IBOPE INTELIGÊNCIA PESQUISA E CONSULTORIA LTDA. devidamente treinados para o trabalho. Após os trabalhos de campo, os questionários são submetidos a uma fiscalização de cerca de 20% (vinte por cento) dos questionários aplicados pelos entrevistadores. para verificação das respostas e da adequação dos entrevistados aos parâmetros amostrais.";"A área de abrangência da coleta é o estado do Pará. A relação das localidades selecionadas para aplicação da amostra será apresentada até o 7º dia seguinte ao registro da pesquisa, conforme expresso no art. 2º, §6º da Resolução 23.549/2017 do TSE."
"24/08/2022";"00:10:36";"2018";"5";"Eleições Gerais 2018";"PA";"PA";"PARÁ";"PA087582018";"31/08/2018";"07317438000147";"DOXA ARTE & COMUNICAO S/S LTDA";"DOXA";"Governador, Deputado Estadual, Deputado Federal, Senador";"02/09/2018";"05/09/2018";"1896";"9477";"LUIZ CARLOS FEITOSA";"70000,00";"04260949000181";"GRAVASOM COMERCIAL FONOGRAFICA E PUBLICIDADE LTDA / GRAVASOM";"Recursos Próprios";"07317438000147";"DOXA ARTE & COMUNICAO S/S LTDA";"Pesquisa de opinião de cunho quantitativa. Universo da pesquisa são os eleitores do Estado do Pará. Todo o processo de delineamento amostral foi através das técnicas combinadas conhecidas da Amostragem mista da conglomerada, da casuísta, da estratificada e de ordem sistemática. Sendo realizada aplicação de questionário estruturado contendo perguntas fechadas e abertas junto aos eleitores aptos e que sejam moradores da área selecionada, resultando na composição final da amostra representativa do eleitorado em estudo.   ";"Para definição do Plano Amostral, delimitou-se inicialmente a área geográfica da Pesquisa, com as subdivisões das seis (6) mesorregiões (Metropolitana de Belém, Nordeste Paraense, Sudeste Paraense, Sudoeste Paraense, Baixo Amazonas e Marajó) (IBGE) que levou em consideração as proporções e percentagens da composição final da população investigada, cuja fonte é o próprio TSE. Determinou-se a equação adequada para estimar a grandeza da amostra para populações com características de infinitude, cuja fração de amostragem (f) foi superior a 0,95. Levou-se em consideração que o erro amostral aceitável seria de (+/-)2,25%, levando em consideração o nível do Intervalo de Confiança o estimado foi de 95%. A grandeza obtida foi de 1.896 (mil, oitocentos e noventa e seis) entrevistados. Continuamente fez a repartição da amostra por conglomerado das mesorregiões paraenses. Em cada mesorregião estabeleceu-se pela amostragem casuística pela obrigatoriedade de serem pesquisados os municípios considerados como pólos  da área pesquisada, devido a sua grandeza populacional com definição dos respectivos quantitativos e que serão agregados posteriormente os demais em rateio populacional. Tendo os municípios-pólo definidos e com a correspondente grandeza da amostra parcial, iniciou-se a etapa seguinte de repartição com o restante, sendo utilizada outra técnica de amostragem para os demais municípios, que consistiu na realização de sorteio aleatório dos municípios, onde as entrevistas serão também realizadas, pelo método PPT (Probabilidade Proporcional ao Tamanho). Em cada município foi novamente sorteado os bairros ou comunidades, onde cada pesquisador foi ao encontro das unidades amostrais ¿ eleitores aptos ¿ que foram abordados em seus domicílios. Para tal usou-se a técnica combinada de amostragem sistemática ¿ com intervalo entre os domicílios de 10 ou 20 unidades ¿ e estratificada até composição final da grandeza da amostra.Dentro dos bairros ou comunidades sorteados, os respondentes amostrados foram selecionados através de quotas amostrais proporcionais em função de variáveis significativas, nas seguintes proporções, a saber: IDADE 16-24 (9,7% masculino e 10,2% feminino). 25-34 (11,8% masculino e 12,3% feminino). 3544 (10,4% masculino e 10,7% feminino). 45-59 (10,3% masculino e 10,4% feminino). mais de 59 anos (7,2% masculino e 7,0% feminino). Grau de Instrução: Até Ensino Médio (45,6% masculino e 44,8% feminino). Ensino Superior (3,8% masculino e 5,8% feminino). Nível Econômico: Economicamente ativo (masculino) 74% (feminino) 49%. Não Economicamente ativo (masculino) 26% (feminino) 51%. Em alguns casos, poderá haver ajustes nas ponderações para correção das variáveis sexo e idade, levando em conta a proporcionalidade dos percentuais supracitados, em no máximo em situações cujas diferenças sejam superiores a 3% entre o previsto no plano amostral e a efetiva coleta dos dados que fora realizada. No caso das variáveis de grau de instrução e de nível econômico do entrevistado, o critério previsto para ponderação é 1% (resultados obtidos em campo). Fontes: IBGE/Censo 2010/PNADC 2016/TSE 2018.   ";"Para operacionalização da pesquisa, contou com uma equipe de entrevistadores e supervisores contratados pela DOXA que foram devidamente treinados para o trabalho de campo. Após os trabalhos de campo, os questionários foram submetidos a uma fiscalização de cerca de 20% (vinte por cento) dos questionários aplicados pelos entrevistadores. para verificação das respostas e da adequação dos entrevistados aos parâmetros populacionais.   ";"A área de abrangência da coleta é (Pará). A relação das localidades selecionadas para aplicação da amostra será apresentada até o 7º dia seguinte ao registro da pesquisa, conforme expresso no art. 2º, §6º da Resolução 23.549/2017 do TSE.   "
"24/08/2022";"00:10:36";"2018";"5";"Eleições Gerais 2018";"PA";"PA";"PARÁ";"PA087972018";"14/08/2018";"68802370000186";"IBOPE INTELIGENCIA PESQUISA E CONSULTORIA LTDA";"#NULO#";"Governador, Senador";"14/08/2018";"20/08/2018";"812";"6208-A";"Márcia Cavallari Nunes";"80769,00";"04832721000119";"TELEVISAO LIBERAL SA / TELEVISAO LIBERAL";"Recursos Próprios";"68802370000186";"IBOPE INTELIGENCIA PESQUISA E CONSULTORIA LTDA";"Pesquisa quantitativa, que consiste na realização de entrevistas pessoais, com a aplicação de questionário estruturado junto a uma amostra representativa do eleitorado em estudo. Pesquisa realizada no Estado do Pará.";"Representativo do eleitorado da área em estudo, elaborada em três estágios. No primeiro estágio faz-se um sorteio probabilístico dos municípios, onde as entrevistas serão realizadas, pelo método PPT (Probabilidade Proporcional ao Tamanho), tomando o eleitorado como base para tal seleção. No segundo estágio faz-se um sorteio probabilístico dos setores censitários, onde as entrevistas serão realizadas, pelo método PPT (Probabilidade Proporcional ao Tamanho), tomando a população de 16 anos ou mais residente nos setores como base para tal seleção. No terceiro e último estágio, dentro dos setores sorteados, os respondentes são selecionados através de quotas amostrais proporcionais em função de variáveis significativas, a saber: IDADE: 16-24 (masculino) 24% (feminino) 22%. 25-34 (masculino) 25% (feminino) 25%. 35-44 (masculino) 21% (feminino) 22%. 45-54 (masculino) 15% (feminino) 15%. 55 e+ (masculino) 15% (feminino) 15%. INSTRUÇÃO: Até Ensino Médio (masculino) 89% (feminino) 85%. Ensino Superior (masculino) 11% (feminino) 15%. NÍVEL ECONÔMICO: Economicamente ativo (masculino) 74% (feminino) 49%. Não Economicamente ativo (masculino) 26% (feminino) 51%. Está prevista eventual ponderação para correção das variáveis sexo e idade, com base nos percentuais anteriormente mencionados, caso ocorram diferenças superiores a 3 pontos percentuais entre o previsto na amostra e a coleta de dados realizada. Para as variáveis de grau de instrução e nível econômico do entrevistado, o fator previsto para ponderação é 1 (resultados obtidos em campo). O nível de confiança estimado é de 95% e a margem de erro máxima estimada considerando um modelo de amostragem aleatório simples, é de 03 (três) pontos percentuais para mais ou para menos sobre os resultados encontrados no total da amostra. FONTE DOS DADOS: Censo 2010 | PNADC 2016 | TSE 2018.";"Para a realização da pesquisa, utiliza-se uma equipe de entrevistadores e supervisores contratados pelo IBOPE INTELIGÊNCIA PESQUISA E CONSULTORIA LTDA. devidamente treinados para o trabalho. Após os trabalhos de campo, os questionários são submetidos a uma fiscalização de cerca de 20% (vinte por cento) dos questionários aplicados pelos entrevistadores. para verificação das respostas e da adequação dos entrevistados aos parâmetros amostrais.";"A área de abrangência da coleta é (Pará). A relação das localidades selecionadas para aplicação da amostra será apresentada até o 7º dia seguinte ao registro da pesquisa, conforme expresso no art. 2º, §6º da Resolução 23.549/2017 do TSE."
"24/08/2022";"00:10:36";"2018";"5";"Eleições Gerais 2018";"PA";"PA";"PARÁ";"PA088462018";"02/10/2018";"25362320000112";"FRANCISCO AIRES DE SOUZA PENIN JUNIOR 68947437204";"INTELIDATA";"Governador, Senador";"01/10/2018";"02/10/2018";"900";"10333";"Jefferson Pinto Barbosa Junior";"9000,00";"25362320000112";"FRANCISCO AIRES DE SOUZA PENIN JUNIOR 68947437204";"#NULO#";"25362320000112";"FRANCISCO AIRES DE SOUZA PENIN JUNIOR 68947437204";"A pesquisa terá uma amostra de 900 sendo na sede do município de Belém, entrevistas do tipo  Suvey (plano de amostra com aplicação de questionários padronizados) extraída de forma aleatória nas  áreas de moradia do município (bairros), no período entre 01/10/2018 a 02/10/2018, baseada em amostra  representativa da população de Belém.";"Público Pesquisado: Eleitores do município, com 16 ou mais anos. Tipo da Amostra: Amostra Probabilística  Casual Simples. A coleta da amostra do eleitorado será realizada em duas etapas: a primeira consiste na  aleatorização da amostra segundo critério de sorteios múltiplos aleatórios em quatro estágios: 1)  Bairro/Localização, 2) Rua, 3) Domicílio e 4) Ponto Amostral (entrevistado). tomando como base à  cobertura populacional demográfica do IBGE. Na segunda etapa será realizado um controle das variáveis:  Sexo e Faixa Etária, ponderado de acordo com os dados obtidos, os dados relativos à Sexo e Faixa Etária  são: sexo masculino 51,18%, feminino 48,62%, idades de 16 a 24 anos 16,06%, de 25 a 34 anos 22,06%, de  35 a 44 anos 21,41%, de 45 a 59 anos 19,27% e de 55 anos ou mais 0,0%.A margem de erro estimada é de  3,5 pontos percentuais para mais ou para menos, sobre o resultado encontrado do total da amostra, tendo  como intervalo de confiança estimado em 95%.";"Os dados foram coletados por uma equipe da Intelidata pesquisas inteligentes, contendo 8 pesquisadores e 1  coordenador, treinados e preparados para esse tipo de público e trabalho. Internamente, o material é  verificado, codificado, digitado e, antes do processamento final, realiza-se a conferência da digitação a fim  de se manter a consistência dos dados. Após os dados coletados e preparados, serão checados de forma  aleatória, 10% dos entrevistados.";"#NULO#"
"24/08/2022";"00:10:36";"2018";"5";"Eleições Gerais 2018";"PA";"PA";"PARÁ";"PA090422018";"15/10/2018";"07317438000147";"DOXA ARTE & COMUNICAO S/S LTDA";"DOXA";"Governador";"17/10/2018";"20/10/2018";"1896";"9477";"LUIZ CARLOS FEITOSA";"70000,00";"04260949000181";"GRAVASOM COMERCIAL FONOGRAFICA E PUBLICIDADE LTDA / GRAVASOM";"Recursos Próprios";"07317438000147";"DOXA ARTE & COMUNICAO S/S LTDA";"Pesquisa de opinião de cunho quantitativa. Universo da pesquisa são os eleitores do Estado do Pará. Todo o processo de delineamento amostral foi através das técnicas combinadas conhecidas da Amostragem mista da conglomerada, da casuísta, da estratificada e de ordem sistemática. Sendo realizada aplicação de questionário estruturado contendo perguntas fechadas e abertas junto aos eleitores aptos e que sejam moradores da área selecionada, resultando na composição final da amostra representativa do eleitorado em estudo.   ";"Para definição do Plano Amostral, delimitou-se inicialmente a área geográfica da Pesquisa, com as subdivisões das seis (6) mesorregiões (Metropolitana de Belém, Nordeste Paraense, Sudeste Paraense, Sudoeste Paraense, Baixo Amazonas e Marajó) (IBGE) que levou em consideração as proporções e percentagens da composição final da população investigada, cuja fonte é o próprio TSE. Determinou-se a equação adequada para estimar a grandeza da amostra para populações com características de infinitude, cuja fração de amostragem (f) foi superior a 0,95. Levou-se em consideração que o erro amostral aceitável seria de (+/-)2,25%, levando em consideração o nível do Intervalo de Confiança o estimado foi de 95%. A grandeza obtida foi de 1.896 (mil, oitocentos e noventa e seis) entrevistados. Continuamente fez a repartição da amostra por conglomerado das mesorregiões paraenses. Em cada mesorregião estabeleceu-se pela amostragem casuística pela obrigatoriedade de serem pesquisados os municípios considerados como pólos  da área pesquisada, devido a sua grandeza populacional com definição dos respectivos quantitativos e que serão agregados posteriormente os demais em rateio populacional. Tendo os municípios-pólo definidos e com a correspondente grandeza da amostra parcial, iniciou-se a etapa seguinte de repartição com o restante, sendo utilizada outra técnica de amostragem para os demais municípios, que consistiu na realização de sorteio aleatório dos municípios, onde as entrevistas serão também realizadas, pelo método PPT (Probabilidade Proporcional ao Tamanho). Em cada município foi novamente sorteado os bairros ou comunidades, onde cada pesquisador foi ao encontro das unidades amostrais ¿ eleitores aptos ¿ que foram abordados em seus domicílios. Para tal usou-se a técnica combinada de amostragem sistemática ¿ com intervalo entre os domicílios de 10 ou 20 unidades ¿ e estratificada até composição final da grandeza da amostra.Dentro dos bairros ou comunidades sorteados, os respondentes amostrados foram selecionados através de quotas amostrais proporcionais em função de variáveis significativas, nas seguintes proporções, a saber: IDADE 16-24 (9,7% masculino e 10,2% feminino). 25-34 (11,8% masculino e 12,3% feminino). 3544 (10,4% masculino e 10,7% feminino). 45-59 (10,3% masculino e 10,4% feminino). mais de 59 anos (7,2% masculino e 7,0% feminino). Grau de Instrução: Até Ensino Médio (45,6% masculino e 44,8% feminino). Ensino Superior (3,8% masculino e 5,8% femino). Nível Econômico: Economicamente ativo (masculino) 74% (feminino) 49%. Não Economicamente ativo (masculino) 26% (feminino) 51%. Em alguns casos, poderá haver ajustes nas ponderações para correção das variáveis sexo e idade, levando em conta a proporcionalidade dos percentuais supracitados, em no máximo em situações cujas diferenças sejam superiores a 3% entre o previsto no plano amostral e a efetiva coleta dos dados que fora realizada. No caso das variáveis de grau de instrução e de nível econômico do entrevistado, o critério previsto para ponderação é 1% (resultados obtidos em campo). Fontes: IBGE/Censo 2010/PNADC 2016/TSE 2018.   ";"Para operacionalização da pesquisa, contou com uma equipe de entrevistadores e supervisores contratados pela DOXA que foram devidamente treinados para o trabalho de campo. Após os trabalhos de campo, os questionários foram submetidos a uma fiscalização de cerca de 20% (vinte por cento) dos questionários aplicados pelos entrevistadores. para verificação das respostas e da adequação dos entrevistados aos parâmetros populacionais.   ";"A área de abrangência da coleta é (Pará). A relação das localidades selecionadas para aplicação da amostra será apresentada até o 7º dia seguinte ao registro da pesquisa, conforme expresso no art. 2º, §6º da Resolução 23.549/2017 do TSE.   "
"24/08/2022";"00:10:36";"2018";"5";"Eleições Gerais 2018";"PA";"PA";"PARÁ";"PA091262018";"12/10/2018";"68802370000186";"IBOPE INTELIGENCIA PESQUISA E CONSULTORIA LTDA";"#NULO#";"Governador";"12/10/2018";"18/10/2018";"812";"6208-A";"Márcia Cavallari Nunes";"85769,00";"04832721000119";"TELEVISAO LIBERAL SA / TELEVISAO LIBERAL";"Recursos Próprios";"68802370000186";"IBOPE INTELIGENCIA PESQUISA E CONSULTORIA LTDA";"Pesquisa quantitativa, que consiste na realização de entrevistas pessoais, com a aplicação de questionário estruturado junto a uma amostra representativa do eleitorado em estudo. Pesquisa realizada no estado do Pará.";"Representativo do eleitorado da área em estudo, elaborada em três estágios. No primeiro estágio faz-se um sorteio probabilístico dos municípios, onde as entrevistas serão realizadas, pelo método PPT (Probabilidade Proporcional ao Tamanho), tomando o eleitorado como base para tal seleção. No segundo estágio faz-se um sorteio probabilístico dos setores censitários, onde as entrevistas serão realizadas, pelo método PPT (Probabilidade Proporcional ao Tamanho), tomando a população de 16 anos ou mais residente nos setores como base para tal seleção. No terceiro e último estágio, dentro dos setores sorteados, os respondentes são selecionados através de quotas amostrais proporcionais em função de variáveis significativas, a saber: IDADE: 16-24 (masculino) 24% (feminino) 22%. 25-34 (masculino) 25% (feminino) 25%. 35-44 (masculino) 21% (feminino) 22%. 45-54 (masculino) 15% (feminino) 15%. 55 e+ (masculino) 15% (feminino) 15%. INSTRUÇÃO: Até Ensino Médio (masculino) 89% (feminino) 85%. Ensino Superior (masculino) 11% (feminino) 15%. NÍVEL ECONÔMICO: Economicamente ativo (masculino) 74% (feminino) 49%. Não Economicamente ativo (masculino) 26% (feminino) 51%. Está prevista eventual ponderação para correção das variáveis sexo e idade, com base nos percentuais anteriormente mencionados, caso ocorram diferenças superiores a 3 pontos percentuais entre o previsto na amostra e a coleta de dados realizada. Para as variáveis de grau de instrução e nível econômico do entrevistado, o fator previsto para ponderação é 1 (resultados obtidos em campo). O nível de confiança estimado é de 95% e a margem de erro máxima estimada considerando um modelo de amostragem aleatório simples, é de 03 (três) pontos percentuais para mais ou para menos sobre os resultados encontrados no total da amostra. FONTE DOS DADOS: Censo 2010 | PNADC 2016 | TSE 2018.";"Para a realização da pesquisa, utiliza-se uma equipe de entrevistadores e supervisores contratados pelo IBOPE INTELIGÊNCIA PESQUISA E CONSULTORIA LTDA. devidamente treinados para o trabalho. Após os trabalhos de campo, os questionários são submetidos a uma fiscalização de cerca de 20% (vinte por cento) dos questionários aplicados pelos entrevistadores. para verificação das respostas e da adequação dos entrevistados aos parâmetros amostrais.";"A área de abrangência da coleta é o estado do Pará. A relação das localidades selecionadas para aplicação da amostra será apresentada até o 7º dia seguinte ao registro da pesquisa, conforme expresso no art. 2º, §6º da Resolução 23.549/2017 do TSE."
"24/08/2022";"00:10:36";"2018";"5";"Eleições Gerais 2018";"PA";"PA";"PARÁ";"PA095282018";"01/10/2018";"25362320000112";"FRANCISCO AIRES DE SOUZA PENIN JUNIOR 68947437204";"INTELIDATA";"Deputado Estadual, Senador, Deputado Federal, Governador";"01/10/2018";"03/10/2018";"520";"10333";"Jefferson Pinto Barbosa Junior";"8000,00";"25362320000112";"FRANCISCO AIRES DE SOUZA PENIN JUNIOR 68947437204";"#NULO#";"25362320000112";"FRANCISCO AIRES DE SOUZA PENIN JUNIOR 68947437204";"A pesquisa terá uma amostra de 520 sendo que na sede do município de Redenção, entrevistas do tipo Suvey (plano de amostra com aplicação de questionários padronizados) extraída de forma aleatória nas áreas de moradia do município (bairros), no período entre 01/10/2018 a 03/10/2018, baseada em amostra representativa da população de Redenção.";"Público Pesquisado: Eleitores do município, com 16 ou mais anos. Tipo da Amostra: Amostra Probabilística Casual Simples. A coleta da amostra do eleitorado será realizada em duas etapas: a primeira consiste na aleatorização da amostra segundo critério de sorteios múltiplos aleatórios em quatro estágios: 1) Bairro/Localização, 2) Rua, 3) Domicílio e 4) Ponto Amostral (entrevistado). tomando como base à cobertura populacional demográfica do IBGE. Na segunda etapa será realizado um controle das variáveis: Sexo e Faixa Etária, ponderado de acordo com os dados obtidos, os dados relativos à Sexo e Faixa Etária são: sexo masculino 51,18%, feminino 48,62%, idades de 16 a 24 anos 16,06%, de 25 a 34 anos 22,06%, de 35 a 44 anos 21,41%, de 45 a 59 anos 19,27% e de 55 anos ou mais 0,0%.A margem de erro estimada é de 3,5 pontos percentuais para mais ou para menos, sobre o resultado encontrado do total da amostra, tendo como intervalo de confiança estimado em 95%.";"Os dados foram coletados por uma equipe da Intelidata pesquisas inteligentes, contendo 5 pesquisadores e 1 coordenador, treinados e preparados para esse tipo de público e trabalho. Internamente, o material é verificado, codificado, digitado e, antes do processamento final, realiza-se a conferência da digitação a fim de se manter a consistência dos dados. Após os dados coletados e preparados, serão checados de forma aleatória, 10% dos entrevistados.";"CENTRO  PLANALTO  CAMPOS ALTOS  CAPUAVA  NOVO HORIZONTE  SANTOS DRUMONT  CENTRAL PARKE  CASAS POPULARES  JARDIM AMERICA  MARECHAL RONDON  INDEPENDENCIA  BELLA VISTA  SERRINHA  ALTO PARANA  ARIPUANÃ  MORADA DA PAZ  SÃO JOSÉ  "
